tree
version=v4
num_class=1
num_tree_per_iteration=1
label_index=0
max_feature_idx=318
objective=binary sigmoid:1
feature_names=总分_T-4 总分_T-3 总分_T-2 总分_T-1 总分_T 评级_T-4 评级_T-3 评级_T-2 评级_T-1 评级_T 盈利能力_T-4 盈利能力_T-3 盈利能力_T-2 盈利能力_T-1 盈利能力_T 成长能力_T-4 成长能力_T-3 成长能力_T-2 成长能力_T-1 成长能力_T 总分_斜率 总分_趋势 盈利能力_斜率 盈利能力_趋势 成长能力_斜率 成长能力_趋势 综合趋势 市场指数_通过 行业PE_通过 个股PE_通过 DCF估值_通过 修正PE估值_通过 参数构造_通过 蒙特卡洛_通过 反向推算_通过 子场景通过数 定增建议参与 有效阈值数_excel 溢价率下限_excel 溢价率上限_excel 报价日价格_excel 报价日_excel 波动率_20d 年化收益_20d 区间收益_20d 胜率_20d 波动率_60d 年化收益_60d 区间收益_60d 胜率_60d 波动率_120d 年化收益_120d 区间收益_120d 胜率_120d 波动率_250d 年化收益_250d 区间收益_250d 胜率_250d MA20 MA30 MA60 MA120 MA250 当前价 均价_all 中位价 价格标准差 漂移率 波动率 数据天数 报价日_md 邀请日 最新交易日 行情_时间匹配 个股PE 个股PB 个股PS 行业PE 行业PB 行业PS 报价日 报价日价格 报价日MA20 锁定价当前价 融资金额 锁定期 溢价率 无风险利率 净资产负债表 净债务 净利润 营收增长率 营业利润率 Beta 溢价率下限 溢价率上限 有效阈值数 step1通过 step2通过 step3通过 行业级别 行业波动率_20d 行业年化收益_20d 行业区间收益_20d 行业胜率_20d 行业波动率_60d 行业年化收益_60d 行业区间收益_60d 行业胜率_60d 行业波动率_120d 行业年化收益_120d 行业区间收益_120d 行业胜率_120d 行业波动率_250d 行业年化收益_250d 行业区间收益_250d 行业胜率_250d 行业MA20 行业MA60 行业MA120 行业MA250 行业漂移率 行业波动率_总 行业总天数 sw_l1_code sw_l1_name sw_l2_code sw_l2_name sw_l3_code sw_l3_name 同行公司数 同行PE_均值 同行PE_中位 同行PE_标准差 同行PB_均值 同行PB_中位 同行PS_均值 同行PS_中位 同行市值_均值 同行市值_中位 营收_T 营业利润_T 净利润_fcf_T NOPAT_T 折旧_T 资本支出_T 营运资金变动_T FCF_T FCF年份_T 营收_T1 营业利润_T1 净利润_fcf_T1 NOPAT_T1 折旧_T1 资本支出_T1 营运资金变动_T1 FCF_T1 FCF年份_T1 营收_T2 营业利润_T2 净利润_fcf_T2 NOPAT_T2 折旧_T2 资本支出_T2 营运资金变动_T2 FCF_T2 FCF年份_T2 营收_T3 营业利润_T3 净利润_fcf_T3 NOPAT_T3 折旧_T3 资本支出_T3 营运资金变动_T3 FCF_T3 FCF年份_T3 营收_T4 营业利润_T4 净利润_fcf_T4 NOPAT_T4 折旧_T4 资本支出_T4 营运资金变动_T4 FCF_T4 FCF年份_T4 FCF_3年斜率 营收_3年斜率 NOPAT_3年斜率 财报年份 流动比率 速动比率 存货周转率 应收账款周转率 流动资产周转率 总资产周转率 ROA 总资产净利率 ROE ROE摊薄 现金流动负债比 现金利息负债比 净利率 毛利率 资产负债率 利息资本化率 产权比率 已获利息倍数 研发费用率 营收增长 利润增长 净利增长 扣非净利增长 ROE增长 总营收增长 营收增长2 净资产增长 report_year 总资产 流动资产 非流动资产 总负债 流动负债 非流动负债 股东权益 货币资金 存货 应收账款 商誉 无形资产 固定资产 总股本 短期借款 长期借款 应付债券 资产负债比 流动比率_bs 商誉占总资产比 无形资产占比 营业总收入 营业收入 营业利润 利润总额 归母净利润 sell_exp admin_exp fin_exp rd_exp 基本EPS EBIT EBITDA 营业利润率_is 净利润率_is 销售费用率 管理费用率 研发费用率_is 经营现金流 投资现金流 经营活动现金流小计 投资活动现金流 筹资活动现金流 net_profit 营收_YoY 营收_CAGR2 营收_加速 NOPAT_YoY NOPAT_CAGR2 NOPAT_加速 FCF_YoY FCF_CAGR2 FCF_加速 营业利润_YoY 营业利润_CAGR2 营业利润_加速 净利润_fcf_YoY 净利润_fcf_CAGR2 净利润_fcf_加速 资本支出_YoY 资本支出_CAGR2 资本支出_加速 FCF_margin FCF_conversion capex_to_dep capex_intensity NOPAT_margin 总分_delta_1y 总分_delta_2y 总分_delta_4y 盈利能力_delta_1y 盈利能力_delta_2y 盈利能力_delta_4y 成长能力_delta_1y 成长能力_delta_2y 成长能力_delta_4y PE_vs_行业 PB_vs_行业 PE_vs_同行均值 PE_vs_同行中位 PB_vs_同行均值 PB_vs_同行中位 PS_vs_同行均值 vol_ratio_20_60 vol_ratio_60_250 return_acceleration price_vs_MA20 price_vs_MA60 price_vs_MA120 price_vs_MA250 行业PE_60d增长 行业PB_60d增长 行业PE_120d增长 行业PB_120d增长 行业PE_250d增长 行业PB_250d增长 市场波动率_120d 市场年化收益_120d 市场胜率_120d 市场_above_MA250 市场距离MA250 市场波动率比值
feature_infos=[52.25:86.579999999999998] [53:86.280000000000001] [52.5:85.579999999999998] [53:88.5] [52.880000000000003:87.379999999999995] none none none none none [15:27] [15:27] [15:27] [15:27] [15:27] [12.5:22.5] [12.5:22.5] [12.5:22.25] [12.5:22.5] [12.5:22.5] [-6.8899999999999997:5.7800000000000002] none [-3.1400000000000001:3.4199999999999999] none [-2.29:1.98] none none [0:1] [0:1] [0:1] [0:1] [0:1] [0:1] [0:1] [0:1] [0:8] [0:1] [1:3] none [-0.20000000000000001:0] [1.71:712] [20200103:20260602] [0.10979999999999999:2.5908000000000002] [-4.2196999999999996:4953.141318846906] [-0.34108761329305137:0.97513812154696144] [0.20000000000000001:0.90000000000000002] [0.1406:1.575] [-2.0413000000000001:15.088498507053909] [-0.4899:1.2024999999999999] [0.31669999999999998:0.67796610169491522] [0.15859999999999999:1.2012] [-1.4400999999999999:6.6543249632550365] [-0.69130000000000003:2.1351] [0.29170000000000001:0.60504201680672265] [0.1525:1.0705] [-0.75570000000000004:11.0679] [-0.75570000000000004:11.0679] [0:0.59599999999999997] [1.8500000000000001:687.5] [1.8100000000000001:695.48000000000002] [1.78:667.38] [1.76:650.98383333333334] [1.8:570.80999999999995] [1.71:712] [1.8500000000000001:515.64999999999998] [1.8:512.89999999999998] [0.12:132.25999999999999] [-2.0413000000000001:5.0105000000000004] [0.1406:1.575] [166:500] [20200103:20260602] [20191231:20260530] [20200103:20260602] [-1:1] [-5697.5200000000004:6752.1841999999997] [0.33069999999999999:118.783] [0.039800000000000002:329.20710000000003] [4.1900000000000004:2079.0300000000002] [0.41999999999999998:25.09] none [20200103:20260602] [1.71:712] [1.8500000000000001:687.5] [1.71:712] none none none none none none [-28116000000:73849000000] none none none none [-20:0] [1:3] [0:1] [0:1] [0:1] [161.81:139165.16] [0.080299999999999996:0.92869999999999997] [-3.2052:9.1241000000000003] [-0.25640000000000002:0.72989999999999999] [0.10000000000000001:0.80000000000000004] [0.094100000000000003:0.76019999999999999] [-1.4590000000000001:4.2027000000000001] [-0.35010000000000002:1.0086999999999999] [0.31669999999999998:0.7167] [0.0974:0.66820000000000002] [-0.80169999999999997:2.6808000000000001] [-0.38479999999999998:1.2867999999999999] [0.31669999999999998:0.625] [0.11550000000000001:0.66259999999999997] [-0.51549999999999996:4.4028] [-0.51549999999999996:4.4028] [0.35599999999999998:0.61199999999999999] [159.78:133913.85000000001] [160.69:133169.76999999999] [156.38999999999999:129637.69] [159.78999999999999:100391.05] [-1.4590000000000001:4.2027000000000001] [0.094100000000000003:0.76019999999999999] [306:679] none none none none none none [1:30] [4.1795599999999995:2924.1673000000001] [4.2051999999999996:2924.1673000000001] [0:167.66295472620476] [0.48230000000000006:709.11890000000005] [0.47239999999999999:709.11890000000005] [0.23304285714285713:1300.3074703703703] [0.058200000000000002:32.868699999999997] [15.378376556666666:10547.666900325999] [16.9008:10254.502892479999] [0.31118218350000004:4483.2549062437001] [-218.51458:883.62] [-166.42310000000001:761.70000000000005] [-218.51458:883.62] [0.00087798968000000013:205.7192] [0.00060701750000000001:455.18304000000001] none [-381.13902751559999:957.03999999999996] [2019:2025] [0:4060.3184799999999] [-184.99903:913.66999999999996] [-144.09429:641.99000000000001] [-184.99903:913.66999999999996] [3.2636999999999999e-05:205.54640000000001] [0:711.99734337759992] none [-385.78217000000001:1542.01] [2018:2024] [0.026383170000000001:3663.9330100000002] [-42.5531045468:981.38] [-39.248952115500003:696.25999999999999] [-42.5531045468:981.38] [8.081047999999999e-06:198.70480000000001] [0:783.53940971220004] none [-585.19622907910002:842.84000000000003] [2017:2023] [0.029456719999999999:3352.1599999999999] [-85.493939999999995:782.41999999999996] [-49.653460000000003:523.11000000000001] [-85.493939999999995:782.41999999999996] [1.0683200000000001e-06:190.42080000000001] [9.7799200000000004e-05:581.19829362559994] none [-1027.78:1781.77] [2016:2022] [0.059927300000000003:2699.2166720331002] [-18.508875164199999:634.89999999999998] [-16.726886349899999:476.82999999999998] [-18.508875164199999:634.89999999999998] [8.8831440000000007e-05:199.76124410254397] [1.804e-05:731.38582189140004] none [-4082.02:628.76999999999998] [2015:2021] [-412.24028663694992:135.82104726164999] [-503.06394775159998:308.24510000000026] [-95.084999999999908:155.14894500000003] none [0:22.493477707102283] [0:19.366269406896329] [0:5745.8387062731417] [0:41421.304226773675] [0:6.3713791259213473] [0.0072556734388274985:3.5069868383545062] [-80.135480148817123:55.29856625835555] [-82.932873227559114:49.973877650634961] [-975.62448234876695:2325.0207135455548] [-975.62448234876695:2325.0207135455548] [0:1866.2827877809275] [0:480710.32565284497] [-2083.7965347340778:178.79425550989546] [-140.54990256367356:95.727454983640897] [4.1580638811641002:121.52154902514354] [0:238.75296491124192] [-24.680404969594452:138.45436213210277] [-7426.2486220065193:182715.67402954644] [0:8.6184999999999992] [-38156.287906784579:7688.5124883315657] [-38319.843873257007:39988.328341188084] [-25996.024672961608:3793.7493332751542] [-25996.024672961608:3793.7493332751542] [-4923.4487608670906:4459.0622129664926] [-86.994340183235224:7774.1002563265629] [-89.031200345385017:7774.1002563265629] [-367.92324402145817:624636.50373965641] none none none none none none none none none none none none none none none none none none none none none none none none none none none none none none none none none none none none none none none none none none none none none [-0.78875002017069107:408.52808802813507] [-0.81251889440674285:23.841659053659008] [-428.60111103776654:409.40370377863059] [-224.91252583660025:535.3238758578575] [-0.94926988945123936:18.77565703686891] [-223.90254367766238:536.09105925602933] [-218.22885594267876:6801.815302554458] [-0.91736347466431289:13.960463791366763] [-926.67920043263291:6802.8126340889803] [-224.91252583660025:535.3238758578575] [-0.94926988945123936:18.77565703686891] [-223.90254367766238:536.09105925602933] [-66.530825663418327:253.29013288067517] [-0.87026802071592435:11.209098329388533] [-131.83559460365606:254.06804007945726] [-0.99474440222308358:1414.5466204455097] [-0.80390211370451803:474.31337014830444] [-123778.58890892175:1415.4757142731469] [-10.871419568962798:2.6582966117430842] [-666.60014374148591:416.57496158843674] [0.0043898472312842067:1171.6408341386843] [0.00016650564710816957:3.4349757038257804] [-12.133075162254579:1.3891045069482229] [-27:17.499999999999993] [-25.830000000000005:22.850000000000009] [-27.980000000000004:21.920000000000002] [-12:12] [-12:11.550000000000001] [-12:11.550000000000001] [-9:9] [-8.75:9] [-9.120000000000001:8.379999999999999] [-207.55992714025504:245.98120947176685] [0.11996194824961948:41.101384083044984] [-66.830504569541517:89.407791498149493] [-118.10461160872531:143.10341122351986] [0.0062564966185501471:50.739956813604365] [0.0062564966185501471:57.481671465556886] [0.0030515090395272526:96.97160528183656] [0.23404764003850975:1.6767167258970537] [0.34684827367754201:1.8339417065825907] [-4.0342000000000002:13.958286402836777] [0.74201340455210441:1.5733137829912023] [0.65724703737465817:1.675061804697157] [0.57564814315744084:1.8038563454924732] [0.44384579656293544:2.1342805683410044] [-0.59367313473626671:1.3407928388746804] [-0.47484493452791177:1.1521381578947372] [-0.62759390596270026:1.9667747163695299] [-0.7381465517241379:1.120675105485232] [-0.78960760680326769:5.4502969678024389] [-0.67403017241379315:2.5970873786407767] [0.11652689607196304:0.49418375383761609] [-0.84037644463935102:1.0346442393394357] [0.36666666666666664:0.6166666666666667] [0:1] [-0.29634773883876053:0.49110781547974391] [0.33987433355820068:1.7028113305691333]
tree_sizes=1490 1508 1486 1500 1508 1514 1506 1515 1497 1509 1513 1507 1620 1610 1613 1511 1613 1506 1494 1581 1485 1712 1723 1509 1605 2780 1506 1515 2772 1519 2355 1519 1625 1926 1624 1519 1946 1519 2685 1174 1523 1631 2688 1638 3110 2041 1725 1409 1276 1949 1517 1934 1318 1614 1923 1630 1520 2164 1179 1310 2159 1177 2261 1736 2034 1526 2137 1519 1524 1743 2263 1519 1184 1208 2580 1619 1315 1836 1626 1309 1826 1846 2580 1628 1518 2363 2586 1212 1955 2355 1291 1620 1602 1520 2165 1201 1633 1522 2269 1521 1296 1309 1108 1181 1954 1077 1528 1729 1845 2373 1107 1307 2152 1518 1723 1739 2045 2038 2067 1309 1007 1736 1521 2385 1314 1741 2362 1314 2469 1528 1641 1623 2371 2462 2488 2562 2381 1209 1625 2047 1302 1629 1742 1293 1007 1951 2473 1821 1312 2785 1307 1095 1199 2388 2271 1005 1940 1846 2367 2693 1523 1313 2684 1423 1294 2476 1744 1002 1623 1733 899 1203 2050 1212 1959 1713 1634 1320 1423 1528 1747 1632 1420 1099 1842 888 2046 2562 2129 1331 1859 1840 2147 1638 1100 898 2461 1844 2061 1734 1633 1856 1509 2132 1211 1317 2035 1528 1732 1847 2471 1295 2574 1721 1004 995 2274 2360 1102 1740 1824 878 1927 1835 1647 1630 1741 1293 1828 1108 1937 1736 1633 1719 2387 1322 1849 1375 789 2232 1950 1217 1840 2148 1730 1000 2040 1631 1429 2155 1005 1632 1383 1527 991 2364 1412 1406 1392 871 1619 1626 1416 890 975 1810 1922 2661 1725 1613 1240 788 2625 2244 1827 1797 1215 1182 2471 2479 1806 2371 1210 1630 1105 1636 1822 1210 1940 1005 2051 1190 897 2485 1320 904 1104 1210 1199 1004

Tree=0
num_leaves=13
num_cat=0
split_feature=70 80 80 75 144 90 81 318 261 167 18 90
split_gain=61.874 76.1353 66.1006 45.5309 20.3493 19.7757 17.1575 11.789 10.5848 7.83323 4.96289 5.31552
threshold=20250976.000000004 20240265.000000004 20210804.000000004 3.6311000000000004 0.12359273156000002 32480363.305000003 15.000000000000002 1.1748112990718089 0.24483549392908902 3.1232621015500004 13.440000000000003 171856122.86500004
decision_type=2 2 2 2 2 2 2 2 2 2 2 2
left_child=1 2 4 5 9 -4 -6 -5 10 -1 -3 -12
right_child=-2 8 3 7 6 -7 -8 -9 -10 -11 11 -13
leaf_value=-0.23300920347245463 -0.30006496988946074 -0.22147879365939649 -0.22250688061538526 -0.27740190633050088 -0.21012810071886726 -0.25233043782643616 -0.23373601421578527 -0.23743163627262531 -0.23523488557663774 -0.27790470502452103 -0.18179120495489209 -0.211251732640586
leaf_weight=5.6148867309093466 14.526929453015326 5.7529875040054312 32.380088701844215 64.740189179778099 53.827502310276031 51.762350633740425 58.502940371632576 7.2303023636341086 6.9840832203626624 8.7167028039693815 23.19184443354607 8.5213628858327848
leaf_count=20 59 20 113 252 183 192 209 26 25 34 74 29
internal_value=-0.239725 -0.237022 -0.242778 -0.255828 -0.226676 -0.240874 -0.222374 -0.273337 -0.200562 -0.260131 -0.194228 -0.189475
internal_weight=341.752 327.225 282.775 156.113 126.662 84.1424 112.33 71.9705 44.4503 14.3316 37.4662 31.7132
internal_count=1236 1177 1029 583 446 305 392 278 148 54 123 103
is_linear=0
shrinkage=1


Tree=1
num_leaves=13
num_cat=0
split_feature=70 41 41 75 144 90 65 318 262 0 121 288
split_gain=58.5358 71.1987 62.0839 43.0019 19.0777 18.554 16.2378 11.1678 9.5167 8.08274 6.88538 4.79093
threshold=20250976.000000004 20240265.000000004 20210804.000000004 3.6311000000000004 0.12359273156000002 32480363.305000003 15.495000000000003 1.1748112990718089 0.33816108981352694 69.840000000000018 1.0765500000000003 -1.1249999999999998
decision_type=2 2 2 2 2 2 2 2 2 2 2 2
left_child=1 2 4 5 9 -4 -6 -5 10 -1 11 -3
right_child=-2 8 3 7 6 -7 -8 -9 -10 -11 -12 -13
leaf_value=-0.032810644065988007 -0.051656941745627398 0.037239834668164468 0.023890439923342138 -0.029408609239328289 0.033344316637996405 -0.0049742519595682632 0.009964777227027476 0.0094739009605434316 0.0075101704822668237 0.01202561656333717 0.018591248367302443 0.06343114624470339
leaf_weight=7.8925733566284162 14.422900959849356 10.394783660769461 32.473707973957062 64.48576582968235 67.509564056992531 51.72940681874752 45.142919450998306 7.2388280928134909 5.5605134814977637 6.4136904180049896 5.7122692763805381 23.007715776562691
leaf_count=31 59 35 113 252 230 192 162 26 20 23 20 73
internal_value=0.00725198 0.00986993 0.00429299 -0.00837327 0.0198673 0.00613723 0.0240193 -0.0254349 0.045028 -0.0125578 0.0502522 0.0555055
internal_weight=341.985 327.562 282.886 155.928 126.959 84.2031 112.652 71.7246 44.6753 14.3063 39.1148 33.4025
internal_count=1236 1177 1029 583 446 305 392 278 148 54 128 108
is_linear=0
shrinkage=0.03


Tree=2
num_leaves=13
num_cat=0
split_feature=70 41 41 75 284 40 90 110 261 60 19 301
split_gain=55.4328 66.6914 58.3323 40.6264 17.9628 22.2523 17.442 9.60848 9.40476 8.47709 6.38796 5.50881
threshold=20250976.000000004 20240265.000000004 20210804.000000004 3.6311000000000004 -2.605 7.2750000000000012 19922274.935000006 0.32955000000000007 0.24483549392908902 10.720000000000001 15.940000000000003 1.1916151247692754
decision_type=2 2 2 2 2 2 2 2 2 2 2 2
left_child=1 2 4 6 5 -1 -4 -6 10 -5 11 -3
right_child=-2 8 3 9 7 -7 -8 -9 -10 -11 -12 -13
leaf_value=0.04580153811688091 -0.05054116693818457 0.0629170954129636 0.02537234909080844 0.003642780102135962 0.021336691517236182 0.0012271320841773614 -0.0035867844191520004 0.046824015061004941 0.010872455273523754 -0.028476349691393024 0.02298355545184725 0.031504664866798364
leaf_weight=12.132848903536795 14.30306853353977 23.176318764686588 27.791436046361923 8.1638168394565565 33.846001267433167 58.188220575451851 56.460559010505676 23.039842858910561 7.0116868615150443 63.294290125370026 7.2560914307832709 7.4003020673990241
leaf_count=40 59 73 96 30 118 212 209 76 25 248 25 25
internal_value=0.00703313 0.0095694 0.00416326 -0.00813384 0.0192339 0.0090145 0.00594889 0.0317762 0.0435241 -0.024765 0.0494518 0.0555398
internal_weight=342.064 327.761 282.917 155.71 127.207 70.3211 84.252 56.8858 44.8444 71.4581 37.8327 30.5766
internal_count=1236 1177 1029 583 446 252 305 194 148 278 123 98
is_linear=0
shrinkage=0.03


Tree=3
num_leaves=13
num_cat=0
split_feature=70 41 41 81 144 41 43 130 261 0 19 301
split_gain=52.545 62.5649 54.8352 29.9517 17.6144 16.8935 15.9507 14.96 8.79612 7.65857 5.96062 5.1292
threshold=20250976.000000004 20240265.000000004 20210804.000000004 10.245000000000003 0.12359273156000002 20230604.500000004 1.8041000000000003 14.500000000000002 0.24483549392908902 69.840000000000018 15.940000000000003 1.1916151247692754
decision_type=2 2 2 2 2 2 2 2 2 2 2 2
left_child=1 2 4 6 9 -5 -4 -6 10 -1 11 -3
right_child=-2 8 3 5 7 -7 -8 -9 -10 -11 -12 -13
leaf_value=-0.032305107646533646 -0.049503039863410238 0.060821999857565791 0.019061513475823758 -0.010218233628017102 0.031552043043015461 -0.039139556205906915 -0.036862583295839198 0.0091657289746283101 0.010539080650169227 0.011323622021149534 0.022266575433755476 0.030508893532037257
leaf_weight=7.8707400858402234 14.169035777449606 23.257486552000049 40.010423228144646 87.318453192710876 67.686644449830055 23.086596548557281 5.0588397830724707 45.43590335547924 7.0195188373327246 6.4312235563993454 7.2680741250514975 7.4156007319688788
leaf_count=31 59 73 141 330 230 92 20 162 25 23 25 25
internal_value=0.00682473 0.00928254 0.00403981 -0.00790219 0.0186289 -0.016323 0.0126501 0.0226031 0.0421218 -0.0125357 0.047843 0.0537139
internal_weight=342.029 327.86 282.899 155.474 127.425 110.405 45.0693 113.123 44.9607 14.302 37.9412 30.6731
internal_count=1236 1177 1029 583 446 422 161 392 148 54 123 98
is_linear=0
shrinkage=0.03


Tree=4
num_leaves=13
num_cat=0
split_feature=71 41 41 81 284 81 41 209 110 261 19 301
split_gain=49.8445 58.7995 51.5559 28.2313 16.7017 18.5147 16.0561 15.5152 11.0739 8.25423 5.58916 4.80699
threshold=20250973.000000004 20240265.000000004 20210804.000000004 10.245000000000003 -2.389999999999993 7.2750000000000012 20230604.500000004 -46.404914841850101 0.32955000000000007 0.24483549392908902 15.940000000000003 1.1916151247692754
decision_type=2 2 2 2 2 2 2 2 2 2 2 2
left_child=1 2 4 7 5 -1 -5 -4 -6 10 11 -3
right_child=-2 9 3 6 8 -7 -8 -9 -10 -11 -12 -13
leaf_value=0.041791423740084377 -0.048535015417730303 0.058915308759683094 -0.015201778037415742 -0.0099270559918647125 0.019338593057525628 0.0016725567848079235 -0.038193139827883013 0.023447814821463291 0.047260738441155324 0.010216845144897527 0.021578475434638294 0.029560453908584791
leaf_weight=12.434102863073347 14.022287607192991 23.292452067136768 12.986882463097571 87.188198775053024 32.759879589080811 60.617693066596985 22.953399240970612 32.142563953995705 21.790794551372528 7.0267265886068335 7.2778774946928015 7.4269464910030356
leaf_count=41 59 73 49 330 114 220 92 112 71 25 25 25
internal_value=0.0066217 0.00900366 0.00391729 -0.0076779 0.0180452 0.00858997 -0.0158742 0.0122503 0.0306133 0.040814 0.0463518 0.0520345
internal_weight=341.92 327.898 282.874 155.271 127.602 73.0518 110.142 45.1294 54.5507 45.024 37.9973 30.7194
internal_count=1236 1177 1029 583 446 261 422 161 185 148 123 98
is_linear=0
shrinkage=0.03


Tree=5
num_leaves=13
num_cat=0
split_feature=70 70 70 63 313 313 261 42 288 291 284 197
split_gain=47.3243 52.0195 36.9745 31.1026 22.0566 14.0768 8.73905 8.24901 5.4521 4.82058 4.26926 1.29677
threshold=20250976.000000004 20240265.000000004 20230527.500000004 14.920000000000002 0.29199464751051613 0.18807366726482624 0.24483549392908902 0.26800000000000007 -1.2749999999999992 -0.94000000000000028 -3.0699999999999963 7.9637889955034549
decision_type=2 2 2 2 2 2 2 2 2 2 2 2
left_child=1 2 3 5 -5 -1 8 -4 10 -9 -3 -10
right_child=-2 6 7 4 -6 -7 -8 9 11 -11 -12 -13
leaf_value=0.0051642432113502964 -0.047630504390423142 0.044750551385915237 -0.0029163408562440751 -0.0083339560938779748 0.019470993204678523 0.027427082104035095 0.0072728759272332856 -0.04786709810493673 0.058938893615085454 -0.018716381845886278 0.0079611139515267833 0.040901591082285471
leaf_weight=39.857251420617104 13.864196404814718 6.1880668997764587 9.9738666266202909 105.14670865237713 33.841692060232162 73.329128339886665 6.7162988781929007 13.162525966763495 16.632375389337543 9.3282260447740573 5.6936632692813856 7.9616623520851126
leaf_count=144 59 20 37 394 119 251 24 54 52 36 20 26
internal_value=0.0064286 0.00873776 0.00406467 0.00795582 -0.00153315 0.0196254 0.039384 -0.026 0.0451786 -0.0360458 0.0275852 0.0534106
internal_weight=341.696 327.831 284.639 252.175 138.988 113.186 43.1921 32.4646 36.4758 22.4908 11.8817 24.594
internal_count=1236 1177 1035 908 513 395 142 127 118 90 40 78
is_linear=0
shrinkage=0.03


Tree=6
num_leaves=13
num_cat=0
split_feature=70 41 41 75 313 114 40 318 262 106 288 19
split_gain=44.9601 52.2639 46.9013 36.4754 17.4758 13.7549 15.929 10.3419 7.57888 6.13635 4.33562 3.67564
threshold=20250976.000000004 20240265.000000004 20210804.000000004 3.6311000000000004 0.27945095279734472 0.74495000000000011 15.000000000000002 1.1748112990718089 0.33816108981352694 1.0765500000000003 -1.1249999999999998 16.440000000000001
decision_type=2 2 2 2 2 2 2 2 2 2 2 2
left_child=1 2 5 4 -4 6 -1 -5 9 10 -3 -7
right_child=-2 8 3 7 -6 11 -8 -9 -10 -11 -12 -13
leaf_value=0.024356869149562262 -0.046783703974959408 0.030868105102176066 0.0018019843711018153 -0.027145597047312845 0.051796308375224615 0.028212260735913201 0.00096137992860540259 0.01036073509455997 0.005074344054686898 0.013462134986260851 0.055507834750445996 0.054459603790837766
leaf_weight=51.778222426772118 13.6960352063179 10.490721464157103 77.423956602811813 63.54296550154686 6.7670218944549552 14.082475394010546 53.478527098894119 7.2087068706750861 5.5934826880693427 5.7574998736381522 23.177480727434158 8.4841003417968732
leaf_count=177 59 35 283 252 22 48 194 26 20 20 73 27
internal_value=0.0062401 0.00847837 0.00368085 -0.00740131 0.00591265 0.017133 0.0125108 -0.0232726 0.0384702 0.0431075 0.0480333 0.0384093
internal_weight=341.481 327.785 282.766 154.943 84.191 127.823 105.257 70.7517 45.0192 39.4257 33.6682 22.5666
internal_count=1236 1177 1029 583 305 446 371 278 148 128 108 75
is_linear=0
shrinkage=0.03


Tree=7
num_leaves=13
num_cat=0
split_feature=71 41 41 75 144 106 284 306 167 262 106 287
split_gain=42.7522 49.2746 44.1231 34.4921 16.1289 15.5464 13.742 8.95262 7.37198 7.15241 5.79493 3.09242
threshold=20250973.000000004 20240265.000000004 20210804.000000004 3.6142750000000006 0.12359273156000002 -0.20889999999999997 3.1250000000000004 0.85180486083528584 3.1232621015500004 0.33816108981352694 1.0765500000000003 -1.0499999999999978
decision_type=2 2 2 2 2 2 2 2 2 2 2 2
left_child=1 2 4 5 8 -4 -6 -5 -1 10 11 -3
right_child=-2 9 3 7 6 -7 -8 -9 -10 -11 -12 -13
leaf_value=0.013047041367221212 -0.045989490913926102 0.031603831303980492 -0.01298761911402382 -0.0015224928400949351 0.015819510831027374 0.014739246615962362 0.044617422355405466 -0.027954875797673962 -0.030466540405794513 0.0049230493451169009 0.013062936827026571 0.05298539609457701
leaf_weight=5.6339936554431906 13.5189803391695 10.22806394100189 26.554576545953751 14.808375522494314 95.752989396452904 56.868162214756012 17.838615968823433 56.443237289786339 8.6974922716617566 5.5954627096652976 5.7584825009107581 23.384228259325027
leaf_count=20 59 34 100 56 334 202 58 225 34 20 20 74
internal_value=0.00606303 0.00823384 0.00357497 -0.00719027 0.0166103 0.00587251 0.0204036 -0.0225133 -0.0131807 0.0373738 0.0418856 0.0466811
internal_weight=341.083 327.564 282.597 154.674 127.923 83.4227 113.592 71.2516 14.3315 44.9662 39.3708 33.6123
internal_count=1236 1177 1029 583 446 302 392 281 54 148 128 108
is_linear=0
shrinkage=0.03


Tree=8
num_leaves=13
num_cat=0
split_feature=70 41 41 40 297 284 40 43 318 261 19 301
split_gain=40.6754 46.514 41.5203 24.4263 15.0487 14.8281 18.6972 14.7829 9.23479 6.81636 5.30975 4.66709
threshold=20250976.000000004 20240265.000000004 20210804.000000004 10.245000000000003 1.3578750088123228 -2.605 7.2750000000000012 1.8041000000000003 1.1162619516581602 0.24483549392908902 15.940000000000003 1.1916151247692754
decision_type=2 2 2 2 2 2 2 2 2 2 2 2
left_child=1 2 5 7 -5 6 -1 -4 -7 10 11 -3
right_child=-2 9 3 4 -6 8 -8 -9 -10 -11 -12 -13
leaf_value=0.040403546278531988 -0.04524333471655631 0.053742624459467335 0.01764452928966084 -0.004641265411924585 -0.027123155514681786 0.020308837506274505 -0.00020034704708276534 -0.036266775306728186 0.04846601105778419 0.0085736310915734675 0.017406731886140829 0.024981010743090882
leaf_weight=12.230488836765288 13.334120213985441 23.112223714590076 40.169519826769829 60.676939964294434 48.524295642971992 43.062416881322861 58.421249285340309 5.0402978509664527 14.277704104781149 7.0526195317506781 7.2898331433534613 7.4242995381355277
leaf_count=40 59 73 141 228 194 148 212 20 46 25 25 25
internal_value=0.00588957 0.00799517 0.00346923 -0.00698857 -0.0146744 0.0161047 0.00683334 0.0115011 0.0274444 0.0363371 0.0413982 0.0469521
internal_weight=340.616 327.282 282.403 154.411 109.201 127.992 70.6517 45.2098 57.3401 44.879 37.8264 30.5365
internal_count=1236 1177 1029 583 422 446 252 161 194 148 123 98
is_linear=0
shrinkage=0.03


Tree=9
num_leaves=13
num_cat=0
split_feature=70 41 41 75 90 144 130 318 0 261 19 301
split_gain=38.7256 43.9593 39.0886 31.3965 16.9511 14.9683 13.6533 11.5262 7.34244 6.47023 5.05271 4.45629
threshold=20250976.000000004 20240265.000000004 20210804.000000004 3.6142750000000006 19922274.935000006 0.12359273156000002 14.500000000000002 1.1748112990718089 69.840000000000018 0.24483549392908902 15.940000000000003 1.1916151247692754
decision_type=2 2 2 2 2 2 2 2 2 2 2 2
left_child=1 2 5 4 -4 8 -7 -5 -1 10 11 -3
right_child=-2 9 3 7 -6 6 -8 -9 -10 -11 -12 -13
leaf_value=-0.032465287736238024 -0.04454119793329793 0.052412959975289053 0.024837757590976031 -0.02568889626892842 -0.0038267629073747379 0.027790428735701485 0.0064731026146477525 0.013250910597310251 0.010210046739044219 0.0083153350695955048 0.016897209704414946 0.024266399553290529
leaf_weight=7.8664811402559263 13.142459720373152 22.991906076669697 27.605196848511696 63.178292289376259 55.853267356753349 68.051519155502319 45.656536355614662 7.5020971000194541 6.4504013061523438 7.0565855503082267 7.2874131351709357 7.4167028069496146
leaf_count=31 59 73 95 254 207 230 162 27 23 25 25 25
internal_value=0.00572324 0.00776612 0.00336775 -0.00679336 0.00563695 0.0156206 0.0192706 -0.0215005 -0.0130926 0.0353615 0.0403097 0.0457483
internal_weight=340.059 326.916 282.164 154.139 83.4585 128.025 113.708 70.6804 14.3169 44.7526 37.696 30.4086
internal_count=1236 1177 1029 583 302 446 392 281 54 148 123 98
is_linear=0
shrinkage=0.03


Tree=10
num_leaves=13
num_cat=0
split_feature=70 41 41 75 313 11 62 293 262 133 107 288
split_gain=36.8926 41.583 37.5709 25.3021 24.0516 16.3731 9.18275 7.11402 6.35266 6.25361 5.51194 4.19479
threshold=20250976.000000004 20240265.000000004 20230604.500000004 2.2525500000000007 0.2940517751148885 18.525000000000002 10.225000000000003 1.1549589464454579 0.33816108981352694 80.270576862582189 0.25985000000000008 -1.1249999999999998
decision_type=2 2 2 2 2 2 2 2 2 2 2 2
left_child=1 2 3 5 -5 -1 7 -4 10 -8 11 -3
right_child=-2 8 6 4 -6 -7 9 -9 -10 -11 -12 -13
leaf_value=0.0063374003598422341 -0.043879474333264924 0.026626952337955138 0.019055961909919577 -0.0038934805321660351 0.021888604893101717 0.037899576099932455 -0.047036416493533871 -0.02923450436422247 0.0038786512720481825 -0.010139585785382287 0.010656287242304541 0.050826832916460292
leaf_weight=26.656273454427719 12.944928139448164 10.417798429727553 5.6890863180160505 146.24845997989178 41.758477091789246 34.015996068716049 16.521064668893818 5.0905781090259552 5.6001722216606131 5.8877579271793357 5.741481900215148 22.835727512836456
leaf_count=95 59 35 20 544 145 113 69 20 20 23 20 73
internal_value=0.00556332 0.00754585 0.00326998 0.00728343 0.00182566 0.0241154 -0.0266439 -0.00353204 0.0344369 -0.0375634 0.0387276 0.0434379
internal_weight=339.408 326.463 281.868 248.679 188.007 60.6723 33.1885 10.7797 44.5952 22.4088 38.995 33.2535
internal_count=1236 1177 1029 897 689 208 132 40 148 92 128 108
is_linear=0
shrinkage=0.03


Tree=11
num_leaves=13
num_cat=0
split_feature=70 41 41 294 41 144 130 61 167 17 102 303
split_gain=35.1601 39.3646 35.7071 22.3951 16.4547 13.9879 12.8146 11.7089 6.94269 5.84318 4.01558 2.56
threshold=20250976.000000004 20240265.000000004 20210804.000000004 1.2761541545380071 20230604.500000004 0.12359273156000002 14.500000000000002 10.595000000000001 3.1232621015500004 18.940000000000001 1.4023500000000002 0.96042062777789738
decision_type=2 2 2 2 2 2 2 2 2 2 2 2
left_child=1 2 5 4 -4 8 -7 -5 -1 10 11 -3
right_child=-2 9 3 7 -6 6 -8 -9 -10 -11 -12 -13
leaf_value=0.012495115122244164 -0.043254948182115484 0.024244560216345978 0.010522356986849134 0.0052774661982617401 -0.021732234187039789 0.026651813165768146 0.0060037745613856254 -0.025521883269014688 -0.029750528942217257 0.011593566188551823 0.015138507679836008 0.04827274283401136
leaf_weight=5.6399031579494467 12.742382660508154 5.8761311471462276 67.230941325426102 13.695676535367964 17.918810322880745 68.075804755091667 45.682056039571762 54.823089674115181 8.6551237404346448 9.1756342649459821 5.7901252210140219 23.579243555665016
leaf_count=20 59 20 242 50 70 230 162 221 34 32 20 76
internal_value=0.00540508 0.0073281 0.00317251 -0.00656209 0.00368202 0.0148738 0.018399 -0.0193232 -0.0129037 0.0335494 0.0391314 0.0436791
internal_weight=338.885 326.143 281.721 153.669 85.1498 128.053 113.758 68.5188 14.295 44.4211 35.2455 29.4554
internal_count=1236 1177 1029 583 312 446 392 271 54 148 116 96
is_linear=0
shrinkage=0.03


Tree=12
num_leaves=14
num_cat=0
split_feature=70 41 41 40 102 51 62 0 261 299 133 19 194
split_gain=33.5308 37.2589 33.9194 23.3655 25.7483 13.5329 8.72634 7.2164 6.1022 7.52104 6.05895 4.26125 1.14086
threshold=20250976.000000004 20240265.000000004 20230604.500000004 15.000000000000002 -0.4156999999999999 0.0042500000000000012 10.225000000000003 62.990000000000002 0.14971594809776403 0.9427622082534014 80.270576862582189 15.940000000000003 0.3777785096123002
decision_type=2 2 2 2 2 2 2 2 2 2 2 2 2
left_child=1 2 3 5 -5 -1 7 -4 11 -10 -8 12 -3
right_child=-2 8 6 4 -6 -7 10 -9 9 -11 -12 -13 -14
leaf_value=0.027896811184050817 -0.042664718453154095 0.034518159995198618 -0.028872871228221665 -0.022041061877214389 0.0067902042194758084 0.0069945909947917986 -0.045674657816252649 0.019835434665919326 0.033928813628951823 -0.011403805079707492 -0.0092050977651265235 0.016455535622157361 0.050880039783149159
leaf_weight=53.579656094312668 12.535613656044005 8.4257280528545433 5.0847997814416868 39.025113150477409 96.753547832369804 59.202343419194221 16.263743385672573 5.6664103418588638 7.8076138794422132 5.4487160593271255 5.8451834172010413 6.1182110756635657 16.446593672037125
leaf_count=182 59 28 20 152 352 211 69 20 26 20 23 21 53
internal_value=0.00525434 0.00712058 0.00308016 0.00687919 -0.00148444 0.0169672 -0.0254991 -0.00297854 0.0326861 0.0151254 -0.0362527 0.0400285 0.0456179
internal_weight=338.203 325.668 281.421 248.561 135.779 112.782 32.8601 10.7512 44.2469 13.2563 22.1089 30.9905 24.8723
internal_count=1236 1177 1029 897 504 393 132 40 148 46 92 102 81
is_linear=0
shrinkage=0.03


Tree=13
num_leaves=14
num_cat=0
split_feature=70 41 41 75 313 284 144 318 56 261 299 19 191
split_gain=31.9898 35.3175 32.8562 27.6398 14.2361 14.0811 10.8948 10.6246 6.87471 5.84602 7.10009 4.09253 1.64995
threshold=20250976.000000004 20240265.000000004 20210804.000000004 3.6142750000000006 0.27945095279734472 1.8049999999999999 0.12359273156000002 1.1748112990718089 0.29330537634408599 0.14971594809776403 0.9427622082534014 15.940000000000003 2.5648889505419334
decision_type=2 2 2 2 2 2 2 2 2 2 2 2 2
left_child=1 2 5 4 -4 6 -1 -5 -7 11 -11 12 -3
right_child=-2 9 3 7 -6 8 -8 -9 -10 10 -12 -13 -14
leaf_value=-0.017375074000831665 -0.042106176070641863 0.030495255510446406 0.0015912144523949532 -0.024363535172594295 0.047593467388200132 0.047714621989475486 0.012833442549859245 0.013051254234513528 0.01487060531209021 0.032985776295357976 -0.011066108863299966 0.015988104037339298 0.04998322527822098
leaf_weight=12.011220619082449 12.325349077582358 7.1395939588546815 76.897716790437698 62.324781864881516 6.490168720483779 14.644422352313997 91.235440209507942 7.49756035208702 10.121605470776556 7.7929762601852399 5.4495785236358643 6.1112012714147559 17.540222346782684
leaf_count=46 59 24 281 254 21 47 318 27 35 26 20 21 57
internal_value=0.00510609 0.00691677 0.00298831 -0.00636984 0.00526027 0.0142081 0.00927669 -0.0202901 0.0345261 0.0318745 0.0146856 0.0390985 0.0446125
internal_weight=337.582 325.256 281.223 153.21 83.3879 128.013 103.247 69.8223 24.766 44.0336 13.2426 30.791 24.6798
internal_count=1236 1177 1029 583 302 446 364 281 82 148 46 102 81
is_linear=0
shrinkage=0.03


Tree=14
num_leaves=14
num_cat=0
split_feature=71 71 71 63 102 44 291 68 261 133 2 57 190
split_gain=30.5418 31.3018 27.1377 21.6956 22.8655 12.525 7.5973 8.26525 6.5104 4.75123 6.84704 4.17303 1.1917
threshold=20250973.000000004 20240226.500000004 20230524.500000004 14.920000000000002 -0.42839999999999995 -0.050649999999999994 -1.4400000000000002 0.41165000000000007 0.24483549392908902 62.290609364525444 63.135000000000005 0.44088353413654624 0.80214977305616497
decision_type=2 2 2 2 2 2 2 2 2 2 2 2 2
left_child=1 2 3 5 -5 -1 11 -8 9 12 -11 -4 -3
right_child=-2 8 6 4 -6 -7 7 -9 -10 10 -12 -13 -14
leaf_value=0.03794913617756402 -0.041576968843055791 0.031853593083296931 -0.012483581275462261 -0.02114204331614632 0.0060440616376652642 0.011509811409892537 0.012880627530681083 -0.034053895417769042 0.0033288880072752931 0.044053010942964092 0.0011803965622908703 -0.045445890983831769 0.050150342219869325
leaf_weight=19.63245852291584 12.112260609865187 6.5106669068336513 5.2800202369690004 38.561495333909988 99.254045695066452 93.650184169411659 8.1992785483598691 5.55147860944271 6.7510480135679236 6.3494975566863996 7.304227888584137 12.520758911967276 15.077359676361082
leaf_count=65 59 22 21 151 362 330 30 23 24 21 26 53 49
internal_value=0.00496759 0.00672566 0.00311837 0.00642519 -0.00155081 0.0161478 -0.0230409 -0.00596032 0.0308696 0.0360362 0.0215112 -0.0359606 0.0449429
internal_weight=336.755 324.643 282.65 251.098 137.816 113.283 31.5515 13.7508 41.9928 35.2418 13.6537 17.8008 21.588
internal_count=1236 1177 1035 908 513 395 127 53 142 118 47 74 71
is_linear=0
shrinkage=0.03


Tree=15
num_leaves=13
num_cat=0
split_feature=70 80 80 75 90 284 112 318 130 262 106 288
split_gain=29.1668 31.8732 30.3123 25.6191 15.5217 13.2454 10.4202 9.92593 8.06053 5.53319 5.01898 4.07912
threshold=20250976.000000004 20240265.000000004 20210804.000000004 3.6142750000000006 19922274.935000006 1.8049999999999999 0.56250000000000011 1.1748112990718089 16.500000000000004 0.33816108981352694 1.0765500000000003 -1.1249999999999998
decision_type=2 2 2 2 2 2 2 2 2 2 2 2
left_child=1 2 5 4 -4 6 -1 -5 -7 10 11 -3
right_child=-2 9 3 7 -6 8 -8 -9 -10 -11 -12 -13
leaf_value=0.0049084307311229305 -0.041074965486815114 0.02249871242995408 0.023347052090950799 -0.023635536181204404 -0.004087017418153459 0.043520263707350501 0.03241713946752818 0.012512539274537217 0.0040431055133661256 0.0019599432228207076 0.0076885405957292791 0.046513010450384924
leaf_weight=88.790343463420868 11.896963670849798 10.212211459875105 27.613715350627899 61.827713117003441 55.767637372016907 18.217650845646862 14.408816829323767 7.5084252655506125 6.50286541879177 5.6066734641790381 5.6871095448732367 22.039256781339645
leaf_count=316 59 35 95 254 207 59 48 27 23 20 20 73
internal_value=0.00482902 0.00653502 0.00281309 -0.00619558 0.00497957 0.013588 0.00880594 -0.0196655 0.0333146 0.0303917 0.0344984 0.0390948
internal_weight=336.079 324.182 280.637 152.717 83.3814 127.92 103.199 69.3361 24.7205 43.5453 37.9386 32.2515
internal_count=1236 1177 1029 583 302 446 364 281 82 148 128 108
is_linear=0
shrinkage=0.03


Tree=16
num_leaves=14
num_cat=0
split_feature=70 41 41 75 313 11 291 68 261 299 57 19 191
split_gain=27.8723 30.2538 29.4024 20.7467 21.3066 15.0826 7.20896 10.0098 5.36176 6.66293 4.21282 3.98078 1.60385
threshold=20250976.000000004 20240265.000000004 20230604.500000004 2.2525500000000007 0.2940517751148885 18.525000000000002 -1.4400000000000002 0.41165000000000007 0.14971594809776403 0.9427622082534014 0.44088353413654624 15.940000000000003 2.5648889505419334
decision_type=2 2 2 2 2 2 2 2 2 2 2 2 2
left_child=1 2 3 5 -5 -1 10 -8 11 -10 -4 12 -3
right_child=-2 8 6 4 -6 -7 7 -9 9 -11 -12 -13 -14
leaf_value=0.0044464833980362743 -0.040598217716502051 0.028305489598225757 -0.012032586520352988 -0.0041094483308970449 0.020185164467654504 0.034719839396772124 0.016943943448358135 -0.034686686358229461 0.031055653743279926 -0.011738756695934473 -0.044763008851932302 0.013920520271798978 0.047603497870518235
leaf_weight=26.686123713850975 11.680026203393934 7.0181416720151963 5.2521756738424328 145.52298384904861 41.6974858045578 34.000828728079796 7.1512330025434476 6.1811357885599136 7.7222108989953977 5.4325959235429764 13.738422676920889 6.0593469738960257 17.044427216053009
leaf_count=95 59 24 21 544 145 113 26 26 26 20 59 21 57
internal_value=0.00469917 0.00635591 0.00273421 0.00625521 0.00129329 0.0214862 -0.0241143 -0.00684967 0.0296781 0.0132011 -0.0359784 0.0367071 0.0422396
internal_weight=335.187 323.507 280.23 247.907 187.22 60.687 32.323 13.3324 43.2767 13.1548 18.9906 30.1219 24.0626
internal_count=1236 1177 1029 897 689 208 132 52 148 46 80 102 81
is_linear=0
shrinkage=0.03


Tree=17
num_leaves=13
num_cat=0
split_feature=70 41 41 75 102 90 66 133 42 261 0 288
split_gain=26.6413 28.7438 27.8236 19.5354 19.4835 13.7811 7.462 7.93056 6.989 5.1596 6.32671 3.88527
threshold=20250976.000000004 20240265.000000004 20230604.500000004 2.2525500000000007 -0.42839999999999995 19922274.935000006 1.4550000000000003 80.270576862582189 0.27840000000000004 0.14971594809776403 67.125000000000014 -1.2749999999999992
decision_type=2 2 2 2 2 2 2 2 2 2 2 2
left_child=1 2 3 5 -5 -1 8 -8 -4 11 -11 -3
right_child=-2 9 6 4 -6 -7 7 -9 -10 10 -12 -13
leaf_value=0.039574977715403359 -0.040144975118929491 0.020932478209527046 0.019126609474861823 -0.013610440004307856 0.0075558352094353192 0.00978630134505141 -0.046014824772435174 -0.0017799016084273965 -0.025720826426407991 0.030323310541682438 -0.011376314825944861 0.04435648749216177
leaf_weight=22.340414866805077 11.461966916918753 10.989159017801283 5.6631127148866636 55.550913497805595 131.63506352901459 38.324780255556107 14.737228617072107 5.0377413332462302 6.6730882078409195 7.6785026192665082 5.4520131796598434 18.872895255684856
leaf_count=73 59 38 20 213 476 135 65 20 27 26 20 64
internal_value=0.0045691 0.00617726 0.00265367 0.00606995 0.00125442 0.0208527 -0.0235588 -0.0349624 -0.00490348 0.0289935 0.0128271 0.0359353
internal_weight=334.417 322.955 279.962 247.851 187.186 60.6652 32.1112 19.775 12.3362 42.9926 13.1305 29.8621
internal_count=1236 1177 1029 897 689 208 132 85 47 148 46 102
is_linear=0
shrinkage=0.03


Tree=18
num_leaves=13
num_cat=0
split_feature=70 41 41 52 61 284 40 193 193 17 102 43
split_gain=25.475 27.3065 27.0166 19.5602 16.9904 12.9185 16.0383 8.81848 8.79598 5.2761 3.81803 2.148
threshold=20250976.000000004 20240265.000000004 20210804.000000004 0.11659270833333339 14.640708333333334 -2.605 7.2750000000000012 0.79868314109822502 0.39240878919830319 18.940000000000001 1.4023500000000002 -0.27689999999999998
decision_type=2 2 2 2 2 2 2 2 2 2 2 2
left_child=1 2 5 4 -4 6 -1 -5 -7 10 11 -3
right_child=-2 9 3 7 -6 8 -8 -9 -10 -11 -12 -13
leaf_value=0.035402532753968201 -0.03971362476049619 0.02125399414108459 0.014563840615145048 -0.033674330093778446 -0.010529726841056641 -0.010448509108302327 -0.0023704786717402299 -0.0093076359356393384 0.02740082920529013 0.0074014576098594105 0.010333582060559503 0.042967504818694748
leaf_weight=12.103571757674215 11.243263199925421 6.2045401185750952 48.978486135601997 24.453608423471451 47.890902802348137 6.0193103104829779 58.511748313903809 30.58681133389473 51.119658872485161 9.00926725566387 5.6520773172378531 21.836973294615749
leaf_count=40 59 22 174 101 189 22 212 119 172 32 20 74
internal_value=0.00444268 0.00600387 0.0025758 -0.00596019 0.00212892 0.0127459 0.00410236 -0.0202292 0.0233499 0.028326 0.0337938 0.0383623
internal_weight=333.61 322.367 279.664 151.91 96.8694 127.754 70.6153 55.0404 57.139 42.7029 33.6936 28.0415
internal_count=1236 1177 1029 583 363 446 252 220 194 148 116 96
is_linear=0
shrinkage=0.03


Tree=19
num_leaves=14
num_cat=0
split_feature=70 80 80 75 90 284 40 317 0 290 187 317 279
split_gain=24.3709 25.9344 25.4549 22.707 14.1389 12.1694 15.1495 8.6277 8.24079 5.61885 5.76119 7.62082 1.10929
threshold=20250976.000000004 20240265.000000004 20210804.000000004 3.6142750000000006 19922274.935000006 -2.605 7.2750000000000012 -0.03430281666205743 71.660000000000011 2.1300000000000003 -0.45634525672499976 0.12645614636216443 0.030438710258473532
decision_type=2 2 2 2 2 2 2 2 2 2 2 2 2
left_child=1 2 5 4 -4 6 -1 -5 -7 10 11 -3 -12
right_child=-2 9 3 7 -6 8 -8 -9 -10 -11 12 -13 -14
leaf_value=0.034458987632793987 -0.039302692275793048 0.034725381779888993 0.022241816484933574 -0.0097632461727644552 -0.0039634584605322048 0.015114926930337332 -0.0022997427817558311 -0.03168187236522179 0.040360996284084932 0 0.044492998868708576 -0.011698604364459448 0.026671626342180472
leaf_weight=12.065248489379881 11.024351119995115 7.356422156095503 27.58308157324791 41.119097962975502 55.598664343357086 40.238067209720612 58.505291730165482 27.31926192343235 16.839781060814857 5.5302794724702826 18.485986873507503 5.3572562783956528 5.700007513165473
leaf_count=40 59 25 95 166 207 139 212 115 55 20 63 20 20
internal_value=0.0043212 0.00583723 0.00250091 -0.00579464 0.00470647 0.0123746 0.00398221 -0.01859 0.0226734 0.0276684 0.0318848 0.0149906 0.0405436
internal_weight=332.723 321.698 279.268 151.62 83.1817 127.648 70.5705 68.4384 57.0778 42.43 36.8997 12.7137 24.186
internal_count=1236 1177 1029 583 302 446 252 281 194 148 128 45 83
is_linear=0
shrinkage=0.03


Tree=20
num_leaves=13
num_cat=0
split_feature=70 41 41 54 305 114 62 0 290 302 90 142
split_gain=23.3253 24.634 25.7562 17.2073 17.3803 15.8916 7.73573 6.44063 5.37495 5.13308 3.82669 3.17065
threshold=20250976.000000004 20240265.000000004 20230604.500000004 0.54485000000000017 0.92738908913131013 0.61225000000000007 10.225000000000003 62.990000000000002 2.1300000000000003 0.80995000000000006 13663811.085000003 2.56466675825
decision_type=2 2 2 2 2 2 2 2 2 2 2 2
left_child=1 2 3 5 -5 -1 7 -4 9 11 -8 -3
right_child=-2 8 6 4 -6 -7 10 -9 -10 -11 -12 -13
leaf_value=0.0080959468434879441 -0.038910836344015279 0.04355832199283937 -0.026524187888080995 0.01317027149098105 -0.015562600269473849 0.038525868948021937 -0.013997029994295777 0.019857807399931749 0 0.0037674890597986233 -0.042287410088494279 0.022707777310918331
leaf_weight=147.05290308594704 10.805628061294554 19.410854130983356 4.9748889952898043 29.083423942327499 53.625904411077499 17.266047164797783 6.852294489741328 5.6221592426300049 5.5302794724702826 5.4965252280235282 14.315499246120451 11.699711859226225
leaf_count=529 59 67 20 104 207 57 28 20 20 20 64 41
internal_value=0.00420476 0.00567746 0.00243011 0.00571211 -0.00541921 0.0113331 -0.022937 -0.00168063 0.0270353 0.0311899 -0.0333794 0.0359111
internal_weight=331.736 320.93 278.793 247.028 82.7093 164.319 31.7648 10.597 42.1374 36.6071 21.1678 31.1106
internal_count=1236 1177 1029 897 311 586 132 40 148 128 92 108
is_linear=0
shrinkage=0.03


Tree=21
num_leaves=15
num_cat=0
split_feature=40 72 41 41 318 304 78 11 1 261 299 266 150 163
split_gain=22.7702 17.4933 21.3246 25.1062 16.7291 8.21939 7.97237 6.56104 6.13006 5.16321 4.80585 4.65479 4.21508 1.76588
threshold=6.4250000000000007 20250976.000000004 20240265.000000004 20230618.500000004 1.1118182608657612 1.0645039534200162 3.1450000000000005 17.925000000000004 72.435000000000016 0.14971594809776403 0.9427622082534014 0.32294789178461142 2.1637770604000006 1.4265313403500002
decision_type=2 2 2 2 2 2 2 2 2 2 2 2 2 2
left_child=5 2 3 4 -2 6 7 11 -5 12 -11 -1 -4 -9
right_child=1 -3 9 8 -6 -7 -8 13 -10 10 -12 -13 -14 -15
leaf_value=0.0054879229569366238 -0.001836087299000981 -0.038477495116124576 0.04026588757426685 -0.037792941830136775 0.019079042873145786 -0.0033494091848808825 -0.0034409593082223131 0.055405135510138599 -0.001793849411370535 0.024439141659312814 -0.013497136755351977 0.03975474733946243 0.013286676100735252 0.03243965595660539
leaf_weight=8.7772055119276029 171.06700885295868 9.6902149915695173 16.462048470973972 18.887063562870029 42.932781770825386 8.1315153986215574 5.4652041196823111 11.347941786050798 5.7301808744668952 6.4030344486236555 5.3998354077339172 6.2548110783100119 8.3693578839302045 6.0138412415981284
leaf_count=32 637 54 58 83 149 30 20 36 23 22 20 21 30 21
internal_value=0.0040883 0.000912569 0.00232366 -0.000939559 0.00235286 0.0236542 0.0295268 0.0351746 -0.0295759 0.023605 0.0068636 0.0201131 0.0313827 0.0478534
internal_weight=330.932 284.942 275.251 238.617 214 45.9905 37.859 32.3938 24.6172 36.6343 11.8029 15.032 24.8314 17.3618
internal_count=1236 1076 1022 892 786 160 130 110 106 130 42 53 88 57
is_linear=0
shrinkage=0.03


Tree=22
num_leaves=15
num_cat=0
split_feature=81 70 70 313 107 123 147 215 47 18 261 133 100 3
split_gain=21.495 16.7955 18.3906 21.4802 18.4518 11.4384 7.8144 7.72767 7.65151 8.70284 5.17973 5.02923 3.4505 2.09578
threshold=6.4250000000000007 20250976.000000004 20240265.000000004 0.2940517751148885 -0.020149999999999998 671.50000000000011 -3.7352364580999997 2.6870085334839309 0.077050000000000021 15.440000000000003 0.24483549392908902 62.290609364525444 2501.9150000000004 63.365000000000009
decision_type=2 2 2 2 2 2 2 2 2 2 2 2 2 2
left_child=6 2 3 4 -2 -5 -1 8 12 -10 11 -4 -8 -9
right_child=1 -3 10 5 -6 -7 7 13 9 -11 -12 -13 -14 -15
leaf_value=-0.009868302295827653 -0.01569379993592614 -0.038119808212961855 0.038730544704378568 0.039944519049365912 0.0028669542242136413 0.0070565563550036995 0.048381701333080326 0.027860988816320903 -0.029699378370667894 0.022313549354744725 -0.0012370925106244322 0.012378561409197164 0.01634450298206859 0.052894698022107903
leaf_weight=5.5369423329830161 82.280694365501404 9.4916483759880048 16.725187912583355 14.775204762816427 115.64716747403145 27.399387672543526 6.3476436734199542 5.8455932140350333 5.1642383486032468 6.322841465473175 6.4086077362298957 11.522305846214293 6.7198237776756287 9.9512842297553998
leaf_count=21 320 54 59 49 431 98 21 20 20 22 23 42 24 32
internal_value=0.00397625 0.000886379 0.00225816 -0.000681885 -0.00483783 0.0187165 0.0230073 0.0276059 0.0167671 -0.000865465 0.0226569 0.0281688 0.0323839 0.0440533
internal_weight=330.139 284.25 274.759 240.102 197.928 42.1746 45.8884 40.3514 24.5545 11.4871 34.6561 28.2475 13.0675 15.7969
internal_count=1236 1076 1022 898 751 147 160 139 87 42 124 101 45 52
is_linear=0
shrinkage=0.03


Tree=23
num_leaves=13
num_cat=0
split_feature=70 41 41 75 313 11 291 46 290 65 57 147
split_gain=20.6494 21.3675 22.9031 16.3431 18.1909 13.4434 6.82821 7.97804 5.19601 4.86949 3.93559 2.56167
threshold=20250976.000000004 20240265.000000004 20230604.500000004 2.2525500000000007 0.2940517751148885 18.525000000000002 -1.4400000000000002 0.41155000000000003 2.1300000000000003 42.525000000000013 0.44088353413654624 2.1671441782000005
decision_type=2 2 2 2 2 2 2 2 2 2 2 2
left_child=1 2 3 5 -5 -1 10 -8 9 11 -4 -3
right_child=-2 8 6 4 -6 -7 7 -9 -10 -11 -12 -13
leaf_value=0.002782353897070352 -0.037912263492836384 0.038756184435489227 -0.01035402650694107 -0.0041238178988240969 0.018355287750062635 0.03143674223649412 0.015455588658894471 -0.031430945027224856 -0.0013099567423369876 0.0042263833542865942 -0.042460365621472519 0.014676026344033963
leaf_weight=26.615745022892952 10.197807490825651 24.281238749623302 5.1143220216035905 144.81908023357391 41.61154468357563 33.672730192542076 7.2989712059497815 5.7070616483688354 5.4804019182920447 6.009814888238906 13.136608645319937 5.4723085165023795
leaf_count=95 59 86 21 544 145 113 27 25 20 22 59 20
internal_value=0.00386826 0.00522383 0.00221831 0.00529556 0.000884613 0.0188618 -0.021915 -0.00497221 0.0253537 0.0295155 -0.0337324 0.0344918
internal_weight=329.418 319.22 277.976 246.719 186.431 60.2885 31.257 13.006 41.2438 35.7634 18.2509 29.7535
internal_count=1236 1177 1029 897 689 208 132 52 148 128 80 106
is_linear=0
shrinkage=0.03


Tree=24
num_leaves=14
num_cat=0
split_feature=81 70 112 303 318 290 282 110 304 22 297 193 286
split_gain=20.0199 15.4459 19.3905 16.0342 13.733 10.7365 23.7057 7.54623 6.78548 5.29542 5.02071 2.89461 1.81419
threshold=6.4250000000000007 20250976.000000004 0.53750000000000009 1.1552604006831293 1.1162619516581602 -0.25499999999999895 0.062198463787398357 -0.20244999999999999 1.0645039534200162 -0.66499999999999992 0.63370072041054593 1.2436211395835184 -3.6749999999999967
decision_type=2 2 2 2 2 2 2 2 2 2 2 2 2
left_child=7 2 3 4 -2 6 -4 -1 10 -7 -9 -12 -5
right_child=1 -3 5 12 -6 9 -8 8 -10 -11 11 -13 -14
leaf_value=-0.0012601505258722319 -0.0045789421337733439 -0.037449050649122455 -0.039831046064701232 -0.051029948276186878 0.014772910595586044 0.0548161309253654 0.017815439852910141 0.014763987383585163 0 0.022562659433554934 0.052431852941154412 0.028179581034688581 -0.023495504655595262
leaf_weight=9.5224658250808698 155.92105044424534 9.0973250269889814 7.690837785601615 5.4393523931503296 41.746055871248245 7.1284370720386532 36.011609092354774 8.9105332195758837 6.2324079871177664 14.907538145780562 12.05299496650696 8.8821419179439527 4.973936975002287
leaf_count=36 596 54 31 23 148 23 128 31 23 53 39 31 20
internal_value=0.00376229 0.000774973 0.00206908 -0.0024071 -0.000471379 0.0162652 0.00753444 0.0221884 0.0284467 0.0333324 0.0343739 0.0424679 -0.038512
internal_weight=328.517 282.916 273.819 208.08 197.667 65.7384 43.7024 45.6005 36.0781 22.036 29.8457 20.9351 10.4133
internal_count=1236 1076 1022 787 744 235 159 160 124 76 101 70 43
is_linear=0
shrinkage=0.03


Tree=25
num_leaves=25
num_cat=0
split_feature=63 102 313 186 41 165 61 282 130 198 284 46 41 306 190 145 120 266 130 0 204 1 186 70
split_gain=19.193 19.701 19.5112 11.8388 14.9299 11.5072 10.2899 11.1977 10.1747 9.94812 9.56445 9.63682 8.83 12.7703 10.1803 9.54594 9.15433 7.84435 7.04756 7.85672 10.4518 5.27185 2.92795 2.15318
threshold=16.185000000000006 -0.43874999999999992 0.18807366726482624 -0.67452021137499851 20210810.000000004 3.5201822470000015 4.495000000000001 0.022096211849540619 14.500000000000002 8.8214378022584405 -2.225000000000001 0.51645000000000019 20220330.500000004 0.82799955391536673 1.1925535187544434 2.4449696918000003 3686.5700000000002 0.16555390814334486 9.5000000000000018 71.810000000000016 22.422133199155329 60.410000000000004 -3.1674651954499997 20221114.500000004
decision_type=2 2 2 2 2 2 2 2 2 2 2 2 2 2 2 2 2 2 2 2 2 2 2 2
left_child=2 18 6 4 8 -6 -1 22 -3 -9 17 -12 13 -4 -15 23 -17 -5 -2 21 -21 -20 -8 -14
right_child=1 3 12 10 5 -7 7 9 -10 -11 11 -13 15 14 -16 16 -18 -19 19 20 -22 -23 -24 -25
leaf_value=0.033968584203748861 0.0011777005133708498 0.022230565220256314 0.042955887563078721 -0.023486405777379919 -0.018048868025190675 0.027887062322966592 -0.050672693184700329 -0.0056343746067262579 -0.0083295218105190749 0.02859309927199399 0.054305220455995791 0.0074547650405202767 0.057059684779348592 0.016732772432652053 -0.011430296730156785 -0.0094353892610718228 0.040237579743912878 0.024536210383334478 -0.010379570815436419 -0.030476374264514605 0.021630394828924156 -0.047344936222344203 -0.016556211470170848 0.035286914207063827
leaf_weight=6.6293672472238532 10.172348394989966 26.329132154583931 10.399792298674582 6.3427069485187548 46.288821250200272 5.3521392345428458 4.9184105694293976 41.964134737849236 15.343673273921011 9.2350979894399625 9.369596868753435 7.1252372711896887 8.8462726175785082 31.361712977290154 18.045916140079498 7.5453388839960081 5.7548851668834686 5.7276214212179184 4.83009706437588 8.4651098400354368 5.6684074997901908 15.593926548957823 5.0260594040155393 11.658220037817953
leaf_count=23 39 90 34 26 192 20 21 162 56 32 31 27 28 109 67 29 20 22 20 36 21 68 20 43
internal_value=0.00365542 -0.00347256 0.0110303 0.00275832 -0.00239071 -0.0131853 -0.00118844 -0.00509849 0.0109137 0.000524653 0.019633 0.034415 0.0199002 0.0128541 0.00638343 0.032203 0.0119737 -0.000437809 -0.0204855 -0.0269338 -0.00936245 -0.0388423 -0.034065 0.0450573
internal_weight=327.994 166.609 161.385 121.879 93.3138 51.641 67.7731 61.1437 41.6728 51.1992 28.5652 16.4948 93.6121 59.8074 49.4076 33.8047 13.3002 12.0703 44.7299 34.5575 14.1335 20.424 9.94447 20.5045
internal_count=1236 648 588 464 358 212 258 235 146 194 106 58 330 210 176 120 49 48 184 145 57 88 41 71
is_linear=0
shrinkage=0.03


Tree=26
num_leaves=13
num_cat=0
split_feature=70 80 80 303 297 114 40 130 68 19 90 301
split_gain=18.7912 19.934 20.545 18.814 12.992 11.4768 10.0061 5.47854 4.70967 5.20248 3.36116 1.40426
threshold=20250976.000000004 20240265.000000004 20210804.000000004 1.1138832330698125 1.3578750088123228 0.74495000000000011 15.000000000000002 13.500000000000002 0.62575000000000014 16.185000000000006 275645086.75000006 1.0002824858757065
decision_type=2 2 2 2 2 2 2 2 2 2 2 2
left_child=1 2 5 4 -4 6 -1 -7 9 10 -3 -5
right_child=-2 8 3 11 -6 7 -8 -9 -10 -11 -12 -13
leaf_value=0.016096707020847114 -0.037241574789571463 0.041554226524969151 0.0043919801150007955 -0.024302403136976115 -0.015112272733570374 0.038933463679908749 -0.002415867939068163 0.0040340762538591327 0.00040943250098844972 0.0056116809535734181 0.016767456032320216 -0.047283601021833828
leaf_weight=51.03741167485714 9.7402275353670102 19.530657142400745 90.271967127919197 4.811584770679473 46.401456132531166 16.708222836256031 53.516801416873932 5.6276313513517371 6.4436835348606101 7.2096028476953498 7.4642048478126517 8.5238346010446531
leaf_count=177 59 71 335 20 191 55 194 20 24 26 27 37
internal_value=0.00355531 0.00482746 0.001932 -0.00556903 -0.00221411 0.0108207 0.006599 0.0303313 0.0244249 0.0288472 0.0348985 -0.0394576
internal_weight=327.287 317.547 276.899 150.009 136.673 126.89 104.554 22.3359 40.6481 34.2045 26.9949 13.3354
internal_count=1236 1177 1029 583 526 446 371 75 148 124 98 57
is_linear=0
shrinkage=0.03


Tree=27
num_leaves=13
num_cat=0
split_feature=70 41 41 287 51 40 291 68 17 57 102 43
split_gain=18.0214 18.9697 20.4812 14.9225 16.9063 10.8817 6.51538 8.08085 5.0277 3.76755 3.76733 2.07856
threshold=20250976.000000004 20240265.000000004 20230604.500000004 -1.4250000000000005 -0.11449999999999999 5.6050000000000013 -1.4400000000000002 0.41165000000000007 18.940000000000001 0.44088353413654624 1.4023500000000002 -0.27689999999999998
decision_type=2 2 2 2 2 2 2 2 2 2 2 2
left_child=1 2 3 5 -5 -1 9 -8 10 -4 11 -3
right_child=-2 8 6 4 -6 -7 7 -9 -10 -11 -12 -13
leaf_value=0.030518499340044695 -0.036939780485489966 0.017087763724553659 -0.0098700176630026459 0.024639316570852488 0.0036031299409870084 -0.0087400785376240148 0.016573178561137804 -0.030722002791990711 0.0032999891928775461 -0.041478189514315117 0.0058893347760724628 0.038870403998622217
leaf_weight=6.8030217438936225 9.5292185842990857 5.8680941015481975 5.0733688920736375 49.788790062069893 112.20675046741962 76.876157775521278 7.0957748591899854 5.7934672832489014 8.7257666289806348 12.847658306360243 5.4207984805107108 20.31236153841019
leaf_count=23 59 22 21 172 412 290 26 26 32 59 20 74
internal_value=0.00345918 0.00469506 0.00187597 0.00477988 0.0100983 -0.00547997 -0.0211227 -0.004527 0.0238963 -0.0328009 0.0294604 0.0341858
internal_weight=326.341 316.812 276.485 245.675 161.996 83.6792 30.8103 12.8892 40.327 17.921 31.6013 26.1805
internal_count=1236 1177 1029 897 584 313 132 52 148 80 116 96
is_linear=0
shrinkage=0.03


Tree=28
num_leaves=25
num_cat=0
split_feature=75 80 106 262 90 14 4 90 281 313 293 303 199 313 190 196 276 299 80 317 3 285 16 137
split_gain=17.6667 15.5671 15.0881 14.7856 12.5502 12.2614 10.8274 11.2734 10.7516 10.2948 11.1628 10.1293 11.7825 9.71165 9.82648 9.55509 8.61179 8.81606 7.71595 7.53096 7.46778 6.2592 7.8476 4.20264
threshold=3.2800500000000006 20210810.000000004 0.36750000000000005 0.054956143830217193 19922274.935000006 18.975000000000005 69.325000000000003 72690855.555000022 15.822107593534829 0.29514816239687586 1.3649480336982944 1.0715692896543962 25.162735567096657 0.15297808790246001 1.2454764742255517 7.1145482634781514 0.17447859725374096 0.38740923941334054 20210404.000000004 0.15401743454980307 70.865000000000009 -5.3500000000000005 15.440000000000003 4.6282750000000012
decision_type=2 2 2 2 2 2 2 2 2 2 2 2 2 2 2 2 2 2 2 2 2 2 2 2
left_child=4 2 9 11 19 16 7 -4 15 18 -11 12 -3 -7 -15 -5 17 -6 -2 21 -18 22 -1 -23
right_child=1 3 6 8 5 13 -8 -9 -10 10 -12 -13 -14 14 -16 -17 20 -19 -20 -21 -22 23 -24 -25
leaf_value=-0.017035589809449893 -0.022299968276034424 -0.018284707335835718 -0.0022824174513112962 -0.027358239917127405 0.0022137972601791872 -0.012031341755057493 0.051271307696762365 0.042314965387150932 0.013814150166736929 -0.012287008616740163 0.04128366699486391 -0.030312021229309389 0.029138282889440006 0.044006302651285988 0.0054816603367631202 0.0025239631797441377 0.013005019974194034 -0.030236302006247384 0.014049148591703092 -0.0058393505962828296 -0.02610238445702031 0.042922706113355712 0.026099300390577031 0.015563337122318591
leaf_weight=5.3429699689149883 23.188289359211925 6.3605112433433595 15.764009341597562 53.21342770755291 14.071528196334841 6.656903192400935 8.7513548731803876 7.3566557168960562 8.3622879236936551 6.2237945795059186 7.6147619187831879 5.0563395470380774 16.931855991482735 14.703136518597605 10.351721510291098 11.514605343341826 29.352248415350914 15.702424690127371 6.606115609407424 6.9816855192184439 5.0310966521501532 20.877484306693081 12.098140954971312 7.3766759037971488
leaf_count=21 88 26 57 234 53 26 28 24 32 23 25 22 63 49 38 46 110 64 23 26 20 70 42 26
internal_value=0.00336458 -0.00302566 0.00725905 -0.0107101 0.0109936 0.00448154 0.0229307 0.0118997 -0.0178486 -0.00414607 0.0170601 0.00758739 0.0160373 0.0197232 0.0282937 -0.0220005 -0.00302442 -0.0148435 -0.0141201 0.0227573 0.00713658 0.0271952 0.0126924 0.0359655
internal_weight=325.49 176.944 75.505 101.439 148.546 95.8691 31.872 23.1207 73.0903 43.633 13.8386 28.3487 23.2924 31.7118 25.0549 64.728 64.1573 29.774 29.7944 52.677 34.3833 45.6953 17.4411 28.2542
internal_count=1236 691 268 423 545 360 109 81 312 159 48 111 89 113 87 280 247 117 111 185 130 159 63 96
is_linear=0
shrinkage=0.03


Tree=29
num_leaves=13
num_cat=0
split_feature=70 41 41 102 58 112 62 293 133 17 102 267
split_gain=17.0044 18.023 18.9906 14.5066 15.3489 12.5212 6.64779 5.74544 5.68164 4.72579 3.63963 2.06835
threshold=20250976.000000004 20240265.000000004 20230604.500000004 -0.42839999999999995 14.205000000000002 0.55415000000000014 10.225000000000003 1.1549589464454579 80.270576862582189 18.940000000000001 1.4023500000000002 -0.46738536559938942
decision_type=2 2 2 2 2 2 2 2 2 2 2 2
left_child=1 2 3 4 -1 -5 7 -4 -8 10 11 -3
right_child=-2 9 6 5 -6 -7 8 -9 -10 -11 -12 -13
leaf_value=0.0085210695828303561 -0.036562412684038419 0.041403960499149552 0.019406149027219446 0.0054898149273454643 -0.019328339597887892 0.026865455034799993 -0.040427860884366791 -0.024875379716593655 -0.0039975084096163394 0.0033160258955088253 0.0055464388895906545 0.023015284048603771
leaf_weight=32.078586563467979 9.2514252215623838 14.288588568568231 5.6011310219764727 143.60265086591244 39.556538641452789 29.87603859603405 14.53906197845936 4.797073021531105 5.5193646401166907 8.7189534306526166 5.4011346548795691 11.507000312209131
leaf_count=114 59 53 20 522 158 103 69 20 23 32 20 43
internal_value=0.00327296 0.00446183 0.00171746 0.00450595 -0.00682091 0.00920171 -0.0205674 -0.000779138 -0.0306219 0.0232818 0.0287377 0.0334375
internal_weight=324.738 315.486 275.57 245.114 71.6351 173.479 30.4566 10.3982 20.0584 39.9157 31.1967 25.7956
internal_count=1236 1177 1029 897 272 625 132 40 92 148 116 96
is_linear=0
shrinkage=0.03


Tree=30
num_leaves=21
num_cat=0
split_feature=81 284 108 48 282 282 215 272 277 108 290 16 280 15 14 74 163 105 17 109
split_gain=16.6977 14.3844 18.137 16.8104 14.1949 12.3775 11.9196 11.2627 11.0801 10.8993 12.7783 9.5175 8.40644 7.16984 12.6208 11.2209 6.31939 3.95667 2.61136 1.85754
threshold=6.4250000000000007 -2.3500000000000045 0.55835000000000012 0.23171469648562296 0.060262470174850952 0.022096211849540619 1.1631900395091985 -0.58340651670172983 -0.27664863659654837 0.52500000000000013 -4.754999999999999 17.685000000000006 -0.5715566215402289 16.060000000000006 17.925000000000004 25.526650000000004 2.9136859789000007 0.2472 14.815000000000003 0.25645000000000007
decision_type=2 2 2 2 2 2 2 2 2 2 2 2 2 2 2 2 2 2 2 2
left_child=13 4 3 5 6 -3 17 -5 -8 10 -6 -11 -4 14 15 -1 19 -2 -14 -15
right_child=1 2 12 7 9 -7 8 -9 -10 11 -12 -13 18 16 -16 -17 -18 -19 -20 -21
leaf_value=0.020726011216463024 -0.015226122567188926 -0.027821586212699374 0.0026950001536034328 0.008629955706399196 -0.025719151424450592 0.015108757261268205 -0.042588123431493249 -0.036318752723029549 0.0036265793505706146 0.020472044145461037 0.0006618171381736047 -0.0099536585349750614 0.027245991639023196 0.027133057520582132 0.036065140268774096 -0.034629299038884835 0.0077751647092483868 -0.04890102288309791 0.053608127803114553 0.050577285508054376
leaf_weight=5.6510496139526385 4.8022637367248562 6.6418960094451895 6.3751664608716991 7.6387769132852581 22.386485531926155 55.788667559623718 5.9504024535417583 13.847955241799353 20.020140215754509 32.607307642698288 61.53408208489418 12.683549642562864 6.5254414379596737 6.0330221503973069 8.3915359228849393 7.5253070294857025 7.2434978187084189 11.957264110445974 10.184686213731764 10.028487771749495
leaf_count=20 20 28 24 28 92 204 26 58 78 121 241 49 23 21 29 30 27 51 33 33
internal_value=0.00318402 0.000437915 0.00907878 0.0025477 -0.00492418 0.0104563 -0.0198917 -0.0202341 -0.00696986 1.39162e-05 -0.00636205 0.0118822 0.0325771 0.0201491 0.00744815 -0.0106854 0.031693 -0.0395773 0.0437153 0.0421792
internal_weight=323.817 278.944 107.003 83.9173 171.941 62.4306 42.7301 21.4867 25.9705 129.211 83.9206 45.2909 23.0853 44.8729 21.5679 13.1764 23.305 16.7595 16.7101 16.0615
internal_count=1236 1076 398 318 678 232 175 86 104 503 333 170 80 160 79 50 81 71 56 54
is_linear=0
shrinkage=0.03


Tree=31
num_leaves=13
num_cat=0
split_feature=71 75 313 106 1 69 65 262 290 69 46 297
split_gain=16.2388 16.3324 15.6451 16.9633 11.0418 11.8513 12.0995 10.6282 10.2168 9.76702 8.72012 8.71564
threshold=20250973.000000004 3.2800500000000006 0.29199464751051613 -0.10279999999999999 79.710000000000022 332.50000000000006 4.3150000000000004 0.10571476681435223 -4.754999999999999 331.50000000000006 0.45492500000000008 1.3547978301927937
decision_type=2 2 2 2 2 2 2 2 2 2 2 2
left_child=1 4 3 9 5 11 -7 -5 -4 -3 -10 -1
right_child=-2 2 8 7 -6 6 -8 -9 10 -11 -12 -13
leaf_value=0.022676787191992426 -0.036289168605786799 -0.0011155788095573546 -0.022254672456405424 0.016693552704890407 0.049350754426480577 0.039935080570614991 -0.0022580144549096213 -0.0065050151368382615 0.044447844467933303 -0.030801921878342062 0.010806563739310214 -0.016896772208606831
leaf_weight=58.270714461803436 9.0406069904565793 14.728022277355192 5.9830969572067252 26.264887154102325 6.6296095401048651 6.6265534609556189 66.756081014871597 54.336996361613274 9.4046507179737073 32.312791138887405 27.522405371069908 5.3189467787742606
leaf_count=206 59 56 23 98 22 22 249 214 31 136 99 21
internal_value=0.00309577 0.0042499 -0.00201181 -0.0072952 0.0117039 0.00982519 0.00156042 0.0010286 0.0136151 -0.0215931 0.0195523 0.0192982
internal_weight=323.195 314.155 170.553 127.643 143.602 136.972 73.3826 80.6019 42.9102 47.0408 36.9271 63.5897
internal_count=1236 1177 657 504 520 498 271 312 153 192 130 227
is_linear=0
shrinkage=0.03


Tree=32
num_leaves=14
num_cat=0
split_feature=70 80 80 303 317 115 137 207 290 187 317 204 283
split_gain=15.5881 16.7539 16.8949 17.0812 13.8268 10.3444 9.88695 7.29919 4.93213 5.12184 7.05021 1.68513 1.38942
threshold=20250976.000000004 20240265.000000004 20210804.000000004 1.1138832330698125 -0.03430281666205743 0.74495000000000011 2.7523000000000004 0.049462237227926094 2.1300000000000003 -0.45634525672499976 0.12645614636216443 9.6427672861821758 0.07652694696907901
decision_type=2 2 2 2 2 2 2 2 2 2 2 2 2
left_child=1 2 5 4 -4 6 -1 -7 9 10 -3 -11 -5
right_child=-2 8 3 12 -6 7 -8 -9 -10 11 -12 -13 -14
leaf_value=0.017220534116623342 -0.036025403622298606 0.030255172160905057 0.0054815549834610821 -0.045938162545448753 -0.014137756456209105 0.045556912622256855 -0.0017425517062370382 0.010552024246242981 -0.0038139973882543054 0.020993669554402919 -0.015411052215269628 0.04101493624557246 -0.022866491557459349
leaf_weight=40.105902433395386 8.8374002873897535 6.9370630383491498 82.540618866682053 8.3097635656595212 52.915466442704201 10.969772920012476 63.681068956851959 11.083472564816473 5.3481576442718497 6.4822114706039455 5.1829563528299332 15.388806626200674 4.6727966219186774
leaf_count=140 59 25 316 37 210 36 231 39 20 25 20 58 20
internal_value=0.00300955 0.00413021 0.001489 -0.00535205 -0.00216531 0.00958025 0.00556591 0.0282267 0.0224185 0.0266331 0.0105148 0.0353401 -0.0381016
internal_weight=322.455 313.618 274.279 148.439 135.456 125.84 103.787 22.0532 39.3392 33.991 12.12 21.871 12.9826
internal_count=1236 1177 1029 583 526 446 371 75 148 128 45 83 57
is_linear=0
shrinkage=0.03


Tree=33
num_leaves=17
num_cat=0
split_feature=61 284 108 48 282 75 282 147 266 43 313 280 135 215 2 289
split_gain=15.272 13.5295 13.7804 17.3488 14.8157 13.0357 11.8373 10.6347 10.5667 9.04424 8.71858 8.40949 6.0547 5.60541 4.75247 2.99228
threshold=4.495000000000001 -2.3500000000000045 0.55835000000000012 0.23171469648562296 0.022096211849540619 2.9178500000000001 0.060262470174850952 1.6694185860000006 -0.58340651670172983 0.49990000000000007 0.28221376883307731 -0.5715566215402289 2.2254500000000004 1.1631900395091985 61.310000000000009 -0.52500000000000024
decision_type=2 2 2 2 2 2 2 2 2 2 2 2 2 2 2 2
left_child=14 5 3 4 -3 7 13 12 -5 -9 -8 -4 -2 -7 -1 -13
right_child=1 2 11 8 -6 6 10 9 -10 -11 -12 15 -14 -15 -16 -17
leaf_value=0.0094327637028645168 0.023331951643417979 -0.027711981826351765 0 0.0082971101899363582 0.015442604278301934 -0.044254365203115008 -0.010723393695438883 2.2934654245073398e-05 -0.035389426420533235 -0.046395389756616286 0.010006663257695952 0.024801754566229042 0.003134619952969743 -0.015697278446286617 0.045956986924118745 0.051078639937210527
leaf_weight=5.3470232635736457 26.219551846385002 7.8667744547128668 6.5851902961730984 7.6030331104993847 67.892300367355347 10.715357109904291 60.823166012763977 12.541064888238909 13.682781457900999 5.2282865345478049 25.855472639203072 7.8857024610042616 27.996950402855873 16.051961094141006 9.186052203178404 10.073126673698422
leaf_count=20 96 33 25 28 248 48 248 49 58 23 97 28 105 66 31 33
internal_value=0.00292759 0.00148975 0.00926982 0.00414176 0.0108913 -0.00359778 -0.00994086 0.00635689 -0.019679 -0.0136501 -0.00450082 0.0293249 0.0129824 -0.0273629 0.0328803 0.0399078
internal_weight=321.554 307.021 121.589 97.0449 75.7591 185.432 113.446 71.9859 21.2858 17.7694 86.6786 24.544 54.2165 26.7673 14.5331 17.9588
internal_count=1236 1185 453 367 281 732 459 273 86 72 345 86 201 114 51 61
is_linear=0
shrinkage=0.03


Tree=34
num_leaves=14
num_cat=0
split_feature=70 80 80 54 305 114 62 133 290 187 110 42 204
split_gain=14.8325 15.7073 16.3132 12.7368 14.9199 12.8681 5.91613 5.41623 4.7372 4.93944 5.41953 4.32854 1.63199
threshold=20250976.000000004 20240265.000000004 20230604.500000004 0.54485000000000017 0.92738908913131013 0.61225000000000007 10.225000000000003 80.270576862582189 2.1300000000000003 -0.45634525672499976 0.13735000000000003 0.29970000000000008 9.6427672861821758
decision_type=2 2 2 2 2 2 2 2 2 2 2 2 2
left_child=1 2 3 5 -5 -1 11 -8 9 10 -3 -4 -11
right_child=-2 8 6 4 -6 -7 7 -9 -10 12 -12 -13 -14
leaf_value=0.0059021070415313801 -0.035744962323915858 0.028411468234342277 0.016413219809224614 0.011565407377648516 -0.015213026042248338 0.033653248917632751 -0.039481051272565959 -0.0035464416835575708 -0.0039438965972324758 0.020428564560572449 -0.011450603766434704 -0.022181113172599676 0.040274731554048718
leaf_weight=145.58053416013718 8.605586498975752 6.5715956538915616 5.6029783338308352 28.814366802573204 52.694715082645416 16.766910880804062 13.712534174323084 5.4860248267650595 5.3373662382364264 6.4136644005775478 5.4770269095897675 4.7157340794801712 15.053293183445929
leaf_count=531 59 24 20 104 207 57 67 23 20 25 21 20 58
internal_value=0.00284718 0.00393157 0.00137976 0.00394204 -0.00570722 0.00880561 -0.019629 -0.0294397 0.0217597 0.0259418 0.010099 -0.000980362 0.0346066
internal_weight=320.832 312.227 273.374 243.857 81.5091 162.347 29.5173 19.1986 38.8529 33.5156 12.0486 10.3187 21.467
internal_count=1236 1177 1029 899 311 588 130 90 148 128 45 40 83
is_linear=0
shrinkage=0.03


Tree=35
num_leaves=13
num_cat=0
split_feature=70 41 41 102 199 68 291 68 318 57 190 150
split_gain=14.2489 14.9546 16.247 12.7825 15.2877 10.4881 6.13555 7.03226 4.61026 4.18124 3.59694 3.21982
threshold=20250976.000000004 20240265.000000004 20230604.500000004 -0.42839999999999995 31.190833716725983 0.23410000000000003 -1.4400000000000002 0.41165000000000007 1.6290933788053821 0.43687550200803221 2.9104521891631703 3.1130087779500006
decision_type=2 2 2 2 2 2 2 2 2 2 2 2
left_child=1 2 3 4 -1 -5 9 -8 10 -4 11 -3
right_child=-2 8 6 5 -6 -7 7 -9 -10 -11 -12 -13
leaf_value=0.0090790339908723774 -0.035501828692861566 0.036986600244497417 -0.0054359394002430825 0.042063199974058607 -0.018946012472021653 0.0066755287647723939 0.016218316285447544 -0.028611079454173211 -0.0037116315850547672 -0.040021763914983771 0.0016653668687788587 0.014467258156873018
leaf_weight=30.7183957695961 8.4082548320293409 18.734373658895496 4.5042300075292649 7.8492788523435584 40.246677681803703 164.46287631988525 7.0359780192375165 5.5064412951469421 5.4560100883245459 12.639503255486487 5.0941793471574774 9.2273630052804929
leaf_count=112 59 72 19 26 160 599 26 26 21 61 20 35
internal_value=0.00276977 0.0038236 0.00133943 0.00390878 -0.00677699 0.00832839 -0.019558 -0.00329627 0.021304 -0.0311931 0.0255222 0.0297402
internal_weight=319.884 311.475 272.963 243.277 70.9651 172.312 29.6862 12.5424 38.5119 17.1437 33.0559 27.9617
internal_count=1236 1177 1029 897 272 625 132 52 148 80 127 107
is_linear=0
shrinkage=0.03


Tree=36
num_leaves=17
num_cat=0
split_feature=60 284 108 67 282 75 282 297 158 281 280 132 284 215 174 289
split_gain=14.0166 12.6567 13.527 15.9115 11.9762 11.17 10.892 9.85405 16.3942 9.54698 7.16716 7.03016 6.61001 5.26551 3.90443 2.88776
threshold=4.6750000000000007 -2.3500000000000045 0.55835000000000012 0.60699564725928445 0.022096211849540619 2.9178500000000001 0.060262470174850952 0.65691791212399109 15.891441421100003 12.409708528264241 -0.5715566215402289 38.606125000000006 3.750000000000004 1.1631900395091985 0.0082029006999999859 -0.52500000000000024
decision_type=2 2 2 2 2 2 2 2 2 2 2 2 2 2 2 2
left_child=14 5 3 4 -3 7 13 8 -2 -8 -4 -9 -5 -7 -1 -12
right_child=1 2 10 12 -6 6 9 11 -10 -11 15 -13 -14 -15 -16 -17
leaf_value=0.011988405294666962 0.015951704272467032 -0.025331416412643654 0.0020306679105171551 -0.025946291394853285 0.015229036229017267 -0.043361392208321886 -0.0086710557885785744 0.007910807740836575 -0.032094102612096991 0.019096822674786705 0.023730896663298081 0.037496682781263828 0.0076928049945915178 -0.015289048958816871 0.042240376589511894 0.049654078206984149
leaf_weight=7.1896929740905788 12.039847418665888 7.1691612750291815 6.8774376809597042 18.552869200706485 63.060893416404724 10.296414613723757 73.106586784124374 35.03809355199337 13.309116736054419 12.999884903430937 7.8377639651298567 9.1911822408437711 7.0977978110313407 15.912128508090971 9.4036469608545286 9.922061994671818
leaf_count=27 44 30 26 77 231 47 295 135 55 50 28 32 27 66 33 33
internal_value=0.00269371 0.00120573 0.00874924 0.00360635 0.0110158 -0.00377799 -0.00963595 0.00563529 -0.00918318 -0.00442672 0.028547 0.0141974 -0.0165278 -0.0265546 0.0294626 0.0385786
internal_weight=319.005 302.411 120.518 95.8807 70.2301 181.893 112.315 69.5782 25.349 86.1065 24.6373 44.2293 25.6507 26.2085 16.5933 17.7598
internal_count=1236 1176 452 365 261 724 458 266 99 345 87 167 104 113 60 61
is_linear=0
shrinkage=0.03


Tree=37
num_leaves=13
num_cat=0
split_feature=70 41 41 287 52 169 291 16 17 57 102 303
split_gain=13.569 14.1224 15.4505 12.2389 14.5083 8.8022 5.81582 7.10086 4.45658 4.00517 3.42707 2.32404
threshold=20250976.000000004 20240265.000000004 20230604.500000004 -1.4250000000000005 -0.054399999999999997 0.15927673905000003 -1.4400000000000002 16.685000000000006 18.940000000000001 0.43687550200803221 1.4023500000000002 0.96042062777789738
decision_type=2 2 2 2 2 2 2 2 2 2 2 2
left_child=1 2 3 5 -5 -1 9 -8 10 -4 11 -3
right_child=-2 8 6 4 -6 -7 7 -9 -10 -11 -12 -13
leaf_value=-0.043453601181634396 -0.035244094961587154 0.011822950949012668 -0.005460075635625187 0.022125673161747683 0.0025221574972975084 -0.0030367859993733893 -0.024687242376574711 0.020204229176705325 0.0011620077460338053 -0.039446405655266588 0.0035415170843458156 0.035824964635950009
leaf_weight=5.0980456322431555 8.1825691387057287 5.1322140544653001 4.4910201579332414 49.203635305166245 110.80304612219334 77.59746977686882 6.6353334933519346 5.8577903360128403 8.4840955883264524 12.427917435765265 5.2702944725751868 19.211850643157959
leaf_count=21 59 20 19 172 412 292 29 23 32 61 20 76
internal_value=0.00261983 0.00363928 0.00122923 0.00373047 0.00857922 -0.00561413 -0.0192515 -0.00340696 0.020726 -0.0306863 0.026207 0.0309567
internal_weight=318.395 310.213 272.114 242.702 160.007 82.6955 29.4121 12.4931 38.0985 16.9189 29.6144 24.3441
internal_count=1236 1177 1029 897 584 313 132 52 148 80 116 96
is_linear=0
shrinkage=0.03


Tree=38
num_leaves=24
num_cat=0
split_feature=63 313 103 313 177 187 106 305 290 197 106 48 139 317 54 114 138 119 200 301 201 103 200
split_gain=13.4131 14.932 14.7399 9.5257 11.1924 11.4357 9.40713 8.93387 9.12654 8.90481 10.2184 11.4389 8.63016 7.75358 6.94504 8.06723 6.53662 7.30385 6.02117 5.49446 5.37207 2.8758 2.59275
threshold=16.310000000000006 0.18807366726482624 -0.034749999999999996 0.29199464751051613 1.4749650452 0.094294447225000175 -0.10279999999999999 0.94168338027476872 -5.254999999999999 12.158098002364595 -0.12374999999999999 0.10355000000000002 57.524283575000005 0.20320293870670766 0.58211774076405942 0.26230000000000003 67.077532826717189 7700.9000000000005 184.41252453374969 0.75244825662172998 2.5160766441314086 -0.069749999999999993 58.940984798563136
decision_type=2 2 2 2 2 2 2 2 2 2 2 2 2 2 2 2 2 2 2 2 2 2 2
left_child=1 9 16 4 5 -4 -6 19 -9 10 12 -12 -1 -10 18 -16 -2 22 -5 -3 -19 -21 -18
right_child=2 7 3 14 6 -7 -8 8 13 -11 11 -13 -14 -15 15 -17 17 20 -20 21 -22 -23 -24
leaf_value=-0.0022133305408493617 0.011956073410979153 0.0048338049250230344 -0.016909075454410234 0.044417748540858185 -0.018535127533203369 0.015139782125535553 0.024904724629787874 -0.027714167095772582 0.017132457464059614 0.030296419310454077 0.017385082922763768 -0.018755268957525075 -0.037716703374434238 -0.020550103130206453 -0.025332473881431145 0.018923708647842628 -0.01375338725527731 -0.027319253537188323 0.0090962508808182258 0.016276102091391721 0.010663910097704172 0.041959650330808243 -0.038438931903476102
leaf_weight=12.314514577388765 5.3259991556406012 6.6374036520719555 48.143261834979057 9.5261169224977511 5.8276886641979244 12.467987656593321 17.790109306573868 5.1937633603811255 49.557170897722244 6.7434300482273093 22.455027565360069 11.968821428716181 12.655609518289564 5.299912527203559 6.2509627342224112 8.7973716706037504 5.5443930253386524 5.6299120336770994 8.4935187697410566 5.711045175790793 7.8600045889616013 18.882193803787228 18.478209033608437
leaf_count=49 21 24 200 32 24 49 65 21 179 24 82 50 55 22 25 33 23 24 32 21 31 66 84
internal_value=0.00254717 0.00876863 -0.00355167 0.00192876 -0.0034009 -0.010253 0.0140265 0.0166303 0.00975994 -0.00204535 -0.00581252 0.00471463 -0.0204058 0.0134065 0.015564 0.000296116 -0.0185972 -0.0230351 0.0280767 0.0296717 -0.0050517 0.036207 -0.0329465
internal_weight=317.554 157.419 160.136 117.297 84.229 60.6112 23.6178 91.2815 60.0508 66.1374 59.394 34.4238 24.9701 54.8571 33.068 15.0483 42.8385 37.5125 18.0196 31.2306 13.4899 24.5932 24.0226
internal_count=1236 593 643 460 338 249 89 333 222 260 236 132 104 201 122 58 183 162 64 111 55 87 107
is_linear=0
shrinkage=0.03


Tree=39
num_leaves=10
num_cat=0
split_feature=61 303 70 41 41 149 318 135 19
split_gain=13.3709 12.2716 13.9327 14.5085 18.434 6.77985 5.54169 4.04933 1.10897
threshold=4.495000000000001 1.1552604006831293 20250920.500000004 20240213.500000004 20230618.500000004 10.895873353500003 1.6290933788053821 1.8698000000000004 14.815000000000003
decision_type=2 2 2 2 2 2 2 2 2
left_child=7 2 3 4 -2 -3 -5 -1 -7
right_child=1 5 -4 6 -6 8 -8 -9 -10
leaf_value=0.044131751751978698 0.0038098864002443075 0 -0.036193543330544461 0.027074616691321478 -0.024141544507248258 -0.05180106389149898 -0.0060908998955360614 0.010508968090420691 -0.027911971346407244
leaf_weight=8.4187287241220456 221.23386822640896 6.1582395881414405 8.0013932287693006 29.021460011601448 23.378292188048363 4.6390648484230024 5.164259359240531 5.7534907907247534 4.9536054730415344
leaf_count=30 819 25 58 114 108 20 20 21 21
internal_value=0.00247753 0.00112829 0.00255708 0.00369254 0.00111745 -0.0245505 0.0219738 0.0308614 -0.0401896
internal_weight=316.722 302.55 286.799 278.798 244.612 15.7509 34.1857 14.1722 9.59267
internal_count=1236 1185 1119 1061 927 66 134 51 41
is_linear=0
shrinkage=0.03


Tree=40
num_leaves=13
num_cat=0
split_feature=61 282 313 106 69 43 301 305 302 290 2 181
split_gain=12.6951 11.8973 11.5538 12.8161 14.3637 10.8061 9.27539 8.25432 8.24962 6.7694 4.60034 2.30239
threshold=4.495000000000001 0.016182375165814208 0.29199464751051613 -0.10279999999999999 332.50000000000006 1.5733500000000002 1.2886414946871665 0.92738908913131013 0.18040000000000003 -1.3099999999999994 61.310000000000009 0.39007785955000002
decision_type=2 2 2 2 2 2 2 2 2 2 2 2
left_child=10 8 3 4 -3 -5 7 -4 11 -10 -1 -2
right_child=1 2 6 5 -6 -7 -8 -9 9 -11 -12 -13
leaf_value=0.0068377912880145551 -0.049403306167499793 0.0037278017810263462 0.038619341351517289 0.010396879715325892 -0.020391893742250106 -0.0090934630189690238 -0.019047299269700755 0.011352456169596176 -0.029799535007422096 0.019637367711246977 0.043229072203424909 -0.020385457020198384
leaf_weight=5.1906153559684745 6.5820810571312922 41.398906514048576 14.348331481218336 102.35661520063877 47.36656166613102 33.889701999723911 6.1974767744541159 34.583554565906525 4.0937446355819702 6.0420741662383062 8.884305611252783 4.990546777844429
leaf_count=20 29 161 49 392 198 136 24 132 19 22 31 23
internal_value=0.00240805 0.00109436 0.00276437 -0.000240273 -0.00911753 0.00552376 0.0150604 0.0194716 -0.0202329 -0.00013262 0.0301631 -0.0374286
internal_weight=315.925 301.85 280.141 225.012 88.7655 136.246 55.1294 48.9319 21.7084 10.1358 14.0749 11.5726
internal_count=1236 1185 1092 887 359 528 205 181 93 41 51 52
is_linear=0
shrinkage=0.03


Tree=41
num_leaves=14
num_cat=0
split_feature=70 41 41 303 317 130 41 95 290 187 317 301 279
split_gain=12.4161 12.6797 13.4593 14.6856 14.1672 9.64414 14.4066 11.7266 4.75273 4.62509 6.37199 1.98867 1.29659
threshold=20250976.000000004 20240265.000000004 20210810.000000004 1.1022862219764162 -0.03430281666205743 14.500000000000002 20210319.500000004 -14.981803653270644 2.1300000000000003 -0.45634525672499976 0.12645614636216443 0.98415442418102006 0.030438710258473532
decision_type=2 2 2 2 2 2 2 2 2 2 2 2 2
left_child=1 2 5 4 -4 7 -7 -1 9 10 -3 -5 -11
right_child=-2 8 3 11 -6 6 -8 -9 -10 12 -12 -13 -14
leaf_value=-0.0057752329902191262 -0.034808020878431531 0.027906655830698193 0.0055897891207072718 -0.019044976966076689 -0.014743267350831188 -0.01326228823541558 0.019994288922659514 0.02178954207616482 -0.0063100354204408049 0.037230801511079409 -0.016104349259449251 -0.044522297693805238 0.017515810595085338
leaf_weight=18.140776053071022 7.7825076654553405 6.6589751541614515 80.951722785830498 5.2882898598909369 49.605830103158951 33.874725982546806 17.778020277619362 56.601694166660309 5.2182415425777426 15.384729981422426 5.0960941463708878 8.1788332313299161 4.8974276185035697
leaf_count=67 59 25 314 23 200 127 62 198 20 63 20 38 20
internal_value=0.00233906 0.00329943 0.00102417 -0.00523142 -0.00211824 0.0081745 -0.00174144 0.0150604 0.0196872 0.0240215 0.00859891 -0.0349531 0.0327268
internal_weight=315.458 307.675 270.42 144.025 130.558 126.395 51.6527 74.7425 37.2555 32.0372 11.7551 13.4671 20.2822
internal_count=1236 1177 1029 575 514 454 189 265 148 128 45 61 83
is_linear=0
shrinkage=0.03


Tree=42
num_leaves=24
num_cat=0
split_feature=63 103 313 132 11 132 13 15 305 41 191 197 106 47 139 10 302 145 280 293 70 100 102
split_gain=12.2823 13.6271 13.1833 8.61587 10.8771 10.1713 12.6826 11.5878 8.49641 8.79611 10.664 8.2813 9.27682 10.5098 8.18123 7.48321 6.11621 5.95917 5.30701 4.74619 4.65595 4.37261 3.34045
threshold=16.310000000000006 -0.034749999999999996 0.18807366726482624 67.562000000000012 19.125000000000004 34.899025000000002 21.225000000000005 19.440000000000001 0.94168338027476872 20220619.000000004 2.138594579363795 12.158098002364595 -0.12374999999999999 0.43000000000000005 57.524283575000005 25.125000000000004 -0.54626575212576112 2.4449696918000003 -0.72663926650433608 1.0429844030593378 20211121.000000004 9286.7500000000018 -0.19259999999999997
decision_type=2 2 2 2 2 2 2 2 2 2 2 2 2 2 2 2 2 2 2 2 2 2 2
left_child=2 15 11 5 19 7 -7 -3 18 10 -10 12 14 -14 -1 16 -2 -11 -4 -5 -6 -18 -20
right_child=1 3 8 4 20 6 -8 -9 9 17 -12 -13 13 -15 -16 -17 21 -19 22 -21 -22 -23 -24
leaf_value=-0.0018464780705387835 -0.0010596547000351851 0.0015735082068417236 0.0011559791955553075 0.01601097047287519 0.047373009283373124 -0.00070329802744319245 -0.031563631974581695 0.046021614490836638 -0.030129690012325922 0.039352415514182532 0.008584887479788474 0.029262717808973254 0.016628418172408215 -0.018176716058917741 -0.03661887102203866 0.0081500104611497183 -0.039210645167904144 0.0054289578483767281 0.021324240080040989 -0.022587099264148359 0.012032906539056041 -0.011878872776688398 0.044315548429405424
leaf_weight=12.21440088003874 8.1969667077064496 28.865719445049763 5.4810649305582073 5.0619032233953494 8.9294546991586667 37.186672322452068 17.736380442976952 6.4069761559367171 7.8981111645698538 11.402840569615366 31.936721742153168 6.7310548275709143 22.299935385584831 11.838056959211825 12.459574423730372 7.7461303845047942 18.415749914944175 8.2767293304204923 11.272173404693609 6.2540677487850189 5.9027298912405959 8.0219118297100049 14.007245048880572
leaf_count=49 32 111 21 20 29 150 74 23 31 44 115 24 82 50 55 31 87 32 41 28 25 33 49
internal_value=0.00227446 -0.00358505 0.008261 0.00169991 0.0168435 -0.00267084 -0.0107628 0.00983921 0.0156937 0.00897757 0.000777543 -0.00193897 -0.00560455 0.00445356 -0.0196035 -0.0181338 -0.0241052 0.0253363 0.0285195 -0.00506947 0.0336845 -0.0311065 0.0343063
internal_weight=314.543 158.725 155.818 116.344 26.1482 90.1957 54.9231 35.2727 90.2749 59.5144 39.8348 65.543 58.812 34.138 24.674 42.3808 34.6346 19.6796 30.7605 11.316 14.8322 26.4377 25.2794
internal_count=1236 643 593 460 102 358 224 134 333 222 146 260 236 132 104 183 152 76 111 48 54 120 90
is_linear=0
shrinkage=0.03


Tree=43
num_leaves=14
num_cat=0
split_feature=70 287 48 215 106 137 165 82 200 280 302 282 299
split_gain=11.8343 12.3193 13.6296 10.8609 15.8212 9.66235 13.792 12.0716 9.63036 8.05414 10.2666 7.11875 5.34599
threshold=20250976.000000004 -1.3500000000000003 -0.26059999999999994 1.3245050962820362 0.16650000000000004 2.6441250000000003 0.05096026480000005 7.2100000000000009 28.393977688359609 0.0090351480696376375 -0.3803999999999999 0.063213607584298462 0.36101264028282276
decision_type=2 2 2 2 2 2 2 2 2 2 2 2 2
left_child=1 5 -3 8 -5 6 11 -8 -4 10 -7 -1 -11
right_child=-2 2 3 4 -6 9 7 -9 -10 12 -12 -13 -14
leaf_value=-0.0010294248628560222 -0.034574267497077524 0.046974121008206929 0.020444501336821012 0.0020658802182805481 0.024643751585708543 -0.035854900131362943 0.024890514361034219 -0.018707892441543052 -0.0073433206859473696 0.0015245944891171185 0.0083203518440361137 0.041256756276727681 -0.029018525525096841
leaf_weight=5.1088820844888678 7.5649674013257018 7.499691814184188 13.404117777943609 65.00698347389698 49.335465908050537 5.9229507148265865 7.6770353913307217 21.188314750790596 65.728730633854866 6.1694231033325186 21.968154475092888 10.881054252386091 26.295198038220406
leaf_count=20 59 26 49 253 180 25 28 86 258 23 83 38 108
internal_value=0.00221349 0.0031432 0.00750193 0.0059329 0.0118468 -0.00515362 0.00533854 -0.00696298 -0.00257868 -0.0129968 -0.0010481 0.0276372 -0.0231353
internal_weight=313.751 306.186 200.975 193.475 114.342 105.211 44.8553 28.8654 79.1328 60.3557 27.8911 15.9899 32.4646
internal_count=1236 1177 766 740 433 411 172 114 307 239 108 58 131
is_linear=0
shrinkage=0.03


Tree=44
num_leaves=28
num_cat=0
split_feature=75 41 107 290 90 262 313 14 287 56 313 190 113 41 281 276 318 210 54 1 295 284 156 45 267 198 204
split_gain=11.654 11.4188 12.2836 12.5491 10.5663 10.2852 10.0051 10.3321 9.512 9.22856 9.18778 8.76149 8.67352 8.27349 8.15664 7.71566 7.35645 7.24934 6.44464 5.80304 4.73242 3.89026 3.43732 2.34923 2.21687 2.00481 1.62463
threshold=3.2800500000000006 20210721.500000004 0.087850000000000011 -3.2549999999999986 24093287.620000005 0.051134608047665793 0.15222783793632869 18.975000000000005 -0.6750000000000006 -0.032049999999999988 0.29514816239687586 1.2454764742255517 0.27855000000000002 20200924.500000004 15.822107593534829 0.17447859725374096 0.71315307919419546 35.829140186248878 0.36970000000000008 70.290000000000006 2.2433727270393984 -3.8449999999999984 0.43548011730000014 0.53815789473684228 -0.46738536559938942 8.9306594716267345 31.646950751500516
decision_type=2 2 2 2 2 2 2 2 2 2 2 2 2 2 2 2 2 2 2 2 2 2 2 2 2 2 2
left_child=4 2 3 24 8 9 18 15 17 -3 -5 -9 25 21 -14 -8 -11 19 -6 -1 23 -4 -15 -10 -2 -7 -20
right_child=1 5 13 10 6 12 7 11 20 16 -12 -13 14 22 -16 -17 -18 -19 26 -21 -22 -23 -24 -25 -26 -27 -28
leaf_value=-0.0046098086684733218 -0.046393871022962774 0.034264793913698272 -0.016852777085974362 -0.0060430356585597245 0.0011003891101309244 -0.038947781988211222 -0.014120305389221745 0.037789651016926155 0.041564435631348005 0.025678634931463312 0.028216453955054364 0.00062111694115922305 -0.013750706320552192 0.046094133431641884 0.020458858790916738 0.0099864576504502204 -0.015914522801190951 -0.026864202157017323 -0.048413728909149759 0.031763778997319074 0.0038675257122526641 0.017993717593120569 0.017258035944785918 0.022272591223060554 -0.017296959973716587 -0.015531079987569606 -0.020637235778494651
leaf_weight=7.7319968640804309 5.2172506004571915 7.4916637092828777 5.3435208350419998 20.794890612363819 7.8267253860831287 13.895574077963831 21.950393930077553 14.37029914557934 16.520935967564586 5.1005986183881786 10.471617132425306 9.7062190473079664 47.38062896579504 9.9877192527055758 7.0744574666023246 25.934189647436142 14.175690010190008 5.3179822266101828 4.6659903675317747 7.6690838038921356 5.8806638568639746 5.9995909631252307 6.8440988808870307 10.690137922763823 5.3967389911413175 5.1974665895104399 4.4559309035539627
leaf_count=30 21 28 20 77 34 69 87 50 57 20 36 37 209 33 27 98 61 21 22 27 22 21 24 40 21 24 20
internal_value=0.00215212 -0.0031319 0.00613071 -0.00411476 0.00847866 -0.00962996 0.00208416 0.00700169 0.018965 0.00619624 0.00538871 0.0229941 -0.0154313 0.0214268 -0.00922207 -0.00100801 -0.00467822 0.00283979 -0.0185375 0.0133972 0.0289317 0.00131222 0.0347173 0.0342046 -0.0321789 -0.0328438 -0.0355415
internal_weight=313.092 170.372 70.0554 41.8805 142.721 100.316 88.9097 71.9611 53.8108 26.768 31.2665 24.0765 73.5481 28.1749 54.4551 47.8846 19.2763 20.7191 16.9486 15.4011 33.0917 11.3431 16.8318 27.2111 10.614 19.093 9.12192
internal_count=1236 691 253 155 545 438 348 272 197 109 113 87 329 98 236 185 81 78 76 57 119 41 57 97 42 93 42
is_linear=0
shrinkage=0.03


Tree=45
num_leaves=18
num_cat=0
split_feature=303 66 318 318 43 102 287 10 276 54 14 315 165 133 122 52 156
split_gain=11.4386 13.9543 12.3857 18.2302 10.8093 9.02174 8.99129 10.0221 8.97104 8.49735 7.93532 7.13809 5.70069 4.80847 3.45864 0.354013 0.308338
threshold=1.1552604006831293 3.1850000000000005 1.1118182608657612 1.0030076477408703 -0.84374999999999989 -0.94489999999999996 0.37500000000000006 22.875000000000004 0.1904623102471156 0.43305000000000005 19.125000000000004 0.52916666666666679 0.033828242500000043 40.527176063174103 0.32585000000000003 0.060100000000000008 0.05385826089999967
decision_type=2 2 2 2 2 2 2 2 2 2 2 2 2 2 2 2 2
left_child=1 2 3 4 -1 12 8 -8 -7 13 -5 16 -3 -4 -11 -14 -2
right_child=11 5 9 10 -6 6 7 -9 -10 14 -12 -13 15 -15 -16 -17 -18
leaf_value=0.036056513539166439 -0.030416890747607426 -0.0030591235048350652 0.023602336372959987 -0.027869863692121133 0.0065129159688682202 -0.020342786157700792 0.026651781126862829 -0.017792892188562531 0.00092389315783569998 0.018358039823361229 0.011683245679792573 0 -0.031471640574877391 -0.0099417908772287279 0.045622043449774607 -0.049130789209589062 -0.047861595305432214
leaf_weight=12.474574685096739 4.0709288716316205 6.1735031008720389 7.6774614155292493 19.05281408876181 104.34180773049593 26.491592355072498 17.311942860484127 6.0267118960618964 53.548848897218704 6.8826817870140102 5.8092643022537223 7.0716969445347777 4.6323840022087079 7.3793887346982956 13.960764467716215 4.4850266426801682 4.7067193388938904
leaf_count=44 20 26 29 83 401 116 65 24 214 26 21 27 20 30 49 20 21
internal_value=0.00209509 0.00343521 0.00876158 0.00473887 0.00972161 -0.00451063 -0.00128851 0.0150199 -0.00609407 0.0244964 -0.0184979 -0.0226301 -0.0259499 0.00700724 0.0368931 -0.0409228 -0.0405427
internal_weight=312.098 296.249 177.579 141.678 116.816 118.67 103.379 23.3387 80.0404 35.9003 24.8621 15.8493 15.2909 15.0569 20.8434 9.11741 8.77765
internal_count=1236 1168 683 549 445 485 419 89 330 134 104 68 66 59 75 40 41
is_linear=0
shrinkage=0.03


Tree=46
num_leaves=15
num_cat=0
split_feature=61 112 313 297 14 109 53 317 271 47 76 2 290 109
split_gain=11.3041 10.6749 11.8869 10.7819 14.3846 13.0246 8.06513 7.84883 9.17807 8.50851 6.59874 4.27433 3.58477 2.23711
threshold=4.495000000000001 0.56250000000000011 0.2940517751148885 1.3434841405462512 18.675000000000004 0.32185000000000002 0.4811457983193278 0.18427065775666321 0.21825741267572488 0.38680000000000009 6.0526000000000009 61.310000000000009 -1.6850000000000003 0.26645000000000002
decision_type=2 2 2 2 2 2 2 2 2 2 2 2 2 2
left_child=11 2 3 4 -2 -5 -3 9 -9 -4 13 -1 -12 -8
right_child=1 6 7 5 -6 -7 10 8 -10 -11 12 -13 -14 -15
leaf_value=0.0059283692374305381 -0.0053521797103403589 -0.013395458263008619 0.034689425425555968 -0.022555515750676873 0.015618642197250109 0.0023249324291363376 0.02119738285275136 0.010067897429950916 -0.038594224279635353 0.0029652635035721849 -0.012811445990078309 0.041390136418035899 0.022377111900980372 0.047803442787607606
leaf_weight=5.1015595942735663 98.257637284696102 5.887319169938567 17.912918061017994 48.652299858629704 41.887394338846207 30.600444421172142 5.2649115025997189 11.599376082420351 4.8495936021208754 13.590491868555544 4.5683929249644279 8.6213227808475477 5.6546583473682386 8.988116577267645
leaf_count=20 392 24 63 216 157 123 21 45 21 52 19 31 21 31
internal_value=0.00203526 0.000793261 -0.00111304 -0.00408158 0.000900983 -0.0129202 0.0176253 0.0123868 -0.00424423 0.0211513 0.025233 0.0285623 0.00638995 0.0384006
internal_weight=311.436 297.714 267.35 219.398 140.145 79.2527 30.3634 47.9524 16.449 31.5034 24.4761 13.7229 10.2231 14.253
internal_count=1236 1185 1069 888 549 339 116 181 66 115 92 51 40 52
is_linear=0
shrinkage=0.03


Tree=47
num_leaves=12
num_cat=0
split_feature=70 41 41 54 305 114 158 153 290 302 142
split_gain=11.0164 11.561 12.0378 10.4812 12.597 10.8593 5.23164 5.98714 4.52557 4.31915 2.74529
threshold=20250976.000000004 20240265.000000004 20230604.500000004 0.54485000000000017 0.92738908913131013 0.61225000000000007 10.448280243700003 1.1236215208440001 2.1300000000000003 0.80995000000000006 2.56466675825
decision_type=2 2 2 2 2 2 2 2 2 2 2
left_child=1 2 3 5 -5 -1 -4 -8 9 10 -3
right_child=-2 8 6 4 -6 -7 7 -9 -10 -11 -12
leaf_value=0.0046903622994306738 -0.034258830990278252 0.03603593392965844 -0.037095157466691155 0.010058136957380585 -0.014755088287117303 0.030631568353009266 0.00065636522666684524 -0.037055517472121852 -0.0067232029245701003 -0.0019485943176502051 0.015327768063381885
leaf_weight=142.81699359416962 7.2586927339434615 15.65554584562779 8.7059676200151461 28.34490504860878 51.698341548442841 16.157191231846809 14.611202672123911 4.9451829493045798 5.1625223308801642 4.9823369383811942 10.485268220305441
leaf_count=529 59 67 45 104 207 57 64 23 20 20 41
internal_value=0.00198056 0.00286797 0.000696293 0.0028987 -0.00592921 0.00736333 -0.0177684 -0.00886714 0.0187362 0.0230634 0.0279341
internal_weight=310.824 303.565 267.28 239.017 80.0432 158.974 28.2624 19.5564 36.2857 31.1232 26.1408
internal_count=1236 1177 1029 897 311 586 132 87 148 128 108
is_linear=0
shrinkage=0.03


Tree=48
num_leaves=11
num_cat=0
split_feature=61 282 303 70 41 49 106 2 151 205
split_gain=10.7134 10.3434 9.81478 11.1288 11.7866 7.80402 6.30647 4.15046 3.57016 0.625283
threshold=4.495000000000001 0.016182375165814208 1.1552604006831293 20250920.500000004 20250112.500000004 0.52936186440677979 0.5565500000000001 61.310000000000009 1.74448195895 0.7273395966035634
decision_type=2 2 2 2 2 2 2 2 2 2
left_child=7 5 3 4 -3 8 -4 -1 9 -2
right_child=1 2 6 -5 -6 -7 -8 -9 -10 -11
leaf_value=0.0055771257189979858 -0.028533470395614571 0.0030266312770755588 -0.040088519301976273 -0.03547311781064913 0.031157026377544594 0.0095358284731886303 0 0.040661529499209342 -0.0091407485442002254 -0.04822379333415832
leaf_weight=5.0786452144384375 4.1018473282456416 240.48121055960655 7.6892195641994459 6.2763909772038451 14.138603165745733 5.8445181101560584 6.6298394426703453 8.49699918925762 5.0792654007673255 6.1059609055519104
leaf_count=20 19 922 35 50 59 25 26 31 21 28
internal_value=0.00192605 0.000717398 0.00228282 0.00362301 0.00461206 -0.0194439 -0.0217835 0.0278926 -0.0307083 -0.0409562
internal_weight=309.922 296.347 275.215 260.896 254.62 21.1316 14.3191 13.5756 15.2871 10.2078
internal_count=1236 1185 1092 1031 981 93 61 51 68 47
is_linear=0
shrinkage=0.03


Tree=49
num_leaves=17
num_cat=0
split_feature=287 48 11 60 281 108 169 137 165 61 286 280 302 51 299 113
split_gain=10.3687 13.1573 11.5046 17.8825 13.27 10.992 9.26213 9.31562 16.8562 11.0758 8.94636 8.02782 9.42215 7.73493 4.75359 3.33533
threshold=-1.3500000000000003 -0.26059999999999994 21.975000000000005 13.250000000000002 7.6986394800504785 0.52500000000000013 0.15927673905000003 2.6441250000000003 1.0000000180025095e-35 7.2900000000000009 -5.5799999999999974 0.0090351480696376375 -0.3803999999999999 0.072250000000000023 0.36101264028282276 0.28965000000000007
decision_type=2 2 2 2 2 2 2 2 2 2 2 2 2 2 2 2
left_child=6 -2 3 10 13 -5 -1 8 15 -10 -3 12 -9 -4 -13 -8
right_child=1 2 4 5 -6 -7 7 11 9 -11 -12 14 -14 -15 -16 -17
leaf_value=-0.041596389077777213 0.045049954127638001 -0.0062487526118702227 0.041207825332687846 -0.019474476711779796 -0.018050078981688727 0.0050288445618650018 0.016490376281128427 -0.034048742480419163 0.024075460280104499 -0.01733360245379393 0.016212708571062589 0.0014260847035896817 0.01035998373681145 0.013206120631855351 -0.02727475617736707 0.047475645270110473
leaf_weight=6.017409771680831 7.3401659131050101 21.681218698620796 15.548970848321913 45.315757021307945 7.6263415813446036 25.543507479131222 6.10637418925762 5.3367997631430653 7.8856338411569622 21.020392365753651 58.233284682035446 6.2674758285284069 20.394337363541126 21.921249985694885 25.349145323038101 7.7156622111797333
leaf_count=27 26 90 54 197 32 105 24 23 30 89 220 25 78 83 107 26
internal_value=0.00187071 0.00584592 0.00433922 0.000338987 0.0176167 -0.0106045 -0.00571347 -0.00348656 0.00706463 -0.00588963 0.0100811 -0.0113988 0.00093704 0.0249846 -0.0215041 0.0342191
internal_weight=309.304 203.21 195.87 150.774 45.0966 70.8593 106.093 100.076 42.7281 28.906 79.9145 57.3478 25.7311 37.4702 31.6166 13.822
internal_count=1236 807 781 612 169 302 429 402 169 119 310 233 101 137 132 50
is_linear=0
shrinkage=0.03


Tree=50
num_leaves=13
num_cat=0
split_feature=70 41 41 318 46 284 42 189 290 187 317 204
split_gain=10.1665 10.5906 11.3399 9.82491 13.8168 10.698 5.17975 4.64776 4.27457 4.29479 5.92479 1.6296
threshold=20250976.000000004 20240265.000000004 20230618.500000004 1.1118182608657612 0.23515000000000003 -2.4399999999999973 0.26800000000000007 1.9394748117653713 2.1300000000000003 -0.45634525672499976 0.12645614636216443 9.6427672861821758
decision_type=2 2 2 2 2 2 2 2 2 2 2 2
left_child=1 2 3 4 -1 -5 -4 -8 9 10 -3 -11
right_child=-2 8 6 5 -6 -7 7 -9 -10 11 -12 -13
leaf_value=0.033739962141105771 -0.033891202836282358 0.026371178485457725 0.0011963732779440568 0.003075655683376791 -0.0022461191683149037 0.032394990110576866 -0.040818741687742008 -0.0092058244878694476 -0.0067348968124378711 0.016441363956790182 -0.016599591598544326 0.037071832891478355
leaf_weight=10.031800866127012 6.9003116115927687 6.4312885254621524 8.1849824190139788 28.157355085015297 183.07828603684902 18.81377001106739 9.9795106053352374 7.7779655307531348 5.1492084413766852 5.8356952965259579 5.0092426091432571 13.208824872970579
leaf_count=35 59 25 34 103 701 67 52 37 20 25 20 58
internal_value=0.00182008 0.00265786 0.000586131 0.00263562 -0.00034467 0.0149268 -0.0182027 -0.027269 0.0179953 0.0222789 0.00731565 0.0310258
internal_weight=308.558 301.658 266.024 240.081 193.11 46.9711 25.9425 17.7575 35.6343 30.4851 11.4405 19.0445
internal_count=1236 1177 1029 906 736 170 123 89 148 128 45 83
is_linear=0
shrinkage=0.03


Tree=51
num_leaves=17
num_cat=0
split_feature=303 66 318 318 10 103 54 207 313 14 315 165 133 105 105 156
split_gain=10.0793 12.3585 10.8682 16.5166 9.45787 8.40954 8.00634 7.43092 9.65013 7.27914 6.59301 5.2647 4.49856 3.18155 0.541886 0.28414
threshold=1.1552604006831293 3.1850000000000005 1.1118182608657612 1.0030076477408703 24.525000000000002 -0.075599999999999987 0.43305000000000005 0.24906744335939415 0.29199464751051613 19.125000000000004 0.52916666666666679 0.033828242500000043 40.527176063174103 0.32585000000000003 0.32900000000000007 0.05385826089999967
decision_type=2 2 2 2 2 2 2 2 2 2 2 2 2 2 2 2
left_child=1 2 3 4 -1 11 12 8 -7 -5 15 -3 -4 -8 -13 -2
right_child=10 5 6 9 -6 7 13 -9 -10 -11 -12 14 -14 -15 -16 -17
leaf_value=0.0060989797011144955 -0.029182196198307815 -0.0032312838304706078 0.022241796348958717 -0.027052394945658635 0.034175159930833442 -0.0094207965787960566 0.017348958570913578 0.028453222890431295 0.012005052716439792 0.010976119777482586 0 -0.028400873075042868 -0.010540244103548832 0.043845684664498938 -0.048117689855368594 -0.046384662998574563
leaf_weight=103.39334066957235 3.9027245342731458 6.1019747853279105 7.4834491163492185 18.734532617032531 12.05547224730253 69.418038718402386 6.7517613321542767 6.8887930512428275 25.809740521013737 5.7744156867265692 7.0158737748861304 4.0552240312099439 7.2686046212911606 13.482325315475462 4.8882325515151024 4.6063272058963776
leaf_count=401 20 26 29 83 44 293 26 26 100 21 27 18 30 49 22 21
internal_value=0.00177141 0.00303515 0.00808927 0.00431663 0.00908377 -0.00448644 0.0230404 -0.00135999 -0.00357574 -0.0179626 -0.0216816 -0.0253591 0.00592528 0.0352805 -0.0399221 -0.0392737
internal_weight=307.631 292.106 174.944 139.958 115.449 117.162 34.9861 102.117 95.2278 24.5089 15.5249 15.0454 14.7521 20.2341 8.94346 8.50905
internal_count=1236 1168 683 549 445 485 134 419 393 104 68 66 59 75 40 41
is_linear=0
shrinkage=0.03


Tree=52
num_leaves=11
num_cat=0
split_feature=71 287 48 215 106 18 169 280 215 202
split_gain=9.71926 10.0043 11.7261 9.60948 13.6506 8.96195 8.93808 8.08991 11.9498 7.0159
threshold=20250973.000000004 -1.3500000000000003 -0.26059999999999994 1.3245050962820362 0.16650000000000004 19.815000000000001 0.15927673905000003 1.0000000180025095e-35 -11.579976363070999 11.142884274358336
decision_type=2 2 2 2 2 2 2 2 2 2
left_child=1 6 -3 5 -5 -4 -1 9 -9 -8
right_child=-2 2 3 4 -6 -7 7 8 -10 -11
leaf_value=-0.041091260746693149 -0.033693221748802016 0.043808888565532556 0.0001535991746967903 0.0015207421006765713 0.022716484197021478 -0.035172440442344771 -0.026922166670213927 0.026941477258155194 -0.015239221702844969 0.011862772013854545
leaf_weight=5.7428633272647849 6.7084765359759322 7.2242548763751975 70.717478528618813 63.896630942821503 48.163522303104401 6.9956111013889304 4.6152108609676352 6.7360818535089484 50.064094483852386 36.10009540617466
leaf_count=25 59 26 278 253 180 29 20 24 205 137
internal_value=0.00172142 0.00253362 0.00650376 0.00504551 0.0106696 -0.00302896 -0.00501061 -0.0028151 -0.0101456 0.00733768
internal_weight=306.964 300.256 196.997 189.773 112.06 77.7131 103.258 97.5155 56.8002 40.7153
internal_count=1236 1177 766 740 433 307 411 386 229 157
is_linear=0
shrinkage=0.03


Tree=53
num_leaves=14
num_cat=0
split_feature=61 112 313 197 213 75 53 50 215 76 77 135 109
split_gain=9.60355 9.63235 10.4867 10.2421 12.5785 10.3059 7.3561 7.01262 7.15963 6.21085 4.40008 4.17704 2.08707
threshold=4.495000000000001 0.56250000000000011 0.2940517751148885 11.927744401899409 21.320219280888839 3.2240500000000005 0.4811457983193278 0.70565000000000011 3.3295371921512777 6.0526000000000009 51.485000000000007 1.8698000000000004 0.26645000000000002
decision_type=2 2 2 2 2 2 2 2 2 2 2 2 2
left_child=11 2 3 5 -5 -2 -3 8 -4 12 -11 -1 -8
right_child=1 6 7 4 -6 -7 9 -9 -10 10 -12 -13 -14
leaf_value=0.040618836443943047 0.00014962622382028756 -0.013129970330981774 0.0034627370488996101 0.023987710458811061 -0.016707356632364462 -0.014001474991259078 0.020194416723246376 -0.019700699137297398 0.028529591092894067 -0.015861807191980277 0.023520457209646167 0.0056455699937123715 0.046267747464797115
leaf_weight=7.7795522511005384 93.382979787886143 5.7921462506055859 21.369648315012455 22.235346041619781 9.680489704012869 90.993180893361568 5.1328644827008274 5.5461287945508948 20.238051138818264 4.4841415733098966 5.5614950060844421 5.4595864564180374 8.741336375474928
leaf_count=30 370 24 83 83 42 393 21 23 75 18 22 21 31
internal_value=0.00167224 0.000528857 -0.0012891 -0.00409481 0.011537 -0.00682176 0.0166989 0.0114985 0.0157664 0.0240714 0.00566235 0.0265718 0.0370499
internal_weight=306.397 293.158 263.446 216.292 31.9158 184.376 29.712 47.1538 41.6077 23.9198 10.0456 13.2391 13.8742
internal_count=1236 1185 1069 888 125 763 116 181 158 92 40 51 52
is_linear=0
shrinkage=0.03


Tree=54
num_leaves=17
num_cat=0
split_feature=303 66 304 318 318 102 303 292 177 138 54 293 315 300 55 156
split_gain=9.43534 11.5256 10.2943 10.734 12.681 7.96262 10.2296 8.3016 7.5247 10.3947 7.19588 6.45202 6.3235 5.79226 3.968 0.281141
threshold=1.1552604006831293 3.1850000000000005 0.88789275107098387 1.1118182608657612 1.0030076477408703 0.58445000000000003 1.0644452829707134 -0.5599999999999995 1.5167854943500003 86.051129214537511 0.43305000000000005 1.1871547347817146 0.52916666666666679 0.92950659513115086 0.075600000000000014 0.05385826089999967
decision_type=2 2 2 2 2 2 2 2 2 2 2 2 2 2 2 2
left_child=1 2 14 4 -4 8 7 -7 11 -10 -5 -3 15 -8 -1 -2
right_child=12 5 3 10 -6 6 13 -9 9 -11 -12 -13 -14 -15 -16 -17
leaf_value=0.040727737224357484 -0.028498144465202328 -0.026492851558773369 0.0060413619604580788 0.0039684087619388971 -0.018199898038400591 0.007606949208780551 0.0027258659740908319 -0.028990750315118018 0.039110898644399823 -0.0072639417019302885 0.03372046767199053 -0.006031011164848942 0 0.045925331040659531 0.00920410724500202 -0.045647035582160649
leaf_weight=10.940631985664369 3.8496322929859144 26.455677755177021 102.78288125246763 12.943531155586244 23.819098517298698 17.567683070898056 4.7239035293459875 8.0175626352429408 5.7881845831871059 16.369540117681026 17.60571626573801 30.19612567871809 6.9965704604983321 7.3836579099297523 5.8440858572721472 4.5432101786136627
leaf_count=39 20 116 401 52 102 69 20 35 21 67 66 131 27 26 23 21
internal_value=0.00162746 0.00285234 0.00774785 0.00532927 0.00144613 -0.00443123 0.00685056 -0.00381297 -0.00986691 0.0048369 0.0212667 -0.0156691 -0.0211646 0.0294767 0.0300491 -0.0385626
internal_weight=305.828 290.438 173.936 157.151 126.602 116.502 37.6928 25.5852 78.8095 22.1577 30.5492 56.6518 15.3894 12.1076 16.7847 8.39284
internal_count=1236 1168 683 621 503 485 150 104 335 88 118 247 68 46 62 41
is_linear=0
shrinkage=0.03


Tree=55
num_leaves=14
num_cat=0
split_feature=70 112 81 168 69 284 313 118 303 304 275 281 214
split_gain=9.29527 10.0159 11.6639 11.3417 13.381 10.061 8.54549 8.8287 8.14058 7.60413 6.39223 6.38588 4.62531
threshold=20250976.000000004 0.54585000000000006 12.845000000000001 8.9757771579000032 331.50000000000006 -3.5249999999999981 0.20824244910853199 5664.8200000000006 1.0080243544854617 1.1773547308517167 0.65615070306944756 3.2389847663556375 -4.7920579400850825
decision_type=2 2 2 2 2 2 2 2 2 2 2 2 2
left_child=1 2 6 4 -4 10 7 -1 -8 12 11 -3 -7
right_child=-2 5 3 -5 -6 9 8 -9 -10 -11 -12 -13 -14
leaf_value=-0.0071234857188313648 -0.033526723974092509 -0.033484477044668365 0.0059618293625123379 0.025015780326022256 -0.01442930546309343 0.0087644160326120907 0.029938780107073151 0.020335366403963429 0.0042569320972456158 -0.0065761438526567321 0.029829232517698388 0.0033043343449373217 0.041861550604727814
leaf_weight=41.929094791412354 6.5285434499382964 5.6593829542398515 41.962739735841751 9.9262752383947355 91.877118736505508 5.2739899158477845 22.712002664804459 13.96207273006439 22.332719892263412 4.8425978422164908 5.3963184505701056 15.701477050781248 17.075890108942986
leaf_count=165 59 24 162 37 385 20 84 52 86 20 20 61 61
internal_value=0.00158258 0.00237107 -0.000198357 -0.00569682 -0.00801401 0.0140597 0.00760148 -0.000186391 0.0173101 0.0268794 0.000868088 -0.00641338 0.0342589
internal_weight=305.18 298.652 244.702 143.766 133.84 53.9497 100.936 55.8912 45.0447 27.1925 26.7572 21.3609 22.3499
internal_count=1236 1177 971 584 547 206 387 217 170 101 105 85 81
is_linear=0
shrinkage=0.03


Tree=56
num_leaves=13
num_cat=0
split_feature=70 41 41 205 46 44 113 156 290 261 147 296
split_gain=8.95716 9.60281 10.2418 9.04786 10.204 7.91468 5.30633 5.80152 4.08051 4.20153 3.16129 1.79303
threshold=20250976.000000004 20240265.000000004 20230618.500000004 3.2677609781095991 0.23515000000000003 -0.013449999999999998 0.24330000000000004 -0.82150816964999984 2.1300000000000003 0.24483549392908902 1.8048506202000001 0.86596006285374194
decision_type=2 2 2 2 2 2 2 2 2 2 2 2
left_child=1 2 3 4 -1 -5 7 -4 9 10 -3 -8
right_child=-2 8 6 5 -6 -7 11 -9 -10 -11 -12 -13
leaf_value=0.032842661270359855 -0.033357787961669952 0.032260077923514464 -0.033018173466153954 0.03990280653290635 -0.0010245164790377817 0.0050286348985578823 -0.015444508980653937 0.0096908325781676317 -0.007109177249136853 -0.00097128758228330939 0.0036082331492844066 -0.040539638528522381
leaf_weight=8.2303498685359937 6.3676956072449675 19.280942291021354 4.0983141958713523 10.026604965329172 204.98290891945362 14.52509321272373 4.7624775767326337 8.7785037383437174 5.1068828701972953 5.815710946917533 4.5490971058607093 7.8362936079502106
leaf_count=29 59 86 21 35 787 55 22 38 20 22 20 42
internal_value=0.00154104 0.00230778 0.000336791 0.00228745 0.000283527 0.0194966 -0.0176893 -0.0038207 0.0171076 0.0213899 0.0269538 -0.031486
internal_weight=304.361 297.993 263.241 237.765 213.213 24.5517 25.4756 12.8768 34.7526 29.6458 23.83 12.5988
internal_count=1236 1177 1029 906 816 90 123 59 148 128 106 64
is_linear=0
shrinkage=0.03


Tree=57
num_leaves=19
num_cat=0
split_feature=287 305 11 60 281 106 196 168 313 137 297 43 51 261 204 165 105 167
split_gain=8.82861 10.3606 11.5821 15.8051 11.4439 9.71463 9.33619 7.5366 9.6396 11.072 9.24497 8.87404 7.32041 6.89769 5.70409 3.44607 1.51562 1.45183
threshold=-1.3500000000000003 0.84424207872508539 21.975000000000005 13.250000000000002 7.6986394800504785 0.17020000000000005 1.7211891668657116 8.9757771579000032 0.21228244937114069 2.5575750000000004 1.3111741304290074 0.31600000000000006 0.072250000000000023 0.064097203945442174 33.976484211137183 -0.087360541549999851 0.32235000000000008 7.6653128255000018
decision_type=2 2 2 2 2 2 2 2 2 2 2 2 2 2 2 2 2 2
left_child=7 15 3 6 12 -5 -3 8 10 14 13 -11 -4 -1 -10 -2 -17 -12
right_child=1 2 4 5 -6 -7 -8 -9 9 11 17 -13 -14 -15 -16 16 -18 -19
leaf_value=-0.034971866135827784 0.0085891029134038434 0.00020207747745040717 0.04137160131642674 -0.022416222469003256 -0.017109321993043689 0.00074443061765979844 0.022229276341855713 0.019838962356254479 0.0045581329444973435 0.0047368134619392042 -0.023190840757922104 -0.024027806230075572 0.012895686595945009 0.0014979847820997833 0.039406618786611364 0.023593661506479274 0.048785585872471969 -0.045339896919023355
leaf_weight=6.152116276323798 5.9710219576954868 47.470458440482616 13.398137554526327 35.533309265971184 7.2564212977886191 29.580063782632351 27.421290256083012 9.3963637948036176 10.303825952112676 19.594570569694042 5.1334938779473296 18.614082202315331 21.936737596988678 17.843184933066368 7.384935498237609 4.9275947213172895 5.8588568419218063 9.7652364894747716
leaf_count=29 24 188 47 160 31 124 108 36 42 77 24 78 84 70 26 20 21 47
internal_value=0.00149824 0.00520395 0.00310612 -0.00104406 0.0167893 -0.0118637 0.00832613 -0.00556173 -0.00812948 -8.91258e-05 -0.0195781 -0.00922426 0.023864 -0.00783429 0.0194155 0.0277307 0.0378751 -0.0381138
internal_weight=303.542 199.354 182.596 140.005 42.5913 65.1134 74.8917 104.188 94.7914 55.8974 38.894 38.2087 35.3349 23.9953 17.6888 16.7575 10.7865 14.8987
internal_count=1236 807 742 580 162 284 296 429 393 223 170 155 131 99 68 65 41 71
is_linear=0
shrinkage=0.03


Tree=58
num_leaves=10
num_cat=0
split_feature=303 71 287 48 295 169 137 315 156
split_gain=8.67268 10.3927 10.0841 10.6302 9.13558 8.14663 8.97006 6.07329 0.283947
threshold=1.1552604006831293 20250917.500000004 -1.3500000000000003 -0.26059999999999994 5.2515748161726217 0.15927673905000003 2.59355 0.52916666666666679 0.05385826089999967
decision_type=2 2 2 2 2 2 2 2 2
left_child=1 2 5 -4 -5 -1 -7 8 -2
right_child=7 -3 3 4 -6 6 -8 -9 -10
leaf_value=-0.039700727307374367 -0.027692718578419529 -0.034668760528718326 0.044248596501133566 0.0075776530710409649 -0.028663720839783288 0.0092288214004660335 -0.0097400238991123961 0 -0.04491338758307338
leaf_weight=5.4038553684949866 3.759139806032179 6.4530605450272551 6.8173449188470832 169.57138621807098 6.3722058534622184 37.41426045447588 55.516269072890282 6.9803674817085257 4.4653003811836243
leaf_count=24 20 59 25 663 26 147 224 27 21
internal_value=0.00145935 0.00263896 0.00351812 0.00769041 0.00623251 -0.00420583 -0.00206912 -0.0205244 -0.03783
internal_weight=302.753 287.548 281.095 182.761 175.944 98.3344 92.9305 15.2048 8.22444
internal_count=1236 1168 1109 714 689 395 371 68 41
is_linear=0
shrinkage=0.03


Tree=59
num_leaves=11
num_cat=0
split_feature=61 282 140 112 315 284 302 114 135 181
split_gain=8.62375 9.07574 9.05417 9.14139 12.8197 8.24849 7.07053 4.53745 4.13561 1.80623
threshold=4.495000000000001 0.016182375165814208 2.7616242895000003 0.53750000000000009 0.57916666666666672 -3.5249999999999981 0.18040000000000003 1.0000000180025095e-35 1.8698000000000004 0.39007785955000002
decision_type=2 2 2 2 2 2 2 2 2 2
left_child=8 6 -3 4 -4 -5 9 -8 -1 -2
right_child=1 2 3 5 -6 -7 7 -9 -10 -11
leaf_value=0.039637074512396286 -0.046394551569008763 0.040613429275457184 0.00028473325312028402 0.00027751002682103662 -0.025800152217671003 0.021836316218265751 -0.02524332524946624 0.016256251389610711 0.0044631712076758047 -0.019402645068993998
leaf_weight=7.5050061494111997 6.1889203786849993 5.2095699161291114 180.65871515870094 33.023971065878868 18.589807480573654 31.366653814911842 3.8323331326246244 5.8709541261196136 5.3693951815366745 4.6013195812702179
leaf_count=30 29 18 733 136 79 126 17 24 21 23
internal_value=0.00141533 0.000331764 0.00181156 0.00101834 -0.00214565 0.0108436 -0.0188501 0 0.0253461 -0.0354436
internal_weight=302.217 289.342 268.849 263.639 199.249 64.3906 20.4935 9.70329 12.8744 10.7902
internal_count=1236 1185 1092 1074 812 262 93 41 51 52
is_linear=0
shrinkage=0.03


Tree=60
num_leaves=19
num_cat=0
split_feature=102 82 46 186 132 137 313 55 11 10 118 200 276 13 151 112 292 46
split_gain=8.33279 10.4037 8.28118 9.0062 9.78763 11.7877 9.65753 8.49365 8.24721 7.07208 6.8667 6.64873 8.19017 8.07576 5.02421 4.96676 4.93806 4.29125
threshold=-0.43874999999999992 14.205000000000002 0.22905000000000003 -0.88139629377499995 67.562000000000012 2.7167000000000003 0.15185821667532318 0.091700000000000018 18.975000000000005 25.125000000000004 10533.955000000002 148.39453548798525 -0.0056976329147653817 17.025000000000002 0.61335672115000006 0.54585000000000006 -1.8699999999999999 0.34750000000000009
decision_type=2 2 2 2 2 2 2 2 2 2 2 2 2 2 2 2 2 2
left_child=1 11 -2 4 5 -4 -5 -8 -6 10 15 12 14 -13 -1 -3 -12 -14
right_child=2 9 3 6 8 -7 7 -9 -10 -11 16 13 17 -15 -16 -17 -18 -19
leaf_value=-0.032499340517199819 0.030789040933716687 -0.035558424490341661 0.0056248880229735508 -0.02205009778196285 -0.0066765254720596344 -0.013220632730085499 0.028018996902302345 0.0047825366209354285 0.03025086896062925 0.0074239767305550545 0.019981754732914539 -0.047049945356163567 0.0049812075342150234 0.0067403017182330726 0.0087961589919847236 -0.00058024110344284154 -0.022673130480943583 0.034704377318938287
leaf_weight=4.6090140193700808 10.205149069428442 22.593868240714077 55.448886811733246 6.370255894958972 8.3543432280421275 64.195433504879475 28.670507714152336 28.691631227731705 14.769790954887865 8.8581447675824148 5.0386488139629364 4.2778209522366506 7.3903351575136211 5.6595520079135895 5.8248162642121315 4.5676060840487471 4.5541038513183576 11.765599086880682
leaf_count=21 38 107 225 28 37 266 108 117 54 36 20 20 30 22 23 22 20 42
internal_value=0.00137527 -0.00655782 0.00450745 0.00317983 -0.000988263 -0.00446426 0.0125508 0.0164772 0.0168092 -0.0163196 -0.022128 0.00464378 0.0118281 -0.0163544 -0.00929616 -0.0298101 0 0.0234784
internal_weight=301.846 85.1395 216.706 206.501 142.768 119.644 63.7324 57.3621 23.1241 45.6124 36.7542 39.5271 29.5898 9.93737 10.4338 27.1615 9.59275 19.1559
internal_count=1236 363 873 835 582 491 253 225 91 205 169 158 116 42 44 129 40 72
is_linear=0
shrinkage=0.03


Tree=61
num_leaves=10
num_cat=0
split_feature=303 70 70 70 46 315 261 150 156
split_gain=8.2444 9.88788 9.77801 9.9501 9.7248 5.75627 4.98847 4.37206 0.271041
threshold=1.1552604006831293 20250920.500000004 20240213.500000004 20231022.000000004 0.23515000000000003 0.52916666666666679 0.24483549392908902 2.7954193352500005 0.05385826089999967
decision_type=2 2 2 2 2 2 2 2 2
left_child=1 2 3 4 -1 8 7 -4 -2
right_child=5 -3 6 -5 -6 -7 -8 -9 -10
leaf_value=0.028350614849572835 -0.027179275773751836 -0.0344531171250042 0.034119003330405864 -0.033646810362832263 0.0009652574495899116 0 -0.0055608724603524841 0.0075926891900988712 -0.044240044761139019
leaf_weight=12.217584684491156 3.7121618241071683 6.2624887749552718 16.38561266660691 6.9983886182308188 229.37914832681417 6.9480820894241324 5.7624029517173758 9.0645992606878263 4.3938654586672783
leaf_count=44 20 59 75 35 894 27 22 39 21
internal_value=0.00133765 0.00248848 0.00333801 0.00133448 0.00237371 -0.0202055 0.0191443 0.0248552 -0.0372191
internal_weight=301.124 286.07 279.808 248.595 241.597 15.0541 31.2126 25.4502 8.10603
internal_count=1236 1168 1109 973 938 68 136 114 41
is_linear=0
shrinkage=0.03


Tree=62
num_leaves=20
num_cat=0
split_feature=112 52 64 198 303 160 19 59 290 2 123 147 267 130 293 42 75 280 186
split_gain=8.25177 8.95581 10.9901 10.3374 9.85491 9.33957 12.7528 8.29625 11.2248 7.65253 7.56644 8.82403 7.6343 6.75486 6.63767 6.46722 6.59216 3.12065 2.52437
threshold=0.56250000000000011 0.11659270833333339 17.265000000000004 10.478752023129365 0.96182754463331366 0.46939838910000004 14.940000000000003 50.705000000000005 -1.9399999999999993 67.985000000000014 673.50000000000011 -5.6764256058999996 -0.092834853888491928 8.5000000000000018 0.82471575196982705 0.58415000000000006 4.666500000000001 -0.24654082454485102 -1.7033835247000007
decision_type=2 2 2 2 2 2 2 2 2 2 2 2 2 2 2 2 2 2 2
left_child=1 2 10 7 -5 17 -7 8 -3 -9 11 -1 -12 -2 -6 16 18 -4 -15
right_child=13 3 5 4 14 6 -8 9 -10 -11 12 -13 -14 15 -16 -17 -18 -19 -20
leaf_value=-0.016025161118203794 0.041148376043201616 -0.033026100199790923 -0.0090240775046313126 -0.033665411423444445 0.045545772852870474 -0.010039417614848809 0.020095306537507511 -0.015377542266322526 -0.00732415686659972 0.035760112504219441 -0.017935960542558988 0.018074731095440538 0.015755054796517148 0.01535340225432503 0.0065070849711836272 -0.017862896167695926 -0.010485932521987328 -0.041961543415179443 0.045088682656689694
leaf_weight=7.4018016532063475 7.3390420824289349 23.734219059348106 4.5305731818079948 3.5506484955549267 6.0586630925536182 39.365587845444679 18.488481640815735 4.7072819247841817 44.080316498875618 5.6161857545375824 14.809284247457983 69.54598992317915 10.031494200229643 5.7714512795209947 11.525534480810164 6.1728337854146949 4.9382538124918929 7.1863217353820783 5.5428089499473563
leaf_count=30 26 108 21 15 22 167 67 23 189 21 61 271 37 23 50 27 23 35 20
internal_value=0.00129925 -0.000341208 0.00380045 -0.00751713 0.0109842 -0.00535664 -0.000339412 -0.0125674 -0.0163991 0.0122308 0.0100877 0.0147391 -0.00420156 0.0162667 0.0203091 0.00784413 0.0178409 -0.0296636 0.0304508
internal_weight=300.397 270.632 171.36 99.2728 21.1348 69.571 57.8541 78.138 67.8145 10.3235 101.789 76.9478 24.8408 29.7644 17.5842 22.4253 16.2525 11.7169 11.3143
internal_count=1236 1117 689 428 87 290 234 341 297 44 399 301 98 119 72 93 66 56 43
is_linear=0
shrinkage=0.03


Tree=63
num_leaves=15
num_cat=0
split_feature=61 313 106 69 133 113 42 138 273 317 42 134 156 135
split_gain=7.96378 8.6916 10.0041 12.4138 9.90595 9.86124 10.0614 8.8222 7.84011 6.90363 7.80091 6.87504 5.35211 3.96173
threshold=4.495000000000001 0.2940517751148885 -0.13174999999999998 332.50000000000006 90.186144056773955 0.30797500000000005 0.30965000000000004 293.76273787720004 0.40030210424427148 0.20764871907455398 0.76285000000000014 4.2216375000000008 0.58565565650000007 1.8698000000000004
decision_type=2 2 2 2 2 2 2 2 2 2 2 2 2 2
left_child=13 2 3 7 -5 6 -4 -2 -7 10 12 -11 -3 -1
right_child=1 9 5 4 -6 8 -8 -9 -10 11 -12 -13 -14 -15
leaf_value=0.038756775353378105 -0.0062052848382786168 0.027700766355874904 0.012806607962410435 -0.026079345755849605 0.016664204450590893 0.016048349270967942 -0.011841028525522764 0.026233548121834819 -0.0061568303881733904 0.016095212199154302 -0.016636091513339307 -0.031322137354116306 -0.0012149255310422097 0.0040214941137661974
leaf_weight=7.2957231253385526 30.380159206688404 28.841584369540215 20.262782797217369 40.611551523208618 5.3865109682083121 54.743650361895561 54.875336915254593 9.9106064289808256 19.073650971055031 4.8773733228445035 5.240881770849227 5.9465130046010017 6.9375187307596198 5.3113726228475571
leaf_count=30 128 109 80 181 22 214 239 39 77 19 21 28 28 21
internal_value=0.00126256 0.000223244 -0.00221765 -0.0103466 -0.0209836 0.00247502 -0.00514615 0.00174485 0.0102696 0.0113396 0.0169821 -0.00972894 0.0220227 0.0245057
internal_weight=299.695 287.088 235.244 86.2888 45.9981 148.955 75.1381 40.2908 73.8173 51.8439 41.02 10.8239 35.7791 12.6071
internal_count=1236 1185 980 370 203 610 319 167 291 205 158 47 137 51
is_linear=0
shrinkage=0.03


Tree=64
num_leaves=18
num_cat=0
split_feature=112 52 197 61 291 303 18 59 52 130 293 42 75 145 186 267 78
split_gain=7.83117 8.23477 9.70868 9.5855 9.34985 9.21748 8.45551 9.11386 6.97984 6.45018 6.23999 6.07325 6.2204 5.8952 2.45998 2.21153 2.19891
threshold=0.56250000000000011 0.11659270833333339 10.478752023129365 4.9365000000000014 -6.1249999999999991 0.96182754463331366 19.815000000000001 50.705000000000005 0.088950000000000015 8.5000000000000018 0.82471575196982705 0.58415000000000006 4.666500000000001 2.1225327050500007 -1.7033835247000007 -0.47212263784651914 1.6650000000000003
decision_type=2 2 2 2 2 2 2 2 2 2 2 2 2 2 2 2 2
left_child=1 3 6 16 13 -4 7 -3 -6 -2 -7 12 14 -5 -11 -8 -1
right_child=9 2 5 4 8 10 15 -9 -10 11 -12 -13 -14 -15 -16 -17 -18
leaf_value=0.041370026281236698 0.040340096018982738 -0.012610082715063493 -0.032599547730365462 -0.0057579294805325002 0.0018166374772859398 0.044225612873143125 -0.019689237317579447 0.019426731016761799 0.025592868662261001 0.014743253801574522 0.0063084814374879871 -0.01730518281323418 -0.010158521789508502 -0.048052813556852175 0.044198843908268191 -0.049881778787015142 0.013657620128255884
leaf_weight=6.5762633681297284 7.252394005656245 58.387952454388142 3.5331041812896755 7.6281431168317777 134.2107494994998 6.038382455706599 4.450209341943264 9.1009666100144369 12.065576106309889 5.7344470247626367 11.502609483897684 6.1539206504821768 4.9255905598402014 4.9969852641224861 5.4904730916023246 5.8527394235134107 5.0920666456222534
leaf_count=27 26 257 15 32 541 22 20 38 46 23 50 27 23 23 20 26 20
internal_value=0.0012283 -0.000371208 -0.00726599 0.0036095 0.00165359 0.0106843 -0.0121748 -0.00822314 0.00381446 0.0158624 0.019708 0.00762498 0.0173569 -0.0229799 0.0296789 -0.0374436 0.0297501
internal_weight=298.993 269.436 98.866 170.57 158.901 21.0741 77.7919 67.4889 146.276 29.5568 17.541 22.3044 16.1505 12.6251 11.2249 10.3029 11.6683
internal_count=1236 1117 428 689 642 87 341 295 587 119 72 93 66 55 43 46 47
is_linear=0
shrinkage=0.03


Tree=65
num_leaves=13
num_cat=0
split_feature=71 41 41 309 112 55 113 291 318 290 116 296
split_gain=7.80443 8.41723 8.9871 8.39058 8.33235 6.28859 4.97403 5.38012 4.0828 3.42283 3.10331 1.57408
threshold=20250973.000000004 20240265.000000004 20230618.500000004 0.1069373261761294 0.55415000000000014 0.12405000000000001 0.24330000000000004 -1.4400000000000002 1.6290933788053821 0.74499999999999933 0.51800000000000013 0.86596006285374194
decision_type=2 2 2 2 2 2 2 2 2 2 2 2
left_child=1 2 3 4 -1 -5 7 -4 9 10 -3 -8
right_child=-2 8 6 5 -6 -7 11 -9 -10 -11 -12 -13
leaf_value=0.00085877311368086112 -0.032855399226635176 0.03123195232878043 -0.021431638041847188 -0.0029410457289327338 0.017105708286594655 -0.043130662460675276 -0.015466154755468465 0.017553872317354207 -0.0084260337604262856 -0.00025964696307978431 0.0035000059253706165 -0.039569025769185799
leaf_weight=186.24431110918522 5.8286555483937255 18.096587702631957 6.9103543609380722 8.5475762337446195 33.532163888216019 6.0739314556121817 4.6377239078283292 5.6940220594406146 4.9999779015779486 5.5176822692155829 4.8858555853366843 7.4735644534230232
leaf_count=717 59 81 36 34 126 29 22 23 21 23 23 42
internal_value=0.0011947 0.00189419 5.06224e-05 0.00187895 0.00335793 -0.0200196 -0.0171057 -0.00358427 0.0160218 0.0204302 0.0255071 -0.0307873
internal_weight=298.442 292.614 259.114 234.398 219.776 14.6215 24.7157 12.6044 33.5001 28.5001 22.9824 12.1113
internal_count=1236 1177 1029 906 843 63 123 59 148 127 104 64
is_linear=0
shrinkage=0.03


Tree=66
num_leaves=19
num_cat=0
split_feature=287 165 200 52 110 285 287 312 40 70 54 289 113 135 163 67 171 191
split_gain=7.57247 8.76982 14.6709 8.41733 11.5888 8.05161 8.001 7.96045 7.20449 7.48093 12.4803 8.26227 5.47089 7.74179 5.31477 5.24118 4.78887 4.51527
threshold=-0.37499999999999994 -0.21313016670000007 24.473273686529719 0.12375000000000001 0.19650000000000004 -5.6449999999999951 3.0749999999999997 -0.15426033113474216 5.5550000000000006 20210914.500000004 0.49855000000000005 -5.3999999999999995 0.25715000000000005 1.7226500000000002 0.78934126720000009 0.59975000000000012 0.22874613776 3.0205155646885893
decision_type=2 2 2 2 2 2 2 2 2 2 2 2 2 2 2 2 2 2
left_child=7 2 -2 12 14 -4 -7 16 -9 11 -11 -10 13 -3 -5 -14 -1 -6
right_child=1 3 5 4 17 6 -8 8 9 10 -12 -13 15 -15 -16 -17 -18 -19
leaf_value=0.035423971238215897 0.036331912707035202 0.032907357531221204 0.021666148402650007 0.0017976289040222719 0.035086435079148715 -0.020395043824622601 0.012453752854225789 0.019501970596120324 0.02525586167114335 -0.003231588557205825 -0.028684336109344344 -0.0043861697271678091 0.031220853700665498 -0.013940493375409977 -0.032668562640752387 0 0.00053670794339100169 0.0036791134875145447
leaf_weight=7.0194168984889966 7.3109338954091063 4.9725527614355078 6.5006069913506499 6.9079336673021308 7.5349730402231243 33.452204026281834 8.1379426270723325 9.5870343893766385 9.945753946900366 42.125796802341938 29.77188540995121 53.543301075696945 30.642823375761509 8.3200762644410116 9.0244656652212125 5.9113059043884268 7.4067753925919533 9.5327728837728483
leaf_count=26 29 20 26 31 28 147 31 39 35 182 145 205 114 39 41 24 32 42
internal_value=0.00115944 0.00630266 -0.00289076 0.0124828 0.00062956 -0.00897881 -0.0138811 -0.00328365 -0.00541772 -0.00721758 -0.0138381 0.000242582 0.0202529 0.00347537 -0.0176197 0.026246 0.0178455 0.017843
internal_weight=297.649 138.249 55.4017 82.8469 33.0001 48.0908 41.5901 159.4 144.974 135.387 71.8977 63.4891 49.8468 13.2926 15.9324 36.5541 14.4262 17.0677
internal_count=1236 572 233 339 142 204 178 664 606 567 327 240 197 59 72 138 58 70
is_linear=0
shrinkage=0.03


Tree=67
num_leaves=13
num_cat=0
split_feature=70 41 41 306 265 114 113 156 318 290 181 284
split_gain=7.44991 8.12481 8.41345 8.12255 9.06497 5.69844 4.81898 5.24476 3.83255 3.30029 3.14435 1.5609
threshold=20250976.000000004 20240265.000000004 20230618.500000004 0.79024173475611958 0.70258321347248265 -0.10149999999999999 0.24330000000000004 -0.82150816964999984 1.6290933788053821 0.74499999999999933 3.9691201273500005 -2.3500000000000045
decision_type=2 2 2 2 2 2 2 2 2 2 2 2
left_child=1 2 3 5 -5 -1 7 -4 9 10 -3 -8
right_child=-2 8 6 4 -6 -7 11 -9 -10 -11 -12 -13
leaf_value=0.037232870549558046 -0.032673672794912498 0.031141827487146296 -0.031912762245720427 0.0019256950715058607 -0.019771625388014427 0.0056191496766401627 -0.039210086673475551 0.0094384157860980585 -0.0078841985347839795 -0.0002147026029437395 0.0036888796161113854 -0.015083806703907535
leaf_weight=9.1139509677886981 5.6449786201119414 17.557390332221992 3.9147933274507514 193.33209699392319 18.935159638524055 12.287799671292303 7.2961168140172958 8.6189770102500933 5.0074166208505622 5.5188674330711356 5.1329101473093024 4.6131539940834028
leaf_count=32 59 81 21 747 80 47 41 38 21 23 23 23
internal_value=0.00113064 0.00180694 0 0.00176159 -4.07224e-06 0.0193319 -0.0167023 -0.00339011 0.0157493 0.0200635 0.0251066 -0.0303178
internal_weight=296.974 291.329 258.112 233.669 212.267 21.4018 24.443 12.5338 33.2166 28.2092 22.6903 11.9093
internal_count=1236 1177 1029 906 827 79 123 59 148 127 104 64
is_linear=0
shrinkage=0.03


Tree=68
num_leaves=13
num_cat=0
split_feature=303 66 304 215 310 213 102 281 197 106 59 204
split_gain=7.37192 8.896 8.99825 9.07514 9.89902 9.44094 7.03957 6.82935 7.03137 5.44116 5.04547 3.6157
threshold=1.1552604006831293 3.1850000000000005 0.88789275107098387 1.4435873471073941 0.087141989315513882 -11.235148553412232 -0.96329999999999993 15.822107593534829 10.478752023129365 0.5565500000000001 43.705000000000005 16.241491006093977
decision_type=2 2 2 2 2 2 2 2 2 2 2 2
left_child=1 2 11 5 -5 -4 10 8 -8 -2 -3 -1
right_child=9 6 3 4 -6 -7 7 -9 -10 -11 -12 -13
leaf_value=0.0077301987189429024 -0.036838828482734905 -0.044373343274372506 -0.021093373546004025 0.013826966525752424 -0.024318499308739323 0.0033615138731652038 -0.0088747038287537942 0.022717793378404474 0.010459257942330423 -2.2030741851483585e-05 -0.006799024162967118 0.038461307696681754
leaf_weight=5.6333818435668936 7.6629003062844259 6.1976017355918867 20.061248570680618 78.192759536206722 6.4991162940859786 47.598794296383858 68.242455966770649 9.3408644348382932 22.295972101390362 7.0648079141974449 7.117188885807991 10.361936010420321
leaf_count=23 39 30 85 307 38 191 297 37 90 29 31 39
internal_value=0.00109794 0.00219261 0.00657085 0.00429081 0.0108391 -0.00386553 -0.00429249 -0.0015183 -0.00407414 -0.0194996 -0.0247127 0.0279398
internal_weight=296.269 281.541 168.347 152.352 84.6919 67.66 113.194 99.8793 90.5384 14.7277 13.3148 15.9953
internal_count=1236 1168 683 621 345 276 485 424 387 68 61 62
is_linear=0
shrinkage=0.03


Tree=69
num_leaves=15
num_cat=0
split_feature=287 48 11 281 58 68 286 187 282 170 313 199 19 116
split_gain=7.22037 9.91179 9.05228 10.9423 10.8416 10.2619 8.4181 6.98573 6.94511 8.28801 7.36712 10.9057 8.76472 3.42716
threshold=-1.3500000000000003 -0.26059999999999994 21.975000000000005 7.6986394800504785 13.815000000000003 0.66488921900768727 -6.9349999999999978 1.3775536692250003 0.018137056739739459 8.9757771579000032 0.27473367302066559 56.287649979111528 12.875000000000002 0.48600000000000004
decision_type=2 2 2 2 2 2 2 2 2 2 2 2 2 2
left_child=8 -2 4 7 6 -6 -3 -4 13 10 12 -12 -10 -1
right_child=1 2 3 -5 5 -7 -8 -9 9 -11 11 -13 -14 -15
leaf_value=-0.0053114099530602752 0.04015511485252525 -0.011094081262313817 0.028137209275722379 -0.017822025217706011 -0.0042024154179704475 -0.036840788478805273 0.012617436169303666 -0.0059072777093024057 0.024356524272819417 0.025446195183276069 0.024547311021196633 -0.012761558492621982 -0.015865416684574991 -0.043949472586456907
leaf_weight=3.5120397210121137 6.674595281481742 17.204435802996159 29.623970314860344 7.342679187655448 57.160274989902973 10.200032502412794 59.429759941995144 6.4278639405965796 5.2490438446402541 8.3316984474658948 14.712979547679426 13.262840963900087 50.785581588745117 5.8245203122496605
leaf_count=16 26 76 111 32 251 49 236 26 21 32 55 53 222 30
internal_value=0.00106565 0.00446645 0.00315852 0.0151546 -0.000443852 -0.00923644 0.00724757 0.0219847 -0.00539365 -0.00284929 -0.00571806 0.00677053 -0.0120075 -0.0299436
internal_weight=295.742 194.064 187.389 43.3945 143.995 67.3603 76.6342 36.0518 101.679 92.3421 84.0104 27.9758 56.0346 9.33656
internal_count=1236 807 781 169 612 300 312 137 429 383 351 108 243 46
is_linear=0
shrinkage=0.03


Tree=70
num_leaves=20
num_cat=0
split_feature=102 138 312 112 140 145 10 299 267 60 120 276 68 136 287 95 180 74 192
split_gain=7.13472 9.54796 9.97048 7.27718 7.4805 7.94319 9.40596 8.42972 7.10384 7.03772 9.01085 8.50736 6.52806 5.64219 5.39776 4.36305 4.25253 2.76765 1.9873
threshold=-0.43874999999999992 66.342284141588252 -0.13767711962833909 0.55415000000000014 6.530532354950001 1.2847549451500002 18.225000000000005 0.56020501156892577 -0.47212263784651914 12.565000000000001 7697.9950000000008 1.1895116016261964 0.50520000000000009 4.7111177272727272 -3.6750000000000003 -6.2913244303561973 0.17400625050800003 92.168500000000009 3.5731628480671396
decision_type=2 2 2 2 2 2 2 2 2 2 2 2 2 2 2 2 2 2 2
left_child=1 8 -3 4 12 7 -7 -6 -1 11 -11 -4 13 -2 -5 16 -16 -14 -17
right_child=3 2 9 14 5 6 -8 -9 -10 10 -12 -13 17 -15 15 18 -18 -19 -20
leaf_value=-0.0070097165326617993 0.048062691134153832 0.019144221034797678 -0.013193969747694746 -0.01580137915728573 0.0064401199733960662 -0.0090779500816452925 0.0089109924555125404 -0.023743450515981802 0.032400011275201923 -0.035240792034200372 -0.0030040926800134473 0.028768968728166838 0.012275896009439548 0.010915496957356607 0.032739249283360569 0.015974140591266076 -0.00078137979768029412 -0.018517544486194203 0.041374437339854096
leaf_weight=7.4645597487688091 7.2432280331850079 8.2367979660630208 17.762329921126369 3.8657168149948111 12.547852918505667 39.275781698524952 77.397183962166309 23.705171309411526 8.7322193235158903 23.09427996724844 12.11183302849531 5.630521558225154 5.5712155997753126 8.0572394728660566 4.8203710019588479 4.8216632083058366 10.520131789147852 4.7554166316986084 9.4418625831603986
leaf_count=31 25 35 75 18 51 167 308 108 34 114 52 22 22 32 19 21 45 22 35
internal_value=0.00103484 -0.00640115 -0.0114331 0.00396272 0.00153396 -0.000964789 0.00282707 -0.0132248 0.0141217 -0.0158075 -0.0242754 -0.00288657 0.0165073 0.0288936 0.016787 0.0211823 0.00970117 -0.00165836 0.0331679
internal_weight=295.055 83.0325 66.8358 212.023 178.553 152.926 116.673 36.253 16.1968 58.599 35.2061 23.3929 25.6271 15.3005 33.4697 29.604 15.3405 10.3266 14.2635
internal_count=1236 363 298 873 735 634 475 159 65 263 166 97 101 57 138 120 64 44 56
is_linear=0
shrinkage=0.03


Tree=71
num_leaves=13
num_cat=0
split_feature=70 41 313 297 14 114 317 47 51 110 168 51
split_gain=7.00546 7.71551 8.14426 11.9538 10.4438 10.0912 9.11085 5.92633 3.87227 4.78345 5.5017 0.142463
threshold=20250976.000000004 20240265.000000004 0.2940517751148885 1.3547978301927937 18.975000000000005 0.74495000000000011 0.20764871907455398 0.38680000000000009 -0.11129999999999998 0.23290000000000002 1.5330855943500001 0.34750000000000009
decision_type=2 2 2 2 2 2 2 2 2 2 2 2
left_child=1 2 3 4 -1 -5 7 -4 -3 11 -11 -10
right_child=-2 8 6 5 -6 -7 -8 -9 9 10 -12 -13
leaf_value=-0.0024497010974298232 -0.032460346570112986 -0.0018346002286769914 0.029493569271410069 -0.016148197834230039 0.015636141619160045 0.019330842388919009 -0.018367759445461825 0.004058485000691392 0.038512436330126694 0.023992361845967126 -0.016868521775588802 0.025853862742000612
leaf_weight=101.45190405100584 5.4150987155735484 8.4384073317050916 19.31541696190834 65.611364275217056 39.885655105113983 7.9463742971420279 7.1366252750158301 14.919657006859778 8.0068212151527423 7.3145605921745283 4.7760595381259918 4.2329260557889929
leaf_count=401 59 39 70 290 153 30 28 57 37 32 20 20
internal_value=0.0010074 0.0016558 -8.76125e-05 -0.00244716 0.00264038 -0.0122537 0.0120725 0.0185404 0.0153402 0.0214028 0.00759936 0.0346228
internal_weight=294.451 289.036 256.267 214.895 141.338 73.5577 41.3717 34.2351 32.7688 24.3304 12.0906 12.2397
internal_count=1236 1177 1029 874 554 320 155 127 148 109 52 57
is_linear=0
shrinkage=0.03


Tree=72
num_leaves=10
num_cat=0
split_feature=303 71 41 71 265 315 262 90 206
split_gain=6.82533 8.25803 8.29337 8.59576 8.04471 5.2564 4.39152 4.13868 0.192473
threshold=1.1552604006831293 20250917.500000004 20240213.500000004 20231019.000000004 0.72575851042959738 0.52916666666666679 0.32581747357599905 275645086.75000006 -1.6251673568008838
decision_type=2 2 2 2 2 2 2 2 2
left_child=1 2 3 4 -1 8 7 -4 -2
right_child=5 -3 6 -5 -6 -7 -8 -9 -10
leaf_value=0.0036661978788362377 -0.026548418655689372 -0.03380244523369063 0.029077744865455363 -0.032480415370019375 -0.015303761053553125 0 -0.007500969339897065 6.232300541194908e-05 -0.042706198989594012
leaf_weight=214.08922823518515 3.6257884725928307 5.5573630183935157 19.738074697554119 6.6366019621491423 22.068477749824524 6.8247840330004692 5.0771448612213126 5.9623923599719992 4.0377801358699781
leaf_count=839 20 59 95 35 94 27 20 26 21
internal_value=0.000980919 0.00203542 0.00278648 0.000910649 0.00187507 -0.0190039 0.0174363 0.0224889 -0.0358885
internal_weight=293.618 279.129 273.572 242.794 236.158 14.4884 30.7776 25.7005 7.66357
internal_count=1236 1168 1109 968 933 68 141 121 41
is_linear=0
shrinkage=0.03


Tree=73
num_leaves=10
num_cat=0
split_feature=112 140 63 313 197 109 130 287 209
split_gain=6.73852 7.49519 7.58504 7.96874 8.85509 6.39277 6.04395 5.50048 4.44065
threshold=0.56250000000000011 2.6270313630500004 3.7150000000000003 0.2940517751148885 11.927744401899409 0.29385000000000006 8.5000000000000018 -1.5749999999999991 13.835009897907691
decision_type=2 2 2 2 2 2 2 2 2
left_child=1 -1 -3 4 -4 -5 -2 -8 -9
right_child=6 2 3 5 -6 -7 7 8 -10
leaf_value=0.035833937764797437 0.038731425171405091 0.03165525462396046 -0.0071192601719752653 0.031107502586822017 0.010238482302714425 0.0033598280803567499 -0.019925763288909038 0.00089518103382617254 0.032376627808228496
leaf_weight=4.895986594259738 7.0514862239360836 6.0429330542683592 177.77446622774005 9.5283317491412145 30.856828413903713 35.031261324882507 5.1545439958572414 9.2382542490959185 7.3569781705737105
leaf_count=18 26 25 769 38 125 142 22 38 33
internal_value=0.000951177 -0.000542533 -0.00125467 -0.00206417 -0.00453398 0.00941675 0.0147079 0.00664036 0.0151415
internal_weight=292.931 264.13 259.234 253.191 208.631 44.5596 28.8013 21.7498 16.5952
internal_count=1236 1117 1099 1074 894 180 119 93 71
is_linear=0
shrinkage=0.03


Tree=74
num_leaves=23
num_cat=0
split_feature=287 281 69 121 4 58 0 75 57 291 65 261 189 299 202 45 276 303 278 282 293 114
split_gain=6.63684 8.55125 8.19713 8.15817 11.7619 9.41524 7.73997 8.66422 9.22988 8.11702 7.52837 8.00341 8.23489 7.25226 6.33111 7.23723 6.20057 6.24055 5.7213 5.33226 2.52282 1.58198
threshold=-0.37499999999999994 5.9574356326500633 331.50000000000006 -0.13174999999999998 65.185000000000016 11.560000000000002 70.110000000000014 7.2284500000000014 0.51502811244979929 -6.2449999999999992 44.445000000000007 0.23949145943930403 1.34327439295605 1.9009237501866683 9.3615876069340747 0.41052631578947374 1.0685454702537693 0.97160174842258129 2.9404462420539326 0.027425447449999713 1.4027761422394338 -0.12224999999999998
decision_type=2 2 2 2 2 2 2 2 2 2 2 2 2 2 2 2 2 2 2 2 2 2
left_child=6 2 13 5 -5 -4 9 14 20 21 11 12 -3 19 -8 -16 17 -11 -18 -2 -9 -1
right_child=1 10 3 4 -6 -7 7 8 -10 16 -12 -13 -14 -15 15 -17 18 -19 -20 -21 -22 -23
leaf_value=-0.018921827669113506 -0.006745451326471346 0.020126267606541109 0.0050254581568882958 -0.0012441671316400717 0.030696664332124167 -0.031321626895072938 -0.019155224343104908 -0.045374863684866276 0.016155010681648128 0.0056225510670952971 0.02365675494027563 -0.043583420550239393 -0.026059182313822076 -0.0086781658389620698 0.035610292170138655 0.0074703046378004389 0.024305290578290333 -0.015227799284527792 -0.011915154304456109 0.029766237504340945 -0.014893069582593007 -0.048073296243807399
leaf_weight=3.4584710597991943 3.8941498249769202 6.474276311695581 15.120490625500681 26.567494973540306 16.74211411178112 10.871711887419222 5.3142117708921424 5.2443877980113047 5.7851069942116728 16.999666176736355 4.7507003471255294 7.0034221336245528 7.2206315100193024 6.4467981979250899 11.334912493824957 31.106201820075512 10.191914625465872 50.8765474781394 6.1409648507833472 30.565363153815269 5.5014278888702393 4.9564942568540555
leaf_count=17 17 26 66 112 62 52 23 24 22 70 20 35 33 30 41 131 42 219 26 119 25 24
internal_value=0.000927376 0.00579268 0.00942534 0.00307854 0.0110763 -0.0101242 -0.00326084 0.00470226 -0.0138807 -0.00881914 -0.0097966 -0.0176959 -0.00401989 0.020071 0.0112132 0.0151223 -0.00594635 -0.00996109 0.0105146 0.0255458 -0.0303272 -0.0368076
internal_weight=292.567 135.657 110.208 69.3018 43.3096 25.9922 156.91 64.2862 16.5309 92.6241 25.449 20.6983 13.6949 40.9063 47.7553 42.4411 84.2091 67.8762 16.3329 34.4595 10.7458 8.41497
internal_count=1236 572 458 292 174 118 664 266 71 398 114 94 59 166 195 172 357 289 68 136 49 41
is_linear=0
shrinkage=0.03


Tree=75
num_leaves=14
num_cat=0
split_feature=71 112 200 52 284 273 194 304 275 286 185 318 213
split_gain=6.49453 7.19634 9.31363 10.5715 7.87926 7.64227 6.44736 5.92988 5.46291 6.32077 4.28131 4.5704 4.27513
threshold=20250973.000000004 0.54585000000000006 29.493933216824036 0.15845000000000001 -3.5249999999999981 0.82451027139154554 0.56690412782077571 1.1773547308517167 0.65615070306944756 -3.8799999999999986 1.5522565049500003 0.89842447368688527 -4.755006015289541
decision_type=2 2 2 2 2 2 2 2 2 2 2 2 2
left_child=1 2 10 5 8 -4 -5 12 9 -3 11 -1 -6
right_child=-2 4 3 6 7 -7 -8 -9 -10 -11 -12 -13 -14
leaf_value=0.03251209744982729 -0.032189675099859372 0.0045187784103064539 0.0041159243280939981 -0.021736732890575993 0.0053086538520525361 -0.015503873955340031 -0.0011959806575311716 -0.0066617488863827375 0.027261761566154785 -0.030462085721870202 -0.004013520690018273 0.0060207987491959179 0.037806457121404013
leaf_weight=13.100574344396593 5.1347718089818946 13.827189788222316 122.98238963633776 35.9259849563241 5.0509748607873979 20.776105135679245 22.782769538462162 4.6328945755958548 5.1595445275306693 6.8099608272314081 8.4102232456207258 11.22221891582012 15.949325829744337
leaf_count=50 59 56 496 158 20 90 96 20 20 29 35 46 61
internal_value=0.000899657 0.00151391 -0.000698368 -0.00311263 0.0116711 0.00125079 -0.0138322 0.0234166 0 -0.00697096 0.0141075 0.0204869 0.0301945
internal_weight=291.765 286.63 235.2 202.467 51.4299 143.758 58.7088 25.6332 25.7967 20.6372 32.733 24.3228 21.0003
internal_count=1236 1177 971 840 206 586 254 101 105 85 131 96 81
is_linear=0
shrinkage=0.03


Tree=76
num_leaves=11
num_cat=0
split_feature=61 282 149 194 290 54 302 290 134 181
split_gain=6.42197 7.61685 7.81006 7.03474 7.05721 6.33108 5.00417 5.11287 3.86303 3.06464
threshold=4.495000000000001 0.018137056739739459 2.4062547741000002 0.23385690516193181 -5.1249999999999991 0.29750000000000004 0.18040000000000003 -1.3099999999999994 2.3408206578947373 0.39007785955000002
decision_type=2 2 2 2 2 2 2 2 2 2
left_child=8 6 -3 5 -5 -4 9 -8 -1 -2
right_child=1 2 3 4 -6 -7 7 -9 -10 -11
leaf_value=0.037207229773953472 -0.044836102301580243 0.03732733625161741 0.022440714841556023 -0.010743364459690392 0.0047676213150290615 -0.016737681226266343 -0.028009211032935005 0.016242848498921474 0.0021949629255432219 -0.011871289953898048
leaf_weight=6.7284661978483182 6.3327306956052798 5.2231917530298224 4.0777009204030028 30.519650056958199 188.23718880861998 30.417141485959291 3.8147153407335281 5.7533274441957456 5.2012006342411041 4.8434146121144295
leaf_count=30 31 19 17 132 789 130 20 22 21 25
internal_value=0.000874355 -3.95581e-05 0.001356 0.000587826 0.00258599 -0.0119681 -0.0174954 -0.00119708 0.0223368 -0.0310481
internal_weight=291.149 279.219 258.475 253.252 218.757 34.4948 20.7442 9.56804 11.9297 11.1761
internal_count=1236 1185 1087 1068 921 147 98 42 51 56
is_linear=0
shrinkage=0.03


Tree=77
num_leaves=16
num_cat=0
split_feature=102 138 312 291 306 54 197 296 267 200 172 281 95 313 43
split_gain=6.44099 8.90323 9.33836 6.96045 8.1913 9.09719 8.41139 7.65522 6.72993 6.42927 9.22707 5.33975 5.07317 4.279 3.94807
threshold=-0.43874999999999992 66.342284141588252 -0.13767711962833909 -6.1249999999999991 0.78645572338750103 0.58211774076405942 10.001651550289528 0.89946568421743212 -0.47212263784651914 58.940984798563136 0.11591807840000001 3.2932815882006614 -5.0000000000000009 0.214790007679212 -0.17239999999999997
decision_type=2 2 2 2 2 2 2 2 2 2 2 2 2 2 2
left_child=1 8 -3 12 13 6 -6 -7 -1 11 -11 -4 14 -5 -2
right_child=3 2 9 4 5 7 -8 -9 -10 10 -12 -13 -14 -15 -16
leaf_value=-0.0069990609986617909 -0.0054164198709166535 0.018498708071745532 -0.021758215023212381 0.0064993148244421074 0.0035919902129769752 0.010382811194446402 0.02279864638687077 -0.017600655047224519 0.031586664809216382 0.023063589739544803 -0.026809768535634961 0.011850539839016103 0.008143160482596716 0.040295470042469604 -0.043248903116688255
leaf_weight=7.3829002156853667 4.5843413919210425 8.174555875360964 6.6554988399148014 5.9599042832851401 112.57216171175241 12.519740998744963 25.185494221746922 28.32673978805542 8.6127101667225343 3.5378072857856742 36.011238850653172 11.372514456510542 5.2743554413318625 8.609981492161749 5.986921824514865
leaf_count=31 19 35 31 25 470 50 97 129 34 15 169 48 22 32 29
internal_value=0.000849269 -0.00627223 -0.0111796 0.00365049 0.00523221 0.00344084 0.00713919 -0.00894584 0.0136579 -0.01547 -0.0222258 -0.000443077 -0.015356 0.026814 -0.0273281
internal_weight=290.767 81.7472 65.7516 209.02 193.174 178.604 137.758 40.8465 15.9956 57.5771 39.549 18.028 15.8456 14.5699 10.5713
internal_count=1236 363 298 873 803 746 567 179 65 263 184 79 70 57 48
is_linear=0
shrinkage=0.03


Tree=78
num_leaves=14
num_cat=0
split_feature=70 41 41 205 295 46 113 55 51 110 168 138 77
split_gain=6.21706 6.91564 7.61721 7.27816 8.61333 7.65516 4.47394 4.53878 3.74032 4.56588 5.16585 1.45183 0.165085
threshold=20250976.000000004 20240265.000000004 20230618.500000004 3.2677609781095991 0.46697853839123388 0.23515000000000003 0.24330000000000004 -0.11234999999999999 -0.11129999999999998 0.23290000000000002 1.5330855943500001 160.18462701701301 19.985000000000003
decision_type=2 2 2 2 2 2 2 2 2 2 2 2 2
left_child=1 2 3 5 -5 -1 7 -4 -3 12 -11 -8 -10
right_child=-2 8 6 4 -6 -7 11 -9 9 10 -12 -13 -14
leaf_value=0.028699896687795573 -0.032051303439367677 -0.0024149745731102388 0.017056528746763343 0.042942886051094017 0.0041670529533574139 -0.0015137636039491249 -0.038976161857359776 -0.019352527667196383 0.024762248607169385 0.02333859749073345 -0.016593338482775992 -0.015395867321423807 0.037870204036987834
leaf_weight=7.7430388629436484 4.9782027676701537 8.2963639944791812 5.2850655093789101 7.7512826472520855 15.688606485724447 198.40598518401384 6.772069685161112 7.0211731567978877 4.0115707144141215 7.0865626931190473 4.7393290847539902 4.6986075192689896 7.7406031489372253
leaf_count=29 59 39 23 28 62 787 40 36 20 32 20 24 37
internal_value=0.000826626 0.00142198 -0.000225418 0.00143913 0.0172451 -0.000351016 -0.0163626 -0.00346295 0.0145705 0.0206588 0.00707902 -0.029793 0.0338956
internal_weight=290.218 285.24 253.366 229.589 23.4399 206.149 23.7769 12.3062 31.8744 23.5781 11.8259 11.4707 11.7522
internal_count=1236 1177 1029 906 90 816 123 59 148 109 52 64 57
is_linear=0
shrinkage=0.03


Tree=79
num_leaves=11
num_cat=0
split_feature=112 140 63 162 14 130 42 75 116 186
split_gain=6.17339 6.79592 6.82866 6.64107 8.06348 5.74797 5.14117 5.63287 3.04011 2.29561
threshold=0.56250000000000011 2.6270313630500004 3.7150000000000003 0.017580873264000003 18.675000000000004 8.5000000000000018 0.58415000000000006 4.666500000000001 0.51000000000000012 -1.7033835247000007
decision_type=2 2 2 2 2 2 2 2 2 2
left_child=1 -1 -3 8 -5 -2 7 9 -4 -7
right_child=5 2 3 4 -6 6 -8 -9 -10 -11
leaf_value=0.034184545345299258 0.037805248128823438 0.030485929643556727 -0.043940434483551317 -0.0054606860858747918 0.0057903649910793836 0.012672065647474778 -0.017075805134125942 -0.011308544512172862 -0.0095438318868933704 0.041749818842294138
leaf_weight=4.8451998904347411 6.8930627703666714 5.8268218785524359 4.5754324048757535 146.9976709112525 93.708493903279305 5.4596237763762501 5.953902691602706 4.7140119969844809 5.2727954648435116 5.2400027066469184
leaf_count=18 26 25 23 645 382 23 27 23 24 20
internal_value=0.000804261 -0.000627768 -0.00131043 -0.00207372 -0.00106753 0.0141025 0.0061759 0.015403 -0.0261069 0.027445
internal_weight=289.487 261.226 256.381 250.554 240.706 28.2606 21.3675 15.4136 9.84823 10.6996
internal_count=1236 1117 1099 1074 1027 119 93 66 47 43
is_linear=0
shrinkage=0.03


Tree=80
num_leaves=16
num_cat=0
split_feature=303 66 304 318 318 54 103 303 280 138 207 315 300 204 156
split_gain=6.08646 7.43768 7.95113 8.39207 10.5992 6.48634 6.38949 9.63056 8.19559 6.21413 7.00527 4.96698 4.90424 3.42289 0.236665
threshold=1.1552604006831293 3.1850000000000005 0.88789275107098387 1.1118182608657612 1.0030076477408703 0.43305000000000005 0.046750000000000007 1.0644452829707134 0.66572242088597999 59.620980412272729 0.24906744335939415 0.52916666666666679 0.92950659513115086 16.241491006093977 0.05385826089999967
decision_type=2 2 2 2 2 2 2 2 2 2 2 2 2 2 2
left_child=1 2 13 4 -4 -5 9 8 -8 -3 -11 14 -9 -1 -2
right_child=11 6 3 5 -6 -7 7 12 -10 10 -12 -13 -14 -15 -16
leaf_value=0.0063639790678687259 -0.024955243635117325 0.014027107193587497 0.0044919683677413771 0.0014006409075838298 -0.018289765363662294 0.030648470488760845 0.0040425128744012656 0.002852870310277303 -0.039229691296066412 -0.015393260153916099 0.019847363341143821 0 0.043827729459544863 0.036786918418200656 -0.041851285214081602
leaf_weight=5.4424978494644156 3.3665482997894269 8.9012790098786336 97.989951029419899 12.097327761352064 22.514228466898203 16.279412217438221 19.625152371823791 4.408470191061495 4.8012520074844351 60.380095660686493 5.385112151503562 6.7593415826559067 7.1384573355317116 9.9453598707914335 4.0700357481837273
leaf_count=23 20 39 401 52 102 66 82 20 22 274 22 27 26 39 21
internal_value=0.000782228 0.00178401 0.00583995 0.00368568 0.000199065 0.0183338 -0.00421065 0.00611454 -0.00446602 -0.00922685 -0.0124363 -0.0182846 0.0286004 0.026331 -0.0350331
internal_weight=289.105 274.909 164.269 148.881 120.504 28.3767 110.64 35.9733 24.4264 74.6665 65.7652 14.1959 11.5469 15.3879 7.43658
internal_count=1236 1168 683 621 503 118 485 150 104 335 296 68 46 62 41
is_linear=0
shrinkage=0.03


Tree=81
num_leaves=16
num_cat=0
split_feature=287 48 11 61 318 51 114 169 280 215 59 187 196 185 107
split_gain=6.02693 9.01385 7.99339 10.6835 8.8699 6.97127 12.0323 6.94673 7.02401 8.98244 6.80647 6.45913 6.27333 5.72912 6.13855
threshold=-1.3500000000000003 -0.26059999999999994 21.975000000000005 14.640708333333334 0.85776483632036227 0.27690000000000009 0.26230000000000003 0.15927673905000003 1.0000000180025095e-35 -11.579976363070999 7.0950000000000006 1.0157620212250007 1.7211891668657116 -0.29751083577499993 -0.13999999999999999
decision_type=2 2 2 2 2 2 2 2 2 2 2 2 2 2 2
left_child=7 -2 3 12 -5 11 -7 -1 13 -10 -11 -4 -3 -9 -15
right_child=1 2 5 4 -6 6 -8 8 9 10 -12 -13 -14 14 -16
leaf_value=-0.037840356259644159 0.038639123639251136 3.6117215510518231e-05 0.032789122189193512 0.0034288658013685198 -0.020010131045323939 -0.023737654923267137 0.025109679957547943 0.033764236982021405 0.022518116095783719 0.013271861635118263 -0.019177856408871163 -0.0036972876988494701 0.017538809155861122 -0.035790673910540909 0.0059910835577787229
leaf_weight=5.4597709216177455 6.4097284078598014 52.045442834496498 18.888110816478733 24.281504161655903 35.292724959552288 9.2821044623851794 8.6906033903360349 5.7734711766242972 6.4969010800123206 6.5725438445806494 41.717053353786469 5.4611264914274207 28.731973268091679 3.4313699156045905 29.905904598534107
leaf_count=27 26 216 71 105 170 42 34 22 25 26 189 22 121 16 124
internal_value=0.000762441 0.00391442 0.00265909 -0.000769306 -0.0104168 0.0140744 0 -0.00520373 -0.00323588 -0.010182 -0.0146809 0.0245015 0.00631279 0.00641893 0.00150664
internal_weight=288.44 189.083 182.674 140.352 59.5742 42.3219 17.9727 99.357 93.8972 54.7865 48.2896 24.3492 80.7774 39.1107 33.3373
internal_count=1236 807 781 612 275 169 76 429 402 240 215 93 337 162 140
is_linear=0
shrinkage=0.03


Tree=82
num_leaves=23
num_cat=0
split_feature=313 106 69 59 277 130 75 297 14 305 169 106 76 279 54 123 35 119 291 90 317 42
split_gain=5.99733 10.2852 8.93592 8.1349 8.39528 7.63637 11.0502 7.36955 10.8487 11.3994 7.23714 6.73074 6.58133 6.47568 6.17354 5.43869 10.9521 3.87332 2.69493 2.57758 1.96225 1.91837
threshold=0.2940517751148885 -0.13174999999999998 332.50000000000006 20.335000000000004 0.18316149966635212 7.5000000000000009 3.1296000000000004 1.3547978301927937 20.925000000000004 0.94168338027476872 1.2763641456000001 0.72355000000000014 3.1197500000000002 0.05636796247990674 0.53865000000000007 671.50000000000011 5.5000000000000009 3485.9050000000002 -1.2450000000000008 102362659.62500001 -0.10851363721896623 0.4885000000000001
decision_type=2 2 2 2 2 2 2 2 2 2 2 2 2 2 2 2 2 2 2 2 2 2
left_child=1 2 5 4 -4 17 -7 8 9 -3 12 15 -9 -12 -13 21 18 -1 -17 -10 -5 -2
right_child=11 7 3 20 -6 6 -8 10 19 -11 13 14 -14 -15 -16 16 -18 -19 -20 -21 -22 -23
leaf_value=0.00088602711587113783 0.038869351887917382 0.022571030410965212 -0.025988706078842367 -0.015894562773414063 0.0046778628209426599 0.010467174047437626 -0.026068715155926694 -0.041691319953531966 0.01488129747730977 -0.0025694844328523494 0.023350869419900472 0.01369069612467849 -0.0073634636515842967 -0.014779818850386442 -0.022976367243722231 0.0087321627225447913 -0.024813726843098859 0.038696721108120009 0.037859153939702621 0.041364853963984191 -0.043609102089347353 0.015692305901527644
leaf_weight=4.3945555835962278 9.9114096462726575 21.800798885524273 15.078905053436758 3.5917624756693831 16.734044075012207 15.485590428113939 14.073006793856619 6.1403090059757224 6.0114260911941519 62.092773329466581 11.327930413186552 7.6519560068845776 28.162757597863674 5.9926747530698767 8.6467674076557142 6.2919014096260062 6.4260407760739318 5.9024522490799427 5.8589284121990231 9.3586355298757535 10.903151318430899 5.8358493894338599
leaf_count=20 39 87 70 19 68 63 67 30 23 263 46 32 132 25 36 26 28 23 22 35 55 27
internal_value=0.000743098 -0.00124849 -0.00952114 -0.0184721 -0.00979956 0.000823978 -0.00685585 0.00345888 0.00824971 0.00394697 -0.00569324 0.0101123 -0.0136987 0.00997689 -0.00560039 0.0176552 0.0063972 0.0230122 0.023216 0.0313639 -0.0371031 0.0306226
internal_weight=287.674 237.051 86.1635 46.3079 31.8129 39.8556 29.5586 150.887 99.2636 83.8936 51.6237 50.6229 34.3031 17.3206 16.2987 34.3241 18.5769 10.297 12.1508 15.3701 14.4949 15.7473
internal_count=1236 1026 385 212 138 173 130 641 408 350 233 210 162 71 68 142 76 43 48 58 74 66
is_linear=0
shrinkage=0.03


Tree=83
num_leaves=14
num_cat=0
split_feature=70 112 200 52 273 53 43 74 100 313 187 210 130
split_gain=5.87618 6.65871 8.04749 9.12663 6.94508 6.03729 8.97404 5.90157 7.87935 5.86285 5.81505 7.21132 4.23161
threshold=20250976.000000004 0.54585000000000006 29.493933216824036 0.15845000000000001 0.82451027139154554 0.49062373949579841 0.7702500000000001 44.816500000000005 4000.5800000000004 0.2940517751148885 0.075402436825000085 0.21290373780814945 10.500000000000002
decision_type=2 2 2 2 2 2 2 2 2 2 2 2 2
left_child=1 2 7 4 -4 6 -3 12 -9 -5 11 -7 -1
right_child=-2 5 3 9 -6 10 -8 8 -10 -11 -12 -13 -14
leaf_value=0.038852371327044451 -0.031876627005822881 0.012639101450842599 0.0037276876444851097 -0.017549688799093226 -0.015127010013812588 -0.0020386895781713136 -0.034701901779538732 -0.033556876267230182 0.017360589354037261 0.0074210884430453844 0.04051642808836791 0.029021681046443787 0.010952709011831593
leaf_weight=8.3932477384805697 4.7842021584510794 9.8211464732885343 121.2744143307209 47.670196570456028 20.438552923500538 15.508431792259218 5.5325233936309806 4.7399884611368162 6.1364492624998093 10.038384050130842 7.9986344128847113 11.549382314085959 12.831154540181158
leaf_count=33 59 39 496 213 90 65 25 20 25 41 31 46 53
internal_value=0.00072432 0.00129928 -0.000841403 -0.00309919 0.000978465 0.0111725 -0.00433974 0.0130577 -0.00465966 -0.0131488 0.0180448 0.0111667 0.0222568
internal_weight=286.717 281.933 231.522 199.422 141.713 50.4101 15.3537 32.1008 10.8764 57.7086 35.0564 27.0578 21.2244
internal_count=1236 1177 971 840 586 206 64 131 45 254 142 111 86
is_linear=0
shrinkage=0.03


Tree=84
num_leaves=13
num_cat=0
split_feature=70 41 41 306 310 114 113 70 262 190 171 90
split_gain=5.67475 6.53271 6.99405 6.94269 7.49214 5.237 4.19418 4.24106 3.7787 3.0727 3.46844 1.43561
threshold=20250976.000000004 20240265.000000004 20230618.500000004 0.79024173475611958 0.096050161747673571 -0.10149999999999999 0.24330000000000004 20231022.000000004 0.3537270925041836 2.9104521891631703 1.1024552111240002 13005142.575000001
decision_type=2 2 2 2 2 2 2 2 2 2 2 2
left_child=1 2 3 5 -5 -1 7 -4 9 10 -3 -8
right_child=-2 8 6 4 -6 -7 11 -9 -10 -11 -12 -13
leaf_value=0.035143969378498133 -0.031747788268669655 0.031381734256006391 0.0090154883708705811 0.0009149538207539362 -0.02503499262071536 0.0043776475459897483 -0.014292766620083878 -0.027818638302922992 -0.010056448836201904 -0.0016585952559338135 0.0042229732530066708 -0.038233504409708699
leaf_weight=8.8529112190008181 4.6617646999657145 15.106106862425813 8.0113789960742015 195.68434080481529 10.449003323912619 11.881908446550367 4.3823449760675413 4.1723251566290847 4.6924901604652396 5.143023043870925 6.2868816256523123 6.7190666943788528
leaf_count=32 59 76 37 780 47 47 23 22 19 23 30 41
internal_value=0.000704986 0.00126439 -0.00034114 0.00125627 -0.000397417 0.0177632 -0.0159719 -0.00347796 0.0141811 0.0186015 0.0235968 -0.0292626
internal_weight=286.044 281.382 250.153 226.868 206.133 20.7348 23.2851 12.1837 31.2285 26.536 21.393 11.1014
internal_count=1236 1177 1029 906 827 79 123 59 148 129 106 64
is_linear=0
shrinkage=0.03


Tree=85
num_leaves=21
num_cat=0
split_feature=287 165 200 285 312 313 90 52 110 14 59 57 57 194 76 113 135 206 150 15
split_gain=5.70736 7.5813 12.8647 7.18576 7.05725 7.02623 6.99371 6.4424 9.79214 6.43853 8.12922 7.72819 5.72388 5.68917 6.03687 4.89196 6.78575 5.53476 4.83926 4.82736
threshold=-0.37499999999999994 -0.21313016670000007 24.473273686529719 -5.6449999999999951 -0.15426033113474216 0.23024714747249095 72690855.555000022 0.12375000000000001 0.19650000000000004 15.225000000000001 7.0150000000000006 0.51000000000000012 0.49699598393574301 0.41495835380206719 2.4820000000000007 0.25715000000000005 1.7226500000000002 4.0966754568073691 1.0204570465500002 15.685
decision_type=2 2 2 2 2 2 2 2 2 2 2 2 2 2 2 2 2 2 2 2
left_child=4 2 -2 -4 5 -1 -5 15 18 13 19 -12 -10 -6 -15 16 -3 -17 -9 -11
right_child=1 7 3 6 9 -7 -8 8 12 10 11 -13 -14 14 -16 17 -18 -19 -20 -21
leaf_value=-0.0026869753928881533 0.03409615452367401 0.030471189904010751 0.020285909311192948 -0.0029710672909723213 -0.045517905471298428 0.039329306132390746 -0.028513047680554352 0.0040196773944025212 0.038991926008103493 -0.0052278557148370385 -0.010451246671719207 0.0078374862276898178 0.0022572611380048293 -0.028516545819148403 0.0088208994417112996 0.013326684027852363 -0.014656136698769622 0.03795069591720561 -0.030169140048007206 0.031330256513730358
leaf_weight=7.4484725371003133 6.9883301965892306 4.6594862490892393 6.2246914356946936 22.832613471895456 5.8769233822822597 6.5686198323965073 17.031959548592567 5.9338659271597889 6.2719149291515377 4.7435180321335784 75.894657362252474 28.360079169273376 10.030711408704517 7.9442406892776471 7.3206058070063591 20.002307169139385 7.9659389927983284 14.764352753758429 9.2302920371294004 9.2678404599428159
leaf_count=34 29 20 26 102 28 24 76 29 26 20 334 118 44 36 32 80 39 58 43 38
internal_value=0.000684033 0.0052658 -0.00345318 -0.00927308 -0.00323734 0.0169291 -0.0140029 0.0111692 0.000541335 -0.00529721 -0.00253458 -0.00544473 0.0167242 -0.0205253 -0.0104744 0.0181466 0.00187119 0.0239487 -0.0166555 0.0187916
internal_weight=285.361 131.936 53.0776 46.0893 153.425 14.0171 39.8646 78.8589 31.4668 139.408 118.266 104.255 16.3026 21.1418 15.2648 47.3921 12.6254 34.7667 15.1642 14.0114
internal_count=1236 572 233 204 664 58 178 339 142 606 510 452 70 96 68 197 59 138 72 58
is_linear=0
shrinkage=0.03


Tree=86
num_leaves=23
num_cat=0
split_feature=102 139 306 295 313 54 305 105 202 44 193 202 185 207 123 302 181 174 211 306 211 72
split_gain=5.58531 7.82038 7.34603 6.96659 6.92212 7.6065 8.68191 7.49291 7.48536 6.52193 6.39223 6.69081 6.45165 5.68358 9.29634 5.32655 4.94452 5.26136 4.22572 4.0244 1.9834 0.885812
threshold=-0.43874999999999992 58.552659755000008 0.85658770864264178 0.44204527219106965 0.15222783793632869 0.58211774076405942 0.93135303135303149 0.40135000000000004 19.437346754029125 -0.038049999999999994 0.66162363270525759 29.447781790176546 0.57367178220000015 0.03086624250531457 672.50000000000011 -0.64669999999999983 0.14231040300000003 0.17624236210000002 57.24730753476107 0.94699347878871976 6.2213134857144263 20230708.000000004
decision_type=2 2 2 2 2 2 2 2 2 2 2 2 2 2 2 2 2 2 2 2 2 2
left_child=1 2 -1 9 8 7 -7 -6 21 20 11 -11 -12 14 19 -15 -4 -18 -17 -3 -2 -5
right_child=3 13 16 4 5 6 -8 -9 -10 10 12 -13 -14 15 -16 18 17 -19 -20 -21 -22 -23
leaf_value=0.027231139672280594 0.047675700480831272 -0.004903751235332353 -0.036032406739681111 -0.047125108406141591 0.002889041743887071 0.012546085267760706 -0.018538411164408988 0.02436343466850183 0.0045013563386435453 -0.02947647285777194 0.027331364518800378 0.015796745397297321 -0.0060740630389069438 0.0037690062683478054 -0.023926192747311521 -0.03536147894891193 -0.0089419759021447092 0.021974529382052105 -0.002676535623567088 0.035522099663691575 0.019584831969011545 -0.023354305685380494
leaf_weight=9.3485289216041547 5.2915925085544568 3.3745315521955508 3.5524505823850658 4.8167300373315793 88.939957689493895 11.399347141385077 26.609456308186054 17.530480921268463 6.5088120587170115 6.9091699719428998 15.732207454741003 4.8828076347708702 7.5089119449257842 5.399999517947438 8.0076011568307859 18.144912932068113 14.226388338953258 7.4489848613739005 4.6966461017727843 5.6585504673421383 5.1830071285367012 3.4442735649645329
leaf_count=37 19 16 17 22 367 45 123 70 30 31 65 22 35 23 35 94 64 30 22 25 21 23
internal_value=0.000667396 -0.00604407 0.00462756 0.0033013 0.000321139 0.00234404 -0.00912858 0.00647252 -0.019148 0.0136407 0.00727534 -0.0105023 0.0164302 -0.014251 -0.000377258 -0.0224856 -0.00370452 0.00159718 -0.0288126 0.0202032 0.0343762 -0.037971
internal_weight=284.615 79.8586 34.5764 204.757 159.249 144.479 38.0088 106.47 14.7698 45.5077 35.0331 11.792 23.2411 45.2822 17.0407 28.2416 25.2278 21.6754 22.8416 9.03308 10.4746 8.261
internal_count=1236 363 148 873 680 605 168 437 75 193 153 53 100 215 76 139 111 94 116 41 40 45
is_linear=0
shrinkage=0.03


Tree=87
num_leaves=10
num_cat=0
split_feature=112 265 149 4 206 306 130 287 209
split_gain=5.50315 6.07404 7.34652 6.99552 10.1112 9.53075 5.29848 4.6668 3.85755
threshold=0.56250000000000011 1.8775807951142154 2.4062547741000002 65.390000000000015 -40.864608056804236 0.81179943076004091 8.5000000000000018 -1.5749999999999991 13.835009897907691
decision_type=2 2 2 2 2 2 2 2 2
left_child=1 2 -1 5 -5 -4 -2 -8 -9
right_child=6 -3 3 4 -6 -7 7 8 -10
leaf_value=0.034813309800044122 0.036556189761669675 -0.033076842439284257 0.012894964718234534 -0.027319568602683454 0.010360284242889697 -0.0071081230310944777 -0.019142547777994005 0.00032368306006797025 0.030403012849197834
leaf_weight=5.2242278009653083 6.6599142998456982 5.0142222419381133 24.942177928984165 6.9425062611699095 68.169936683028936 146.06621443852782 4.9781972616910979 8.9229168966412491 6.9195264466106901
leaf_count=20 26 24 104 32 278 659 22 38 33
internal_value=0.000649019 -0.000709509 -3.89657e-05 -0.000804772 0.00680602 -0.00416724 0.0133878 0.00569417 0.0137579
internal_weight=283.84 256.359 251.345 246.121 75.1124 171.008 27.4806 20.8206 15.8424
internal_count=1236 1117 1093 1073 310 763 119 93 71
is_linear=0
shrinkage=0.03


Tree=88
num_leaves=17
num_cat=0
split_feature=61 194 113 301 66 54 137 208 151 289 165 262 74 134 263 187
split_gain=5.47687 6.18878 7.52579 9.33374 9.68478 8.5965 8.12067 7.14448 6.69414 5.61252 7.18494 5.99065 4.25425 4.14333 2.48895 1.0963
threshold=4.9365000000000014 0.23385690516193181 0.31035000000000007 0.89387610279769125 5.4850000000000012 0.58211774076405942 1.1674000000000002 13.011410146172372 0.40290438155000002 -3.9000000000000008 -0.30042538949999992 0.077086011296181436 24.916650000000004 2.845019272727273 -0.011414914155988937 -0.17769993367499987
decision_type=2 2 2 2 2 2 2 2 2 2 2 2 2 2 2 2
left_child=13 9 3 4 -3 6 -4 -5 -7 14 11 -11 -12 15 -2 -1
right_child=1 2 5 7 -6 8 -8 -9 -10 10 12 -13 -14 -15 -16 -17
leaf_value=0.017650455234400841 -0.012593283871817157 0.012683729118993625 -0.025467735803257861 -0.019424912615220551 -0.020075584088284248 -0.028245723573716734 0.014669139491498246 0.0012133290016037308 0.0016015285009387565 0.00549161647800146 0.031559252959614245 -0.039773623753260823 -0.0021320757994253269 -0.0029343534411396207 -0.044030204741910883 0.040158057953759582
leaf_weight=4.7087184265255919 4.4427748844027519 38.29980518296361 4.6830390691757193 40.008443597704172 10.153964407742022 8.4419233836233598 76.055659383535385 23.767960544675589 31.710536390542984 4.0445676781237125 4.9815639033913621 6.8052991554141045 9.5708253383636457 5.125353515148162 5.6922245323657972 4.9746452048420897
leaf_count=22 20 163 20 187 52 42 313 105 132 18 20 32 39 22 27 22
internal_value=0.000631262 -0.000339806 0.00142805 -0.00414799 0.0057297 0.00662856 0.0122754 -0.0116967 -0.00465381 -0.0119925 -0.0042795 -0.0227298 0.00933305 0.0183336 -0.0308003 0.0298122
internal_weight=283.467 268.659 233.121 112.23 48.4538 120.891 80.7387 63.7764 40.1525 35.5373 25.4023 10.8499 14.5524 14.8087 10.135 9.68336
internal_count=1236 1170 1014 507 215 507 333 292 174 156 109 50 59 66 47 44
is_linear=0
shrinkage=0.03


Tree=89
num_leaves=21
num_cat=0
split_feature=313 106 69 58 193 130 75 208 24 61 113 106 50 290 156 119 120 0 302 317
split_gain=5.49387 9.32124 8.15572 7.27601 7.46378 6.9725 9.93836 6.58767 8.40593 6.49378 8.15606 6.20964 5.47539 5.3026 5.02407 3.53545 3.48966 2.98562 2.07944 1.85944
threshold=0.2940517751148885 -0.13174999999999998 332.50000000000006 20.705000000000002 1.7038971238605638 7.5000000000000009 3.1296000000000004 -155.91020037897076 0.14500000000000005 4.495000000000001 0.30170000000000002 0.72355000000000014 0.52620000000000011 -4.8749999999999991 0.58565565650000007 3485.9050000000002 5704.71 71.365000000000009 0.21870000000000001 -0.10655231190840243
decision_type=2 2 2 2 2 2 2 2 2 2 2 2 2 2 2 2 2 2 2 2
left_child=1 2 5 4 -4 15 -7 8 18 -9 -11 13 -13 -2 17 -1 -14 -15 -3 -5
right_child=11 7 3 19 -6 6 -8 9 -10 10 -12 12 16 14 -16 -17 -18 -19 -20 -21
leaf_value=0.0007061384081636031 -0.014347457150805359 -0.016812443513264934 -0.016096147879128855 -0.015192135220047491 0.02371610983964146 0.0097890020833029112 -0.025152585780198383 0.034152471072063359 0.016044578959923721 -0.0045846909767964135 0.010608678601238769 0.01624896094097926 -0.037892517821223291 0.018506692773657098 -0.0026540419150159413 0.037131121855543882 -0.0017439212711197062 0.041220627670465318 -0.046900425522831531 -0.04276527278810914
leaf_weight=4.3258755393326265 4.0826142579317084 4.6720980182290059 26.836075801402334 3.4709555953741065 4.8855564892292014 15.282978706061842 13.780788712203501 6.5843305289745322 4.6634981483221045 57.684917539358139 70.16254436224699 6.1688126772642162 4.6980665475130063 14.364021621644502 5.9659157134592524 5.8205633796751499 5.2054963186383247 9.2408100068569166 4.7114542499184608 10.242388989776371
leaf_count=20 17 21 119 19 21 63 67 29 20 259 290 26 20 62 28 23 22 35 22 53
internal_value=0.00061223 -0.0013085 -0.00925676 -0.0178956 -0.00981499 0.000697242 -0.00670537 0.00320565 -0.0162197 0.00526829 0.00373174 0.00966177 -0.00551567 0.016994 0.021456 0.0220528 -0.0193994 0.0276617 -0.0325711 -0.036164
internal_weight=282.85 233.124 84.6452 45.435 31.7216 39.2102 29.0638 148.479 14.0471 134.432 127.847 49.7257 16.0724 33.6534 29.5707 10.1464 9.90356 23.6048 9.38355 13.7133
internal_count=1236 1026 385 212 140 173 130 641 63 578 549 210 68 142 125 43 42 97 43 72
is_linear=0
shrinkage=0.03


Tree=90
num_leaves=11
num_cat=0
split_feature=303 70 80 318 318 183 315 262 90 206
split_gain=5.41059 6.59319 6.97077 7.08689 10.0014 7.65641 4.44383 4.20693 3.53575 0.238927
threshold=1.1552604006831293 20250920.500000004 20240213.500000004 1.1118182608657612 1.0030076477408703 1.0015563127000002 0.52916666666666679 0.33816108981352694 275645086.75000006 -1.6251673568008838
decision_type=2 2 2 2 2 2 2 2 2 2
left_child=1 2 3 4 -1 -5 9 8 -4 -2
right_child=6 -3 7 5 -6 -7 -8 -9 -10 -11
leaf_value=0.0011884186901823482 -0.02402791873219293 -0.032963585755651018 0.027632720796420568 0.016362939374822728 -0.016684234569011747 -0.021066587916888358 0 -0.0095247661476165636 0.00055566628648958034 -0.041101696169501767
leaf_weight=157.41915131360292 3.3017834350466728 4.7811654657125464 18.277226544916637 37.52358503639698 34.164658844470978 5.5057083666324607 6.6257688850164413 4.6291817873716345 5.986716464161872 3.7932993397116643
leaf_count=649 20 59 95 149 148 22 27 19 27 21
internal_value=0.000594708 0.00154742 0.00219725 0.000468906 -0.00199016 0.0114664 -0.0176933 0.016078 0.0211048 -0.0340175
internal_weight=282.008 268.287 263.506 234.613 191.584 43.0293 13.7209 28.8931 24.2639 7.09508
internal_count=1236 1168 1109 968 797 171 68 141 122 41
is_linear=0
shrinkage=0.03


Tree=91
num_leaves=14
num_cat=0
split_feature=70 112 75 1 313 288 293 53 43 63 212 318 303
split_gain=5.21057 5.93018 6.2152 7.09356 6.33548 7.21245 6.80073 5.46374 8.29474 5.31009 5.10817 5.02257 1.48995
threshold=20250976.000000004 0.54585000000000006 3.2800500000000006 79.060000000000016 0.2940517751148885 2.4000000000000008 1.0170975436544205 0.49062373949579841 0.7702500000000001 3.7150000000000003 -2.275326351392529 0.77214869085022542 1.0069156562512545
decision_type=2 2 2 2 2 2 2 2 2 2 2 2 2
left_child=1 2 3 9 5 -4 -6 8 -3 -1 11 -9 -12
right_child=-2 7 4 -5 6 -7 -8 10 -10 -11 12 -13 -14
leaf_value=0.033226176832930637 -0.031478516318316482 0.012075363249515598 -0.013522626153385007 0.035368047402157245 -0.011990780490684371 0.0085411220064242656 0.017574579434968849 0.032261951747001041 -0.033917555097384401 0.00078985559972217438 0.043355982066327209 -0.00086265616555079817 0.021261408306360075
leaf_weight=4.6805622875690451 4.3850001953542224 9.6502507328987104 74.42686603218317 6.139731563627719 11.063585370779039 15.992668747901915 18.404072389006615 5.4271394610404995 5.402506321668624 96.957756459712982 6.0064387619495374 15.524597465991972 7.2605008333921432
leaf_count=21 59 39 346 24 45 65 71 24 25 399 23 66 29
internal_value=0.000576318 0.00110588 -0.000925601 0.00428436 -0.005634 -0.0095819 0.00636984 0.0105362 -0.00434863 0.00234426 0.0171651 0.00768762 0.0317384
internal_weight=281.322 276.937 227.665 107.778 119.887 90.4195 29.4677 49.2714 15.0528 101.638 34.2187 20.9517 13.2669
internal_count=1236 1177 971 444 527 411 116 206 64 420 142 90 52
is_linear=0
shrinkage=0.03


Tree=92
num_leaves=14
num_cat=0
split_feature=13 14 305 46 313 289 106 302 263 96 120 201 152
split_gain=5.39881 9.78393 7.66425 11.4572 11.2282 8.12698 7.64149 7.43767 6.26178 6.00615 5.63431 5.0678 2.60818
threshold=24.975000000000005 23.175000000000004 0.94168338027476872 0.63675000000000015 0.22906855110146332 -9.0749999999999975 -0.10279999999999999 0.55205000000000004 0.38973429426735656 2.5000000000000004 3087.2450000000003 13.666064465515175 1.4008339483500001
decision_type=2 2 2 2 2 2 2 2 2 2 2 2 2
left_child=1 2 4 5 6 -4 -1 10 -6 -5 -2 12 -3
right_child=7 11 3 9 8 -7 -8 -9 -10 -11 -12 -13 -14
leaf_value=-0.013072668106338699 -0.0062521982983055257 0.017674419347651859 0.038246909874529042 -0.031440198220333421 0.026402183049064359 -0.0013822565057089069 0.01219040668218053 0.015438165412898081 -0.0081137265763026409 -0.0011591760563162124 -0.045033958652373113 0 0.047967027810524338
leaf_weight=24.81346282735467 6.8654081262648123 5.2263357192277926 4.7237237691879264 17.824900351464748 28.692380908876657 134.93801080062985 18.829059936106205 5.1414854228496543 5.462699629366397 9.1090488694608229 7.018686980009079 5.6351672634482375 6.3320724964141846
leaf_count=111 32 22 17 91 121 597 80 21 23 41 33 24 23
internal_value=0.000562817 0.00169746 0.000141979 -0.00347581 0.00792213 0 -0.00210167 -0.0148081 0.0207866 -0.0213523 -0.0262535 0.0235052 0.0347961
internal_weight=280.612 261.587 244.393 166.596 77.7976 139.662 43.6425 19.0256 34.1551 26.9339 13.8841 17.1936 11.5584
internal_count=1236 1150 1081 746 335 614 191 86 144 132 65 69 45
is_linear=0
shrinkage=0.03


Tree=93
num_leaves=13
num_cat=0
split_feature=13 304 14 46 304 313 318 96 318 299 108 210
split_gain=5.11269 9.38938 9.27696 6.5054 9.56901 7.03803 7.66423 6.72763 6.22201 4.93946 5.38429 2.57654
threshold=24.975000000000005 1.0376396915483914 23.175000000000004 0.63675000000000015 0.92330337076018465 0.29199464751051613 0.89457603411583941 2.5000000000000004 1.1118182608657612 0.82968294083030503 0.50835000000000019 -13.295363984370399
decision_type=2 2 2 2 2 2 2 2 2 2 2 2
left_child=2 11 3 5 -5 6 -1 -6 -7 -4 -11 -2
right_child=1 -3 9 4 7 8 -8 -9 -10 10 -12 -13
leaf_value=0.005640986355820451 -0.014059780425122801 0.0083592643431659903 0.045925933406489879 0.017051917883258397 -0.030385785781900439 0.003483924578556371 -0.0068731664014436188 0.00064963814018072891 0.030681431539922328 -0.0086372451546610999 0.031877250616825982 -0.046243199164842007
leaf_weight=95.116085972636938 4.1962597295641899 8.6086291335523111 5.6206819564104107 7.9206161797046652 18.531410854309797 17.972547300159935 81.841959353536367 9.1990913562476653 13.39095541462302 5.8321687504649145 5.646358847618103 6.1125210374593753
leaf_count=405 20 38 21 32 95 78 373 41 57 26 22 28
internal_value=0.000547146 -0.0144548 0.0016508 0.000137152 -0.011673 0.0021773 -0.000130398 -0.0200172 0.0152521 0.0229469 0.0111362 -0.0336919
internal_weight=279.989 18.9174 261.072 243.973 35.6511 208.322 176.958 27.7305 31.3635 17.0992 11.4785 10.3088
internal_count=1236 86 1150 1081 168 913 778 136 135 69 48 48
is_linear=0
shrinkage=0.03


Tree=94
num_leaves=19
num_cat=0
split_feature=102 138 312 140 215 100 132 294 134 98 267 215 200 172 279 46 65 165
split_gain=5.0172 7.74635 8.32464 6.42522 7.42451 8.52975 8.83508 8.18871 6.95314 9.59004 5.85539 5.68228 5.33319 8.09958 5.74575 5.05889 4.4486 3.69699
threshold=-0.43874999999999992 66.342284141588252 -0.13767711962833909 6.530532354950001 3.9926812674257897 4232.880000000001 51.666750000000015 1.3625088606559614 4.739031481481482 1.0000000180025095e-35 -0.47212263784651914 -15.392249916449787 58.940984798563136 0.11591807840000001 0.033146236550119244 0.50480000000000014 15.645000000000001 -0.11257329115000002
decision_type=2 2 2 2 2 2 2 2 2 2 2 2 2 2 2 2 2 2
left_child=1 10 -3 15 8 7 -7 -6 11 -10 -1 -5 14 -14 -4 17 -17 -2
right_child=3 2 12 4 5 6 -8 -9 9 -11 -12 -13 13 -15 -16 16 -18 -19
leaf_value=-0.0066422486810369238 0.0095448305770017752 0.017940226918415382 0.0098695685382533087 0.010746268657673226 0.031526543734099501 -0.012844463089253549 0.016360805920940889 0.0030095049498886622 -0.026153990837822938 0.020607654513930717 0.029922411830523767 -0.012337030362802006 0.022072835921984228 -0.025487957637347024 -0.028485237442514195 0.023956984875299941 -0.016500253229349851 0.038605186436758886
leaf_weight=7.1231626234948626 7.2367863506078765 7.8605376109480849 12.41334590688348 11.057355694472788 19.612454328685999 24.466193705797195 14.892870292067526 17.285031151026487 4.9551832154393223 17.438065119087696 8.3574418127536756 64.412785053253174 3.4112031459808341 34.338207270950079 4.7821276932954779 3.9760866314172727 6.013057753443718 9.7774075269699097
leaf_count=31 31 35 56 47 80 114 63 79 23 70 34 283 15 169 23 17 29 37
internal_value=0.000532935 -0.00589291 -0.0106034 0.00305075 0.000916948 0.00794355 -0.00170415 0.0182928 -0.00453017 0.0100566 0.0129706 -0.00890558 -0.0147666 -0.0210639 -0.00072662 0.0166449 -2.14344e-05 0.026548
internal_weight=279.409 78.286 62.8054 201.123 174.12 76.2565 39.3591 36.8975 97.8634 22.3932 15.4806 75.4701 54.9449 37.7494 17.1955 27.0033 9.98914 17.0142
internal_count=1236 363 298 873 759 336 177 159 423 93 65 330 263 184 79 114 46 68
is_linear=0
shrinkage=0.03


Tree=95
num_leaves=10
num_cat=0
split_feature=303 315 71 41 71 46 318 290 206
split_gain=4.98674 6.56061 6.13914 6.60938 6.85621 6.72998 3.56783 3.37687 1.68333
threshold=1.1552604006831293 0.5458333333333335 20250917.500000004 20240213.500000004 20231019.000000004 0.23515000000000003 1.6290933788053821 0.74499999999999933 -1.9886971762401335
decision_type=2 2 2 2 2 2 2 2 2
left_child=2 8 3 4 5 -1 7 -5 -2
right_child=1 -3 -4 6 -6 -7 -8 -9 -10
leaf_value=0.023779488172711319 -0.014282347018527857 0.013193887067222377 -0.03276373970296028 0.026249020350181774 -0.030815354746586494 3.1229390536587311e-05 -0.0074171224265055036 -0.0011568443934064426 -0.04231335151334796
leaf_weight=11.218603059649466 3.8039626106619826 4.1874202638864508 4.53143636137247 18.758979044854648 6.0697664543986312 215.09059577435255 4.7612766921520224 4.8782597035169593 5.4255215302109709
leaf_count=44 22 17 59 98 35 889 21 22 29
internal_value=0.000520844 -0.0172372 0.00143634 0.00205446 0.000368839 0.00123171 0.0156925 0.0204856 -0.0313588
internal_weight=278.726 13.4169 265.309 260.777 232.379 226.309 28.3985 23.6372 9.22948
internal_count=1236 68 1168 1109 968 933 141 120 51
is_linear=0
shrinkage=0.03


Tree=96
num_leaves=14
num_cat=0
split_feature=287 48 11 61 281 42 169 286 187 0 165 62 169
split_gain=4.98659 7.6689 6.90937 9.24283 8.51183 7.29746 6.02906 5.85196 5.7966 5.79641 7.20278 7.57951 7.30638
threshold=-1.3500000000000003 -0.26059999999999994 21.975000000000005 14.640708333333334 7.6986394800504785 0.42415000000000008 0.15927673905000003 -6.9349999999999978 1.3775536692250003 58.765000000000008 -0.10085990259999998 5.2350000000000003 0.72961883940000016
decision_type=2 2 2 2 2 2 2 2 2 2 2 2 2
left_child=6 -2 3 7 8 -5 -1 -3 -4 -8 12 -12 -11
right_child=1 2 4 5 -6 -7 9 -9 -10 10 11 -13 -14
leaf_value=-0.03628964279517069 0.036597851759340841 -0.0094002355973820291 0.025131630824677485 0.0019537079255079037 -0.017010637954938859 -0.019496802357811118 0.026333314890665135 0.010185756791914951 -0.0068266089472716835 -0.013572801951138417 0.029606228088499532 -0.014085576153752818 0.018504261705335718
leaf_weight=5.1603765189647666 5.9787342324852935 17.525441739708185 27.741004981100559 25.008887074887753 6.8334210291504851 32.393869917839766 5.4986002147197715 60.381325554102659 6.0406397879123679 9.6166738793253916 3.6935505121946326 53.954437017440796 18.253199532628059
leaf_count=27 26 81 111 118 32 157 22 256 26 44 17 247 72
internal_value=0.000504629 0.00343505 0.00227083 -0.000968221 0.0131113 -0.0101121 -0.00500445 0.00573495 0.0193252 -0.00315986 -0.00511979 -0.0111878 0.00731966
internal_weight=278.08 181.903 175.925 135.31 40.6151 57.4028 96.1768 77.9068 33.7816 91.0165 85.5179 57.648 27.8699
internal_count=1236 807 781 612 169 275 429 337 137 402 380 264 116
is_linear=0
shrinkage=0.03


Tree=97
num_leaves=13
num_cat=0
split_feature=291 306 295 112 132 284 134 77 55 66 192 113
split_gain=4.88891 6.44212 6.78384 6.68619 8.239 7.24861 4.9072 4.48539 4.96412 3.96796 2.97063 1.36608
threshold=-6.2449999999999992 0.78285397695735648 5.2515748161726217 0.53750000000000009 17.109225000000002 -3.5249999999999981 2.0606488636363642 20.085000000000004 -0.18444999999999998 1.3250000000000004 3.855236877290114 0.34575000000000006
decision_type=2 2 2 2 2 2 2 2 2 2 2 2
left_child=6 7 3 4 -3 -5 -1 -2 10 -8 -9 -11
right_child=1 2 -4 5 -6 -7 9 8 -10 11 -12 -13
leaf_value=0.011466794802446299 -0.010260681236888997 0.02224179534952625 -0.028617243877672196 -0.00041088582394155831 -0.0037307673847120646 0.020897203961292327 0.00028389060220887534 0.04646973485068441 -0.00050537622856027605 -0.04381310491566423 0.016492033744101943 -0.018461774049872079
leaf_weight=4.737196713685992 4.2780249863863018 11.681506164371966 7.0793287791311732 29.230369761586189 160.33540522679687 27.648991424590349 4.2171950079500666 7.0658783391118085 5.4010291174054119 5.6304135881364328 6.0663556605577469 4.0315111428499222
leaf_count=20 19 49 36 133 711 123 19 27 23 30 27 19
internal_value=0.000490834 0.00157156 8.41551e-05 0.000997045 -0.00193767 0.0099128 -0.0143003 0.0167599 0.0231796 -0.0233288 0.0330777 -0.0338399
internal_weight=277.403 258.787 235.976 228.896 172.017 56.8794 18.6163 22.8113 18.5333 13.8791 13.1322 9.66192
internal_count=1236 1148 1052 1016 760 256 88 96 77 68 54 49
is_linear=0
shrinkage=0.03


Tree=98
num_leaves=20
num_cat=0
split_feature=313 121 69 138 138 59 277 208 24 62 277 107 54 290 153 305 288 302 317
split_gain=4.84379 8.48372 7.49102 7.02341 11.6716 6.97749 7.46244 6.29014 7.70367 6.47146 6.83422 5.5863 4.93577 4.68301 3.91495 3.28901 2.47032 1.87935 1.78918
threshold=0.2940517751148885 -0.13174999999999998 332.50000000000006 70.910345273400011 293.76273787720004 20.335000000000004 0.18316149966635212 -155.91020037897076 0.14500000000000005 72.765000000000015 2.3459687304731736 0.17495000000000002 0.53865000000000007 -4.8749999999999991 0.073926628532000008 0.92738908913131013 -0.52500000000000024 0.21870000000000001 -0.10851363721896623
decision_type=2 2 2 2 2 2 2 2 2 2 2 2 2 2 2 2 2 2 2
left_child=1 2 3 16 -5 6 -4 8 17 10 -9 13 -13 -2 -15 -16 -1 -3 -7
right_child=11 7 5 4 -6 18 -8 9 -10 -11 -12 12 -14 14 15 -17 -18 -19 -20
leaf_value=0.0065166093368943722 -0.013367221486798701 -0.016786081481628103 -0.024879622449185242 -0.02040338936790383 0.020015507975534693 -0.014388147814724927 0.0045016607348224227 0.0052144662747687191 0.015013835272488703 -0.02167613294291508 0.040958774559044293 0.012286093179673867 -0.021086263046168851 -0.0080257821953807849 0.038237674296280735 0.015359041713504657 0.037577332892973013 -0.04580502347837024 -0.041729039046934403
leaf_weight=4.9082844443619251 4.0390216484665862 4.6052908226847631 14.535934802144768 19.066854558885101 9.5255018360912782 3.3769801855087271 16.261016175150871 119.52763172611594 4.5716530531644812 7.5445535108447066 4.9538329541683188 7.2981717064976683 8.4288318157196027 3.5873929336667087 9.9617588296532649 15.089228484779595 4.8684464134275895 4.6053082719445229 10.210812173783777
leaf_count=21 17 21 70 90 41 19 68 522 20 37 19 32 36 16 41 68 21 22 55
internal_value=0.000476551 -0.00133877 -0.00901399 0.000622019 -0.00681051 -0.0173941 -0.00930463 0.00299995 -0.0161624 0.00503375 0.00669275 0.0090953 -0.00543037 0.016173 0.0204756 0.0246921 0.0225113 -0.0319539 -0.0353079
internal_weight=276.967 228.562 82.7538 38.3691 28.5924 44.3847 30.797 145.808 13.7823 132.026 124.481 48.4044 15.727 32.6774 28.6384 25.051 9.77673 9.2106 13.5878
internal_count=1236 1026 385 173 131 212 138 641 63 578 541 210 68 142 125 109 42 43 74
is_linear=0
shrinkage=0.03


Tree=99
num_leaves=13
num_cat=0
split_feature=70 41 41 311 310 131 1 290 187 110 273 204
split_gain=4.78623 5.62883 5.75938 6.8579 6.54585 6.53484 5.24772 3.56171 3.49941 3.71824 3.03169 1.23566
threshold=20250976.000000004 20240265.000000004 20230312.000000004 0.19172943305891291 0.096050161747673571 75.577727777777795 71.210000000000022 2.1300000000000003 -0.45634525672499976 0.13735000000000003 0.12663725040355137 9.6427672861821758
decision_type=2 2 2 2 2 2 2 2 2 2 2 2
left_child=1 2 4 6 5 -1 -4 8 9 -3 -6 -10
right_child=-2 7 3 -5 10 -7 -8 -9 11 -11 -12 -13
leaf_value=-0.00062058889040700598 -0.03122849978344382 0.020999426050546045 -0.026775171677683438 0.017093781510243419 -0.038247043955918832 0.011953573104483913 0.002785236334106822 -0.010130008572924879 0.013242604603666375 -0.015399583040665089 -0.0035791817720066169 0.033149325146439701
leaf_weight=151.38909880816936 4.1179747208952895 5.2111325114965492 19.508799426257614 5.6977219805121413 5.165047422051428 49.048001296818256 7.1941011101007453 4.6897545605897895 4.9794636964797965 4.6599365174770355 4.3960253745317459 10.101643808186052
leaf_count=619 59 24 106 26 24 199 35 20 25 21 20 58
internal_value=0.000462756 0.0009648 -0.000534399 -0.0122954 0.00127092 0.00244584 -0.0187186 0.013286 0.0178297 0.00353319 -0.0228199 0.0269047
internal_weight=276.159 272.041 242.399 32.4006 209.998 200.437 26.7029 29.6419 24.9522 9.87107 9.56107 15.0811
internal_count=1236 1177 1029 167 862 818 141 148 128 45 44 83
is_linear=0
shrinkage=0.03


Tree=100
num_leaves=11
num_cat=0
split_feature=203 291 13 14 302 306 197 210 19 10
split_gain=4.73694 5.71831 6.01484 7.82429 6.80064 6.27501 4.82453 4.72716 3.32931 2.27519
threshold=91.499534579346516 -6.2449999999999992 24.975000000000005 23.175000000000004 0.55205000000000004 0.81179943076004091 2.0686148614661732 -8.5629849946348209 15.06 18.975000000000005
decision_type=2 2 2 2 2 2 2 2 2 2
left_child=1 6 3 5 8 -3 -1 -5 -4 -8
right_child=-2 2 4 7 -6 -7 9 -9 -10 -11
leaf_value=8.5448143061792934e-05 0.024920281840235849 0.014432605512449431 -0.043143770351809135 0.038790932699885622 0.012488718631928812 -0.0012070578383973627 -0.013902947960092636 0.0063373799738442489 -0.0084486823285256901 -0.045375480258666563
leaf_weight=7.8243399560451534 6.8415091633796683 26.105486284941435 6.6494488790631276 7.8495882451534298 4.7656208649277678 192.91616956889629 4.2834454961121065 8.842224255204199 4.4236315973103046 4.9826559647917747
leaf_count=36 28 111 34 30 20 871 22 39 20 25
internal_value=0.000448918 -0.000172171 0.00096015 0.00217661 -0.0168552 0.0006491 -0.0169218 0.021918 -0.0297515 -0.0314507
internal_weight=275.484 268.643 251.552 235.713 15.8387 219.022 17.0904 16.6918 11.0731 9.2661
internal_count=1236 1208 1125 1051 74 982 83 69 54 47
is_linear=0
shrinkage=0.03


Tree=101
num_leaves=11
num_cat=0
split_feature=112 140 63 215 18 132 82 137 189 203
split_gain=4.71662 5.56737 5.32475 5.98081 8.41452 7.57799 4.92092 3.48936 2.94527 3.56567
threshold=0.56250000000000011 2.6270313630500004 3.7150000000000003 1.3824556725957937 19.940000000000001 45.768200000000007 51.100000000000009 1.8847750000000001 1.529237189297221 31.675682882075801
decision_type=2 2 2 2 2 2 2 2 2 2
left_child=1 -1 -3 4 -4 -5 7 -2 -9 -10
right_child=6 2 3 5 -6 -7 -8 8 9 -11
leaf_value=0.031457705475667501 -0.0069163648907028764 0.028100996679370403 -0.00422800503795251 -0.0032456411827112945 -0.029543930355924768 0.011304441168740338 -0.015126624878789831 0.038016955535961947 0.031032812820545763 -0.0039322707283881387
leaf_weight=4.6069337464869013 3.7796561270952287 5.2481184601783744 83.200328391045332 92.919046692550182 13.782843753695486 49.070136692374945 4.5887918956577769 7.8096737340092686 4.8646208643913251 5.2517680376768112
leaf_count=18 18 25 375 420 64 215 23 31 23 24
internal_value=0.000435677 -0.000831796 -0.0014658 -0.00213916 -0.00788343 0.00176603 0.0125013 0.0185222 0.0240609 0.0127268
internal_weight=275.122 248.827 244.22 238.972 96.9832 141.989 26.2945 21.7057 17.9261 10.1164
internal_count=1236 1117 1099 1074 439 635 119 96 78 47
is_linear=0
shrinkage=0.03


Tree=102
num_leaves=9
num_cat=0
split_feature=46 141 205 43 295 313 107 314
split_gain=4.66639 5.2491 4.93304 6.74295 6.34388 5.7457 8.72473 5.0891
threshold=0.20360000000000003 39.778616969150001 3.2677609781095991 -0.48825776549114547 0.68803300011228574 0.27997802381743125 -0.030099999999999998 -0.36512982724024839
decision_type=2 2 2 2 2 2 2 2
left_child=-1 2 5 -4 -5 6 -2 -7
right_child=1 -3 3 4 -6 7 -8 -9
leaf_value=0.027613695129882789 -0.011973194431719422 -0.030931040779282094 0.04015318423208606 0.022194997661191061 -0.014975149929555544 0.042610260430538165 0.0015257083657803435 0.0051546476838438505
leaf_weight=5.4667377583682528 67.460886314511299 4.791062891483306 6.2328187376260784 8.1130837351083773 8.1600038483738881 3.4196778982877722 118.08504667505622 53.009899824857712
leaf_count=25 319 23 24 36 38 13 524 234
internal_value=0.000423678 -0.000127239 0.000430911 0.0138405 0.00339549 -0.000809113 -0.00336988 0.00754892
internal_weight=274.739 269.272 264.481 22.5059 16.2731 241.976 185.546 56.4296
internal_count=1236 1211 1188 98 74 1090 843 247
is_linear=0
shrinkage=0.03


Tree=103
num_leaves=10
num_cat=0
split_feature=303 71 41 71 46 149 262 90 1
split_gain=4.67739 5.67683 6.03435 6.31794 6.10139 4.64196 3.56655 3.43049 1.30977
threshold=1.1552604006831293 20250917.500000004 20240213.500000004 20231019.000000004 0.23515000000000003 10.895873353500003 0.33816108981352694 275645086.75000006 66.365000000000009
decision_type=2 2 2 2 2 2 2 2 2
left_child=1 2 3 4 -1 -2 7 -4 -7
right_child=5 -3 6 -5 -6 8 -8 -9 -10
leaf_value=0.022822581779172537 0.0050851835443185556 -0.032489191631629687 0.026588085783400255 -0.030232947383703072 -1.1968024101139149e-05 -0.042991615664071656 -0.0086185785568480139 0 -0.016454361762353667
leaf_weight=10.96639947593212 5.0342905670404425 4.2892052344977847 17.281011581420906 5.8421061635017386 212.49633364379406 4.2058795094490034 4.5308955013751975 5.8270539939403525 3.8783034980297089
leaf_count=44 25 59 95 35 889 22 19 27 21
internal_value=0.000413398 0.00130457 0.00189278 0.000280605 0.00110492 -0.0169814 0.0151107 0.0199098 -0.0309838
internal_weight=274.351 261.233 256.944 229.305 223.463 13.1185 27.639 23.1081 8.08418
internal_count=1236 1168 1109 968 933 68 141 122 43
is_linear=0
shrinkage=0.03


Tree=104
num_leaves=17
num_cat=0
split_feature=138 181 103 312 138 194 24 195 177 110 204 177 132 200 172 279
split_gain=4.64205 6.8244 6.79874 8.33937 6.16056 6.24798 6.96074 5.76634 5.74516 6.8752 5.43825 5.29974 5.44747 4.92089 6.48321 4.76011
threshold=69.809271121538487 0.13806900645000003 -0.035549999999999991 -0.13767711962833909 190.12491336307974 0.23725386488992753 -0.22499999999999998 9.068733075920834 0.51561790630000004 0.36965000000000003 31.369427972943637 -0.84257030264999988 74.232700000000008 58.940984798563136 0.12378544415000002 0.033146236550119244
decision_type=2 2 2 2 2 2 2 2 2 2 2 2 2 2 2 2
left_child=1 -1 3 -2 5 6 -4 8 -3 -10 -7 -6 -13 15 -15 -5
right_child=2 7 4 13 11 10 -8 -9 9 -11 -12 12 -14 14 -16 -17
leaf_value=-0.020996435998245896 0.018839421029040172 0.029217687834006374 -0.040826479482675863 0.0087848967413282717 -0.021194125495659116 -0.0051192661899604943 0.0052764029046153743 0.035902544086160462 -0.0041135732282829495 0.031246881341930086 0.012064133370962557 0.0067047105628708923 0.02982893102765664 0.01580965653734779 -0.025675102090750343 -0.02714843901305607
leaf_weight=6.3261200934648505 7.4945169761776915 8.5853166691958887 7.5532305240631104 11.870178982615473 4.7594802528619757 58.6352648884058 4.5880030095577222 7.508972465991973 28.942449167370796 5.852579277008771 22.983592629432678 48.251667812466621 11.441836949437855 3.6478836722671977 30.816052198410034 4.480865489691495
leaf_count=29 34 38 35 55 21 267 20 31 127 26 97 210 51 17 156 22
internal_value=0.000399715 0.0080005 -0.00159769 -0.0103519 0.00161424 -0.00326994 -0.023259 0.0116981 0.00736646 0.00182064 -0.000234926 0.00875981 0.0112297 -0.0147447 -0.0211643 -0.000985139
internal_weight=273.738 57.2154 216.523 58.3095 158.213 93.7601 12.1412 50.8893 43.3803 34.795 81.6189 64.453 59.6935 50.815 34.4639 16.351
internal_count=1236 251 985 284 701 419 55 222 191 153 364 282 261 250 173 77
is_linear=0
shrinkage=0.03


Tree=105
num_leaves=9
num_cat=0
split_feature=303 70 80 70 318 106 17 289
split_gain=4.45531 5.47784 5.66578 5.97642 5.75024 3.80358 3.3657 2.32344
threshold=1.1552604006831293 20250920.500000004 20240213.500000004 20231022.000000004 1.1118182608657612 0.5565500000000001 18.940000000000001 -2.4749999999999992
decision_type=2 2 2 2 2 2 2 2
left_child=1 2 3 4 -1 -2 7 -4
right_child=5 -3 6 -5 -6 -7 -8 -9
leaf_value=-0.0011666879384242288 -0.032657010268544215 -0.032354199845785747 0.0082395679221053172 -0.029665713477772582 0.011371854007262599 0 -0.0042466823708174721 0.029060149142008201
leaf_weight=182.94692429155111 6.5214856415986997 4.182279970496892 8.9437541291117704 5.7400746941566458 39.975812554359436 6.4723098874092102 6.2023930698633185 12.137739665806293
leaf_count=770 39 59 45 35 163 29 29 67
internal_value=0.000389762 0.00125951 0.00183291 0.000275078 0.00107244 -0.0166696 0.0147307 0.0204493
internal_weight=273.123 260.129 255.947 228.663 222.923 12.9938 27.2839 21.0815
internal_count=1236 1168 1109 968 933 68 141 112
is_linear=0
shrinkage=0.03


Tree=106
num_leaves=13
num_cat=0
split_feature=310 200 132 63 194 313 1 107 22 211 183 132
split_gain=4.56766 7.11501 6.54907 4.95424 6.16253 6.72001 4.59794 4.84085 4.42177 2.61557 2.81721 0.910415
threshold=0.087141989315513882 30.628693158079034 105.34610000000002 5.2550000000000008 0.23385690516193181 0.15185821667532318 66.175000000000026 0.013500000000000002 -0.26499999999999996 0.89883852207780124 -0.30585587709999995 35.554125000000006
decision_type=2 2 2 2 2 2 2 2 2 2 2 2
left_child=2 -2 3 6 8 -6 7 -1 -5 11 -11 -3
right_child=1 9 -4 4 5 -7 -8 -9 -10 10 -12 -13
leaf_value=-0.019961458475173516 0.014576092041260431 -0.019647348673013435 0.030786538173186002 -0.023999107578091164 -0.014515788526065032 0.0033599706877261151 0.032859626754329962 0.022848426315451142 -0.000512318710284247 -0.033268342241494039 0.0047731057690765409 -0.043568819469877847
leaf_weight=4.573163755238058 5.9086425267159965 3.1528689935803396 6.6028515994548789 15.806625775992872 21.060604430735111 176.86989086121321 7.9117230772972098 4.7174336835741997 13.698295727372168 2.684609416872263 4.3884660415351382 5.1495011560618877
leaf_count=22 30 21 27 73 107 760 38 21 59 15 31 32
internal_value=0.000377026 -0.0129188 0.00152003 0.000705599 -0.000458668 0.0014364 0.0161857 0.00146824 -0.0132348 -0.0237047 -0.00950993 -0.0351835
internal_weight=272.525 21.2841 251.241 244.638 227.435 197.93 17.2023 9.2906 29.5049 15.3754 7.07308 8.30237
internal_count=1236 129 1107 1080 999 867 81 43 132 99 46 53
is_linear=0
shrinkage=0.03


Tree=107
num_leaves=15
num_cat=0
split_feature=138 181 103 312 287 277 289 210 195 179 111 20 267 301
split_gain=4.41222 6.42715 6.39809 7.90214 5.80096 6.87087 6.49931 5.87914 5.47194 5.4779 6.28477 4.80767 6.00276 5.1375
threshold=69.809271121538487 0.13806900645000003 -0.035549999999999991 -0.13767711962833909 -4.7999999999999989 1.926628335369414 -6.5249999999999977 238.89442471150457 9.068733075920834 0.51561790630000004 0.19525000000000003 -1.575 -0.42225862825439914 1.0727606061366386
decision_type=2 2 2 2 2 2 2 2 2 2 2 2 2 2
left_child=1 -1 3 -2 6 7 -4 -6 9 -3 -11 12 -5 -13
right_child=2 8 4 11 5 -7 -8 -9 -10 10 -12 13 -14 -15
leaf_value=-0.02043421549822251 0.018326062018199491 0.028633228766454345 0.0072529116812785014 0.010223760025134738 0.0028223731651663411 0.031186171461704618 -0.040648182997210659 -0.028509084023287473 0.035113708554100301 -0.0038265450105458435 0.030522099987530058 -0.028580861711581189 -0.024883577413883206 -0.00038314255350667539
leaf_weight=6.2785692289471617 7.4743880107998839 8.4957418441772443 4.2551714032888412 12.099724940955641 134.44411960989237 7.3370988816022864 5.8473734483122808 5.5049528405070296 7.432788908481597 28.948709715157747 5.6291023530066004 23.593104369938377 6.7152375467121592 7.9981778040528289
leaf_count=29 34 38 18 53 597 31 29 26 31 128 25 121 37 39
internal_value=0.00036518 0.00780514 -0.00158616 -0.0101124 0.0015348 0.00306593 -0.020305 0.00154904 0.0114084 0.00717643 0.00175063 -0.0144167 -0.00221309 -0.0215603
internal_weight=272.054 56.7849 215.269 57.8806 157.389 147.286 10.1025 139.949 50.5063 43.0736 34.5778 50.4062 18.815 31.5913
internal_count=1236 251 985 284 701 654 47 623 222 191 153 250 90 160
is_linear=0
shrinkage=0.03


Tree=108
num_leaves=16
num_cat=0
split_feature=310 200 131 207 75 163 262 11 203 265 215 210 183 15 278
split_gain=4.33732 6.82889 6.40751 9.54036 10.2219 7.47299 7.45951 7.11446 8.61316 5.2141 5.21028 2.51346 2.63487 1.86019 0.92212
threshold=0.087141989315513882 30.628693158079034 75.577727777777795 0.20240372197112375 3.5875000000000004 3.4821579200500001 0.018305915860172387 19.125000000000004 33.154343873364702 0.13472406786052285 4.802724251076711 0.66733127577361939 -0.30585587709999995 15.940000000000003 0.057116538009193314
decision_type=2 2 2 2 2 2 2 2 2 2 2 2 2 2 2
left_child=2 -2 3 4 10 -6 13 9 -9 -8 -1 14 -13 -4 -3
right_child=1 11 6 -5 5 -7 7 8 -10 -11 -12 12 -14 -15 -16
leaf_value=-0.0010946304871738077 0.01428961857414352 -0.020612672015966359 0.018740609368821198 0.032961822141060436 -0.014780009409334317 0.0091095267628949188 -0.033113636591335933 -0.0074933324397908584 0.026861331364189063 0.00061375497385863294 0.013098116926124018 -0.032524525871117989 0.004426529346450288 0.045473410309947115 -0.044244740920586681
leaf_weight=68.280894033610821 5.8865283504128483 3.5732185766100866 5.492202475666998 6.9706978350877753 66.377045664936304 14.089121297001837 5.4956052452325848 9.9514380693435687 18.388944566249847 15.060571838170288 34.957757439464331 2.6472166739404202 4.3712322860956183 5.3428096324205399 4.6152088306844234
leaf_count=293 30 25 24 27 319 56 29 44 75 68 151 15 31 21 28
internal_value=0.000354975 -0.0126621 0.00146808 -0.00120494 -0.00253495 -0.0105537 0.0100388 0.00494592 0.0147086 -0.00837454 0.00369019 -0.0233162 -0.00935033 0.0324924 -0.0346674
internal_weight=271.5 21.0934 250.407 190.676 183.705 80.4662 59.7316 48.8966 28.3404 20.5562 103.239 15.2069 7.01845 10.835 8.18843
internal_count=1236 129 1107 846 819 375 261 216 119 97 444 99 46 45 53
is_linear=0
shrinkage=0.03


Tree=109
num_leaves=21
num_cat=0
split_feature=313 297 14 65 191 55 109 190 215 199 112 137 106 68 43 123 35 290 162 185
split_gain=4.24121 7.60377 6.99208 8.68355 8.64131 7.79699 6.58939 8.14727 6.36477 5.91172 5.53685 5.82832 5.50297 4.97116 4.62489 4.36085 9.17887 3.00409 2.13652 2.06409
threshold=0.2940517751148885 1.3434841405462512 18.975000000000005 16.390000000000004 2.3887596144896359 -0.13184999999999999 0.32185000000000002 0.68536449889422546 0.50474325702209721 17.017159023374926 0.45415000000000005 3.1464750000000001 0.72355000000000014 0.43760000000000004 2.0898000000000008 671.50000000000011 5.5000000000000009 -1.3699999999999999 0.28629681138400004 -1.0000000180025095e-35
decision_type=2 2 2 2 2 2 2 2 2 2 2 2 2 2 2 2 2 2 2 2
left_child=1 2 3 5 -5 -1 7 -3 18 -10 -4 -12 15 -9 -14 19 17 -17 -8 -2
right_child=12 6 10 4 -6 -7 8 13 9 -11 11 -13 14 -15 -16 16 -18 -19 -20 -21
leaf_value=0.020145063084319629 0.040841854946935909 0.0097663325868369132 -0.014641809678082356 0.0067905087180853271 -0.028025481451104544 -0.0016471844775452708 -0.03700721774348964 -0.0092300360900131745 -0.02383957148415438 0.016600647950288639 0.027212599493639709 0.001509039469544342 -0.021542918129412846 -0.031745270402451016 0.011064829114229994 0.0058626105856935595 -0.023640966507469646 0.03734163219773598 -0.0041051794052955892 0.016633605326155074
leaf_weight=19.398366305977106 6.4251022525131702 8.609345328062771 5.3307667896151534 9.6767894774675387 18.084776472300291 60.180117763578892 3.9308829903602627 15.907674126327036 3.77641533315182 19.034455623477697 21.670621946454048 12.91954982280731 8.1598688103258592 21.45608026906848 7.2301992066204539 5.9621765539050111 6.1733691170811644 5.4655978530645379 3.633651115000248 7.8574230484664458
leaf_count=81 29 38 26 42 91 266 24 83 17 81 87 56 37 116 31 26 28 22 18 37
internal_value=0.000345564 -0.00136982 0.00259785 -0.00136583 -0.0158013 0.00364594 -0.00905529 -0.0162133 0.00169754 0.00969986 0.0133072 0.0177307 0.00850859 -0.0222897 -0.00605771 0.0156304 0.00537028 0.0213717 -0.0218538 0.0279407
internal_weight=270.883 223.609 147.261 107.34 27.7616 79.5785 76.3485 45.9731 30.3754 22.8109 39.9209 34.5902 47.2737 37.3638 15.3901 31.8837 17.6011 11.4278 7.56453 14.2825
internal_count=1236 1026 649 480 133 347 377 237 140 98 169 143 210 199 68 142 76 48 42 66
is_linear=0
shrinkage=0.03


Tree=110
num_leaves=9
num_cat=0
split_feature=46 141 287 312 144 313 313 101
split_gain=4.18876 4.88297 4.45154 4.99485 5.96842 5.25809 4.16889 3.95605
threshold=0.20360000000000003 39.778616969150001 3.0749999999999997 -0.13767711962833909 0.16072363336000003 0.14413536422265419 0.22939046180932524 0.30185000000000006
decision_type=2 2 2 2 2 2 2 2
left_child=-1 2 3 4 -2 -5 7 -4
right_child=1 -3 6 5 -6 -7 -8 -9
leaf_value=0.026556874728959443 0.036447801148214595 -0.030182374559520938 -0.011860929085338293 -0.019827690201495343 0.0020316479479666246 -0.0008438015769265284 0.031652679555321334 0.024436896122176126
leaf_weight=5.2758099660277358 6.6664398089051273 4.6976708248257628 6.6339000463485736 13.963068827986715 14.420913159847258 206.44015522487462 7.4878284931182852 4.3831363469362259
leaf_count=25 27 23 30 76 68 937 29 21
internal_value=0.000336301 -0.000184824 0.000357042 -0.000720201 0.013174 -0.00206853 0.0145047 0.00240025
internal_weight=269.969 264.693 259.995 241.491 21.0874 220.403 18.5049 11.017
internal_count=1236 1211 1188 1108 95 1013 80 51
is_linear=0
shrinkage=0.03


Tree=111
num_leaves=11
num_cat=0
split_feature=112 265 149 4 206 306 130 61 137 139
split_gain=4.18925 5.11237 6.1379 5.36323 8.10728 7.42295 4.59462 3.84486 4.05677 2.57258
threshold=0.56250000000000011 1.8775807951142154 2.4062547741000002 65.390000000000015 -40.864608056804236 0.85180486083528584 8.5000000000000018 40.35720833333334 2.5248500000000003 56.179411500000008
decision_type=2 2 2 2 2 2 2 2 2 2
left_child=1 2 -1 5 -5 -4 -2 8 -8 -10
right_child=6 -3 3 4 -6 -7 7 -9 9 -11
leaf_value=0.032375205872887919 0.034293868165508126 -0.031524282299689538 0.0077573432391857466 -0.025592862904156872 0.0091218792742447374 -0.0074666250770708967 -0.012506741123169261 -0.019559365195969913 0.034343415494401168 0.0039587651260063247
leaf_weight=4.976009137928485 6.1590812206268337 4.702753383666276 37.115038335323334 6.5446014925837508 64.886403076350689 125.87491022795439 4.2026493623852756 4.431714203208684 6.1168055906891805 4.6620717421174049
leaf_count=20 26 24 164 32 278 599 20 25 26 22
internal_value=0.000327374 -0.000873221 -0.000245669 -0.000964408 0.005868 -0.00397889 0.0118632 0.00445383 0.0118387 0.0216344
internal_weight=269.672 244.1 239.397 234.421 71.431 162.99 25.5723 19.4132 14.9815 10.7789
internal_count=1236 1117 1093 1073 310 763 119 93 68 48
is_linear=0
shrinkage=0.03


Tree=112
num_leaves=19
num_cat=0
split_feature=54 113 61 305 284 55 193 101 67 300 132 168 204 210 278 132 116 266
split_gain=4.14861 7.89119 7.31681 6.47875 11.5895 6.59873 6.44511 6.28789 6.58825 6.4594 6.17778 6.16938 6.00544 6.3664 5.49337 6.25149 4.9857 2.39755
threshold=0.54485000000000017 0.30080000000000001 4.495000000000001 0.92738908913131013 -8.1999999999999975 0.072850000000000012 0.34835369290350893 0.23115000000000002 0.85030000000000017 1.1278478014966877 74.232700000000008 0.5880184930000002 51.706540609765518 -302.03787750080301 1.8327178872283654 29.671000000000003 0.52200000000000013 -0.091035169524889589
decision_type=2 2 2 2 2 2 2 2 2 2 2 2 2 2 2 2 2 2
left_child=1 2 -1 4 -2 17 -3 8 -4 -9 12 -12 13 -5 15 -8 -7 -6
right_child=3 6 7 10 5 16 14 9 -10 -11 11 -13 -14 -15 -16 -17 -18 -19
leaf_value=0.026202357712600807 -0.027030513409379685 -0.017589728237725203 -0.0027157932892151386 0.019457457270136733 0.016185509504917862 -0.022622590477142816 -0.0077150242937857726 -0.0042905918600647458 0.028470299023143547 -0.029111330580090966 -0.023726522443214913 0.023033490359844418 0.016301627458498516 -0.023041574013084869 0.034591738263467245 0.013690525747365567 0.019048753240197891 0.045382682667246127
leaf_weight=6.9948078393936148 6.8695102483034161 7.139033615589141 41.79396128281951 3.3086752444505683 5.1226364746689823 4.7125836759805662 15.418988864868878 24.15854562446475 7.0203294083476058 15.806449994444845 3.5455256775021544 8.0559165813028795 4.5206335410475722 37.971515722572803 8.5357364416122419 56.477780520915985 5.4783642888069153 6.3459464237093917
leaf_count=34 34 30 197 13 22 22 68 110 28 81 20 37 19 194 34 247 22 24
internal_value=0.000318484 0.00287793 -0.00304877 -0.00510456 0.00649912 0.0173466 0.00939008 -0.00541407 0.001757 -0.0142304 -0.0109251 0.00840611 -0.0158947 -0.0195239 0.0118409 0.00905388 0 0.0328532
internal_weight=269.277 183.346 95.7741 85.9313 28.529 21.6595 87.5715 88.7793 48.8143 39.965 57.4023 11.6014 45.8008 41.2802 80.4325 71.8968 10.1909 11.4686
internal_count=1236 829 450 407 124 90 379 416 225 191 283 57 226 207 349 315 44 46
is_linear=0
shrinkage=0.03


Tree=113
num_leaves=13
num_cat=0
split_feature=303 76 262 75 178 207 1 112 273 149 0 1
split_gain=4.14982 4.80235 7.29894 9.79039 8.90998 6.90258 7.51024 6.89866 4.67477 4.29967 2.98267 1.2333
threshold=1.1552604006831293 10.430450000000002 0.024273142072184565 10.405650000000001 1.4785489718000002 0.20240372197112375 79.840000000000018 0.56250000000000011 -0.57506161705009395 10.895873353500003 63.535000000000004 66.365000000000009
decision_type=2 2 2 2 2 2 2 2 2 2 2 2
left_child=1 5 8 10 -5 6 7 -1 -3 -2 -4 -11
right_child=9 2 3 4 -6 -7 -8 -9 -10 11 -12 -13
leaf_value=-0.00082096503469051522 0.0051803468201098938 -0.012051311257579243 -0.0061383228167433829 -0.012925896961660048 0.035306206606694486 0.03368012135484872 0.032275481401712013 0.018413525452606824 0.028851155376765445 -0.041946018401305525 -0.039019166183777647 -0.015688424138608673
leaf_weight=181.47959485836327 4.8732714131474477 3.8304196931421757 3.4480890668928614 11.849109500646593 4.7401252985000601 6.3160385042428961 7.0431959927082053 18.372721694409847 6.598364129662512 4.0609508901834488 12.195504121482371 3.7387123703956604
leaf_count=823 25 20 16 59 18 25 31 84 28 22 64 21
internal_value=0.000310847 0.00115443 -0.00800291 -0.0150963 0.00080492 0.00300368 0.00203689 0.000940611 0.0135713 -0.0163624 -0.0320473 -0.0300973
internal_weight=268.546 255.873 42.6616 32.2328 16.5892 213.212 206.896 199.852 10.4288 12.6729 15.6436 7.79966
internal_count=1236 1168 205 157 77 963 938 907 48 68 80 43
is_linear=0
shrinkage=0.03


Tree=114
num_leaves=15
num_cat=0
split_feature=291 204 33 67 202 295 201 295 174 64 134 284 169 0
split_gain=4.06966 5.44122 7.84827 9.06115 6.46811 5.54632 6.07433 5.29197 4.84761 4.84681 4.46499 3.6946 3.46648 1.14131
threshold=-6.2449999999999992 32.846452552119267 1.0000000180025095e-35 -0.30461783148696903 8.0779013761400353 5.2515748161726217 22.915889084569844 0.49487774917665706 0.81282875175000024 15.225000000000003 2.0606488636363642 -5.2749999999999977 0.76052339540000002 69.260000000000005
decision_type=2 2 2 2 2 2 2 2 2 2 2 2 2 2
left_child=10 4 8 -4 12 6 -6 -5 9 -3 -1 13 -2 -12
right_child=1 2 3 7 5 -7 -8 -9 -10 -11 11 -13 -14 -15
leaf_value=0.011469192312357265 -0.0030508575285565398 0.034718295437871756 -0.035020691036723291 0.01940538458660563 0.0022902363768713373 -0.030800241682256407 -0.021674772485348041 -0.0037873052299380728 -0.0067381447217848235 0.010636085132466588 -0.043411153994384562 0 -0.041150042209184723 -0.019156931327774775
leaf_weight=4.5713009834289577 3.8280182480812055 15.231708191335203 5.9362515658140174 13.694654334336517 144.8661115989089 5.0976365581154814 10.07946042716503 24.260560259222984 5.8396527245640746 15.950062135234473 4.9471280239522457 4.3077585510909531 5.4537031464278698 4.0091373696923256
leaf_count=20 18 62 29 61 664 27 47 114 26 73 27 22 27 19
internal_value=0.000301508 0.00130135 0.00770266 -0.000817522 -0.00174259 -0.000304223 0.00069895 0.00453104 0.0178597 0.0225691 -0.0134885 -0.0223358 -0.0259567 -0.0332168
internal_weight=268.073 250.238 80.9129 43.8915 169.325 160.043 154.946 37.9552 37.0214 31.1818 17.8353 13.264 9.28172 8.95627
internal_count=1236 1148 365 204 783 738 711 175 161 135 88 68 45 46
is_linear=0
shrinkage=0.03


Tree=115
num_leaves=15
num_cat=0
split_feature=46 44 318 318 101 174 201 113 138 62 144 158 191 118
split_gain=4.06385 5.34463 5.05577 8.12048 9.14706 7.63355 7.21024 7.15635 5.48018 7.78053 5.22192 4.89297 3.99909 1.59034
threshold=0.23515000000000003 0.0045000000000000014 1.1118182608657612 1.0030076477408703 0.19305000000000003 0.17624236210000002 20.784899950126849 0.30080000000000001 243.83776044000004 35.20000000000001 0.34922222101200001 43.085081774250007 3.7613873079665461 6682.6450000000013
decision_type=2 2 2 2 2 2 2 2 2 2 2 2 2 2
left_child=1 -1 3 6 -5 -6 7 -2 9 11 -11 -4 -10 -8
right_child=2 -3 8 4 5 -7 13 -9 12 10 -12 -13 -14 -15
leaf_value=-0.0016546282957536455 -0.0057042077610910472 0.035837012561111312 0.014542494376485625 0.02015069331333573 -0.032669937711535486 0.0014385056352753604 -0.01221245971261541 0.0071542240305683142 0.042011542416506072 0.0040748802237458191 -0.038506710457750316 -0.017884199617044322 0.005246836457944771 -0.039086233341983356
leaf_weight=6.8610880076885206 69.668178148567677 6.4367368668317795 28.173884440213442 5.1057959124445906 20.33241851627827 8.0621008537709695 4.5380045622587186 87.836950089782476 6.2469467818737012 4.3687221854925138 5.8263676278293133 4.75209867209196 4.9982783272862434 4.4156219586730003
leaf_count=34 334 27 129 24 103 39 21 383 25 19 28 23 25 22
internal_value=0.000290074 0.0164011 -0.000546642 -0.00276356 -0.0162166 -0.0229091 -2.99692e-05 0.0014476 0.00754221 0.00257748 -0.0201062 0.00973164 0.0261251 -0.0260824
internal_weight=267.623 13.2978 254.325 199.959 33.5003 28.3945 166.459 157.505 54.3663 43.1211 10.1951 32.926 11.2452 8.95363
internal_count=1236 61 1175 926 166 142 760 717 249 199 47 152 50 43
is_linear=0
shrinkage=0.03


Tree=116
num_leaves=18
num_cat=0
split_feature=313 121 69 209 130 58 276 165 43 70 105 208 107 20 43 296 317
split_gain=4.00537 6.93685 6.52307 6.24673 6.28282 6.0762 6.76392 5.85827 6.19431 7.02246 5.14147 5.10969 4.80502 5.07176 3.79957 3.46585 1.6349
threshold=0.2940517751148885 -0.13174999999999998 332.50000000000006 56.343584624454955 7.5000000000000009 20.705000000000002 -0.31630657498015241 -10.550822932799997 1.2771000000000001 20210812.000000004 0.23095000000000002 -35.418888193610904 -0.052549999999999993 -2.5749999999999997 1.5733500000000002 1.4339193930263725 -0.11532699757453113
decision_type=2 2 2 2 2 2 2 2 2 2 2 2 2 2 2 2 2
left_child=1 2 3 4 -1 6 -4 -3 11 -10 -2 -9 15 -14 -15 -12 -7
right_child=10 7 5 -5 -6 16 -8 8 9 -11 12 -13 13 14 -16 -17 -18
leaf_value=0.027774646522607915 0.038290295241823383 0.029043641445900027 -0.037832572980224397 -0.029099151145771031 -0.0021733782608412571 -0.012353083151927671 -0.0018540951961990219 -0.0063092471368743509 0.0067116735887906617 -0.018899842118677054 0 0.0095321523543718499 0.019835488233236873 -0.01865220829040589 0.0059278170155920009 0.034043198293852925 -0.040221799479915943
leaf_weight=8.4776668697595614 4.5582078434526911 7.0597476512193671 5.7980044931173351 5.292232032865285 23.196632880717516 2.9245634227991095 24.310987513512373 24.552505971863866 15.71705314517021 24.110138352960348 4.3978550955653173 69.554972343146801 7.4869990423321715 13.461323224008089 9.4032436460256559 7.136041097342968 9.5564896836876851
leaf_count=38 20 29 29 28 107 17 111 116 61 127 20 308 34 67 41 28 55
internal_value=0.000281829 -0.00139361 -0.00847967 0.000666366 0.00581002 -0.0164713 -0.00898398 0.00258663 0.00114906 -0.00872611 0.0082885 0.005365 0.00486866 -0.00131761 -0.00843104 0.0212771 -0.0340801
internal_weight=266.995 220.551 79.5566 36.9665 31.6743 42.59 30.109 140.994 133.935 39.8272 46.4437 94.1075 41.8855 30.3516 22.8646 11.5339 12.4811
internal_count=1236 1026 385 173 145 212 140 641 612 188 210 424 190 142 108 48 72
is_linear=0
shrinkage=0.03


Tree=117
num_leaves=18
num_cat=0
split_feature=287 305 11 61 281 274 103 168 313 78 74 54 42 261 51 69 148
split_gain=4.0017 6.7408 6.5914 8.91968 6.81526 5.94266 5.65549 5.26305 5.78278 9.00261 9.76454 6.89873 6.83689 6.54561 4.95955 3.7631 0.564072
threshold=-1.3500000000000003 0.84424207872508539 21.975000000000005 14.640708333333334 7.6986394800504785 0.017146981595947523 0.029650000000000003 8.9757771579000032 0.21228244937114069 3.0150000000000001 46.186450000000008 0.5162500000000001 0.60745000000000016 0.064097203945442174 0.072250000000000023 332.50000000000006 2020.5000000000002
decision_type=2 2 2 2 2 2 2 2 2 2 2 2 2 2 2 2 2
left_child=7 15 3 5 14 -3 -5 8 11 12 -11 13 -10 -1 -4 16 -2
right_child=1 2 4 6 -6 -7 -8 -9 9 10 -12 -13 -14 -15 -16 -17 -18
leaf_value=-0.033364339625946891 0.043610682411301067 -0.0071485081494751359 0.033459789580576854 -0.020226546835956014 -0.015839028633443535 0.010905240618381348 0 0.017525274071219378 0.021601898723287782 -0.037148103805602128 0.00080275432656615501 -0.040722452589672352 -0.018077415012982288 0.00015392212617803018 0.0084377439719162325 0.0017676637126361105 0.024269764458003322
leaf_weight=7.0344097018241909 4.4582905173301679 24.854926817119122 11.699995346367361 29.554184529930353 6.2822514027357093 47.150998901575804 21.378214836120605 8.4781755171716195 18.243053123354915 9.2338582128286379 17.181630052626133 8.0708449557423574 4.8030982762575141 19.122010525316 19.40803899616003 5.0748038068413726 4.2628027610480785
leaf_count=39 19 111 47 154 31 213 102 36 78 43 80 48 22 83 84 24 22
internal_value=0.000273472 0.00295929 0.00120153 -0.00213414 0.0122256 0.00463059 -0.0117469 -0.00476585 -0.00707809 -0.000448992 -0.0124404 -0.0165412 0.0131603 -0.00883884 0.0180219 0.0230155 0.0348794
internal_weight=266.292 174.125 160.329 122.938 37.3903 72.0059 50.9324 92.1671 83.6889 49.4616 26.4155 34.2273 23.0462 26.1564 31.108 13.7959 8.72109
internal_count=1236 807 742 580 162 324 256 429 393 223 123 170 100 122 131 65 41
is_linear=0
shrinkage=0.03


Tree=118
num_leaves=18
num_cat=0
split_feature=138 103 312 181 138 176 105 210 194 4 186 196 177 110 204 59 110
split_gain=3.89273 5.84093 6.96761 5.67947 5.18914 5.47062 5.87899 5.46593 5.35119 6.85726 5.05964 5.04354 5.17259 6.71178 4.23871 5.09425 2.0261
threshold=69.809271121538487 -0.035549999999999991 -0.13767711962833909 0.13806900645000003 190.12491336307974 23.197648768650001 0.32740000000000008 52.60324549169443 0.23725386488992753 62.875000000000007 -0.6605842383749968 5.0946033603459515 0.51561790630000004 0.36965000000000003 45.899961933229797 11.835000000000003 0.028100000000000003
decision_type=2 2 2 2 2 2 2 2 2 2 2 2 2 2 2 2 2
left_child=3 2 -2 -1 8 7 -7 -6 9 -3 -10 12 -5 -14 15 -4 -13
right_child=1 4 14 11 5 6 -8 -9 10 -11 -12 16 13 -15 -16 -17 -18
leaf_value=-0.019534842798015345 0.017133116590584807 -0.0391662182001924 -0.0022733152242863167 0.027137104310874099 0.019220554118413263 0.0064433546773742514 -0.02906886310841587 -0.0065456388257732539 -0.0047268566842366758 0.0076656723133312482 0.012600757653085335 0.043748505507223347 -0.0063731171477316023 0.029791704082506087 0.0060157131336605416 -0.025113650895370251 0.015467361148386614
leaf_weight=6.1146158948540679 7.2967246398329726 7.4685310646891576 13.293367646634577 7.9606763087213031 35.022026363760233 12.127518337219955 6.2312671244144431 9.1370507143437845 59.402038015425205 4.2835117429494858 20.244157161563635 4.8653673455119115 25.46942234411836 5.5359702743589869 7.7529770620167247 27.840014092624187 5.3818265534937382
leaf_count=29 34 36 60 37 152 58 29 43 272 19 92 18 116 26 37 153 25
internal_value=0.000266511 -0.00158679 -0.00986358 0.00734841 0.00141941 0.00808629 -0.00553972 0.0138187 -0.00311191 -0.0219226 -0.000274694 0.0107823 0.00572598 6.26333e-05 -0.0139811 -0.0178283 0.0294782
internal_weight=265.427 210.099 56.1831 55.3279 153.916 62.5179 18.3588 44.1591 91.3982 11.752 79.6462 49.2133 38.9661 31.0054 48.8864 41.1334 10.2472
internal_count=1236 985 284 251 701 282 87 195 419 55 364 222 179 142 250 213 43
is_linear=0
shrinkage=0.03


Tree=119
num_leaves=11
num_cat=0
split_feature=303 315 271 53 271 132 287 133 13 206
split_gain=3.96576 5.27459 4.27043 6.75591 5.67245 5.79927 5.85984 5.39677 3.2949 1.58362
threshold=1.1552604006831293 0.5458333333333335 0.72575851042959738 0.44768907563025218 0.59476465896514996 105.34610000000002 -3.6750000000000003 31.865522275006871 21.825000000000003 -1.9886971762401335
decision_type=2 2 2 2 2 2 2 2 2 2
left_child=2 9 4 -4 5 6 -1 -5 -9 -2
right_child=1 -3 3 7 -6 -7 -8 8 -10 -11
leaf_value=-0.013868107565679598 -0.012180369473546705 0.01169058262440548 0.017051824925287191 -0.038791499698929838 0.028826789603534703 0.031736046528804747 0.0023560349161294218 -0.024097427417536756 0.011736727098160647 -0.040424380849438772
leaf_weight=22.205698359757662 3.4935530424118033 3.9633290991187087 5.4863509386777904 7.8988267630338695 6.9561841376125804 5.4594568833708754 195.29210182465613 4.1366633623838407 4.881673589348793 5.0225696340203276
leaf_count=107 22 17 27 39 29 26 895 23 22 29
internal_value=0.00025994 -0.0161648 0.00109027 -0.0113606 0.00232097 0.001468 0.000680213 -0.0207973 -0.00445521 -0.0294619
internal_weight=264.796 12.4795 252.317 22.4035 229.913 222.957 217.498 16.9172 9.01834 8.51612
internal_count=1236 68 1168 111 1057 1028 1002 84 45 51
is_linear=0
shrinkage=0.03


Tree=120
num_leaves=8
num_cat=0
split_feature=310 132 284 102 186 200 199
split_gain=3.82692 5.10003 4.2222 4.41174 6.0468 5.86265 3.36988
threshold=0.30622850432010745 105.34610000000002 -14.209999999999999 -0.49814999999999993 -0.7357243501999986 141.40862479378842 23.480797017325816
decision_type=2 2 2 2 2 2 2
left_child=1 2 -1 5 -5 -4 -2
right_child=6 -3 3 4 -6 -7 -8
leaf_value=-0.022299128037165293 0.0042019668544710865 0.02701163338761553 0.00072296727801266013 -0.00025926909344509147 0.011796593637556127 -0.018339685064974232 -0.039901452497268994
leaf_weight=7.2210529297590247 2.3627507574856272 6.4263639450073233 40.501895107328892 129.48417585343122 52.311320997774601 22.287265792489052 3.8406273350119591
leaf_count=36 14 30 192 587 234 113 30
internal_value=0.000251772 0.000826421 0.000135778 0.000819244 0.00319787 -0.0060141 -0.0228272
internal_weight=264.435 258.232 251.806 244.585 181.795 62.7892 6.20338
internal_count=1236 1192 1162 1126 821 305 44
is_linear=0
shrinkage=0.03


Tree=121
num_leaves=15
num_cat=0
split_feature=303 315 76 174 10 179 112 277 202 156 106 289 3 206
split_gain=3.81481 4.97079 4.27345 7.23373 6.32758 8.67539 5.8176 5.59453 5.50101 5.4886 5.29687 4.88824 3.34121 1.54418
threshold=1.1552604006831293 0.5458333333333335 10.430450000000002 0.34767734885000007 24.525000000000002 0.71955001500000015 0.56250000000000011 1.5093719710652589 19.437346754029125 0.30270319675000007 -0.17144999999999996 -0.6750000000000006 68.625000000000014 -1.9886971762401335
decision_type=2 2 2 2 2 2 2 2 2 2 2 2 2 2
left_child=2 13 4 7 6 -6 8 11 -1 -5 -7 -4 -8 -2
right_child=1 -3 3 9 5 10 12 -9 -10 -11 -12 -13 -14 -15
leaf_value=-0.0065503035195267683 -0.011920849473194741 0.011068313035611248 -0.032166087858721423 0.036210639115598055 0.040454744581742141 -0.022952830406863536 0.025617205980123396 0.017098620629749872 0.0043090478472598203 -0.0066508536678426987 0.014555323254335074 -0.0063257309157485593 -0.0039589544420194633 -0.03997225586241264
leaf_weight=79.435473779216409 3.475690431892871 3.9509130343794814 14.099910359829666 4.9863460473716241 8.9540711790323275 4.6503233611583754 12.396592032164337 4.0794698297977439 88.637517977505922 5.4508137851953506 11.545923989266154 13.044224090874197 4.4810918346047393 4.9239812865853301
leaf_count=373 22 17 74 21 34 23 58 18 403 25 51 67 21 29
internal_value=0.000243576 -0.0159517 0.00105599 -0.00769088 0.00280751 0.0169011 0.000866704 -0.0149548 -0.000806356 0.0136908 0.003527 -0.0199273 0.0176108 -0.0289947
internal_weight=264.112 12.3506 251.762 41.6608 210.101 25.1503 184.951 31.2236 168.073 10.4372 16.1962 27.1441 16.8777 8.39967
internal_count=1236 68 1168 205 963 108 855 159 776 46 74 141 79 51
is_linear=0
shrinkage=0.03


Tree=122
num_leaves=13
num_cat=0
split_feature=61 282 194 140 303 55 112 50 47 177 134 16
split_gain=3.75612 4.8993 5.38125 4.84028 6.0174 4.60778 3.9431 4.85168 3.74339 4.17782 3.72834 1.02749
threshold=4.9365000000000014 0.018137056739739459 0.23385690516193181 6.530532354950001 1.1552604006831293 0.24655000000000002 0.52915000000000012 0.38800000000000007 0.73445000000000016 0.98401695355000007 2.845019272727273 15.815000000000003
decision_type=2 2 2 2 2 2 2 2 2 2 2 2
left_child=10 8 6 5 -5 -4 7 -3 9 -2 11 -1
right_child=1 2 3 4 -6 -7 -8 -9 -10 -11 -12 -13
leaf_value=0.014440086841536349 -0.03895434057727358 -0.0014596726865674879 0.024262582166753966 0.0019831184138117096 -0.023071217051992842 -0.0039932220973133399 0.0063301643662203814 -0.02953590837270037 0.0072597554531420635 -0.0047636174404183567 -0.0050912813915888434 0.037562137429276533
leaf_weight=3.9460061937570554 7.2525482084602135 10.093697026371961 15.960520058870317 168.66170815378428 8.9850384630262834 7.3918787240982047 8.4028360359370691 12.875469610095022 4.552949894219636 6.1679509505629539 4.7106127738952628 4.594270221889019
leaf_count=20 41 45 66 775 49 38 38 64 23 31 22 24
internal_value=0.000236234 -0.000578832 0.000578683 0.00239596 0.000686772 0.0152118 -0.0109398 -0.0173878 -0.0156302 -0.0236139 0.0157487 0.0275167
internal_weight=263.595 250.345 232.371 200.999 177.647 23.3524 31.372 22.9692 17.9734 13.4205 13.2509 8.54028
internal_count=1236 1170 1075 928 824 104 147 109 95 72 66 44
is_linear=0
shrinkage=0.03


Tree=123
num_leaves=21
num_cat=0
split_feature=313 297 106 163 135 39 14 69 190 113 106 45 215 177 54 3 287 51 102 133
split_gain=3.802 6.69598 6.09221 6.55977 6.59949 5.82482 5.49845 6.21489 5.76644 5.01829 4.90201 4.85956 4.55997 4.45734 4.14569 3.97621 3.08437 2.79921 2.84537 2.17421
threshold=0.2940517751148885 1.3434841405462512 -0.22974999999999998 0.95941680835000009 2.1804000000000001 -0.12529999999999997 18.375000000000004 334.50000000000006 0.49195738576722015 0.38115000000000004 0.72355000000000014 0.35921052631578948 8.6256383651915005 1.3453374770500002 0.53865000000000007 73.475000000000009 -1.0000000180025095e-35 0.23455000000000004 -1.0000000180025095e-35 24.270090084787334
decision_type=2 2 2 2 2 2 2 2 2 2 2 2 2 2 2 2 2 2 2 2
left_child=1 2 3 5 -5 -1 8 -8 -4 11 15 -3 -13 16 -12 17 -11 19 -19 -2
right_child=10 9 6 4 -6 -7 7 -9 -10 13 14 12 -14 -15 -16 -17 -18 18 -20 -21
leaf_value=-0.019599671565569396 0.0058298950710253695 0.0084249254687929452 -0.027584063818502501 0.00050292342029096681 -0.029596710365049666 0.019762926591793628 0.024144521019724082 -0.0036723565401445956 0.0039816799488393319 -0.021281662341146267 0.010980542305607511 -0.01082579005476763 -0.031730898977255437 0.027915137394971246 -0.020423330031305406 -0.0045696919725607861 0.010228573011781043 -0.011793200164450249 0.022464558340638475 0.034476888255926916
leaf_weight=4.6864889413118354 3.3597093820571962 8.0194183662533742 5.5806124694645396 11.35871756449342 14.796467892825602 11.137893885374067 24.565257236361504 9.9438225552439672 61.492968555539846 5.3469656705856332 6.8320542424917212 36.594092259183526 13.043355692178009 5.3982101231813422 8.0731004551053029 6.9725765734910956 5.5250923261046418 3.8974484726786613 4.5630992203950864 11.964204262942074
leaf_count=23 15 36 27 55 70 49 105 43 277 27 32 193 73 22 36 29 26 19 23 56
internal_value=0.000228519 -0.00141292 0.00234823 -0.00722069 -0.0164586 0.00786718 0.00633535 0.0160549 0.00127355 -0.00875068 0.00809826 -0.0129143 -0.0164321 0.00580928 -0.0058516 0.0149528 -0.00504771 0.0207967 0.00637947 0.0284692
internal_weight=263.152 217.489 143.562 41.9796 26.1552 15.8244 101.583 34.5091 67.0736 73.9271 45.6622 57.6569 49.6374 16.2703 14.9052 30.757 10.8721 23.7845 8.46055 15.3239
internal_count=1236 1026 649 197 125 72 452 148 304 377 210 302 266 75 68 142 53 113 42 71
is_linear=0
shrinkage=0.03


Tree=124
num_leaves=11
num_cat=0
split_feature=48 46 207 1 201 317 75 313 14 288
split_gain=3.70424 5.16476 5.67529 6.24632 5.59744 7.77485 5.80769 5.54778 4.67054 3.74238
threshold=-0.26059999999999994 0.63675000000000015 0.24906744335939415 79.710000000000022 7.2957772364525777 0.16230704526077758 2.7674000000000007 0.29199464751051613 20.925000000000004 -1.4250000000000005
decision_type=2 2 2 2 2 2 2 2 2 2
left_child=9 2 3 7 6 -6 -3 -2 -8 -1
right_child=1 4 -4 -5 5 -7 8 -9 -10 -11
leaf_value=-0.0024975891504665439 -0.0027636262713540854 0.015191314463736276 0.029499620611608809 0.025950861849069435 -0.013950833602023925 0.03571001070218912 -0.034981016187823399 0.010864778877593935 0.00065668399976842769 0.035038070622107592
leaf_weight=4.0122323781251907 173.59267245233059 3.3226093798875835 6.1048032194375983 8.1662801839411241 7.1899704411625844 4.5144204422831535 14.40504843555391 31.676146201789379 4.0711262971162787 5.3063584342598897
leaf_count=20 813 14 26 37 36 20 81 144 20 25
internal_value=0.000222299 -0.000453549 0.00121005 0.000373411 -0.0114152 0.00508962 -0.0203969 -0.000641679 -0.0270057 0.0187032
internal_weight=262.362 253.043 219.54 213.435 33.5032 11.7044 21.7988 205.269 18.4762 9.31859
internal_count=1236 1191 1020 994 171 56 115 957 101 45
is_linear=0
shrinkage=0.03


Tree=125
num_leaves=15
num_cat=0
split_feature=46 43 318 318 101 283 202 15 204 136 78 310 134 284
split_gain=3.65327 5.13274 4.56611 7.35128 8.319 6.66781 5.59166 5.38392 4.66556 5.397 8.49363 3.46341 3.01647 2.87908
threshold=0.23515000000000003 0.062550000000000008 1.1118182608657612 1.0030076477408703 0.19305000000000003 0.32597443302590379 19.55588997837787 19.440000000000001 24.296700068412346 5.9833790000000002 2.9750000000000005 -1.0000000180025095e-35 4.471270416666667 -3.7949999999999977
decision_type=2 2 2 2 2 2 2 2 2 2 2 2 2 2
left_child=1 -1 3 5 -5 6 -2 -6 9 10 -4 -10 -11 -13
right_child=2 -3 8 4 7 -7 -8 -9 11 12 -12 13 -14 -15
leaf_value=-0.0021378225571661818 -0.0056046933240616291 0.034986534348740321 0.0041784630794848582 0.019398524744386691 -0.027987050321591628 -0.033525015435579009 0.0058103903650976504 0.0070420049347707592 -0.0064314801621091862 -0.0063177576355670081 -0.039777318674578045 0.0081527004096253256 0.024902392688549321 0.031963452225254478
leaf_weight=6.7466777116060239 66.417968392372131 6.2752677276730537 10.468925058841711 4.9895300418138495 23.184298703446988 5.1004187837243071 91.730583179742098 4.556792050600051 4.4538389295339611 3.9974948316812497 6.1473949626088134 8.3329961970448529 7.9746201708912849 11.540235348045822
leaf_count=34 314 27 50 24 122 26 420 20 21 19 28 38 37 56
internal_value=0.000217785 0.015654 -0.000583739 -0.00270666 -0.0156603 -8.31679e-05 0.000996905 -0.0221207 0.00721248 -0.0009116 -0.0120447 0.0168471 0.0142635 0.0222204
internal_weight=261.917 13.0219 248.895 195.98 32.7306 163.249 158.149 27.7411 52.9155 28.5884 16.6163 24.3271 11.9721 19.8732
internal_count=1236 61 1175 926 166 760 734 142 249 134 78 115 56 94
is_linear=0
shrinkage=0.03


Tree=126
num_leaves=21
num_cat=0
split_feature=137 137 189 192 140 159 132 206 192 290 151 315 202 290 194 306 109 113 109 277
split_gain=3.66503 6.15678 7.96712 6.60487 6.07698 6.02552 5.97021 6.34199 5.91462 6.16288 5.72438 5.70564 7.43521 5.69157 4.47805 4.25249 4.18805 4.02956 3.14043 3.07916
threshold=2.6964500000000005 1.8421000000000003 1.2826048010662152 23.724884017564435 3.1143494560500002 1.0008347368000001 45.768200000000007 40.919970199819751 2.481497523440332 -0.87 0.41555968435000007 0.48750000000000004 21.046493056770593 -3.2549999999999986 0.27469416626807142 1.0209079409774557 0.21175000000000002 0.29595000000000005 0.26510000000000006 0.31724597495249401
decision_type=2 2 2 2 2 2 2 2 2 2 2 2 2 2 2 2 2 2 2 2
left_child=1 3 14 8 -2 19 11 10 9 -1 -8 12 -6 -13 -3 -5 -10 -7 -16 -4
right_child=4 2 5 15 6 17 7 -9 16 -11 -12 13 -14 -15 18 -17 -18 -19 -20 -21
leaf_value=0.033055528861571981 0.026337673368445717 -0.001954944688308109 -0.034666358812603777 0.00085544476360482457 -0.022314151540727065 -0.0029286380607374141 -0.013727465100709983 -0.023018685332404174 0.0095310992189820837 -0.013459042250286594 0.0091230694639022093 -0.031462940903648921 0.01284744500155249 -0.0090410997100377095 0.012684921368605584 0.037593527255395186 -0.02007077415428803 0.023899305010181521 0.039416527754158256 -0.00018176681550742578
leaf_weight=5.3567412793636322 6.1066855937242499 4.4246451258659389 4.8553326576948184 6.7920610532164556 7.7794077694416073 9.5823226384818572 11.814895750954745 7.9938561879098406 4.9591867253184345 4.6452820599079114 55.541217278689146 14.730500835925339 17.104179732501507 35.008473642170429 6.4155581817030933 4.9978408217430115 25.482939787209034 10.090912140905855 12.937124766409395 4.735974133014679
leaf_count=22 27 22 27 33 39 48 64 39 25 21 253 72 80 163 28 20 129 44 54 26
internal_value=0.000211944 0.00454582 0.0117463 -0.00271715 -0.0026931 0.0011421 -0.00391194 0.00201123 -0.00852753 0.0112362 0.00505599 -0.0099277 0.00168941 -0.0157915 0.0246126 0.0168665 -0.0151348 0.0107317 0.0308198 -0.0181258
internal_weight=261.355 105.276 53.0419 52.2341 156.079 29.2645 149.973 75.35 40.4441 10.002 67.3561 74.6226 24.8836 49.739 23.7773 11.7899 30.4421 19.6732 19.3527 9.59131
internal_count=1236 499 249 250 737 145 710 356 197 43 317 354 119 235 104 53 154 92 82 53
is_linear=0
shrinkage=0.03


Tree=127
num_leaves=11
num_cat=0
split_feature=70 80 17 70 113 291 147 267 109 295
split_gain=3.62907 5.03223 5.34931 5.13635 5.09054 5.55427 2.2425 2.91279 2.35411 0.251015
threshold=20250920.500000004 20240213.500000004 19.440000000000001 20231022.000000004 0.18495000000000003 -6.1249999999999991 0.18848215405000004 -1.2506957771520593 0.38915000000000005 2.1224941817761809
decision_type=2 2 2 2 2 2 2 2 2 2
left_child=1 3 6 4 -1 -6 8 -8 -3 -2
right_child=9 2 -4 -5 5 -7 7 -9 -10 -11
leaf_value=0.029661958057382091 -0.031890821104383432 0.033721524245528628 -0.019679621320260694 -0.029037343473443201 -0.018946083667399499 0.00050119874317770645 0.025628286007968355 -0.0064593638586313284 0.0043422447241576682 -0.0092763718757400988
leaf_weight=4.9713866710662833 3.1252378169447175 9.934019356966024 3.7579062059521666 5.5411242768168441 14.016783483326433 204.55834670364857 4.2615802213549614 5.8116580098867399 3.6191915199160567 1.121393173933029
leaf_count=21 45 60 18 37 69 898 23 29 19 17
internal_value=0.000206041 0.00067788 0.012814 -0.000764698 -3.78096e-05 -0.000740291 0.0181699 0.00693921 0.0261852 -0.0269601
internal_weight=260.719 256.472 27.3844 229.088 223.547 218.575 23.6264 10.0732 13.5532 4.24663
internal_count=1236 1174 149 1025 988 967 131 52 79 62
is_linear=0
shrinkage=0.03


Tree=128
num_leaves=22
num_cat=0
split_feature=112 200 310 123 41 106 284 104 43 55 302 131 137 275 22 309 133 0 75 110 106
split_gain=3.50775 5.71536 6.57455 5.64481 5.74705 5.11196 4.90512 4.15643 3.73648 3.38969 3.28487 3.06984 6.20531 5.29977 3.22322 2.19482 2.10188 2.06247 2.0005 0.500275 0.431217
threshold=0.54585000000000006 29.493933216824036 0.06711009174311923 668.50000000000011 20200923.500000004 -0.27594999999999997 -3.5249999999999981 0.57500000000000007 1.3211000000000002 0.27120878067007093 0.053800000000000021 63.123721071428577 2.59355 0.048236862150695552 -0.27499999999999997 0.28347164052254387 58.79775454589042 62.07500000000001 3.0885000000000002 0.23290000000000002 0.082800000000000012
decision_type=2 2 2 2 2 2 2 2 2 2 2 2 2 2 2 2 2 2 2 2 2
left_child=1 11 3 5 -5 -3 7 9 17 18 -9 12 13 -1 -14 19 -10 -8 -2 -4 -19
right_child=6 2 15 4 -6 -7 8 10 16 -11 -12 -13 14 -15 -16 -17 -18 20 -20 -21 -22
leaf_value=-0.0023613872737913884 -0.0087148730062643637 -0.0065448038300104372 -0.024324974923731906 -0.021055993949492646 -0.0019537728118652949 0.023723442592849583 0.0049557715028563836 -0.0030716102589351773 -0.015266396915653081 0.0055175909504199521 0.029855160322430806 0.027637907909054116 -0.033380488555214326 0.035426637350184038 0.001809934270301016 -0.0064123828300457573 0.015190200957351465 0.02149425145160537 -0.03990339257908003 -0.045059776614553002 0.037792943728216302
leaf_weight=5.8868385106325203 3.9972902759909648 7.7338633276522186 3.5174223259091359 15.80356580018997 136.42338997870684 13.395903859287499 3.4371772855520275 5.6459051221609098 3.7021271511912337 5.1224710866808882 4.8987960815429688 7.3034034706652156 4.047379657626152 7.1880490034818649 5.0178262293338758 3.8620783649384975 4.2735120430588722 3.8465506583452207 4.0710401069372892 3.5965071208775043 7.4440997913479805
leaf_count=30 18 37 27 67 633 63 20 30 18 25 21 35 19 29 23 25 22 18 22 18 36
internal_value=0.000199544 -0.00141286 -0.00338696 -0.00193537 -0.0039691 0.0125248 0.00767359 -0.00175116 0.0176228 -0.0130414 0.0120803 0.0108142 0.00503034 0.0182965 -0.0137671 -0.0258183 0.000667408 0.026536 -0.0251148 -0.0357028 0.0327411
internal_weight=260.215 213.776 184.333 173.357 152.227 21.1298 46.439 23.7355 22.7035 13.1908 10.5447 29.4435 22.1401 13.0749 9.06521 10.976 7.97564 14.7278 8.06833 7.11393 11.2907
internal_count=1236 1006 870 800 700 100 230 116 114 65 51 136 101 59 42 70 40 74 40 45 54
is_linear=0
shrinkage=0.03


Tree=129
num_leaves=13
num_cat=0
split_feature=71 41 41 46 305 288 51 43 262 278 110 296
split_gain=3.4975 4.74414 4.91406 5.13243 4.7086 3.65237 3.86958 3.31206 3.25169 2.4545 0.356132 0.218436
threshold=20250917.500000004 20240213.500000004 20231067.000000004 0.23515000000000003 0.92619572985962151 -0.60000000000000042 0.015800000000000005 0.062550000000000008 0.20747144907375994 0.06777668129058427 0.18605000000000002 3.1704418667092811
decision_type=2 2 2 2 2 2 2 2 2 2 2 2
left_child=1 2 3 7 -5 6 -3 -1 10 -8 -7 -2
right_child=11 5 -4 4 -6 8 9 -9 -10 -11 -12 -13
leaf_value=0.0015058327420782265 -0.031713009056309423 -0.020853132551312503 -0.028619631091271545 0.0062039874851161376 -0.003799717637225327 0.035216341741134999 0.029128374568906414 0.03618878979408794 -0.00014705102869520866 -0.0035957672674403591 0.018660945041056226 -0.010020602833991031
leaf_weight=4.7892146259546262 3.0006742365658274 4.6426653712987918 5.4528005942702285 58.075439475476742 154.68744248896837 7.7421522885560972 4.1211113929748535 5.5145844593644142 3.8692481964826575 3.7163754850625992 2.9439201056957245 1.1586948391050098
leaf_count=21 44 22 37 258 686 48 23 23 18 19 19 18
internal_value=0.000193128 0.000653701 -0.000741847 -3.44206e-05 -0.0010534 0.0125195 0.000344343 0.0205259 0.0226805 0.0133835 0.0311489 -0.0267515
internal_weight=259.714 255.555 228.519 223.067 212.763 27.0355 12.4802 10.3038 14.5553 7.83749 10.6861 4.15937
internal_count=1236 1174 1025 988 944 149 64 44 85 42 67 62
is_linear=0
shrinkage=0.03


Tree=130
num_leaves=14
num_cat=0
split_feature=138 284 103 312 181 195 276 303 114 138 266 282 20
split_gain=3.50052 5.34815 5.37335 6.75566 5.22042 4.57032 4.91074 5.79898 4.57582 4.20737 5.08697 4.24176 4.11431
threshold=69.809271121538487 -16.135000000000002 -0.035549999999999991 -0.13767711962833909 0.13806900645000003 5.1705130801812098 0.88270900572284217 0.9417727170891329 0.092600000000000016 190.12491336307974 0.0061652054884591837 0.067544845563821662 -1.575
decision_type=2 2 2 2 2 2 2 2 2 2 2 2 2
left_child=4 -2 3 -3 -1 6 7 -6 -7 10 -4 -11 -5
right_child=1 2 9 12 5 8 -8 -9 -10 11 -12 -13 -14
leaf_value=-0.019120042448276458 -0.040998451258796427 0.017971309125929258 -0.0079197628708241458 -0.0014903145288257074 0.029928963825010983 0.036541453504078183 0.028499858671764293 -0.0073602246877702065 0.00090819221739151987 -0.0045575738052590492 0.0069492978598510134 0.013010444070654445 -0.01998845496172829
leaf_weight=5.9581672027707091 2.9571381509304038 7.0590773522853842 54.030082814395428 17.610338717699051 4.3699207454919842 9.4863421469926816 5.9674673601984969 23.106423996388912 5.1753886900842181 16.890470560640097 33.285322953015566 43.593166414648294 29.653635255992413
leaf_count=29 16 33 254 89 19 38 29 112 24 85 155 194 159
internal_value=0.000187821 -0.00159112 -0.000979744 -0.00904883 0.00698171 0.0103098 0.00405135 -0.00123383 0.024258 0.00196985 -0.00221577 0.00805551 -0.0131772
internal_weight=259.143 205.079 202.122 54.3231 54.0637 48.1055 33.4438 27.4763 14.6617 147.799 87.3154 60.4836 47.264
internal_count=1236 985 969 281 251 222 160 131 62 688 409 279 248
is_linear=0
shrinkage=0.03


Tree=131
num_leaves=14
num_cat=0
split_feature=61 194 282 318 290 261 18 210 140 16 134 208 295
split_gain=3.44481 4.47643 4.95732 4.93222 4.85399 4.72356 5.68764 4.42579 4.40839 4.2431 3.42655 3.0478 1.03686
threshold=4.9365000000000014 0.23385690516193181 0.020417335756594719 1.2145482375047842 -5.1249999999999991 0.031805326668932342 18.815000000000001 -135.3667765250793 6.530532354950001 19.315000000000001 2.845019272727273 22.850629699591639 0.8429387802631253
decision_type=2 2 2 2 2 2 2 2 2 2 2 2 2
left_child=10 3 9 5 7 -2 -7 -4 -6 11 12 -3 -1
right_child=1 2 4 -5 8 6 -8 -9 -10 -11 -12 -13 -14
leaf_value=0.014612249340210284 0.0023202644289750372 -0.030128077544948874 0.01823822317215976 0.01465568895375316 0.017302056755000104 -0.036361689371162492 -0.00096782345093182273 -0.014556845923936518 0.0024608728288144687 0.011069205581754206 -0.0048407541673143777 0.0010067117641905231 0.038060996859946163
leaf_weight=4.208412788808344 8.2266167663037795 10.419117350131275 4.2474762871861484 5.4143306240439406 20.58795777708292 12.373844206333162 6.348571188747882 23.028364915400743 147.08734468743205 4.453363809734582 4.6176082938909522 3.6114510744810095 4.0465443134307861
leaf_count=23 39 60 18 24 94 63 30 113 690 19 22 20 21
internal_value=0.000182598 -0.000600611 0.000964645 -0.010987 0.00238793 -0.0162849 -0.0245883 -0.00929235 0.00431025 -0.0138174 0.0152584 -0.0219513 0.0267838
internal_weight=258.671 245.798 213.435 32.3634 194.951 26.949 18.7224 27.2758 167.675 18.4839 12.8726 14.0306 8.25496
internal_count=1236 1170 1014 156 915 132 93 131 784 99 66 80 44
is_linear=0
shrinkage=0.03


Tree=132
num_leaves=21
num_cat=0
split_feature=54 113 132 107 212 90 269 278 212 305 284 165 132 204 210 168 215 191 17 113
split_gain=3.43543 6.73919 6.32187 6.60941 6.76681 5.96504 7.77978 6.37479 6.54989 5.53472 9.41703 6.49853 5.20942 5.15761 5.41556 4.46004 3.98467 3.09218 2.75774 1.98729
threshold=0.54485000000000017 0.30080000000000001 20.452950000000005 -0.12864999999999996 -455.68394258954538 494471344.0800001 -1.5894197326293242 1.4786992479078698 -307.11306665391857 0.92738908913131013 -8.1999999999999975 -0.10085990259999998 74.232700000000008 51.706540609765518 -302.03787750080301 0.79045697515000013 0.55286291881450988 3.3904022873493913 19.185000000000006 0.33870000000000006
decision_type=2 2 2 2 2 2 2 2 2 2 2 2 2 2 2 2 2 2 2 2
left_child=1 2 16 -4 -5 7 -7 8 -3 10 -2 -12 13 14 -11 -14 -1 -13 -18 -9
right_child=9 5 3 4 -6 6 -8 19 -10 12 11 17 15 -15 -16 -17 18 -19 -20 -21
leaf_value=-0.0076307245437039189 -0.024910243749304981 -0.039307548366472628 -0.038036925137867779 0.035906735465296311 -0.0065839985920496408 0.018340765672571088 -0.030180972238123601 0.046171946766918465 0.010166438233479607 0.017500666274137502 -0.007208112124982919 0.037996637853993591 -0.017429945554678958 0.015176770558626373 -0.021937518727965354 0.021836285450426558 0.032074683535115216 0.0067072403104243717 0.0017320816242534297 0.018548012713951064
leaf_weight=5.7449589893221882 6.5178150460124042 2.3917669206857672 5.6227867603301993 3.4440253078937522 64.513348884880543 4.8178283870220184 7.282166935503481 5.5066676735877973 59.087077252566814 3.2720916867256156 6.9139469824731412 9.2116964533925003 3.8859979771077615 4.380718268454074 36.028032794594765 7.1889769397675991 8.3043254241347295 4.5292671471834174 4.3046085201203814 5.277969554066658
leaf_count=30 34 11 30 14 315 19 34 20 271 13 33 36 22 19 194 35 38 21 23 24
internal_value=0.000178652 0.00254851 -0.00304499 -0.00700103 -0.00433693 0.00867586 -0.0106233 0.011959 0.00813228 -0.00488123 0.00610332 0.0161073 -0.0103882 -0.0150646 -0.0185417 0.00775737 0.0126041 0.0280228 0.0220471 0.0332231
internal_weight=258.226 176.298 91.9341 73.5802 67.9574 84.3635 12.1 72.2635 61.4788 81.9285 27.1727 20.6549 54.7558 43.6808 39.3001 11.075 18.3539 13.741 12.6089 10.7846
internal_count=1236 829 450 359 329 379 53 326 282 407 124 90 283 226 207 57 91 57 61 44
is_linear=0
shrinkage=0.03


Tree=133
num_leaves=22
num_cat=0
split_feature=112 200 52 273 315 213 284 194 163 105 176 296 74 100 304 213 318 215 130 44 65
split_gain=3.42297 5.31415 5.60875 4.7441 6.31621 5.74364 4.47767 4.47415 5.32004 5.28199 4.24574 4.61406 4.06523 6.36048 3.71294 4.03007 3.2631 3.22964 3.86042 2.58352 1.63104
threshold=0.54585000000000006 29.493933216824036 0.15845000000000001 0.82451027139154554 0.57916666666666672 0.69019955104222619 -3.5249999999999981 0.56690412782077571 1.7605914447500002 0.27395000000000008 19.441355762900002 1.0829570356440874 44.816500000000005 4000.5800000000004 1.1773547308517167 -6.1202551308082791 0.93675662205644017 5.0243726972316276 10.500000000000002 0.046150000000000004 22.300000000000001
decision_type=2 2 2 2 2 2 2 2 2 2 2 2 2 2 2 2 2 2 2 2 2
left_child=1 12 3 4 -3 -5 10 9 -9 -4 11 19 17 -14 15 -8 -13 18 -1 -2 -17
right_child=6 2 7 5 -6 -7 14 8 -10 -11 -12 16 13 -15 -16 20 -18 -19 -20 -21 -22
leaf_value=0.030598172086841676 0.03716442289828218 0.0043703179672486452 -0.036329862562134725 0.0047679989667594328 -0.023122902236440448 -0.028544881195037036 -0.002664104947385405 -0.012120787258772078 0.019376225155333812 -0.0099236330742226535 -0.024061166816353553 0.0084799605172965059 -0.031176413163572558 0.016204598316328245 -0.0083845664496745142 0.038688679592262756 -0.02830664612685976 0.037175960078753005 -0.002426603344296722 0.0050518890683661456 0.016219890174792275
leaf_weight=4.9490234181284967 4.2370427027344757 103.41653493791819 10.29249642789364 8.0264269709587115 7.9887256808578959 10.499883331358431 4.0879065692424836 13.204778447747232 7.4644109047949305 21.594531558454037 5.6095629185438147 4.002993065863846 4.4852907955646497 5.5845249705016613 3.9756940416991702 8.7713921777904016 4.3368837367743254 5.8472373485565177 8.203717574477194 5.3043936863541603 5.5360926128923884
leaf_count=24 20 474 55 38 37 55 19 70 32 109 29 19 20 26 21 43 22 25 41 26 31
internal_value=0.000175571 -0.00142402 -0.00333539 0 0.00235294 -0.0140031 0.00760665 -0.0115949 -0.000563077 -0.0186278 -0.00142821 0.00559948 0.0104422 -0.00470387 0.0171914 0.0228966 -0.010403 0.0186092 0.00991048 0.0198607 0.0303758
internal_weight=257.42 211.558 182.488 129.932 111.405 18.5263 45.862 52.5562 20.6692 31.887 23.4909 17.8813 29.0698 10.0698 22.3711 18.3954 8.33988 19 13.1527 9.54144 14.3075
internal_count=1236 1006 870 604 511 93 230 266 102 164 116 87 136 46 114 93 41 90 65 46 74
is_linear=0
shrinkage=0.03


Tree=134
num_leaves=22
num_cat=0
split_feature=313 297 144 106 181 134 101 109 46 1 187 105 3 303 106 106 20 288 139 165 193
split_gain=3.39065 5.9388 6.38938 5.39437 6.45565 6.17071 6.16409 8.93065 5.28227 5.00446 5.77087 4.51366 4.27452 4.70281 4.5019 4.25188 4.28875 4.8459 3.79888 3.08164 2.62677
threshold=0.2940517751148885 1.3434841405462512 1.0077281429680003 -0.22974999999999998 1.0558723988500003 2.2807082608695652 0.22695000000000004 0.25495000000000007 0.34590000000000004 60.410000000000004 0.25773715580000017 0.23095000000000002 66.740000000000023 0.9977529159485351 0.35450000000000009 -0.21889999999999996 -2.5749999999999997 -0.82499999999999918 62.995911185000004 -1.0000000180025095e-35 0.89893206560123506
decision_type=2 2 2 2 2 2 2 2 2 2 2 2 2 2 2 2 2 2 2 2 2
left_child=1 3 9 4 5 -1 8 -8 -5 19 -11 -2 13 -4 -14 20 -17 -18 -6 -3 -13
right_child=11 2 12 6 18 -7 7 -9 -10 10 -12 15 14 -15 -16 16 17 -19 -20 -21 -22
leaf_value=0.032892606358827514 0.036821138840853737 -0.009831251822666363 0.012361314085821879 0.0047308733079462657 -0.0050038862611830274 -0.0045472433058176597 -0.027236311137183382 0.0051198890521080981 0.03007406426593447 -0.022770246028701435 0.0053209014413740409 0.033244325395347885 0.00051426955854122491 -0.032279940040889653 0.03842782688699161 0.018470557404445909 -0.025431899383376286 0.0031019199329747936 -0.033228972759212452 0.027450626218770788 0.0030273358039034997
leaf_weight=4.93815400451422 4.2563445754349223 3.918126592412591 3.9896247349679488 15.495209977030756 8.2752710841596144 18.142590872943401 8.6851403638720495 60.431037873029709 14.755472443997858 36.722039591521025 7.7736034765839568 6.1299840509891492 6.4722101464867574 4.2077873237431049 5.1325918436050415 7.1316477954387656 8.6935512647032755 13.270271960645916 9.6079265549778921 3.7443086802959433 4.8715412095189095
leaf_count=23 20 24 21 72 37 85 44 270 66 202 36 25 29 26 21 34 40 68 52 18 23
internal_value=0.000170821 -0.00139422 -0.00840368 0.00218223 -0.00693379 0.00344098 0.00597366 0.00097719 0.0172498 -0.0139218 -0.0177944 0.00771544 0.00597698 -0.0103047 0.0177241 0.00446729 -0.00145881 -0.00812022 -0.0204354 0.00811929 0.0202821
internal_weight=256.644 212.291 71.9603 140.331 40.9639 23.0807 99.3669 69.1162 30.2507 52.1581 44.4956 44.3533 19.8022 8.19741 11.6048 40.097 29.0955 21.9638 17.8832 7.66244 11.0015
internal_count=1236 1026 377 649 197 108 452 314 138 280 238 210 97 47 50 190 142 108 89 42 48
is_linear=0
shrinkage=0.03


Tree=135
num_leaves=23
num_cat=0
split_feature=137 18 306 14 64 137 189 138 42 177 107 57 273 50 301 278 277 291 213 63 191 54
split_gain=3.38434 6.89792 7.19366 6.40723 5.99651 5.51965 7.12416 6.15937 5.49561 7.04828 5.15346 4.89911 8.13006 4.6715 4.42896 4.5702 4.41397 4.37255 4.15442 4.08219 4.02369 1.4398
threshold=2.6964500000000005 15.940000000000003 0.79024173475611958 22.875000000000004 15.415000000000001 1.8421000000000003 1.2826048010662152 384.80570671125008 0.57490000000000008 0.60824806645000007 0.11250000000000002 0.47895582329317271 -0.10619693478975516 0.46282782348921914 1.2463132888899484 -0.038927667324158109 -0.018292927935386779 3.1900000000000008 -7.1419251844717131 5.0300000000000002 4.1526189495369596 0.54785000000000006
decision_type=2 2 2 2 2 2 2 2 2 2 2 2 2 2 2 2 2 2 2 2 2 2
left_child=5 11 20 4 -4 7 18 17 9 -8 -5 12 16 -14 15 -13 -2 19 -7 -1 -3 -20
right_child=1 2 3 10 -6 6 8 -9 -10 -11 -12 14 13 -15 -16 -17 -18 -19 21 -21 -22 -23
leaf_value=0.019378646423524274 0 0.029438942191722658 -0.004402179456651399 -0.0085950156577415913 -0.023651529589009367 -0.00092426774761062715 -0.019613057947096047 0.023193712846705059 -0.031748598346302712 0.016269957927849972 0.0313081261845084 0.023756828314886399 0.025378978565437516 -0.012132745712771549 -0.016387526843961376 0.0035951861227541829 -0.038554387515431825 0.020220224743139149 0.034719153075235022 -0.0132462499373365 -0.0076863602545642496 0.012881785249068576
leaf_weight=3.6620254814624777 4.102509580552578 6.3491937369108182 25.312722444534302 6.610726594924925 35.836948774755001 4.6911517232656506 6.616670571267611 7.0499587953090659 3.8176515474915496 18.010244186967611 4.9621154442429543 19.512442197650671 7.2684973031282407 4.8239823468029499 4.9374746419489375 21.840554505586624 7.3713783472776431 4.6541421115398398 14.266671221703293 35.7031031511724 4.1989668384194374 4.1518136896193019
leaf_count=19 20 27 118 33 185 22 34 34 22 89 21 87 30 26 28 104 37 20 61 177 21 21
internal_value=0.000169108 -0.00264328 -0.00848277 -0.0118649 -0.0157525 0.00439325 0.0113191 -0.00254821 0.00113992 0.00646738 0.00837898 0.0042768 -0.00676347 0.0101918 0.0099645 0.0132152 -0.0248257 -0.00678216 0.0236601 -0.0100938 0.0144451 0.0300548
internal_weight=255.751 153.128 83.2707 72.7225 61.1497 102.623 51.5542 51.0692 28.4446 24.6269 11.5728 69.8568 23.5664 12.0925 46.2905 41.353 11.4739 44.0193 23.1096 39.3651 10.5482 18.4185
internal_count=1236 737 405 357 303 499 249 250 145 123 54 332 113 56 219 191 57 216 104 196 48 82
is_linear=0
shrinkage=0.03


Tree=136
num_leaves=21
num_cat=0
split_feature=138 103 312 43 193 201 101 168 138 176 109 266 318 210 139 205 67 261 313 13
split_gain=3.28941 4.51432 5.96568 4.49893 4.76549 7.21239 4.91271 4.74637 4.17389 4.86139 6.80646 4.65786 5.70326 4.58432 4.41489 3.83855 5.74346 3.01975 2.34099 1.56412
threshold=69.809271121538487 -0.035549999999999991 -0.13767711962833909 -0.64829999999999999 0.80958797990310016 9.5460152695082936 0.25560000000000005 0.7720218781 190.12491336307974 23.197648768650001 0.33240000000000008 0.0061652054884591837 0.66993892384224851 104.11745923378199 76.701666912500016 0.68792805362357123 0.49795000000000006 0.08224496117852402 0.20499881469504536 18.075000000000003
decision_type=2 2 2 2 2 2 2 2 2 2 2 2 2 2 2 2 2 2 2 2
left_child=3 2 -2 18 7 6 -6 -5 11 13 -11 12 -3 -10 -13 17 -17 -4 -1 -9
right_child=1 8 15 4 5 -7 -8 19 9 10 -12 14 -14 -15 -16 16 -18 -19 -20 -21
leaf_value=0.0048555907932613315 0.016260457044252677 0.020808749301354495 -0.0062872908903409538 0.0083773989919466441 0.016829420115675051 0.038228245678269067 -0.011576702736270083 -0.038876947951197366 0.016719779644989632 0.008176615166714132 -0.030059568562124619 0.012188203802046211 -0.011662807755886647 -0.011626588657887463 -0.012460508049441796 -0.015772842661560215 0.012888331993118465 -0.031773243833089153 0.034908049807682993 -0.011503324912061751
leaf_weight=3.9885347783565503 7.0925197452306739 5.2498317658901206 6.7853100188076523 6.0618584938347331 10.035319872200494 6.091190591454505 11.779019381850956 4.2646568305790407 36.515898548066616 11.155971828848125 6.5192579515278331 24.87679498270154 49.261742897331715 5.7709413059055796 8.6658543534576875 17.470883946865801 9.6148138903081399 12.708250556141136 6.7091837525367737 4.218987911939621
leaf_count=19 34 22 33 31 46 26 58 21 166 56 31 115 238 29 44 98 47 72 29 21
internal_value=0.000165281 -0.00157291 -0.0090239 0.00680825 0.00232622 0.00963131 0.00137132 -0.0114538 0.00111289 0.0072261 -0.00584725 -0.00301946 -0.00844827 0.0127622 0.00571285 -0.0129647 -0.00547843 -0.0231326 0.0241299 -0.0259059
internal_weight=254.837 201.688 53.6718 53.1488 42.451 27.9055 21.8143 14.5455 148.016 59.9621 17.6752 88.0542 54.5116 42.2868 33.5426 46.5793 27.0857 19.4936 10.6977 8.48364
internal_count=1236 985 284 251 203 130 104 73 701 282 87 419 260 195 159 250 145 105 48 42
is_linear=0
shrinkage=0.03


Tree=137
num_leaves=10
num_cat=0
split_feature=310 132 313 317 203 106 215 190 199
split_gain=3.29774 4.45739 3.79483 8.46243 5.70215 6.26052 5.09639 4.94062 2.87069
threshold=0.30622850432010745 105.34610000000002 0.27997802381743125 0.20764871907455398 91.499534579346516 -0.13174999999999998 3.3295371921512777 0.84815680665940818 23.480797017325816
decision_type=2 2 2 2 2 2 2 2 2
left_child=1 2 4 6 5 -1 -4 -5 -2
right_child=8 -3 3 7 -6 -7 -8 -9 -10
leaf_value=-0.010048044028077702 0.0034247190790198468 0.025836372346608467 0.0038934370100191396 -0.04263535535614775 0.027575895232920103 0.0013680899269256032 0.025905256119252974 -0.0013951796757721575 -0.038293020348535663
leaf_weight=68.093362040817738 2.2528464607894412 6.091766230762004 20.616624440997839 3.665414720773696 5.6148734167218199 117.09510862454772 18.087000600993633 9.1128999702632409 3.5884582623839378
leaf_count=347 14 30 96 16 25 551 83 44 30
internal_value=0.000160858 0.000700642 4.588e-05 0.00727783 -0.0018925 -0.00281656 0.0142976 -0.0136969 -0.0219117
internal_weight=254.218 248.377 242.285 51.4819 190.803 185.188 38.7036 12.7783 5.8413
internal_count=1236 1192 1162 239 923 898 179 60 44
is_linear=0
shrinkage=0.03


Tree=138
num_leaves=14
num_cat=0
split_feature=287 305 273 293 262 168 181 145 11 215 187 165 17
split_gain=3.31892 5.77847 5.67203 4.71101 5.35153 4.42094 5.34624 5.74609 5.15712 4.97065 2.25521 1.70905 0.886584
threshold=-1.3500000000000003 0.84424207872508539 -6.4949170642381171 9.4913016429886667 -0.016798855058775982 8.9757771579000032 3.2158583448000004 4.0764808936500012 21.825000000000003 -11.579976363070999 -0.92480480212499983 -0.087360541549999851 15.56
decision_type=2 2 2 2 2 2 2 2 2 2 2 2 2
left_child=5 11 -3 4 -4 6 7 9 -9 -1 -8 -2 -13
right_child=1 2 3 -5 -6 -7 10 8 -10 -11 -12 12 -14
leaf_value=0.015955526237924841 0.0068109970844298642 -0.030523366069703697 0.015475691338878415 -0.027465212268026017 0.00033526565798710567 0.016363651142407759 -0.042503034447151027 0.030106206277490784 -0.0092443817736135442 -0.011055165613944134 -0.0098997127671077833 0.041797037778412871 0.019030659628747313
leaf_weight=6.7749805003404537 4.8850616402924052 4.8572052568197241 25.581363312900066 4.584530495107173 118.01500656455755 8.0786292292177659 4.8589504733681679 7.4618931636214239 4.7490144520998001 52.135011319071062 3.6926289834082109 3.7479894310235959 4.3324516490101814
leaf_count=29 24 25 118 26 573 36 27 31 22 266 18 17 24
internal_value=0.00015671 0.00266222 0.00100605 0.00207967 0.00306227 -0.00454659 -0.00672231 -0.00395866 0.0146077 -0.00787617 -0.0290486 0.0218239 0.0303391
internal_weight=253.755 166.004 153.038 148.181 143.596 87.7511 79.6725 71.1209 12.2109 58.91 8.55158 12.9655 8.08044
internal_count=1236 807 742 717 691 429 393 348 53 295 45 65 41
is_linear=0
shrinkage=0.03


Tree=139
num_leaves=18
num_cat=0
split_feature=310 200 131 15 201 137 18 131 137 305 213 206 201 210 212 105 278
split_gain=3.2433 5.259 4.70356 6.08724 6.414 4.71704 7.95335 6.90844 6.16978 5.53577 4.94835 4.25281 3.72451 2.19742 2.58528 1.73386 0.785218
threshold=0.087141989315513882 30.628693158079034 75.577727777777795 18.940000000000001 1.0361743700100503 2.6964500000000005 15.815000000000003 61.625760000000007 1.9318000000000002 1.18263959260684 18.307928917252635 -9.9552883316278713 17.762582403910766 0.66733127577361939 9.0482978509011307 0.35425000000000006 -1.0000000180025095e-35
decision_type=2 2 2 2 2 2 2 2 2 2 2 2 2 2 2 2 2
left_child=2 -2 5 4 11 7 10 8 -1 -8 -7 -4 -6 16 -15 -5 -3
right_child=1 13 3 15 12 6 9 -9 -10 -11 -12 -13 -14 14 -16 -17 -18
leaf_value=-0.00091032376733501551 0.012730680246679251 -0.018634492715243315 -0.0406620472296522 0.01544377232817698 0.015722432854751611 0.0098905300781574439 -0.016336093389713563 -0.025521192976825768 0.01624333023804575 0.013505481977211279 -0.015885012400843643 -0.002678915352806184 -0.013489489160502351 0.014730165037402267 -0.023480487591101277 0.041779611179392113 -0.041804445532261848
leaf_weight=42.570209726691246 5.4672995284199741 3.1790753751993188 3.574995480477809 5.0275812819600088 26.905608501285318 31.682547826319933 50.098616745322943 6.4204055555164805 33.351069152355194 6.1095080748200408 8.3352510482072812 10.325289044529198 4.4074792712926856 2.5212762281298637 3.7859810665249825 5.2810871750116348 4.256359497085211
leaf_count=202 30 24 19 24 125 143 244 35 155 27 40 50 20 18 28 23 29
internal_value=0.000152846 -0.0116508 0.00113885 0.00876339 0.0039156 -0.00121863 -0.00573921 0.00402836 0.00659701 -0.013021 0.00442079 -0.0128827 0.0114853 -0.0215892 -0.00774636 0.0294955 -0.0326748
internal_weight=253.3 19.21 234.09 55.522 45.2134 178.568 96.2259 82.3417 75.9213 56.2081 40.0178 13.9003 31.3131 13.7427 6.30726 10.3087 7.43543
internal_count=1236 129 1107 261 214 846 454 392 357 271 183 69 145 99 46 47 53
is_linear=0
shrinkage=0.03


Tree=140
num_leaves=11
num_cat=0
split_feature=70 41 293 290 149 20 17 22 206 295
split_gain=3.1902 4.37041 4.22024 4.77395 5.4551 3.82122 3.2393 2.67025 2.57481 0.250753
threshold=20250920.500000004 20240265.000000004 9.8317436961736338 3.3100000000000001 2.4062547741000002 -0.91499999999999992 18.940000000000001 -1.2399999999999998 9.1684590183868533 2.1224941817761809
decision_type=2 2 2 2 2 2 2 2 2 2
left_child=1 2 3 4 -1 -5 7 -3 -9 -2
right_child=9 6 -4 5 -6 -7 -8 8 -10 -11
leaf_value=0.0305245848263586 -0.031384840750656021 -0.0008249062693912654 -0.027357693259961402 0.031967464429289175 -0.0021072235637186929 0.0016819851204154732 -0.00617181001529427 0.033713393214492217 0.0064152725911107147 -0.008424228342054146
leaf_weight=4.6127801090478888 2.8773158174008127 4.6561636477708861 5.1386264935135832 7.0948724746704093 197.99494897946715 8.3211114481091482 6.1731580868363372 9.644210606813429 5.0896933004260072 1.0756825841963289
leaf_count=19 45 26 26 31 913 40 31 60 28 17
internal_value=0.000146735 0.000588517 -0.000746769 -9.35647e-05 -0.0013348 0.0159298 0.0123197 0.0183622 0.0245926 -0.026239
internal_weight=252.679 248.726 223.162 218.024 202.608 15.416 25.5632 19.3901 14.7339 3.953
internal_count=1236 1174 1029 1003 932 71 145 114 88 62
is_linear=0
shrinkage=0.03


Tree=141
num_leaves=14
num_cat=0
split_feature=77 112 306 69 294 272 2 192 269 302 180 101 130
split_gain=3.18556 4.12039 5.0333 5.0101 8.96374 5.02209 4.68793 4.44067 3.82699 4.39238 3.70235 3.7607 5.68081
threshold=12.460000000000003 0.54585000000000006 0.77954629804468012 331.50000000000006 1.2665333740333742 1.6818705932174185 74.235000000000014 4.9431244271126085 -0.70226466349629357 -0.10579999999999998 0.057372133524000009 0.21400000000000005 10.500000000000002
decision_type=2 2 2 2 2 2 2 2 2 2 2 2 2
left_child=8 2 6 4 -4 -5 7 -2 -1 -10 -3 -12 -13
right_child=1 10 3 5 -6 -7 -8 -9 9 -11 11 12 -14
leaf_value=0.035357773173660692 0.03109342836478686 0.027986696072630074 0.014419239804637819 -0.0053276797587755026 -0.0095958187275016881 -0.024367199265972073 -0.017817508992541878 -0.0014880202905138079 0.023147656883640552 -0.018618711312635976 0.023803668409217892 0.01418732006998818 -0.01187376747740038
leaf_weight=4.8428040817379943 9.9876181185245532 6.7282084450125685 29.915049593895674 104.99276593886316 25.986090406775475 14.23043906316161 3.6839356943964949 5.7213116288185111 4.4212639871984711 4.4151630401611319 6.7963528335094443 13.036597274243833 17.498258870095015
leaf_count=23 44 32 138 503 134 78 20 28 21 21 37 63 94
internal_value=0.000142613 -0.000655143 -0.00254366 -0.0041639 0.00320488 -0.00764389 0.01188 0.0191029 0.0141776 0.00196837 0.00760139 0.00378224 -0.000639289
internal_weight=252.256 238.577 194.517 175.124 55.9011 119.223 19.3929 15.7089 13.6792 8.83643 44.0594 37.3312 30.5349
internal_count=1236 1171 945 853 272 581 92 72 65 42 226 194 157
is_linear=0
shrinkage=0.03


Tree=142
num_leaves=15
num_cat=0
split_feature=138 181 312 103 19 206 285 55 315 195 177 110 106 313
split_gain=3.1487 4.69637 4.25942 6.41298 5.02921 4.48482 4.1567 6.81216 5.93593 4.12278 4.2105 5.18233 3.61621 3.34954
threshold=69.809271121538487 0.13806900645000003 -0.13767711962833909 -0.031199999999999995 14.815000000000003 61.903171671155903 -2.6200000000000006 0.8196500000000001 0.57083333333333341 9.068733075920834 0.51561790630000004 0.36965000000000003 -0.20889999999999997 0.23024714747249095
decision_type=2 2 2 2 2 2 2 2 2 2 2 2 2 2
left_child=1 -1 4 5 13 12 7 -5 -8 10 -3 -12 -4 -2
right_child=2 9 3 6 -6 -7 8 -9 -10 -11 11 -13 -14 -15
leaf_value=-0.018434742236044178 0.007345475973318894 0.025945489205312096 -0.018329922479875006 -0.0073053658596351108 -0.011495790116626088 -0.042404792256199655 0.010899696370860313 0.023937676126707844 -0.01386445822870009 0.031449658365119829 -0.0039452127326238947 0.028723203517957967 -0.0012515488626075597 0.038524286535680852
leaf_weight=5.7795406915247431 6.9596730545163172 7.6556430645287028 21.355445601046085 65.846884498372674 5.4950666464865199 4.0171359628438941 48.173344116657972 6.8119410313665858 10.445896327495573 6.783512230962514 27.12288822978735 5.0963380932807913 24.132496248930693 6.0518306419253349
leaf_count=29 33 38 121 330 30 21 221 29 48 31 127 26 127 25
internal_value=0.00013961 0.00668423 -0.00156988 -0.00298839 0.0120673 -0.01218 0.000461579 -0.00430615 0.00641956 0.00989263 0.0060808 0.00120224 -0.00935784 0.0222592
internal_weight=251.728 52.4379 199.29 180.783 18.5066 49.5051 131.278 72.6588 58.6192 46.6584 39.8749 32.2192 45.4879 13.0115
internal_count=1236 251 985 897 88 269 628 359 269 222 191 153 248 58
is_linear=0
shrinkage=0.03


Tree=143
num_leaves=11
num_cat=0
split_feature=48 46 196 207 1 130 67 139 287 15
split_gain=3.15904 4.18104 5.06754 4.80465 5.5395 4.64612 4.28251 3.98875 2.95604 1.68003
threshold=-0.26059999999999994 0.63675000000000015 3.2330592010694299 0.24906744335939415 79.710000000000022 8.5000000000000018 0.7672500000000001 61.862690052500007 -1.3500000000000003 15.06
decision_type=2 2 2 2 2 2 2 2 2 2
left_child=8 3 5 4 6 -3 -2 -4 -1 -7
right_child=1 2 7 -5 -6 9 -8 -9 -10 -11
leaf_value=-0.0014754752265672567 -0.0030098389865648965 0.0048199402124742587 0.02719451870556077 0.027584266962514231 0.024962355054155737 -0.011634618528473391 0.0078768543409723831 -0.008552658139224744 0.032846464476300498 -0.034610659596472755
leaf_weight=3.7855787500739098 156.02151428163052 5.0295184403657975 4.436233311891554 5.8601858764886847 7.7514495551586142 4.7253584414720526 40.917088847607374 7.1293141413480043 4.942772723734377 10.575116038322447
leaf_count=19 763 25 20 26 37 26 194 38 26 62
internal_value=0.00013582 -0.000493829 -0.0106065 0.00102816 0.000240127 -0.0196226 -0.000729882 0.00501741 0.0177728 -0.0278312
internal_weight=251.174 242.446 31.8955 210.55 204.69 20.33 196.939 11.5655 8.72835 15.3005
internal_count=1236 1191 171 1020 994 113 957 58 45 88
is_linear=0
shrinkage=0.03


Tree=144
num_leaves=8
num_cat=0
split_feature=46 143 165 305 313 54 131
split_gain=3.13148 4.04098 3.54508 4.18795 7.05032 5.58905 2.9316
threshold=0.20360000000000003 39.921266969150004 -10.550822932799997 0.92619572985962151 0.22807110959940372 0.58420000000000016 47.631604166666669
decision_type=2 2 2 2 2 2 2
left_child=-1 2 6 4 -4 -5 -2
right_child=1 -3 3 5 -6 -7 -8
leaf_value=0.023965906376831179 0.035449808325886477 -0.028899009790874734 -0.0028179373177930731 -0.00015181790612946728 0.017310380304634054 -0.013480106194499811 0.0012850977636817648
leaf_weight=4.7688454724848262 4.4838729873299581 4.2769945785403243 35.138699188828468 133.49945202469826 27.830382037907839 36.002881873399019 4.851910337805748
leaf_count=25 19 22 174 647 133 194 22
internal_value=0.000132647 -0.000326577 0.000178137 -0.000540773 0.00604393 -0.00300676 0.0182138
internal_weight=250.853 246.084 241.807 232.471 62.9691 169.502 9.33578
internal_count=1236 1211 1189 1148 307 841 41
is_linear=0
shrinkage=0.03


Tree=145
num_leaves=17
num_cat=0
split_feature=310 200 131 75 151 262 11 205 163 101 96 13 265 302 279 138
split_gain=3.06455 5.0095 4.40108 6.4266 5.80064 5.70562 5.45472 6.4379 5.00946 6.94322 5.04797 4.59615 4.24277 2.23788 1.62167 1.04134
threshold=0.087141989315513882 30.628693158079034 75.577727777777795 3.5875000000000004 16.678143036600002 0.018305915860172387 19.125000000000004 0.50262921047358255 3.4821579200500001 0.32595000000000007 1.5000000000000002 24.675000000000004 0.13472406786052285 0.54815000000000003 -0.034533078524043796 92.374592584605281
decision_type=2 2 2 2 2 2 2 2 2 2 2 2 2 2 2 2
left_child=2 -2 3 4 11 14 12 -8 10 -10 -5 -1 -7 15 -4 -3
right_child=1 13 5 8 -6 6 7 -9 9 -11 -12 -13 -14 -15 -16 -17
leaf_value=0.00718509326266483 0.012447452870285883 -0.014099811009139908 0.011800658666694311 0.0047200892935219119 -0.026918350823474491 -0.031202128490148681 -0.0071618698244290584 0.023802650918139729 0.027587159122927824 -0.015178041841590122 -0.015459742705401826 -0.023166022099600659 0.00027454561354335914 -0.0029613475387207408 0.038852194526519744 -0.037817747231930515
leaf_weight=88.573317769914865 5.3988286852836636 3.2582644373178464 3.6724032983183861 13.950596958398817 5.0785733535885802 5.1382442452013519 9.1227771490812319 16.905844271183014 7.6809958070516569 5.913580521941185 51.059026814997196 4.5929982513189307 13.886461932212113 4.4297851957380763 6.1032146811485273 5.7648360393941402
leaf_count=405 30 21 19 71 25 29 44 75 30 27 266 22 68 29 26 49
internal_value=0.000129052 -0.0114561 0.00108922 -0.00119919 0.00389455 0.00851378 0.00390065 0.0128492 -0.00760066 0.00879043 -0.0110826 0.00563342 -0.00818859 -0.0212914 0.0292159 -0.0298304
internal_weight=250.53 18.8517 231.678 176.849 98.2449 54.8289 45.0533 26.0286 78.6042 13.5946 65.0096 93.1663 19.0247 13.4529 9.77562 9.0231
internal_count=1236 129 1107 846 452 261 216 119 394 57 337 427 97 99 45 70
is_linear=0
shrinkage=0.03


Tree=146
num_leaves=22
num_cat=0
split_feature=313 297 144 14 65 191 161 69 14 102 97 0 106 41 303 43 13 41 48 131 293
split_gain=3.0112 5.08894 5.68545 5.33898 6.87898 6.79074 6.43187 4.71458 5.71328 4.66601 4.96401 4.21163 4.17764 3.86156 5.76549 3.86011 3.48939 4.16373 3.41346 3.26909 1.59382
threshold=0.2940517751148885 1.3434841405462512 1.0077281429680003 18.975000000000005 16.390000000000004 2.3887596144896359 1.6206435072500003 334.50000000000006 20.925000000000004 -0.069049999999999986 1.0000000180025095e-35 71.390000000000015 0.72355000000000014 20210814.500000004 1.0009734040436771 2.0898000000000008 21.825000000000003 20210417.500000004 0.19840000000000002 49.750261666666667 1.1460372420216314
decision_type=2 2 2 2 2 2 2 2 2 2 2 2 2 2 2 2 2 2 2 2 2
left_child=1 3 9 4 6 -6 -1 11 -9 19 -11 -5 16 -4 -15 -14 18 -18 20 -3 -2
right_child=12 2 13 7 5 -7 -8 8 -10 10 -12 -13 15 14 -16 -17 17 -19 -20 -21 -22
leaf_value=0.010472129336739891 0.013412729053865738 -0.039123508700372511 0.022916631042806068 0.0078566735214166145 0.0055463764827411843 -0.026340624636133181 -0.0073848107218718101 -0.032143838983226702 0.01402961051741467 0.0070351713588113433 -0.017727166318794712 0.032047168719941621 -0.020656695459125251 0.013374049100298213 -0.02820687917971795 0.010434649952425167 -0.023909726893884389 0.015288399955051145 -0.0033222809746883595 -0.014368173157069189 0.035186961615564734
leaf_weight=43.363457107916474 5.4088589996099534 8.0003769285976905 7.2876917272806194 16.183939870446924 9.1212174594402331 16.628586892038584 30.916053237393498 4.2098621353507024 5.2946919351816177 14.514416389167309 14.246730946004391 11.330284640192984 7.4694172814488393 6.7651453875005227 5.1857534162700176 6.6231757923960686 3.9837310463190061 5.946465477347374 3.7805701885372391 13.83607382327318 9.7638966850936395
leaf_count=199 26 48 30 75 42 91 148 21 23 70 79 50 37 33 34 31 18 26 20 83 52
internal_value=0.000124163 -0.00136549 -0.00795928 0.00197601 -0.00160183 -0.0149516 0.00299958 0.0117029 -0.00623143 -0.0132484 -0.00514574 0.0180069 0.00735145 0.00579262 -0.00450421 -0.00586258 0.0139002 -0.000219349 0.0214176 -0.0237117 0.0277598
internal_weight=249.86 206.884 69.8362 137.048 100.029 25.7498 74.2795 37.0188 9.50455 50.5976 28.7611 27.5142 42.9761 19.2386 11.9509 14.0926 28.8835 9.9302 18.9533 21.8365 15.1728
internal_count=1236 1026 377 649 480 133 347 169 44 280 149 125 210 97 67 68 142 44 98 131 78
is_linear=0
shrinkage=0.03


Tree=147
num_leaves=16
num_cat=0
split_feature=77 112 69 294 202 109 10 0 106 284 0 130 48 159 280
split_gain=3.11672 3.90091 4.39544 7.40513 7.86071 6.06545 5.44442 4.45641 4.45487 3.87204 3.83694 4.65767 3.01411 2.79445 2.45225
threshold=12.460000000000003 0.54585000000000006 331.50000000000006 1.2665333740333742 18.694681702756565 0.31790000000000007 15.750000000000002 58.225000000000009 -0.13174999999999998 -3.5249999999999981 70.210000000000022 11.500000000000002 0.31145000000000006 3.6890918470500007 0.56705835002008531
decision_type=2 2 2 2 2 2 2 2 2 2 2 2 2 2 2
left_child=13 2 3 4 -2 -5 7 -4 -8 10 11 -3 14 -1 -11
right_child=1 9 6 5 -6 -7 8 -9 -10 12 -12 -13 -14 -15 -16
leaf_value=0.025676993267484682 -0.0025113223001969869 0.011325032363546688 0 -0.021892647154456161 0.027207995681752365 0.0058858093285838005 -0.010982737396547945 -0.031649498073190979 0.0012902044264153638 0.03150170215358622 0.017367349134849035 -0.022410127658348045 -0.0019895035878062491 -0.0014167542843444474 0.0055746928985167775
leaf_weight=7.7953881323337537 14.099257629364731 5.7152309454977539 5.9387312680482891 13.075034886598589 17.895109355449677 14.954432448372243 41.551286812871695 11.782922863960264 72.741326056420803 10.556808471679689 6.6872832439839831 9.6340059954673034 5.5627027042210093 5.681854872033 5.2617467045783988
leaf_count=35 69 28 32 70 81 74 222 64 333 55 33 51 30 30 29
internal_value=0.00012081 -0.000672676 -0.00252099 0.00417676 0.0140508 -0.00699725 -0.00558987 -0.0210439 -0.00315112 0.00742056 -0.0012832 -0.00966278 0.0164949 0.0141073 0.0231552
internal_weight=248.933 235.456 192.038 60.0238 31.9944 28.0295 132.014 17.7217 114.293 43.4178 22.0365 15.3492 21.3813 13.4772 15.8186
internal_count=1236 1171 945 294 150 144 651 96 555 226 112 79 114 65 84
is_linear=0
shrinkage=0.03


Tree=148
num_leaves=11
num_cat=0
split_feature=310 132 215 66 132 203 191 296 312 199
split_gain=2.97881 3.88595 3.4512 6.10617 9.85196 5.81945 6.50497 5.28737 4.52429 2.5932
threshold=0.30622850432010745 105.34610000000002 1.4435873471073941 4.7350000000000003 51.807375000000008 76.899455778708784 5.0951310603077493 1.4339193930263725 -0.18509954193093728 23.480797017325816
decision_type=2 2 2 2 2 2 2 2 2 2
left_child=1 2 5 7 -5 8 -7 -4 -1 -2
right_child=9 -3 3 4 -6 6 -8 -9 -10 -11
leaf_value=0.017945624746875968 0.002810531762804722 0.024552038750759373 0.012610639501859687 -0.017373444249115924 0.01095160001623844 0.033860411219321894 -0.011035161486897378 -0.0023698896473736287 -0.0088913237738631311 -0.037498328772134513
leaf_weight=5.9212400913238517 2.1991952359676352 5.8629476167261592 61.540336694568396 27.18450702726841 18.363210201263428 6.9372348524630052 4.7476222105324268 31.818682558834553 80.367484390735626 3.3868242800235748
leaf_count=27 14 30 283 147 86 33 23 163 400 30
internal_value=0.000118152 0.000632673 1.78832e-05 0.00307076 -0.0058891 -0.00427861 0.0154257 0.00747579 -0.00699637 -0.0213309
internal_weight=248.329 242.743 236.88 138.907 45.5477 97.9736 11.6849 93.359 86.2887 5.58602
internal_count=1236 1192 1162 679 233 483 56 446 427 44
is_linear=0
shrinkage=0.03


Tree=149
num_leaves=25
num_cat=0
split_feature=137 18 306 14 65 137 279 145 192 90 192 290 65 57 116 264 141 106 269 305 18 109 43 277
split_gain=3.05333 5.99681 6.24101 5.79563 5.23702 4.72307 6.40935 5.99432 5.67472 5.37181 5.13598 5.27171 5.09786 4.44994 6.18581 5.9104 4.85991 4.41771 3.91938 3.76738 3.61135 3.53762 3.16248 3.00984
threshold=2.6964500000000005 15.940000000000003 0.79024173475611958 22.875000000000004 12.795000000000002 1.8421000000000003 0.13608683754965498 1.5004643932500004 23.724884017564435 19922274.935000006 2.481497523440332 -0.87 35.880000000000003 0.47895582329317271 0.51000000000000012 -0.084062523612028636 5.2500296968000013 0.46865000000000007 -2.2423382337383146 1.0634236536459392 17.815000000000001 0.21175000000000002 1.2455500000000004 -0.018292927935386779
decision_type=2 2 2 2 2 2 2 2 2 2 2 2 2 2 2 2 2 2 2 2 2 2 2 2
left_child=5 13 20 4 -4 8 7 9 10 -7 11 -1 -9 15 22 23 -17 -5 -16 -10 -3 -12 -15 -2
right_child=1 2 3 17 -6 6 -8 12 19 -11 21 -13 -14 14 18 16 -18 -19 -20 -21 -22 -23 -24 -25
leaf_value=0.031725782272145724 -0.0001075852539911224 0.03078551686765375 -0.0028429423318206254 -0.0075767312925806296 -0.021677405195753202 0.018214751556573761 -0.024964382441700995 0.025979101581077729 0.001602358768756544 -0.019175011092151535 0.0092429641706369969 -0.012186744730011186 -0.0078423552839923423 0.0043925444559808928 0.035653097869709056 -0.0087479505616716632 0.029689637933372023 0.030036110277791309 0.010513338739604396 0.037454733523382119 -0.0042238050605260917 -0.018758293844664344 -0.025142349902651476 -0.033569404291121464
leaf_weight=5.099257692694664 3.8684624508023262 5.234833147376774 20.966073971241713 6.4229319319128972 38.313793338835239 6.1055821999907476 4.006332427263259 27.415409740060571 6.7411320991814119 7.6599201932549477 4.6523185670375851 4.4705827161669713 4.4973016120493403 7.6049904152750951 7.4653907939791706 6.5764309689402562 5.128405749797821 4.7444560974836349 24.41474730707705 4.452174186706543 4.9726485460996628 24.309294231235981 5.4198181480169296 7.2852229252457636
leaf_count=22 19 23 100 33 203 29 21 127 35 46 25 21 26 37 31 34 22 21 122 18 25 129 29 38
internal_value=0.000115184 -0.00259699 -0.00813209 -0.011333 -0.0150826 0.00419315 0.0107362 0.0139806 -0.00229281 -0.00236294 -0.00780973 0.0109878 0.0211095 0.00394917 0.00945507 -0.0067304 0.00794796 0.00826155 0.0165872 0.0163338 0.0135639 -0.0141407 -0.00776672 -0.0223344
internal_weight=247.828 148.418 80.6547 70.4473 59.2799 99.4093 49.6845 45.6782 49.7248 13.7655 38.5315 9.56984 31.9127 67.7635 44.9049 22.8585 11.7048 11.1674 31.8801 11.1933 10.2075 28.9616 13.0248 11.1537
internal_count=1236 737 405 357 303 499 249 228 250 75 197 43 153 332 219 113 56 54 153 53 48 154 66 57
is_linear=0
shrinkage=0.03


Tree=150
num_leaves=11
num_cat=0
split_feature=48 265 116 265 313 54 317 305 287 137
split_gain=2.93288 3.77179 5.13842 5.04038 4.25636 6.87446 6.29963 4.00146 3.5152 1.37334
threshold=-0.26059999999999994 0.72575851042959738 0.46200000000000008 0.59476465896514996 0.27997802381743125 0.64775000000000016 0.20764871907455398 1.1450889809294071 -1.4250000000000005 2.59355
decision_type=2 2 2 2 2 2 2 2 2 2
left_child=8 3 -3 4 5 -2 -6 9 -1 -4
right_child=1 2 7 -5 6 -7 -8 -9 -10 -11
leaf_value=-0.0053459131614617588 -0.00063618763311120547 0.015110955428883719 -0.010727522616166515 0.026009198447108736 0.01480106801993916 -0.023711194978055 -0.010192146178438019 0.0061846210400628232 0.033057475089054725 -0.035456129076793859
leaf_weight=3.4229624196887016 153.78770387172699 4.394653499126437 3.2568584047257891 6.7285421043634406 33.043153397738934 12.501625666394828 12.273694310337303 3.5497386474162331 5.0676634386181814 8.8679310642182809
leaf_count=18 756 21 21 30 159 73 61 19 27 51
internal_value=0.000112763 -0.000495358 -0.0129152 0.000637918 -0.000166559 -0.0024022 0.00795827 -0.021009 0.0173441 -0.0292012
internal_weight=246.895 238.404 20.0692 218.335 211.606 166.289 45.3168 15.6745 8.49063 12.1248
internal_count=1236 1191 112 1079 1049 829 220 91 45 72
is_linear=0
shrinkage=0.03


Tree=151
num_leaves=9
num_cat=0
split_feature=303 315 293 149 159 189 0 206
split_gain=2.87397 4.20496 3.66495 3.89869 4.10904 6.59819 3.81239 1.36177
threshold=1.1552604006831293 0.5458333333333335 9.8317436961736338 2.4062547741000002 0.19926990515000004 0.98698244967611815 58.765000000000008 -1.9886971762401335
decision_type=2 2 2 2 2 2 2 2
left_child=2 7 3 -1 5 -5 -6 -2
right_child=1 -3 -4 4 6 -7 -8 -9
leaf_value=0.027501263042437763 -0.0104792008156765 0.010671849609257175 -0.022853444189156955 0.017925234435008288 0.015997786825083515 -0.02235609350076297 0.00087666209686135266 -0.038206185576827652
leaf_weight=4.9592727050185195 3.1624512113630772 3.7570348866283894 5.6201428435742846 4.7090615499764708 16.267153155058622 14.597972471266983 188.93622748926282 4.4472678489983064
leaf_count=22 22 17 34 30 74 81 927 29
internal_value=0.000108798 -0.0145429 0.000835856 0.00143882 0.000837777 -0.012335 0.00209718 -0.0273579
internal_weight=246.457 11.3668 235.09 229.47 224.51 19.307 205.203 7.60972
internal_count=1236 68 1168 1134 1112 111 1001 51
is_linear=0
shrinkage=0.03


Tree=152
num_leaves=10
num_cat=0
split_feature=77 291 295 13 306 269 74 54 10
split_gain=2.86618 3.82278 4.73442 4.25764 4.02137 3.62235 3.068 3.00923 1.10408
threshold=12.460000000000003 -6.2449999999999992 5.2515748161726217 25.725000000000005 0.78285397695735648 -0.70226466349629357 58.990900000000003 0.43970000000000004 18.975000000000005
decision_type=2 2 2 2 2 2 2 2 2
left_child=5 6 3 4 -3 -1 8 -7 -2
right_child=1 2 -4 -5 -6 7 -8 -9 -10
leaf_value=0.034454225531724191 -0.014706926397687173 0.015415894355833236 -0.024751654333450647 -0.023078316393119087 0.00051403021268941562 0.019877248658660914 0.004882802764195021 -0.01517818135895975 -0.037491954798224994
leaf_weight=4.7191007621586314 4.9636577274650318 17.794504679739475 6.4900385960936537 6.2622679173946372 189.11555972322822 4.172661589458583 4.024193435907363 4.4174024686217308 4.2300114035606384
leaf_count=23 31 84 38 35 940 20 21 22 22
internal_value=0.000105181 -0.000658838 0.00027383 0.00106105 0.00181693 0.0136027 -0.0162694 0.00153771 -0.0258037
internal_weight=246.189 232.88 219.662 213.172 206.91 13.3092 13.2179 8.59006 9.19367
internal_count=1236 1171 1097 1059 1024 65 74 42 53
is_linear=0
shrinkage=0.03


Tree=153
num_leaves=21
num_cat=0
split_feature=138 43 300 301 287 103 120 204 185 139 2 138 176 109 158 266 287 139 163 82
split_gain=2.87066 4.12827 3.85391 4.13606 3.89627 3.72875 3.90859 6.50488 5.33967 3.60696 3.58522 3.56031 4.23207 6.01111 4.21483 4.18256 4.80197 3.85953 2.67931 1.46258
threshold=69.809271121538487 -0.64829999999999999 0.69828864583978267 1.2136361047380431 -0.89999999999999936 -0.035549999999999991 3465.6100000000006 23.307489957189695 -0.33034033790000011 58.92930657250001 62.585000000000008 190.12491336307974 23.197648768650001 0.33240000000000008 27.212900904000001 0.0061652054884591837 -0.59999999999999865 76.701666912500016 1.1825965760000001 7.5450000000000008
decision_type=2 2 2 2 2 2 2 2 2 2 2 2 2 2 2 2 2 2 2 2
left_child=1 18 -3 4 -4 6 10 8 -8 -9 -2 15 14 -14 -13 16 -7 -17 -1 -12
right_child=5 2 3 -5 -6 11 7 9 -10 -11 19 12 13 -15 -16 17 -18 -19 -20 -21
leaf_value=0.035911255670737711 0.0014549579556498422 -0.027897974644961986 -0.0025152388400398549 -0.016679511089709446 0.018696647797420373 -0.019039316151451321 0.0034215974060828971 0.033813843554836534 -0.027992167730500232 0.0019724528470010379 -0.0079277447646602626 0.0085500181474475155 0.0077048078118960028 -0.028835287856326972 0.040464228316182939 0.011633458937201802 -0.00056207555524817869 -0.011835283301751659 0.0039005103729413391 -0.034629670581601595
leaf_weight=6.1086627766489965 4.6445583999156979 3.4097675234079352 13.400041151791809 6.4176082275807849 17.750017579644922 21.520318489521742 8.397211454808712 4.5738816112279883 10.951024360954762 10.938495064154266 2.7715667448937884 36.45201775804162 10.768694352358581 6.3009728752076617 4.1516113914549342 24.057077020406723 31.399650059640408 8.3350568413734418 4.1993717551231384 9.3498110994696599
leaf_count=27 25 18 63 33 89 110 43 20 65 60 16 177 56 31 18 115 150 44 21 55
internal_value=0.000101257 0.0064198 0.00204866 0.00491321 0.00949693 -0.00155088 -0.00845908 -0.00261589 -0.0142567 0.0117096 -0.0203431 0.000926605 0.00669385 -0.005698 0.0119783 -0.00294036 -0.00815431 0.00548438 0.0233215 -0.0288845
internal_weight=245.897 51.2855 40.9774 37.5677 31.1501 194.612 51.6265 34.8606 19.3482 15.5124 16.7659 142.985 57.6733 17.0697 40.6036 85.3121 52.92 32.3921 10.308 12.1214
internal_count=1236 251 203 185 152 985 284 188 108 80 96 701 282 87 195 419 260 159 48 71
is_linear=0
shrinkage=0.03


Tree=154
num_leaves=20
num_cat=0
split_feature=137 18 301 268 160 313 90 57 273 160 57 168 0 68 215 301 278 199 272
split_gain=2.82969 5.59501 5.3112 5.49932 5.25366 4.52018 4.51736 4.24144 6.79068 4.51419 4.09038 3.90208 5.69686 5.10532 3.87774 3.58145 4.19659 2.21648 1.34892
threshold=2.6964500000000005 15.940000000000003 1.4133448656670062 0.58123402390747991 0.78382784830000019 0.15185821667532318 7168437.0600000015 0.47895582329317271 -0.10619693478975516 3.9856010441000005 0.43687550200803221 0.19145488440000002 60.510000000000012 0.47755000000000009 1.9911032837882645 1.2463132888899484 -0.28037116604965601 49.226218467258988 0.11677650039720207
decision_type=2 2 2 2 2 2 2 2 2 2 2 2 2 2 2 2 2 2 2
left_child=5 7 3 4 -3 6 -1 8 14 -10 -8 -7 -13 -14 -2 16 -9 -5 -12
right_child=1 2 -4 17 -6 11 10 15 9 -11 18 12 13 -15 -16 -17 -18 -19 -20
leaf_value=0.013457152550205683 -0.038809844509002794 0.0042844647629021676 0.024022918306073691 -0.043787216369892613 -0.013141575708374922 -0.01404946766874168 0.0062865621987126634 0.024403730853065866 -0.00406805281873256 0.034702310460178479 -0.038615961941079198 0.033857141012759065 0.013093100533747869 -0.0038687144655339296 -0.0022668733788494479 -0.014926665101336714 0.0042400999346242745 -0.012492313494769414 -0.011864624395250442
leaf_weight=5.2658458873629597 6.2756947726011294 24.424616010859609 4.2855472527444354 5.4401445463299734 41.679159425199032 6.957525808364152 3.7859050780534735 15.477135695517061 7.6366487145423871 3.9809312969446182 5.9362676031887514 7.5083637423813334 39.53436329215765 26.321271095424891 4.7615021839737892 4.7386580146849147 24.285987582057714 3.905119564384222 3.0500211007893085
leaf_count=27 33 128 21 31 204 38 20 72 40 16 36 34 190 132 24 28 119 21 22
internal_value=9.82012e-05 -0.00252558 -0.0079068 -0.00978953 -0.00666079 0.00404563 -0.00941844 0.00382117 -0.00664983 0.00914392 -0.0191142 0.00711455 0.00917889 0.00627271 -0.0234763 0.00922192 0.0122052 -0.0312983 -0.030097
internal_weight=245.251 146.891 79.7346 75.449 66.1038 98.3596 18.038 67.1566 22.6548 11.6176 12.7722 80.3215 73.364 65.8556 11.0372 44.5018 39.7631 9.34526 8.98629
internal_count=1236 737 405 384 332 499 105 332 113 56 78 394 356 322 57 219 191 52 58
is_linear=0
shrinkage=0.03


Tree=155
num_leaves=8
num_cat=0
split_feature=46 143 270 287 69 312 105
split_gain=2.79856 3.53853 3.19235 4.11829 4.88772 4.88192 2.52884
threshold=0.20360000000000003 39.921266969150004 -4.4633185101721802 -0.37499999999999994 331.50000000000006 -0.18509954193093728 0.27890000000000009
decision_type=2 2 2 2 2 2 2
left_child=-1 2 6 5 -5 -4 -2
right_child=1 -3 3 4 -6 -7 -8
leaf_value=0.022993955001560096 -0.038108192240081461 -0.027475087025859414 0.01758110371641014 0.014265810740318888 0.00048768268118575735 -0.004625396129175929 -0.0023552602906155252
leaf_weight=4.6142324060201636 3.3365604579448691 4.1508113332092753 9.5194231346249563 35.23045651242137 68.759359311312437 114.80484046973288 4.1277667675167322
leaf_count=25 20 22 44 179 346 576 24
internal_value=9.37186e-05 -0.000343588 0.000132781 0.000780332 0.00519358 -0.00288819 -0.019026
internal_weight=244.543 239.929 235.778 228.314 103.99 124.324 7.46433
internal_count=1236 1211 1189 1145 525 620 44
is_linear=0
shrinkage=0.03


Tree=156
num_leaves=17
num_cat=0
split_feature=310 200 131 15 201 63 11 154 290 206 40 213 274 302 105 116
split_gain=2.77971 4.51312 3.9456 5.35859 5.50808 3.98617 4.98832 4.23145 4.43875 3.77983 3.30991 3.12467 2.69648 2.1178 1.62834 1.01907
threshold=0.087141989315513882 30.628693158079034 75.577727777777795 18.940000000000001 1.0361743700100503 5.3600000000000003 18.675000000000004 0.17394500375000002 -4.8749999999999991 -9.9552883316278713 64.085000000000008 -3.6256655391429944 0.11245751909703051 0.54815000000000003 0.35425000000000006 0.52600000000000013
decision_type=2 2 2 2 2 2 2 2 2 2 2 2 2 2 2 2
left_child=2 -2 5 4 9 6 12 11 -9 -4 -6 -7 -1 15 -5 -3
right_child=1 13 3 14 10 7 -8 8 -10 -11 -12 -13 -14 -15 -16 -17
leaf_value=-0.017565588199457662 0.011834513846310421 -0.03668120989965358 -0.039237976606377095 0.014327810614247257 0.0051191655445141223 0.034827661782700171 0.036056291628231374 -0.015627691218957279 -0.0014915285238639804 -0.0025845843154157283 0.029071120242224861 -0.00025471307159450441 0.015172531133936086 -0.0025708874490245216 0.040465734039429345 -0.012508815008434003
leaf_weight=4.1440388336777669 5.2595526836812523 5.7705895565450174 3.3978136442601672 4.8593258634209615 23.459437370300297 4.4626334309577942 5.4921314269304267 23.841302573680878 125.61869093216956 9.9920600391924363 6.7765745669603339 4.2396072670817357 4.7536437772214413 4.3225536793470374 4.9513815864920616 2.9480846505612135
leaf_count=20 30 43 19 24 114 19 31 123 605 50 31 23 25 29 23 27
internal_value=9.04373e-05 -0.0111088 0.00101514 0.00813738 0.00352614 -0.00117656 0.0138528 -0.0025708 -0.00377548 -0.0123301 0.0106644 0.0175865 0 -0.0206098 0.0280973 -0.0290824
internal_weight=244.289 18.3008 225.989 53.4366 43.6259 172.552 14.3898 158.162 149.46 13.3899 30.236 8.70224 8.89768 13.0412 9.81071 8.71867
internal_count=1236 129 1107 261 214 846 76 770 728 69 145 42 45 99 47 70
is_linear=0
shrinkage=0.03


Tree=157
num_leaves=16
num_cat=0
split_feature=112 53 51 76 207 313 40 168 121 214 68 117 290 113 121
split_gain=2.76237 4.00958 4.49993 3.66318 3.4256 3.47232 4.96285 6.85253 4.75275 4.64985 4.29919 3.96345 3.11276 2.03512 0.767621
threshold=0.55415000000000014 0.4811457983193278 -0.084949999999999984 6.0526000000000009 0.24906744335939415 0.2940517751148885 16.250000000000004 8.4922997113500021 0.72355000000000014 -2.1788310603275445 0.33945000000000008 7473.8000000000011 -1.5599999999999994 0.26730000000000004 0.10790000000000001
decision_type=2 2 2 2 2 2 2 2 2 2 2 2 2 2 2
left_child=4 2 -2 13 5 6 10 -8 9 -7 -1 -10 -5 -3 -15
right_child=1 3 -4 12 -6 8 7 -9 11 -11 -12 -13 -14 14 -16
leaf_value=-0.0072744756319235142 0.015116304262984168 0.0019343197218873354 -0.030587243326602467 -0.01497887223666477 0.018998571228078732 0.037896551667441512 -0.012471272020310446 0.019296628040235662 -0.025386274907717624 0.0064815850796765212 0.0056497377812866033 0.011586021618084832 0.017593820730183753 0.015595636999479155 0.035667500709161297
leaf_weight=36.996212098747492 3.2845995239913464 3.2261975258588818 4.3040116950869551 5.4235456362366676 7.2080832459032527 5.7442034669220474 66.302242401987314 6.5725787393748751 6.0105735287070257 16.926721172407269 61.38599949143827 4.3467967510223389 4.9497293420135957 3.3208435587584955 7.7199355252087116
leaf_count=181 17 17 25 29 33 26 365 31 30 88 290 20 26 17 41
internal_value=8.81867e-05 0.00826708 -0.0104757 0.0141797 -0.00114731 -0.00188177 -0.00361139 -0.0095425 0.00697987 0.0147045 0.000756728 -0.00962039 0.000296712 0.0239926 0.0300937
internal_weight=243.722 32.2289 7.58861 24.6403 211.493 204.285 171.257 72.8748 33.0283 22.6709 98.3822 10.3574 10.3733 14.267 11.0408
internal_count=1236 172 42 130 1064 1031 867 396 164 114 471 50 55 75 58
is_linear=0
shrinkage=0.03


Tree=158
num_leaves=21
num_cat=0
split_feature=137 132 207 135 305 51 100 138 206 137 279 144 54 192 192 3 48 203 65 66
split_gain=2.70429 4.79623 8.1486 5.10011 6.83575 5.22349 4.98786 5.31022 4.97497 4.34654 5.8719 5.6113 5.39925 5.2863 4.54644 4.05885 3.69872 3.42232 2.77093 2.29656
threshold=2.6964500000000005 45.768200000000007 0.20240372197112375 3.3369000000000004 1.1850529100529104 -0.35169999999999996 1326.0150000000001 76.745266220869581 40.919970199819751 1.8421000000000003 0.13608683754965498 0.52154444264000011 0.51552853463746762 23.724884017564435 2.481497523440332 65.935000000000016 0.13445000000000004 24.949115093539774 35.880000000000003 2.6050000000000004
decision_type=2 2 2 2 2 2 2 2 2 2 2 2 2 2 2 2 2 2 2 2
left_child=9 2 3 4 -2 -5 -3 19 -9 13 11 12 -11 14 15 -1 -15 -16 -13 -8
right_child=1 6 -4 5 -6 -7 7 8 -10 10 -12 18 -14 16 17 -17 -18 -19 -20 -21
leaf_value=-0.0075237861986444709 -0.0090301700997518098 -0.043895206837613998 0.030183469669100311 0.0020930890434911801 0.029115740935583254 -0.033007510233261088 0.039125448796000543 0.0040005649570085556 -0.02309804010085801 0.012468569051283405 -0.024235193004113267 0.025150572936716315 -0.023082882040889763 0.0024003184976840357 0.019035293856001802 0.031399953959143287 0.039112311075203153 -0.016929848610136911 -0.0017596998378552589 0.0086178190306557736
leaf_weight=5.0605642311274988 44.327930076047778 1.8831455782055844 4.5837386399507514 4.9818137064576176 4.5479491204023352 14.148037470877169 4.946696072816847 54.825472226366401 6.7488141823559991 10.394103713333608 3.9144771806895724 24.630612205713991 5.9623023979365817 7.0959348827600461 2.4606189951300648 4.3078847154974937 3.8682775497436523 26.044383188709617 3.7473794519901267 4.6415913924574852
leaf_count=24 228 11 19 24 22 75 20 279 36 51 21 118 38 37 12 19 16 142 21 23
internal_value=8.9131e-05 -0.00248631 -0.00795366 -0.0106088 -0.0053672 -0.0237472 0.00290932 0.00424985 0.000949159 0.00396593 0.0103149 0.0134524 -0.000370005 -0.00230532 -0.00767109 0.0102002 0.0158602 -0.0136647 0.021498 0.0249081
internal_weight=243.122 145.635 72.5895 68.0057 48.8759 19.1299 73.0457 71.1626 61.5743 97.4865 48.6489 44.7344 16.3564 48.8377 37.8735 9.36845 10.9642 28.505 28.378 9.58829
internal_count=1236 737 368 349 250 99 369 358 315 499 249 228 89 250 197 43 53 154 139 43
is_linear=0
shrinkage=0.03


Tree=159
num_leaves=24
num_cat=0
split_feature=215 204 66 114 64 54 18 305 0 296 102 17 278 45 265 192 275 301 291 100 102 106 102
split_gain=2.70051 5.72449 5.40742 6.90914 5.44185 7.19677 5.32738 6.16004 5.37617 5.08675 6.74198 5.7681 4.95511 4.75747 4.69451 4.68152 3.86435 3.81091 3.15433 2.98604 2.79596 2.70812 0.0606921
threshold=1.3824556725957937 49.62604641233083 4.7350000000000003 0.12240000000000002 42.400000000000013 0.54785000000000006 19.940000000000001 0.86740489499366158 78.540000000000006 1.4339193930263725 0.17025000000000004 14.815000000000003 -0.48027694071157995 0.53815789473684228 -0.2713674391828777 5.4838869470037643 -0.52301975208927443 0.7588923813364038 -0.87499999999999989 2326.3650000000002 -0.36644999999999994 -0.20889999999999997 -0.16819999999999999
decision_type=2 2 2 2 2 2 2 2 2 2 2 2 2 2 2 2 2 2 2 2 2 2 2
left_child=1 6 9 16 5 -5 7 -1 -9 10 11 -2 18 -12 -14 21 -4 -18 -11 -8 -6 -3 -21
right_child=2 15 3 4 20 -7 19 8 -10 12 13 -13 14 -15 -16 -17 17 -19 -20 22 -22 -23 -24
leaf_value=0.021292661533817179 -0.020792544766694017 0.0018527664014249207 0.0067352887951459134 0.02159191572699469 -0.0055399414021347773 -0.026943033621323786 -0.002727419387360762 -0.0094177391983750833 0.025080196054678532 -0.0013352844464667485 0.032825013856552322 0.0091994074184717101 0.019747083785454669 0.0066374765671238269 -0.016996014952056267 -0.010397830936613839 0.0019890283472152907 -0.03128363152350222 0.032045451817400233 -0.027541484481261234 0.024981631994617687 0.032755292642469916 -0.041680535545231899
leaf_weight=7.6445210948586455 7.087092872709035 4.1063278764486322 4.3981874883174923 4.0889945514500159 3.3523061331361541 7.72581996768713 3.732211768627165 58.531145840883255 4.232487551867961 5.0107813067734241 16.963192701339725 28.685856584459543 3.6100297458469894 10.453446440398691 18.394715202972293 5.5778123810887328 3.7523617632687118 13.876724928617476 4.7467038482427615 3.4725161716341972 10.786999106407162 7.7898374497890481 4.3962093144655228
leaf_count=39 35 22 23 18 20 46 18 296 20 28 82 132 17 54 99 29 22 77 25 21 52 38 23
internal_value=8.83716e-05 -0.0036921 0.00274133 -0.00542491 0.00496837 -0.00985352 -0.00703772 -0.00386639 -0.00700744 0.00690086 0.0118269 0.00313258 -0.0028116 0.0230096 -0.0107703 0.0117896 -0.0177737 -0.024061 0.0147594 -0.0258312 0.0175465 0.0224428 -0.0362413
internal_weight=242.416 99.4831 142.933 47.9814 25.9541 11.8148 82.0091 70.4082 62.7636 94.9518 63.1896 35.7729 31.7622 27.4166 22.0047 17.474 22.0273 17.6291 9.75749 11.6009 14.1393 11.8962 7.86873
internal_count=1236 506 730 258 136 64 417 355 316 472 303 167 169 136 116 89 122 99 53 62 72 60 44
is_linear=0
shrinkage=0.03


Tree=160
num_leaves=13
num_cat=0
split_feature=51 306 14 13 137 18 283 14 137 189 138 275
split_gain=2.8168 3.6582 3.9787 4.40028 3.86884 6.67335 5.44346 5.06768 4.2422 5.66382 5.21061 1.87529
threshold=-0.79709999999999992 0.79024173475611958 15.225000000000001 22.425000000000004 2.6964500000000005 15.940000000000003 0.12412693285783208 22.875000000000004 1.8421000000000003 1.2826048010662152 384.80570671125008 -0.059810699156418394
decision_type=2 2 2 2 2 2 2 2 2 2 2 2
left_child=-1 2 -2 11 8 6 -6 -7 10 -10 -3 -4
right_child=1 4 3 -5 5 7 -8 -9 9 -11 -12 -13
leaf_value=-0.031737647192712673 -0.0078255814581885998 -0.0065349443624700748 0.011304177857804066 -0.0056736975534891166 -0.0028643844097670235 -0.014065032291380342 0.016498773092750999 0.0081761491128058 0.022229564889560387 0.00052239136371428241 0.022674535668902197 0.038680836013435568
leaf_weight=2.3749270774424067 6.1378838792443302 38.768825866281986 3.8552431538701057 4.0950497314333907 41.477668864652514 57.388439008966088 18.85296630859375 10.732323523610829 20.39047858864069 23.54538288898766 6.2798980027437201 7.5371153652667982
leaf_count=15 33 200 19 23 216 301 87 53 97 127 32 33
internal_value=8.71682e-05 0.00042901 0.0121749 0.0202933 -0.000730461 -0.00407155 0.00315413 -0.0105101 0.00405797 0.0106923 -0.00235542 0.0298564
internal_weight=241.436 239.061 21.6253 15.4874 217.436 128.451 60.3306 68.1208 88.9846 43.9359 45.0487 11.3924
internal_count=1236 1221 108 75 1113 657 303 354 456 224 232 52
is_linear=0
shrinkage=0.03


Tree=161
num_leaves=11
num_cat=0
split_feature=310 265 215 306 14 66 78 290 46 199
split_gain=2.72 3.16836 3.31494 4.16484 4.95232 4.75781 3.95667 7.37284 4.80807 2.31409
threshold=0.30622850432010745 1.8775807951142154 4.5701249285035948 0.81179943076004091 23.325000000000003 2.7750000000000004 2.9750000000000005 -4.5600000000000005 0.43730000000000008 23.480797017325816
decision_type=2 2 2 2 2 2 2 2 2 2
left_child=1 2 3 5 -5 -1 8 -8 -4 -2
right_child=9 -3 6 4 -6 -7 7 -9 -10 -11
leaf_value=0.024230563477827656 0.0020941917479141959 -0.02460254341576994 0.019440251775274218 -0.0053812333716656575 0.018232775834235038 -0.0046488072346345822 -0.032457329795352222 0.0040963002637806984 0.00026838208037405936 -0.036684262905762932
leaf_weight=10.944247402250769 2.1287531480193129 4.3022581897675982 28.050527172163129 116.35802999697626 8.4383807778358442 9.272373400628565 5.7757734656333914 31.693485114723444 20.793209843337536 3.2014894317835569
leaf_count=53 14 26 139 580 40 50 34 161 109 30
internal_value=8.57093e-05 0.000581628 0.0010734 -0.00168125 -0.00374718 0.0108797 0.00573275 -0.00152987 0.0113571 -0.0208914
internal_weight=240.959 235.628 231.326 145.013 124.796 20.2166 86.313 37.4693 48.8437 5.33024
internal_count=1236 1192 1166 723 620 103 443 195 248 44
is_linear=0
shrinkage=0.03


Tree=162
num_leaves=24
num_cat=0
split_feature=313 317 62 215 106 269 54 2 293 43 130 213 282 285 210 41 267 294 74 130 24 208 110
split_gain=2.69877 6.22412 4.5623 4.58374 4.52103 6.80911 5.3153 5.22878 4.50354 6.48666 5.60045 4.48223 4.2048 5.50861 3.92466 3.53797 3.38073 3.36545 3.0327 2.8048 2.70692 2.32542 0.40383
threshold=0.27997802381743125 0.20764871907455398 19.545000000000005 3.3295371921512777 -0.10279999999999999 -2.7667679313809725 0.64775000000000016 65.310000000000016 0.56957659026331853 -0.084399999999999989 10.500000000000002 6.2504222757220953 0.19713969439717963 3.9849999999999999 -20.393427789923418 20221027.500000004 -0.65057367138346545 0.90316754331683191 74.295900000000017 11.500000000000002 -0.23499999999999996 -20.528038524318877 0.15950000000000003
decision_type=2 2 2 2 2 2 2 2 2 2 2 2 2 2 2 2 2 2 2 2 2 2 2
left_child=4 2 19 14 5 7 12 21 9 -7 -10 -3 13 -6 -4 -9 -8 -14 -13 -2 -5 -1 -21
right_child=1 11 3 20 6 8 16 15 10 -11 -12 18 17 -15 -16 -17 -18 -19 -20 22 -22 -23 -24
leaf_value=0.042524775429002827 0.0075539839624349479 -0.035051578861570731 0.0059132013696204643 0.032175971824724946 -0.0015043582942267267 -0.024254428014768542 0.0028813678089255577 -0.025311657063348134 -0.00067465310533320114 0.019421847988644665 -0.023979622454248985 -0.013199364021911004 -0.0031482374383515611 0.02206369378129466 -0.02865287738541003 0.014651899759140299 -0.033578973590352827 0.024421316038628037 0.021383065284640061 0.040200958698365978 0.00090397350207526643 0.0098783476942780109 0.023437510356959894
leaf_weight=3.9696872346103191 6.0121942274272469 4.5366692766547194 6.4122097492218 5.4790981039404869 76.836754981428385 4.7362992614507666 3.509284857660532 4.4682998880743972 13.709900282323359 8.1638766974210721 30.523712802678347 5.3945468552410585 5.2795842736959484 9.9805958122014982 5.1810884401202237 3.3568465430289507 5.7304835282266122 13.944179680198429 3.7895641028881073 6.15592163056135 4.8803027570247632 4.5385949928313511 3.8752889633178711
leaf_count=17 31 23 31 28 391 25 21 26 71 39 169 28 25 47 26 19 33 64 21 29 24 27 21
internal_value=8.28756e-05 0.00615947 0.0124433 0.00336488 -0.0015686 -0.00738864 0.00211763 0.00954775 -0.0122911 0.00309212 -0.0168419 -0.010989 0.00404853 0.0011928 -0.00939088 -0.00782091 -0.0195275 0.0167173 0.000823588 0.0245819 0.0178801 0.0257757 0.0343162
internal_weight=240.465 51.7169 37.9961 21.9527 188.748 73.4672 115.281 16.3334 57.1338 12.9002 44.2336 13.7208 106.041 86.8174 11.5933 7.82515 9.23977 19.2238 9.18411 16.0434 10.3594 8.50828 10.0312
internal_count=1236 262 190 109 974 393 581 89 304 64 240 72 527 438 57 45 54 89 49 81 52 44 50
is_linear=0
shrinkage=0.03


Tree=163
num_leaves=12
num_cat=0
split_feature=74 112 82 14 41 46 162 110 12 95 43
split_gain=2.67432 3.08317 3.61854 3.06115 6.23178 5.48834 4.59385 4.56906 3.66674 2.98229 2.22691
threshold=508.84570000000008 0.56250000000000011 51.100000000000009 18.525000000000002 20201015.500000004 0.64135000000000009 0.017580873264000003 -0.14439999999999997 18.375000000000004 -5.0000000000000009 0.60850000000000015
decision_type=2 2 2 2 2 2 2 2 2 2 2
left_child=1 3 9 4 8 -6 -5 -8 -1 10 -3
right_child=-2 2 -4 6 5 -7 7 -9 -10 -11 -12
leaf_value=-0.038547558972909658 -0.024048542234648862 0.018761434238972662 -0.013944039616134793 -0.027460623004459509 0.0010568342227851397 -0.020563505300647753 -0.0068058248203313153 0.0093209333321013429 -0.0071683288758202035 0.037000865434653529 -0.0070078447324356538
leaf_weight=6.6084375977516157 3.9581852219998828 7.8321883715689218 3.9299064837396136 3.924978755414485 101.14901026524603 11.680001642554997 20.821710582822561 62.812021631747484 7.3803408294916153 4.9459210410714158 4.5926681011915207
leaf_count=29 25 43 22 25 527 74 108 298 35 27 23
internal_value=8.293e-05 0.000510968 0.0113755 -0.000559359 -0.00354915 -0.00117095 0.00373586 0.00526681 -0.0223735 0.0173225 0.00901677
internal_weight=239.635 235.677 21.3007 214.377 126.818 112.829 87.5587 83.6337 13.9888 17.3708 12.4249
internal_count=1236 1211 115 1096 665 601 431 406 64 93 66
is_linear=0
shrinkage=0.03


Tree=164
num_leaves=11
num_cat=0
split_feature=310 111 105 303 90 152 75 76 199 301
split_gain=2.61657 3.09467 4.08736 3.55509 3.80603 5.12569 4.71354 2.25076 2.20823 1.53324
threshold=0.30622850432010745 0.43065000000000003 0.42145000000000005 1.1552604006831293 46918028.030000009 4.5263718055000011 2.2525500000000007 5.0321500000000006 23.480797017325816 1.0498413649424636
decision_type=2 2 2 2 2 2 2 2 2 2
left_child=1 3 9 4 6 -6 -1 -5 -2 -3
right_child=8 2 -4 7 5 -7 -8 -9 -10 -11
leaf_value=0.015668095220223156 0.0017194201534032809 0.039443834465965624 -0.003064674002458901 -0.0327494556747382 -0.0081716850817890735 0.0057329974786229192 0.00077454208946723356 0 -0.036379993253293302 0.012655701146085541
leaf_weight=25.553714953362942 2.116688471287488 4.4731689319014567 7.2426162622869006 4.7695705927908403 71.805292407050729 35.376871600747108 77.107873734086752 3.3615962341427803 3.1208503227680922 4.3066578879952431
leaf_count=126 14 21 36 33 373 169 394 19 30 21
internal_value=7.77708e-05 0.000563767 0.0132517 -0.000360764 0.00038366 -0.00355323 0.00452256 -0.0197081 -0.0206768 0.0269321
internal_weight=239.235 233.997 16.0224 217.975 209.844 107.182 102.662 8.13117 5.23754 8.77983
internal_count=1236 1192 78 1114 1062 542 520 52 44 42
is_linear=0
shrinkage=0.03


Tree=165
num_leaves=22
num_cat=0
split_feature=313 317 62 215 106 54 69 105 130 214 209 56 313 22 14 192 267 130 78 293 192
split_gain=2.62748 5.88117 4.30984 4.33402 4.21761 4.91136 4.63039 5.28831 4.44182 4.21068 4.04682 4.0102 6.18872 4.0037 3.86904 3.63195 3.19527 2.74039 2.53514 2.0966 0.453941
threshold=0.27997802381743125 0.20764871907455398 19.545000000000005 3.3295371921512777 -0.10279999999999999 0.64775000000000016 332.50000000000006 0.19725000000000001 10.500000000000002 6.2504222757220953 -209.2018112411005 0.23595000000000002 0.22031756371622321 -0.83499999999999985 20.475000000000005 4.5162103206788737 -0.65057367138346545 11.500000000000002 3.1450000000000005 0.86290846581480907 2.3521099139779991
decision_type=2 2 2 2 2 2 2 2 2 2 2 2 2 2 2 2 2 2 2 2 2
left_child=4 2 17 13 6 10 7 -1 -9 -3 -6 12 -8 -4 -12 -11 -7 -2 -5 -13 -19
right_child=1 9 3 18 5 16 11 8 -10 15 14 19 -14 -15 -16 -17 -18 20 -20 -21 -22
leaf_value=-0.027617108068863028 0.0072929420157060477 -0.034121561612024946 0.008088586559629754 0.036835249722421831 -0.019244384057012003 0.0028533816083866907 -0.016992364668978237 0.021590766617922783 -0.0027623355927624336 0.019217893787752741 0.0020268921524167261 -0.008732960345267278 0.013676725448125501 -0.026767679424856302 0.016019762096710931 -0.018240406642242489 -0.032732641455248138 0.022268666715432907 0.0054322779720482432 -0.039793149421805778 0.03981636372232436
leaf_weight=4.8815386146306983 5.9657469205558291 4.4796981886029235 5.7976322472095454 3.8018592782318574 6.2562039867043486 3.4916214980185032 20.920286141335968 10.279011432081463 18.699001731351018 4.7191317640244943 75.823631405830383 3.1816250625997764 8.0551943331956846 5.7133389972150379 23.429834507405758 4.3941119313240051 5.640929598361252 3.6446347758173925 6.4823396988213062 6.9414201602339745 6.1926758140325546
leaf_count=26 31 23 26 19 32 21 113 52 98 24 383 18 41 31 112 25 33 19 33 45 31
internal_value=7.55501e-05 0.00610488 0.0122487 0.00340609 -0.00155609 0.00201184 -0.00719867 0.000841765 0.00581751 -0.0106352 0.00386811 -0.0142226 -0.00834545 -0.00903508 0.00537305 0.000829147 -0.0189187 0.0241574 0.0175731 -0.0305054 0.0339065
internal_weight=238.791 51.1912 37.5982 21.7952 187.6 114.642 72.9581 33.8596 28.978 13.5929 105.51 39.0985 28.9755 11.511 99.2535 9.11324 9.13255 15.8031 10.2842 10.123 9.83731
internal_count=1236 262 190 109 974 581 393 176 150 72 527 217 154 57 495 49 54 81 52 63 50
is_linear=0
shrinkage=0.03


Tree=166
num_leaves=15
num_cat=0
split_feature=208 215 204 293 90 210 201 41 54 132 132 193 193 47
split_gain=2.59416 2.75157 5.1674 4.81118 5.51257 5.44837 4.66246 5.30901 4.31562 8.56785 6.42765 4.79389 3.21452 3.64421
threshold=-5388.5689483260576 1.3824556725957937 49.62604641233083 1.2604004002183999 46225558.710000008 -35.615987329208842 -20.323625371754719 20210804.000000004 0.58211774076405942 45.099250000000005 19.667025000000002 0.53463847108552598 1.5625093195227702 0.22075275757470686
decision_type=2 2 2 2 2 2 2 2 2 2 2 2 2 2
left_child=-1 2 3 4 -2 -5 -4 -8 9 10 -3 -11 13 -10
right_child=1 8 6 5 -6 -7 7 -9 12 11 -12 -13 -14 -15
leaf_value=0.042285071746953985 -0.0030495619117157321 0.020558258624866106 0.027971316466715308 0.01213349551134074 -0.024243044835980096 -0.011434605385516498 0.017895982502861729 -0.027401500100537837 0.0064712869232921048 -0.0089488262446691738 -0.0038997756178900658 0.023052903779297498 -0.030383431651817467 -0.014990927398999069
leaf_weight=1.2036475539207447 22.436406455934048 11.317006031051276 7.7307355180382755 18.678004302084446 22.445199202746153 16.521580718457699 4.7851903736591321 4.3150715231895447 15.726791294291617 4.7585368342697612 63.061088619753718 27.821836166083813 4.4579699002206317 12.71784704364836
leaf_count=5 112 58 37 90 121 92 24 27 82 26 326 135 26 75
internal_value=7.34221e-05 -0.000146259 -0.00404101 -0.00723996 -0.0137454 0.000985326 0.0109552 -0.00332103 0.00253201 0.00546992 -0.000115474 0.018274 -0.00691516 -0.00303846
internal_weight=237.977 236.773 96.9122 80.0812 44.8816 35.1996 16.831 9.10026 139.861 106.958 74.3781 32.5804 32.9026 28.4446
internal_count=1236 1231 503 415 233 182 88 51 728 545 384 161 183 157
is_linear=0
shrinkage=0.03


Tree=167
num_leaves=8
num_cat=0
split_feature=48 263 181 172 139 266 288
split_gain=2.59169 3.28649 3.69736 3.86141 4.01747 3.67248 2.69255
threshold=-0.26059999999999994 -0.90841355905861365 0.034288336900000008 0.085360947800000017 58.552659755000008 -0.31816063588716614 -1.4250000000000005
decision_type=2 2 2 2 2 2 2
left_child=6 -2 -3 5 -5 -4 -1
right_child=1 2 3 4 -6 -7 -8
leaf_value=-0.0021473334819978487 -0.025846063251555494 -0.024995146682642876 0.035389026395332722 0.0049250420007409829 -0.0035727909294890987 -0.001140058899307276 0.031910231542954519
leaf_weight=3.5240148305892944 4.4156626649200907 5.1019651629030696 5.3614573329687119 81.930626600980759 128.27331525832415 4.2402113229036313 4.4976359903812391
leaf_count=20 28 29 24 411 674 25 25
internal_value=7.1067e-05 -0.000505856 0 0.000594259 -0.000245581 0.0191026 0.0167367
internal_weight=237.345 229.323 224.908 219.806 210.204 9.60167 8.02165
internal_count=1236 1191 1163 1134 1085 49 45
is_linear=0
shrinkage=0.03


Tree=168
num_leaves=14
num_cat=0
split_feature=313 317 295 207 1 185 314 76 62 174 281 303 208
split_gain=2.50157 5.53741 4.2362 4.18321 4.43769 4.3528 6.11636 5.60265 4.08991 3.85011 3.74297 4.17504 0.600531
threshold=0.27997802381743125 0.20764871907455398 0.89534942473991797 0.25172921721653529 79.840000000000018 0.83386514940000012 0.33638509236508835 10.192100000000002 19.545000000000005 -0.83956903249999992 13.421433693898882 1.0583507506292702 -18.812703449477979
decision_type=2 2 2 2 2 2 2 2 2 2 2 2 2
left_child=3 8 -3 4 5 7 -7 -1 9 -2 11 -10 -11
right_child=1 2 -4 -5 -6 6 -8 -9 10 12 -12 -13 -14
leaf_value=0.0017734884171430342 -0.0023659402110567437 -0.025997515006099522 0.0072498106036089655 0.024816555496798273 0.02242874298990364 -0.015706452935416403 0.019445217167853055 -0.017034540100353754 -0.011659114097699427 0.020259609453966508 0.027457981443808448 0.022171857692837419 0.037557571065009981
leaf_weight=116.51047942601144 3.679330103099347 7.1839807070791704 6.284934863448143 5.1543110981583586 6.1745546460151663 37.60385181941092 4.893625194206833 16.12833346426487 12.824148390442138 4.2082769423723212 4.4896268695592871 4.2739362083375445 7.7066700235009167
leaf_count=591 19 39 33 24 32 203 25 99 69 24 19 21 38
internal_value=6.82074e-05 0.00598575 -0.0103233 -0.00152548 -0.00230414 -0.00320554 -0.0115521 -0.000502 0.0119859 0.0236737 0.00333443 -0.00294834 0.0319172
internal_weight=237.116 50.6509 13.4689 186.465 181.311 175.136 42.4975 132.639 37.182 15.5943 21.5877 17.0981 11.9149
internal_count=1236 262 72 974 950 918 228 690 190 81 109 90 62
is_linear=0
shrinkage=0.03


Tree=169
num_leaves=15
num_cat=0
split_feature=46 43 46 207 43 195 61 139 123 268 191 303 109 135
split_gain=2.50777 4.34134 3.8467 6.34432 5.86201 7.48441 4.52551 4.88409 6.25977 4.14323 4.20339 4.04119 3.58026 2.78895
threshold=0.23515000000000003 0.062550000000000008 0.34590000000000004 0.039763093838315673 -0.6580999999999998 6.6848659135051571 14.770000000000001 38.165626257500001 672.50000000000011 -0.47764509837109587 1.249989792001766 1.1552604006831293 0.24340000000000003 3.8089750000000007
decision_type=2 2 2 2 2 2 2 2 2 2 2 2 2 2
left_child=1 -1 3 4 -2 -6 7 8 -4 -8 -11 -9 -5 -14
right_child=2 -3 6 12 5 -7 9 11 -10 10 -12 -13 13 -15
leaf_value=-0.0035255085167853976 0.013979980394095507 0.032460613950561067 0.017171661913296457 -0.01398210696274192 -0.032871127643050002 0.012145819807233111 0.021671239523778422 0.012519813852496637 -0.027422448406554431 0.010597185025094453 -0.0065656564828705218 -0.018545670720325386 0.024576717432168615 -0.004510098472602613
leaf_weight=6.1001678481698018 4.0900177806615856 5.5946442559361458 4.4032333865761739 5.9428203888237503 17.612167242914442 3.9269097782671443 5.8503418378531924 57.464663621038198 7.3505878075957298 14.85367454215884 87.167177705094218 3.8711579926311961 7.9726606309413892 4.4023289754986763
leaf_count=34 22 27 23 35 94 18 25 278 38 76 482 24 37 23
internal_value=6.92017e-05 0.0135647 -0.000624924 -0.00858472 -0.018218 -0.024507 0.00129524 0.00706474 -0.0104595 -0.0025891 -0.00402953 0.0104833 0.00475638 0.0140356
internal_weight=236.603 11.6948 224.908 43.9469 25.6291 21.5391 180.961 73.0896 11.7538 107.871 102.021 61.3358 18.3178 12.375
internal_count=1236 61 1175 229 134 112 946 363 61 583 558 302 95 60
is_linear=0
shrinkage=0.03


Tree=170
num_leaves=7
num_cat=0
split_feature=74 149 162 263 290 172
split_gain=2.48122 3.15673 3.66434 3.79932 3.4209 1.73414
threshold=508.84570000000008 2.4062547741000002 0.017580873264000003 -0.90841355905861365 3.3100000000000001 0.085360947800000017
decision_type=2 2 2 2 2 2
left_child=1 -1 5 -4 -5 -3
right_child=-2 2 3 4 -6 -7
leaf_value=0.023997128963510857 -0.02342302136936172 -0.00574109988035576 -0.028203819001999288 0.00018708080661873177 0.015035954743266185 -0.035066113556102736
leaf_weight=4.9272904917597762 3.8736318908631793 4.1737709380686274 3.9135131761431685 200.55372659303248 14.947431810200213 3.6528196707367897
leaf_count=24 25 25 25 1040 73 24
internal_value=6.78731e-05 0.00048264 -2.43615e-05 0.000686034 0.00123743 -0.0200758
internal_weight=236.042 232.169 227.241 219.415 215.501 7.82659
internal_count=1236 1211 1187 1138 1113 49
is_linear=0
shrinkage=0.03


Tree=171
num_leaves=10
num_cat=0
split_feature=310 132 13 304 14 318 210 208 200
split_gain=2.48854 3.44989 2.91365 7.25922 4.81218 3.9679 3.71144 2.08075 1.91136
threshold=0.30622850432010745 105.34610000000002 24.675000000000004 1.0376396915483914 23.175000000000004 1.1162619516581602 -8.5629849946348209 -7.7553943291992438 36.633387392452512
decision_type=2 2 2 2 2 2 2 2 2
left_child=1 2 4 7 5 -1 -6 -4 -2
right_child=8 -3 3 -5 6 -7 -8 -9 -10
leaf_value=-0.0024180543857787928 0.0019370034396639373 0.023764372792030426 -0.012256035737559987 0.011043574760413788 0.036556951976650834 0.0080952926385698398 0.0033764893417762508 -0.041817849299715923 -0.034269433962388449
leaf_weight=155.51728851348162 1.9101072289049614 5.516858108341693 4.373125985264779 6.8498410843312731 5.7062310352921486 40.654561918228865 6.8685070797801 5.23621790111065 3.2089394088834524
leaf_count=800 12 30 25 35 26 211 36 29 32
internal_value=6.4315e-05 0.00054014 -2.57633e-05 -0.0121516 0.000921328 -0.000220974 0.0188396 -0.0289383 -0.0204064
internal_weight=235.842 230.723 225.206 16.4592 208.747 196.172 12.5747 9.60934 5.11905
internal_count=1236 1192 1162 89 1073 1011 62 54 44
is_linear=0
shrinkage=0.03


Tree=172
num_leaves=18
num_cat=0
split_feature=112 53 51 76 119 18 315 177 185 200 49 4 142 206 134 206 275
split_gain=2.47086 3.58704 3.97095 3.21004 3.20718 5.30352 5.01107 4.63115 4.46244 4.3681 3.6581 7.34926 4.30289 3.03811 1.82403 2.55795 0.74182
threshold=0.55415000000000014 0.4811457983193278 -0.084949999999999984 9.6792500000000015 7365.8000000000011 20.315000000000001 0.57916666666666672 0.14226181545000002 1.0146640075000002 29.493933216824036 0.47063813559322037 66.460000000000022 0.50815899005000009 3.4726226258668382 3.6545527777777784 1.4348498469412345 -0.059810699156418394
decision_type=2 2 2 2 2 2 2 2 2 2 2 2 2 2 2 2 2
left_child=4 2 -2 14 6 7 10 -6 -9 -8 12 -12 -1 -11 15 -3 -16
right_child=1 3 -4 -5 5 -7 9 8 -10 13 11 -13 -14 -15 16 -17 -18
leaf_value=0.017336380526696268 0.014339888713604722 0.025207508632397926 -0.029636279149594619 -0.0046866524727217215 -0.016646128989730016 -0.024332042673143699 0.0099482149453118344 0.018158384087316282 -0.0077096997532737485 -0.013578843807778537 -0.01138315583162402 0.0090972242522398064 -0.00049187957061399667 -0.042982689450535433 0.016902737160092818 -0.006451925067258178 0.037789486436494962
leaf_weight=16.28432535007596 3.1293145008385181 4.6133033558726364 4.078083727508786 6.0531581677496424 5.284242518246173 4.598885402083396 3.7146647498011616 29.609202310442924 7.2785803228616706 8.3306497372686845 55.904087334871292 21.70856174826622 46.336591351777315 5.6464547757059327 3.4823852069675922 4.1939520016312599 5.2259602099657041
leaf_count=80 17 25 25 34 28 29 17 143 39 44 307 103 243 31 20 25 26
internal_value=6.26805e-05 0.00798581 -0.0101972 0.0136926 -0.00111723 0.00575248 -0.0031731 0.00915399 0.012966 -0.0181841 -0.00124633 -0.00561177 0.00411671 -0.0258914 0.020205 0.00989153 0.0300644
internal_weight=235.472 30.7762 7.2074 23.5688 204.696 46.7709 157.925 42.172 36.8878 17.6918 140.234 77.6126 62.6209 13.9771 17.5156 8.80726 8.70835
internal_count=1236 172 42 130 1064 239 825 210 182 92 733 410 323 75 96 50 46
is_linear=0
shrinkage=0.03


Tree=173
num_leaves=10
num_cat=0
split_feature=46 143 204 33 305 198 116 53 64
split_gain=2.4328 3.25162 2.85671 6.05602 4.72087 4.56764 5.49256 5.41162 2.91759
threshold=0.20360000000000003 39.921266969150004 32.846452552119267 1.0000000180025095e-35 1.1202614092093326 -1.7169093058719176 0.51400000000000012 0.47699579831932776 15.225000000000003
decision_type=2 2 2 2 2 2 2 2 2
left_child=-1 2 5 8 -5 6 -2 -7 -4
right_child=1 -3 3 4 -6 7 -8 -9 -10
leaf_value=0.021915079047653573 -0.0016143845150295756 -0.026884418008391586 0.022889937400515405 -0.010534025502505276 0.01244776834504123 -0.0075959708568242145 -0.028807564273978788 0.0051192445574404924 0.0051470624009734532
leaf_weight=4.4005637727677813 16.1667073071003 3.984991066157817 17.201191827654839 25.506125936284661 11.553992841392754 48.725454172119498 11.626567047089337 78.492678208276629 17.286200391128659
leaf_count=25 90 22 82 138 60 256 65 406 92
internal_value=5.97042e-05 -0.000353779 0.000111293 0.00507822 -0.00327419 -0.00216371 -0.01316 0.000223522 0.014124
internal_weight=234.944 230.544 226.559 71.5475 37.0601 155.011 27.7933 127.218 34.4874
internal_count=1236 1211 1189 372 198 817 155 662 174
is_linear=0
shrinkage=0.03


Tree=174
num_leaves=17
num_cat=0
split_feature=304 54 215 132 132 131 133 314 193 313 299 0 194 287 13 103
split_gain=2.4399 2.87238 4.4714 8.39114 5.91907 5.01685 5.90898 4.96575 4.64289 3.95862 4.1209 4.49282 4.2678 4.0659 3.17592 0.648892
threshold=0.80759572489241316 0.54485000000000017 1.3824556725957937 45.099250000000005 19.667025000000002 52.247098529411765 26.06387558933147 0.15185227150907882 0.44902633198562886 0.21285808626472272 0.61303382378744375 71.500000000000014 0.51743179373716452 -0.29999999999999888 17.475000000000005 -0.028799999999999996
decision_type=2 2 2 2 2 2 2 2 2 2 2 2 2 2 2 2
left_child=-1 2 5 4 -4 6 -2 -7 -5 13 12 -12 -11 15 -15 -3
right_child=1 9 3 8 -6 7 -8 -9 -10 10 11 -13 -14 14 -16 -17
leaf_value=0.021030515141198823 -0.0084258456812206818 -0.017676442404238699 0.021409122683625326 -0.012113699503719978 -0.0034379842161956168 -0.0024437920434433559 0.014853389964259237 -0.027852334429531073 0.025158027135391472 0.033804641498043284 -0.01385937645371557 0.0061108750271984917 -0.0018281880290014023 -0.019812609734166882 0.019209586899602515 -0.038420604051029067
leaf_weight=4.7932863011956206 19.805087622255087 2.9843682572245607 10.098669998347757 3.2789385244250324 55.80005082860589 16.347951911389831 19.134445052593946 12.317272271960972 23.125955943018198 5.2953240573406202 25.417133154347539 16.502537986263633 6.5277317836880684 3.9526329785585395 3.3753838762640953 5.8578862361609945
leaf_count=25 99 22 53 18 290 89 93 65 114 22 145 83 36 26 18 38
internal_value=5.75476e-05 -0.000375785 0.00182792 0.00613124 0.000350932 -0.00400365 0.00294521 -0.0135249 0.0203882 -0.00545447 -0.00146585 -0.00593045 0.0140291 -0.018436 -0.00141795 -0.0320307
internal_weight=234.615 229.821 159.908 92.3036 65.8987 67.6048 38.9395 28.6652 26.4049 69.913 53.7427 41.9197 11.8231 16.1703 7.32802 8.84225
internal_count=1236 1211 821 475 343 346 192 154 132 390 286 228 58 104 44 60
is_linear=0
shrinkage=0.03


Tree=175
num_leaves=15
num_cat=0
split_feature=303 315 269 281 212 20 116 67 105 269 132 3 112 206
split_gain=2.40777 3.62421 3.00375 5.02013 4.66791 4.25449 5.54767 3.92599 4.72494 4.03213 3.96264 2.64437 2.61959 1.2609
threshold=1.1552604006831293 0.5458333333333335 -2.0547176872203123 7.2258416293913745 -56.580920703336865 -1.1299999999999997 0.52600000000000013 1.5423000000000002 0.35840000000000005 -1.6856591127414966 105.34610000000002 65.860000000000014 0.52085000000000015 -1.9886971762401335
decision_type=2 2 2 2 2 2 2 2 2 2 2 2 2 2
left_child=2 13 3 5 -5 12 -7 9 -9 -4 -11 -6 -1 -2
right_child=1 -3 7 4 11 6 -8 8 -10 10 -12 -13 -14 -15
leaf_value=0.030474703303888906 -0.0094435351791004943 0.010176600809299696 -0.026601992949150818 0.016393626824666815 0 -0.0057183696203340325 0.027497601895850234 0.031974559671172013 -0.0077875457534751598 -0.002261536245646633 0.027683459973086324 -0.034769542045999705 0.0052158815780299281 -0.037160813824785636
leaf_weight=12.55208331719041 2.9500104151666164 3.5286377407610416 5.8836422413587561 4.0069953277707091 3.0415347032248956 16.536584710702304 6.0851067528128615 6.5894801728427392 4.274250378832221 149.33893802575767 3.975920606404542 5.3785811066627502 5.7253166884183875 4.0976954475045186
leaf_count=62 22 17 29 19 19 90 30 30 24 781 22 33 29 29
internal_value=5.44456e-05 -0.0138498 0.00073207 0.00694572 -0.0095641 0.0120465 0.0031662 -0.00120164 0.0161285 -0.00241247 -0.00144788 -0.0223165 0.0227972 -0.0262731
internal_weight=233.965 10.5763 223.388 53.3262 12.4271 40.8991 22.6217 170.062 10.8637 159.199 153.315 8.42012 18.2774 7.04771
internal_count=1236 68 1168 282 71 211 120 886 54 832 803 52 91 51
is_linear=0
shrinkage=0.03


Tree=176
num_leaves=14
num_cat=0
split_feature=65 318 318 312 138 18 202 131 181 199 204 299 130
split_gain=2.38887 3.10194 6.41109 5.97962 6.69481 4.4778 4.00942 4.66687 4.00003 3.87049 3.58566 2.89696 2.15401
threshold=3.6750000000000003 0.87936640507688779 1.1118182608657612 -0.19258807381424428 67.077532826717189 20.685000000000006 15.091433839830669 42.900038888888893 2.6165909512500005 22.670332548311062 44.100797389476803 0.69301907017307429 14.500000000000002
decision_type=2 2 2 2 2 2 2 2 2 2 2 2 2
left_child=-1 5 3 -3 -5 6 10 -8 9 -4 -2 -10 -7
right_child=1 2 8 4 -6 12 7 -9 11 -11 -12 -13 -14
leaf_value=0.021388728025022334 -0.012204406350610549 0.017047450632843287 0.024335235800147997 0.0054434589499994974 -0.016772834198171303 -0.002839383164010242 -0.0043431451132021244 0.013534093304117209 0.0041606959628996644 0.0030551675632355885 0.0097265559969849699 -0.031258116723683414 -0.034283493708416206
leaf_weight=4.5341534465551367 18.32205021195114 7.0077249258756629 10.780613150447605 15.522864133119581 53.422909811139107 4.5309837721288186 17.1755725517869 52.383691053837538 3.7960314042866221 27.836944187059999 10.332403466105459 4.1235198900103569 3.7306519169360399
leaf_count=25 102 32 58 82 304 25 90 257 20 147 49 22 23
internal_value=5.29828e-05 -0.00036558 -0.00363156 -0.00901365 -0.0117268 0.00336337 0.00517659 0.00907688 0.00508876 0.00912078 -0.00418575 -0.0140668 -0.0176374
internal_weight=233.5 228.966 122.491 75.9535 68.9458 106.475 98.2137 69.5593 46.5371 38.6176 28.6545 7.91955 8.26164
internal_count=1236 1211 665 418 386 546 498 347 247 205 151 42 48
is_linear=0
shrinkage=0.03


Tree=177
num_leaves=11
num_cat=0
split_feature=282 262 154 263 299 106 195 215 134 306
split_gain=2.35753 3.22496 3.15724 2.98706 3.78405 4.1964 3.95793 2.97377 2.0432 1.76516
threshold=0.018137056739739459 0.018305915860172387 0.16614813275000004 -0.90841355905861365 0.32607483162703127 -0.10939999999999998 1.1399160259703016 3.213602121435112 2.5441305010893251 1.0390602826470499
decision_type=2 2 2 2 2 2 2 2 2 2
left_child=1 -1 9 -4 6 -6 -5 -3 -9 -2
right_child=2 7 3 4 5 -7 -8 8 -10 -11
leaf_value=0.008604504596554827 0.032525717207989149 -0.033095388330202646 -0.025532544767900529 -0.0043000055193176427 -0.0070324871875625103 0.0025968509961865256 0.019991309266005921 0.012612509392980706 -0.020414682796038086 0.0032722449472297531
leaf_weight=5.4336691983044174 4.2213003486394873 6.3042351361364108 3.8718758039176455 9.0413997098803538 63.153073323890567 113.87591512687504 16.882354835048318 3.2132520545274019 3.2519170790910721 3.7376821413636208
leaf_count=29 21 39 26 45 347 582 84 19 23 21
internal_value=5.17685e-05 -0.0102702 0.000944896 0.000212306 0.000730566 -0.0008234 0.01142 -0.0185394 -0.00360081 0.0193711
internal_weight=232.987 18.2031 214.784 206.825 202.953 177.029 25.9238 12.7694 6.46517 7.95898
internal_count=1236 110 1126 1084 1058 929 129 81 42 42
is_linear=0
shrinkage=0.03


Tree=178
num_leaves=12
num_cat=0
split_feature=48 46 196 207 1 59 101 313 139 302 287
split_gain=2.38481 3.05398 4.37826 3.86814 4.51681 3.68614 4.63883 3.65787 3.47065 3.62973 2.88762
threshold=-0.26059999999999994 0.63675000000000015 3.2330592010694299 0.24906744335939415 79.710000000000022 9.8450000000000006 0.48115000000000008 0.29199464751051613 56.179411500000008 -0.10159999999999998 -1.4250000000000005
decision_type=2 2 2 2 2 2 2 2 2 2 2
left_child=10 3 5 4 7 -3 -7 -2 -4 -10 -1
right_child=1 2 8 -5 -6 6 -8 -9 9 -11 -12
leaf_value=-0.0047891001858385279 -0.0026095717387491467 0.0081586671886860057 0.029775029983956931 0.025510153164212287 0.023491466610285582 -0.034316800406038059 0.0049019397395997548 0.0091890868646769264 0.01788682488607064 -0.024501134229603549 0.031371372783116844
leaf_weight=3.1893795803189278 155.78306185640395 3.5345933921635213 3.4699064418673498 5.451863817870616 7.0527685992419711 11.331616150215266 3.3621153682470313 27.729756627231836 3.0276126936078072 4.1362060010433197 4.5871658176183692
leaf_count=18 813 18 15 26 37 76 19 144 16 27 27
internal_value=5.01079e-05 -0.000505054 -0.0096066 0.000823996 8.90095e-05 -0.0185326 -0.0251678 -0.00080636 0.00544501 -0.00617427 0.0162876
internal_weight=232.656 224.88 28.8621 196.017 190.566 18.2283 14.6937 183.513 10.6337 7.16382 7.77655
internal_count=1236 1191 171 1020 994 113 95 957 58 43 45
is_linear=0
shrinkage=0.03


Tree=179
num_leaves=13
num_cat=0
split_feature=310 200 132 276 120 268 58 0 307 195 278 210
split_gain=2.3783 3.52226 3.27368 3.19582 4.67684 4.77101 3.35014 3.31323 2.19154 1.93941 1.26218 0.709499
threshold=0.087141989315513882 30.628693158079034 105.34610000000002 1.0473732011311518 11985.370000000001 0.30030660866643849 4.8850000000000007 78.875000000000014 0.17045175572256913 3.5729964804433982 -0.010568832443870097 2.7740375938425852
decision_type=2 2 2 2 2 2 2 2 2 2 2 2
left_child=2 -2 3 6 5 -5 9 -8 11 -1 -10 -3
right_child=1 8 -4 4 -6 -7 7 -9 10 -11 -12 -13
leaf_value=0.028858536117716587 0.010165897018821006 -0.037996643682172794 0.02433462852995746 0.018086672825740335 -0.018452713553642919 -0.0083599485832735899 -0.0034509561414086663 0.015126500664569258 0.01163817817945197 -0.00055541703907109401 -0.017238196122168897 -0.01501823467346659
leaf_weight=4.9226783439517012 4.9627873487770584 4.4155663996934873 5.1488295942544928 26.636107813566923 5.0503983050584784 7.7302716337144366 153.43075727671385 9.0103795006871206 2.3371495325118303 3.0386131256818771 2.8559124153107405 2.6616898905485868
leaf_count=32 30 34 27 135 29 45 779 43 19 17 22 24
internal_value=5.0819e-05 -0.0106256 0.000925197 0.000325134 0.00802362 0.0120438 -0.00144171 -0.00239336 -0.0192916 0.0173922 -0.00370119 -0.0301023
internal_weight=232.201 17.2331 214.968 209.819 39.4168 34.3664 170.402 162.441 12.2703 7.96129 5.19306 7.07726
internal_count=1236 129 1107 1080 209 180 871 822 99 49 41 58
is_linear=0
shrinkage=0.03


Tree=180
num_leaves=15
num_cat=0
split_feature=264 287 165 200 285 67 14 148 312 14 267 174 200 204
split_gain=2.32242 3.32949 4.56577 7.03956 4.983 4.6901 6.80757 4.15955 3.67945 4.36813 4.48734 3.91878 3.61056 2.30822
threshold=-4.4633185101721802 -0.37499999999999994 -0.21313016670000007 24.473273686529719 -5.5299999999999967 0.59975000000000012 22.275000000000002 2021.5000000000002 -0.18509954193093728 15.225000000000001 -1.2506957771520593 0.060333172400000003 32.136077298964715 21.805025305737292
decision_type=2 2 2 2 2 2 2 2 2 2 2 2 2 2
left_child=13 8 3 -3 -5 7 -7 -4 11 10 -10 -2 -11 -1
right_child=1 2 5 4 -6 6 -8 -9 9 12 -12 -13 -14 -15
leaf_value=-0.031247160812491844 -0.0040393118555380417 0.028361944607178325 0.020867116852565839 0.019273641623924909 -0.012946483316290827 -0.013663841866640946 0.026013086842649018 -0.00046436053833274902 0.0050398395998022625 0.012575028789310029 -0.027672547666340669 0.033330077747146976 -0.0040519161069004642 0.001892131346740129
leaf_weight=4.0732860695570698 4.7550090178847295 5.3574149385094634 31.452679619193077 4.8983693253248921 29.61784989386797 13.769398039206864 5.2924287766218177 10.754545621573923 5.1562068238854435 13.552691891789435 12.436540195718406 4.9585650414228439 82.626575818285346 3.1460946314036846
leaf_count=24 26 28 148 25 161 79 27 71 25 67 71 21 442 21
internal_value=4.87177e-05 0.000603223 0.0046474 -0.00319265 -0.00824483 0.00979545 -0.0024129 0.0153726 -0.00268603 -0.00422356 -0.0179411 0.0148765 -0.00166721 -0.0165672
internal_weight=231.848 224.628 101.143 39.8736 34.5162 61.2691 19.0618 42.2072 123.486 113.772 17.5927 9.71357 96.1793 7.21938
internal_count=1236 1191 539 214 186 325 106 219 652 605 96 47 509 45
is_linear=0
shrinkage=0.03


Tree=181
num_leaves=14
num_cat=0
split_feature=310 132 112 41 76 207 140 185 176 313 192 199 44
split_gain=2.31242 2.94341 4.5624 4.64153 4.21011 5.18822 4.59221 3.88955 3.41554 3.13006 2.15852 1.92887 0.978839
threshold=0.30622850432010745 66.658425000000008 0.52915000000000012 20201221.500000004 10.430450000000002 0.20240372197112375 3.1143494560500002 1.1296962262250003 5.5037452340500019 0.2940517751148885 3.4915842153849286 23.480797017325816 0.14027543859649125
decision_type=2 2 2 2 2 2 2 2 2 2 2 2 2
left_child=1 4 3 -3 5 7 -6 -1 -5 -8 -4 -2 -12
right_child=11 2 10 8 6 -7 9 -9 -10 -11 12 -13 -14
leaf_value=0.0022788384410003019 0.00096966320519065001 -0.02947510109310833 0.0051458718503790898 -0.011692941524717709 0.018835012041223165 0.031621490797754871 -0.025583201521169562 -0.0091252371670645718 0.02195750748454408 -0.0011099068827014303 0.037548192979163196 -0.035488285359367031 0.015598382507789769
leaf_weight=132.65394500084221 2.038456790149211 4.0695008933544186 5.6156384348869315 4.5062544178217632 3.5046207308769253 4.6944226697087279 14.351660147309305 33.660400170832872 6.3020079359412193 7.3765855282545081 5.7905185595154745 2.8833754733204842 3.8517014048993587
leaf_count=676 14 21 30 29 18 20 91 189 32 37 29 30 20
internal_value=4.83109e-05 0.000507691 0.00922903 -0.00241591 -0.000820331 0.000853609 -0.012242 -1.53044e-05 0.00767413 -0.0174553 0.020721 -0.0200726 0.0293381
internal_weight=231.299 226.377 30.1356 14.8778 196.242 171.009 25.2329 166.314 10.8083 21.7282 15.2579 4.92183 9.64222
internal_count=1236 1192 161 82 1031 885 146 865 61 128 79 44 49
is_linear=0
shrinkage=0.03


Tree=182
num_leaves=12
num_cat=0
split_feature=13 304 14 305 54 292 118 74 106 210 210
split_gain=2.27472 5.32113 4.69958 3.37833 5.23533 5.04806 4.85398 4.67966 3.99467 2.96059 1.79537
threshold=24.975000000000005 1.0376396915483914 23.175000000000004 0.94168338027476872 0.54180000000000017 -3.3799999999999994 6823.8200000000006 150.83275000000003 -0.24634999999999999 -8.5629849946348209 -13.295363984370399
decision_type=2 2 2 2 2 2 2 2 2 2 2
left_child=2 10 3 7 6 -6 -5 8 -1 -4 -2
right_child=1 -3 9 4 5 -7 -8 -9 -10 -11 -12
leaf_value=-0.0060832993893745347 -0.0088971114512677515 0.0075664572350888151 0.033058078051689511 -0.0030695608656496 0.0064220907727106204 -0.018211612469725216 0.012146207874527745 0.029536504534821408 0.0098491105935497279 0.004138140962048259 -0.039341076181554281
leaf_weight=25.554105849936604 3.2701146006584159 7.0346759576350442 6.2261847034096718 74.448845561593771 9.7032187860459072 29.941995367407799 25.1286984924227 6.440001878887414 31.223015185445547 7.032908193767069 4.8240137994289389
leaf_count=137 20 38 30 383 57 179 127 35 163 39 28
internal_value=4.7583e-05 -0.0111444 0.000851275 -0.000271276 -0.00289655 -0.012106 0.000748421 0.00545841 0.00262746 0.0180887 -0.0276662
internal_weight=230.828 15.1288 215.699 202.44 139.223 39.6452 99.5775 63.2171 56.7771 13.2591 8.09413
internal_count=1236 86 1150 1081 746 236 510 335 300 69 48
is_linear=0
shrinkage=0.03


Tree=183
num_leaves=9
num_cat=0
split_feature=74 303 149 159 204 215 315 215
split_gain=2.29 2.77783 2.99174 3.46595 3.96662 3.03699 2.74131 1.21781
threshold=508.84570000000008 1.1552604006831293 2.4062547741000002 0.19926990515000004 49.62604641233083 4.3373264407766667 0.5458333333333335 -1.3747453988820404
decision_type=2 2 2 2 2 2 2 2
left_child=1 2 -1 4 -4 -5 7 -3
right_child=-2 6 3 5 -6 -7 -8 -9
leaf_value=0.024941225231051852 -0.022824441873014287 -0.0089458573352544975 -0.018390120009673442 -0.0012191625165285729 0.018127397436302217 0.0064223100259377733 0.007083197472842564 -0.0365715659642473
leaf_weight=4.5736264288425437 3.768865291029214 2.8891644179821014 14.918068056926133 116.27930536493659 3.0943181365728369 77.693988488987088 3.2214481215924025 3.9380895383656007
leaf_count=23 25 22 92 594 20 415 16 29
internal_value=4.69474e-05 0.000450469 0.00118166 0.000643383 -0.0118858 0.00182782 -0.0148682 -0.0256119
internal_weight=230.377 226.608 216.559 211.986 18.0124 193.973 10.0487 6.82725
internal_count=1236 1211 1144 1121 112 1009 67 51
is_linear=0
shrinkage=0.03


Tree=184
num_leaves=16
num_cat=0
split_feature=46 44 46 207 44 195 63 214 305 90 282 136 0 177 41
split_gain=2.25485 3.9994 3.54686 5.62614 5.19905 6.64944 4.11238 4.57464 4.20391 3.8883 4.02644 3.28216 5.16265 4.12872 3.24916
threshold=0.23515000000000003 0.0045000000000000014 0.34590000000000004 0.039763093838315673 -0.052649999999999995 6.6848659135051571 16.310000000000006 -6.2005292807792998 0.91176064946870206 89893107.320000008 0.060843782999832619 4.1565631578947366 79.440000000000012 1.5167854943500003 20230406.500000004
decision_type=2 2 2 2 2 2 2 2 2 2 2 2 2 2 2
left_child=1 -1 3 4 -2 -6 7 14 -9 10 -5 12 -8 -13 -4
right_child=2 -3 6 9 5 -7 11 8 -10 -11 -12 13 -14 -15 -16
leaf_value=-0.0034495918286781436 0.013275580811781679 0.031563560695837566 -0.010232990352382442 -0.011972722708517498 -0.031481150626903903 0.011388482063783425 -0.013776560591619332 0.028953338020983634 0.0072292406409175444 -0.018579009205710054 0.0237363663851448 -0.0026040019385042772 0.022001747189223923 0.015332988101955804 0.018372247125130373
leaf_weight=5.9813888967037183 3.956761151552203 5.3926722630858421 17.979087818413976 3.8919202461838749 17.214440342038873 3.8400139547884455 32.669115180149674 10.164656698703764 40.517696177586913 4.6775217074900857 9.211544990539549 51.643108431249857 3.9332247450947753 14.726673200726507 4.3062081616371861
leaf_count=34 22 27 89 22 94 18 189 56 202 28 45 294 17 73 26
internal_value=4.41992e-05 0.0130198 -0.000622464 -0.00836715 -0.0175361 -0.0235037 0.00124784 0.0067031 0.0116937 0.00438826 0.0128927 -0.00259148 -0.00980068 0.00134795 -0.00451418
internal_weight=230.106 11.3741 218.732 42.7922 25.0112 21.0545 175.94 72.9676 50.6824 17.781 13.1035 102.972 36.6023 66.3698 22.2853
internal_count=1236 61 1175 229 134 112 946 373 258 95 67 573 206 367 115
is_linear=0
shrinkage=0.03


Tree=185
num_leaves=7
num_cat=0
split_feature=292 292 77 54 13 303
split_gain=2.29498 2.82129 2.93861 3.89905 3.01005 3.30872
threshold=-7.6899999999999986 -6.9399999999999995 12.460000000000003 0.43970000000000004 25.725000000000005 1.2229510629978841
decision_type=2 2 2 2 2 2
left_child=-1 -2 3 -3 5 -4
right_child=1 2 4 -5 -6 -7
leaf_value=0.024406195811505844 -0.024717846716272411 0.033311689776261137 0.00052731116567749509 -0.0025334581668532506 -0.021440395363911416 -0.026984149208376305
leaf_weight=3.3314484581351271 4.0852699577808371 5.3446295596659166 201.69144925661385 5.1669840179383755 5.9724406599998465 3.9125858675688496
leaf_count=16 22 30 1075 27 37 29
internal_value=4.46812e-05 -0.000311524 0.000134846 0.0155515 -0.0006239 0
internal_weight=229.505 226.173 222.088 10.5116 211.576 205.604
internal_count=1236 1220 1198 57 1141 1104
is_linear=0
shrinkage=0.03


Tree=186
num_leaves=18
num_cat=0
split_feature=138 181 165 287 209 57 103 312 205 292 186 165 177 211 263 208 15
split_gain=2.2898 3.53793 3.4524 4.03335 4.71544 3.37557 3.33763 4.10839 3.43479 5.32377 3.04713 4.91063 5.17402 3.83199 3.59193 3.30756 2.20386
threshold=69.809271121538487 0.13806900645000003 -1.6565096656999996 -1.0499999999999978 4.5391366013128245 0.45891566265060246 -0.035549999999999991 -0.13767711962833909 0.68792805362357123 1.4399999999999997 -0.6605842383749968 0.8359803574500001 1.0721691825500002 192.56959343574897 -0.060005011146683052 -4.4147085586315979 18.940000000000001
decision_type=2 2 2 2 2 2 2 2 2 2 2 2 2 2 2 2 2
left_child=1 -1 -3 4 -4 -5 7 -2 16 -10 13 15 -13 14 -8 -12 -9
right_child=6 2 3 5 -6 -7 10 8 9 -11 11 12 -14 -15 -16 -17 -18
leaf_value=-0.016930094168795744 0.013729910475775691 -0.011666428666610907 -0.012718379207834246 0 0.025823422498936471 0.026161183579008387 -0.0094084566687169732 -0.027877049090457868 0.0014786649353201299 -0.037783414951940299 0.027512852083787682 0.013867877476004193 -0.031936766188208135 -0.026909913538070252 0.0033949647210332707 0.0042362233385557849 -0.0018325469495351369
leaf_weight=5.2636108584702006 6.4004225358366957 6.1286682672798625 9.2252992056310159 5.6091344058513668 4.0120347552001467 17.765604870393872 27.377748247236013 13.25590017065406 20.639967102557424 3.53460394963622 11.733417270705107 4.0925899520516378 4.5097386948764324 4.9990268424153319 69.65953703224659 10.989650551229715 4.086103778332471
leaf_count=29 34 31 49 31 20 91 154 81 122 23 60 21 27 27 353 59 24
internal_value=4.24e-05 0.005874 0.00878537 0.0123131 -0.000705979 0.0197853 -0.00148771 -0.00827633 -0.0117659 -0.00427032 0.000933339 0.00911592 -0.00989136 -0.00155583 -0.000192429 0.0164548 -0.0219582
internal_weight=229.283 48.0044 42.7407 36.6121 13.2373 23.3747 181.279 47.917 41.5166 24.1746 133.362 31.3254 8.60233 102.036 97.0373 22.7231 17.342
internal_count=1236 251 222 191 69 122 985 284 250 145 701 167 48 534 507 119 105
is_linear=0
shrinkage=0.03


Tree=187
num_leaves=23
num_cat=0
split_feature=313 317 213 62 215 174 106 269 172 206 43 12 313 293 22 66 111 318 24 112 156 16
split_gain=2.26312 4.81134 3.79322 3.70951 3.71823 3.6612 3.66099 4.64713 4.48258 4.98677 4.46364 4.33994 3.80463 4.68919 3.38036 3.30426 4.88595 4.57585 2.52988 2.50846 2.09976 0.523461
threshold=0.27997802381743125 0.20764871907455398 6.2504222757220953 19.545000000000005 3.3295371921512777 -0.84977068619999996 -0.13174999999999998 -2.7667679313809725 5.2872409158500009 -1.0000000180025095e-35 0.57545000000000013 18.375000000000004 0.25695215083010908 0.56957659026331853 -0.83499999999999985 1.635 0.047550000000000002 0.93675662205644017 -0.23499999999999996 0.52085000000000015 -0.063892238799999973 17.185000000000006
decision_type=2 2 2 2 2 2 2 2 2 2 2 2 2 2 2 2 2 2 2 2 2 2
left_child=6 3 -3 5 14 -2 7 11 15 -10 -11 20 13 -9 -5 16 -8 -17 -6 -4 -1 -7
right_child=1 2 19 4 18 21 8 12 9 10 -12 -13 -14 -15 -16 17 -18 -19 -20 -21 -22 -23
leaf_value=0.038628862097915634 -0.0033522912531791359 -0.03257861965714802 -0.01688854636227825 0.0073418315812040762 0.030873499587495704 0.036992161719049434 0.018634382299427696 0.0034240192952134027 0.038922154933139406 0.020345094350915111 -0.011448598197200047 -0.012449244682157841 0.010789667822287137 -0.019552259412916252 -0.025300387949447663 0.00041183848589917927 -0.0038136626202251245 -0.017167198685724798 0 0.015230826979151799 0.0074375685590005155 0.020387231908031676
leaf_weight=3.6367977336049071 3.4217923581600198 4.2522146999835959 3.6644408181309682 5.6132069006562197 5.1665673293173313 7.0312367081642115 15.631602033972738 10.032679397612808 5.3783144354820278 8.3281440585851652 7.3168396409600964 5.4035386629402629 5.921462330967187 35.141093557700515 5.4438354037702137 39.582389943301678 19.164097242057323 19.748910326510668 4.6352299191057664 5.0769870281219482 4.7982820719480506 4.3170365579426289
leaf_count=18 18 23 19 26 28 39 78 52 21 41 39 33 31 205 31 212 100 114 24 30 30 24
internal_value=3.91916e-05 0.00578829 -0.00966234 0.0115183 0.00317244 0.0230022 -0.00149876 -0.00719801 0.0016925 0.0141922 0.00530702 0.00805422 -0.0113952 -0.0143869 -0.0085431 -0.00107958 0.00620942 -0.00540805 0.0166441 0.00138822 0.0215323 0.0311707
internal_weight=228.707 48.6225 12.9936 35.6289 20.8588 14.7701 180.084 64.9339 115.15 21.0233 15.645 13.8386 51.0952 45.1738 11.057 94.127 34.7957 59.3313 9.8018 8.74143 8.43508 11.3483
internal_count=1236 262 72 190 109 81 974 369 605 101 80 81 288 257 57 504 178 326 52 49 48 63
is_linear=0
shrinkage=0.03


Tree=188
num_leaves=19
num_cat=0
split_feature=112 53 51 76 293 119 177 285 205 287 315 200 17 186 11 206 113 106
split_gain=2.25218 3.2114 3.55853 2.9076 3.07832 2.85631 4.69821 4.67097 4.67269 4.43308 4.33781 3.79489 3.2949 3.70585 3.55387 2.78334 1.80277 0.50336
threshold=0.55415000000000014 0.4811457983193278 -0.084949999999999984 6.0526000000000009 1.5635472286492849 7365.8000000000011 0.12072636880000001 -4.6799999999999953 0.61415957993360515 0.67500000000000082 0.57916666666666672 29.493933216824036 13.185 -1.1480279305999999 22.875000000000004 3.4726226258668382 0.26730000000000004 0.16650000000000004
decision_type=2 2 2 2 2 2 2 2 2 2 2 2 2 2 2 2 2 2
left_child=5 2 -2 16 -5 10 -7 8 -8 -9 12 -12 13 -1 -14 -13 -3 -18
right_child=1 3 -4 4 -6 6 7 9 -10 -11 11 15 14 -15 -16 -17 17 -19
leaf_value=0.033238141842765231 0.013665019037627096 0.00096948893238740818 -0.028769345680733794 0.015779638726713181 -0.017986938119312987 -0.020931145830158652 0 -0.0086047058127424123 0.03329737868094873 0.019207373498581013 0.0090786598843576056 -0.012683378337835879 -0.0054350298064487698 -0.0031531373396269748 0.0062435052212909143 -0.041426885790475536 0.016001248588506056 0.033637297499287476
leaf_weight=4.9993801712989807 3.0273426659405231 3.0207077041268375 3.8783314656466272 5.3289378061890584 4.289453312754631 5.1849155202507964 6.1185340210795429 15.833180317655208 10.443991366773842 7.5215052030980578 3.646177493035796 8.0453164875507337 95.573828652501106 4.6761438995599729 30.776251811534166 5.397187376394867 3.2446421273052675 6.8251359052956104
leaf_count=23 17 17 25 28 27 29 33 90 49 38 17 44 531 25 154 31 18 40
internal_value=4.16473e-05 0.00775653 -0.00980902 0.0132493 0.000382147 -0.0010992 0.00550465 0.00905714 0.0211944 0.000268124 -0.00306637 -0.0172806 -0.00124723 0.0154911 -0.00256397 -0.0246662 0.0224015 0.0284629
internal_weight=227.831 29.6146 6.90567 22.7089 9.61839 198.216 45.1021 39.9172 16.5625 23.3547 153.114 17.0887 136.026 9.67552 126.35 13.4425 13.0905 10.0698
internal_count=1236 172 42 130 55 1064 239 210 82 128 825 92 733 48 685 75 75 58
is_linear=0
shrinkage=0.03


Tree=189
num_leaves=11
num_cat=0
split_feature=48 287 265 265 116 313 106 317 110 263
split_gain=2.22645 2.67775 2.6427 4.44185 4.11554 3.25466 5.2688 3.96489 2.71368 0.427036
threshold=-0.26059999999999994 -1.4250000000000005 0.72575851042959738 0.59476465896514996 0.46200000000000008 0.27997802381743125 -0.24929999999999999 0.20764871907455398 0.22020000000000003 -1.0000000180025095e-35
decision_type=2 2 2 2 2 2 2 2 2 2
left_child=1 -1 3 5 -4 6 -2 -7 9 -6
right_child=2 -3 4 -5 8 7 -8 -9 -10 -11
leaf_value=-0.0044453994460176716 -0.011878492230331682 0.030832530821175829 0.014270188801122173 0.025136958429526023 -0.018355718101166759 0.012921545925133806 0.00086303910055290651 -0.0077965767227458601 -0.002845289460573973 -0.036593595508271286
leaf_weight=3.1184565424919128 38.82388036698103 4.4191024750471106 4.0955755263566997 6.2672029174864283 3.0716950464993715 29.792047427967191 115.60310811549425 11.24689359590411 5.7285671159625045 5.0888394359499198
leaf_count=18 220 27 21 30 23 159 609 61 33 35
internal_value=4.20252e-05 0.0159774 -0.000498019 0.00047235 -0.0114909 -0.000315577 -0.00232646 0.00716558 -0.0193494 -0.0303972
internal_weight=227.255 7.53756 219.718 201.733 17.9847 195.466 154.427 41.0389 13.8891 8.16053
internal_count=1236 45 1191 1079 112 1049 829 220 91 58
is_linear=0
shrinkage=0.03


Tree=190
num_leaves=16
num_cat=0
split_feature=138 181 196 156 287 313 103 312 205 292 287 110 277 202 261
split_gain=2.21945 3.31686 3.52985 3.89101 3.94002 3.12297 3.05669 3.78717 3.23576 5.03236 2.9482 4.22186 4.19135 3.20928 2.47432
threshold=69.809271121538487 0.13806900645000003 4.6795007907337407 -2.1951615773499995 -0.52500000000000024 0.2277832557778634 -0.035549999999999991 -0.13767711962833909 0.68792805362357123 1.4399999999999997 -4.7999999999999989 0.075525000000000009 1.926628335369414 20.864122495568029 0.08224496117852402
decision_type=2 2 2 2 2 2 2 2 2 2 2 2 2 2 2
left_child=1 -1 3 -3 -5 -4 7 -2 14 -10 11 -8 13 -12 -9
right_child=6 2 5 4 -6 -7 10 8 9 -11 12 -13 -14 -15 -16
leaf_value=-0.016400182088280289 0.013189053602819781 -0.018537636276644648 0.041485947377107195 -0.004867061514747118 0.018188414600886296 0.0065759182963700388 0.0030699890875293266 -0.0051315370498122822 0.0014887713928296523 -0.037169293021986183 -0.0046082827106247509 -0.039386943485073572 0.026794356155359047 0.0053021894642840545 -0.029783454610726248
leaf_weight=5.1973183155059806 6.3435665369033805 5.6276525966823057 4.8236027192324382 11.116360146552323 15.862923823297029 4.8712468594312668 4.3450716845691186 6.0047736987471607 20.441965155303482 3.4339040555059901 53.77179073356092 3.7668586187064648 5.7644316218793383 64.430202167481184 11.074838839471338
leaf_count=29 34 30 21 61 84 26 24 33 122 23 288 23 31 335 72
internal_value=4.00014e-05 0.00581201 0.00864405 0.00377817 0.00859512 0.0244977 -0.0014741 -0.00801573 -0.0113973 -0.00407787 0.000850148 -0.0165196 0.00202334 0.00076833 -0.0213714
internal_weight=226.877 47.4991 42.3018 32.6069 26.9793 9.69485 179.377 47.299 40.9555 23.8759 132.078 8.11193 123.966 118.202 17.0796
internal_count=1236 251 222 175 145 47 985 284 250 145 701 47 654 623 105
is_linear=0
shrinkage=0.03


Tree=191
num_leaves=16
num_cat=0
split_feature=264 262 179 186 160 159 300 272 313 106 317 280 100 211 90
split_gain=2.19112 3.24403 4.25672 3.90472 3.80008 2.82648 3.99011 4.36441 3.13657 4.05134 3.51648 2.74447 2.16781 1.75121 2.85921
threshold=-4.4633185101721802 -0.028865604801158181 0.87300763445000007 10.598470880400006 2.9232874640500004 0.48142598300000006 1.0316168741157083 -0.89250845207418128 0.29514816239687586 -0.20889999999999997 0.20764871907455398 0.51513314013646283 3968.5200000000004 -29.645774144800978 16205091.200000001
decision_type=2 2 2 2 2 2 2 2 2 2 2 2 2 2 2
left_child=12 2 13 4 -4 6 11 -8 9 -7 -10 -3 -1 -2 -15
right_child=1 5 3 -5 -6 8 7 -9 10 -11 -12 -13 -14 14 -16
leaf_value=-0.03298053415417878 0.036800632119998754 -0.0081451911302819931 0.0039146725416923387 0.025667940595870832 -0.03086196574740541 -0.0092706840655801415 0.026526861161832831 -0.0099334320108514697 0.016117191167643357 0.0020957054758761317 -0.0092347162220354998 -0.035525361037427629 0 0.029962025805966928 -0.0042709270184483504
leaf_weight=3.4389058426022521 4.9161949791014186 7.6869018934667128 7.0630388110876066 3.6692030020058146 4.4649063237011433 39.476177379488945 4.3022854775190345 8.8054259903728944 20.428322974592451 97.633311998099089 6.2430254817008963 6.3155956603586674 3.5411318670958281 4.3235439024865645 4.0563252940773964
leaf_count=22 26 52 39 19 24 222 24 55 105 502 35 42 23 23 23
internal_value=3.7718e-05 0.000580784 0.0100126 -0.000659819 -0.0094463 -0.000815849 -0.00977665 0.00191686 0.000654164 -0.00115938 0.0100586 -0.0208716 -0.0163744 0.0223488 0.0131826
internal_weight=226.364 219.384 28.4932 15.1971 11.5279 190.891 27.1102 13.1077 163.781 137.109 26.6713 14.0025 6.98004 13.2961 8.37987
internal_count=1236 1191 154 82 63 1037 173 79 864 724 140 94 45 72 46
is_linear=0
shrinkage=0.03


Tree=192
num_leaves=19
num_cat=0
split_feature=137 18 306 60 131 313 90 60 57 306 43 193 114 131 137 204 280 70
split_gain=2.17776 4.59089 4.58424 3.71901 3.95268 3.68356 3.59224 3.58472 3.30544 3.20405 5.81482 5.72614 5.01903 4.45458 3.6787 3.10542 3.35924 1.12025
threshold=2.6964500000000005 15.940000000000003 0.7580803647151465 6.0145000000000008 62.67070681818182 0.15185821667532318 7168437.0600000015 6.0850000000000009 0.43687550200803221 1.0228782490702806 -0.084399999999999989 1.0552151430795871 0.10495 49.977037954545466 1.7832250000000001 47.022714661607175 -3.7412978510965789 20230726.000000004
decision_type=2 2 2 2 2 2 2 2 2 2 2 2 2 2 2 2 2 2
left_child=5 7 -3 -4 -5 6 -1 -2 -8 12 -11 -12 14 -14 -7 16 -9 -10
right_child=1 2 3 4 -6 9 8 15 17 10 11 -13 13 -15 -16 -17 -18 -19
leaf_value=0.012070528849223499 -0.017824047229953649 0.016779846072821458 0.019105163270306515 -0.018533790823267528 -0.0033544401167390696 0.0056204802641363757 0.0056147286342332582 -0.019171318129698051 -0.039813869745180246 -0.025317853343247494 -0.010287208528816764 0.017744843272337441 0.010080230108493205 -0.027864152286051175 0.027547513700707876 0.029274708432517005 0.0064036400181390601 -0.015481431621998396
leaf_weight=4.89738426730037 6.1525984928011885 6.2357913255691519 3.622794732451438 33.769830720499158 29.500287001952529 12.122146259993317 3.4965962693095198 4.9949867147952309 4.1353745125234109 6.6276284381747237 11.132560549303891 15.426627267152069 6.9946697782725078 4.4356536194682121 17.364755153656006 4.6808552742004386 46.136779116466641 4.1396496761590242
leaf_count=27 31 32 19 186 168 65 20 29 26 35 66 77 36 24 91 27 245 32
internal_value=3.60893e-05 -0.00236455 -0.00746416 -0.00979065 -0.0115201 0.00364055 -0.00898965 0.00360778 -0.018032 0.00653031 -0.000311332 0.00588787 0.0121397 -0.00449825 0.0186841 0.00605166 0.00381416 -0.0283298
internal_weight=225.867 135.094 73.1287 66.8929 63.2701 90.773 16.669 61.9652 11.7716 74.104 33.1868 26.5592 40.9172 11.4303 29.4869 55.8126 51.1318 8.27502
internal_count=1236 737 405 373 354 499 105 332 78 394 178 143 216 60 156 301 274 58
is_linear=0
shrinkage=0.03


Tree=193
num_leaves=14
num_cat=0
split_feature=65 318 318 312 138 273 113 12 195 284 66 14 39
split_gain=2.16832 2.82387 5.74483 5.02382 5.84766 3.93105 5.12762 4.00436 3.76137 3.34555 3.56765 3.05722 2.3652
threshold=3.6750000000000003 0.87936640507688779 1.1118182608657612 -0.21774265960312464 67.077532826717189 1.3882817778802672 0.28745000000000004 16.425000000000004 -0.17777308924686899 -2.4399999999999973 4.9500000000000002 18.525000000000002 -0.062899999999999998
decision_type=2 2 2 2 2 2 2 2 2 2 2 2 2
left_child=-1 5 3 -3 -5 6 7 -2 -8 11 -11 -4 -7
right_child=1 2 9 4 -6 12 8 -9 -10 10 -12 -13 -14
leaf_value=0.020858259436465007 0.012185871621009151 0.016872744860091653 -0.0095015094995838986 0.0051921482910670981 -0.01590932291750561 -0.029689943497489251 -0.0026873176443214216 -0.010331621028043027 0.014703867215443176 0.023842619108975546 -0.0044799031683296128 0.011434757401493868 0.0012704064063807365
leaf_weight=4.3173711076378813 9.6804909296333772 6.1309543997049323 17.039074033498768 14.980028817430137 52.041607294231653 4.8324531242251396 14.496044918894766 25.323403721675277 44.906879253685474 12.36631563678384 5.6159074231982222 9.7453203387558442 3.7016139850020391
leaf_count=25 48 29 96 82 307 30 76 145 227 73 29 49 20
internal_value=3.48098e-05 -0.000367925 -0.00354817 -0.00873835 -0.0111475 0.00324585 0.00503741 -0.00400187 0.0104121 0.00486675 0.0148556 -0.0017582 -0.0160544
internal_weight=225.177 220.86 117.919 73.1526 67.0216 102.941 94.4068 35.0039 59.4029 44.7666 17.9822 26.7844 8.53407
internal_count=1236 1211 665 418 389 546 496 193 303 247 102 145 50
is_linear=0
shrinkage=0.03


Tree=194
num_leaves=9
num_cat=0
split_feature=74 291 13 261 107 134 66 113
split_gain=2.13701 2.59558 2.99461 2.89983 3.07837 2.82824 2.5846 0.471174
threshold=508.84570000000008 -6.2449999999999992 25.725000000000005 1.4571970801357359 -0.12864999999999996 2.0606488636363642 1.3250000000000004 0.33640000000000009
decision_type=2 2 2 2 2 2 2 2
left_child=1 5 3 4 -3 -1 -7 -8
right_child=-2 2 -4 -5 -6 6 7 -9
leaf_value=0.0094455430586751314 -0.022405982609082414 -0.0092155008753639894 -0.019910705693137701 0.028189127268087203 0.0027432038975827443 0.0004669636219720369 -0.037650309484737673 -0.017755677188545559
leaf_weight=3.8489102870225897 3.6505502499639979 21.598603988066316 5.6981136109679928 3.626275695860385 175.70302005112171 3.4557910244911891 4.1554911211133003 2.8725066445767879
leaf_count=20 25 125 37 17 945 19 29 19
internal_value=3.48085e-05 0.000429101 0.00130074 0.0019268 0.00141488 -0.0118508 -0.0199682 -0.030303
internal_weight=224.609 220.959 206.626 200.928 197.302 14.3327 10.4838 7.028
internal_count=1236 1211 1124 1087 1070 87 67 48
is_linear=0
shrinkage=0.03


Tree=195
num_leaves=7
num_cat=0
split_feature=304 181 263 297 278 132
split_gain=2.14617 2.51103 2.81129 2.76185 3.97034 2.87348
threshold=0.80759572489241316 0.034288336900000008 -0.90841355905861365 1.3434841405462512 1.4786992479078698 21.532850000000007
decision_type=2 2 2 2 2 2
left_child=-1 -2 -3 4 -4 -5
right_child=1 2 3 5 -6 -7
leaf_value=0.020168037620609574 -0.020065604748131259 -0.024567670448425952 0.0012372386675674099 0.015715551992124786 0.017056260197136484 -0.0058825147097454197
leaf_weight=4.5703351497650138 5.584250956773757 3.9647868983447543 121.13921307586133 5.8846370726823798 16.187075786292553 67.04425348713994
leaf_count=25 34 28 644 35 81 389
internal_value=3.18276e-05 -0.000382198 0.000126031 0.0006174 0.00313476 -0.00407955
internal_weight=224.375 219.804 214.22 210.255 137.326 72.9289
internal_count=1236 1211 1177 1149 725 424
is_linear=0
shrinkage=0.03


Tree=196
num_leaves=22
num_cat=0
split_feature=112 53 76 77 119 54 191 315 262 200 49 4 101 11 284 206 131 213 16 300 3
split_gain=2.11216 2.9739 2.76022 2.97448 2.64829 4.46645 6.67264 3.97185 3.68719 3.56521 3.31348 6.20742 3.83436 3.1932 2.77085 2.68054 2.46993 2.44706 2.11881 1.44423 0.379325
threshold=0.55415000000000014 0.4811457983193278 6.0526000000000009 51.405000000000008 7365.8000000000011 0.52175000000000016 2.1123985955185485 0.57916666666666672 0.22149484834771285 29.493933216824036 0.47063813559322037 66.460000000000022 0.31360000000000005 21.375000000000004 -0.88999999999999335 3.4726226258668382 49.440861538461547 16.282263832850216 15.685 0.8502383139508084 66.365000000000009
decision_type=2 2 2 2 2 2 2 2 2 2 2 2 2 2 2 2 2 2 2 2 2
left_child=4 18 19 -4 7 6 14 10 13 -9 12 -12 -1 -7 -6 -11 -8 -10 -2 -3 -21
right_child=1 2 3 -5 5 8 16 9 17 15 11 -13 -14 -15 -16 -17 -18 -19 -20 20 -22
leaf_value=-0.00084205481710369922 0.0057957985517465673 0.0045522165752996903 -0.017831927397154567 0.015623218004202981 -0.026336895839856919 -0.032061700931037308 0.0062992863714050459 0.0089118335138950004 0.021255768358711579 -0.01212944392164441 -0.010915406751696536 0.0083561725732899834 0.015743935597946374 0.0049639635105675267 0.0084351141386902646 -0.040664495495260813 0.030528749568290586 -0.010026772059396878 -0.026938655607448632 0.034054156248804299 0.018018153816338384
leaf_weight=42.457758581265807 3.5378802716732052 3.5878088660538223 4.2470658197998983 5.2070209383964539 4.1580680646002293 6.0401207525283116 5.9684138447046307 3.604501627385619 4.9737935177981836 7.8811631537973863 53.414624156430364 20.667903378605843 17.52456882968545 2.9514408484101295 3.7510274276137379 5.2634535953402519 12.62498017400503 3.8163239359855652 3.2140847817063332 5.5347619578242284 3.7295582070946693
leaf_count=232 22 21 23 32 26 39 32 17 25 44 307 103 91 16 18 31 61 22 20 32 22
internal_value=3.09594e-05 0.00757523 0.0129014 0.000250802 -0.00108063 0.00533766 0.0131583 -0.00298743 -0.00615916 -0.0167306 -0.00123691 -0.00549447 0.00397195 -0.0196573 -0.00957167 -0.0240029 0.022987 0.00737665 -0.00951443 0.0219019 0.0281802
internal_weight=224.156 29.0582 22.3062 9.45409 195.098 44.2842 26.5025 150.814 17.7817 16.7491 134.065 74.0825 59.9823 8.99156 7.9091 13.1446 18.5934 8.79012 6.75197 12.8521 9.26432
internal_count=1236 172 130 55 1064 239 137 825 102 92 733 410 323 55 44 75 93 47 42 75 54
is_linear=0
shrinkage=0.03


Tree=197
num_leaves=16
num_cat=0
split_feature=270 262 177 186 160 14 13 75 261 191 297 204 210 90 42
split_gain=2.08327 3.01025 3.97767 3.618 3.4924 3.06975 4.24221 3.39834 4.96792 3.64998 2.33532 2.10075 1.69226 2.63572 1.52307
threshold=-4.4633185101721802 -0.028865604801158181 0.87300763445000007 10.598470880400006 2.9232874640500004 23.025000000000002 24.975000000000005 2.8932000000000007 -0.095368969675744514 7.9246235597126962 1.5794968910262459 21.805025305737292 -29.645774144800978 16205091.200000001 0.44795000000000001
decision_type=2 2 2 2 2 2 2 2 2 2 2 2 2 2 2
left_child=11 2 12 4 -4 7 10 8 -3 -9 -7 -1 -2 -14 -8
right_child=1 5 3 -5 -6 6 14 9 -10 -11 -12 -13 13 -15 -16
leaf_value=-0.030325302134414183 0.036250125917168335 -0.028563997517078343 0.0037285306249355285 0.02497541417838408 -0.029777809348926064 0.035344107602625845 0.0053324155601625831 -0.003313881222877779 0.0048298701327767991 -0.019964495011079334 0.0076676083551223363 0.0020741945799836511 0.02906521803454994 -0.0040413315817876602 -0.021842837882109153
leaf_weight=3.9058310985565177 4.7728452049195758 4.1436617262661448 7.0026707574725133 3.6003333367407313 4.4090617336332798 5.765721447765829 3.6653153896331778 83.865799522027373 68.024923039600253 13.879239883273838 5.9288850873708725 2.9559420347213745 4.2326947413384932 4.0092658549547195 3.3585565015673637
leaf_count=24 26 23 39 19 24 30 20 479 349 82 32 21 23 23 22
internal_value=3.13582e-05 0.000563537 0.00972717 -0.000620041 -0.00910267 -0.000786529 0.0106852 -0.0020735 0.00283413 -0.00572682 0.0217511 -0.0161079 0.0218048 0.0127457 -0.00736488
internal_weight=223.521 216.659 28.0269 15.0121 11.4117 188.632 18.7185 169.914 72.1686 97.745 11.6946 6.86177 13.0148 8.24196 7.02387
internal_count=1236 1191 154 82 63 1037 104 933 372 561 62 45 72 46 42
is_linear=0
shrinkage=0.03


Tree=198
num_leaves=18
num_cat=0
split_feature=313 317 295 133 60 318 299 191 301 132 282 194 113 200 213 284 168
split_gain=2.08825 4.00938 3.6254 3.422 4.45403 3.31636 5.17598 5.84226 5.14394 5.32336 5.07916 3.68123 5.31573 3.12322 2.94779 0.548203 0.0376118
threshold=0.27997802381743125 0.20764871907455398 0.89534942473991797 12.914410911233169 15.430000000000001 0.89457603411583941 2.2101945467327124 2.198486232445346 1.4236064352771856 17.109225000000002 0.17820700996865241 0.30764775927015009 0.28745000000000004 25.642031915334332 -2.1649402171957699 -0.7649999999999969 0.7169607240000001
decision_type=2 2 2 2 2 2 2 2 2 2 2 2 2 2 2 2 2
left_child=5 3 -3 -2 15 6 11 -8 9 -7 -11 13 -13 -1 -6 -5 -9
right_child=1 2 -4 4 14 8 7 16 -10 10 -12 12 -14 -15 -16 -17 -18
leaf_value=0.012163048229315156 -0.018505655857085981 -0.023728089537831724 0.0079775134545489994 0.03756236481972481 0.023248187566322048 0.016591289536913328 0.014626275718181963 -0.025399315488458044 0.022872971197629891 -0.014869329397102261 0.0047175911929199016 -0.0032112919022871831 0.013902272266316698 -0.016822150147176858 -0.00043351659888826049 0.018661062197149064 -0.039965104668884997
leaf_weight=4.5421271547675124 3.0558204427361479 6.6973621994256956 5.9514578748494387 5.9621146284043789 6.5261305198073414 7.0265635568648568 3.0881862379610521 2.9000279530882835 5.0699804536998263 53.458954954519868 15.00029882788658 25.321934804320335 44.543438201770186 11.248073555529116 15.70152325183153 3.2903092578053492 3.6310968585312366
leaf_count=23 16 39 33 32 30 35 16 19 29 323 81 141 221 64 89 23 22
internal_value=3.13265e-05 0.00564149 -0.00862926 0.0109646 0.0139699 -0.00145948 0.00230554 -0.0183841 -0.00594696 -0.00795003 -0.0105332 0.00468274 0.00766105 -0.00827155 0.00645815 0.0314329 -0.0344304
internal_weight=223.015 47.1847 12.6488 34.5359 31.4801 175.831 95.2749 9.61931 80.5558 75.4858 68.4593 85.6556 69.8654 15.7902 22.2277 9.25242 6.53112
internal_count=1236 262 72 190 174 974 506 57 468 439 404 449 362 87 119 55 41
is_linear=0
shrinkage=0.03


Tree=199
num_leaves=15
num_cat=0
split_feature=310 41 41 66 11 306 201 100 51 305 51 169 199 56
split_gain=2.05737 2.55452 3.75956 4.44765 4.93475 2.9502 3.92927 3.77135 2.48709 3.19988 2.59016 2.65612 1.74935 0.463109
threshold=0.30622850432010745 20240213.500000004 20230312.000000004 3.8300000000000005 21.825000000000003 0.8141569668731875 4.7774518698604611 7379.2400000000007 -0.069766779977137691 0.91478546677537731 0.25725000000000003 1.7096943865000001 23.480797017325816 0.13465000000000002
decision_type=2 2 2 2 2 2 2 2 2 2 2 2 2 2
left_child=1 2 5 4 -4 6 -1 -7 9 -3 13 -12 -2 -10
right_child=12 8 3 -5 -6 7 -8 -9 10 -11 11 -13 -14 -15
leaf_value=0.021777400799863317 0.00068902688844255252 0.019715524654899726 -0.012143145094575963 -0.034754454848289124 0.025448346547782746 -0.0032609745828151818 -0.0054411784909591992 0.0078178075564681419 0.035096908676256047 -0.019898159287853132 0.01517620908965992 -0.020529491104317035 -0.034803165856534736 0.0167419588632675
leaf_weight=12.713643003255131 1.9670829288661469 2.8532883152365711 15.330680742859846 5.6584263555705538 3.8191243261098853 112.164266474545 7.3146130070090285 36.547378540039062 4.7859157025814083 4.6375737152993679 6.1442966498434526 2.5405576340854168 2.6879605315625668 3.2016562558710575
leaf_count=64 14 25 93 49 18 564 37 184 31 30 56 19 30 22
internal_value=3.14894e-05 0.0004711 -0.00066439 -0.0115533 -0.00439702 0.000924632 0.0117101 -0.000514669 0.00965528 -0.00435305 0.0161165 0.00427502 -0.0194752 0.0284086
internal_weight=222.366 217.711 193.548 24.8082 19.1498 168.74 20.0283 148.712 24.1633 7.49086 16.6724 8.68485 4.65504 7.98757
internal_count=1236 1192 1009 160 111 849 101 748 183 55 128 75 44 53
is_linear=0
shrinkage=0.03


Tree=200
num_leaves=14
num_cat=0
split_feature=46 43 46 207 43 195 46 159 102 178 288 282 123
split_gain=2.03571 3.5504 3.32287 4.90316 4.56197 5.96665 3.8107 4.56761 4.80821 3.88822 3.54778 3.29065 1.72479
threshold=0.23515000000000003 0.062550000000000008 0.34590000000000004 0.039763093838315673 -0.6580999999999998 6.6848659135051571 0.40585000000000004 0.36125177285000004 0.78600000000000014 7.2460750608000017 -6.0749999999999984 0.070417591453033002 671.50000000000011
decision_type=2 2 2 2 2 2 2 2 2 2 2 2 2
left_child=1 -1 3 4 -2 -6 7 -4 -9 10 -8 -5 -13
right_child=2 -3 6 11 5 -7 9 8 -10 -11 -12 12 -14
leaf_value=-0.0029535881111020755 0.012596113555281273 0.030661623118402103 -0.014683459133632205 -0.012008531833481868 -0.030307169045124004 0.01079295925355795 0.016000269047713022 0.020448615871679291 -0.010390180348443294 0.023766861404638486 -0.0034914729212915697 0.029381680737901178 0.0037548840474118249
leaf_weight=5.8381914682686311 3.7736148834228542 5.1084270253777504 5.4768087118864051 6.7253714352846172 16.638175666332248 3.7483056224882594 8.8969938531517965 24.244326248764995 5.3904222883284083 5.333422139286994 120.38258708082139 4.1960144899785501 6.0447374768555164
leaf_count=34 22 27 34 39 94 18 48 119 27 24 694 22 34
internal_value=3.08112e-05 0.0125975 -0.000613048 -0.00826235 -0.0169397 -0.0225882 0.00122657 0.0100216 0.0147222 -0.00105092 -0.00211554 0.00394549 0.0147278
internal_weight=221.797 10.9466 210.851 41.1262 24.1601 20.3865 169.725 35.1116 29.6347 134.613 129.28 16.9661 10.2408
internal_count=1236 61 1175 229 134 112 946 180 146 766 742 95 56
is_linear=0
shrinkage=0.03


Tree=201
num_leaves=16
num_cat=0
split_feature=138 104 107 301 151 284 103 312 205 186 165 137 266 117 3
split_gain=2.04507 3.35312 5.51062 4.80882 4.32851 3.30093 3.18009 3.60722 3.15482 2.82051 4.54383 3.64054 2.57684 2.43571 2.33394
threshold=69.809271121538487 0.57500000000000007 0.15235000000000001 1.120891292060558 0.30022613435000006 -16.135000000000002 -0.035549999999999991 -0.13767711962833909 0.68792805362357123 -0.6605842383749968 0.90852941495000006 2.7167000000000003 0.10510523508472151 2941.4100000000003 65.660000000000011
decision_type=2 2 2 2 2 2 2 2 2 2 2 2 2 2 2
left_child=1 3 13 4 -1 -2 7 -7 -9 11 -11 -8 -6 -3 -5
right_child=5 2 -4 14 12 6 9 8 -10 10 -12 -13 -14 -15 -16
leaf_value=-0.010934892008820991 -0.036161958446329981 -0.03844134343164201 0.017248385180035949 -0.026300688890439117 0.015965270794065928 0.013411506848544518 0.0061245733929660585 -0.021057220170435528 -0.003698984105443334 0.016748755958264989 -0.0094454271577420201 -0.0056959888339334335 0.04076384808202798 -0.0031129275354223316 0.0047218014758835724
leaf_weight=3.9978888072073486 2.3343911319971076 4.2339929826557618 4.7133835181593895 3.7368622682988626 16.276069402694706 6.0819106288254252 38.854641724377871 16.55945447832346 23.023064658045769 21.652757186442617 7.9760061167180529 58.556880170479417 5.3137868940830222 3.3185215927660465 4.7149457931518555
leaf_count=23 16 22 25 22 88 33 209 105 143 118 46 315 25 21 25
internal_value=3.15651e-05 0.00564428 -0.00761959 0.01052 0.0170247 -0.00143849 -0.000931126 -0.0077227 -0.0110712 0.00149065 0.00958837 -0.000948897 0.0223669 -0.0235538 -0.00879076
internal_weight=221.345 46.3055 12.2659 34.0396 25.5877 175.039 172.705 45.6644 39.5825 127.04 29.6288 97.4115 21.5899 7.55251 8.45181
internal_count=1236 251 68 183 136 985 969 281 248 688 164 524 113 43 47
is_linear=0
shrinkage=0.03


Tree=202
num_leaves=13
num_cat=0
split_feature=65 194 204 282 16 289 54 140 178 266 53 265
split_gain=2.02304 2.58547 3.84874 3.20156 3.42828 3.07067 3.38323 3.01452 3.67574 2.89588 2.21823 1.40394
threshold=3.6750000000000003 0.23385690516193181 59.702255029071914 0.020417335756594719 19.315000000000001 -3.6000000000000001 0.33465000000000006 4.2423948400000011 0.33509972375000002 1.6818705932174185 0.4811457983193278 0.0076960264104183338
decision_type=2 2 2 2 2 2 2 2 2 2 2 2
left_child=-1 2 5 4 10 11 -7 8 -5 -9 -3 -2
right_child=1 3 -4 7 -6 6 -8 9 -10 -11 -12 -13
leaf_value=0.020326865986226385 -0.012327347487985474 -0.033256109656900783 0.018853343505560179 0.038229619466327143 0.011332725040719704 0.021473106277188736 -0.012008569308330778 0.0026464922189896908 0 -0.010008981443528426 -0.0070886210251675536 -0.040175052181199426
leaf_weight=4.2377644442021838 3.381535165011889 5.717270854860546 3.8083649538457385 4.407677657902239 4.1625897921621791 3.1858892180025604 14.67074006795883 143.40764945559204 4.5715847164392471 18.197864992544055 6.7204536646604538 4.3415387533605099
leaf_count=25 19 38 23 22 21 17 83 776 27 112 46 27
internal_value=2.89565e-05 -0.000363572 -0.00863022 0.000922189 -0.0115866 -0.0128963 -0.00578155 0.00216313 0.0190064 0.00119754 -0.0195257 -0.0286789
internal_weight=220.811 216.573 29.3881 187.185 16.6003 25.5797 17.8566 170.585 8.97926 161.606 12.4377 7.72307
internal_count=1236 1211 169 1042 105 146 100 937 49 888 84 46
is_linear=0
shrinkage=0.03


Tree=203
num_leaves=19
num_cat=0
split_feature=132 136 1 59 66 213 64 290 196 318 160 83 142 113 313 120 191 3
split_gain=2.01074 4.4104 4.31855 3.94639 3.48855 6.12805 3.75674 4.71505 3.54669 5.14322 4.26122 4.17984 3.44412 3.20963 2.74325 2.1683 1.95455 0.917627
threshold=66.658425000000008 10.001032142857145 65.710000000000022 42.640000000000008 4.870000000000001 -7.9609690632252166 22.970000000000002 -4.754999999999999 1.848572271797946 1.1683091958263108 0.17892027740000002 28.935000000000006 0.48591739130000006 0.39180000000000009 0.24799005546760608 5463.1050000000005 2.0354960981673624 70.810000000000016
decision_type=2 2 2 2 2 2 2 2 2 2 2 2 2 2 2 2 2 2
left_child=4 2 -2 13 8 15 -7 -8 9 11 -10 -1 -12 -3 -11 -6 -5 -4
right_child=1 3 17 16 5 6 7 -9 10 14 12 -13 -14 -15 -16 -17 -18 -19
leaf_value=-0.0075110379807213452 -0.0077820197190220592 -0.037254709001038763 0.036371073991388496 0.026315158130263805 0.025962217561582925 -0.03995061054044511 -0.033641403953567642 -0.0044873204541847848 -0.019562046756686265 7.4264927812669134e-05 0.026498448960862543 0.026368154377314039 0.0058370310881391491 0 0.029399738904465143 -0.002204132781855946 -0.0026904652215688761 0.015398651926662316
leaf_weight=67.936110910028219 3.6627705674618509 3.87884344533086 6.655072430148719 3.9768426269292823 5.2099238708615285 4.3138567209243766 6.1429080497473434 27.028001300990585 4.9083592966198912 5.7958022989332658 8.7148337662219983 3.3127558603882781 46.378600610420108 4.5802638940513134 6.0239546447992325 4.2190871462225914 3.9164819642901421 3.7798131853342056
leaf_count=369 27 24 37 19 27 26 43 158 30 32 44 18 249 26 34 26 25 22
internal_value=2.76058e-05 0.00718458 0.0194505 -0.00326163 -0.00110689 -0.00820506 -0.0136781 -0.0100614 0.00120381 -0.00278414 0.00677023 -0.00585901 0.00920175 -0.0175413 0.015393 0.0131533 0.0116943 0.0292773
internal_weight=220.434 30.4501 14.0977 16.3524 189.984 46.9138 37.4848 33.1709 143.07 83.0686 60.0018 71.2489 55.0934 8.45911 11.8198 9.42901 7.89332 10.4349
internal_count=1236 180 86 94 1056 280 227 201 776 453 323 387 293 50 66 53 44 59
is_linear=0
shrinkage=0.03


Tree=204
num_leaves=10
num_cat=0
split_feature=291 295 13 107 69 14 197 197 302
split_gain=1.98263 3.36665 2.67797 2.71125 4.09576 3.3252 2.3862 2.19488 1.7549
threshold=-6.2449999999999992 5.2515748161726217 25.725000000000005 -0.12864999999999996 333.50000000000006 18.525000000000002 2.0686148614661732 2.0025664458648453 -0.15284999999999996
decision_type=2 2 2 2 2 2 2 2 2
left_child=6 2 3 4 -2 -5 -1 -3 -8
right_child=1 7 -4 5 -6 -7 8 -9 -10
leaf_value=0.0024322915641610677 0.000212553370227694 -0.001278256399895581 -0.018911585128921188 5.4837919477357926e-06 -0.028128887965442557 0.0085871795741889884 -0.0024723465468117255 -0.037385792814890163 -0.032911323667751763
leaf_weight=6.3693476505577546 15.930470449849965 3.1073543559759846 5.4968766327947369 104.33870355598629 6.2312395945191374 67.200466152280569 2.9803289249539375 3.2506619337946177 4.8169888351112604
leaf_count=37 94 23 37 579 36 360 17 19 34
internal_value=2.68072e-05 0.000790631 0.00149507 0.00209912 -0.00771205 0.00338789 -0.0107737 -0.0204965 -0.0218353
internal_weight=219.722 205.556 199.198 193.701 22.1617 171.539 14.1667 6.35802 7.79732
internal_count=1236 1148 1106 1069 130 939 88 42 51
is_linear=0
shrinkage=0.03


Tree=205
num_leaves=11
num_cat=0
split_feature=48 181 139 55 53 262 106 313 209 288
split_gain=1.9901 2.49632 2.99354 5.01618 5.29634 4.53902 4.52633 5.5321 4.15404 2.20523
threshold=-0.26059999999999994 0.034288336900000008 58.552659755000008 -0.030499999999999996 0.44768907563025218 0.10571476681435223 -0.19154999999999997 0.25695215083010908 -77.291687291668168 -1.4250000000000005
decision_type=2 2 2 2 2 2 2 2 2 2
left_child=9 -2 3 5 -5 -3 7 -4 -8 -1
right_child=1 2 6 4 -6 -7 8 -9 -10 -11
leaf_value=-0.0022638905882315977 -0.021981073741147696 0.027124797726786644 -0.020397847962688478 -0.029516240188929781 0.0018207335551058922 0.0042728328345307673 -0.013792743359194897 0.0063624562177688358 0.0032789179593800651 0.030095368738641829
leaf_weight=3.2078149542212486 4.6566897835582486 13.12744630128145 23.204643052071333 5.3621857464313498 42.699250964447856 20.208743803203106 15.231096969917415 9.6414401754736883 78.116962555795908 3.9932327307760707
leaf_count=20 30 67 146 29 238 107 91 55 428 25
internal_value=2.29389e-05 -0.000492881 0 0.00448198 -0.00166725 0.0134156 -0.00289306 -0.0124563 0.000449545 0.015436
internal_weight=219.45 212.248 207.592 81.3976 48.0614 33.3362 126.194 32.8461 93.3481 7.20105
internal_count=1236 1191 1161 441 267 174 720 201 519 45
is_linear=0
shrinkage=0.03


Tree=206
num_leaves=18
num_cat=0
split_feature=77 269 302 202 90 75 41 296 318 210 113 58 61 132 104 193 298
split_gain=1.9954 2.76147 3.0511 2.68177 3.99943 7.28583 3.87089 4.94723 4.542 3.6211 3.61291 4.745 4.00344 3.57833 3.6909 3.18744 1.84247
threshold=12.460000000000003 -0.70226466349629357 -0.10579999999999998 19.55588997837787 19922274.935000006 2.2794500000000002 20210804.000000004 1.5144107357317866 0.74199783435158817 63.586063531805785 0.28650000000000003 15.385000000000003 17.210500000000003 20.452950000000005 0.62500000000000011 0.29434313038868237 0.64666214240462683
decision_type=2 2 2 2 2 2 2 2 2 2 2 2 2 2 2 2 2
left_child=1 -1 -3 4 5 16 7 -6 -8 -7 13 15 -13 -5 -15 -12 -2
right_child=3 2 -4 10 6 9 8 -9 -10 -11 11 12 -14 14 -16 -17 -18
leaf_value=0.031747601320661401 0.0068284536184390664 0.020333066576426695 -0.017136047477992963 0.017750239442312396 0.011029554331176169 0 0.0066425096014289132 -0.022325960161394581 -0.021617067449292527 -0.028826421517036665 -0.0097217466367783036 -0.023777424261492014 0.0034732510114826448 -0.014228151488913768 0.010569045980203808 0.020761436354252823 0.034859310372554894
leaf_weight=4.0557702109217644 3.72143731638789 3.7344294246286154 3.8736516088247281 5.0049177557229987 13.025205314159395 20.285042144358162 6.0985122472047797 5.6486470922827712 26.571021115407348 4.7241798974573603 3.3865281268954304 5.2320731766521922 52.867628308013082 26.110759997740388 6.5849804431200019 21.909955456852913 6.1683722287416458
leaf_count=23 21 21 21 31 65 116 31 29 171 26 17 31 289 164 35 113 32
internal_value=2.21034e-05 0.0120546 0.000891665 -0.000645808 -0.00469703 0.00306871 -0.0100296 0.000714883 -0.0162461 -0.00546428 0.00221612 0.00571583 0.000931051 -0.00544073 -0.00912548 0.0165402 0.0247858
internal_weight=219.003 11.6639 7.60808 207.339 86.2424 34.899 51.3434 18.6739 32.6695 25.0092 121.097 83.3962 58.0997 37.7007 32.6957 25.2965 9.88981
internal_count=1236 65 42 1171 491 195 296 94 202 142 680 450 320 230 199 130 53
is_linear=0
shrinkage=0.03


Tree=207
num_leaves=13
num_cat=0
split_feature=303 315 269 177 18 18 67 105 269 159 180 206
split_gain=1.92527 2.97469 2.30315 4.19488 4.05558 5.28385 3.53235 3.78885 3.28505 3.27125 2.98937 1.13124
threshold=1.1552604006831293 0.5458333333333335 -2.0547176872203123 7.5766650280000016 15.940000000000003 17.315000000000001 1.5423000000000002 0.35840000000000005 -1.6856591127414966 30.537402653550004 0.95358580181600006 -1.9886971762401335
decision_type=2 2 2 2 2 2 2 2 2 2 2 2
left_child=2 11 3 4 10 -6 8 -8 -4 -10 -1 -2
right_child=1 -3 6 -5 5 -7 7 -9 9 -11 -12 -13
leaf_value=0.01740099052835966 -0.0082456912144831668 0.0092741549678204607 -0.024721287186024548 0.034213102160558999 -0.030354412800772258 0.0028781305524923921 0.030505526664251686 -0.0062709825151010578 -0.00054366082389767248 -0.026707806885958349 -0.010267516531358656 -0.035855244289440806
leaf_weight=18.913643663749102 2.6980263330042362 3.3109346013516188 5.5663358643651 4.3377929013222447 5.6608984321355846 16.523305498063564 6.1780197061598283 3.9699868205934763 139.03681834600866 4.3509543910622588 4.0960883144289246 3.6782483011484128
leaf_count=104 22 17 29 23 35 98 30 24 779 24 22 29
internal_value=2.31873e-05 -0.0129667 0.000646626 0.00629796 0.00348277 -0.00556559 -0.00109676 0.0159047 -0.00228506 -0.00137655 0.0123226 -0.0249436
internal_weight=218.321 9.68721 208.634 49.5317 45.1939 22.1842 159.102 10.148 148.954 143.388 23.0097 6.37627
internal_count=1236 68 1168 282 259 133 886 54 832 803 126 51
is_linear=0
shrinkage=0.03


Tree=208
num_leaves=15
num_cat=0
split_feature=112 53 51 76 207 77 69 294 10 276 302 134 287 71
split_gain=1.93641 2.74348 3.10174 2.57946 2.51726 2.76537 3.1232 5.01688 4.41623 2.00598 2.37856 1.6669 2.16402 0.963371
threshold=0.55415000000000014 0.4811457983193278 -0.084949999999999984 11.050550000000001 0.24906744335939415 12.460000000000003 331.50000000000006 1.2665333740333742 15.750000000000002 0.82966208543999576 -0.15284999999999996 3.6545527777777784 -1.0000000180025095e-35 20210814.500000004
decision_type=2 2 2 2 2 2 2 2 2 2 2 2 2 2
left_child=4 2 -2 11 5 9 7 -7 -8 10 -1 12 -3 -13
right_child=1 3 -4 -5 -6 6 8 -9 -10 -11 -12 13 -14 -15
leaf_value=0.021480490626851693 0.013058433024649183 -0.0049076288533803436 -0.027619208703985182 -0.0056780627625145205 0.017190193647523049 0.012136929396319766 -0.019625252189104266 -0.006356011246597292 -0.0029903737873340263 0.031768015098236353 -0.011420292661405365 0.03564658498584989 0.025465851654299713 0.012118757891969053
leaf_weight=3.5822279676795006 2.8697848469018936 4.6745541412383371 3.65404427610338 5.0694808699190608 6.4402348715811959 27.831493817269802 16.760215589776635 24.73552805557847 102.94870374165475 3.3716860488057137 4.0805552545934898 5.3714253380894643 3.5404810309410095 3.048824355006218
leaf_count=20 17 29 25 30 33 149 103 149 568 17 25 27 22 22
internal_value=2.01531e-05 0.0073501 -0.0093455 0.0125257 -0.0010578 -0.00172428 -0.00267376 0.00338253 -0.00535887 0.012721 0.00365241 0.0182533 0.00797065 0.0277219
internal_weight=217.979 28.2286 6.52383 21.7048 189.751 183.31 172.276 52.567 119.709 11.0345 7.66278 16.6353 8.21504 8.42025
internal_count=1236 172 42 130 1064 1031 969 298 671 62 45 100 51 49
is_linear=0
shrinkage=0.03


Tree=209
num_leaves=16
num_cat=0
split_feature=46 306 46 207 43 195 63 268 214 193 137 160 282 275 286
split_gain=1.93067 3.31836 3.11946 4.57327 4.19587 5.39241 3.60755 3.84327 3.72401 3.91269 3.4007 3.0379 2.94616 1.6139 1.11852
threshold=0.23515000000000003 0.90103406162565369 0.34590000000000004 0.039763093838315673 -0.6580999999999998 6.6848659135051571 16.310000000000006 -0.45360849351739857 -6.2005292807792998 0.73161684034285634 3.6835000000000004 0.58793358865000012 0.070417591453033002 0.10069167845836804 -4.4449999999999958
decision_type=2 2 2 2 2 2 2 2 2 2 2 2 2 2 2
left_child=1 -1 3 4 -2 -6 8 -8 11 -10 -9 -4 -5 -14 -3
right_child=2 14 6 12 5 -7 7 10 9 -11 -12 -13 13 -15 -16
leaf_value=-0.010006465905079887 0.01220271429946178 0.010577866065077659 -0.025307497560024213 -0.011420824676993855 -0.029458617946137303 0.0099516237337982545 0.020391126369162495 -0.010439753497486425 -0.0050509556241185782 0.015600365310355066 0.0011165301944180215 0.0019365626327820693 0.00076290993222561537 0.025503417611745224 0.036390839843768175
leaf_weight=3.6703798323869687 3.6508025899529484 3.4761165119707584 4.5820524096488979 6.5796285811811712 16.287758668884639 3.6789221242070189 6.0459646582603446 41.30305241048336 10.272276412695645 37.49899017624557 50.38298238068819 16.531238859519362 4.7504976540803892 5.2386604510247707 3.5818933621048927
leaf_count=21 22 21 29 39 94 18 28 247 58 200 298 86 29 27 19
internal_value=2.11633e-05 0.0123829 -0.000611306 -0.00811236 -0.0165863 -0.0220343 0.00118366 -0.00249968 0.00644904 0.0110958 -0.0040624 -0.00392601 0.00381358 0.0141592 0.0244223
internal_weight=217.531 10.7284 206.803 40.1863 23.6175 19.9667 166.617 97.732 68.8846 47.7713 91.686 21.1133 16.5688 9.98916 7.05801
internal_count=1236 61 1175 229 134 112 946 573 373 258 545 115 95 56 40
is_linear=0
shrinkage=0.03


Tree=210
num_leaves=22
num_cat=0
split_feature=137 313 132 202 186 133 206 101 151 305 90 57 150 306 43 193 115 131 137 210 70
split_gain=1.92734 3.3285 3.27793 4.38874 4.57846 4.37449 3.59359 3.80845 3.67221 3.5324 3.09454 2.95068 2.86441 2.7422 5.00293 5.07592 4.58148 3.80479 3.37913 2.143 1.00597
threshold=2.6964500000000005 0.15185821667532318 45.768200000000007 20.864122495568029 -12.239074730299999 81.321307648679934 40.919970199819751 0.55270000000000008 0.41555968435000007 1.1317224902221257 7168437.0600000015 0.43687550200803221 0.62560206135000007 1.0228782490702806 -0.084399999999999989 1.0552151430795871 0.10495 49.977037954545466 1.7832250000000001 17.1721126940426 20230726.000000004
decision_type=2 2 2 2 2 2 2 2 2 2 2 2 2 2 2 2 2 2 2 2 2
left_child=1 10 3 9 -5 -6 7 8 -4 12 -1 -12 -2 16 -15 -16 18 -18 -3 -8 -13
right_child=2 13 6 4 5 -7 19 -9 -10 -11 11 20 -14 14 15 -17 17 -19 -20 -21 -22
leaf_value=0.010993980789728245 -0.0052731434707235054 0.0052652734918702997 -0.0087178770035030006 0.029927184639434404 -0.0083178440050581288 0.021520660155578377 -0.036011391364404927 -0.021142482059784341 0.011047957270225658 0.0071682112912699525 0.005420263937116288 -0.038806238291486314 -0.032287430473147458 -0.023718133267870815 -0.0098129000143115791 0.017106176690633149 0.0090302424341303124 -0.026730834225533635 0.026744196084083054 -0.0015339232351108502 -0.014935826169987581
leaf_weight=4.7113637626171103 5.4823080711066785 11.68400025367737 10.254137005656956 3.6794657446444026 35.402627721428871 4.9138357937335959 3.0889984276145688 4.494365230202674 43.356470610946417 3.8092138618230811 3.2963508218526822 3.8905286267399788 11.866548512130974 6.4138419181108501 10.6828486956656 14.830676540732382 6.7658444717526418 4.2352094016969204 16.517216179519892 3.7158869877457619 3.9282293748110533
leaf_count=27 32 65 69 20 200 28 20 25 235 20 20 26 68 35 66 77 36 24 91 20 32
internal_value=2.25195e-05 0.00349153 -0.00227459 -0.00703526 -0.00154879 -0.0045626 0.00246131 0.00492574 0.00720229 -0.0182417 -0.00883543 -0.0175311 -0.0240019 0.00628497 -0.000153007 0.00572337 0.0115916 -0.00458367 0.0180013 -0.0179139 -0.0275324
internal_weight=217.02 86.9561 130.064 65.154 43.9959 40.3165 64.9099 58.105 53.6106 21.1581 15.8265 11.1151 17.3489 71.1296 31.9274 25.5135 39.2023 11.0011 28.2012 6.80489 7.81876
internal_count=1236 499 737 368 248 228 369 329 304 120 105 78 100 394 178 143 216 60 156 40 58
is_linear=0
shrinkage=0.03


Tree=211
num_leaves=11
num_cat=0
split_feature=310 41 70 113 291 17 41 290 199 41
split_gain=1.89858 2.44964 3.47378 2.89598 3.29331 2.58782 2.73812 1.69129 1.64988 1.10671
threshold=0.30622850432010745 20240213.500000004 20231022.000000004 0.18495000000000003 -6.1249999999999991 19.685000000000006 20250909.500000004 0.74499999999999933 23.480797017325816 20251203.500000004
decision_type=2 2 2 2 2 2 2 2 2 2
left_child=1 2 3 -1 -5 6 7 -3 -2 -8
right_child=8 5 -4 4 -6 -7 9 -9 -10 -11
leaf_value=0.025146353775626875 0.00048220274120866448 0.022732592766378967 -0.027105345925957654 -0.016175093446072698 0.0004283987897722878 -0.017045047046141387 0.0052596816763498672 0 -0.034378724445875301 -0.028501225395629867
leaf_weight=3.9157392829656592 1.9458132125437249 13.848180204629907 4.2728028595447531 11.367424562573431 168.80135669931769 2.7154104448854914 1.4720706995576613 3.7756161615252486 2.5658562779426575 1.6267808135598896
leaf_count=21 14 98 36 69 883 18 13 22 30 32
internal_value=1.93067e-05 0.000447581 -0.000677473 -3.33813e-05 -0.000610918 0.00958087 0.013279 0.017911 -0.0190088 -0.0118626
internal_weight=216.307 211.795 188.357 184.085 180.169 23.4381 20.7226 17.6238 4.51167 3.09885
internal_count=1236 1192 1009 973 952 183 165 120 44 45
is_linear=0
shrinkage=0.03


Tree=212
num_leaves=23
num_cat=0
split_feature=204 202 78 11 114 57 75 196 299 33 196 67 205 278 41 185 41 174 190 206 290 292
split_gain=1.87953 3.66462 4.23534 4.94556 4.54843 3.79464 3.75803 4.05082 3.49699 3.4664 4.65767 3.71367 3.96593 3.32871 3.31213 3.27924 2.74009 2.57191 2.5565 3.31451 1.75866 1.52608
threshold=31.646950751500516 20.864122495568029 2.5550000000000002 23.025000000000002 0.44180000000000003 0.46092369477911654 3.4793500000000006 -0.26970315920717597 0.35759810489485877 1.0000000180025095e-35 4.6409610173226925 1.0336500000000002 1.3823045285757256 -1.6872423419514517 20200924.500000004 0.3768938045999996 20220465.500000004 0.81282875175000024 0.7952727937363524 2.7693171835065638 -2.2549999999999986 -0.62999999999999978
decision_type=2 2 2 2 2 2 2 2 2 2 2 2 2 2 2 2 2 2 2 2 2 2
left_child=1 2 3 5 8 -1 14 16 -4 17 11 12 -11 -9 -3 -16 -8 18 20 -20 -2 -13
right_child=9 6 4 -5 -6 -7 7 13 -10 10 -12 21 -14 -15 15 -17 -18 -19 19 -21 -22 -23
leaf_value=-0.028558957122911302 0.0075732643387042492 -0.015403814757415646 -0.0012091964691126075 0.028751340893085529 0.0042068323575726154 0.001320355269291349 -0.032375759659582289 -0.021145873590793555 -0.031066058550383205 0.0096114680770477984 0.027265774841850127 0.026189392565639628 -0.016681256076736109 0.003365851150463174 0.019864510406272667 -0.0022209120396032315 0.0020813695066366532 -0.0077522204982580344 -0.0070194620161674673 0.024650143135608236 0.029568891063362895 0
leaf_weight=4.8894207924604478 5.4188455715775516 3.9294745102524749 4.8991511911153856 4.4641216062009326 6.7333011310547581 15.668063074350355 6.1839988715946657 5.5360253229737273 14.970163343474267 6.5026080086827305 4.2371945045888415 3.7436140328645706 22.067668218165636 42.785296089947224 20.324434643611315 8.2410936970263702 2.8500903733074665 5.3210995420813552 8.1723250262439233 4.4874974228441706 10.683155935257675 3.7809302918612948
leaf_count=30 30 20 25 22 39 92 41 34 92 36 23 17 134 245 109 45 19 30 48 24 58 23
internal_value=1.73884e-05 -0.00199847 -0.00836973 0.000380207 -0.0166826 -0.0057448 0.00163407 -0.00294389 -0.0238974 0.00388765 -0.00200196 -0.00558644 -0.0105797 0.000457791 0.00979068 0.0134027 -0.0212729 0.0109303 0.0145056 0.00407648 0.0224442 0.0128695
internal_weight=215.89 141.475 51.6242 25.0216 26.6026 20.5575 89.8504 57.3554 19.8693 74.4149 40.332 36.0948 28.5703 48.3213 32.495 28.5655 9.03409 34.0829 28.7618 12.6598 16.102 7.52454
internal_count=1236 813 300 144 156 122 513 339 117 423 233 210 170 279 174 154 60 190 160 72 88 40
is_linear=0
shrinkage=0.03


Tree=213
num_leaves=15
num_cat=0
split_feature=264 262 177 186 14 303 75 261 113 159 294 100 210 210
split_gain=1.86519 2.74995 3.60885 3.20518 2.81123 3.6141 3.06374 4.3465 3.60311 2.5725 2.00693 1.85967 1.46712 2.09567
threshold=-4.4633185101721802 -0.028865604801158181 0.87300763445000007 10.598470880400006 23.025000000000002 0.97806599499873159 2.8932000000000007 -0.095368969675744514 0.24255000000000002 3.8193848275000004 1.601242911539279 3968.5200000000004 -29.645774144800978 48.888562912745314
decision_type=2 2 2 2 2 2 2 2 2 2 2 2 2 2
left_child=11 2 12 9 6 -6 7 -3 -8 -4 -7 -1 -2 -14
right_child=1 4 3 -5 5 10 8 -9 -10 -11 -12 -13 13 -15
leaf_value=-0.031658747541847061 0.035179459070132139 -0.027259922621250203 0.0021082503349720764 0.024277315137447034 -0.010347723471431251 0.031085919664561742 -0.028267336752172457 0.0046294875872926666 -0.003993268983912915 -0.027382861531240043 0.0065787882241759828 0 -0.00090511094061457059 0.02949390268253534
leaf_weight=3.1870140731334677 4.5384263694286346 3.9691831022500983 6.9649394582957012 3.4073811769485465 5.1236060671508339 6.2920434325933439 5.8368233777582637 65.422124285250902 88.75081785582006 4.0410165600478649 6.5283015351742506 3.293448943644762 4.2853118591010588 3.4968412145972252
leaf_count=22 26 23 40 19 32 33 48 349 513 23 39 23 28 18
internal_value=1.72441e-05 0.000526861 0.00950083 -0.000506322 -0.000779896 0.0104332 -0.00203082 0.00272564 -0.00555113 -0.00859883 0.0189862 -0.0156941 0.0213592 0.0125747
internal_weight=215.137 208.657 26.7339 14.4133 181.923 17.944 163.979 69.3913 94.5876 11.006 12.8203 6.48046 12.3206 7.78215
internal_count=1236 1191 154 82 1037 104 933 372 561 63 72 45 72 46
is_linear=0
shrinkage=0.03


Tree=214
num_leaves=8
num_cat=0
split_feature=292 292 77 54 112 306 284
split_gain=2.01353 2.45453 2.37243 3.40654 2.4976 3.73838 2.73995
threshold=-7.6899999999999986 -6.9399999999999995 12.460000000000003 0.43970000000000004 0.54585000000000006 0.77954629804468012 -3.5249999999999981
decision_type=2 2 2 2 2 2 2
left_child=-1 -2 3 -3 5 -4 -6
right_child=1 2 4 -5 6 -7 -8
leaf_value=0.023467511177127625 -0.023964545939629673 0.032005307936339121 0.011689709641525717 -0.0027447607949336221 -0.0015103530286813376 -0.0037200664169525122 0.014793718762006209
leaf_weight=3.1490036472678176 3.7830152139067641 4.8729746472090465 15.523318938910959 4.8633761517703533 18.441984625533223 146.07291971519589 17.948165714740753
leaf_count=16 22 30 89 27 109 829 114
internal_value=1.66854e-05 -0.00032921 9.81218e-05 0.014491 -0.000601487 -0.0022149 0.00646735
internal_weight=214.655 211.506 207.723 9.73635 197.986 161.596 36.3902
internal_count=1236 1220 1198 57 1141 918 223
is_linear=0
shrinkage=0.03


Tree=215
num_leaves=8
num_cat=0
split_feature=292 292 77 202 284 288 288
split_gain=1.91162 2.32997 2.25059 2.45376 3.63221 3.44665 1.91476
threshold=-7.6899999999999986 -6.9399999999999995 12.460000000000003 19.55588997837787 8.7899999999999974 5.3250000000000002 0.30000000000000077
decision_type=2 2 2 2 2 2 2
left_child=-1 -2 6 4 -4 -5 -3
right_child=1 2 3 5 -6 -7 -8
leaf_value=0.022947982562923554 -0.023427919045862888 0.0032826160662376902 -0.0059236812124005087 0.003239872504475794 0.02541161431830468 -0.02397203217264118 0.031468325339294029
leaf_weight=3.1262980774044982 3.7562772221863261 6.1052206922322494 78.389723237603903 111.87884767353535 3.3484850972890845 4.2332656159996978 3.5521813482046127
leaf_count=16 22 37 458 639 19 25 20
internal_value=1.6753e-05 -0.000319088 9.5858e-05 -0.000582957 -0.00457386 0.00220218 0.0141736
internal_weight=214.39 211.264 207.508 197.85 81.7382 116.112 9.6574
internal_count=1236 1220 1198 1141 477 664 57
is_linear=0
shrinkage=0.03


Tree=216
num_leaves=20
num_cat=0
split_feature=138 43 193 201 101 168 103 312 205 292 202 16 295 284 137 136 130 163 116
split_gain=1.88278 3.22205 3.31674 4.66193 3.42296 3.19126 2.55648 3.08793 2.89445 4.29693 2.46115 5.98105 4.35853 4.27034 3.63072 3.45052 2.20978 2.06183 1.4981
threshold=69.809271121538487 -0.64829999999999999 0.80958797990310016 9.5460152695082936 0.25560000000000005 0.7720218781 -0.035549999999999991 -0.13767711962833909 0.68792805362357123 1.4399999999999997 20.864122495568029 18.315000000000001 0.78673548084572065 3.3449999999999993 2.6636750000000005 2.9565333333333341 16.500000000000004 1.1825965760000001 0.50600000000000012
decision_type=2 2 2 2 2 2 2 2 2 2 2 2 2 2 2 2 2 2 2
left_child=1 17 5 4 -4 -3 7 -2 16 -10 13 12 -12 14 -8 -13 -9 -1 -7
right_child=6 2 3 -5 -6 18 10 8 9 -11 11 15 -14 -15 -16 -17 -18 -19 -20
leaf_value=0.03332909007375788 0.012045407650086463 0.0067545638617197441 0.014931524127176743 0.033585091873790655 -0.010826798748400849 -0.0065733848160775335 0.00012365338578787711 -0.0092485011188938697 0.0015969244877776729 -0.03572694484087701 0.019137695224435435 0.010461752838874114 0.0017873666723659126 0.018017964973180638 -0.016151518212993425 -0.020957908893396712 -0.032323967343439342 0.0030433966249366752 -0.035550691512269014
leaf_weight=5.3107969835400564 5.9989328868687144 5.0373095050454122 8.4959874302148872 4.9592797104269257 9.9564026184380037 3.1379307731986046 27.542563980445266 8.4221148379147071 19.273198073729876 3.1201985627412787 23.022180443629622 4.1962869986891738 30.895821250975132 6.8606752306222907 21.724339408800006 10.869734361767767 7.588950488716363 3.6392372101545334 4.1503659076988697
leaf_count=27 34 31 46 26 58 18 157 53 122 23 122 21 169 39 127 66 52 21 24
internal_value=1.72997e-05 0.00550197 0.00135896 0.0080551 0.000887893 -0.0110809 -0.00141327 -0.00759493 -0.0107641 -0.00360596 0.000761026 0.00457342 0.00927295 -0.00387107 -0.00701033 -0.0119976 -0.0205048 0.0215156 -0.0237386
internal_weight=214.202 44.6873 35.7373 23.4117 18.4524 12.3256 169.515 44.4034 38.4045 22.3934 125.112 68.984 53.918 56.1276 49.2669 15.066 16.0111 8.95003 7.2883
internal_count=1236 251 203 130 104 73 985 284 250 145 701 378 291 323 284 87 105 48 42
is_linear=0
shrinkage=0.03


Tree=217
num_leaves=21
num_cat=0
split_feature=313 317 295 62 215 318 299 167 288 105 281 261 101 44 210 130 18 106 24 192
split_gain=1.88647 3.70469 3.27425 3.24611 3.25771 3.10199 4.62184 4.5347 4.44368 4.21064 3.95139 5.69371 3.6477 3.3308 2.91013 2.53107 2.46895 2.36822 2.22051 0.235257
threshold=0.27997802381743125 0.20764871907455398 0.89534942473991797 19.545000000000005 3.3295371921512777 0.89457603411583941 2.2101945467327124 4.6560851750000003 3.8249999999999997 0.22155000000000002 6.0160988052602731 -0.038005334377791848 0.32015000000000005 -0.014199999999999999 -20.393427789923418 11.500000000000002 18.060000000000006 -0.0093499999999999989 -0.23499999999999996 2.4376741580807963
decision_type=2 2 2 2 2 2 2 2 2 2 2 2 2 2 2 2 2 2 2 2
left_child=5 3 -3 15 14 6 10 -8 9 17 12 -12 -1 -11 -5 -2 -10 -7 -6 -17
right_child=1 2 -4 4 18 8 7 -9 16 13 11 -13 -14 -15 -16 19 -18 -19 -20 -21
leaf_value=0.0035766210922718268 0.0045014905029803955 -0.023121975158345791 0.0075550065953353699 0.0052640519775502713 0.02972462135571469 -0.0039459447930565517 0.0075172859179851188 -0.034799984485981192 -0.00038106227762877738 -0.0015249032137796747 0.029621924402580675 -0.016214980271576397 0.019726547171031478 -0.016876077817695942 -0.025973555273679224 0.021914730388511404 0.032526766741981537 0.022906753693046275 0 0.037546986154000206
leaf_weight=47.933796022087336 5.1080848872661582 6.4529316127300245 5.7271447870880365 5.7930850889533723 4.773875430226326 6.2855545710772276 3.6220704726874811 5.5069176908582449 4.0036174803972235 19.861181076616049 2.8170590028166798 14.051067888736723 17.336719904094934 37.789042899385095 4.6782192848622852 3.304965674877165 3.7571398764848709 5.2038259021937829 4.406288728117941 5.0953807607293129
leaf_count=256 31 39 33 31 28 40 23 34 24 117 14 85 94 237 26 21 19 31 24 29
internal_value=1.78454e-05 0.0054556 -0.00850912 0.0106854 0.00269657 -0.00143278 0.0022828 -0.0177853 -0.00587873 -0.00832704 0.00456859 -0.00825373 0.00793576 -0.0116512 -0.00852173 0.0219815 0.0153798 0.00805016 0.0157699 0.0320798
internal_weight=213.508 45.34 12.1801 33.1599 19.6515 168.168 91.2676 9.12899 76.9004 69.1396 82.1386 16.8681 65.2705 57.6502 10.4713 13.5084 7.76076 11.4894 9.18016 8.40035
internal_count=1236 262 72 190 109 974 506 57 468 425 449 99 350 354 57 81 43 71 52 50
is_linear=0
shrinkage=0.03


Tree=218
num_leaves=9
num_cat=0
split_feature=310 200 132 200 22 279 63 281
split_gain=1.81659 2.71664 2.4379 2.41286 3.0011 2.57312 4.32864 3.01801
threshold=0.30622850432010745 30.628693158079034 105.34610000000002 4381.9983379593987 -0.27499999999999997 0.13608683754965498 6.4250000000000007 12.409708528264241
decision_type=2 2 2 2 2 2 2 2
left_child=2 -2 3 5 -5 7 -7 -1
right_child=1 -3 -4 4 -6 6 -8 -9
leaf_value=-0.00079763009545341635 0.014775797736171017 -0.034267318043728484 0.021356949763859819 -0.0013856500913593086 0.03354724935352843 0.022217451871086265 -0.017168887285668323 0.013297830865305092
leaf_weight=161.12104633077979 1.3263813406229008 3.0747094042599201 4.7985955923795691 4.3032220602035522 4.126463405787943 2.8141211271286037 16.373006483539939 14.823899682611225
leaf_count=919 9 35 30 24 19 17 96 87
internal_value=2.05438e-05 -0.0188205 0.000441743 -4.68091e-05 0.0155557 -0.000743823 -0.0111514 0.000379794
internal_weight=212.761 4.40109 208.36 203.562 8.42969 195.132 19.1871 175.945
internal_count=1236 44 1192 1162 43 1119 113 1006
is_linear=0
shrinkage=0.03


Tree=219
num_leaves=15
num_cat=0
split_feature=138 104 106 301 151 284 103 312 205 277 210 272 304 3
split_gain=1.789 2.97692 4.87447 4.26592 3.787 2.9357 2.69342 3.0647 2.82295 2.52764 2.73065 2.36757 2.27475 1.90715
threshold=69.809271121538487 0.57500000000000007 0.63370000000000004 1.120891292060558 0.30022613435000006 -16.135000000000002 -0.035549999999999991 -0.13767711962833909 0.68792805362357123 1.8382323176081725 238.89442471150457 0.10510523508472151 1.0070672260513438 65.660000000000011
decision_type=2 2 2 2 2 2 2 2 2 2 2 2 2 2
left_child=1 3 12 4 -1 -2 7 -7 -9 10 -8 -6 -3 -5
right_child=5 2 -4 13 11 6 9 8 -10 -11 -12 -13 -14 -15
leaf_value=-0.010409624798794002 -0.035224081955293793 -0.00024210861688775151 0.016603673104324326 -0.024835454881017318 0.015173610076962519 0.012505600241739653 0.0012449282862655522 -0.020136047422848146 -0.0033358164273135735 0.019249217987927069 -0.022836380182429988 0.039511654511378412 -0.035739567050037453 0.0038493332147264275
leaf_weight=3.8065602369606522 2.1798591986298552 2.7972939871251565 4.4853548854589462 3.5343736298382264 15.613385058939459 5.8700002878904334 111.37929354049265 15.795962436124681 22.08707226626575 6.6315506659448138 4.3018097300082436 5.0698497276753178 4.4507475979626179 4.5086717084050179
leaf_count=23 16 18 25 22 88 33 624 105 143 38 26 25 25 25
internal_value=2.06942e-05 0.00539378 -0.00736978 0.0100975 0.0163496 -0.00137754 -0.000894264 -0.00728423 -0.0104545 0.0013711 0.00030456 0.0214451 -0.0226378 -0.00853747
internal_weight=212.512 44.2662 11.7334 32.5328 24.4898 168.246 166.066 43.753 37.883 122.313 115.681 20.6832 7.24804 8.04305
internal_count=1236 251 68 183 136 985 969 281 248 688 650 113 43 47
is_linear=0
shrinkage=0.03


Tree=220
num_leaves=16
num_cat=0
split_feature=313 317 214 62 174 215 192 203 301 46 1 304 22 78 4
split_gain=1.78328 3.51829 3.20204 3.13627 3.15837 3.08269 3.04867 2.9878 3.06719 4.42642 3.90751 3.16477 2.82852 2.16024 0.50457
threshold=0.27997802381743125 0.20764871907455398 6.2504222757220953 19.545000000000005 -1.0292809811999999 3.3295371921512777 3.4563913140514946 91.499534579346516 1.4370227035951142 0.63675000000000015 79.710000000000022 0.90865021058055562 -0.83499999999999985 3.1450000000000005 60.660000000000004
decision_type=2 2 2 2 2 2 2 2 2 2 2 2 2 2 2
left_child=7 3 -3 4 -2 12 -4 8 9 10 -1 -11 -5 -7 -6
right_child=1 2 6 5 14 13 -8 -9 -10 11 -12 -13 -14 -15 -16
leaf_value=-0.0022208131445859238 -0.0054343161181727613 -0.030396722490804311 0.02436174794574247 0.0066323408102789061 0.0170794955118958 0.034634435240849075 -0.012385525608405095 0.022614332153479261 0.018805542743449356 0.0076518053805001967 0.024207255653914062 -0.02535473610011069 -0.024087231196512505 0.0036632459846573282 0.0344205255138769
leaf_weight=136.56233811192214 2.8309108093380919 3.892455030232667 3.2802316527813655 5.2684829682111705 3.4373027980327588 3.268490578979252 4.934889305382967 4.4189390316605559 5.9577238559722892 3.1249298751354209 5.1165224667638531 11.955837311223148 5.1389167420566135 5.8100077323615551 7.0526706837117672
leaf_count=777 14 23 17 26 24 19 32 25 38 18 29 87 31 33 43
internal_value=1.85693e-05 0.00533269 -0.00830377 0.0104664 0.0216593 0.00259014 0.0020431 -0.00139389 -0.00207779 -0.00290208 -0.00122884 -0.0183124 -0.00833559 0.0153964 0.0292365
internal_weight=212.051 44.9144 12.1076 32.8068 13.3209 19.4859 8.21512 167.136 162.717 156.76 141.679 15.0808 10.4074 9.0785 10.49
internal_count=1236 262 72 190 81 109 49 974 949 911 806 105 57 52 67
is_linear=0
shrinkage=0.03


Tree=221
num_leaves=7
num_cat=0
split_feature=292 292 271 310 41 199
split_gain=1.76444 2.19964 2.18056 2.1879 2.49783 1.17122
threshold=-7.6899999999999986 -6.9399999999999995 1.8775807951142154 0.30622850432010745 20240213.500000004 23.480797017325816
decision_type=2 2 2 2 2 2
left_child=-1 -2 3 4 -3 -5
right_child=1 2 -4 5 -6 -7
leaf_value=0.022189624319600341 -0.023011799539740221 -0.00018216065367571832 -0.022705319760805875 0 0.010506163641779578 -0.033841154742650502
leaf_weight=3.0863684937357894 3.6708241067826739 175.07754655182362 3.5993089936673632 1.600094512104987 22.002490047365427 2.4176181983202696
leaf_count=16 22 953 27 12 176 30
internal_value=2.10464e-05 -0.000303413 0.000100204 0.000534378 0.00100062 -0.0210763
internal_weight=211.454 208.368 204.697 201.098 197.08 4.01771
internal_count=1236 1220 1198 1171 1129 42
is_linear=0
shrinkage=0.03


Tree=222
num_leaves=17
num_cat=0
split_feature=287 305 273 280 215 289 0 165 12 262 99 131 114 290 69 157
split_gain=1.75665 3.643 3.46073 3.09191 5.02927 3.85771 3.34806 3.93578 2.82777 3.96339 2.74188 3.6891 2.62304 2.40058 2.2463 0.395545
threshold=-1.3500000000000003 0.84424207872508539 -6.4949170642381171 1.0000000180025095e-35 -14.733547801717235 -0.82499999999999918 66.27500000000002 -0.8776373961499998 22.275000000000002 -0.016798855058775982 1.0000000180025095e-35 60.899438405797113 0.34190000000000004 -3.6249999999999996 332.50000000000006 2019.5000000000002
decision_type=2 2 2 2 2 2 2 2 2 2 2 2 2 2 2 2
left_child=3 14 -3 5 -5 6 -1 -8 9 -4 -6 -12 -10 -7 15 -2
right_child=1 2 8 4 10 13 7 -9 12 -11 11 -13 -14 -15 -16 -17
leaf_value=0.031721995014050548 0.038087706309141302 -0.026609511743581934 0.011792358773877144 0.022440503071954672 0.0091774965869154609 2.3630314781152146e-05 0.02494288090356972 -0.0052705237178899897 0.0041859072080930254 -0.0032477451008392968 -0.0081954394334259138 -0.029656640982958733 0.027915422702794235 -0.03235097682453026 0 0.018849128578506857
leaf_weight=4.7990001104772153 3.3670115247368795 3.960185205563902 19.234497195109725 3.9605562463402739 4.3954154644161454 4.286820400506258 5.3765554204583248 12.956431383267038 13.739524245262148 85.065724426880479 22.322772433981299 11.08123637549579 6.2269489690661421 3.5691881403326979 3.7838609553873539 3.11456348747015
leaf_count=26 19 25 109 20 31 26 26 76 80 495 130 71 33 23 24 22
internal_value=1.81271e-05 0.00201469 0.00060715 -0.00373916 -0.00907752 0.00336447 0.00960714 0.00351472 0.00151932 -0.000436754 -0.0125096 -0.0154717 0.0118382 -0.0145297 0.0191316 0.0297257
internal_weight=211.24 138.492 128.227 72.748 41.76 30.988 23.132 18.333 124.267 104.3 37.7994 33.404 19.9665 7.85601 10.2654 6.48158
internal_count=1236 807 742 429 252 177 128 102 717 604 232 201 113 49 65 41
is_linear=0
shrinkage=0.03


Tree=223
num_leaves=16
num_cat=0
split_feature=132 136 1 10 138 76 207 46 185 119 276 303 162 3 2
split_gain=1.82724 3.88778 3.84394 3.72561 4.11597 3.2547 4.43831 3.51755 3.33097 3.56233 3.40612 2.77962 2.56225 0.856809 0.800121
threshold=66.658425000000008 10.001032142857145 65.710000000000022 17.325000000000003 191.98461210052636 10.430450000000002 0.20240372197112375 0.46880000000000005 1.1296962262250003 2172.8750000000005 1.2328126112569509 1.0328468247070461 0.14993860250400004 70.810000000000016 65.840000000000018
decision_type=2 2 2 2 2 2 2 2 2 2 2 2 2 2 2
left_child=5 2 -2 -3 -5 6 8 12 10 -10 -1 14 -7 -4 -9
right_child=1 3 13 4 -6 7 -8 11 9 -11 -12 -13 -14 -15 -16
leaf_value=-0.00015202892706353441 -0.0072814860984356071 -0.027222250237927056 0.035552678623972093 -0.017131778180154263 0.019414470921130099 0.0234183018637097 0.03024689989125318 -0.015121519506984713 0.0087476970077441721 -0.014792976893583719 0.014328679802878609 -0.002934266049273633 -0.0095116858319355419 0.014654381114028912 -0.037402920321842982
leaf_weight=106.34072285704315 3.5059802029281881 4.1197545211762181 6.2605465743690711 4.2842143923044187 7.280220752581954 3.3914201669394988 4.2717666998505583 2.8662760592997056 7.3770523890852955 23.907210774719715 16.778946202248335 5.3864504657685748 5.2261479198932648 3.5879798904061317 6.1078572273254395
leaf_count=598 27 29 37 29 36 21 20 21 46 149 94 36 31 22 40
internal_value=2.06578e-05 0.00700873 0.0188727 -0.0029585 0.00558739 -0.00108317 0.000429362 -0.0116146 -0.000395201 -0.00913614 0.00180711 -0.0206869 0.00322366 0.0284645 -0.0308621
internal_weight=210.693 29.0387 13.3545 15.6842 11.5644 181.654 158.676 22.9782 154.404 31.2843 123.12 14.3606 8.61757 9.84853 8.97413
internal_count=1236 180 86 94 65 1056 907 149 887 195 692 97 52 59 61
is_linear=0
shrinkage=0.03


Tree=224
num_leaves=14
num_cat=0
split_feature=112 130 101 95 43 207 137 109 261 168 266 165 16
split_gain=1.75801 2.74079 3.37034 2.27921 2.37105 2.21076 2.35175 4.18939 4.78324 3.25471 3.21487 4.36392 3.77626
threshold=0.55415000000000014 8.5000000000000018 0.21400000000000005 -5.0000000000000009 0.60850000000000015 0.24906744335939415 2.6964500000000005 0.31565000000000004 0.80580335714496598 0.7509154251500002 -0.16479930728733658 -2.5465686620999999 19.685000000000006
decision_type=2 2 2 2 2 2 2 2 2 2 2 2 2
left_child=5 -2 -3 4 -4 6 10 9 -9 -8 11 -1 -12
right_child=1 2 3 -5 -6 -7 7 8 -10 -11 12 -13 -14
leaf_value=-0.033958132775097676 0.024854509856506935 0.02419413679502231 -0.00054169677492469227 0.013086707125329141 -0.028516206833000837 0.016432195359270579 0.00067928263689490511 0.0035272290008207473 -0.030416821013763275 -0.016229578604773892 0.0039343188995709421 -0.00050198886134843461 0.029600494518648501
leaf_weight=4.0017633978277471 6.0271600671112564 4.6544625908136394 7.3653550483286434 4.5674766600131944 4.4577337838709354 6.1762106269597998 14.2682823035866 50.91703525185585 3.9254387356340876 33.395378464832902 38.784118685871363 25.687060134485364 5.9498048126697531
leaf_count=24 38 30 46 28 30 33 92 282 25 192 230 156 30
internal_value=1.90078e-05 0.00715387 0.00184908 -0.00442261 -0.0114914 -0.00102284 -0.00165804 -0.00461325 0.000992087 -0.0111142 0.00237279 -0.00521112 0.00747335
internal_weight=210.177 27.0722 21.045 16.3906 11.8231 183.105 176.929 102.506 54.8425 47.6637 74.4227 29.6888 44.7339
internal_count=1236 172 134 104 76 1064 1031 591 307 284 440 180 260
is_linear=0
shrinkage=0.03


Tree=225
num_leaves=14
num_cat=0
split_feature=65 318 318 55 14 18 171 191 181 199 299 75 130
split_gain=1.7392 2.28404 4.85491 4.34947 3.96969 3.17328 3.19302 3.82771 3.11439 3.22073 2.20109 1.8085 1.74266
threshold=3.6750000000000003 0.87936640507688779 1.1118182608657612 -0.31404999999999994 22.125000000000004 20.685000000000006 3.6413451710840006 4.1526189495369596 2.6165909512500005 22.670332548311062 0.69301907017307429 3.6047000000000007 14.500000000000002
decision_type=2 2 2 2 2 2 2 2 2 2 2 2 2
left_child=-1 5 3 11 -5 6 7 -2 9 -4 -10 -3 -7
right_child=1 2 8 4 -6 12 -8 -9 10 -11 -12 -13 -14
leaf_value=0.019339110275283258 0.0088384758512946495 0.024315029669234579 0.023164566928216255 -0.014229402101751465 0.0072850674740272533 -0.0018095081248921147 0.025011327448980325 -0.0040874369545819723 0.003559590738118176 0.002603446035963151 -0.028719720945416024 -0.0044268309220317431 -0.032106185822887601
leaf_weight=4.0168732404708853 45.247321786358953 4.65797085314989 9.6383903920650464 51.413943961262703 8.8178170360624772 4.0390198547393075 6.3334316778928033 37.370325203984976 3.4451330639421931 24.710718592628837 3.7352864556014538 3.0559089668095112 3.2022901140153408
leaf_count=25 252 25 58 322 52 25 34 212 20 147 22 19 23
internal_value=1.89673e-05 -0.000353008 -0.00332809 -0.00827865 -0.0110231 0.00300168 0.00458784 0.00295757 0.00469978 0.00851049 -0.012984 0.0126339 -0.0158709
internal_weight=209.684 205.668 109.475 67.9456 60.2318 96.1924 88.9511 82.6176 41.5295 34.3491 7.18042 7.71388 7.24131
internal_count=1236 1211 665 418 374 546 498 464 247 205 42 44 48
is_linear=0
shrinkage=0.03


Tree=226
num_leaves=15
num_cat=0
split_feature=303 315 269 281 291 67 105 213 202 269 287 211 177 215
split_gain=1.79837 2.61994 2.01631 3.90662 4.00506 3.17078 3.47452 3.09154 4.32332 2.92005 2.96465 2.0364 1.89881 1.04803
threshold=1.1552604006831293 0.5458333333333335 -2.0547176872203123 6.8249204614646937 -4.1199999999999992 1.5423000000000002 0.37605000000000005 11.362736422536626 24.420676929339226 -1.6856591127414966 -1.3500000000000003 26.236093871515155 0.69515164200000013 -1.3747453988820404
decision_type=2 2 2 2 2 2 2 2 2 2 2 2 2 2
left_child=2 13 3 7 -5 9 -7 8 -1 -4 -11 -9 -6 -2
right_child=1 -3 5 4 12 6 -8 11 -10 10 -12 -13 -14 -15
leaf_value=-0.0040362584535841581 -0.0077961647148877379 0.0083848865627118366 -0.023795180079978787 0.015977016337363727 -0.0014390773381901085 0.028672429670978043 -0.0079810524303994199 0.033290795303723968 0.021949740101311389 -0.0071678895564264702 0.0019799154195632106 0.0045210156406783599 -0.03283999571614428 -0.035262304858303298
leaf_weight=16.286278042942289 2.5366845913231373 3.1577240023761988 5.3281608521938315 3.7055636644363403 3.021793380379675 6.2709183115512115 3.441611934453249 7.3376794476062042 8.6909349523484689 49.679608300328255 87.886050872504711 3.5716908499598503 4.7863332442939281 3.4792343936860544
leaf_count=99 22 17 29 21 21 34 20 39 48 290 513 22 32 29
internal_value=1.93283e-05 -0.0128809 0.00063215 0.00603928 -0.00896856 -0.00103054 0.0154297 0.0109492 0.00493753 -0.00218033 -0.00130468 0.0242708 -0.0212389 -0.0244882
internal_weight=209.18 9.17364 200.007 47.4003 11.5137 152.606 9.71253 35.8866 24.9772 142.894 137.566 10.9094 7.80813 6.01592
internal_count=1236 68 1168 282 74 886 54 208 147 832 803 61 53 51
is_linear=0
shrinkage=0.03


Tree=227
num_leaves=11
num_cat=0
split_feature=303 149 293 112 13 269 177 213 113 114
split_gain=1.71165 2.51716 2.25078 2.29377 2.87443 2.60604 3.59296 3.04738 1.51709 0.693472
threshold=1.1552604006831293 10.895873353500003 9.8317436961736338 0.56250000000000011 20.775000000000002 -2.0547176872203123 7.5766650280000016 -43.307754675168546 0.26730000000000004 0.34190000000000004
decision_type=2 2 2 2 2 2 2 2 2 2
left_child=2 -2 3 5 8 6 -1 -7 -5 -3
right_child=1 9 -4 4 -6 7 -8 -9 -10 -11
leaf_value=0.0035922625081334539 0.0063125418743174254 -0.034884944918249693 -0.019618988651263533 0 -0.0065936858739337337 -0.03183203205528818 0.032948427581993976 -0.0012268831269385842 0.025284903404517233 -0.010565022604090337
leaf_weight=38.906048875302076 3.5549051910638791 3.129157368093729 4.7131270561367264 2.5533049665391472 5.1495177298784247 2.907709799706935 4.1131165325641623 131.99262857437134 9.339948967099188 2.4022821933031082
leaf_count=227 25 27 34 15 33 17 23 758 61 16
internal_value=1.78698e-05 -0.012629 0.000614421 0.00112874 0.0116109 0.000101853 0.00653852 -0.00193187 0.0197325 -0.0252308
internal_weight=208.762 9.08634 199.675 194.962 17.0428 177.92 43.0192 134.9 11.8933 5.53144
internal_count=1236 68 1168 1134 109 1025 250 775 76 43
is_linear=0
shrinkage=0.03


Tree=228
num_leaves=16
num_cat=0
split_feature=313 317 53 133 60 204 294 269 269 318 58 265 213 295 284
split_gain=1.74699 3.37081 3.38987 2.86274 3.75728 2.72108 2.92724 4.26147 3.13106 2.96794 3.56313 3.52438 2.52211 2.38571 0.537792
threshold=0.27997802381743125 0.20764871907455398 0.5272058823529413 12.914410911233169 15.430000000000001 74.507585494336467 2.3073920426977197 3.6372137191178919 -0.41452512473106951 0.87113764462077359 4.7700000000000005 0.71274591855500258 -2.1649402171957699 0.99420519755302694 -0.7649999999999969
decision_type=2 2 2 2 2 2 2 2 2 2 2 2 2 2 2
left_child=5 3 13 -2 14 6 9 8 -8 11 -11 -1 -6 -3 -5
right_child=1 2 -4 4 12 -7 7 -9 -10 10 -12 -13 -14 -15 -16
leaf_value=0.0060096313507658327 -0.017120823044100706 -0.031484376006909114 0.016989201970966081 0.036430168820093499 0.02228395306746115 0.022795419032836859 -0.0054786417995415166 0.013607965253141494 -0.031804933223557548 0.024726703835515802 -0.0064025294646441093 -0.017957358931668811 -0.00037285263233722247 0 0.016944002839158763
leaf_weight=64.055956833064556 2.9053736925125113 4.9656798131763917 3.268342748284339 5.4519810043275356 6.081601262092593 3.9643753990530959 8.2925067134201562 4.3173497412353745 8.6479353718459606 3.3530702404677859 66.049124266952276 5.8960341215133658 14.653948748484252 3.5694774501025677 2.9782870188355464
leaf_count=340 16 31 19 32 30 22 62 25 63 21 402 39 89 22 23
internal_value=1.52964e-05 0.00534159 -0.0081756 0.0104197 0.0133148 -0.00138881 -0.00201823 -0.0123653 -0.0192018 -0.000410586 -0.00482199 0.00392395 0.00620331 -0.0182445 0.030177
internal_weight=208.451 43.8747 11.8035 32.0712 29.1658 164.576 160.612 21.2578 16.9404 139.354 69.4022 69.952 20.7356 8.53516 8.43027
internal_count=1236 262 72 190 174 974 952 150 125 802 423 379 119 53 55
is_linear=0
shrinkage=0.03


Tree=229
num_leaves=9
num_cat=0
split_feature=74 290 149 171 282 263 197 62
split_gain=1.69529 2.02728 2.91176 2.79638 2.5999 2.54141 2.31808 0.358891
threshold=508.84570000000008 3.3100000000000001 2.4062547741000002 0.010094006960000002 0.14543389910896223 -0.90841355905861365 5.9432040316972721 9.3336000000000023
decision_type=2 2 2 2 2 2 2 2
left_child=1 2 -1 -4 6 -5 7 -3
right_child=-2 4 3 5 -6 -7 -8 -9
leaf_value=0.024889948190202866 -0.020789739957231261 0.037664674953024814 -0.024795750718011055 -0.027160542658369299 -0.010965898824939774 4.6528315225394838e-05 0.00050508667024277477 0.019455887516166417
leaf_weight=3.8918909672647706 3.3609610348939887 3.2682948745787126 4.2424454167485228 3.0408299583941689 3.4282753914594641 178.73382136970758 4.4098483026027679 3.5040232501924038
leaf_count=22 25 18 33 23 20 1049 24 22
internal_value=1.59526e-05 0.000382517 -0.000433148 -0.000992171 0.0111195 -0.000406796 0.0181936 0.0291001
internal_weight=207.88 204.519 189.909 186.017 14.6104 181.775 11.1822 6.77232
internal_count=1236 1211 1127 1105 84 1072 64 40
is_linear=0
shrinkage=0.03


Tree=230
num_leaves=17
num_cat=0
split_feature=132 136 1 10 59 76 207 46 185 147 119 303 180 75 3 2
split_gain=1.70218 3.64001 3.61664 3.53424 4.34947 3.08682 4.08976 3.27873 3.06561 3.36776 3.31869 2.63008 2.56743 1.35149 0.812289 0.32666
threshold=66.658425000000008 10.001032142857145 65.710000000000022 17.325000000000003 42.640000000000008 10.430450000000002 0.20240372197112375 0.46880000000000005 1.1296962262250003 -0.069107092949999935 2172.8750000000005 1.0295410471881061 0.113368873556 11.602750000000002 70.810000000000016 66.365000000000009
decision_type=2 2 2 2 2 2 2 2 2 2 2 2 2 2 2 2
left_child=5 2 -2 -3 -5 6 8 12 9 -1 -10 15 -7 -13 -4 -9
right_child=1 3 14 4 -6 7 -8 11 10 -11 -12 13 -14 -15 -16 -17
leaf_value=0.0093801804123450662 -0.0069808088694562785 -0.026726758715620247 0.03503393850913273 -0.013808474884055118 0.022867392429380986 0.020534246195557378 0.029271064503188959 -0.019447126256534567 0.0085422837536034517 -0.0014854392580372178 -0.014322780468933044 -0.018226272179387631 -0.012042523619129834 0.0099279461287558792 0.014356768150426696 -0.036696335637292035
leaf_weight=36.449089581146836 3.45936016365886 4.0427104998379937 6.0506878010928613 5.3237989060580713 6.0747375246137381 3.9833287689834851 4.2038924619555464 2.9122186005115491 7.2810184471309212 85.198989760130644 23.56810043938458 3.0083827637135974 4.4880398027598858 2.8127280734479427 3.516430638730526 5.2780593559145927
leaf_count=201 27 29 37 32 33 26 20 21 46 491 149 22 26 18 22 36
internal_value=1.5566e-05 0.0068308 0.0184784 -0.00285791 0.00550555 -0.00105367 0.000421986 -0.0114279 -0.000372298 0.00175059 -0.00881906 -0.0203149 0.00298628 -0.00417773 0.0279714 -0.0312335
internal_weight=207.652 28.4677 13.0265 15.4412 11.3985 179.184 156.701 22.4828 152.497 121.648 30.8491 14.0114 8.47137 5.82111 9.56712 8.19028
internal_count=1236 180 86 94 65 1056 907 149 887 692 195 97 52 40 59 57
is_linear=0
shrinkage=0.03


Tree=231
num_leaves=15
num_cat=0
split_feature=310 200 41 41 290 66 1 303 194 261 307 203 281 210
split_gain=1.68333 2.6664 2.42223 3.4333 3.29018 3.21816 3.49526 2.97795 2.74941 1.95836 1.95796 1.37907 1.29978 0.494871
threshold=0.087141989315513882 30.628693158079034 20240265.000000004 20230312.000000004 2.3750000000000004 3.8300000000000005 69.315000000000012 0.90673212925688185 0.23385690516193181 0.24483549392908902 0.17045175572256913 28.787666687844887 2.6836836534522082 -1.6721049674639548
decision_type=2 2 2 2 2 2 2 2 2 2 2 2 2 2
left_child=2 -2 3 7 9 6 -5 -1 -9 11 13 -4 -12 -3
right_child=1 10 4 5 -6 -7 -8 8 -10 -11 12 -13 -14 -15
leaf_value=0.021663319974208742 0.0095795110839104539 -0.036175962102852413 0.0048244356596531084 -0.013251840094805008 -0.019355016389779465 -0.031455673721115684 0.016740780486181828 -0.0096344671909199125 0.0021329932771923256 -0.0045658109361234739 -0.019456151795766968 0.02842206963921411 0.011702593546305871 -0.014919986051907953
leaf_weight=6.1214755252003661 4.3835366293787947 3.721926098689436 3.4848557934165028 12.080568157136446 2.5081183314323416 5.3357911296188822 4.7492919676005831 20.710527155548334 125.39164202287793 2.8655744772404423 2.0998311880975962 8.7267624195665103 2.498404823243618 2.4618311524391165
leaf_count=35 30 33 29 80 13 51 26 120 659 22 20 72 21 25
internal_value=1.42575e-05 -0.00955921 0.00079074 -0.000265163 0.0113738 -0.0112829 -0.004562 0.00132581 0.000438943 0.0167771 -0.0176325 0.0220255 -0.00199909 -0.0285632
internal_weight=207.14 15.1655 191.975 174.389 17.5853 22.1657 16.8299 152.224 146.102 15.0772 10.782 12.2116 4.59824 6.18376
internal_count=1236 129 1107 971 136 157 106 814 779 123 99 101 41 58
is_linear=0
shrinkage=0.03


Tree=232
num_leaves=14
num_cat=0
split_feature=200 301 204 200 53 197 201 134 2 318 56 202 75
split_gain=1.6617 2.45578 2.25681 4.04867 3.62193 4.10965 4.64011 4.49203 3.17605 3.84635 3.1744 3.32721 3.04756
threshold=4381.9983379593987 1.0727606061366386 31.646950751500516 156.41675952116597 0.47699579831932776 0.42512460933296725 20.784899950126849 2.7812615384615391 60.125000000000007 1.1357019795983569 0.5736500000000001 23.671747989944361 4.1477500000000012
decision_type=2 2 2 2 2 2 2 2 2 2 2 2 2
left_child=2 -2 4 8 10 7 -7 -6 12 -10 11 -1 -4
right_child=1 -3 3 -5 5 6 -8 -9 9 -11 -12 -13 -14
leaf_value=-0.015498687112236006 -0.0025615443678270217 0.028505924975835924 0.026247456740410288 -0.021716354956456383 0.013019877472583562 0.0068809815790473712 -0.02548756220303048 -0.021912708460352291 -0.0026480118048334083 0.019016994983136096 -0.033357420233967136 0.00066222273170678237 0.00098858779840271501
leaf_weight=20.941991235129535 4.3549836315214616 4.3532731905579567 11.067737732082607 5.0491369124501935 4.3917754553258446 57.871823662891984 4.1518647931516162 11.853118639439343 37.23552168905735 9.0600127577781659 4.4362199716269961 24.435343749821186 7.4163468386977902
leaf_count=131 28 20 61 30 27 336 26 78 222 55 28 145 49
internal_value=1.20812e-05 0.0127759 -0.000540554 0.00377621 -0.00291851 0.00107301 0.0046284 -0.0122633 0.00583984 0.00155901 -0.00923981 -0.00674788 0.0163342
internal_weight=206.619 8.70826 197.911 69.8288 128.082 78.2686 62.0237 16.2449 64.7796 46.2955 49.8136 45.3773 18.4841
internal_count=1236 48 1188 417 771 467 362 105 387 277 304 276 110
is_linear=0
shrinkage=0.03


Tree=233
num_leaves=15
num_cat=0
split_feature=46 43 46 158 43 123 63 20 136 139 123 95 120 58
split_gain=1.66794 3.02454 2.91773 3.71608 3.47607 3.35092 3.13602 3.56265 3.45822 3.35976 4.37962 3.01943 2.96969 2.30448
threshold=0.23515000000000003 0.062550000000000008 0.34590000000000004 15.400732480450001 -0.6580999999999998 670.50000000000011 16.310000000000006 -4.6199999999999992 4.1565631578947366 38.165626257500001 672.50000000000011 -9.4949168648797535 6669.5100000000011 14.815000000000003
decision_type=2 2 2 2 2 2 2 2 2 2 2 2 2 2
left_child=1 -1 3 5 -5 -2 9 -8 -9 10 -4 -11 -7 -6
right_child=2 -3 6 4 13 12 7 8 -10 11 -12 -13 -14 -15
leaf_value=-0.0029277392539227153 0.021536592926209283 0.029222778000592097 0.014207418929521308 0.0087715758407975186 -0.029299936593935993 -0.014533835581806697 0.034231980847426131 -0.011341564189303073 0.00093550318803368841 0.015298703239976282 -0.025333661673558695 0.00097657502312341218 0.016469444927120536 0
leaf_weight=5.4570042416453344 5.2104065418243435 4.7092427685856819 4.040696579962967 3.4834823785349753 12.385008238255976 10.524010460823773 2.2242475897073737 31.370375588536263 58.909494379535317 31.333410620689389 6.1487819701433182 23.73764750733972 3.6008115261793128 3.0044918730854979
leaf_count=34 29 27 26 22 74 61 10 200 363 175 37 135 22 21
internal_value=1.08414e-05 0.0118125 -0.000591791 -0.00802887 -0.0174713 0.00107592 0.0011943 -0.0023342 -0.00330516 0.00623761 -0.00937617 0.00919268 -0.00635912 -0.0236234
internal_weight=206.139 10.1662 195.973 38.2082 18.873 19.3352 157.765 92.5041 90.2799 65.2605 10.1895 55.0711 14.1248 15.3895
internal_count=1236 61 1175 229 117 112 946 573 563 373 63 310 83 95
is_linear=0
shrinkage=0.03


Tree=234
num_leaves=21
num_cat=0
split_feature=138 104 121 301 151 138 279 41 49 295 46 40 207 138 202 284 276 266 304 3
split_gain=1.67493 2.75156 4.36751 4.07075 3.44381 2.27698 3.60858 3.52944 2.64259 5.49182 4.55182 5.35609 4.05391 3.06625 2.40916 4.40938 3.36175 2.12432 2.02121 1.72144
threshold=69.809271121538487 0.57500000000000007 0.63370000000000004 1.120891292060558 0.30022613435000006 190.12491336307974 0.13608683754965498 20220330.500000004 0.52936186440677979 2.5762732744179595 0.33495000000000003 12.785000000000002 0.052167603657740626 107.73040874138637 21.242107892819174 -1.2299999999999967 -0.071155264538733845 0.10510523508472151 1.0070672260513438 65.660000000000011
decision_type=2 2 2 2 2 2 2 2 2 2 2 2 2 2 2 2 2 2 2 2
left_child=1 3 18 4 -1 8 14 -8 10 12 13 -12 -10 -2 15 -7 -16 -6 -3 -5
right_child=5 2 -4 19 17 6 7 -9 9 -11 11 -13 -14 -15 16 -17 -18 -19 -20 -21
leaf_value=-0.0098030157635881441 -0.0048572400079411899 -0.00036859440402702167 0.016092858524015818 -0.024448289436915783 0.01501326193607791 -0.0095662481846087357 -0.027604533116858856 0.0089598473378244229 0.020116098019672516 -0.030547031448529247 0.0088168382186251237 -0.01032281958605758 -0.0043475938211095409 -0.032041364327811954 -0.0079381796119523326 0.015270959554931875 0.017989662739268362 0.038623775336673494 -0.034473674563581087 0.003280686108280184
leaf_weight=3.6844654567539754 6.6162129230797317 2.7152583841234428 4.2623543664813042 3.3961544893681994 15.185273196548225 16.882443636655807 6.0539215207099897 3.6458496358245611 13.096400491893297 3.5461870841681948 20.884466579183936 34.84060332365334 10.970983806997536 9.5819663368165475 5.4697277825325754 10.253231491893532 21.125085370615125 4.8393964618444434 4.2852838076651096 4.3420589491724968
leaf_count=23 42 18 25 22 88 109 34 26 72 23 116 218 69 57 37 62 120 25 25 25
internal_value=1.27829e-05 0.00530824 -0.00721751 0.0098981 0.016093 -0.00135905 0.00305288 -0.0136038 -0.00420093 0.00360646 -0.00724092 -0.00309304 0.00886848 -0.0212199 0.00613526 -4.97322e-05 0.012535 0.0210319 -0.0218595 -0.00866294
internal_weight=205.677 42.7102 11.2629 31.4473 23.7091 162.967 63.4303 9.69977 99.5368 27.6136 71.9232 55.7251 24.0674 16.1982 53.7305 27.1357 26.5948 20.0247 7.00054 7.73821
internal_count=1236 251 68 183 136 985 388 60 597 164 433 334 141 99 328 171 157 113 43 47
is_linear=0
shrinkage=0.03


Tree=235
num_leaves=11
num_cat=0
split_feature=303 315 293 112 3 119 285 317 284 206
split_gain=1.66091 2.38922 2.00864 2.15256 2.50811 2.49056 3.8535 2.95173 1.55933 1.01732
threshold=1.1552604006831293 0.5458333333333335 9.8317436961736338 0.56250000000000011 68.625000000000014 7365.8000000000011 -4.7600000000000007 -0.042054705238660096 -2.2800000000000042 -1.9886971762401335
decision_type=2 2 2 2 2 2 2 2 2 2
left_child=2 9 3 5 8 7 -7 -1 -5 -2
right_child=1 -3 -4 4 -6 6 -8 -9 -10 -11
leaf_value=0.0048828602344421759 -0.0073557604392523795 0.0079472800535684979 -0.018741933048029392 0.0080363513713065226 -0.0038269182364166891 0.018282550356144699 -0.00084908741262243979 -0.0047209041210732241 0.031961930359942443 -0.034836030905902572
leaf_weight=40.966384630650282 2.4833936393260956 3.0637016054242849 4.599002866074442 5.5675573460757741 5.9380508139729491 15.608120439574121 23.159366644918919 95.079109702259302 5.1569876968860635 3.3198239486664516
leaf_count=241 22 17 34 37 37 88 139 557 35 29
internal_value=9.88371e-06 -0.0126011 0.000601605 0.00109141 0.0113624 8.93315e-05 0.00680351 -0.0018055 0.0200073 -0.0239083
internal_weight=204.941 8.86692 196.075 191.476 16.6626 174.813 38.7675 136.045 10.7245 5.80322
internal_count=1236 68 1168 1134 109 1025 227 798 72 51
is_linear=0
shrinkage=0.03


Tree=236
num_leaves=16
num_cat=0
split_feature=304 54 113 61 90 269 142 101 313 106 191 110 287 13 102
split_gain=1.63443 1.97105 3.52345 3.74487 3.60788 4.31282 3.73732 3.05572 2.9801 3.24634 3.95251 3.13154 2.987 2.25205 0.679907
threshold=0.80759572489241316 0.54485000000000017 0.30080000000000001 4.495000000000001 494471344.0800001 -1.5894197326293242 4.1865351353500007 0.23115000000000002 0.21285808626472272 0.87620000000000009 7.6884752441728006 0.9578000000000001 -0.29999999999999888 17.475000000000005 -0.43874999999999992
decision_type=2 2 2 2 2 2 2 2 2 2 2 2 2 2 2
left_child=-1 2 3 -2 6 -6 -4 -5 12 10 -10 -11 14 -14 -3
right_child=1 8 4 7 5 -7 -8 -9 9 11 -12 -13 13 -15 -16
leaf_value=0.018511450417452311 0.021935308889306889 -0.013073373853789687 0.0063465135142985324 0.00078162360100694783 0.013797174217612623 -0.025995570714904537 0.028965217868663781 -0.011918834984492175 0.0070955199366856646 -0.028328317799872223 -0.020793341789708708 0.0051301488508443448 -0.018158880612203249 0.017387204327451649 -0.036175547481490669
leaf_weight=4.1147723272442809 4.9276608973741522 2.2717551738023758 49.480607127770782 37.898193292319775 3.9202005714178085 5.977187028154729 7.6504376716911784 30.285650282166898 31.114377873018384 6.6149800568819028 5.2286338023841372 3.7689176984131336 3.3455612082034332 2.8779705725610256 5.2128565572202206
leaf_count=25 34 20 285 225 19 34 36 188 193 37 35 21 26 18 40
internal_value=8.8043e-06 -0.000364861 0.00157207 -0.00295279 0.0065493 -0.00995385 0.00947313 -0.00482488 -0.00490105 -0.00121071 0.00295481 -0.0159651 -0.0171632 -0.00123174 -0.0298239
internal_weight=204.69 200.575 140.14 73.1115 67.0284 9.89739 57.131 68.1838 60.4351 46.7269 36.343 10.3839 13.7081 6.22353 7.48461
internal_count=1236 1211 821 447 374 53 321 413 390 286 228 58 104 44 60
is_linear=0
shrinkage=0.03


Tree=237
num_leaves=12
num_cat=0
split_feature=41 41 17 71 46 318 303 290 302 302 141
split_gain=1.62219 3.18556 3.43353 2.9417 2.519 2.67644 1.94808 1.72588 1.68807 0.660408 0.429808
threshold=20250918.500000004 20240265.000000004 19.440000000000001 20231019.000000004 0.23515000000000003 1.1162619516581602 0.99870717031589518 2.1300000000000003 0.59746724365462123 0.50105000000000011 1.2282026033500002
decision_type=2 2 2 2 2 2 2 2 2 2 2
left_child=1 3 7 4 6 -6 -1 8 -3 -2 -5
right_child=9 2 -4 10 5 -7 -8 -9 -10 -11 -12
leaf_value=0 -0.029445701457249188 0.026990697825283978 -0.017705489920980047 -0.03395088764396588 -0.0028079356678042404 0.0071682584598165922 0.030057784119840916 -0.0030781107107333314 0.002364703450897696 0 -0.011476725617057718
leaf_weight=3.935184031724928 2.2376955421641465 10.781225090846425 2.8948450163006774 2.3955581728368989 138.84794549271464 29.11569195613265 4.1539971567690372 2.9867171794176093 3.6402132585644713 1.0436654817312954 2.0875210724771023
leaf_count=21 50 86 17 22 779 165 23 16 24 14 19
internal_value=8.21223e-06 0.000369641 0.0116164 -0.000884291 -0.000249231 -0.00105752 0.0159758 0.0167371 0.0210404 -0.0205829 -0.0246193
internal_weight=204.12 200.839 20.303 180.536 176.053 167.964 8.08918 17.4082 14.4214 3.28136 4.48308
internal_count=1236 1172 143 1029 988 944 44 126 110 64 41
is_linear=0
shrinkage=0.03


Tree=238
num_leaves=6
num_cat=0
split_feature=186 284 274 289 318
split_gain=1.59356 2.18846 2.08152 2.25411 2.23423
threshold=10.598470880400006 -16.135000000000002 -0.60383903893929558 -8.7749999999999986 1.1162619516581602
decision_type=2 2 2 2 2
left_child=1 -1 -3 -4 -5
right_child=-2 2 3 4 -6
leaf_value=-0.027282028554807883 0.018170231406674318 -0.021497468145890333 0.020455218260164557 -0.0017231764843916517 0.0064200258158201998
leaf_weight=2.5821728929877272 4.1629972402006379 3.8718126267194739 4.8369534946978083 150.35146391112357 37.867509147152305
leaf_count=19 24 21 27 913 232
internal_value=6.79697e-06 -0.000366087 0 0.000442567 -6.63876e-05
internal_weight=203.673 199.51 196.928 193.056 188.219
internal_count=1236 1212 1193 1172 1145
is_linear=0
shrinkage=0.03


Tree=239
num_leaves=20
num_cat=0
split_feature=318 318 14 312 284 82 137 56 101 120 109 77 42 42 130 56 302 132 314
split_gain=1.59459 4.14947 4.2002 4.74674 3.15723 2.95705 3.95285 3.39152 2.72034 2.66826 3.12639 5.11502 3.80962 3.10116 3.05926 2.91282 2.7726 2.29976 1.62818
threshold=0.89457603411583941 1.1118182608657612 22.125000000000004 -0.21774265960312464 -11.849999999999996 28.905000000000005 6.0108500000000005 -0.20964999999999998 0.18825000000000003 14243.715000000002 0.31565000000000004 26.365000000000006 0.53480000000000005 0.39120000000000005 12.500000000000002 0.028350000000000004 0.35070000000000012 36.327575000000003 0.11118017215628619
decision_type=2 2 2 2 2 2 2 2 2 2 2 2 2 2 2 2 2 2 2
left_child=9 2 3 -2 -3 7 -7 -6 -5 10 12 13 14 -12 -1 -13 -14 -4 -11
right_child=1 4 17 8 5 6 -8 -9 -10 18 11 15 16 -15 -16 -17 -18 -19 -20
leaf_value=-0.0074574517238199297 0.017995392322909341 -0.032113323200044064 0.02699222396470383 0.0036276031170757459 -0.0094157988785346838 -0.018290245787659917 0.014967342260106268 0.017789643705591413 -0.016242143473955872 -0.030618584533288223 -0.033426531695935874 0.032451898696348104 -0.034389319697654956 0.0052758361772630279 0.0083364538503314933 0.010539136357451431 0 -0.0034553345551635857 0
leaf_weight=16.699339298531413 4.5965367779135695 1.8643264230340708 4.3298824056982976 6.9488232973963013 4.8943483196198931 7.8603097293525916 5.2293049730360508 21.138130515813831 42.259135813452303 3.1925102919340125 3.1764879003167144 7.5362183749675777 4.5951418559998256 4.0222515426576138 31.537632394582033 22.620040856301785 3.6854467950761318 4.156135231256485 3.1843210738152266
leaf_count=96 23 12 24 46 33 48 30 130 275 20 17 38 35 26 180 127 25 28 23
internal_value=6.08428e-06 -0.00259409 -0.00748593 -0.0106098 0.00476755 0.00667895 -0.00476363 0.0125435 -0.0133738 0.0027146 0.00402122 0.0107459 -0.000381545 -0.0116148 0.00280252 0.0162036 -0.0190998 0.0118642 -0.0158219
internal_weight=203.526 103.277 62.2905 53.8045 40.9864 39.1221 13.0896 26.0325 49.208 100.249 93.8726 37.355 56.5176 7.19874 48.237 30.1563 8.28059 8.48602 6.37683
internal_count=1236 649 396 344 253 241 78 163 321 587 544 208 336 43 276 165 60 52 43
is_linear=0
shrinkage=0.03


Tree=240
num_leaves=17
num_cat=0
split_feature=138 43 193 201 101 168 103 312 172 199 284 281 318 64 163 291
split_gain=1.60053 2.65557 3.113 4.10562 2.78887 2.62271 2.25163 2.74211 2.66682 3.46801 2.52327 2.19342 3.46781 2.58937 1.86269 0.73197
threshold=69.809271121538487 -0.64829999999999999 0.80958797990310016 9.5460152695082936 0.25560000000000005 0.7720218781 -0.035549999999999991 -0.13767711962833909 0.11591807840000001 31.190833716725983 -16.135000000000002 13.421433693898882 0.89457603411583941 28.175000000000004 1.1825965760000001 -1.5000000000000007
decision_type=2 2 2 2 2 2 2 2 2 2 2 2 2 2 2 2
left_child=1 14 5 4 -4 -3 7 -2 -9 -10 -8 12 -12 -13 -1 -7
right_child=6 2 3 -5 -6 15 10 8 9 -11 11 13 -14 -15 -16 -17
leaf_value=0.032019179820832598 0.011584803797848091 0.0054871886942017859 0.014178011326672454 0.032649343870812662 -0.0097568346279450647 -0.032059541953324999 -0.033936567854893698 0.016250481408235116 -0.0020763029865028511 -0.021738619360642638 0.0054140508338648549 -0.00036698767415416786 -0.0053478052545332805 0.03036955618641872 0.0024035949295524821 -0.010081689253482788
leaf_weight=4.908123664557932 5.7257120367139569 4.7627301327884179 7.9782545045018258 4.6869834661483756 9.4177606515586358 3.7758215926587582 1.7524468936026085 2.9175940938293925 15.215061743743716 18.090534979477525 54.446781512349844 4.595925033092497 53.142847718670964 4.7862083427608013 3.4958008229732513 3.0857235379517078
leaf_count=27 34 31 46 26 58 23 13 17 97 136 307 29 327 25 21 19
internal_value=4.6832e-06 0.00521827 0.00133907 0.00802246 0.00106712 -0.0110618 -0.00134549 -0.00731788 -0.010412 -0.0128792 0.000743869 0.00131761 7.04494e-05 0.0151515 0.0202258 -0.0228936
internal_weight=202.784 42.1112 33.7073 22.083 17.396 11.6243 160.673 41.9489 36.2232 33.3056 118.724 116.972 107.59 9.38213 8.40392 6.86155
internal_count=1236 251 203 130 104 73 985 284 250 233 701 688 634 54 48 42
is_linear=0
shrinkage=0.03


Tree=241
num_leaves=10
num_cat=0
split_feature=46 201 19 313 301 110 186 197 168
split_gain=1.58503 1.90527 3.66145 2.54572 3.34475 2.88987 2.73933 4.18763 3.52535
threshold=0.20360000000000003 22.915889084569844 13.940000000000003 0.15185821667532318 1.2929700056927496 -0.24769999999999998 -0.67452021137499851 10.001651550289528 2.1165974778000005
decision_type=2 2 2 2 2 2 2 2 2
left_child=-1 3 -3 4 5 -2 7 -5 -8
right_child=1 2 -4 6 -6 -7 8 -9 -10
leaf_value=0.019300736933602035 0.0088963474128747177 0.0037504787144918648 -0.031439394864587043 -0.0034229679423900703 0.018436438218366488 -0.020684527142852509 0.012328774145870972 0.01085130915906668 -0.007566253150564025
leaf_weight=3.6657758615910998 3.5298020541667983 5.3754331581294519 4.8942025378346443 99.343628343194723 3.0951964631676665 14.234245151281357 35.451902972534299 22.590530900284648 10.077207043766974
leaf_count=25 24 31 32 586 16 112 225 128 57
internal_value=5.15744e-06 -0.000345452 -0.0128721 0.000328202 -0.00950879 -0.0146218 0.00157635 -0.000747089 0.00785262
internal_weight=202.258 198.592 10.2696 188.323 20.8592 17.764 167.463 121.934 45.5291
internal_count=1236 1211 63 1148 152 136 996 714 282
is_linear=0
shrinkage=0.03


Tree=242
num_leaves=16
num_cat=0
split_feature=264 262 177 46 22 14 13 75 210 113 130 304 204 210 90
split_gain=1.57603 2.2299 3.02712 2.81906 3.05656 2.33438 3.47428 2.71091 3.76882 3.20669 1.76746 1.75585 1.66418 1.22631 1.94917
threshold=-4.4633185101721802 -0.028865604801158181 0.87300763445000007 0.37350000000000005 -1.2099999999999997 23.025000000000002 24.975000000000005 2.8932000000000007 75.96988911116749 0.24255000000000002 16.500000000000004 1.0405748387981892 21.805025305737292 -29.645774144800978 16205091.200000001
decision_type=2 2 2 2 2 2 2 2 2 2 2 2 2 2 2
left_child=12 2 13 -4 -5 7 10 8 -3 -9 -7 -8 -1 -2 -15
right_child=1 5 3 4 -6 6 11 9 -10 -11 -12 -13 -14 14 -16
leaf_value=-0.028356031920694809 0.033664448418414206 0.0054318827777707548 -0.022352413038956107 -0.01303743643116103 0.021056503606305677 0.029714034452494095 -0.023707959691320581 -0.027455334228120826 -0.016339944149162483 -0.0037904275832548076 0.0029101957742811071 0.0071703011805471098 0.0023382763388730475 0.026943949618994045 -0.0034285888492015001
leaf_weight=3.4508283864706746 4.1061761789023876 57.662866826169193 3.7781120128929606 3.664342012256383 6.0213684719055882 6.6772358566522616 3.0115435756742945 5.462436055764555 8.0247278995811921 83.392809424549341 3.7150403521955013 3.262645497918129 2.55074124597013 3.6685903854668158 3.4924992099404335
leaf_count=24 26 324 23 22 37 39 21 48 48 513 23 21 21 23 23
internal_value=5.44864e-06 0.000487604 0.00889829 -0.000506341 0.00784994 -0.000714288 0.00989024 -0.00188297 0.00270573 -0.0053082 0.0205372 -0.0073197 -0.0149944 0.0203059 0.0118747
internal_weight=201.942 195.94 24.7311 13.4638 9.68571 171.209 16.6665 154.543 65.6876 88.8552 10.3923 6.27419 6.00157 11.2673 7.16109
internal_count=1236 1191 154 82 59 1037 104 933 372 561 62 42 45 72 46
is_linear=0
shrinkage=0.03


Tree=243
num_leaves=19
num_cat=0
split_feature=313 317 62 213 215 192 210 203 106 69 105 207 43 46 286 117 24 108
split_gain=1.58817 3.08305 2.7842 2.78321 2.70089 2.65877 2.5571 2.54289 2.84398 3.29422 3.7327 3.29845 3.14753 4.23918 2.99985 2.27697 1.99621 0.910507
threshold=0.27997802381743125 0.20764871907455398 19.545000000000005 6.2504222757220953 3.3295371921512777 3.4563913140514946 -20.393427789923418 91.499534579346516 -0.13174999999999998 333.50000000000006 0.19725000000000001 0.0040977049742724212 1.2771000000000001 0.37095000000000006 -0.87000000000000088 1994.3150000000003 -0.23499999999999996 0.52500000000000013
decision_type=2 2 2 2 2 2 2 2 2 2 2 2 2 2 2 2 2 2
left_child=7 2 15 -3 6 -5 -4 8 9 10 -1 -11 14 -14 -10 -2 -6 -17
right_child=1 3 4 5 16 -7 -8 -9 12 11 -12 -13 13 -15 -16 17 -18 -19
leaf_value=-0.027263694488154189 -0.00060685281679072106 -0.02923551751467978 0.0052913134456057725 0.023347395783462118 0.028668463710482199 -0.011946985935083332 -0.0248719917319239 0.021467887333477233 0.00098851126344002573 0.009644362763853543 0.0016087199175519207 -0.023086690413106275 -0.032001288947785846 -0.0018375913218471552 0.015703654049731387 0.036356505599701688 0 0.015000034572284672
leaf_weight=4.5043796598911277 3.0430521667003658 3.6502902768552286 5.4438375923782587 3.1010308070108294 4.4092136137187481 4.6429517529904842 4.3980164937675017 4.1549794450402251 54.600304903462529 3.1470403186976936 31.311126824468374 15.976431902498005 5.049348188564184 24.116043532267213 16.269943778403103 5.6137462519109231 4.1636133901774866 3.8489562273025513
leaf_count=29 19 23 31 17 28 32 26 25 316 19 195 114 32 148 96 37 24 25
internal_value=4.95736e-06 0.00517829 0.010129 -0.00796657 0.00249243 0.00192144 -0.00800056 -0.00135425 -0.00199892 -0.00748264 -0.00200472 -0.0175221 0.000987209 -0.00725379 0.00442636 0.0210268 0.0148379 0.0282312
internal_weight=201.444 42.3147 30.9204 11.3943 18.4147 7.74398 9.84185 159.13 154.975 54.939 35.8155 19.1235 100.036 29.1654 70.8702 12.5058 8.57283 9.4627
internal_count=1236 262 190 72 109 49 57 974 949 357 224 133 592 180 412 81 52 62
is_linear=0
shrinkage=0.03


Tree=244
num_leaves=15
num_cat=0
split_feature=310 200 131 207 66 196 213 112 186 13 174 308 108 211
split_gain=1.5708 2.43255 2.37112 4.05711 3.72522 3.94061 3.72482 3.22082 3.27013 3.26068 2.24466 1.80791 1.37466 0.698353
threshold=0.087141989315513882 30.628693158079034 75.577727777777795 0.20240372197112375 4.3550000000000013 1.848572271797946 -7.9609690632252166 0.52915000000000012 -0.59969562380000052 18.375000000000004 -0.36711657510000001 0.1812070043777361 0.54165000000000008 2.94897870233673
decision_type=2 2 2 2 2 2 2 2 2 2 2 2 2 2
left_child=2 -2 3 4 5 -1 -6 8 9 -4 -9 13 -12 -3
right_child=1 11 7 -5 6 -7 -8 10 -10 -11 12 -13 -14 -15
leaf_value=-0.0043803006108509021 0.0091026361097231705 -0.035496078533150351 -0.021938937217127918 0.024678327645340812 0.0088843997850406153 0.0075232550134218049 -0.015029420452483885 0 0.018681813483950059 0.0034963829772370865 0.011032168082187755 -0.0010198958444589152 0.031635631423645644 -0.011628946599132925
leaf_weight=56.495646158233285 4.2438495941460124 3.9130680346861464 7.3618897758424344 5.1813058480620375 7.0753539055585852 44.66040819324553 29.421728977933526 5.4557386301457909 6.0588394142687312 11.120519831776617 5.9773596841841918 4.1112726796418428 7.3854113332927227 2.3322098962962627
leaf_count=332 30 38 47 27 42 253 192 37 39 63 32 34 43 27
internal_value=5.34757e-06 -0.00942061 0.000765247 -0.00108283 -0.00209148 0.000847732 -0.0102999 0.00691065 -0.000138646 -0.00653708 0.0162144 -0.0173123 0.0227926 -0.0273798
internal_weight=200.795 14.6004 186.194 142.834 137.653 101.156 36.4971 43.3598 24.5412 18.4824 18.8185 10.3566 13.3628 6.24528
internal_count=1236 129 1107 846 819 585 234 261 149 110 112 99 75 65
is_linear=0
shrinkage=0.03


Tree=245
num_leaves=8
num_cat=0
split_feature=292 292 77 54 202 211 288
split_gain=1.54733 1.9842 1.98368 2.86899 2.16442 3.05318 2.88426
threshold=-7.6899999999999986 -6.9399999999999995 12.460000000000003 0.43970000000000004 19.55588997837787 96.911621294756642 5.3250000000000002
decision_type=2 2 2 2 2 2 2
left_child=-1 -2 3 -3 5 -4 -6
right_child=1 2 4 -5 6 -7 -8
leaf_value=0.021306322658650199 -0.022374993619398962 0.030707721467224836 -0.002372005543857361 -0.0024312047342272317 0.0031176504598590038 -0.02227540342203304 -0.022755714666926219
leaf_weight=2.9271287694573394 3.5006822980940333 4.4410735275596362 68.709017633460462 4.5314848478883505 104.56379584874958 7.703180579468607 3.9068176858127108
leaf_count=16 22 30 428 27 639 49 25
internal_value=6.04061e-06 -0.000305316 8.90859e-05 0.0137983 -0.000567119 -0.00444419 0.00213803
internal_weight=200.283 197.356 193.855 8.97256 184.883 76.4122 108.471
internal_count=1236 1220 1198 57 1141 477 664
is_linear=0
shrinkage=0.03


Tree=246
num_leaves=18
num_cat=0
split_feature=139 181 55 262 187 48 107 313 171 0 318 281 16 180 77 156 139
split_gain=1.56461 3.96866 3.67535 3.62283 3.50038 2.90204 3.39125 4.06727 3.57072 3.31679 3.05575 4.74062 3.7661 2.87147 2.62419 2.61694 2.15975
threshold=58.552659755000008 0.052062562450000009 -0.030499999999999996 0.10571476681435223 0.50503536957500039 -0.25174999999999997 -0.043799999999999999 0.25695215083010908 0.121360059368 65.685000000000016 0.89457603411583941 12.409708528264241 16.440000000000001 0.26163418279200007 38.795000000000009 0.30270319675000007 41.823627330000008
decision_type=2 2 2 2 2 2 2 2 2 2 2 2 2 2 2 2 2
left_child=1 -1 3 16 14 -2 7 8 -7 -9 12 -12 -8 -5 -4 -6 -3
right_child=5 2 4 13 15 6 10 9 -10 -11 11 -13 -14 -15 -16 -17 -18
leaf_value=-0.023825874339734807 0.020880425353020711 0.0068700916698291479 -0.0029622352992859594 -0.010864060172858176 -0.035748742813230205 0.006092347433052433 0.013131408500072633 0.027643184678543251 -0.023831602015885332 -0.0089593733346593069 -0.009133779802447296 0.027099308010623945 -0.0043783337594285651 0.013281138874786692 0.013635909111419308 0 0.034405010294129672
leaf_weight=4.4400554709136477 4.6124542243778697 4.23585903272033 22.411855475977063 6.8493368010967997 3.924343939870595 4.2131053023040357 25.17018673568964 3.5675433743745071 18.577495434321463 5.4341413788497448 36.852721692062914 3.4338657613843671 19.246194239705801 11.831660784780977 13.570173211395739 3.5454725921154022 8.1864018291234952
leaf_count=29 30 29 137 45 25 28 146 21 129 37 231 21 120 64 84 18 42
internal_value=4.33209e-06 0.00330147 0.00498695 0.0128464 -0.000586617 -0.0021225 -0.00307612 -0.0114146 -0.0181663 0.00536166 2.80219e-05 -0.00591168 0.00548403 0.00425792 0.00323485 -0.0191904 0.0253853
internal_weight=200.103 78.9952 74.5551 31.1033 43.4518 121.108 116.495 31.7923 22.7906 9.00168 84.703 40.2866 44.4164 18.681 35.982 7.46982 12.4223
internal_count=1236 473 444 180 264 763 733 215 157 58 518 252 266 109 221 43 71
is_linear=0
shrinkage=0.03


Tree=247
num_leaves=14
num_cat=0
split_feature=186 313 317 109 62 295 318 301 132 299 167 196 132
split_gain=1.56221 1.89447 3.01878 3.01509 2.86449 2.74773 2.57644 3.86794 4.30883 3.72615 3.64253 2.98998 0.37288
threshold=10.598470880400006 0.27997802381743125 0.20764871907455398 0.29640000000000005 19.545000000000005 0.89534942473991797 0.89457603411583941 1.3976229360420616 17.109225000000002 2.2101945467327124 4.6560851750000003 4.5172181163499108 33.224150000000009
decision_type=2 2 2 2 2 2 2 2 2 2 2 2 2
left_child=1 6 3 12 -5 -4 9 8 -8 11 -11 -1 -3
right_child=-2 2 5 4 -6 -7 7 -9 -10 10 -12 -13 -14
leaf_value=0.00043638208785118008 0.018210065443461251 0.034065860679096387 -0.021793218249605253 0.017988317016643753 -0.003498877925855225 0.0073541343872053407 0.015081453035752283 0.01699762070944854 -0.010911186175549509 0.006267489348208889 -0.033181789181728157 0.014676643615048449 0.016148543073789077
leaf_weight=58.621316719800234 4.0603997353464356 4.1410699468106058 5.9168278258293849 8.9889007750898617 13.994400367140768 5.3611293118447065 6.1920052804052821 5.7645962610840789 57.878469521179795 3.3368507139384729 5.0363243985921144 17.239278420805931 2.9541331902146339
leaf_count=344 24 26 39 58 83 33 34 36 386 23 34 96 20
internal_value=4.76062e-06 -0.000367272 0.00530703 0.0103045 0.00481644 -0.0077311 -0.00191233 -0.00617769 -0.00833282 0.00159148 -0.0172181 0.00372703 0.0273509
internal_weight=199.486 195.425 41.3565 30.0785 22.9833 11.278 154.069 69.8351 64.0705 84.2338 8.37318 75.8606 7.0952
internal_count=1236 1212 259 187 141 72 953 456 420 497 57 440 46
is_linear=0
shrinkage=0.03


Tree=248
num_leaves=12
num_cat=0
split_feature=303 149 293 53 314 80 162 282 137 295 1
split_gain=1.55776 2.23357 1.86635 1.99289 3.17784 2.9384 3.87053 2.7411 2.59215 1.95351 0.835051
threshold=1.1552604006831293 10.895873353500003 9.8317436961736338 0.51045252100840344 0.46540181874134195 20210906.500000004 1.0633020232840005 0.016182375165814208 1.7832250000000001 0.99420519755302694 67.065000000000012
decision_type=2 2 2 2 2 2 2 2 2 2 2
left_child=2 -2 3 4 7 8 -7 -1 -5 -6 -3
right_child=1 10 -4 5 9 6 -8 -9 -10 -11 -12
leaf_value=-0.014954841320861306 0.0059866002713351235 -0.035167434070455389 -0.018359942146920508 -0.0075788231494878814 -0.032667180519904818 0.0053387332043808673 -0.024520308426152038 0.0015977289615637584 0.017620138837180058 -0.00095327710612328127 -0.0084536452622547362
leaf_weight=9.6097144503146392 3.3331587761640531 2.9771793689578772 4.4492572434246531 4.1981990709900883 4.2743996717035762 16.162538915872577 5.0229629781097165 122.28209742251784 21.178969148546457 3.2571096187457442 2.2629689909517765
leaf_count=66 25 24 34 21 28 119 34 730 112 24 19
internal_value=8.19198e-06 -0.0124104 0.000589237 0.00106829 -0.000707935 0.00644129 -0.00168167 0.000358554 0.0133203 -0.0195374 -0.0245671
internal_weight=199.009 8.57331 190.435 185.986 139.423 46.5627 21.1855 131.892 25.3772 7.53151 5.24015
internal_count=1236 68 1168 1134 848 286 153 796 133 52 43
is_linear=0
shrinkage=0.03


Tree=249
num_leaves=19
num_cat=0
split_feature=137 18 306 137 279 144 192 130 41 41 63 76 69 132 62 278 98 67
split_gain=1.56224 3.41194 3.63645 2.79217 3.85992 3.87091 3.63145 3.29629 3.29071 4.10454 2.71507 2.94134 3.23425 2.71468 3.65947 3.03912 2.62219 2.51421
threshold=2.6964500000000005 15.940000000000003 0.7580803647151465 1.8421000000000003 0.13608683754965498 0.52154444264000011 23.724884017564435 12.500000000000002 20210302.500000004 20210810.000000004 108.105 18.202550000000006 332.50000000000006 47.197350000000007 19.085000000000004 0.71970514418941767 1.0000000180025095e-35 0.097350000000000006
decision_type=2 2 2 2 2 2 2 2 2 2 2 2 2 2 2 2 2 2
left_child=3 10 -3 6 5 7 8 -5 -1 -10 11 12 -2 15 -15 -4 -7 -8
right_child=1 2 13 4 -6 16 17 -9 9 -11 -12 -13 -14 14 -16 -17 -18 -19
leaf_value=-0.025400758842800197 0.012249423943179408 0.016257760627347306 -0.019657412316978651 -0.026128748933617787 -0.021980197943066659 -0.0037327265613926342 -0.0039275169052963689 0.0077374719551543576 0.0236275212575906 -0.0078129556068146505 0.029255627517208317 -0.022872411483854327 -0.0033724047450146722 0.014031361940775944 -0.0099544447227606012 0.0006017442187983942 0.023440756255008587 0.027543881061799728
leaf_weight=6.8416258543729809 21.596407910808921 5.429535672068595 25.686537174507976 3.4213724620640269 3.1733357869088641 3.5642906539142158 3.6762754470109922 9.5575650632381421 4.4869665354490307 19.75478945299983 3.3172844480723134 3.9647004157304755 25.974040132015944 8.7550081945955771 15.981941830366848 8.5964624304324371 19.61968532204628 5.2755264788866043
leaf_count=35 134 32 162 25 21 28 24 64 24 138 19 24 155 50 107 54 111 29
internal_value=3.69242e-06 -0.00215041 -0.00684134 0.00327787 0.00895963 0.0118105 -0.00223836 -0.00109213 -0.00715344 -0.00179716 0.00330907 0.00152739 0.0036676 -0.00904098 -0.00132218 -0.0145032 0.0191362 0.0143874
internal_weight=198.673 119.302 64.4495 79.3714 39.3362 36.1629 40.0352 12.9789 31.0834 24.2418 54.8524 51.5351 47.5704 59.0199 24.737 34.283 23.184 8.9518
internal_count=1236 737 405 499 249 228 250 89 197 162 332 313 289 373 157 216 139 53
is_linear=0
shrinkage=0.03


Tree=250
num_leaves=8
num_cat=0
split_feature=63 149 162 160 204 132 160
split_gain=1.57787 1.80488 2.27458 2.39702 2.90156 2.18747 1.25974
threshold=3.2950000000000004 2.4062547741000002 0.017580873264000003 0.19973563730000002 49.62604641233083 45.768200000000007 0.60009658985000014
decision_type=2 2 2 2 2 2 2
left_child=-1 -2 6 4 -4 -5 -3
right_child=1 2 3 5 -6 -7 -8
leaf_value=0.024227168986149572 0.019395683769957626 -0.0024097093049439823 -0.017135996964890359 -0.0015409463314442298 0.01876811401816245 0.0055897711533807312 -0.030264763484569589
leaf_weight=2.2936900295317164 3.9984860587865105 2.9405415263026944 12.849296245723961 111.14288835506886 2.2405421203002325 59.036392563953996 3.4586292207241058
leaf_count=17 25 24 99 669 18 359 25
internal_value=3.15772e-06 -0.000277713 -0.000713673 -8.54077e-05 -0.011519 0.000916962 -0.0181605
internal_weight=197.96 195.667 191.668 185.269 15.0898 170.179 6.39917
internal_count=1236 1219 1194 1145 117 1028 49
is_linear=0
shrinkage=0.03


Tree=251
num_leaves=14
num_cat=0
split_feature=200 301 204 200 53 197 306 201 55 306 210 55 156
split_gain=1.52424 2.1336 2.04326 3.48428 3.35197 3.59974 3.99745 3.89948 2.8603 4.80058 3.25343 2.81452 2.9561
threshold=4381.9983379593987 1.0727606061366386 31.646950751500516 156.41675952116597 0.47699579831932776 -1.7169093058719176 0.91082866672351881 20.784899950126849 0.16115000000000004 1.1187500385723166 104.11745923378199 0.5736500000000001 -2.6247743787499993
decision_type=2 2 2 2 2 2 2 2 2 2 2 2 2
left_child=2 -2 4 8 11 6 -6 -7 10 -10 -4 12 -1
right_child=1 -3 3 -5 5 7 -8 -9 9 -11 -12 -13 -14
leaf_value=-0.029398429698473397 -0.0021391798929109975 0.027399673443352646 0.013653457229420695 -0.020434848717840268 0.016314271185637219 0.0061643889372546582 -0.022139912773250916 -0.02420753255879356 -0.019908425225482636 0.0078483564210533163 -0.014859942386001796 -0.032270087261317734 -0.0038552282766963863
leaf_weight=4.5393425449728957 4.1429690569639188 4.1863505207002163 34.505965894088149 4.8526644781231871 3.0179276317358008 57.874840997159481 10.162696452811359 3.942917611449956 8.8601726656779665 14.754540350288151 3.8391358181834212 4.2535352781414977 38.8206842597574
leaf_count=27 28 20 214 30 17 350 74 26 60 89 24 28 249
internal_value=2.79588e-06 0.0125002 -0.000537213 0.00366075 -0.00285029 0.00106743 -0.0130527 0.00414276 0.00562613 -0.00247944 0.0106894 -0.00907345 -0.00665986
internal_weight=197.754 8.32932 189.424 66.8125 122.612 74.9984 13.1806 61.8178 61.9598 23.6147 38.3451 47.6136 43.36
internal_count=1236 48 1188 417 771 467 91 376 387 149 238 304 276
is_linear=0
shrinkage=0.03


Tree=252
num_leaves=12
num_cat=0
split_feature=310 41 41 46 41 17 41 303 10 200 69
split_gain=1.52569 2.05876 2.83828 2.21344 2.34998 2.18074 2.3903 1.81503 1.44486 1.39237 0.805103
threshold=0.30622850432010745 20240213.500000004 20231067.000000004 0.23515000000000003 20210810.000000004 19.685000000000006 20250909.500000004 0.99870717031589518 17.625000000000004 32.830986011807475 333.50000000000006
decision_type=2 2 2 2 2 2 2 2 2 2 2
left_child=1 2 3 7 -5 6 8 -1 -3 -2 -8
right_child=9 5 -4 4 -6 -7 10 -9 -10 -11 -12
leaf_value=0 0.003360424756861781 0.031636668481910782 -0.026113319974695282 0.0028161621730597897 -0.0044273423442182727 -0.016255104013547978 -0.027685644515173375 0.029370746913070359 0.010958536787242774 -0.031350910651306838 0.0023255884998723848
leaf_weight=3.8267583623528472 1.4562172628939145 4.6758358199149432 3.7587655764073125 78.958050519227982 81.741171030327678 2.4714924953877917 1.3678954066708677 3.9692090637981892 11.156911812722681 2.52314234059304 1.3902770224958656
leaf_count=21 10 41 36 431 498 18 31 23 79 34 14
internal_value=0 0.000396788 -0.000671477 -7.09784e-05 -0.00085012 0.00923699 0.0128553 0.015417 0.0174139 -0.0181421 -0.0119565
internal_weight=197.296 193.316 172.254 168.495 160.699 21.0624 18.5909 7.79597 15.8327 3.97936 2.75817
internal_count=1236 1192 1009 973 929 183 165 44 120 44 45
is_linear=0
shrinkage=0.03


Tree=253
num_leaves=13
num_cat=0
split_feature=63 139 181 55 53 102 277 207 64 301 277 16
split_gain=1.52667 1.74684 3.65636 3.51924 4.12574 3.31476 3.31778 3.83613 3.0461 2.27843 2.56289 0.837748
threshold=3.2950000000000004 58.552659755000008 0.052062562450000009 -0.030499999999999996 0.44768907563025218 -0.43874999999999992 1.8382323176081725 0.098582599712211186 17.855000000000004 0.78527334728436904 0.49726309689486153 16.060000000000006
decision_type=2 2 2 2 2 2 2 2 2 2 2 2
left_child=-1 2 -2 8 -5 9 7 -7 -4 11 -11 -3
right_child=1 5 3 4 -6 6 -8 -9 -10 10 -12 -13
leaf_value=0.024005068020605331 -0.023135096711316229 -0.037973624200177809 0.021003424323839857 -0.026792419624078821 0.002618571123091616 -0.0044458257928964269 0.022869873308451603 0.011636240094963609 0.0014872845798250824 -4.6945171227103594e-05 -0.02223650198143632 -0.012817926187443651
leaf_weight=2.2585649043321601 4.3328592404723159 3.4075773730874088 17.076861737295989 4.73207152634859 37.993663722649217 66.675752184353769 5.3892080634832373 16.541217239573598 13.020137574523686 16.003116395324472 6.6887731421738854 2.7296588439494371
leaf_count=17 29 22 100 28 235 406 32 102 77 111 55 22
internal_value=0 -0.000276619 0.00321038 0.00484862 -0.000623735 -0.0025939 0.000251452 -0.00120302 0.0126929 -0.0114134 -0.00678814 -0.027651
internal_weight=196.849 194.591 77.1556 72.8227 42.7257 117.435 88.6062 83.217 30.097 28.8291 22.6919 6.13724
internal_count=1236 1219 469 440 263 750 540 508 177 210 166 44
is_linear=0
shrinkage=0.03


Tree=254
num_leaves=8
num_cat=0
split_feature=303 315 265 293 149 284 215
split_gain=1.49451 2.16866 1.77668 1.80039 2.37124 2.18873 1.01826
threshold=1.1552604006831293 0.5458333333333335 1.8775807951142154 9.8317436961736338 2.4062547741000002 -14.209999999999999 -1.3747453988820404
decision_type=2 2 2 2 2 2 2
left_child=2 6 3 4 -1 -6 -2
right_child=1 -3 -4 -5 5 -7 -8
leaf_value=0.02551629442282162 -0.0061984158185838696 0.0077224265490188782 -0.021250664724622427 -0.017812543594767083 -0.018669304782995944 0.0015243490318225942 -0.034359459231591026
leaf_weight=3.5214958228170863 2.3229062985628843 2.9163693469017744 3.1880297549068919 4.3574181478470555 4.8555154819041482 172.0720799556002 3.1860026735812408
leaf_count=20 22 17 25 33 36 1054 29
internal_value=0 -0.0122729 0.000569239 0.000973159 0.00145302 0.000942985 -0.0233421
internal_weight=196.42 8.42528 187.995 184.807 180.449 176.928 5.50891
internal_count=1236 68 1168 1143 1110 1090 51
is_linear=0
shrinkage=0.03


Tree=255
num_leaves=21
num_cat=0
split_feature=137 18 306 59 213 315 14 174 1 315 137 279 145 192 64 192 54 290 313 306
split_gain=1.49583 3.20726 3.44372 2.72093 3.30295 3.01767 2.63952 3.40559 2.72584 2.62233 2.61781 3.5741 3.46926 3.45718 3.37565 3.20094 3.07097 2.95109 2.51892 2.23043
threshold=2.6964500000000005 15.940000000000003 0.7580803647151465 80.245000000000019 17.088482663909144 0.48750000000000004 22.875000000000004 0.17624236210000002 69.315000000000012 0.5458333333333335 1.8421000000000003 0.13608683754965498 1.5004643932500004 23.724884017564435 35.930000000000007 2.481497523440332 0.51552853463746762 -0.87999999999999978 0.24957974926304913 1.0209079409774557
decision_type=2 2 2 2 2 2 2 2 2 2 2 2 2 2 2 2 2 2 2 2
left_child=10 3 -3 4 5 -2 7 -4 -8 -6 13 12 16 15 -14 17 -12 -1 -17 -15
right_child=1 2 6 -5 9 -7 8 -9 -10 -11 11 -13 14 19 -16 18 -18 -19 -20 -21
leaf_value=0.027767449159884872 0.017449699756209601 0.015950938107289273 -0.016552073796439304 0.026989003170193343 -0.020071341579253395 -0.00029805792301399532 0.026149882318435982 0.00062158883390710218 -0.0072916201292977994 0.0089882166834233668 0.0082994959927203387 -0.02130529856664861 0.022010164674854327 0.00065377626741847474 -0.0091536322874421032 -0.017301281956762244 -0.025758877791836211 -0.0088388604660735847 0.007616575394838088 0.031612368432425118
leaf_weight=3.8847229778766632 13.001026574522255 5.3418965302407733 35.274142974987626 3.9171992391347876 9.3938251882791501 24.277744075283408 3.5462896153330785 14.23696882650256 5.2230442501604557 3.728128792718052 7.0893426276743394 3.1055663339793673 21.650340007618073 5.1257972531020624 3.4492885358631602 18.863595994189385 3.4330804347991943 3.7013384792953756 4.2752741649746886 3.7055731043219566
leaf_count=21 76 32 225 24 65 142 20 91 37 25 46 21 128 33 25 126 29 22 28 20
internal_value=0 -0.0021234 -0.00670509 0.00319045 0.00123161 0.00584136 -0.00885686 -0.011562 0.00603613 -0.0115827 0.0032226 0.00877221 0.0115307 -0.00214352 0.0175891 -0.00696591 -0.00266797 0.00963381 -0.0125553 0.0141882
internal_weight=196.224 117.94 63.6223 54.3179 50.4007 37.2788 58.2804 49.5111 8.76933 13.122 78.2839 38.7276 35.6221 39.5563 25.0996 30.7249 10.5224 7.58606 23.1389 8.83137
internal_count=1236 737 405 332 308 218 373 316 57 90 499 249 228 250 153 197 75 43 154 53
is_linear=0
shrinkage=0.03


Tree=256
num_leaves=12
num_cat=0
split_feature=186 132 11 29 189 185 292 269 65 193 208
split_gain=1.50092 1.77196 3.53545 3.96071 2.20658 2.38562 3.21619 2.82467 1.90352 2.47708 0.675427
threshold=10.598470880400006 66.658425000000008 18.975000000000005 1.0000000180025095e-35 7.0838719804112253 0.65697029042500021 2.0600000000000001 -3.1632869311679475 14.035000000000002 0.64283506266011681 -27.314173679823998
decision_type=2 2 2 2 2 2 2 2 2 2 2
left_child=1 4 8 10 5 7 -7 -1 -3 -10 -4
right_child=-2 2 3 -5 -6 6 -8 -9 9 -11 -12
leaf_value=0.011936494189689213 0.018005174058101529 0.015296286175193579 0.014232560319003891 -0.0046004889212165638 -0.026586054181716862 -0.0046071400477766299 -0.034944924454679865 -0.00083583242156945188 0.0064288016576326077 -0.025672835511274257 0.033317757388042775
leaf_weight=18.23718292452395 3.985383801162242 2.7340121455490616 3.4440935961902133 5.1256631836295119 3.0167115293443194 38.454626675695181 3.386391043663024 101.94771370105445 3.386030759662388 5.2106285504996777 6.5566091500222674
leaf_count=108 24 19 23 35 23 254 24 624 22 44 36
internal_value=0 -0.000371223 0.00680069 0.0162996 -0.0015425 -0.00104161 -0.00721151 0.00108565 -0.00564954 -0.0127552 0.0272481
internal_weight=195.485 191.5 26.457 15.1264 165.043 162.026 41.841 120.185 11.3307 8.59666 10.0007
internal_count=1236 1212 179 94 1033 1010 278 732 85 66 59
is_linear=0
shrinkage=0.03


Tree=257
num_leaves=12
num_cat=0
split_feature=65 194 204 313 74 196 0 11 148 49 45
split_gain=1.50048 2.02855 2.7023 2.44817 2.74088 3.54133 2.4789 2.77976 2.25909 3.44318 2.10145
threshold=3.6750000000000003 0.23385690516193181 59.702255029071914 0.15222783793632869 9.5246000000000013 6.1318813674891581 57.900000000000013 18.975000000000005 2019.5000000000002 0.46216355932203396 0.48684210526315791
decision_type=2 2 2 2 2 2 2 2 2 2 2
left_child=-1 2 8 4 -3 -6 10 -8 -2 -10 -5
right_child=1 3 -4 6 5 -7 7 -9 9 -11 -12
leaf_value=0.018593389722295801 -0.034614759927336869 0.015643246896111771 0.016530103027265458 0.033699778846723767 -0.021858478731013872 0.011308249275982337 -0.0031743437557623091 0.0053324408759922309 0.011267123283772541 -0.016221731664590747 0.0036714900357627533
leaf_weight=3.7344477958977214 3.3633022904396119 3.143016895279291 3.2647232674062243 3.9187339451163989 12.495601709000768 3.5631802566349497 67.35554064437747 70.420623598620296 5.7247741669416454 13.162485800683497 4.9845490865409374
leaf_count=25 22 18 23 21 102 23 426 421 39 85 31
internal_value=0 -0.000359908 -0.00822845 0.000836559 -0.00917869 -0.0142892 0.00217345 0.00115263 -0.0120531 -0.00771633 0.017449
internal_weight=195.131 191.397 25.5153 165.881 19.2018 16.0588 146.679 137.776 22.2506 18.8873 8.90328
internal_count=1236 1211 169 1042 143 125 899 847 146 124 52
is_linear=0
shrinkage=0.03


Tree=258
num_leaves=12
num_cat=0
split_feature=41 41 17 70 46 41 303 307 44 41 210
split_gain=1.43607 2.82386 3.00292 2.50689 2.20344 2.22801 1.70798 1.57042 2.03235 0.622846 0.521436
threshold=20250918.500000004 20240265.000000004 19.440000000000001 20231022.000000004 0.23515000000000003 20210810.000000004 0.99870717031589518 0.066602150363914051 -0.044999999999999991 20251203.500000004 -45.146424416100366
decision_type=2 2 2 2 2 2 2 2 2 2 2
left_child=1 3 7 4 6 -6 -1 8 -3 -2 -5
right_child=9 2 -4 10 5 -7 -8 -9 -10 -11 -12
leaf_value=5.876637164775951e-05 0 -0.00024330066547602764 -0.016784794673353521 -0.0079793099608428814 0.0025371684326912446 -0.0045135238062434082 0.029043312165715835 0.00080001624936183974 0.028602699779581013 -0.028919421450011893 -0.03296011950906421
leaf_weight=3.7751466333866111 0.95282782614231054 2.6122328564524677 2.7575177028775206 1.7315870579332111 78.832579266279936 81.874387076124549 3.88253353536129 4.6966016441583625 9.1577548012137431 2.0885744644328952 2.4074415564537039
leaf_count=21 12 19 17 16 435 509 23 33 74 52 25
internal_value=0 0.000343624 0.0112301 -0.000858005 -0.000266135 -0.00103682 0.0153259 0.0161756 0.0219998 -0.0201052 -0.0236517
internal_weight=194.769 191.728 19.2241 172.504 168.365 160.707 7.65768 16.4666 11.77 3.0414 4.13903
internal_count=1236 1172 143 1029 988 944 44 126 93 64 41
is_linear=0
shrinkage=0.03


Tree=259
num_leaves=7
num_cat=0
split_feature=289 289 289 181 139 15
split_gain=1.44525 1.8852 1.89567 2.07008 2.27379 1.70398
threshold=-9.0749999999999975 -7.8749999999999991 -6.8999999999999986 0.034288336900000008 58.552659755000008 17.315000000000001
decision_type=2 2 2 2 2 2
left_child=-1 5 -3 -4 -5 -2
right_child=1 2 3 4 -6 -7
leaf_value=0.016176718668706919 -0.032149892569644227 0.017642944435572287 -0.020921029667526216 0.0044237445710716087 -0.0026066257411504899 0
leaf_weight=4.7542418241500846 3.0517398118972769 5.3053431361913672 4.2128971349447957 67.554010353982449 106.51499330066144 2.9410625714808702
leaf_count=29 19 33 31 416 685 23
internal_value=0 -0.000400556 0.000128014 -0.000385978 0.000105522 -0.0168218
internal_weight=194.334 189.58 183.587 178.282 174.069 5.9928
internal_count=1236 1207 1165 1132 1101 42
is_linear=0
shrinkage=0.03


Tree=260
num_leaves=14
num_cat=0
split_feature=48 46 317 196 75 47 47 266 13 215 4 14 287
split_gain=1.46142 2.03081 3.57262 4.49834 3.51067 2.89215 5.41938 4.08455 3.45251 3.15048 2.92503 2.34055 1.94045
threshold=-0.26059999999999994 0.63675000000000015 0.1605803781649818 2.6004944248012749 2.7674000000000007 0.77575000000000005 0.6039500000000001 1.7976484362118217 24.675000000000004 8.2487160938261486 58.340000000000011 22.875000000000004 -1.4250000000000005
decision_type=2 2 2 2 2 2 2 2 2 2 2 2 2
left_child=12 5 4 -4 -3 6 8 10 -2 -8 -7 -6 -1
right_child=1 2 3 -5 11 7 9 -9 -10 -11 -12 -13 -14
leaf_value=-0.0038212367534701972 0.0018619418826194929 0.015024615070877104 -0.017552991839920082 0.029767780377999178 -0.028071318342132345 -0.0057648437969253907 -0.034724290689710391 -0.021085523257372254 -0.017034697922261786 0.0010454599532617138 0.015992715608957046 0.0027331550137303139 0.028809350774623498
leaf_weight=2.717564944177866 108.51180729083717 2.5257277786731782 3.0751517470926037 3.9904771689325571 11.451022345572708 6.741721721366047 6.4978199917823058 3.7163398396223775 9.3530191555619222 3.0882653146982193 26.525028621777892 2.5133838690817347 3.4904750026762477
leaf_count=18 669 14 23 24 92 42 39 29 63 24 154 18 27
internal_value=0 -0.000464164 -0.00869252 0.0087963 -0.0163747 0.000700911 -0.00142352 0.00808712 0.000323822 -0.0229991 0.0114894 -0.0223337 0.0142156
internal_weight=194.198 187.99 23.5558 7.06563 16.4901 164.434 127.451 36.9831 117.865 9.58609 33.2668 13.9644 6.20804
internal_count=1236 1191 171 47 124 1020 795 225 732 63 196 110 45
is_linear=0
shrinkage=0.03


Tree=261
num_leaves=14
num_cat=0
split_feature=200 204 200 53 197 306 201 303 68 90 64 22 301
split_gain=1.44431 2.00613 3.17384 3.14103 3.26899 4.31132 3.58214 2.73025 2.98964 2.94291 2.67128 3.18554 1.93168
threshold=4381.9983379593987 31.646950751500516 156.41675952116597 0.47699579831932776 -1.7169093058719176 0.89382365410383746 20.784899950126849 0.97766577306256186 0.43115000000000009 25729846.065000001 5.4150000000000009 -0.96999999999999986 1.0727606061366386
decision_type=2 2 2 2 2 2 2 2 2 2 2 2 2
left_child=1 3 7 10 5 -5 -6 9 -9 -3 -1 -12 -2
right_child=12 2 -4 4 6 -7 -8 8 -10 -11 11 -13 -14
leaf_value=0.015092147718417595 -0.0017091236963817638 0.028732208409113169 -0.019533957891047608 0.019339508509154842 0.0058864833565933309 -0.021899396604048882 -0.023571796223464482 -0.0069890039934937349 0.0089079547880699991 0.0041111747003332233 0.002170526110544772 -0.01601746943599737 0.026697609963116858
leaf_weight=3.6442539542913428 4.0533536672592145 8.0695534842088836 4.7596841901540747 2.7834464684128752 56.797504812479019 10.064366832375525 3.8453943058848372 20.093259580433369 22.284143660217524 10.203542424365876 11.538838114589451 31.455452284775674 4.0715274214744568
leaf_count=24 28 47 30 16 350 75 26 129 144 67 74 206 20
internal_value=0 -0.000534067 0.00367006 -0.00284931 0.000979704 -0.012653 0.0039334 0.00556959 0.00130107 0.0152445 -0.00893625 -0.0110728 0.0123128
internal_weight=193.664 185.539 65.4102 120.129 73.4907 12.8478 60.6429 60.6505 42.3774 18.2731 46.6385 42.9943 8.12488
internal_count=1236 1188 417 771 467 91 376 387 273 114 304 280 48
is_linear=0
shrinkage=0.03


Tree=262
num_leaves=12
num_cat=0
split_feature=65 194 289 18 18 289 177 281 42 69 263
split_gain=1.42197 1.8538 2.62111 2.77719 3.89855 2.51438 2.45031 2.17578 2.74283 2.42939 1.23346
threshold=3.6750000000000003 0.23385690516193181 -4.0499999999999989 15.815000000000003 18.685000000000006 -9.0749999999999975 0.87036298730000006 13.421433693898882 0.34885000000000005 329.50000000000006 -0.011414914155988937
decision_type=2 2 2 2 2 2 2 2 2 2 2
left_child=-1 2 10 6 -5 -3 -4 9 -9 -7 -2
right_child=1 5 3 4 -6 7 -8 8 -10 -11 -12
leaf_value=0.018260778138576472 -0.0073151916259592267 0.023876825104449263 -0.0060959605608728777 -0.028545606417777262 0.0065365320180459964 0.0067582113865270665 0.028351262648538537 0.033893108189252598 0.002094865127825469 -0.0027260686973871505 -0.034399222463526009
leaf_weight=3.6679910272359839 3.0333997812122107 4.0426040031015864 3.1816152632236507 5.6354005075991136 5.3943214155733585 30.383965986780822 3.9246120378375053 3.6516224741935712 7.6884796656668186 118.61873896047473 3.9881283678114441
leaf_count=25 21 24 23 38 36 197 23 22 52 747 28
internal_value=0 -0.00035063 -0.00792867 -0.00168395 -0.0112138 0.000794987 0.0126416 0.000179825 0.0128032 -0.000768721 -0.0233868
internal_weight=193.211 189.543 25.1575 18.1359 11.0297 164.385 7.10623 160.343 11.3401 149.003 7.02153
internal_count=1236 1211 169 120 74 1042 46 1018 74 944 49
is_linear=0
shrinkage=0.03


Tree=263
num_leaves=7
num_cat=0
split_feature=189 189 304 46 67 315
split_gain=1.41278 3.77983 1.71215 2.33069 3.08498 2.52219
threshold=7.0838719804112253 5.9283502623689417 0.79411546005961886 0.63675000000000015 0.7672500000000001 0.5458333333333335
decision_type=2 2 2 2 2 2
left_child=1 2 -1 4 -4 -5
right_child=-2 -3 3 5 -6 -7
leaf_value=0.023457596587710117 -0.016559659394121864 0.032456580603794541 -0.0013698786418164252 -0.016173778019990374 0.0088342020846237778 0.0049421893564976106
leaf_weight=2.622264325618743 4.4208023361861697 3.1562197972089043 126.13093336857855 15.738247378729286 33.636055691167712 7.171448001638054
leaf_count=18 34 16 795 124 203 46
internal_value=0 0.000410629 -0.000136244 -0.000503989 0.000763823 -0.00944069
internal_weight=192.876 188.455 185.299 182.677 159.767 22.9097
internal_count=1236 1202 1186 1168 998 170
is_linear=0
shrinkage=0.03


Tree=264
num_leaves=8
num_cat=0
split_feature=46 141 165 305 313 54 131
split_gain=1.39718 2.33358 1.99773 2.43923 3.78834 2.93013 1.92089
threshold=0.20360000000000003 39.778616969150001 -10.550822932799997 0.92619572985962151 0.22807110959940372 0.58420000000000016 47.631604166666669
decision_type=2 2 2 2 2 2 2
left_child=-1 2 6 4 -4 -5 -2
right_child=1 -3 3 5 -6 -7 -8
leaf_value=0.01866189595158772 0.03047602218954824 -0.024839608468835383 -0.0020136364590337473 -0.00033111472356968168 0.015013682655998301 -0.011466307038319728 0
leaf_weight=3.4493945483118287 3.648241199553012 3.3353773094713679 26.858542960137129 104.49706205911934 20.444852162152529 26.805696594528854 3.6363696902990341
leaf_count=25 19 23 174 647 133 193 22
internal_value=0 -0.00033564 0.000101016 -0.000514663 0.00529855 -0.00263421 0.0154052
internal_weight=192.676 189.226 185.891 178.606 47.3034 131.303 7.28461
internal_count=1236 1211 1188 1147 307 840 41
is_linear=0
shrinkage=0.03


Tree=265
num_leaves=16
num_cat=0
split_feature=264 262 177 46 22 14 13 75 210 191 304 297 100 210 90
split_gain=1.40178 2.09238 2.70255 2.44948 2.59652 2.15198 2.96919 2.39605 3.33069 2.88863 1.60132 1.59714 1.30739 1.10819 1.75167
threshold=-4.4633185101721802 -0.028865604801158181 0.87300763445000007 0.37350000000000005 -1.2099999999999997 23.025000000000002 24.975000000000005 2.8932000000000007 75.96988911116749 7.9246235597126962 1.0405748387981892 1.5794968910262459 3968.5200000000004 -29.645774144800978 16205091.200000001
decision_type=2 2 2 2 2 2 2 2 2 2 2 2 2 2 2
left_child=12 2 13 -4 -5 7 11 8 -3 -9 -8 -7 -1 -2 -15
right_child=1 5 3 4 -6 6 10 9 -10 -11 -12 -13 -14 14 -16
leaf_value=-0.02888231341774963 0.033010216961220105 0.0051572634315888554 -0.020958909913167095 -0.012126894688053967 0.020265047441901347 0.032412521626571024 -0.022783946327030392 -0.002861777524252884 -0.015781075368694088 -0.018808869707712346 0.0074535686801381115 0.0071219740068329332 0 0.026338536237791279 -0.0032743386311642141
leaf_weight=2.7753288950771084 3.8881678190082312 55.195110546424985 3.6378362923860541 3.4110863208770743 5.7049955017864695 4.7561707869172078 2.8206119239330283 72.872156916186213 7.6585628651082507 11.966905187815426 3.1457893550395966 5.020980641245842 2.8330057421699166 3.4462249204516429 3.2900336012244225
leaf_count=22 26 324 23 22 37 30 21 479 48 82 21 32 23 23 23
internal_value=0 0.000460806 0.00884524 -0.000255256 0.00781893 -0.000724855 0.00975298 -0.0018679 0.00253731 -0.005166 -0.00648661 0.0199321 -0.0146307 0.01995 0.0116002
internal_weight=192.423 186.815 23.3783 12.7539 9.11608 163.436 15.7436 147.693 62.8537 84.8391 5.9664 9.77715 5.60833 10.6244 6.73626
internal_count=1236 1191 154 82 59 1037 104 933 372 561 42 62 45 72 46
is_linear=0
shrinkage=0.03


Tree=266
num_leaves=17
num_cat=0
split_feature=303 149 69 139 121 59 76 140 120 204 101 264 66 55 156 12
split_gain=1.39092 2.03833 1.66663 3.24926 3.60252 4.07527 2.95374 4.05626 3.83241 3.196 3.03506 2.84574 2.79839 3.15705 2.04024 0.802117
threshold=1.1552604006831293 10.895873353500003 331.50000000000006 58.552659755000008 -0.081899999999999987 6.7400000000000011 5.8506000000000009 143.41274085755001 1709.2700000000002 2.6039644674622928 0.34625000000000006 -0.50286333988856657 7.6850000000000014 -0.030499999999999996 0.13525129895000035 20.925000000000004
decision_type=2 2 2 2 2 2 2 2 2 2 2 2 2 2 2 2
left_child=2 -2 6 12 5 -5 7 8 -1 -8 -11 -6 13 -4 -14 -3
right_child=1 15 3 4 11 -7 9 -9 -10 10 -12 -13 14 -15 -16 -17
leaf_value=-0.0078656672706774542 0.0058347991572688107 -0.03412220346215477 0.0153143271216068 0.01575789220330065 0.018583348845719532 -0.019226036837622935 0.014286655772763716 -0.016811062562589817 0.018294485188566658 -0.022941822326838657 0.0062839108038321104 -0.0033371879729750219 -0.033795544420582781 -0.00015706239386642834 0 -0.0070448305339681633
leaf_weight=5.957873359322547 3.193189809098838 2.9351830389350653 21.462561933323741 3.2915548719465759 5.9776150602847329 22.138180685229599 5.4714976958930519 4.3641521409153929 26.919386215507984 8.8136923536658269 4.7191180838271967 42.762666312977672 2.6312757022678843 25.564326686784625 3.7357913739979267 2.0306811071932316
leaf_count=38 25 27 124 23 37 161 36 31 163 61 35 259 18 156 26 16
internal_value=0 -0.0120307 0.000553932 -0.00132473 -0.005402 -0.0145363 0.00486273 0.00979099 0.0134534 -0.0046385 -0.0125589 -0.000554836 0.00428247 0.00685777 -0.0140866 -0.0239993
internal_weight=191.969 8.15905 183.81 127.564 74.17 25.4297 56.2457 37.2414 32.8773 19.0043 13.5328 48.7403 53.394 47.0269 6.36707 4.96586
internal_count=1236 68 1168 804 480 184 364 232 201 132 96 296 324 280 44 43
is_linear=0
shrinkage=0.03


Tree=267
num_leaves=24
num_cat=0
split_feature=202 211 90 75 78 177 187 159 178 51 290 292 286 208 213 267 138 108 190 142 116 267 291
split_gain=1.38242 2.94616 3.15484 4.21509 3.22359 2.87258 3.85235 4.28148 3.75938 4.01055 3.2958 2.76432 3.06635 2.70763 6.06994 2.66692 2.51838 2.19051 1.99711 1.79556 2.16433 1.76896 1.53657
threshold=19.55588997837787 74.585541672735005 20838665.975000005 2.2794500000000002 2.2250000000000005 1.4749650452 0.097613468099999975 1.2146300799000003 1.7047246528500002 0.23455000000000004 0.55999999999999972 -2.5000000000000004 -3.3700000000000006 -35.418888193610904 1.6480609553880197 -1.2877316857014256 184.7597171688889 0.52500000000000013 1.075577642970168 0.46863893745000007 0.49800000000000005 -0.2654696244108497 -2.0000000000000004
decision_type=2 2 2 2 2 2 2 2 2 2 2 2 2 2 2 2 2 2 2 2 2 2 2
left_child=1 2 3 22 -5 6 7 10 21 15 -2 -3 -13 16 -15 -10 -4 -11 -9 20 -8 -7 -1
right_child=5 11 13 4 -6 8 19 18 9 17 -12 12 -14 14 -16 -17 -18 -19 -20 -21 -22 -23 -24
leaf_value=0.0071808012768406811 0.0023933677559911429 0.0059500787284309572 -0.024337459194763888 -0.022723295661197698 0.00636471976665427 0.0087728504666444457 -0.011154248233311315 0 0.02957676548407627 -0.031624329247365621 -0.020237872196466399 -0.041898685395397303 -0.0038025723946089407 0.016953793021897364 -0.012130181451918264 0.0033331782498420347 -0.00015566314607432411 0.0020658526234311994 -0.028820099305694215 0.026574456393644773 0.016014116726034838 0.03855061955012621 0.03598229892045858
leaf_weight=3.0313344337046146 44.121764218434691 3.1409585569053879 10.196438649669291 4.3435602821409729 14.887803698889909 3.3794233240187168 4.2991423420608026 3.1488906890153876 4.9644871968776014 3.5923912581056348 6.5559343863278619 4.6940853707492343 3.4963164217770091 11.212017807178201 14.940326137468217 12.337032137438657 6.622634667903184 2.9633822739124298 8.0649820156395418 5.2312006875872603 6.2757131643593311 4.9294410422444326 4.9068151414394405
leaf_count=20 285 25 70 29 97 20 29 19 28 28 48 27 23 65 98 75 48 18 56 33 41 25 29
internal_value=0 -0.00294818 -0.000601257 0.00733651 -0.000133419 0.00220607 -0.000882151 -0.00429632 0.0097383 0.0034981 -0.000509338 -0.0170808 -0.0262401 -0.0056951 0.000241492 0.0111626 -0.0150502 -0.0161425 -0.0209895 0.012241 0.00468693 0.0270444 0.0255833
internal_weight=191.336 81.4723 70.1409 27.1695 19.2314 109.864 77.6976 61.8916 32.1662 23.8573 50.6777 11.3314 8.1904 42.9714 26.1523 17.3015 16.8191 6.55577 11.2139 15.8061 10.5749 8.30886 7.93815
internal_count=1236 531 456 175 126 705 511 408 194 149 333 75 50 281 163 103 118 46 75 103 70 45 49
is_linear=0
shrinkage=0.03


Tree=268
num_leaves=15
num_cat=0
split_feature=212 112 284 176 76 43 123 213 204 135 55 282 67 53
split_gain=1.37247 1.78467 2.83476 2.53257 2.63598 2.3372 1.94047 2.73226 2.63705 3.64376 3.51287 1.99714 1.44733 1.33952
threshold=-1334.0835533142547 0.54585000000000006 -3.5249999999999981 19.441355762900002 8.4687500000000018 2.8088500000000001 668.50000000000011 13.043536467781633 32.674889304143186 1.9784250000000003 0.16865000000000005 0.061222361524251166 0.22427056986191632 0.4811457983193278
decision_type=2 2 2 2 2 2 2 2 2 2 2 2 2 2
left_child=-1 6 3 4 -3 13 7 11 9 -8 -10 -2 -9 -4
right_child=1 2 5 -5 -6 -7 8 12 10 -11 -12 -13 -14 -15
leaf_value=0.0176862898769382 -0.0021181119342383757 0.012962138133529661 0.00097065086069260474 -0.022103615830073319 -0.016248149640731617 -0.007569498368556497 0.0065467327796397724 0.004364731386003514 0.0088936398260846834 -0.0087867350481112341 -0.00895104661072736 0.023361807554819342 -0.023723694724582464 0.026380951210452436
leaf_weight=3.7737481379881492 3.7264315057545927 9.3029781002551335 2.6280152201652518 4.2496054712682954 3.79124941676855 2.9600488003343335 16.86203364469111 3.2784885242581359 29.883783765137196 74.26486044190824 14.624651642516254 8.6485811453312618 2.9190651215612888 9.6363896392285806
leaf_count=20 24 61 19 29 25 21 107 24 184 474 96 55 25 72
internal_value=0 -0.000354559 0.00599527 -0.00214889 0.00421829 0.0154224 -0.00171808 0.00730487 -0.00298017 -0.00591249 0.00295603 0.0154932 -0.00855526 0.0212306
internal_weight=190.55 186.776 32.5683 17.3438 13.0942 15.2245 154.208 18.5726 135.635 91.1269 44.5084 12.375 6.19755 12.2644
internal_count=1236 1216 227 115 86 112 989 128 861 581 280 79 49 91
is_linear=0
shrinkage=0.03


Tree=269
num_leaves=14
num_cat=0
split_feature=310 132 276 268 100 269 276 174 165 15 269 16 264
split_gain=1.36444 2.12244 2.06344 2.6732 3.05421 2.03465 2.69232 2.47102 1.86826 1.95468 2.14096 1.82966 0.902845
threshold=0.087141989315513882 105.34610000000002 1.0473732011311518 0.30030660866643849 10128.760000000002 -2.0547176872203123 0.65657743803045443 3.1403247261500002 0.12022308530000002 15.185 0.64764733887179926 16.440000000000001 0.28321618392508136
decision_type=2 2 2 2 2 2 2 2 2 2 2 2 2
left_child=1 2 5 4 -4 7 -7 -1 9 -2 -11 -5 -10
right_child=8 -3 3 11 -6 6 -8 -9 12 10 -12 -13 -14
leaf_value=0.0016878947331341401 -0.020115699926165347 0.021883759490101438 0.016312185368968439 0.0043586135053643631 -0.013168211603607609 -0.001886797746729634 -0.019815189864612094 0.02549645017637571 -0.033292386183581095 0.024677220308115387 -0.011517709693692467 -0.02511492288491252 -0.0049888088103986136
leaf_weight=25.365117149427537 2.9177246876060945 4.0680767744779578 20.923215493559844 4.0171545781195155 3.5318132247775784 102.45097184367478 8.110749386250971 4.626462146639823 3.1285838531330219 3.421780813485384 2.3170434590429068 3.2405994534492493 1.9408371355384586
leaf_count=164 29 27 130 32 24 627 54 26 36 27 20 23 17
internal_value=0 0.000723609 0.0001941 0.00710898 0.0118961 -0.00134871 -0.00324584 0.00553279 -0.00906289 -0.000186682 0.00960278 -0.00855612 -0.0233428
internal_weight=190.06 176.334 172.266 31.7128 24.455 140.553 110.562 29.9916 13.726 8.65655 5.73882 7.25775 5.06942
internal_count=1236 1107 1080 209 154 871 681 190 129 76 47 55 53
is_linear=0
shrinkage=0.03


Tree=270
num_leaves=11
num_cat=0
split_feature=41 41 17 70 46 318 303 290 302 215
split_gain=1.349 2.70758 2.93844 2.69068 2.01302 2.07713 1.5882 1.53592 2.01317 0.60741
threshold=20250918.500000004 20240213.500000004 19.560000000000006 20231022.000000004 0.23515000000000003 1.1162619516581602 0.99870717031589518 0.74499999999999933 0.59746724365462123 32.811704783827352
decision_type=2 2 2 2 2 2 2 2 2 2
left_child=1 3 7 4 6 -6 -1 8 -3 -2
right_child=9 2 -4 -5 5 -7 -8 -9 -10 -11
leaf_value=0 -0.028726487603032022 0.027630995073830902 -0.017368240560089784 -0.02580743970666903 -0.0026068709735122056 0.006498685639601807 0.028407470355083612 -0.00038579389108573319 0 0
leaf_weight=3.6769927740097037 2.008629296906292 9.5251819379627758 2.6239357590675345 3.7066951822489491 129.68846288323402 27.081366686150432 3.7319308035075665 3.6599105633795253 3.0738491602241984 0.92883451841771592
leaf_count=21 52 84 17 37 779 165 23 23 23 12
internal_value=0 0.000332887 0.0110837 -0.000864332 -0.000267558 -0.00101166 0.0148816 0.0159369 0.0208805 -0.0198215
internal_weight=189.706 186.768 18.8829 167.885 164.179 156.77 7.40892 16.2589 12.599 2.93746
internal_count=1236 1172 147 1025 988 944 44 130 107 64
is_linear=0
shrinkage=0.03


Tree=271
num_leaves=6
num_cat=0
split_feature=186 274 284 289 48
split_gain=1.34404 1.72591 1.82284 1.73817 1.82818
threshold=10.598470880400006 -0.60383903893929558 -16.135000000000002 -8.7749999999999986 -0.26059999999999994
decision_type=2 2 2 2 2
left_child=1 -1 -3 -4 -5
right_child=-2 2 3 4 -6
leaf_value=-0.020694833273092763 0.017320125320500909 -0.025832606540202568 0.018851996843666691 0.016767282586536467 -0.0006282822407184832
leaf_weight=3.5821670182049266 3.8525870051234952 2.3155337609350672 4.3814418800175181 5.5159237310290328 169.64976911898702
leaf_count=21 24 19 27 41 1104
internal_value=0 -0.000358966 3.6258e-05 0.00040077 -5.41292e-05
internal_weight=189.297 185.445 181.863 179.547 175.166
internal_count=1236 1212 1191 1172 1145
is_linear=0
shrinkage=0.03


Tree=272
num_leaves=24
num_cat=0
split_feature=202 211 90 75 78 269 269 209 177 178 51 187 159 180 290 18 42 313 108 190 291 22 50
split_gain=1.34291 2.78922 2.91575 4.03517 3.07442 2.73147 3.43133 3.4175 2.66002 3.62184 3.68796 3.6149 4.02989 3.4573 3.1206 2.32927 2.20378 2.77396 2.07474 1.89678 1.59427 1.4025 0.83231
threshold=19.55588997837787 74.585541672735005 20838665.975000005 2.2794500000000002 2.2250000000000005 2.3139053917373995 -3.5460925753115222 -11.667021304362999 1.4749650452 1.7047246528500002 0.23455000000000004 0.097613468099999975 1.2146300799000003 0.39959293947200009 0.55999999999999972 14.685 0.35940000000000005 0.26749716222563752 0.52500000000000013 1.075577642970168 -2.7549999999999986 -0.18999999999999997 0.48265000000000008
decision_type=2 2 2 2 2 2 2 2 2 2 2 2 2 2 2 2 2 2 2 2 2 2 2
left_child=1 2 3 20 -5 6 -4 -7 11 21 13 12 14 -11 -2 -3 -13 -18 -12 -14 -1 -10 -17
right_child=8 15 5 4 -6 7 -8 -9 9 10 18 16 19 -15 -16 22 17 -19 -20 -21 -22 -23 -24
leaf_value=0.0059351223191560819 0.002385354595469054 0 0.0087828445160204015 -0.022450602425181328 0.0061033596145525348 -0.0098046057980637029 -0.015455967833921995 0.022165735194281562 0.011862792978234568 -0.0084365445031776287 -0.031013724354040231 0.027271504261952437 0 0.020020701604453753 -0.019765596252613878 -0.037848531347900005 -0.0098521593599561492 0.021356635475506001 0.0020418359046921724 -0.028200676962350617 0.035591471788995611 0.038606254000746403 -0.01415720996312656
leaf_weight=2.8980905525386333 43.863843405619264 4.3224119804799539 6.4548469316214314 4.2932408079504993 14.769333673641084 5.6329364962875843 24.352953018620614 6.0814435333013517 3.8472030218690634 5.4781056642532411 3.4996826238930216 5.4569549225270739 3.1284136064350587 11.595855766907333 6.4732518102973691 3.6376010254025459 5.8095740657299739 4.3645149394869804 2.9293390288949013 7.9012519307434559 4.8719825223088291 4.3075452037155646 3.2109341416507959
leaf_count=19 285 26 47 29 97 36 164 34 23 34 28 32 19 69 48 24 43 28 18 56 30 22 25
internal_value=0 -0.00292439 -0.000629051 0.00705004 -0.000254559 -0.00555032 -0.0102684 0.00658579 0.00218474 0.00949781 0.003332 -0.000791538 -0.00411112 0.0107197 -0.000437275 -0.0167768 0.0119936 0.00332146 -0.0156921 -0.0204537 0.0251274 0.0266493 -0.0275362
internal_weight=189.181 80.5258 69.3548 26.8326 19.0626 42.5222 30.8078 11.7144 108.656 31.6577 23.503 76.9978 61.3668 17.074 50.3371 11.1709 15.631 10.1741 6.42902 11.0297 7.77007 8.15475 6.84854
internal_count=1236 531 456 175 126 281 211 70 705 194 149 511 408 103 333 75 103 71 46 75 49 45 49
is_linear=0
shrinkage=0.03


Tree=273
num_leaves=20
num_cat=0
split_feature=318 318 14 312 138 278 66 137 10 299 132 10 44 13 101 205 132 137 104
split_gain=1.36538 3.3924 3.47308 4.16038 4.19823 2.5369 2.35077 3.65527 2.91937 2.34214 3.11027 2.81652 2.93099 4.27969 3.95666 1.8767 1.86176 0.625713 0.291334
threshold=0.89457603411583941 1.1118182608657612 22.125000000000004 -0.21774265960312464 67.989655592683832 2.8171421909443315 3.8300000000000005 4.6509750000000007 16.275000000000002 2.1334323457070226 34.139875000000011 24.675000000000004 0.061950000000000012 18.975000000000005 0.32455000000000006 0.43609577412462786 36.327575000000003 2.8993000000000002 0.47500000000000003
decision_type=2 2 2 2 2 2 2 2 2 2 2 2 2 2 2 2 2 2 2
left_child=9 2 3 -2 -5 6 8 -8 -3 11 18 12 14 -14 -1 -12 -4 -13 -11
right_child=1 5 16 4 -6 -7 7 -9 -10 10 15 17 13 -15 -16 -17 -18 -19 -20
leaf_value=0.0023890985361314093 0.017460834663540509 -0.0092940880437831011 0.02547103544978379 0.0044340718407244462 -0.017522891171085873 -0.02136312002230081 -0.018936637905547612 0.011455703668940399 0.01866734009129678 -0.036299296782755168 0.020878658904183982 0.031990545043012353 0.0038635773082547728 -0.020058428761245962 0.023093109933081262 -0.01176279862911902 -0.003178677207933783 0.010852760015071254 -0.016976843070440593
leaf_weight=35.77679998986423 4.3369586914777747 3.9697017110884216 3.9717671722173682 9.724070653319357 35.772702381014824 3.0068272333592168 6.5440715886652452 7.5010594399645925 16.84351228363812 2.4240036178380233 2.9938395172357559 3.580754540860652 18.14066639915109 10.449508119374512 10.905104599893091 3.0603397097438574 3.7299964278936386 2.994586294516921 2.6787900645285845
leaf_count=218 23 29 24 64 257 21 42 47 114 18 15 22 109 73 66 25 28 19 22
internal_value=0 -0.0025096 -0.00711405 -0.0100445 -0.0127648 0.00440809 0.00677164 -0.00252673 0.0131719 0.00259583 -0.0101603 0.00438155 0.00267636 -0.00481462 0.0073288 0.00396816 0.0113484 0.02312 -0.0272536
internal_weight=188.405 95.4007 57.5355 49.8337 45.4968 37.8652 34.8583 14.0451 20.8132 93.0044 11.157 81.8474 75.2721 28.5902 46.6819 6.05418 7.70176 6.57534 5.10279
internal_count=1236 649 396 344 321 253 232 89 143 587 80 507 466 182 284 40 52 41 40
is_linear=0
shrinkage=0.03


Tree=274
num_leaves=16
num_cat=0
split_feature=313 106 163 207 66 177 53 300 115 183 296 78 102 159 318
split_gain=1.33941 2.37473 2.2825 2.22876 2.52728 4.3347 3.07538 2.97258 2.92855 2.81084 2.07906 2.49792 1.71565 1.5815 0.599409
threshold=0.2940517751148885 0.72355000000000014 1.4188586161000003 0.25172921721653529 4.1350000000000007 1.5167854943500003 0.53555756302521018 1.4797179372190772 0.7854000000000001 0.078370590699999937 1.3188760902252064 3.7050000000000005 1.2048500000000002 0.8367243791500002 1.1683091958263108
decision_type=2 2 2 2 2 2 2 2 2 2 2 2 2 2 2
left_child=3 10 12 4 7 6 -6 8 -1 -7 11 14 -3 -12 -2
right_child=1 2 -4 -5 5 9 -8 -9 -10 -11 13 -13 -14 -15 -16
leaf_value=0.00035941997158007581 0.025289525914578379 -0.013466047171557168 -0.027343423817685123 0.019532608398048303 -0.019837358959248375 0.022246956625910579 0.0059402346978671191 -0.025820749844457761 0.023573725879867845 -0.0051874757081413194 0.0051708023022421987 -0.011313716904893011 0.015762243895055941 0.031399399274771998 0.0042037798051491309
leaf_weight=102.56533918436617 3.1449130736291462 2.9996813572943193 3.0531778745353222 4.4430366028100243 22.252059379592541 5.3726868517696849 4.8659932203590861 3.6030874848365775 5.0541601087898007 8.3483817055821401 3.6982091851532441 5.6415244117379189 4.1153019890189171 5.8836343213915825 2.645179495215416
leaf_count=648 22 21 20 27 176 32 29 24 35 55 27 38 27 37 18
internal_value=0 0.00567906 -0.005991 -0.00112039 -0.001756 -0.00813358 -0.0150968 0.000564003 0.00149836 0.00542106 0.0114698 0.00248399 0.00300793 0.021744 0.0164008
internal_weight=187.686 31.1816 10.1682 156.505 152.062 40.8391 27.1181 111.223 107.619 13.7211 21.0135 11.4316 7.11498 9.58184 5.79009
internal_count=1236 210 68 1026 999 292 205 707 683 87 142 78 48 64 40
is_linear=0
shrinkage=0.03


Tree=275
num_leaves=16
num_cat=0
split_feature=264 262 177 20 66 202 177 194 39 163 101 317 100 210 210
split_gain=1.32207 1.93822 2.53502 1.82504 2.92752 1.80947 4.63212 3.33735 2.92883 2.85022 3.23978 2.32012 1.23384 1.02551 1.47675
threshold=-4.4633185101721802 -0.028865604801158181 0.87300763445000007 -1.1849999999999998 1.925 19.55588997837787 1.4749650452 0.1824087521632467 -0.12529999999999997 0.2482177689 0.23370000000000005 0.12485583371400454 3968.5200000000004 -29.645774144800978 48.888562912745314
decision_type=2 2 2 2 2 2 2 2 2 2 2 2 2 2 2
left_child=12 2 13 4 -4 9 7 -7 -8 11 -11 -3 -1 -2 -15
right_child=1 5 3 -5 -6 6 8 -9 -10 10 -12 -13 -14 14 -16
leaf_value=-0.028658160493622898 0.032467093420235855 -0.0011082575412109364 -0.026208780666407281 0.015600881746239054 0.008844317560451273 -0.021889222494235507 0.024008515216705186 8.5235132370601737e-05 0.0034140819292488847 0.0033854992545738448 -0.01128558177672165 0.03469830608706944 0 -0.00071421631256841835 0.026928541830147718
leaf_weight=2.6554137319326392 3.7348225265741348 3.4279691092669955 4.1682932525873166 4.0939281173050395 4.063969686627388 6.811852201819419 11.522377895191314 59.557387875393033 14.305063063278793 19.737906224094331 41.051677484065294 2.7502061631530523 2.7595706768333912 3.6114644221961516 2.9232124984264374
leaf_count=22 26 32 28 29 25 48 66 389 95 130 261 16 23 28 18
internal_value=0 0.000453036 0.00866487 -0.000290541 -0.00864583 -0.000698625 0.00200447 -0.00215453 0.0127747 -0.00446223 -0.00647499 0.0146519 -0.0144562 0.0196022 0.0114188
internal_weight=187.175 181.76 22.5957 12.3262 8.23226 159.164 92.1967 66.3692 25.8274 66.9678 60.7896 6.17818 5.41498 10.2695 6.53468
internal_count=1236 1191 154 82 53 1037 598 437 161 439 391 48 45 72 46
is_linear=0
shrinkage=0.03


Tree=276
num_leaves=10
num_cat=0
split_feature=282 186 19 154 134 299 207 76 24
split_gain=1.30212 1.99107 1.93063 1.9809 1.88932 1.84429 2.00293 1.17241 1.15438
threshold=0.018137056739739459 -0.26504274647499693 12.625000000000002 0.16614813275000004 1.97296858974359 0.15646866203335644 0.21035390784787042 5.5516500000000013 -1.0000000180025095e-35
decision_type=2 2 2 2 2 2 2 2 2
left_child=1 4 -2 7 -1 -5 -7 -4 -6
right_child=2 -3 3 5 8 6 -8 -9 -10
leaf_value=0.0040755996142958729 0.020594938150116704 0.0068746317885758079 0.029629260605042271 0.016815911333033614 -0.033136863449599943 -0.0018798825995572591 0.012632341488288535 0.0026635356025584184 -0.0053243897093372683
leaf_weight=2.6498718820512277 4.2014637682586899 4.6839768420904866 3.0834382437169543 5.2865896224975577 4.6978131737560025 147.69176827464253 8.952932318672536 3.2049389705061913 2.3152973446995029
leaf_count=18 25 33 16 34 41 969 56 26 18
internal_value=3.96474e-07 -0.00863497 0.000740913 0.000215273 -0.0164537 -0.000412828 -0.00102378 0.0166123 -0.0245806
internal_weight=186.768 14.347 172.421 168.22 9.66298 161.931 156.645 6.28838 7.01311
internal_count=1236 110 1126 1101 77 1059 1025 42 59
is_linear=0
shrinkage=0.03


Tree=277
num_leaves=10
num_cat=0
split_feature=41 41 17 70 68 287 290 302 108
split_gain=1.30093 2.51076 2.72882 2.52257 1.82601 1.9 1.46669 1.31025 0.622928
threshold=20250918.500000004 20240213.500000004 19.560000000000006 20231022.000000004 0.21650000000000003 3.0749999999999997 2.1300000000000003 0.59746724365462123 0.57500000000000007
decision_type=2 2 2 2 2 2 2 2 2
left_child=1 3 6 4 -1 -6 7 -3 -2
right_child=8 2 -4 -5 5 -7 -8 -9 -10
leaf_value=0.020019689489719786 -0.028763368337274595 0.02536885835428556 -0.016746723862552514 -0.02536388751501556 -0.0016918743134073601 0.011019117969881394 -0.0033389391590596521 0.0025085167275563226 0
leaf_weight=3.7966051697731009 1.9676838256418698 9.7182496841996926 2.5832081977277985 3.5868973974138489 146.65606969408691 11.273542646318672 2.7408868670463553 3.3540555760264388 0.89409920200705517
leaf_count=24 52 89 17 37 893 71 16 25 12
internal_value=2.61533e-06 0.000336491 0.0108303 -0.00081899 -0.000240737 -0.000759139 0.0156007 0.0197947 -0.019705
internal_weight=186.571 183.71 18.3964 165.313 161.726 157.93 15.8132 13.0723 2.86178
internal_count=1236 1172 147 1025 988 964 130 114 64
is_linear=0
shrinkage=0.03


Tree=278
num_leaves=22
num_cat=0
split_feature=313 156 109 297 144 297 46 64 165 172 1 11 106 276 204 284 0 0 290 286 186
split_gain=1.30725 2.92777 2.37766 2.22369 3.87359 3.04881 3.75576 2.94216 4.0539 2.87655 2.8026 3.08828 2.53087 2.44844 1.91472 1.82265 1.80612 2.11059 1.67376 1.59375 1.34915
threshold=0.2940517751148885 0.58565565650000007 0.34610000000000002 1.3434841405462512 1.0077281429680003 1.1866006812765797 0.3867000000000001 17.370000000000001 3.4268033919000005 0.50687927225000007 60.410000000000004 20.775000000000002 0.66450000000000009 0.24061637196810523 26.330497075449131 -1.4499999999999991 72.075000000000003 66.625000000000014 -2.1199999999999997 -4.1199999999999966 -2.4974881236499979
decision_type=2 2 2 2 2 2 2 2 2 2 2 2 2 2 2 2 2 2 2 2 2
left_child=3 2 16 5 10 7 -7 9 -9 -1 18 -12 13 -6 15 -4 17 -2 -5 -3 -8
right_child=1 19 14 4 12 6 20 8 -10 -11 11 -13 -14 -15 -16 -17 -18 -19 -20 -21 -22
leaf_value=0.016000036072622896 0.027850727403489293 0.00078137327470035353 -0.016117055800774025 -0.010951033282676513 0.012970286427561302 -0.0093533039107787288 0.038295551172443001 -0.015209100074018045 0.01841569161842186 -7.7250698848772506e-05 -0.025142896571575975 -0.0060243153873337845 0.031781551875314229 -0.014653452601127537 0.019537892804999263 0.010987078595908428 0.034878312657009677 -0.0039273096177914442 0.021980131812142787 -0.028564610203289247 0.011657339274541791
leaf_weight=11.945165812969206 3.1875463370233827 3.3909326195716858 5.8477557459846157 2.1752310916781425 6.3007326256483775 3.4788387566804877 4.4787177797406903 19.466447735205296 3.7026033326983443 57.30887608230114 14.2710148524493 17.466561578214169 2.8324316293001166 5.151509203016758 3.613077485933899 3.3631317354738677 4.5758307352662086 4.0350322648882866 3.2147359596565357 2.8423159122467032 3.574927056208252
leaf_count=74 25 24 38 19 41 26 21 130 21 351 116 122 18 38 27 22 27 28 23 19 26
internal_value=1.67197e-06 0.00564753 0.0103607 -0.00110319 -0.00621114 0.0013977 0.0158788 -0.000392035 -0.00965061 0.00267163 -0.0113414 -0.0147673 0.00690067 0.000265454 0.00114014 -0.00588672 0.0200368 0.00987644 0.00818624 -0.0123662 0.0271271
internal_weight=186.223 30.8556 24.6224 155.368 51.4122 103.956 11.5325 92.4231 23.1691 69.254 37.1275 31.7376 14.2847 11.4522 12.824 9.21089 11.7984 7.22258 5.38997 6.23325 8.05364
internal_count=1236 210 167 1026 377 649 73 576 151 425 280 238 97 79 87 60 80 53 42 43 47
is_linear=0
shrinkage=0.03


Tree=279
num_leaves=22
num_cat=0
split_feature=318 318 14 312 113 46 18 139 74 12 3 209 281 183 139 278 119 82 137 288 132
split_gain=1.28508 3.16252 3.17887 3.85358 2.55888 4.41212 3.93095 3.71711 5.01827 3.62385 3.37311 3.2831 3.08211 2.90772 2.48671 2.41511 2.23548 2.1442 3.41576 3.21205 1.7154
threshold=0.89457603411583941 1.1118182608657612 22.125000000000004 -0.21774265960312464 0.28745000000000004 0.23515000000000003 17.815000000000001 65.445006700000008 63.231750000000005 16.425000000000004 72.790000000000006 -111.58763308777164 1.8268121293459061 1.0000000180025095e-35 59.994200472500005 2.8171421909443315 7189.7800000000007 28.275000000000002 6.0108500000000005 0.89999999999999958 36.327575000000003
decision_type=2 2 2 2 2 2 2 2 2 2 2 2 2 2 2 2 2 2 2 2 2
left_child=4 2 3 -2 5 -1 11 13 -9 14 -11 -6 -13 -8 -7 17 -5 19 -19 -3 -4
right_child=1 15 20 16 6 9 7 8 -10 10 -12 12 -14 -15 -16 -17 -18 18 -20 -21 -22
leaf_value=0.023269824874952518 0.01686758243372016 0.0054837963280947475 0.024739915682421246 -0.015676457446658264 -0.011114843676484056 0.02018326464379722 -0.0085010243187239216 -0.032986049006981863 0.009992656233773177 -0.023261852896439995 0.0046809572077351549 -0.0040083286968713768 0.018943338421356058 0.02445640854468634 -0.012627321485661243 -0.021000930134087423 0.00092235210380747182 -0.016955311474729628 0.01536005734583914 0.032424022801909119 -0.0030571521398496805
leaf_weight=4.3835633769631377 4.2854655906558028 17.038969852030281 3.8570975437760344 36.091697520576417 4.7932604551315299 5.2520027346909064 4.358053747564556 6.5049699209630472 3.6824207287281752 14.367612656205894 5.0504986345767966 6.1377403829246751 29.053689753636718 4.9484396576881409 3.2023183237761259 2.9672898557037106 8.7142284391447884 7.0160415861755592 4.8651376916095614 5.2934428770095101 3.6597582325339317
leaf_count=29 23 114 24 258 33 32 28 42 25 106 35 38 171 26 22 21 63 48 32 38 28
internal_value=4.28885e-06 -0.0024475 -0.00692759 -0.00974267 0.00254359 -0.00419647 0.00625008 -0.00467017 -0.0172129 -0.00869116 -0.0158537 0.0116473 0.0148553 0.00877784 0.00740228 0.0042933 -0.0123865 0.00662926 -0.00345458 0.0121192 0.0109499
internal_weight=185.524 93.7891 56.6082 49.0914 91.7346 32.256 59.4786 19.4939 10.1874 27.8724 19.4181 39.9847 35.1914 9.30649 8.45432 37.1809 44.8059 34.2136 11.8812 22.3324 7.51686
internal_count=1236 649 396 344 587 224 363 121 67 195 141 242 209 54 54 253 321 232 80 152 52
is_linear=0
shrinkage=0.03


Tree=280
num_leaves=16
num_cat=0
split_feature=186 313 317 53 62 215 318 14 113 299 281 167 290 174 295
split_gain=1.28339 1.59323 2.66939 2.73072 2.66169 2.26409 2.25726 3.20517 4.32383 2.81706 3.1063 3.08306 2.3929 1.84886 1.70844
threshold=10.598470880400006 0.27997802381743125 0.20764871907455398 0.5272058823529413 19.545000000000005 3.3295371921512777 0.89457603411583941 20.175000000000004 0.22200000000000003 2.2101945467327124 5.8559620816512323 4.6560851750000003 -1.6249999999999998 -0.84977068619999996 0.99420519755302694
decision_type=2 2 2 2 2 2 2 2 2 2 2 2 2 2 2
left_child=1 6 4 14 13 -6 9 8 -8 10 -1 -11 -9 -3 -4
right_child=-2 2 3 -5 5 -7 7 12 -10 11 -12 -13 -14 -15 -16
leaf_value=0.0067555014377160758 0.017138900662457799 0 -0.029797242676044562 0.015881668803739923 -0.0077418238995025455 0.014155466034094743 0.014137736526591329 0.016128624157561857 -0.013398372963415724 0.0068199536561906653 -0.0085953732764294938 -0.031123251510307922 -0.0060000255414979749 0.02820436791730126 0
leaf_weight=55.863723343238235 3.7596404645591965 2.5922724530100814 4.2343842573463899 2.9414363354444504 9.0291735194623488 7.7543641887605181 5.6652566436678162 8.6405118517577666 41.674553632736206 3.0561814308166495 14.820113545283673 4.543787332251668 8.5250435322523099 8.377200726419689 3.1927966391667724
leaf_count=340 24 17 31 19 57 52 39 52 304 23 100 34 61 61 22
internal_value=5.57387e-06 -0.000343185 0.00507689 -0.00769753 0.00996767 0.00222144 -0.00181376 -0.00597445 -0.010017 0.00157959 0.00348694 -0.0155851 0.00499387 0.0214214 -0.0175212
internal_weight=184.67 180.911 38.1216 10.3686 27.753 16.7835 142.789 64.5054 47.3398 78.2838 70.6838 7.59997 17.1656 10.9695 7.42718
internal_count=1236 1212 259 72 187 109 953 456 343 497 440 57 113 78 53
is_linear=0
shrinkage=0.03


Tree=281
num_leaves=21
num_cat=0
split_feature=204 53 197 134 201 51 200 153 90 64 302 200 2 206 318 75 147 313 174 281
split_gain=1.28835 2.65582 3.28716 3.51553 3.2659 3.64214 2.86578 3.5045 3.28908 2.65453 2.84529 2.6053 2.58796 2.94053 3.26435 2.32951 2.03042 1.89934 1.88616 1.51608
threshold=31.646950751500516 0.47699579831932776 0.42512460933296725 2.7812615384615391 20.784899950126849 0.083900000000000016 149.35186510103398 0.97628518034800005 32480363.305000003 8.4050000000000029 0.21195000000000006 156.41675952116597 60.125000000000007 8.5877641678114163 1.0841710834247382 4.1477500000000012 -0.019574578900000007 0.25987046964102495 0.053900099899999936 2.8082202364118283
decision_type=2 2 2 2 2 2 2 2 2 2 2 2 2 2 2 2 2 2 2 2
left_child=1 6 3 -3 5 -4 9 8 -8 10 -1 12 15 14 -14 19 -17 -5 -11 -2
right_child=11 2 4 17 -6 -7 7 -9 -10 18 -12 -13 13 -15 -16 16 -18 -19 -20 -21
leaf_value=0.021902591730252236 0.0078360925176049444 0.012842674666958648 0.01812626749568649 -0.03101644783895452 -0.020713090242495701 0.0014936667984469085 0.0085329425054184518 0.023311441286037949 -0.016172742211721613 -0.030703149647799667 -0.018161198654874429 -0.015490668095064549 -0.0059313152105316021 0.027331030451779818 0.014916563354864153 0.018352354569437398 -0.014362974463023379 -0.0045503219702172542 -0.00963894416465985 0.033741608650122212
leaf_weight=3.0777033194899586 3.6180401872843522 3.8614115733653298 17.499837178736925 6.0127428881823999 4.0219040606170884 37.746667887084186 8.1648169755935722 4.5366412196308366 11.34222751483321 8.8962899232283252 3.0799951404333115 5.7424037288874379 29.124360516667366 3.4872956983745089 8.6685959696769697 3.2194930836558342 3.3834703024476758 4.6240098215639591 7.8103089500218621 6.2155657969415188
leaf_count=22 28 27 104 48 30 251 57 25 76 64 19 36 196 21 60 24 25 33 57 33
internal_value=5.53528e-06 -0.00179757 0.00171872 -0.0109751 0.00488765 0.00683963 -0.00738292 -1.83153e-05 -0.00568821 -0.014963 0.00141384 0.00347896 0.00544172 0.00134129 -0.00104351 0.0154881 0.00117672 -0.01994 -0.0211501 0.0246871
internal_weight=184.134 120.675 73.7666 14.4982 59.2684 55.2465 46.908 24.0437 19.507 22.8643 6.1577 63.4592 57.7168 41.2803 37.793 16.4366 6.60296 10.6368 16.7066 9.83361
internal_count=1236 813 493 108 385 355 320 158 133 162 41 423 387 277 256 110 49 81 121 61
is_linear=0
shrinkage=0.03


Tree=282
num_leaves=10
num_cat=0
split_feature=19 61 134 113 313 318 18 274 48
split_gain=1.2627 1.56965 2.65229 1.99479 4.03724 3.15025 3.17879 2.78579 2.7698
threshold=12.625000000000002 4.9365000000000014 2.5206841750841757 0.28555000000000003 0.29928383749346715 0.89457603411583941 17.815000000000001 0.27096362308462935 -0.23194999999999996
decision_type=2 2 2 2 2 2 2 2 2
left_child=-1 2 -2 4 7 6 -5 -3 -7
right_child=1 3 -4 5 -6 8 -8 -9 -10
leaf_value=0.015541884236485162 0.028231526047757794 -0.012258097233508564 -0.0065963360657142296 0.011226964180496018 0.019739207234971995 0.019908502321531761 -0.0036995886921323707 0.0037464856187302423 -0.0054766992496748509
leaf_weight=4.4996252292767158 4.3039580062031737 38.282683359459043 3.2967982664704323 38.352506531402469 4.9720229580998412 4.028567135334014 18.8389449454844 12.740949001163242 54.113596064969897
leaf_count=29 39 264 21 234 38 28 118 102 363
internal_value=5.77012e-06 -0.000376629 0.012846 -0.000987882 -0.00563809 0.00124678 0.0062599 -0.00820345 -0.00363513
internal_weight=183.43 178.93 7.60076 171.329 55.9957 115.334 57.1915 51.0236 58.1422
internal_count=1236 1207 60 1147 404 743 352 366 391
is_linear=0
shrinkage=0.03


Tree=283
num_leaves=14
num_cat=0
split_feature=200 204 200 57 285 215 78 133 137 2 318 75 301
split_gain=1.25841 1.71012 2.71037 2.66357 2.95769 3.59239 2.88673 3.80511 3.47526 2.44807 2.79539 2.22515 1.63578
threshold=4381.9983379593987 31.646950751500516 156.41675952116597 0.51000000000000012 5.410000000000001 4.5701249285035948 2.5650000000000004 56.555740936073349 6.7786500000000007 60.125000000000007 1.1357019795983569 4.1477500000000012 1.0727606061366386
decision_type=2 2 2 2 2 2 2 2 2 2 2 2 2
left_child=1 3 9 6 5 -5 7 -1 -8 11 -11 -3 -2
right_child=12 2 -4 4 -6 -7 8 -9 -10 10 -12 -13 -14
leaf_value=-0.0050289663527612561 -0.0013867640594793108 0.024229443825391529 -0.018500189693754894 -0.0022844967467213913 -0.022473888868776104 0.020021623194103329 -0.014638739827535989 0.017548453376215533 0.0017564611302295094 -0.0024100716827843141 0.017373913791339412 0.0011307233914582134 0.02545513890140455
leaf_weight=21.815670071169738 3.8133263587951651 9.6784701850265282 4.5145071912556878 12.939254423603421 2.9540523551404467 12.503426207229493 37.385094163008034 9.5450338926166278 16.397372543811798 33.318198625929654 7.8275312166661015 6.5672903656959525 3.8410030081868172
leaf_count=151 28 61 30 89 20 80 266 61 104 222 55 49 20
internal_value=7.54148e-06 -0.000498504 0.00348819 -0.00269975 0.00519065 0.00859553 -0.00536952 0.00178134 -0.00959046 0.00529918 0.00131388 0.0151394 0.0118504
internal_weight=183.1 175.446 61.906 113.54 28.3967 25.4427 85.1432 31.3607 53.7825 57.3915 41.1457 16.2458 7.65433
internal_count=1236 1188 417 771 189 169 582 212 370 387 277 110 48
is_linear=0
shrinkage=0.03


Tree=284
num_leaves=9
num_cat=0
split_feature=303 315 132 306 69 139 76 215
split_gain=1.28825 1.89695 1.63254 1.99865 1.72103 3.26454 2.80432 0.880345
threshold=1.1552604006831293 0.5458333333333335 105.34610000000002 1.4831409208516195 331.50000000000006 58.552659755000008 6.0526000000000009 -1.3747453988820404
decision_type=2 2 2 2 2 2 2 2
left_child=2 7 3 4 6 -6 -1 -2
right_child=1 -3 -4 -5 5 -7 -8 -9
leaf_value=0.0089084612932663326 -0.0057550883845344306 0.0072676065850557281 0.020494163413998786 0.023414121620273291 0.0034899812737789813 -0.006657000882979356 -0.0060422951699870848 -0.03350405151993132
leaf_weight=35.794142715632915 2.088440952822566 2.7270723711699247 3.521702983416616 3.1550607308745375 48.97740176320076 67.324591056443751 16.149923214688897 2.9136980399489394
leaf_count=231 22 17 29 19 312 462 115 29
internal_value=7.80754e-06 -0.0118811 0.000556765 0.000117916 -0.000314778 -0.00235878 0.0041998 -0.0228465
internal_weight=182.652 7.72921 174.923 171.401 168.246 116.302 51.9441 5.00214
internal_count=1236 68 1168 1139 1120 774 346 51
is_linear=0
shrinkage=0.03


Tree=285
num_leaves=14
num_cat=0
split_feature=310 131 207 75 163 151 15 54 174 192 318 105 174
split_gain=1.23636 1.98553 3.46413 2.92208 3.5232 3.37835 2.67507 2.89883 2.35156 1.80229 2.56448 0.88058 0.846974
threshold=0.087141989315513882 75.577727777777795 0.20240372197112375 3.5875000000000004 3.4821579200500001 16.678143036600002 18.940000000000001 0.4159500000000001 0.19406098819999995 3.9882640353685246 0.93861035348013677 0.35425000000000006 -0.69617944804999976
decision_type=2 2 2 2 2 2 2 2 2 2 2 2 2
left_child=1 2 3 5 -5 -1 7 -3 -9 10 -2 -8 -11
right_child=9 6 -4 4 -6 -7 11 8 -10 12 -12 -13 -14
leaf_value=0.0034939481168539924 0.014815668120268785 -0.017596938774021239 0.023842490021537769 -0.011119951010234419 0.0081395008912417965 -0.024998926682103784 0.011072509039038957 0.00093718903243263736 0.020380765083914735 -0.0058126155504128318 -0.019872027906604951 0.034619473186082834 -0.032271360932943485
leaf_weight=67.970901323482394 4.5327663440257293 5.0621524378657332 4.7263245806097975 43.301706636324525 10.383950777351854 3.8479262329637995 3.4813372530043116 19.176106713712219 8.0290564671158773 2.2092066779732704 3.1696597458794713 3.4233472421765327 3.100746295414865
leaf_count=419 39 34 27 319 56 25 24 126 54 23 31 23 36
internal_value=7.70029e-06 0.000710653 -0.00105176 -0.00203136 -0.00733078 0.001893 0.0066341 0.00287029 0.00683906 -0.00885058 8.49427e-05 0.023503 -0.0221287
internal_weight=182.415 169.403 130.231 125.504 53.6857 71.8188 39.172 32.2673 27.2052 13.0124 7.70243 6.90468 5.30995
internal_count=1236 1107 846 819 375 444 261 214 180 129 70 47 59
is_linear=0
shrinkage=0.03


Tree=286
num_leaves=16
num_cat=0
split_feature=112 130 101 318 281 285 273 0 274 281 199 156 199 296 116
split_gain=1.26739 2.15558 1.89578 1.67308 3.33243 3.3861 3.08631 2.95631 2.26115 2.6764 2.46206 2.10753 1.44249 1.34816 1.10934
threshold=0.56250000000000011 8.5000000000000018 0.21505000000000005 0.90081230958738434 12.409708528264241 7.1750000000000052 1.3882817778802672 57.900000000000013 0.42215704242019753 6.8249204614646937 46.668151064680181 0.48465082570000007 36.014192182316897 0.84014563309032975 0.55400000000000016
decision_type=2 2 2 2 2 2 2 2 2 2 2 2 2 2 2
left_child=3 -2 -3 6 5 7 8 -5 9 -1 -10 -6 -8 -4 -15
right_child=1 2 13 4 11 -7 12 -9 10 -11 -12 -13 -14 14 -16
leaf_value=0.004622373580591586 0.027753486667323302 0.022795222981938149 0.0097865481329616286 0.018571440150785854 0.025036764404246278 0.018791431321101001 -0.0015749741101503429 -0.0090628741046964098 0.02987232458355318 -0.01113751416141728 0.00080565154341753797 -0.0054639777957489234 -0.029902485119243007 0 -0.02614728255630407
leaf_weight=54.714762698858976 3.7334809638559809 2.8551627211272708 3.3975372910499555 3.5216740034520617 5.3927873298525792 4.5254119765013447 3.3516180552542201 65.428703076206148 5.7686827182769758 11.619726777076719 5.1482044979929924 2.9708068296313286 3.5532784461975098 3.0560639519244432 2.9436356741935015
leaf_count=336 26 23 25 27 36 33 25 460 32 82 38 22 26 24 21
internal_value=8.1096e-06 0.00806469 0.00164625 -0.000754089 -0.00381938 -0.00589461 0.0021922 -0.00758314 0.00394802 0.00180397 0.0165691 0.0139117 -0.0167994 -0.00463592 -0.0133215
internal_weight=181.982 15.9859 12.2524 165.996 81.8394 73.4758 84.1563 68.9504 77.2514 66.3345 10.9169 8.36359 6.9049 9.39724 5.9997
internal_count=1236 119 93 1117 578 520 539 487 488 418 70 58 51 70 45
is_linear=0
shrinkage=0.03


Tree=287
num_leaves=10
num_cat=0
split_feature=186 313 156 50 78 207 66 177 195
split_gain=1.24022 1.53769 2.24289 2.08649 2.29735 2.07179 2.56288 3.27023 2.80107
threshold=10.598470880400006 0.29199464751051613 0.73478823860000009 0.72320000000000018 2.9750000000000005 0.25172921721653529 4.1350000000000007 1.5167854943500003 2.9761271626569172
decision_type=2 2 2 2 2 2 2 2 2
left_child=1 5 3 4 -3 6 8 -8 -1
right_child=-2 2 -4 -5 -6 -7 7 -9 -10
leaf_value=-0.0040129049530944205 0.016940206015583964 0.026582830596004796 -0.012201686193489726 -0.014618479827605044 0.0057495798676671685 0.018676629009302583 -0.015104497729985069 0.0034465110533368256 0.0059121356659009427
leaf_weight=60.883950743824244 3.7194518595933905 7.091519748792062 5.0174946524202815 2.7180504053831092 15.971520849503575 4.2572838291525832 25.474415051750839 12.45137240923941 43.972523560747504
leaf_count=411 24 49 35 20 112 27 202 82 274
internal_value=1.00691e-05 -0.000336483 0.0057264 0.00936513 0.0123721 -0.00162982 -0.00226893 -0.0089421 0.000122336
internal_weight=181.558 177.838 30.7986 25.7811 23.063 147.04 142.782 37.9258 104.856
internal_count=1236 1212 216 181 161 996 969 284 685
is_linear=0
shrinkage=0.03


Tree=288
num_leaves=17
num_cat=0
split_feature=264 287 165 47 187 107 276 151 206 48 105 51 276 305 212 100
split_gain=1.23261 1.83639 2.66308 2.74043 4.12267 3.00322 2.34751 3.82317 3.55934 2.17927 3.73855 3.72767 2.43762 2.89577 2.70395 1.09676
threshold=-4.4633185101721802 -0.37499999999999994 -0.21313016670000007 0.6039500000000001 -0.4801636380999999 0.013500000000000002 0.2283099553434271 0.50273897705000004 -1.4373460316339295 0.18590000000000004 0.41390000000000005 0.35905000000000004 0.97043844856440542 0.92738908913131013 12.284840534354032 3968.5200000000004
decision_type=2 2 2 2 2 2 2 2 2 2 2 2 2 2 2 2
left_child=15 9 6 5 -5 -4 7 -3 -8 12 11 -11 13 -2 -14 -1
right_child=1 2 3 4 -6 -7 8 -9 -10 10 -12 -13 14 -15 -16 -17
leaf_value=-0.027989343989349082 0.0013503596141250435 -0.01317381351002825 0.0065812133815491497 0.024216801222418888 -0.010307874855512409 0.02641181678475199 0.0087130361779778794 0.013968217026770929 -0.02564820145797236 0.029529742934024158 -0.017513347545507232 0.0014539138192635978 0.010998554704131974 -0.012797908106838979 -0.018192783755759199 0
leaf_weight=2.5293932650238267 19.47514046356082 7.4680624939501348 20.759874496608976 4.0437164921313551 12.289651442319153 10.718280743807552 3.9685834869742393 11.922690786421297 7.5789826977998001 6.6930096335709157 4.8164576813578597 12.085908470675347 13.771303841844203 37.001722680404782 3.4453426580876103 2.6543094059452415
leaf_count=22 135 56 135 25 90 75 28 74 56 33 35 83 88 252 26 23
internal_value=1.09101e-05 0.0004557 0.00387297 0.00832055 -0.00148256 0.0134908 -0.00290825 0.00334699 -0.0136082 -0.00228072 0.00557955 0.0117228 -0.00484225 -0.00787232 0.0049123 -0.0142491
internal_weight=181.222 176.039 78.7498 47.8115 16.3334 31.4782 30.9383 19.3908 11.5476 97.2889 23.5954 18.7789 73.6935 56.4769 17.2166 5.1837
internal_count=1236 1191 539 325 115 210 214 130 84 652 151 116 501 387 114 45
is_linear=0
shrinkage=0.03


Tree=289
num_leaves=8
num_cat=0
split_feature=292 292 77 54 202 113 210
split_gain=1.23028 1.56032 1.67474 2.43277 1.76263 2.59803 2.17465
threshold=-7.6899999999999986 -6.9399999999999995 12.460000000000003 0.43970000000000004 19.55588997837787 0.28650000000000003 83.618003953847051
decision_type=2 2 2 2 2 2 2
left_child=-1 -2 3 -3 6 -6 -4
right_child=1 2 4 -5 5 -7 -8
leaf_value=0.019892131849473985 -0.020933952397561083 0.029969925199607183 -0.002162999683583714 -0.0020674945814668712 -0.0052350903403668714 0.0053050739824745353 -0.018382114510546207
leaf_weight=2.6628600358963004 3.1336239315569392 3.9409344885498268 60.422618113458157 4.1533830612897873 30.210531332530081 67.64459599275142 8.5167069211602193
leaf_count=16 22 30 417 27 225 439 60
internal_value=1.09928e-05 -0.000280548 8.41236e-05 0.0133401 -0.000548802 0.00201839 -0.00423387
internal_weight=180.685 178.022 174.889 8.09432 166.794 97.8551 68.9393
internal_count=1236 1220 1198 57 1141 664 477
is_linear=0
shrinkage=0.03


Tree=290
num_leaves=18
num_cat=0
split_feature=112 130 101 120 78 105 66 136 279 112 16 295 191 210 287 180 95
split_gain=1.2148 2.1568 2.5485 1.9627 3.07156 2.70723 2.94786 2.66562 2.12568 3.50277 3.31179 3.00437 2.82352 3.09985 2.80102 1.94123 1.7486
threshold=0.55415000000000014 8.5000000000000018 0.21400000000000005 6802.6600000000008 6.7500000000000009 0.19870000000000002 1.635 9.4109443939393955 0.0052728038204993355 0.51250000000000007 18.060000000000006 0.42446596490509952 2.3198371058649001 -31.345438546519635 -1.4250000000000005 0.086674549304000023 -5.0000000000000009
decision_type=2 2 2 2 2 2 2 2 2 2 2 2 2 2 2 2 2
left_child=3 -2 -3 8 5 -5 -7 -6 12 10 -10 -11 13 -1 -14 -4 -17
right_child=1 2 15 4 7 6 -8 -9 9 11 -12 -13 14 -15 -16 16 -18
leaf_value=0.028428312488366855 0.02347564362222317 0.022576732411530645 0.016260608622292488 -0.017069383390108789 -0.031482467896340738 0.029741344864399596 0.0064939694399690721 0.0036765672860986061 -0.0087578097741642224 0.0076824746253837629 0.012135736500472047 -0.026949980738996758 -0.013414981726814951 0.0012964541244563981 0.0013331684766734453 -0.0181432208470832 0.0074622357549475188
leaf_weight=5.8902389667928245 5.1097323764115599 3.8984114844352034 2.9724578913301221 3.0659963879734304 3.4026393815875045 6.4386442871764329 22.391484631225467 4.0196799300611019 22.068622445687655 2.5963806826621285 9.7031172234565002 11.479081673547624 16.174465842545033 11.035069286823271 39.244431732222438 7.8370658047497299 3.1794715803116516
leaf_count=30 38 30 22 25 22 40 153 26 158 18 65 81 111 77 258 58 24
internal_value=9.40777e-06 0.00645107 0.00131755 -0.000915565 0.00485458 0.00895376 0.0118744 -0.0122469 -0.00286295 -0.00791173 -0.00226472 -0.0203409 0.000301744 0.0110264 -0.00293358 -0.00451215 -0.0104827
internal_weight=180.507 22.9971 17.8874 157.51 39.3184 31.8961 28.8301 7.42232 118.191 45.8472 31.7717 14.0755 72.3442 16.9253 55.4189 13.989 11.0165
internal_count=1236 172 134 1064 266 218 193 48 798 322 223 99 476 107 369 104 82
is_linear=0
shrinkage=0.03


Tree=291
num_leaves=10
num_cat=0
split_feature=289 289 215 206 215 149 168 123 15
split_gain=1.21101 1.56606 1.74343 3.09867 2.7797 2.89696 2.7704 2.22828 1.36875
threshold=-9.0749999999999975 -7.8749999999999991 -15.392249916449787 -9.9552883316278713 1.3824556725957937 14.125596891400003 0.69517887880000007 674.50000000000011 17.315000000000001
decision_type=2 2 2 2 2 2 2 2 2
left_child=-1 8 3 -3 5 -4 -5 -6 -2
right_child=1 2 4 6 7 -7 -8 -9 -10
leaf_value=0.015466312823499329 -0.030230146545730013 -0.012567594835998008 0.0020372941236828294 -0.0033133582731114087 0.0039921441276172783 -0.012032694945595761 0.02897235825042889 -0.0083976019621909304 0
leaf_weight=4.3598204068839541 2.8122458830475798 3.7415355928242198 21.730004268698394 3.2989974617958051 86.947569247335196 32.033319655805826 7.1887864470481873 15.160223189741371 2.6969893146306276
leaf_count=29 19 28 153 28 601 217 41 97 23
internal_value=1.24634e-05 -0.000362716 0.000134038 0.0101632 -0.000768214 -0.00629698 0.018598 0.00211684 -0.015964
internal_weight=179.969 175.61 170.1 14.2293 155.871 53.7633 10.4878 102.108 5.50924
internal_count=1236 1207 1165 97 1068 370 69 698 42
is_linear=0
shrinkage=0.03


Tree=292
num_leaves=7
num_cat=0
split_feature=189 189 304 46 67 195
split_gain=1.1923 3.18099 1.47764 1.80944 2.8281 2.47362
threshold=7.0838719804112253 5.9283502623689417 0.79411546005961886 0.63675000000000015 0.7672500000000001 4.7491734013976581
decision_type=2 2 2 2 2 2
left_child=1 2 -1 4 -4 -5
right_child=-2 -3 3 5 -6 -7
leaf_value=0.022756353672829317 -0.01580985810580109 0.030939884325056018 -0.0014376480148598921 -0.016444188448471109 0.0086542567251115376 0.0045632865273477746
leaf_weight=2.400971792638301 4.0785042289644471 2.9183275997638694 117.64229219779372 13.435696742497386 31.560394998639822 7.6871469989418975
leaf_count=18 34 16 795 117 203 53
internal_value=1.06482e-05 0.00040386 -0.000112311 -0.000465443 0.000681335 -0.00867219
internal_weight=179.723 175.645 172.727 170.326 149.203 21.1228
internal_count=1236 1202 1186 1168 998 170
is_linear=0
shrinkage=0.03


Tree=293
num_leaves=22
num_cat=0
split_feature=137 18 306 283 67 57 267 133 14 174 106 137 279 144 192 41 41 130 305 98 66
split_gain=1.20668 2.44707 2.81279 2.39638 3.17212 3.2069 3.06479 2.49037 2.2772 2.79425 2.24719 2.24147 2.96073 3.01197 2.80925 2.92961 3.1876 2.76899 2.0431 2.04177 1.87037
threshold=2.6964500000000005 15.940000000000003 0.7580803647151465 0.12412693285783208 0.59975000000000012 0.47895582329317271 -1.1526208405200522 83.596653568372361 22.875000000000004 0.17624236210000002 0.46865000000000007 1.8421000000000003 0.13608683754965498 0.52154444264000011 23.724884017564435 20210302.500000004 20210906.500000004 12.500000000000002 1.0634236536459392 1.0000000180025095e-35 3.3000000000000003
decision_type=2 2 2 2 2 2 2 2 2 2 2 2 2 2 2 2 2 2 2 2 2
left_child=11 3 -3 4 5 -2 -5 -6 9 -4 -10 14 13 17 15 -1 -17 -13 -16 -15 -8
right_child=1 2 8 6 7 -7 20 -9 10 -11 -12 12 -14 19 18 16 -18 -19 -20 -21 -22
leaf_value=-0.024445302553627934 -0.0092593938220182238 0.015174607301568161 -0.015573483279258359 0.028439678698735767 -0.023116553670108189 0.013999812004296073 0.017847231971235663 0.0064409847227976024 -0.00633366100591423 0.00062421104222445435 0.025516293401229549 -0.025256653866084132 -0.020433795497546176 -0.0035832885625831415 0.0001136043418527995 0.018546763874944684 -0.0079189436488014478 0.0075313412994850587 0.031209241110575343 0.021768290059069651 -0.0089692300212291642
leaf_weight=6.3626942411065128 8.4526251144707221 4.8960730321705332 32.199149172753096 6.3575690761208525 8.277700996026395 13.724033969454466 3.7452150303870422 3.4447123594582072 4.7167687453329554 13.122836466878651 3.2034389339387417 3.0520707909017792 2.7792501635849467 3.1385525520890978 4.8409936390817148 5.3201098889112499 16.477954219095409 8.5774231255054456 3.2584484107792377 17.787052009254694 5.8061125352978706
leaf_count=35 58 32 225 35 61 92 23 24 36 91 21 25 21 28 35 32 130 64 18 111 39
internal_value=1.09525e-05 -0.00197457 -0.00616707 0.00286155 -0.00157329 0.00499814 0.0124496 -0.0141961 -0.00821062 -0.0108264 0.00633197 0.00304504 0.00842893 0.0110399 -0.00212763 -0.00667841 -0.00126744 -0.000959813 0.0132175 0.0178243 0.00131103
internal_weight=179.541 107.946 58.1383 49.808 33.8991 22.1767 15.9089 11.7224 53.2422 45.322 7.92021 71.5945 35.3343 32.5551 36.2602 28.1608 21.7981 11.6295 8.09944 20.9256 9.55133
internal_count=1236 737 405 332 235 150 97 85 373 316 57 499 249 228 250 197 162 89 53 139 62
is_linear=0
shrinkage=0.03


Tree=294
num_leaves=11
num_cat=0
split_feature=303 315 293 112 119 272 314 13 113 206
split_gain=1.1824 1.77034 1.55184 1.70295 2.02946 3.12231 2.35455 1.97501 1.28106 0.805133
threshold=1.1552604006831293 0.5458333333333335 9.8317436961736338 0.56250000000000011 7365.8000000000011 1.6818705932174185 0.44407085727231815 20.775000000000002 0.26730000000000004 -1.9886971762401335
decision_type=2 2 2 2 2 2 2 2 2 2
left_child=2 9 3 4 6 -6 -1 8 -5 -2
right_child=1 -3 -4 7 5 -7 -8 -9 -10 -11
leaf_value=-0.00054087963146042981 -0.0059863257487582453 0.0070697975014341313 -0.017662469371763974 -0.00035789746939503205 0.010202683232714366 -0.016059267943393747 -0.016634968186523713 -0.0051575075267939812 0.02416253567911799 -0.033016751271407678
leaf_weight=110.35069326777011 2.0792353320866823 2.6698282714933157 3.9960853960365048 2.2300467249006015 29.32880066242069 4.5606468580663195 8.7844294812530261 4.4339825436472884 7.6265678480267525 2.7576240207999936
leaf_count=732 22 17 34 15 194 33 66 33 61 29
internal_value=1.22346e-05 -0.0115442 0.000542566 0.00100558 5.7949e-05 0.00654339 -0.00176569 0.0108735 0.0183656 -0.0223614
internal_weight=178.818 7.50669 171.311 167.315 153.025 33.8894 119.135 14.2906 9.85661 4.83686
internal_count=1236 68 1168 1134 1025 227 798 109 76 51
is_linear=0
shrinkage=0.03


Tree=295
num_leaves=7
num_cat=0
split_feature=63 149 162 284 263 172
split_gain=1.20772 1.46344 1.90959 1.90189 1.81443 0.971243
threshold=3.2950000000000004 2.4062547741000002 0.017580873264000003 -14.209999999999999 -0.90841355905861365 0.085360947800000017
decision_type=2 2 2 2 2 2
left_child=-1 -2 5 -4 -5 -3
right_child=1 2 3 4 -6 -7
leaf_value=0.022677821940052637 0.018393938303523059 -0.0046962083571596095 -0.018946294188045942 -0.023155187899238039 0.00090931510019372024 -0.0309422452716052
leaf_weight=1.9931309558451165 3.6013715099543324 3.069314766675233 4.5705954860895863 2.7653636969625941 159.94744562078267 2.6131318211555481
leaf_count=17 25 25 37 26 1082 24
internal_value=7.8996e-06 -0.000243714 -0.000659513 -5.55906e-05 0.000467933 -0.0176109
internal_weight=178.56 176.567 172.966 167.283 162.713 5.68245
internal_count=1236 1219 1194 1145 1108 49
is_linear=0
shrinkage=0.03


Tree=296
num_leaves=9
num_cat=0
split_feature=186 274 313 317 40 213 204 294
split_gain=1.18672 1.45952 1.51654 2.51759 3.13548 2.84205 1.99219 1.92765
threshold=10.598470880400006 -0.60383903893929558 0.28529093014848134 0.20764871907455398 21.475000000000005 6.2504222757220953 74.507585494336467 2.3073920426977197
decision_type=2 2 2 2 2 2 2 2
left_child=1 -1 6 4 -4 -5 7 -3
right_child=-2 2 3 5 -6 -7 -8 -9
leaf_value=-0.019543867626178577 0.016734926883984719 -0.00048587376714794722 0.025260948925581034 -0.03222334952181799 0.0025368297057432741 0.0032268062091566829 0.021096244922790875 -0.011029296711406567
leaf_weight=3.3897369764745227 3.6435820385813704 116.5377787379548 8.7033905889838952 2.7686122506856901 15.393617695197461 6.5557160750031471 3.35308814048767 18.059955867938697
leaf_count=21 24 779 67 20 104 48 21 152
internal_value=5.922e-06 -0.000335073 3.85573e-05 0.00577922 0.0109388 -0.00721108 -0.00133368 -0.00192997
internal_weight=178.405 174.762 171.372 33.4213 24.097 9.32433 137.951 134.598
internal_count=1236 1212 1191 239 171 68 952 931
is_linear=0
shrinkage=0.03


Tree=297
num_leaves=10
num_cat=0
split_feature=19 61 134 194 318 261 174 301 204
split_gain=1.16715 1.50273 2.41403 1.9316 2.43681 2.41166 2.21064 2.4413 2.35128
threshold=12.625000000000002 4.9365000000000014 2.5206841750841757 0.23385690516193181 1.2145482375047842 0.031805326668932342 0.78226044205000012 1.1482816971164431 41.5069346663958
decision_type=2 2 2 2 2 2 2 2 2
left_child=-1 2 -2 4 5 -3 8 -8 -5
right_child=1 3 -4 6 -6 -7 7 -9 -10
leaf_value=0.01512623038419466 0.027870021830359026 0.0014997884686352395 -0.0058013875928674893 0.00018713449250808457 0.012184714649388475 -0.02177793406027298 -0.0023619258858258185 -0.022992894957082389 0.011462360922542393
leaf_weight=4.3886019289493552 4.1207677684724322 5.6517508812248769 3.2341388538479805 91.775784799829125 3.6562305334955445 11.877617178484796 26.566800917498767 6.4578104512765995 20.393665567040443
leaf_count=29 39 39 21 626 24 91 187 47 133
internal_value=5.97004e-06 -0.000367198 0.0127822 -0.000973824 -0.00941729 -0.0141367 0.000243168 -0.00654402 0.0022722
internal_weight=178.123 173.735 7.35491 166.38 21.1856 17.5294 145.194 33.0246 112.169
internal_count=1236 1207 60 1147 154 130 993 234 759
is_linear=0
shrinkage=0.03


Tree=298
num_leaves=10
num_cat=0
split_feature=282 302 294 116 154 19 277 313 76
split_gain=1.16881 1.8339 1.95128 1.81785 1.65622 1.75025 1.92409 1.53718 1.03459
threshold=0.018137056739739459 -0.0041499999999999948 0.9587770897832818 0.49000000000000005 0.16614813275000004 12.625000000000002 -0.49246870622860472 0.27997802381743125 5.5516500000000013
decision_type=2 2 2 2 2 2 2 2 2
left_child=1 3 -3 -1 8 -6 -7 -8 -2
right_child=4 2 -4 -5 5 6 7 -9 -10
leaf_value=0 0.028762220966039018 -0.016654998798993449 0.014568137179112366 -0.03288645240602945 0.019472660447867971 0.024604754093381847 -0.0024677381446680381 0.0047989752845153067 0.0026673779787844227
leaf_weight=2.5144221540540457 2.9017875790595999 2.9080329835414869 4.3264835104346275 3.8154371166601777 4.0010912884026757 2.6175318975001565 118.29923844803125 33.386113127693534 3.0721656829118729
leaf_count=23 16 19 35 33 25 18 805 236 26
internal_value=6.57333e-06 -0.00840681 0.0015525 -0.0201032 0.000724206 0.000115174 -0.000379624 -0.000846454 0.0161014
internal_weight=177.842 13.5644 7.23452 6.32986 164.278 158.304 154.303 151.685 5.97395
internal_count=1236 110 54 56 1126 1084 1059 1041 42
is_linear=0
shrinkage=0.03


Tree=299
num_leaves=8
num_cat=0
split_feature=200 304 200 106 291 212 22
split_gain=1.15699 1.56602 1.75964 1.70666 2.82382 1.91097 1.55748
threshold=4381.9983379593987 0.77681503076968494 1822.4104923691059 -0.53994999999999982 -4.1199999999999992 -1334.0835533142547 -0.53499999999999992
decision_type=2 2 2 2 2 2 2
left_child=1 -1 3 4 -3 -5 -2
right_child=6 2 -4 5 -6 -7 -8
leaf_value=0.026055436594699864 -0.0054893758624786062 0.011050200571851207 -0.020681223086733973 0.025569656559115531 -0.016461861538897889 0.00021430452635227802 0.022041301730106471
leaf_weight=1.87139556929469 2.7262135297060013 4.33257061056793 3.8225432485342017 2.6323097795248023 12.740629109553991 144.82474064547569 4.6716697476804248
leaf_count=14 19 30 35 14 100 995 29
internal_value=8.01606e-06 -0.000482815 -0.000810913 -0.00031876 -0.0092819 0.000704285 0.0115579
internal_weight=177.622 170.224 168.353 164.53 17.0732 147.457 7.39788
internal_count=1236 1188 1174 1139 130 1009 48
is_linear=0
shrinkage=0.03


end of trees

feature_importances:
报价日_excel=119
市场波动率_120d=94
市场波动率比值=73
报价日_md=66
price_vs_MA20=60
波动率_60d=57
行业年化收益_60d=54
总分_delta_1y=49
成长能力_delta_1y=49
行业胜率_120d=48
同行PE_中位=48
个股PB=47
盈利能力_delta_1y=47
同行PS_中位=46
净资产增长=45
现金利息负债比=44
盈利能力_T=43
波动率_250d=41
同行市值_均值=41
利息资本化率=40
年化收益_20d=39
净利润=37
行业波动率_250d=37
同行公司数=37
净利增长=37
市场距离MA250=36
price_vs_MA250=33
price_vs_MA120=31
行业年化收益_20d=30
capex_intensity=30
vol_ratio_60_250=30
市场胜率_120d=30
总分_T-4=29
已获利息倍数=29
研发费用率=29
营收_YoY=29
营收_CAGR2=29
成长能力_T-1=28
MA120=28
return_acceleration=28
营业利润_T4=27
成长能力_delta_2y=27
行业PB_120d增长=27
盈利能力_T-1=26
价格标准差=26
数据天数=26
FCF_T2=26
营收_3年斜率=26
capex_to_dep=26
行业PB_250d增长=26
区间收益_60d=25
毛利率=24
总分_T-3=23
盈利能力_T-3=23
年化收益_120d=23
胜率_120d=23
PE_vs_行业=23
PE_vs_同行均值=23
price_vs_MA60=23
个股PS=22
行业波动率_20d=22
行业波动率_60d=22
同行市值_中位=22
资本支出_T4=22
总营收增长=22
FCF_加速=22
行业年化收益_120d=21
应收账款周转率=21
成长能力_delta_4y=21
PS_vs_同行均值=21
成长能力_T=20
当前价=20
行业区间收益_20d=20
FCF_T1=20
总资产周转率=20
成长能力_T-2=19
胜率_250d=19
MA250=19
邀请日=19
行业波动率_120d=19
同行PE_均值=19
同行PE_标准差=19
同行PB_均值=19
FCF_T3=19
存货周转率=19
现金流动负债比=19
盈利能力_delta_2y=19
盈利能力_delta_4y=19
波动率_20d=18
年化收益_250d=18
中位价=18
报价日=18
行业年化收益_250d=18
营收_T1=18
NOPAT_3年斜率=18
流动资产周转率=18
净利率=18
PB_vs_同行均值=18
营业利润_T3=17
ROE=17
资本支出_YoY=17
总分_T-1=16
漂移率=16
个股PE=16
行业PE=16
盈利能力_T-4=15
报价日价格_excel=15
行业区间收益_60d=15
折旧_T=15
NOPAT_CAGR2=15
FCF_YoY=15
资本支出_加速=15
总分_T-2=14
成长能力_T-3=14
行业PB=14
行业级别=14
行业胜率_250d=14
总资产净利率=14
产权比率=14
资本支出_CAGR2=14
FCF_margin=14
FCF_conversion=14
成长能力_T-4=13
盈利能力_斜率=13
MA30=13
波动率=13
资本支出_T2=13
ROA=13
NOPAT_加速=13
均价_all=12
行业总天数=12
营收_T=12
FCF_3年斜率=12
流动比率=12
速动比率=12
营收增长=12
净利润_fcf_YoY=12
区间收益_20d=11
区间收益_120d=11
行业胜率_60d=11
行业MA120=11
行业MA250=11
同行PB_中位=11
净利润_fcf_T1=11
营业利润_T2=11
营收_加速=11
PE_vs_同行中位=11
净利润_fcf_T3=10
扣非净利增长=10
NOPAT_YoY=10
总分_delta_2y=10
PB_vs_行业=10
总分_T=9
年化收益_60d=9
MA20=9
MA60=9
同行PS_均值=9
净利润_fcf_T2=9
资本支出_T3=9
资产负债率=9
利润增长=9
总分_delta_4y=9
总分_斜率=8
成长能力_斜率=8
报价日价格=8
行业漂移率=8
FCF_T=8
折旧_T2=8
ROE增长=8
区间收益_250d=7
报价日MA20=7
溢价率上限=7
资本支出_T=7
营收_T3=7
折旧_T4=7
净利润_fcf_CAGR2=7
净利润_fcf_加速=7
vol_ratio_20_60=7
盈利能力_T-2=6
波动率_120d=6
行业胜率_20d=6
净利润_fcf_T=6
营收_T4=6
营收增长2=6
营业利润_加速=6
市场年化收益_120d=6
胜率_20d=5
胜率_60d=5
营业利润_T=5
营业利润_T1=5
营收_T2=5
折旧_T3=5
净利润_fcf_T4=5
FCF_T4=5
FCF_CAGR2=5
行业MA60=4
资本支出_T1=4
ROE摊薄=4
营业利润_CAGR2=4
NOPAT_margin=4
蒙特卡洛_通过=3
溢价率上限_excel=3
有效阈值数=3
step2通过=3
行业区间收益_120d=3
行业区间收益_250d=3
行业MA20=3
NOPAT_T=3
FCF年份_T=3
折旧_T1=3
NOPAT_T4=3
行业PE_60d增长=3
子场景通过数=2
最新交易日=2
NOPAT_T1=2
营业利润_YoY=2
行业PE_120d增长=2
个股PE_通过=1
锁定价当前价=1
step1通过=1
step3通过=1
行业波动率_总=1
FCF年份_T1=1
NOPAT_T2=1
NOPAT_T3=1
PB_vs_同行中位=1
行业PB_60d增长=1
行业PE_250d增长=1

parameters:
[boosting: gbdt]
[objective: binary]
[metric: binary_logloss]
[tree_learner: serial]
[device_type: cpu]
[data_sample_strategy: bagging]
[data: ]
[valid: ]
[num_iterations: 300]
[learning_rate: 0.03]
[num_leaves: 31]
[num_threads: 4]
[seed: 42]
[deterministic: 0]
[force_col_wise: 0]
[force_row_wise: 0]
[histogram_pool_size: -1]
[max_depth: 5]
[min_data_in_leaf: 20]
[min_sum_hessian_in_leaf: 0.001]
[bagging_fraction: 0.8]
[pos_bagging_fraction: 1]
[neg_bagging_fraction: 1]
[bagging_freq: 0]
[bagging_seed: 400]
[bagging_by_query: 0]
[feature_fraction: 0.8]
[feature_fraction_bynode: 1]
[feature_fraction_seed: 30056]
[extra_trees: 0]
[extra_seed: 12879]
[early_stopping_round: 0]
[early_stopping_min_delta: 0]
[first_metric_only: 0]
[max_delta_step: 0]
[lambda_l1: 0.1]
[lambda_l2: 0.1]
[linear_lambda: 0]
[min_gain_to_split: 0]
[drop_rate: 0.1]
[max_drop: 50]
[skip_drop: 0.5]
[xgboost_dart_mode: 0]
[uniform_drop: 0]
[drop_seed: 17869]
[top_rate: 0.2]
[other_rate: 0.1]
[min_data_per_group: 100]
[max_cat_threshold: 32]
[cat_l2: 10]
[cat_smooth: 10]
[max_cat_to_onehot: 4]
[top_k: 20]
[monotone_constraints: ]
[monotone_constraints_method: basic]
[monotone_penalty: 0]
[feature_contri: ]
[forcedsplits_filename: ]
[refit_decay_rate: 0.9]
[cegb_tradeoff: 1]
[cegb_penalty_split: 0]
[cegb_penalty_feature_lazy: ]
[cegb_penalty_feature_coupled: ]
[path_smooth: 0]
[interaction_constraints: ]
[verbosity: -1]
[saved_feature_importance_type: 0]
[use_quantized_grad: 0]
[num_grad_quant_bins: 4]
[quant_train_renew_leaf: 0]
[stochastic_rounding: 1]
[linear_tree: 0]
[max_bin: 255]
[max_bin_by_feature: ]
[min_data_in_bin: 3]
[bin_construct_sample_cnt: 200000]
[data_random_seed: 175]
[is_enable_sparse: 1]
[enable_bundle: 1]
[use_missing: 1]
[zero_as_missing: 0]
[feature_pre_filter: 1]
[pre_partition: 0]
[two_round: 0]
[header: 0]
[label_column: ]
[weight_column: ]
[group_column: ]
[ignore_column: ]
[categorical_feature: ]
[forcedbins_filename: ]
[precise_float_parser: 0]
[parser_config_file: ]
[objective_seed: 16083]
[num_class: 1]
[is_unbalance: 1]
[scale_pos_weight: 1]
[sigmoid: 1]
[boost_from_average: 1]
[reg_sqrt: 0]
[alpha: 0.9]
[fair_c: 1]
[poisson_max_delta_step: 0.7]
[tweedie_variance_power: 1.5]
[lambdarank_truncation_level: 30]
[lambdarank_norm: 1]
[label_gain: ]
[lambdarank_position_bias_regularization: 0]
[eval_at: ]
[multi_error_top_k: 1]
[auc_mu_weights: ]
[num_machines: 1]
[local_listen_port: 12400]
[time_out: 120]
[machine_list_filename: ]
[machines: ]
[gpu_platform_id: -1]
[gpu_device_id: -1]
[gpu_use_dp: 0]
[num_gpu: 1]

end of parameters

pandas_categorical:[]
