tree
version=v4
num_class=1
num_tree_per_iteration=1
label_index=0
max_feature_idx=228
objective=binary sigmoid:1
feature_names=报价日 报价日价格 行业PE_通过 个股PE_通过 DCF估值_通过 修正PE估值_通过 蒙特卡洛_通过 子场景通过数 总分_斜率 盈利能力_斜率 成长能力_斜率 溢价率上限 总分_T-4 盈利能力_T-4 成长能力_T-4 总分_T-3 盈利能力_T-3 成长能力_T-3 总分_T-2 盈利能力_T-2 成长能力_T-2 总分_T-1 盈利能力_T-1 成长能力_T-1 总分_T 盈利能力_T 成长能力_T 波动率_20d 年化收益_20d 区间收益_20d 胜率_20d 波动率_60d 年化收益_60d 区间收益_60d 胜率_60d 波动率_120d 年化收益_120d 区间收益_120d 胜率_120d 波动率_250d 年化收益_250d 区间收益_250d 胜率_250d MA20 MA30 MA60 MA120 MA250 当前价 均价_all 中位价 价格标准差 漂移率 波动率 数据天数 报价日_md 邀请日 最新交易日 个股PE 个股PB 个股PS 行业PE 行业PB 营收_T 营业利润_T 净利润_fcf_T NOPAT_T 折旧_T 资本支出_T FCF_T FCF年份_T 营收_T1 营业利润_T1 净利润_fcf_T1 NOPAT_T1 折旧_T1 资本支出_T1 FCF_T1 FCF年份_T1 营收_T2 营业利润_T2 净利润_fcf_T2 NOPAT_T2 折旧_T2 资本支出_T2 FCF_T2 FCF年份_T2 营收_T3 营业利润_T3 净利润_fcf_T3 NOPAT_T3 折旧_T3 资本支出_T3 FCF_T3 FCF年份_T3 营收_T4 营业利润_T4 净利润_fcf_T4 NOPAT_T4 折旧_T4 资本支出_T4 FCF_T4 FCF年份_T4 FCF_3年斜率 营收_3年斜率 NOPAT_3年斜率 报价日MA20 锁定价当前价 净利润 step2通过 行业级别 行业波动率_20d 行业年化收益_20d 行业区间收益_20d 行业胜率_20d 行业波动率_60d 行业年化收益_60d 行业区间收益_60d 行业胜率_60d 行业波动率_120d 行业年化收益_120d 行业区间收益_120d 行业胜率_120d 行业波动率_250d 行业年化收益_250d 行业区间收益_250d 行业胜率_250d 行业MA20 行业MA60 行业MA120 行业MA250 行业漂移率 行业波动率_总 行业总天数 同行公司数 同行PE_均值 同行PE_中位 同行PE_标准差 同行PB_均值 同行PB_中位 同行PS_均值 同行PS_中位 同行市值_均值 同行市值_中位 流动比率 速动比率 存货周转率 应收账款周转率 流动资产周转率 总资产周转率 ROA 总资产净利率 ROE ROE摊薄 现金流动负债比 现金利息负债比 净利率 毛利率 资产负债率 利息资本化率 产权比率 已获利息倍数 研发费用率 营收增长 利润增长 净利增长 扣非净利增长 ROE增长 总营收增长 营收增长2 净资产增长 营收_YoY 营收_CAGR2 营收_加速 NOPAT_YoY NOPAT_CAGR2 NOPAT_加速 FCF_YoY FCF_CAGR2 FCF_加速 营业利润_YoY 营业利润_CAGR2 营业利润_加速 净利润_fcf_YoY 净利润_fcf_CAGR2 净利润_fcf_加速 资本支出_YoY 资本支出_CAGR2 资本支出_加速 FCF_margin FCF_conversion capex_to_dep capex_intensity NOPAT_margin 总分_delta_1y 总分_delta_2y 总分_delta_4y 盈利能力_delta_1y 盈利能力_delta_2y 盈利能力_delta_4y 成长能力_delta_1y 成长能力_delta_2y 成长能力_delta_4y PE_vs_行业 PB_vs_行业 PE_vs_同行均值 PE_vs_同行中位 PB_vs_同行均值 PB_vs_同行中位 PS_vs_同行均值 vol_ratio_20_60 vol_ratio_60_250 return_acceleration price_vs_MA20 price_vs_MA60 price_vs_MA120 price_vs_MA250 行业PE_60d增长 行业PB_60d增长 行业PE_120d增长 行业PB_120d增长 行业PE_250d增长 行业PB_250d增长 市场波动率_120d 市场年化收益_120d 市场胜率_120d 市场_above_MA250 市场距离MA250 市场波动率比值
feature_infos=[20200103:20251110] [1.71:1201.5] [0:1] [0:1] [0:1] [0:1] [0:1] [0:8] [-6.8899999999999997:5.7800000000000002] [-4.4299999999999997:3.4199999999999999] [-2.29:1.98] [-0.20000000000000001:0] [52.25:86.579999999999998] [15:27] [12.5:22.5] [53:86.280000000000001] [15:27] [12.5:22.5] [52.5:85.579999999999998] [15:27] [12.5:22.25] [53:88.5] [15:27] [12.5:22.5] [52.880000000000003:87.379999999999995] [15:27] [12.5:22.5] [0.10979999999999999:2.5908000000000002] [-4.5705999999999998:137651.71581077485] [-0.38350548741123303:1.5769309567711534] [0.14999999999999999:0.90000000000000002] [0.14369999999999999:1.575] [-2.0754000000000001:110.43613319149621] [-0.49809999999999999:2.0994615140956601] [0.30508474576271188:0.67796610169491522] [0.1636:1.2012] [-1.3583000000000001:13.332530408506422] [-0.69125633598841418:3.5169999999999999] [0.29170000000000001:0.60504201680672265] [0.1525:1.0705] [-0.75570000000000004:11.0679] [-0.75570000000000004:11.0679] [0:0.59599999999999997] [1.8500000000000001:572.25450000000001] [1.8100000000000001:427.62] [1.78:629.37516666666659] [1.76:650.98383333333334] [1.8:506.79996] [1.71:523.5] [1.8500000000000001:394.35000000000002] [1.8:369] [0.12:132.65000000000001] [-2.0754000000000001:6.8300999999999998] [0.14369999999999999:1.575] [157:340] [20200103:20251110] [20191231:20251107] [20200103:20251110] [-5697.5200000000004:31258.7556] [0.33069999999999999:305.96879999999999] [0.039800000000000002:1378.7795000000001] [4.1900000000000004:2079.0300000000002] [0.41999999999999998:25.09] [0.052291509400000005:4483.2549062437001] [-218.51458:895.18636000000004] [-166.42310000000001:761.70000000000005] [-218.51458:895.18636000000004] [0.00087798968000000013:179.89326885520001] [0.0035264958:442.15334543] [-381.13902751559999:957.03999999999996] [2019:2025] [0:4011.8065496611998] [-184.99903:677.57000000000005] [-144.09429:641.99000000000001] [-184.99903:677.57000000000005] [3.2636999999999999e-05:184.88092216436002] [0:711.99734337759992] [-385.78217000000001:1542.01] [2018:2024] [0.026383170000000001:4009.1704490000002] [-34.879772221300001:623.88] [-39.248952115500003:609.33000000000004] [-34.879772221300001:623.88] [8.081047999999999e-06:181.03253368157601] [0:783.53940971220004] [-585.19622907910002:780.67999999999995] [2017:2023] [0.029456719999999999:3285.939875] [-85.493939999999995:561.24000000000001] [-49.653460000000003:523.11000000000001] [-85.493939999999995:561.24000000000001] [1.0683200000000001e-06:190.32951049042401] [9.7799200000000004e-05:581.19829362559994] [-1027.78:1781.77] [2016:2022] [0.059927300000000003:2660.9043182134001] [-18.508875164199999:574.69000000000005] [-16.726886349899999:476.82999999999998] [-18.508875164199999:574.69000000000005] [8.8831440000000007e-05:199.76124410254397] [1.804e-05:731.38582189140004] [-4082.02:371.36878126479996] [2015:2021] [-412.24028663694992:135.82104726164999] [-503.06394775159998:308.24510000000026] [-179.00166950000002:155.14894500000003] [1.8500000000000001:1271.2] [1.71:1201.5] [-28116000000:73849000000] [0:1] [161.81:139165.16] [0.080299999999999996:0.99839999999999995] [-3.2052:9.1241000000000003] [-0.25640000000000002:0.72989999999999999] [0.10000000000000001:0.84999999999999998] [0.094100000000000003:0.76019999999999999] [-1.4590000000000001:4.2027000000000001] [-0.35010000000000002:1.0086999999999999] [0.31669999999999998:0.7167] [0.0974:0.66820000000000002] [-0.84289999999999998:3.2210999999999999] [-0.40460000000000002:1.5461] [0.31669999999999998:0.625] [0.11550000000000001:0.66259999999999997] [-0.51549999999999996:4.4028] [-0.51549999999999996:4.4028] [0.35599999999999998:0.61199999999999999] [159.78:133913.85000000001] [160.69:133169.76999999999] [156.38999999999999:129637.69] [159.78999999999999:100391.05] [-1.4590000000000001:4.2027000000000001] [0.094100000000000003:0.76019999999999999] [306:679] [1:29] [4.1795599999999995:2924.1673000000001] [4.2051999999999996:2924.1673000000001] [0:167.66295472620476] [0.48230000000000006:709.11890000000005] [0.47239999999999999:709.11890000000005] [0.23304285714285713:1300.3074703703703] [0.058200000000000002:32.868699999999997] [15.378376556666666:10547.666900325999] [16.9008:10254.502892479999] [0:22.493477707102283] [0:19.366269406896329] [0:5745.8387062731417] [0:41421.304226773675] [0:6.3713791259213473] [0.0072556734388274985:3.5069868383545062] [-80.135480148817123:55.29856625835555] [-82.932873227559114:49.973877650634961] [-975.62448234876695:2325.0207135455548] [-975.62448234876695:2325.0207135455548] [0:1866.2827877809275] [0:480710.32565284497] [-2083.7965347340778:178.79425550989546] [-140.54990256367356:95.727454983640897] [4.1580638811641002:121.52154902514354] [0:238.75296491124192] [-24.680404969594452:138.45436213210277] [-7426.2486220065193:182715.67402954644] [0:1.1470940200656639] [-38156.287906784579:7470.5324728938995] [-38319.843873257007:39988.328341188084] [-25996.024672961608:3793.7493332751542] [-25996.024672961608:3793.7493332751542] [-4923.4487608670906:4459.0622129664926] [-86.994340183235224:7774.1002563265629] [-89.031200345385017:7774.1002563265629] [-367.92324402145817:624636.50373965641] [-0.84781572952157236:408.52808802813507] [-0.81251889440674285:23.841659053659008] [-428.60111103776654:409.40370377863059] [-224.91252583660025:535.3238758578575] [-0.94926988945123936:46.550401218101499] [-1645.3313374046725:536.09105925602933] [-218.22885594267876:6801.815302554458] [-0.91736347466431289:24.011501104187968] [-926.67920043263291:6802.8126340889803] [-224.91252583660025:535.3238758578575] [-0.94926988945123936:46.550401218101499] [-1645.3313374046725:536.09105925602933] [-96.1372934547379:253.29013288067517] [-0.88807207114474429:11.209098329388533] [-131.83559460365606:254.06804007945726] [-0.99474440222308358:1414.5466204455097] [-0.80390211370451803:474.31337014830444] [-123778.58890892175:1415.4757142731469] [-35.042181301043108:2.6582966117430842] [-666.60014374148591:416.57496158843674] [0.0084111504892290384:1171.6408341386843] [0.000346472876086467:3.4349757038257804] [-35.483327933922666:3.3774965011978515] [-27:17.549999999999997] [-25.830000000000005:22.850000000000009] [-27.980000000000004:22.579999999999991] [-12:12] [-12:11.550000000000001] [-12:11.550000000000001] [-9:9] [-8.75:9] [-9.120000000000001:8.379999999999999] [-207.55992714025504:972.58107031736154] [0.11996194824961948:112.07648351648351] [-66.830504569541517:412.08546882125029] [-118.10461160872531:617.01204267540436] [0.0062564966185501471:120.13133904199229] [0.0062564966185501471:158.04173553719008] [0.0030515090395272526:335.26812586557736] [0.23404764003850975:1.6767167258970537] [0.3189797449362341:1.8339417065825907] [-4.7393941135585003:97.103602782989782] [0.67232481677309452:1.7739228545236585] [0.61554226342253882:2.1260388201819871] [0.50256179808390034:2.1051398073404513] [0.38078376037080375:2.6600642259927891] [-0.60522002269575093:2.2700548081714] [-0.54460719041278294:1.1521381578947372] [-0.75612566249327906:2.9751665657177462] [-0.7381465517241379:1.120675105485232] [-0.82707455577944677:10.77219730941704] [-0.76784400294334065:1.8840970350404311] [0.11652689607196304:0.49418375383761609] [-0.84037644463935102:1.2135067764116692] [0.36666666666666664:0.6166666666666667] [0:1] [-0.29634773883876053:0.49110781547974391] [0.33987433355820068:1.7028113305691333]
tree_sizes=2477 2244 2213 2450 2352 2144 2572 2143 2144 2123 2478 2261 2250 2456 2360 2253 2041 2236 2373 2347 2261 2153 2035 2324 2459 2257 2369 2366 2054 2351 2548 2043 2336 2363 2238 2246 2046 2346 2586 2254 1932 2257 2252 2372 2137 2372 1948 2267 2152 2150 1847 2143 2367 1730 2435 1825 2264 1839 2147 1948 1628 2146 1839 1207 1633 2483 1949 1623 1416 1737 1840 2055 1624 2054 2048 1715 1634 1512 2148 1744 1609 2255 1515 1815 2044 1417 1101 1924 1957 1516 1617 2054 1421 2169 1842 1291 1616 2460 1315 1202 1109 2160 1948 1320 2060 1413 1523 1320 1826 1950 2056 2060 2163 1635 2146 1531 1424 1516 1315 1324 2034 1536 1952 2264 1614 1519 999 2780 2034 2054 1420 1957 1634 980 1423 898 2247 2793 1315 2137 1531 1517 1954 1624 1849 1602 1633 1407 1107 1742 1105 1317 1610 1817 1960 907 1203 899 1962 1214 2032 1089 2162 2061 797 1826 794 2049 1210 1498 2175 1110 1211 1727 1846 895 903 1111 2055 2390 1925 2179 1950 1421 998 2148 1221 1854 2574 1422 2065 1417 1853 2693 1531 1750 1834 1002 1735 794 1319 2263 1842 791 2160 2481 897 902 1218 2353 1949 1385 1832 1938 2775 1100 1742 2476 1927 1621 2156 1809 1205 1836 1814 893 2021 1627 2052 1210 1628 1838 2342 1732 2162 1096 2364 1944 2685 1400 2155 2032 2265 2475 1942 2445 1001 1519 902 1621 1299 1943 1084 2753 1740 1803 2053 1525 2055 1834 2158 1609 2255 899 2619 2052 1843 1733 2024 2141 1631 2248 899 2248 2037 2334 1418 1650 1946 1719 1183 2239 796 1424 1503 2047 1506 1940 2153 2489 2160 1008 2466 2259 1750 1957 1729 1931 2484 2038

Tree=0
num_leaves=22
num_cat=0
split_feature=0 0 59 108 227 194 222 217 59 0 207 21 148 211 98 164 118 186 116 170 227
split_gain=125.605 65.9144 28.7324 18.1502 17.8453 17.8189 14.1347 12.932 12.2433 12.197 10.9136 15.2852 9.96532 9.83568 9.16149 8.17299 7.69984 7.51968 5.72006 4.58269 1.39336
threshold=20240265.000000004 20210766.000000004 3.2770500000000005 23273367.455000002 -0.17148710403150855 3.1750000000000012 0.87574621987886192 -0.057292365910116876 2.3015000000000003 20230566.000000004 1.3493160185726731 72.010000000000005 0.39019316267689474 1.14370557426113 0.69072371965000012 -245.86634844885938 0.49165000000000009 -0.011727660474129264 -0.076649999999999982 1.6218829944327477 0.14543258073884124
decision_type=2 2 2 2 2 2 2 2 2 2 2 2 2 2 2 2 2 2 2 2 2
left_child=1 5 3 7 -4 8 10 -3 14 -5 13 17 -10 19 -1 -6 -15 -12 -7 -2 -20
right_child=6 2 4 9 15 18 -8 -9 12 -11 11 -13 -14 16 -16 -17 -18 -19 20 -21 -22
leaf_value=-0.040132734527321315 -0.0041613885897861108 -0.055661444043094532 -0.014385620458086248 -0.036113421936394018 -0.03233954272661279 -0.018773853124272939 -0.040937172988301337 -0.0022246243618045322 -0.064570397573278482 -0.07146203840746998 -0.019653917676012322 -0.055661444043094553 -0.027312862702210328 0.020544894177543328 0.0041073949081436439 -0.065860322093520079 -0.023789633672512609 0.013528182453274418 0.031065068796226093 0.026178683751357415 0.0070611145901465777
leaf_weight=5.3063156753778484 5.8635812252759925 5.0348535925149944 7.1205019503831855 33.137838929891586 7.3417691886425009 5.3349984437227276 6.0633363872766486 19.126297175884247 7.034453645348548 12.04062446951866 10.412876188755041 5.0348535925149909 67.176112413406372 5.642313987016677 18.133667841553688 84.656223058700562 9.6415140926837903 16.126897096633911 5.9137760698795301 34.146858081221581 6.1350433081388474
leaf_count=21 23 20 28 131 29 21 24 75 28 48 41 20 265 22 71 337 38 63 23 133 24
internal_value=-0.0274443 -0.0373592 -0.0493132 -0.0344332 -0.0596759 -0.0198766 0.00281114 -0.0135507 -0.024908 -0.0456751 0.00591025 -0.00843752 -0.0308482 0.0139985 -0.00604286 -0.0632251 -0.00701668 0.000703073 0.00803405 0.0218783 0.0194812
internal_weight=376.425 283.492 168.458 69.3396 99.1185 115.034 92.9322 24.1612 97.6505 45.1785 86.8689 31.5746 74.2106 55.2943 23.44 91.998 15.2838 26.5398 17.3838 40.0104 12.0488
internal_count=1485 1121 668 274 394 453 364 95 385 179 340 124 293 216 92 366 60 104 68 156 47
is_linear=0
shrinkage=1


Tree=1
num_leaves=20
num_cat=0
split_feature=55 223 1 78 204 50 58 27 222 170 194 9 156 179 172 228 76 40 123
split_gain=82.7289 46.2799 30.0268 25.6217 22.9115 22.5522 14.8539 14.7343 12.6691 11.6278 10.8083 10.513 11.5741 8.88555 7.59048 7.56561 7.51795 7.5066 4.10287
threshold=20240265.000000004 0.26180624805919184 6.2350000000000012 2020.5000000000002 1.280990743267354 17.555000000000003 25.353850000000005 0.66435000000000011 0.82200152788388092 -1.3121344204026928 -5.0849999999999964 -1.2099999999999997 7.7734043445231409 -0.93561897294830032 0.45505360567006675 0.77701462668861276 8.2148693073000025 0.98691049390686225 0.28640000000000004
decision_type=2 2 2 2 2 2 2 2 2 2 2 2 2 2 2 2 2 2 2
left_child=1 2 6 4 -4 7 18 10 14 -8 -3 -7 -13 -9 16 -5 17 -2 -1
right_child=8 5 3 15 -6 11 9 13 -10 -11 -12 12 -14 -15 -16 -17 -18 -19 -20
leaf_value=0.055196536357423477 0.043625020111238297 0.0045119392675453647 -0.00010372834399487597 -0.0091740782018004119 -0.02473661459617468 0.025203150598454616 -0.04001163077702808 -0.033040085898751494 -0.013825841245999089 0.013764495424023273 0.042176613664433434 -0.03268527001955792 0.0070369846848234137 0.01426874564619501 -0.0011570799489194403 -0.042554527792150985 0.0064941524816878853 0.010413743125170743 0.018196733198918239
leaf_weight=6.9343409538269061 48.669531211256981 9.1333816796541196 73.227138489484787 7.580406889319419 63.712706878781319 6.8842840939760199 5.2689947634935423 5.0254744291305569 5.555272549390792 10.93249778449535 30.210398018360138 15.585161730647089 11.167350575327871 11.696757629513739 5.3203202635049811 39.605285972356796 7.363501548767089 7.3710788637399665 5.0919202715158463
leaf_count=27 190 36 289 30 253 27 21 20 22 43 118 62 44 46 21 158 29 29 20
internal_value=0.000817182 -0.00615167 -0.0137886 -0.0182125 -0.011596 0.011889 0.0149246 0.0235379 0.0291663 -0.00367853 0.0335427 -0.00745061 -0.0160278 0 0.0327002 -0.0372861 0.0355858 0.0393365 0.0400575
internal_weight=376.336 302.056 212.353 184.126 136.94 89.7028 28.2278 56.066 74.2797 16.2015 39.3438 33.6368 26.7525 16.7222 68.7244 47.1857 63.4041 56.0406 12.0263
internal_count=1485 1194 841 730 542 353 111 220 291 64 154 133 106 66 269 188 248 219 47
is_linear=0
shrinkage=0.03


Tree=2
num_leaves=20
num_cat=0
split_feature=0 0 59 223 194 227 152 92 145 67 1 165 172 23 40 152 31 215 191
split_gain=112.126 60.35 26.3841 25.2951 16.569 14.9603 14.4623 11.9553 18.7012 11.7832 11.2269 9.99292 9.58615 8.30298 7.41976 7.16028 6.6802 4.76839 1.25323
threshold=20240265.000000004 20210766.000000004 3.5938000000000003 0.27939454079028486 3.1750000000000012 -0.17148710403150855 12.940670154206268 3.1216793533500007 1.1305845589414714 0.12111153655200001 7.3000000000000007 -205.8591612873314 0.47914338321140332 13.56 0.65415000000000012 3.7462240981419979 0.5928500000000001 1.2802379642774853 3.0305398485987731
decision_type=2 2 2 2 2 2 2 2 2 2 2 2 2 2 2 2 2 2 2
left_child=1 4 3 6 9 -4 -3 12 -9 15 -11 -7 14 -6 17 -1 -16 -2 -15
right_child=7 2 5 -5 13 11 -8 8 -10 10 -12 -13 -14 18 16 -17 -18 -19 -20
leaf_value=-0.047278763975177322 0.044788264811895101 -0.016345463935729616 0.012697588908091922 0.049270062270832117 0.0031663627952839344 0 0.03325609342879448 0.037273766900558489 -0.031683845502621905 0.029723254323623105 0.0019239694483266004 -0.03765197395457795 -0.0010173078782073209 0.034628734306058902 4.0375313505820078e-05 -0.00026453643568220939 0.040239096289381514 0.013836653647313929 0.058122900551873559
leaf_weight=6.0101340264081937 51.996368661522865 66.584743350744247 6.3555103689432135 6.4132930785417548 5.3274675756692913 6.8370755165815345 5.6179859489202491 7.161162465810774 6.7896752208471298 16.082333654165268 69.711559623479843 76.449908092617989 6.3331253677606574 5.1127035766839963 8.6176995337009412 5.8265166878700256 6.6549745798110953 5.3400923162698737 6.941462367773056
leaf_count=24 203 264 25 25 21 27 22 28 27 63 275 305 25 20 34 23 26 21 27
internal_value=0.000793479 -0.00857888 -0.0200277 -0.00727838 0.00814705 -0.0311547 -0.0124039 0.0293845 0.00351292 0.00329334 0.0071985 -0.0345482 0.0339084 0.0350634 0.0369932 -0.0245837 0.0178997 0.0419869 0.0487717
internal_weight=376.164 283.271 168.259 78.616 115.012 89.6425 72.2027 92.8931 13.9508 97.6305 85.7939 83.287 78.9423 17.3816 72.6091 11.8367 15.2727 57.3365 12.0542
internal_count=1485 1121 668 311 453 357 286 364 55 385 338 332 309 68 284 47 60 224 47
is_linear=0
shrinkage=0.03


Tree=3
num_leaves=22
num_cat=0
split_feature=0 0 1 223 194 158 91 220 204 222 58 51 164 86 207 21 211 118 170 52 170
split_gain=105.615 56.8571 25.1664 19.2616 16.0585 16.0892 14.6901 14.5619 14.0211 12.4249 12.1783 12.2195 11.8331 11.5969 9.902 13.8439 9.30859 7.14518 7.12998 7.09935 4.35661
threshold=20240265.000000004 20210766.000000004 10.245000000000003 0.28314014757731948 -6.2549999999999981 62.126686212067632 0.12633166241600005 -0.1934652090337112 1.2699977324263041 0.87574621987886192 117.13795 3.1850000000000005 -46.404914841850101 2018.5000000000002 1.3493160185726731 72.010000000000005 1.14370557426113 0.49165000000000009 4.6272002943054629 1.1299500000000002 1.6218829944327477
decision_type=2 2 2 2 2 2 2 2 2 2 2 2 2 2 2 2 2 2 2 2 2
left_child=1 4 6 8 5 18 -3 -5 -4 14 11 -6 -8 -12 16 19 20 -18 -1 -16 -2
right_child=9 2 3 7 10 -7 12 -9 -10 -11 13 -13 -14 -15 15 -17 17 -19 -20 -21 -22
leaf_value=-0.03548307106807632 0.02149977086523713 0.044132315449844153 -0.019243180453420085 0.04264392194269833 0.029437780736001513 0.02286377938420343 -0.032364860287233198 -0.016118453499380628 -0.041002033932036448 -0.012464785522144067 -0.034476253455034016 0.002225132818653879 0.0046443664189922945 0.020199023484270887 0.034701930552057704 -0.027163929676963832 0.045295529002011246 0.0025961634833561839 -0.0014399164675531081 -0.0022673443334580972 0.051015697386725976
leaf_weight=14.817555949091913 5.8575506955385199 5.8863994330167762 51.593966618180275 5.6318401843309429 44.913787961006165 9.681493476033209 11.044525951147078 11.081722125411032 57.494938850402832 6.0608369112014762 7.7863921076059324 22.558721408247948 25.340294793248177 6.1100306957960129 20.688114017248161 5.0314623713493338 5.6298047453165045 9.6365883201360685 9.1193789541721326 5.8236633092164984 34.074825137853622
leaf_count=59 23 23 205 22 176 38 44 44 230 24 31 89 100 24 81 20 22 38 36 23 133
internal_value=0.000773543 -0.00832494 -0.0194466 -0.0261716 0.00790803 -0.00945934 0.000511118 0.00363969 -0.0307656 0.0285365 0.0151232 0.0204007 -0.00656539 -0.0102495 0.031447 0.0177784 0.0391573 0.01873 -0.0226982 0.0264904 0.0468256
internal_weight=375.864 283.061 168.074 125.802 114.987 33.6184 42.2712 16.7136 109.089 92.8028 81.3689 67.4725 36.3848 13.8964 86.742 31.5432 55.1988 15.2664 23.9369 26.5118 39.9324
internal_count=1485 1121 668 501 453 133 167 66 435 364 320 265 144 55 340 124 216 60 95 104 156
is_linear=0
shrinkage=0.03


Tree=4
num_leaves=21
num_cat=0
split_feature=0 0 59 228 194 223 29 222 67 216 222 135 43 204 152 211 211 116 36 227
split_gain=99.5562 53.5767 24.1992 15.4267 15.3018 13.3196 17.338 11.7303 10.8139 10.9899 10.4718 9.5571 20.0986 8.62053 6.63992 6.6372 5.48814 5.23319 4.63004 1.4065
threshold=20240265.000000004 20210766.000000004 3.1781500000000005 1.1680725885034307 3.1750000000000012 0.27765658813637922 0.12745000000000004 0.87574621987886192 0.12111153655200001 0.8260351575717928 -0.32293893484524577 61.136208181818184 26.855 1.1972668648787133 3.7462240981419979 1.2898730116166599 1.1903125555749474 -0.076649999999999982 -0.11219999999999998 0.14543258073884124
decision_type=2 2 2 2 2 2 2 2 2 2 2 2 2 2 2 2 2 2 2 2
left_child=1 4 5 10 8 6 -3 11 14 -10 -4 12 16 -14 -1 18 -2 -6 -13 -19
right_child=7 2 3 -5 17 -7 -8 -9 9 -11 -12 15 13 -15 -16 -17 -18 19 -20 -21
leaf_value=-0.045608994329681324 0.046391019064182852 -0.0018204654380015231 -0.0079761095214601063 0.0089229044484207612 0.0079326635319235343 0.040159939649007922 -0.046834338587148902 -0.012099999047666992 0.035807780948654507 0.0027362580291443888 -0.035977130201216616 0.018277267693836505 0.025238305539594909 -0.018898435086902067 -0.00028463299320425381 0.0089656418960334609 0.013873630331512522 0.056011617353753748 0.049188843084328304 0.032237536553350286
leaf_weight=5.9953928887844068 17.889157056808475 51.071693822741508 14.601576119661329 9.1109978556632978 5.332001835107806 5.3696075975894919 9.0059537440538389 6.0592878162860861 10.224188342690466 75.548160254955292 78.684128239750862 5.5853191167116156 5.8479242920875576 11.845406129956244 5.8248739242553711 5.5812118947505942 6.8564514368772498 5.9016740322113019 32.984346494078636 6.121782585978508
leaf_count=24 70 202 58 36 21 21 36 24 40 298 315 22 23 47 23 22 27 23 129 24
internal_value=0.000752148 -0.00808312 -0.01889 -0.027996 0.00767346 -0.00457637 -0.00868475 0.027732 0.00300932 0.00675048 -0.0316396 0.0305646 0.0201795 -0.00408209 -0.0237152 0.0404111 0.037594 0.0335613 0.0448489 0.0445202
internal_weight=375.441 282.792 167.844 102.397 114.948 65.4473 60.0776 92.6491 97.5926 85.7723 93.2857 86.5898 42.4389 17.6933 11.8203 44.1509 24.7456 17.3555 38.5697 12.0235
internal_count=1485 1121 668 409 453 259 238 364 385 338 373 340 167 70 47 173 97 68 151 47
is_linear=0
shrinkage=0.03


Tree=5
num_leaves=19
num_cat=0
split_feature=0 0 1 223 67 67 204 225 215 215 42 92 45 33 204 95 144 211
split_gain=93.889 50.5149 23.2012 17.7084 14.2519 13.7372 13.0622 12.4551 16.2243 12.2732 11.2329 11.1359 17.3102 10.5321 10.1567 6.77893 6.11203 6.45639
threshold=20240265.000000004 20210766.000000004 10.245000000000003 0.28314014757731948 0.12111153655200001 0.13584274284400003 1.2699977324263041 0.57916666666666672 1.1176468078439403 0.92683701208056513 0.43887550200803221 3.1216793533500007 12.260333333333334 0.11865000000000002 3.3197614766870429 5.0477462410000014 3.5165690615049496 1.2843161847251863
decision_type=2 2 2 2 2 2 2 2 2 2 2 2 2 2 2 2 2 2
left_child=1 4 5 6 15 -3 -4 9 -9 -6 -7 14 -13 -5 16 -1 17 -2
right_child=11 2 3 13 7 10 -8 8 -10 -11 -12 12 -14 -15 -16 -17 -18 -19
leaf_value=-0.0025375575487266845 0.040596139532186319 0.043010009558515964 -0.01812006452339153 0.030430469504339079 0.034941331023284221 0.028863909821660774 -0.03916094410611539 -0.027149838633900615 0.024349381675835422 0.0090557590777325305 -0.013986367058116121 0.043984548568822397 -0.024228923455616933 -0.01720846527755945 -0.0081764563208073932 -0.045712020899553264 0.0059990707638700198 0.012085640591050313
leaf_weight=7.8251229524612409 58.053342506289482 5.8808080554008475 51.480358436703682 7.3899893909692791 24.004985526204109 6.625789836049079 57.190474778413773 14.595554053783419 8.6645549386739713 54.062022536993027 29.72174309194088 5.3572522252798072 8.5459725111722928 9.2933458536863309 5.298941656947135 5.7468010485172272 6.5750886201858512 8.6279130429029447
leaf_count=31 228 23 205 29 94 26 230 58 34 213 118 21 34 37 21 23 26 34
internal_value=0.000732946 -0.00784854 -0.018354 -0.0248291 0.0074504 0.000809608 -0.0292467 0.0113398 -0.00781548 0.0170883 -0.00603512 0.0269639 0.00196756 0.00377034 0.0313416 -0.0212391 0.0342483 0.0369757
internal_weight=374.94 282.482 167.583 125.354 114.899 42.2283 108.671 101.327 23.2601 78.067 36.3475 92.4585 13.9032 16.6833 78.5553 13.5719 73.2563 66.6813
internal_count=1485 1121 668 501 453 167 435 399 92 307 144 364 55 66 309 54 288 262
is_linear=0
shrinkage=0.03


Tree=6
num_leaves=23
num_cat=0
split_feature=0 0 0 227 40 67 225 122 215 59 222 135 106 10 87 47 27 186 188 69 145 60
split_gain=88.5482 47.6222 22.6304 26.7296 24.8967 13.4368 11.7248 15.7425 11.5698 11.3232 11.0193 8.98757 19.936 8.59228 7.53322 6.26967 6.60358 6.26671 7.75019 4.75367 2.45681 0.857906
threshold=20240265.000000004 20210766.000000004 20230527.500000004 -0.033948491769845227 0.28843127853881279 0.12111153655200001 0.57916666666666672 0.52915000000000012 0.92683701208056513 3.4162000000000003 0.87574621987886192 61.136208181818184 29.165000000000003 -0.43499999999999994 3.1232621015500004 10.445000000000002 0.27555000000000002 0.12446297160635701 0.0085780220360754753 2.2977795174500004 1.7246922477487423 6.1399000000000017
decision_type=2 2 2 2 2 2 2 2 2 2 2 2 2 2 2 2 2 2 2 2 2 2
left_child=1 5 3 4 -3 14 8 -8 -7 -5 11 12 19 -14 -1 16 -4 18 -13 -2 -17 -19
right_child=10 2 15 9 -6 6 7 -9 -10 -11 -12 17 13 -15 -16 20 -18 21 -20 -21 -22 -23
leaf_value=0.0077573522272977183 0.041880331971780024 0.010991067953310434 0.0080815089598798 -0.011396826785225838 -0.028952387138144249 0.033930204049380346 -0.030819857918585429 0.018357074815173204 0.0087853620713689139 -0.039804060888774535 -0.012377049246421405 0.036923092438332236 0.018109609325374591 -0.025100494683734417 -0.037813288524564045 -0.049813485029704896 -0.038219161590159395 0.03967468117761002 -0.0053452214662088248 0.0084442469790210802 -0.030509641607834592 0.054185349920469868
leaf_weight=5.0637400746345511 20.582981288433079 53.329453080892563 5.0655774474143964 22.686660945415497 18.948649242520332 23.982026174664497 12.313849210739138 10.935494035482405 54.057317435741425 29.779165208339691 6.0575264990329734 13.451673656702043 7.0982250869274166 9.5502894073724729 8.4940277785062772 21.044212386012081 5.7305612862110138 10.401151239871981 5.2880338728427878 5.057538002729415 10.67672225832939 14.763914138078688
leaf_count=20 81 211 20 90 76 94 49 43 213 120 24 53 28 38 34 85 23 41 21 20 43 58
internal_value=0.000712604 -0.00762363 -0.0178382 -0.0113443 0.000452387 0.00722923 0.011006 -0.0075811 0.0165845 -0.0276227 0.0262182 0.0289766 0.0188938 -0.00650028 -0.0206411 -0.0367495 -0.0163446 0.038555 0.0248714 0.0354601 -0.0435267 0.0484874
internal_weight=374.359 282.107 167.261 124.744 72.2781 114.846 101.289 23.2493 78.0393 52.4658 92.2513 86.1938 42.289 16.6485 13.5578 42.5171 10.7961 43.9048 18.7397 25.6405 31.7209 25.1651
internal_count=1485 1121 668 497 287 453 399 92 307 210 364 340 167 66 54 171 43 173 74 101 128 99
is_linear=0
shrinkage=0.03


Tree=7
num_leaves=19
num_cat=0
split_feature=56 223 59 194 51 210 46 125 56 83 123 222 203 167 18 35 104 93
split_gain=57.5749 35.4835 26.2144 17.1716 20.5583 19.9851 15.6201 15.613 13.8186 12.7532 12.6252 10.1653 8.74502 8.49464 7.47999 7.07076 6.44557 4.62183
threshold=20240226.500000004 0.25914949518992686 3.1781500000000005 -6.2549999999999981 4.2550000000000008 1.1596553519708388 4.4524166666666671 0.74860000000000004 20210704.500000004 1.0691580081520002 0.31500000000000006 0.82200152788388092 0.757833271074284 -45.722491817541645 74.815000000000012 0.58307898908654343 -16.671623009175001 -0.16893817924999999
decision_type=2 2 2 2 2 2 2 2 2 2 2 2 2 2 2 2 2 2
left_child=1 2 6 12 5 -5 -1 9 -6 -4 -8 14 -3 -14 16 -9 -2 -18
right_child=11 3 7 4 8 -7 10 15 -10 -11 -12 -13 13 -15 -16 -17 17 -19
leaf_value=0.039333401009713845 -0.0012061011441390592 -0.044431241333024202 -0.029432658981833643 0.038870900256068132 0.016950619097383195 -0.005555434055539322 -0.012801723145376013 0.035961066042928473 -0.036949596532308469 0.00082623451374267038 0.011422831597723195 -0.014037978607963417 0.028951558596285235 -0.013303754412875219 -0.0044480587709652651 -0.0092645812197974468 0.02239891928816649 0.040510010479898322
leaf_weight=8.1758417934179288 5.0461164861917487 5.2458043694496181 89.74752676486969 37.614342972636223 8.3879421204328555 11.837933897972105 52.588403135538101 5.3473837077617628 8.4664505869150144 14.339372798800467 30.4201300740242 5.5409249514341345 5.8536927402019563 15.091872170567507 5.7826994657516471 7.0207446217536926 22.226498335599899 34.938168227672577
leaf_count=32 20 21 361 148 33 47 209 21 34 57 120 22 23 60 23 28 88 138
internal_value=0.000692204 -0.00512994 -0.0120197 0.0103 0.0184322 0.0281858 0 -0.0214456 -0.0100063 -0.0252385 -0.00388499 0.0244712 -0.0101654 -0.00127059 0.0276695 0.0101798 0.0307054 0.0335719
internal_weight=373.672 300.137 207.639 92.498 66.3067 49.4523 91.1844 116.455 16.8544 104.087 83.0085 73.5344 26.1914 20.9456 67.9935 12.3681 62.2108 57.1647
internal_count=1485 1194 828 366 262 195 361 467 67 418 329 291 104 83 269 49 246 226
is_linear=0
shrinkage=0.03


Tree=8
num_leaves=19
num_cat=0
split_feature=57 223 59 194 33 124 46 51 223 83 222 203 167 18 35 159 104 24
split_gain=54.3167 33.4253 24.7511 16.1903 19.9574 14.7392 14.7261 14.1015 12.2382 12.0677 9.60979 8.26328 8.0005 7.08602 6.66677 6.19128 6.11395 5.28637
threshold=20240265.000000004 0.25914949518992686 3.1781500000000005 -6.2549999999999981 0.063150000000000012 0.74860000000000004 4.4524166666666671 4.2550000000000008 0.14983976844233798 1.0691580081520002 0.82200152788388092 0.757833271074284 -45.722491817541645 74.815000000000012 0.58307898908654343 18.492921563475562 -16.671623009175001 59.010000000000012
decision_type=2 2 2 2 2 2 2 2 2 2 2 2 2 2 2 2 2 2
left_child=1 2 6 11 15 9 -1 -6 -8 -4 13 -3 -13 16 -7 -5 -2 -18
right_child=10 3 5 4 7 14 8 -9 -10 -11 -12 12 -14 -15 -16 -17 17 -19
leaf_value=0.038222404887189136 -0.0011705602239270518 -0.043226364880171377 -0.028632506809778694 0.014954486972254844 0.013760051203332237 0.034926469194958752 -0.028468542341808206 -0.02914124385341817 0.0015570371260164196 0.00080158194862864124 -0.01362748249720018 0.028096459758515151 -0.012912637301766309 -0.0043158786254821422 -0.0089939024911298814 0.044741336858756336 0.048543680999727244 0.027034909348215595
leaf_weight=8.1641521304845792 5.0463827699422827 5.2332314550876644 89.494506567716599 9.6182512789964694 26.268663927912712 5.343622758984564 14.741743817925451 9.2228268384933454 68.243541210889816 14.340026408433912 5.5396287292242041 5.8539246022701326 15.085649102926249 5.7840493321418753 7.0181273519992828 21.083894208073616 14.63786071538925 42.318144261837006
leaf_count=32 20 21 361 38 104 21 59 37 270 57 22 23 60 23 28 83 58 168
internal_value=0.000672684 -0.00498286 -0.0116747 0.010003 0.0179095 -0.0208488 0 0.00247687 -0.00376853 -0.0245418 0.0238053 -0.009871 -0.00122638 0.0269241 0.00987877 0.0355861 0.029889 0.0326907
internal_weight=373.038 299.712 207.346 92.3664 66.1936 116.196 91.1494 35.4915 82.9853 103.835 73.3261 26.1728 20.9396 67.7864 12.3618 30.7021 62.0024 56.956
internal_count=1485 1194 828 366 262 467 361 141 329 418 291 104 83 269 49 121 246 226
is_linear=0
shrinkage=0.03


Tree=9
num_leaves=19
num_cat=0
split_feature=0 0 207 0 49 12 116 36 92 45 204 228 39 144 171 194 119 34
split_gain=75.3345 42.5545 23.4534 20.5585 16.5617 15.99 14.4935 12.6015 10.1683 15.8781 8.97374 8.88491 5.86525 5.80295 6.02073 5.3063 3.91204 0.876482
threshold=20240265.000000004 20230527.500000004 1.3493160185726731 20210805.500000004 17.695000000000004 71.500000000000014 0.47505000000000003 0.077800000000000022 3.1216793533500007 12.260333333333334 3.3197614766870429 1.1748366287350944 0.47624243572960884 3.5165690615049496 0.53228377568206553 -0.2349999999999994 0.23140000000000002 0.44533898305084751
decision_type=2 2 2 2 2 2 2 2 2 2 2 2 2 2 2 2 2 2
left_child=1 2 4 6 7 -6 -4 -1 10 -10 13 -5 15 14 -2 16 -3 -14
right_child=8 12 3 11 5 -7 -8 -9 9 -11 -12 -13 17 -15 -16 -17 -18 -19
leaf_value=0.02195219690096176 0.036557398506929586 -0.020863917548775396 -0.011335936004112399 -0.032653578343809199 -0.023849006680895433 0.016334361828449346 0.026022500304706476 0.00146897014331056 0.040924142936671938 -0.024700226124414321 -0.0086800993492555292 0.0089218506109178912 -0.032947062996518679 0.0037078518969990626 0.0017092419504306604 0 -0.052106137697751111 -0.051550238625248247
leaf_weight=51.738667622208595 60.807977765798569 10.401803910732275 28.685181811451912 41.470423027873039 28.01378658413887 12.877137362956999 13.73296697437763 57.223567962646484 5.2946410179138175 8.5169112831354123 5.2742926180362693 5.039902687072753 4.9236457049846676 6.5266094356775275 5.0214114934206 6.2356843650341025 6.149006873369216 14.395343080163
leaf_count=204 242 42 114 168 112 51 54 227 21 34 21 20 20 26 20 25 25 59
internal_value=0.000654502 -0.00703765 -0.00211501 -0.0143202 0.00511271 -0.0111125 0.000721137 0.0112338 0.0242976 0.000354483 0.0285128 -0.0280746 -0.0348118 0.0312736 0.0339513 -0.0240534 -0.0328945 -0.0471576
internal_weight=372.329 280.887 238.782 88.9285 149.853 40.8909 42.4181 108.962 91.4418 13.8116 77.6303 46.5103 42.1055 72.356 65.8294 22.7865 16.5508 19.319
internal_count=1485 1121 950 356 594 163 168 431 364 55 309 188 171 288 262 92 67 79
is_linear=0
shrinkage=0.03


Tree=10
num_leaves=22
num_cat=0
split_feature=0 0 0 227 40 194 111 92 145 215 218 204 120 211 44 112 47 203 117 108 227
split_gain=71.1434 40.5961 19.3453 24.5007 22.2677 13.6909 10.1134 9.62138 15.3854 9.11488 9.76836 8.50702 5.83152 5.77561 6.8024 6.70986 5.67223 6.92041 4.72665 3.37234 1.27483
threshold=20240265.000000004 20210766.000000004 20230527.500000004 -0.033948491769845227 0.28843127853881279 3.1750000000000012 0.18305000000000002 3.1216793533500007 1.1305845589414714 0.8719510497353381 0.10598268440028459 3.3197614766870429 -0.066649999999999987 1.1824744516068992 21.550000000000001 0.56835000000000002 10.445000000000002 1.2158209095577523 -0.018549999999999994 32461276.150000002 0.14543258073884124
decision_type=2 2 2 2 2 2 2 2 2 2 2 2 2 2 2 2 2 2 2 2 2
left_child=1 5 3 4 -3 9 -5 11 -9 12 -11 13 -1 14 -2 -15 17 -4 -7 -18 -20
right_child=7 2 16 6 -6 18 -8 8 -10 10 -12 -13 -14 15 -16 -17 19 -19 20 -21 -22
leaf_value=0.0015670868174852946 0.045535536420300962 0.010943029374979192 0.0073670537803276169 -0.00020670295412019782 -0.026970841647965083 0.0070650233276160837 -0.032827871790741682 0.031396835195004344 -0.031539882918268175 -0.0048204661519519925 0.02822609855678801 -0.0084227639744482909 0.041663703006041802 0.030313329247748044 0.024149401107668965 -0.0089206570901661959 -0.029833791871619556 -0.040295692506992553 0.052937478347493939 -0.050775919029745813 0.030166490080011581
leaf_weight=5.7955629229545593 28.259962603449821 53.178588837385178 5.7727000415325147 11.036569908261297 18.775631159543991 5.317278295755389 41.011012181639671 7.032180190086363 6.7537831664085388 74.680089503526688 8.9130475372076017 5.2754088193178168 7.9080052673816663 9.2946854084730131 27.986539512872696 6.5132463723421088 15.656136319041254 4.9408318698406219 5.8455289602279645 15.521928340196608 6.0739489942789078
leaf_count=23 113 211 23 44 76 21 166 28 27 296 35 21 31 37 112 26 64 20 23 64 24
internal_value=0.000634779 -0.00684078 -0.0163265 -0.0103218 0.000984502 0.0068747 -0.0259818 0.0236575 0.000342819 0.0024622 -0.00123154 0.0277693 0.0250574 0.0304687 0.0350094 0.0140049 -0.0339626 -0.0145058 0.0314511 -0.0404847 0.0419309
internal_weight=371.543 280.427 165.893 124.002 71.9542 114.533 52.0476 91.1158 13.786 97.2967 83.5931 77.3298 13.7036 72.0544 56.2465 15.8079 41.8916 10.7135 17.2368 31.1781 11.9195
internal_count=1485 1121 668 497 287 453 210 364 55 385 331 309 54 288 225 63 171 43 68 128 47
is_linear=0
shrinkage=0.03


Tree=11
num_leaves=20
num_cat=0
split_feature=0 0 1 223 91 42 220 204 125 162 48 75 116 222 52 136 107 55 187
split_gain=67.2015 38.3483 18.813 14.3746 12.2121 12.3957 12.0535 11.5674 11.3671 10.7542 9.92382 10.9294 9.53465 9.36267 8.66446 7.84588 11.7324 5.53384 2.73497
threshold=20240265.000000004 20210766.000000004 10.245000000000003 0.28314014757731948 0.12633166241600005 0.43887550200803221 -0.1934652090337112 1.2699977324263041 0.74860000000000004 0.049397470482739202 14.990000000000002 0.12566498235600002 0.44360000000000005 0.87574621987886192 1.4110000000000003 44.661200000000008 27.880000000000006 20250524.500000004 -0.013598267557182795
decision_type=2 2 2 2 2 2 2 2 2 2 2 2 2 2 2 2 2 2 2
left_child=1 8 4 7 -3 -6 -5 -4 10 -10 11 -1 -12 14 15 16 -2 -16 -17
right_child=13 2 3 6 5 -7 -8 -9 9 -11 12 -13 -14 -15 17 18 -18 -19 -20
leaf_value=-0.027370295254803709 0.033757308223433702 0.041286986375545495 -0.015320677370849968 0.039574325287343157 0.030008748855346965 -0.013848912013327155 -0.014039464522954678 -0.035276005656905078 0.051101772760345929 0.0053449714486927726 -0.014669062906957867 0.018126864742678637 0.014334008632638865 -0.012532712528674194 -0.018627479691668451 0.026885720524089038 0.0026418303270495866 0.023699348039513096 0.04881546872950019
leaf_weight=5.2572712749242774 27.916615918278694 5.8461314439773551 50.893774226307869 5.6034268587827709 7.1173227727413169 29.058414429426193 10.986758187413214 55.940310746431351 9.1559560596942919 9.6133002042770368 36.7146857380867 39.782004773616791 13.931281447410582 6.0422842353582373 5.9651596993207914 8.6977017968893069 18.248323813080788 5.0252811461687088 18.856413036584854
leaf_count=21 112 23 205 22 28 116 44 230 36 38 146 157 55 24 24 35 73 20 76
internal_value=0.000618039 -0.00664822 -0.0158857 -0.0217858 0.00138333 -0.00507859 0.00401776 -0.0258209 0.00668072 0.0279774 0.00244707 0.0127008 -0.00661949 0.0230446 0.0256295 0.0293303 0.021555 0.000494767 0.0421239
internal_weight=370.652 279.901 165.446 123.424 42.0219 36.1757 16.5902 106.834 114.454 18.7693 95.6852 45.0393 50.646 90.7518 84.7095 73.7191 46.1649 10.9904 27.5541
internal_count=1485 1121 668 501 167 144 66 435 453 74 379 178 201 364 340 296 185 44 111
is_linear=0
shrinkage=0.03


Tree=12
num_leaves=20
num_cat=0
split_feature=0 0 207 223 51 197 194 167 141 92 138 204 144 211 31 108 194 108 10
split_gain=63.4993 37.3092 21.3803 21.8664 16.7383 13.0157 11.8484 9.5328 9.29233 9.10202 14.4745 7.9887 5.50267 5.96615 5.49113 7.96079 9.4299 2.36702 0.200895
threshold=20240265.000000004 20230527.500000004 1.3493160185726731 0.29422958195150883 3.2250000000000005 1.0000000180025095e-35 -5.9949999999999966 24.092562365546687 2.2902000000000005 3.1216793533500007 2.8175646153846157 3.3197614766870429 3.5165690615049496 1.2843161847251863 0.44420000000000004 32461276.150000002 -3.359999999999999 229966020.66500005 0.015000000000000001
decision_type=2 2 2 2 2 2 2 2 2 2 2 2 2 2 2 2 2 2 2
left_child=1 2 4 5 6 -4 -1 -5 -6 11 -11 12 13 -2 15 16 -3 -17 -16
right_child=9 14 3 7 8 -7 -8 -9 -10 10 -12 -13 -14 -15 18 17 -18 -19 -20
leaf_value=-0.0045116789404922005 0.035292162256673143 -0.03041854540548844 -0.030041123000431387 0.027228995068440974 0.025570156678792956 -0.0016218449983441533 0.01723080390360587 -0.02036013171896451 -0.017416572697215745 0.02792039013474782 -0.033524221085523963 -0.0085970080011109704 0.0022253675350646725 0.0077665692630982603 -0.049647510587577694 -0.049798367434368343 0.023265079147703309 -0.021652583786946709 -0.035826222088036007
leaf_weight=31.238558679819107 56.399608045816422 6.0948154032230377 48.083819344639778 14.184329032897951 5.073933780193328 21.093902885913849 78.961312383413315 5.0014293342828742 34.163126602768898 7.4776939451694471 6.2350798547267914 5.2680538743734351 6.4851075410842887 8.5090176314115507 12.004398494958879 7.9584733694791776 5.4795254617929476 5.141816109418869 4.8037776350975028
leaf_count=124 228 25 195 56 20 85 313 20 137 30 25 21 26 34 50 33 22 21 20
internal_value=0.000603519 -0.00646209 -0.00186353 -0.0135625 0.00503857 -0.0214336 0.0110417 0.0146264 -0.0117306 0.0224544 0 0.0264762 0.0291146 0.0317474 -0.0326833 -0.0232668 -0.00476508 -0.0392262 -0.0461101
internal_weight=369.658 279.283 237.8 88.3635 149.437 69.1777 110.2 19.1858 39.2371 90.3746 13.7128 76.6618 71.3937 64.9086 41.4828 24.6746 11.5743 13.1003 16.8082
internal_count=1485 1121 950 356 594 280 437 76 157 364 55 309 288 262 171 101 47 54 70
is_linear=0
shrinkage=0.03


Tree=13
num_leaves=22
num_cat=0
split_feature=0 0 207 223 51 197 169 62 222 141 135 43 214 187 42 62 108 195 211 228 137
split_gain=60.0193 35.4369 20.1583 20.6259 15.7531 12.3203 11.4741 9.77948 8.77024 8.75825 8.13967 16.8749 7.53539 5.60048 7.69338 5.4943 8.76753 12.8099 4.83956 2.47565 1.57184
threshold=20240265.000000004 20230527.500000004 1.3493160185726731 0.29422958195150883 3.2250000000000005 1.0000000180025095e-35 -10.822164890109123 2.9750000000000005 0.87574621987886192 2.2902000000000005 61.136208181818184 26.855 1.0016772124138511 -0.015993881021844899 0.49498795180722893 3.0150000000000001 32461276.150000002 -3.5650000000000008 1.1903125555749474 1.4350846535717261 31.015965309980796
decision_type=2 2 2 2 2 2 2 2 2 2 2 2 2 2 2 2 2 2 2 2 2
left_child=1 2 4 5 6 -4 -1 -5 10 -6 11 18 -13 14 -12 16 17 -3 -2 -15 -18
right_child=8 15 3 7 9 -7 -8 -9 -10 -11 13 12 -14 19 -16 -17 20 -19 -20 -21 -22
leaf_value=-0.007970885106210867 0.039525795578412022 -0.028592134468752538 -0.029243132442815609 0.049341002692370434 0.02480269460106509 -0.0015736402179475698 0.015707340254957871 0.00097030564347916251 -0.012557668186934361 -0.016917727756024764 0.037837087073640606 0.014207749761779281 -0.025129713991601316 0.045598814808805239 -0.0061419323872799921 -0.046981091531059546 -0.02497770536213573 0.031463608620010429 0.0087718166000111519 0.020357681855607674 -0.049124865242907288
leaf_weight=23.101931765675545 17.216571852564815 8.4585159718990308 47.919271141290665 5.1047187894582775 5.0770486742258063 21.090973094105721 87.073027700185776 14.06735575199127 6.0331848114728919 34.118981599807739 7.6411371380090696 7.7377608716487911 9.7103697806596738 23.52641469240189 6.4269954264163971 14.552755713462828 4.847477748990058 4.9787959605455425 6.7390097975730887 4.9394109249114981 8.3754421919584257
leaf_count=92 70 35 195 20 20 85 345 56 24 137 31 31 39 96 26 61 20 20 27 20 35
internal_value=0.000584356 -0.00628422 -0.00181026 -0.0131853 0.00488934 -0.0208447 0.0107125 0.0141943 0.0218827 -0.011388 0.0244058 0.0147521 -0.00753213 0.033676 0.0176321 -0.0319329 -0.0234617 -0.00605061 0.0310715 0.0414106 -0.0407517
internal_weight=368.737 278.766 237.553 88.1823 149.371 69.0102 110.175 19.1721 89.9709 39.196 83.9377 41.4037 17.4481 42.534 14.0681 41.213 26.6602 13.4373 23.9556 28.4658 13.2229
internal_count=1485 1121 950 356 594 280 437 76 364 157 340 167 70 173 57 171 110 55 97 116 55
is_linear=0
shrinkage=0.03


Tree=14
num_leaves=21
num_cat=0
split_feature=0 0 59 223 28 222 99 124 139 146 162 48 222 207 21 211 134 62 118 170
split_gain=56.7717 34.4082 17.382 18.7451 16.22 10.9037 11.7428 10.8237 10.025 10.0541 9.92997 8.67887 8.31933 7.81722 10.7666 7.73692 7.43619 6.28473 6.2373 4.40345
threshold=20240265.000000004 20210766.000000004 3.5938000000000003 0.27939454079028486 1.6088000000000002 -0.32293893484524577 0.040902128348000007 0.74860000000000004 1.9601500000000003 13.331038559505672 0.049397470482739202 10.870000000000003 0.87574621987886192 1.3493160185726731 72.010000000000005 1.14370557426113 18.500000000000004 4.2200000000000015 0.49165000000000009 1.6218829944327477
decision_type=2 2 2 2 2 2 2 2 2 2 2 2 2 2 2 2 2 2 2 2
left_child=1 7 3 4 -3 6 -4 8 16 -10 -9 -7 13 15 17 19 -1 -15 -17 -2
right_child=12 2 5 -5 -6 11 -8 10 9 -11 -12 -13 -14 14 -16 18 -18 -19 -20 -21
leaf_value=0.033232017833191761 0.012527044507668065 -0.0027629561815792339 0.032186031390057823 0.044477990697007974 -0.042193810687808413 0.0042721946255405195 -0.021533418770542715 0.04967029003133934 0.00049923251830410098 -0.04047089642195352 0.005588407735516724 -0.032341644793325408 -0.01219005217846998 0.011486907698272097 -0.028170647687785804 0.037564185405607325 -0.0055831447252975347 0.048129745840297979 -0.0023290642815702906 0.042354922100816879
leaf_weight=13.967737451195719 5.6340296119451514 60.130909264087677 5.7879233807325354 6.323085442185401 11.078790634870527 6.2189858406782141 9.5725345462560636 9.0947997421026248 69.473515048623085 5.7328844815492621 9.6031163483858091 64.95264196395874 6.0317117720842353 20.276451289653785 4.9843972027301779 5.3919510543346396 6.2763863354921332 5.3936811387538901 9.4798072129487974 32.325428798794746
leaf_count=55 23 241 23 25 45 25 39 36 276 23 38 270 24 82 20 22 25 22 38 133
internal_value=0.000568473 -0.00611034 -0.0149124 -0.00453939 -0.00899024 -0.024156 -0.00102027 0.00651653 0.00238168 -0.00263362 0.0273399 -0.0290987 0.0213428 0.0238131 0.0115509 0.0308362 0.0210822 0.0194594 0.0120887 0.0380512
internal_weight=367.731 278.213 164.065 77.5328 71.2097 86.5321 15.3605 114.148 95.4505 75.2064 18.6979 71.1716 89.5175 83.4857 30.6545 52.8312 20.2441 25.6701 14.8718 37.9595
internal_count=1485 1121 668 311 286 357 62 453 379 299 74 295 364 340 124 216 80 104 60 156
is_linear=0
shrinkage=0.03


Tree=15
num_leaves=20
num_cat=0
split_feature=0 0 207 223 51 125 194 12 62 92 45 172 41 31 62 194 203 211 119
split_gain=53.695 32.957 18.4477 19.1625 14.5291 11.6599 11.1083 9.43619 9.13865 8.46308 13.652 7.32349 6.4403 6.00026 5.22893 6.87427 6.40423 4.86197 2.71427
threshold=20240265.000000004 20230527.500000004 1.3493160185726731 0.29422958195150883 3.2250000000000005 0.74860000000000004 -5.9949999999999966 71.500000000000014 2.9750000000000005 3.1216793533500007 12.260333333333334 0.47914338321140332 0.65415000000000012 0.5928500000000001 3.0150000000000001 -3.359999999999999 0.99116279506982419 1.14370557426113 0.20110000000000003
decision_type=2 2 2 2 2 2 2 2 2 2 2 2 2 2 2 2 2 2 2
left_child=1 2 4 5 6 -4 -1 -6 -5 11 -11 12 17 -14 15 18 -17 -2 -3
right_child=9 14 3 8 7 -7 -8 -9 -10 10 -12 -13 13 -15 -16 16 -18 -19 -20
leaf_value=-0.0046907375334486407 0.037817612820241646 -0.020112825374304505 -0.024240464425857259 0.047915354928909207 -0.020150296827294818 0.015560749564480116 0.016371682355153339 0.012372230941351434 0.0010660425094301913 0.037155011563435723 -0.024344668327548391 -0.0059367505316990383 -0.0068726320645292362 0.031313304975763387 -0.045646831843297993 0.020321271961698611 -0.023831929771947646 0.016970611394653754 -0.047905630211348062
leaf_weight=31.22029709815979 39.889134258031845 6.253266140818595 61.338122069835663 5.0829223394393948 28.045074582099915 7.2615919560194007 78.792287528514862 11.035127460956572 14.050159737467764 5.1372818052768698 8.4457902014255506 6.2304840534925452 8.3489172607660276 6.3888095170259467 14.318252265453337 4.9321990609169024 6.9797931462526321 14.609157010912893 8.2729875743389112
leaf_count=124 165 26 251 20 113 29 313 44 56 21 34 25 34 26 61 20 29 59 35
internal_value=0.000554908 -0.00594024 -0.00163339 -0.0125501 0.00477449 -0.0199671 0.0103683 -0.0108822 0.0138525 0.020819 -0.000763948 0.0247392 0.0275475 0.00957827 -0.0308276 -0.0225471 -0.00528342 0.0323255 -0.0363658
internal_weight=366.632 277.582 236.826 87.7328 149.093 68.5997 110.013 39.0802 19.1331 89.0496 13.5831 75.4665 69.236 14.7377 40.7565 26.4382 11.912 54.4983 14.5263
internal_count=1485 1121 950 356 594 280 437 157 76 364 55 309 284 60 171 110 49 224 61
is_linear=0
shrinkage=0.03


Tree=16
num_leaves=18
num_cat=0
split_feature=55 223 46 204 55 27 228 200 228 26 222 177 26 210 138 127 176
split_gain=34.4436 23.7727 20.2962 15.9777 13.8859 13.4203 14.7074 15.6605 13.083 11.2274 7.76818 6.92129 8.72905 6.89957 5.46298 3.6005 2.13457
threshold=20240265.000000004 0.25914949518992686 4.5850000000000009 1.280990743267354 20230604.500000004 0.32734102744787008 1.1088234256830807 -1.3699999999999999 1.0332762170024485 18.315000000000001 0.82200152788388092 -1.2460780873563317 16.060000000000006 1.0764867847337378 2.3326990740740743 4521.7300000000005 -0.91835433838063052
decision_type=2 2 2 2 2 2 2 2 2 2 2 2 2 2 2 2 2
left_child=1 2 14 4 -4 15 8 -8 -7 -5 11 16 13 -13 -1 -3 -2
right_child=10 5 3 9 -6 6 7 -9 -10 -11 -12 12 -14 -15 -16 -17 -18
leaf_value=0.049359411940315311 0.020468375089272635 0.051520386366148668 0.00024156482258881054 -0.026033166756398156 -0.030925697051656771 0.00073596929668353457 -0.0024163964491799301 0.044138921099129425 -0.04261471416743555 0.004215950969123269 -0.014459403821779061 0.012182852660435952 -0.014037893000421938 0.037955611663788968 0.0064798177062498621 0.019038159740982153 0.046010154167934754
leaf_weight=5.8334208577871305 4.9023943394422558 6.9600248038768751 91.20876869559288 73.71262152493 14.843161359429358 44.642609223723412 12.015883892774584 13.757123142480848 7.1649823784828177 12.761046558618544 5.4843175262212744 26.637558922171593 7.1006754636764517 14.908043682575224 5.2603408694267273 6.4595053791999817 11.894971638917921
leaf_count=23 20 28 365 305 62 180 48 55 29 52 22 110 29 61 21 26 49
internal_value=0.000539654 -0.00397161 -0.0096742 -0.0119632 -0.00411741 0.00875204 0.00389667 0.0223925 -0.00527218 -0.0215349 0.0192999 0.0221925 0.0162945 0.021572 0.0295347 0.0363634 0.0388985
internal_weight=365.547 294.619 203.619 192.526 106.052 91.0001 77.5806 25.773 51.8076 86.4737 70.928 65.4436 48.6463 41.5456 11.0938 13.4195 16.7974
internal_count=1485 1194 828 784 427 366 312 103 209 357 291 269 200 171 44 54 69
is_linear=0
shrinkage=0.03


Tree=17
num_leaves=20
num_cat=0
split_feature=0 0 37 0 207 194 215 184 92 45 22 8 204 43 63 144 211 116 211
split_gain=48.4197 30.9383 16.7833 16.5547 14.6307 11.4829 8.31941 9.52465 8.03816 12.7791 7.73743 8.60234 6.96888 5.79546 5.25805 5.20249 5.54395 4.29759 1.30038
threshold=20240265.000000004 20210766.000000004 0.11659270833333339 20230527.500000004 1.3617387691579645 3.1750000000000012 0.83965116279069785 -0.18926730510356352 3.1216793533500007 12.260333333333334 22.575000000000003 -1.1849999999999998 3.3197614766870429 17.355000000000004 5.0130455020500007 3.5165690615049496 1.2843161847251863 -0.076649999999999982 1.001663519653728
decision_type=2 2 2 2 2 2 2 2 2 2 2 2 2 2 2 2 2 2 2
left_child=1 5 3 4 -3 6 -1 -8 12 -10 14 -12 15 -5 -4 16 -2 -7 -19
right_child=8 2 10 13 -6 17 7 -9 9 -11 11 -13 -14 -15 -16 -17 -18 18 -20
leaf_value=0.028684728696513537 0.032344824450345283 0.011266545921484317 -0.0081313460645239428 -0.012895339933486542 -0.017992045644549495 0.0057333312364452509 -0.031107859323543121 0.002583319200860466 0.035808096142701501 -0.023961023302481982 0.021660781492704843 -0.028831234564334302 -0.0090978457348381524 -0.041566183161556573 -0.034439661347265532 0 0.0056539789245975466 0.027792376300997703 0.050672483292045642
leaf_weight=9.5817924141883832 54.694006070494652 46.941020041704178 8.4787799566984159 14.478478744626047 22.72919836640358 5.2858338207006481 8.2455620020627958 78.960780292749405 5.0644090026617041 8.433678984642027 5.9449130743741989 5.9710031747817975 5.2326831668615332 12.018161699175833 46.039371579885483 6.3946578204631797 8.4058980643749219 6.219797804951666 5.4985205978155136
leaf_count=38 228 187 35 60 94 21 33 314 21 34 24 25 21 52 191 26 34 25 22
internal_value=0.000527656 -0.00564128 -0.0140401 -0.0059777 0.00166612 0.00633544 0.00229488 -0.00059988 0.0198722 -0.00121694 -0.0256392 -0.00342021 0.0237182 -0.0261198 -0.0304254 0.0262418 0.0288512 0.0290112 0.03912
internal_weight=364.619 276.393 162.601 96.1669 69.6702 113.792 96.7881 87.2063 88.2253 13.4981 66.4341 11.9159 74.7272 26.4966 54.5182 69.4946 63.0999 17.0042 11.7183
internal_count=1485 1121 668 393 281 453 385 347 364 55 275 49 309 112 226 288 262 68 47
is_linear=0
shrinkage=0.03


Tree=18
num_leaves=21
num_cat=0
split_feature=0 0 36 51 223 194 158 148 184 40 92 145 148 22 21 170 113 171 139 67
split_gain=45.7973 29.2384 15.9107 16.2296 15.4832 11.3519 13.5494 10.7268 8.17343 7.75365 7.62132 12.3267 7.47385 11.4951 7.00668 6.26429 4.69183 6.85976 5.67861 3.88722
threshold=20240265.000000004 20210766.000000004 0.24445000000000003 3.8300000000000005 0.28097687520889231 -6.2549999999999981 62.126686212067632 0.39019316267689474 -0.18926730510356352 -0.44664999999999994 3.1216793533500007 1.1305845589414714 0.81811272941257906 22.575000000000003 72.935000000000016 4.6272002943054629 0.045900000000000003 0.31182521214278341 2.5489750000000004 0.14071465521600002
decision_type=2 2 2 2 2 2 2 2 2 2 2 2 2 2 2 2 2 2 2 2
left_child=1 5 3 4 -3 6 15 -7 -9 -5 14 -12 19 -14 16 -1 17 -2 -18 -4
right_child=10 2 12 9 -6 7 -8 8 -10 -11 11 -13 13 -15 -16 -17 18 -19 -20 -21
leaf_value=-0.032764015273441277 0.036236250526632229 -0.0021395493725164163 -0.014829612208509304 0.009140213007197074 0.047113708364595226 -0.019883836236824905 0.021261718823517996 -0.0069643862328077795 0.020398561190354183 -0.030615570531785805 0.02692362957909758 -0.030066494843515316 -0.023743423481934922 0.019281463527198516 -0.007176699325514276 -0.00074014196265104572 -0.0076116745119836965 0.0030707900174237494 0.024599891159868083 -0.042915160021722354
leaf_weight=14.661456584930422 39.259725376963615 59.071695610880852 6.194331809878352 5.1577931940555599 6.2542672157287589 8.2107174396514875 9.6129953116178495 11.486329317092894 60.65681928396225 25.455852955579758 6.7720205634832364 6.6823952794075012 31.547510832548141 6.6310020685195914 6.0992170721292487 9.0781150758266431 7.0549534112215069 6.8032982945442191 15.079237565398214 21.736812710762024
leaf_count=59 164 240 26 21 25 33 38 46 241 107 28 27 131 27 25 36 29 28 63 91
internal_value=0.000513749 -0.00548547 -0.0136707 -0.00581611 0.00259488 0.00615509 -0.00848732 0.012273 0.0159968 -0.0238119 0.0193851 -0.00117328 -0.024998 -0.0161615 0.023145 -0.0206983 0.0259073 0.0314201 0.0142099 -0.0368687
internal_weight=363.507 275.756 162.049 95.9396 65.326 113.706 33.3526 80.3539 72.1431 30.6136 87.7508 13.4544 66.1097 38.1785 74.2964 23.7396 68.1972 46.063 22.1342 27.9311
internal_count=1485 1121 668 393 265 453 133 320 287 128 364 55 275 158 309 95 284 192 92 117
is_linear=0
shrinkage=0.03


Tree=19
num_leaves=21
num_cat=0
split_feature=0 0 207 223 197 138 197 167 145 222 52 135 106 41 39 32 108 57 147 203
split_gain=43.3246 28.5016 16.1911 16.7083 12.657 13.1518 11.1694 8.56746 8.4079 7.46326 7.5612 7.17598 11.4393 7.14316 5.18127 5.88367 5.8922 5.11128 2.02681 0.919961
threshold=20240265.000000004 20230527.500000004 1.3493160185726731 0.29422958195150883 -1.8749999999999998 2.0553898148148151 1.0000000180025095e-35 24.092562365546687 1.2101649928427878 0.87574621987886192 1.4110000000000003 58.492417857142861 26.800000000000001 0.80680000000000007 0.47624243572960884 0.013705925606736464 38322251.340000011 20250524.500000004 4.749803223240229 0.75219150069143714
decision_type=2 2 2 2 2 2 2 2 2 2 2 2 2 2 2 2 2 2 2 2
left_child=1 2 4 6 8 -6 -4 -5 -1 10 11 12 -2 -13 15 18 -17 -12 -3 -16
right_child=9 14 3 7 5 -7 -8 -9 -10 -11 17 13 -14 -15 19 16 -18 -19 -20 -21
leaf_value=0.0059137308169660511 0.029151412801631756 -0.046918686086387107 -0.026710249828153051 0.025116146148703736 0.040140643944196371 0.0063930799370513327 -0.00017050724455143964 -0.020141339005455099 -0.021147275070524812 -0.012906197990402154 -0.02087824215990082 0.039391031307944899 -0.0059259470421317972 0 -0.026570096323985371 0.016468353406304155 -0.027714659327398635 0.020244228219529519 -0.019301684031433983 -0.045369356703129665
leaf_weight=18.066018283367157 20.277092799544334 5.610390707850458 46.996925920248032 14.035878673195841 11.642910063266752 95.249167308211327 20.806591674685478 4.9753918796777716 23.5206019282341 5.9963260591030112 5.850795239210127 31.536081224679947 13.941138863563536 4.7818143665790549 4.6358906030654934 6.1265443414449674 4.6945982724428177 4.8877063244581223 5.4118081480264664 13.325767129659651
leaf_count=72 85 24 195 56 46 381 85 20 95 24 24 134 57 20 20 25 20 20 23 59
internal_value=0.000498858 -0.00533602 -0.00134609 -0.0116404 0.00465652 0.0101311 -0.0186225 0.0130715 -0.00933351 0.0189111 0.0213084 0.0248773 0.0147972 0.0342255 -0.0287834 -0.0185774 -0.00250338 -0.00187017 -0.0339242 -0.0408574
internal_weight=362.369 275.098 235.293 86.8148 148.479 106.892 67.8035 19.0113 41.5866 87.271 81.2746 70.5361 34.2182 36.3179 39.805 21.8433 10.8211 10.7385 11.0222 17.9617
internal_count=1485 1121 950 356 594 427 280 76 167 364 340 296 142 154 171 92 45 44 47 79
is_linear=0
shrinkage=0.03


Tree=20
num_leaves=20
num_cat=0
split_feature=0 0 216 51 183 0 84 177 20 41 172 207 50 227 62 194 203 211 123
split_gain=40.9945 27.1369 16.0551 16.3154 16.2995 15.2443 12.716 10.4239 7.36436 9.0919 10.8815 12.3901 7.99767 6.86769 5.06802 6.47627 5.92648 5.01029 2.54343
threshold=20240265.000000004 20230527.500000004 1.0235746246768322 3.1850000000000005 1.1564321477551818 20210721.500000004 5.2716054542000004 -0.41169947411412916 20.060000000000006 0.77610000000000012 0.21428581491167645 1.1104264722399666 28.370000000000001 -0.032462812318943997 3.0150000000000001 -3.359999999999999 0.99116279506982419 1.14370557426113 0.22785000000000002
decision_type=2 2 2 2 2 2 2 2 2 2 2 2 2 2 2 2 2 2 2
left_child=1 2 3 4 -1 6 -4 -5 9 10 17 -12 -11 -7 15 18 -17 -2 -3
right_child=8 14 5 7 -6 13 -8 -9 -10 12 11 -13 -14 -15 -16 16 -18 -19 -20
leaf_value=0.01728629985780623 0.036846448616185273 -0.018272439203461558 -0.0053259243915139949 0.0053968556653858513 -0.026861921264464055 -0.011417258904594666 0.033407445948284417 -0.024513073767464373 -0.015843671240912148 -0.022964427721015954 0.036754477669995352 -0.018043630462323372 0.021543876460838052 -0.033431927737646742 -0.043081144210038544 0.021531285521602807 -0.021316771299498286 0.013707196741000637 -0.045435295427300453
leaf_weight=79.544611841440201 40.464554101228714 6.3113449066877347 43.770595535635948 20.550491958856583 8.1734394729137403 29.185039907693863 9.1258453428745252 20.983067259192467 5.1309385895729056 7.2696908265352231 5.937867045402526 9.5080114603042585 7.0562314093112946 23.639863461256027 13.731126159429548 4.8813074529171008 6.8129315227270126 11.411455526947973 7.734342634677887
leaf_count=318 173 27 175 83 33 120 36 86 21 30 25 39 29 99 61 20 29 47 34
internal_value=0.000483441 -0.00519181 -0.00130728 0.00576844 0.0131126 -0.00998347 0.00135029 -0.00966439 0.0184517 0.0206603 0.0252738 0.00293037 -0.000836533 -0.0213704 -0.0281791 -0.0199774 -0.00314623 0.0318503 -0.0336574
internal_weight=361.223 274.444 234.973 129.252 87.7181 105.721 52.8964 41.5336 86.7787 81.6478 67.3219 15.4459 14.3259 52.8249 39.4711 25.7399 11.6942 51.876 14.0457
internal_count=1485 1121 950 520 351 430 211 169 364 343 284 64 59 219 171 110 49 220 61
is_linear=0
shrinkage=0.03


Tree=21
num_leaves=19
num_cat=0
split_feature=0 0 216 51 183 0 135 190 92 138 21 227 179 34 62 108 195 64
split_gain=38.7987 25.8332 15.135 15.3624 15.3602 14.4291 12.2639 10.0987 7.24038 11.3178 6.62714 6.55429 6.07041 5.22451 4.91232 8.24985 11.2425 1.63645
threshold=20240265.000000004 20230527.500000004 1.0235746246768322 3.1850000000000005 1.1564321477551818 20210721.500000004 74.696242063492079 0.27504534554443283 3.1216793533500007 2.8175646153846157 72.935000000000016 -0.032462812318943997 5.0699255012761739 0.57148559322033909 3.0150000000000001 32461276.150000002 -3.5650000000000008 4.1371586143500005
decision_type=2 2 2 2 2 2 2 2 2 2 2 2 2 2 2 2 2 2
left_child=1 2 3 4 -1 6 -4 -5 10 -10 12 -7 13 -2 15 16 -3 -17
right_child=8 14 5 7 -6 11 -8 -9 9 -11 -12 -13 -14 -15 -16 17 -18 -19
leaf_value=0.016778461290812889 0.030192505225912832 -0.024366870077253976 -0.0095989009970089412 0.0026678240099028056 -0.026106319695669577 -0.011095326796963829 0.020319675663363915 -0.027358466454094399 0.023184952297298035 -0.031903074482380368 -0.0078704718747652502 -0.032653934729716012 -0.0017297532442742038 -0.0010256254609519518 -0.042382917550611458 -0.045408251951409226 0.0325862767075994 -0.020673997140907469
leaf_weight=79.497373804450035 54.949782431125641 8.0738958865404111 33.526417151093483 24.776489496231079 8.1607875525951368 29.134568706154823 19.348824247717857 16.70101897418499 7.1294555217027646 6.1505756229162216 6.0514093041419974 23.48178143799305 6.9260929971933356 5.0782406926155081 13.543108120560644 7.9348748475313169 4.932662874460223 4.6439905017614365
leaf_count=318 234 35 134 100 33 120 77 69 30 25 25 99 29 21 61 35 20 20
internal_value=0.000468335 -0.00505283 -0.0012713 0.00559891 0.0127266 -0.0097071 0.00131037 -0.0093869 0.0180055 -0.00215231 0.0217112 -0.0208172 0.0244374 0.0275043 -0.0275906 -0.0195093 -0.00245499 -0.0367483
internal_weight=360.041 273.756 234.627 129.136 87.6582 105.492 52.8752 41.4775 86.2856 13.28 73.0055 52.6164 66.9541 60.028 39.1285 25.5854 13.0066 12.5789
internal_count=1485 1121 950 520 351 430 211 169 364 55 309 219 284 255 171 110 55 55
is_linear=0
shrinkage=0.03


Tree=22
num_leaves=18
num_cat=0
split_feature=0 0 1 36 184 136 52 23 88 18 222 179 202 31 52 117 165
split_gain=36.706 24.6078 14.5556 14.9301 17.9691 14.5653 7.11984 12.181 7.04978 7.76729 6.09306 8.10602 6.09064 4.96297 6.90564 3.19331 0.244694
threshold=20240265.000000004 20230527.500000004 6.5600000000000014 -0.11219999999999998 0.49880721051327132 72.412750000000003 0.075073070616864232 15.440000000000003 14.166668340300001 74.815000000000012 0.87574621987886192 5.0699255012761739 -0.50000000000000078 0.44420000000000004 0.13865000000000002 -0.01585 -35.282316382093065
decision_type=2 2 2 2 2 2 2 2 2 2 2 2 2 2 2 2 2
left_child=1 2 6 4 -4 -5 12 -8 9 10 11 -2 -1 14 15 -3 -15
right_child=8 13 3 5 -6 -7 7 -9 -10 -11 -12 -13 -14 16 -16 -17 -18
leaf_value=0.047746829864559526 0.028490260121192264 -0.039589374513171294 0.015949565837946107 -0.013904210949031097 -0.022653077938755317 0.012601276541169198 -0.025336304497167554 0.026768731359575249 -0.015455463847014177 -0.010471478947489227 -0.0079550830331869653 -0.0053345239753662625 0.0058542678148556819 -0.030076916584671314 0.005148792088076449 -0.010574776766097188 -0.044003744818397909
leaf_weight=9.2808313518762571 61.541823580861092 9.9844388514757139 50.994962751865387 117.13627192378044 13.635612234473227 21.992835387587547 6.9744090437889126 9.2605888396501523 5.2857407182455054 6.7974614650011054 5.2510097771883002 6.9171303510665885 4.9907522052526501 4.4253662675619116 7.6040477007627478 5.7979280799627331 10.956626385450361
leaf_count=37 264 44 205 478 56 89 28 37 22 28 21 29 20 20 32 25 50
internal_value=0.000452157 -0.00491858 -0.00123675 -0.00414447 0.00773651 -0.00968677 0.0180366 0.00418315 0.0175651 0.0197868 0.0226283 0.025026 0.0334485 -0.0270292 -0.0179653 -0.0292529 -0.0404109
internal_weight=358.828 273.035 234.266 203.76 64.6306 139.129 30.5066 16.235 85.7932 80.5074 73.71 68.459 14.2716 38.7684 23.3864 15.7824 15.382
internal_count=1485 1121 950 828 261 567 122 65 364 342 314 293 57 171 101 69 70
is_linear=0
shrinkage=0.03


Tree=23
num_leaves=21
num_cat=0
split_feature=0 0 40 0 227 194 159 143 20 40 171 207 50 23 49 117 35 211 191 20
split_gain=34.7005 23.7902 14.0177 12.8942 20.165 10.4425 7.65539 10.1798 6.81109 8.58669 10.3719 15.3266 7.59082 6.47232 5.62163 5.17403 5.72074 5.11487 1.31327 0.202867
threshold=20240265.000000004 20210766.000000004 0.38685000000000008 20230527.500000004 -0.033948491769845227 3.1750000000000012 59.41002951389482 65.666035820000005 20.060000000000006 0.77610000000000012 0.25659641399045757 1.1104264722399666 28.370000000000001 13.56 10.485000000000001 0.021350000000000004 0.57250000000000012 1.14370557426113 3.0305398485987731 17.315000000000001
decision_type=2 2 2 2 2 2 2 2 2 2 2 2 2 2 2 2 2 2 2 2
left_child=1 5 3 4 -3 6 7 -1 9 10 17 -12 -11 -7 -5 19 -17 -2 -15 -4
right_child=8 2 15 14 -6 13 -8 -9 -10 12 11 -13 -14 18 -16 16 -18 -19 -20 -21
leaf_value=0.010670885973095744 0.035567523129704667 0.0088549354433262173 -0.04758082339585027 -0.003225844408858309 -0.018657189582759907 0 0.032356838635146837 -0.0096269751585670669 -0.015863721228110614 -0.0232075505265661 0.032561380907614131 -0.029931415542360632 0.020307373944282552 0.025860003057307485 -0.031408018494971872 0.004207319284896498 -0.03647999899468627 0.013510077434292783 0.049257451287271374 -0.033630715575259783
leaf_weight=40.355993792414665 38.66317480802536 57.117212384939194 10.430620223283769 8.9022837132215482 41.112263903021812 5.2428518980741527 6.7817941009998313 49.245711550116539 5.1197797358036032 7.2406903952360135 6.8527139425277692 7.074643537402153 6.9742622822523117 4.9131296426057798 24.982778713107109 5.8430784195661527 6.2349747717380524 13.403513073921202 6.6649334579706192 4.6065291017293921
leaf_count=161 169 231 45 37 170 21 27 197 21 30 30 29 29 20 113 25 27 56 27 20
internal_value=0.000437954 -0.00478308 -0.0122609 -0.00818435 -0.00263655 0.00571003 0.0018586 -0.000449809 0.0171287 0.0192891 0.0238416 0.000616134 -0.00165559 0.0274599 -0.0241235 -0.0319099 -0.0166772 0.0299836 0.0398921 -0.0437559
internal_weight=357.763 272.434 159.23 132.115 98.2295 113.204 96.3835 89.6017 85.3288 80.209 65.994 13.9274 14.215 16.8209 33.8851 27.1152 12.0781 52.0667 11.5781 15.0371
internal_count=1485 1121 668 551 401 453 385 358 364 343 284 59 59 68 150 117 52 225 47 65
is_linear=0
shrinkage=0.03


Tree=24
num_leaves=22
num_cat=0
split_feature=0 0 204 28 0 67 194 184 155 209 46 88 47 188 101 87 211 137 121 124 87
split_gain=32.8459 22.4944 14.3963 13.0409 13.44 10.1435 9.69337 10.5607 8.15669 10.1244 8.44752 6.75578 7.70927 7.73239 9.62044 6.40757 5.86603 5.4516 4.55331 3.55198 2.86052
threshold=20240265.000000004 20210766.000000004 1.2775305251123201 1.3211000000000002 20230607.500000004 0.12111153655200001 3.1750000000000012 -0.18926730510356352 275.36583954810141 1.3656292735069033 10.625000000000002 14.166668340300001 19.740000000000006 0.50814044384605095 -0.63008428734999999 3.1232621015500004 1.1903125555749474 40.335826420043311 0.15085000000000001 0.60355000000000014 7.1176107664500003
decision_type=2 2 2 2 2 2 2 2 2 2 2 2 2 2 2 2 2 2 2 2 2
left_child=1 5 3 4 -3 15 7 -7 10 -10 -4 12 16 14 -14 -1 19 -5 -8 -2 -15
right_child=11 2 8 17 -6 6 18 -9 9 -11 -12 -13 13 20 -16 -17 -18 -19 -20 -21 -22
leaf_value=0.0074383524849235922 0.041556146840053126 0.011539971212729776 -0.0045790497637539802 -0.0066159376510501952 -0.020341697748038054 -0.028861382996176757 0.011648069958220228 0.0082038257363286921 -0.031549674663399224 0.017294330363577748 -0.033183789715245431 -0.015634340607720738 -0.029353606993229312 0.01369324997210543 0.01130315563310624 -0.034857252143064316 0.0040338434566223949 -0.035931602450669349 0.045833002022392065 0.011531345290099696 0.046200758374814181
leaf_weight=5.0010126680135718 21.664034470915798 47.072437584400177 12.104689985513685 10.916708528995516 15.7806249409914 7.4740546494722357 6.6362418830394736 77.272664770483971 6.3287026435136786 9.2734265029430372 44.445297449827194 5.2710682302713385 6.2458296716213182 4.6406130492687208 29.459061771631244 8.3456582874059659 6.5332676172256461 12.719622939825056 8.3421907871961576 4.7008284628391257 6.2948051989078522
leaf_count=20 97 189 50 45 69 30 27 308 28 39 194 22 26 20 125 34 27 54 34 20 27
internal_value=0.000425943 -0.00465345 -0.0119438 -0.00364 0.00346813 0.00554997 0.00886099 0.00486942 -0.0218372 -0.00240199 -0.0271327 0.016721 0.0189198 0.010937 0.00404519 -0.0188485 0.0300789 -0.0226031 0.0310639 0.0363799 0.0329266
internal_weight=356.523 271.713 158.642 86.4894 62.8531 113.072 99.7252 84.7467 72.1521 15.6021 56.55 84.8095 79.5384 46.6403 35.7049 13.3467 32.8981 23.6363 14.9784 26.3649 10.9354
internal_count=1485 1121 668 357 258 453 399 338 311 67 244 364 342 198 151 54 144 99 61 117 47
is_linear=0
shrinkage=0.03


Tree=25
num_leaves=20
num_cat=0
split_feature=0 0 207 223 197 138 197 62 218 24 92 138 172 216 62 194 96 119 43
split_gain=31.1004 21.4708 13.9203 15.1154 11.5181 11.5249 10.3709 8.16118 7.85529 6.47153 7.36193 9.00822 6.7041 7.07289 4.85021 6.08904 5.64931 2.68842 0.113552
threshold=20240265.000000004 20230527.500000004 1.3493160185726731 0.29422958195150883 -1.8749999999999998 2.0553898148148151 1.0000000180025095e-35 2.9750000000000005 0.079008567931456511 56.465000000000011 3.1216793533500007 2.8175646153846157 0.47914338321140332 1.4502867314006818 3.0150000000000001 -3.359999999999999 0.9069304867500001 0.20110000000000003 32.064000000000014
decision_type=2 2 2 2 2 2 2 2 2 2 2 2 2 2 2 2 2 2 2
left_child=1 2 4 6 8 -6 -4 -5 -1 18 12 -12 13 -11 15 17 -17 -3 -2
right_child=9 14 3 7 5 -7 -8 -9 -10 10 11 -13 -14 -15 -16 16 -18 -19 -20
leaf_value=-0.014103807556285233 0.031376996282527193 -0.014694199076480759 -0.025310346738475872 0.045314619502225525 0.037962970606127001 0.006199229746360487 0.00013741521914879061 0.0006925593749593518 0.024029596884860286 0.02386194459446446 0.017408198367936448 -0.034607760617379899 -0.013476450032688736 -0.011337160820885617 -0.040518570142518487 0.015869634943230841 -0.026759570559151253 -0.043020232392987565 0.045044454872191934
leaf_weight=35.819894149899483 5.0571253746747953 5.9070981293916685 46.242412596940994 4.9952532052993801 11.516476750373839 94.622516438364983 20.578678458929062 13.895156458020208 5.4808216989040366 51.324461758136749 5.8572438508272153 5.8637309670448303 5.6244139224290839 5.5277510434389105 12.937568858265875 6.8644894212484378 4.5665173083543777 7.5444232523441315 5.066286489367485
leaf_count=145 23 26 195 20 46 381 85 56 22 224 25 24 23 23 61 29 20 35 22
internal_value=0.000414794 -0.00452858 -0.00110961 -0.0107272 0.00446456 0.00970644 -0.01744 0.0128266 -0.00892502 0.0163227 0.0131559 -0.00843302 0.0172611 0.020373 -0.025468 -0.0173915 -0.000984311 -0.0310027 0.0388841
internal_weight=355.292 270.971 233.151 85.7115 147.44 106.139 66.8211 18.8904 41.3007 84.321 74.1976 11.721 62.4766 56.8522 37.8201 24.8825 11.431 13.4515 10.1234
internal_count=1485 1121 950 356 594 427 280 76 167 364 319 49 270 247 171 110 49 61 45
is_linear=0
shrinkage=0.03


Tree=26
num_leaves=21
num_cat=0
split_feature=0 0 204 28 118 124 139 146 162 155 209 46 222 52 136 59 134 137 56 186
split_gain=29.4382 20.7803 13.4631 12.2865 12.1148 9.48656 8.58388 8.5905 8.53343 7.75336 9.56684 8.01326 6.46971 6.56308 6.65853 9.16051 6.25825 5.15232 4.78614 3.07627
threshold=20240265.000000004 20210766.000000004 1.2775305251123201 1.3211000000000002 0.50835000000000019 0.74860000000000004 1.9601500000000003 13.331038559505672 0.049397470482739202 275.36583954810141 1.3656292735069033 10.625000000000002 0.87574621987886192 1.4110000000000003 44.661200000000008 3.8159500000000004 18.500000000000004 40.335826420043311 20250521.500000004 -0.35549565928146648
decision_type=2 2 2 2 2 2 2 2 2 2 2 2 2 2 2 2 2 2 2 2
left_child=1 5 3 4 -3 6 16 -8 -7 11 -11 -4 13 14 15 -2 -1 -5 -15 -16
right_child=12 2 9 17 -6 8 7 -9 -10 10 -12 -13 -14 18 19 -17 -18 -19 -20 -21
leaf_value=0.030266304549401362 0.023733540807172059 -0.0057797714845138261 -0.0042945764929382853 -0.0063619659285859033 0.022138029398255779 0.046209305538515669 -0.00013557734905982665 -0.03831506029148269 0.0049331696869525359 -0.030700742786983308 0.016991446707560656 -0.032243700186172737 -0.013769918915723765 -0.021992535378134788 0.0098752255430539938 -0.0060085636176199402 -0.0055486317219792811 -0.034955841536342604 0.018118702769270585 0.039170982264661987
leaf_weight=13.714624717831613 29.435750395059586 41.750803858041763 12.057715669274328 10.900858938694002 20.855915427207947 8.8261893987655657 68.857588157057762 5.6616840511560431 9.5290892720222455 6.2381823658943167 9.2648998498916608 43.822497546672821 5.9432173371314994 5.7512224614620191 4.2740631997585323 13.358997046947477 6.207374393939971 12.574960380792616 4.7929007858037949 20.245506837964058
leaf_count=55 129 174 50 45 84 36 276 23 38 28 39 194 24 24 19 56 25 54 20 92
internal_value=0.00040403 -0.00440494 -0.0114487 -0.00341155 0.003493 0.00540306 0.00152327 -0.00312397 0.0250863 -0.0210804 -0.0020806 -0.0262849 0.0159356 0.0182564 0.0217056 0.0143868 0.0189851 -0.021889 -0.00347893 0.0342471
internal_weight=354.064 270.262 157.466 86.0825 62.6067 112.797 94.4413 74.5193 18.3553 71.3833 15.5031 55.8802 83.8017 77.8584 67.3143 42.7947 19.922 23.4758 10.5441 24.5196
internal_count=1485 1121 668 357 258 453 379 299 74 311 67 244 364 340 296 185 80 99 44 111
is_linear=0
shrinkage=0.03


Tree=27
num_leaves=21
num_cat=0
split_feature=0 0 228 53 216 194 157 106 20 59 92 171 198 212 39 32 191 36 54 34
split_gain=27.8718 20.0058 13.5439 16.2603 13.9936 12.1535 6.99206 6.97958 6.36993 8.25036 11.1984 8.65063 4.88177 5.34551 4.80347 5.27399 6.13452 1.7004 1.10149 0.96413
threshold=20240265.000000004 20230527.500000004 1.1122624569165678 0.23390000000000002 0.81238032609326349 -2.4399999999999973 22.317040367923415 29.505000000000003 20.060000000000006 3.8159500000000004 2.7553784491000006 0.31182521214278341 -0.52500000000000024 0.23200000000000007 0.47624243572960884 -0.070249999999999993 3.0986850701878228 -0.28651625387301721 327.50000000000006 0.44533898305084751
decision_type=2 2 2 2 2 2 2 2 2 2 2 2 2 2 2 2 2 2 2 2
left_child=1 2 3 -1 -5 6 -4 -7 9 12 11 -11 13 -2 15 17 -17 -3 -14 -16
right_child=8 14 5 4 -6 7 -8 -9 -10 10 -12 -13 18 -15 19 16 -18 -19 -20 -21
leaf_value=0.038508333672037813 0.030231984176549983 -0.016009193678444708 -0.014175544581586085 0.01891933594935908 -0.0091345944466359325 0.045025724446036204 0.016080013577077713 0.0021340248228615961 -0.016425260793603003 0.023366135857152897 -0.031877604816262874 -0.010652243492965771 0.024052500584230627 -0.00015384827535031673 -0.022251419557912197 -0.021901674452320347 0.021730049310560967 -0.043477424999001708 0.043884328332150689 -0.041684077681534926
leaf_weight=7.4584887772798529 11.960005760192873 4.4203178882598877 13.366853192448618 17.595863863825798 162.49191728234291 12.577068775892259 13.910861462354658 4.8925215750932685 5.0869757533073416 25.087939724326134 5.3564385920763007 8.9744815379381162 4.6289703547954586 8.8296030759811384 4.3106251806020763 5.9411004483699781 5.4681533724069595 5.0202700495719927 13.358299449086187 12.083572164177893
leaf_count=30 53 20 54 71 668 51 56 20 21 110 22 38 21 39 20 26 23 23 60 59
internal_value=0.000392474 -0.00428653 -0.000996194 -0.00454767 -0.0063679 0.0137989 0.00114673 0.0332648 0.0155586 0.017696 0.00789352 0.0143105 0.0275376 0.0172442 -0.0246706 -0.0147637 -0.000722372 -0.0312332 0.0391077 -0.0369223
internal_weight=352.82 269.538 232.294 187.546 180.088 44.7473 27.2777 17.4696 83.2827 78.1957 39.4189 34.0624 38.7769 20.7896 37.244 20.8498 11.4093 9.44059 17.9873 16.3942
internal_count=1485 1121 950 769 739 181 110 71 364 343 170 148 173 92 171 92 49 43 81 79
is_linear=0
shrinkage=0.03


Tree=28
num_leaves=18
num_cat=0
split_feature=55 223 116 46 194 160 62 194 52 206 24 177 93 71 204 190 45
split_gain=17.1856 15.7268 16.9742 14.4051 12.3561 11.0015 10.6385 13.1988 9.01866 7.92659 7.48737 7.56575 7.43002 6.9662 5.94342 4.26135 2.03832
threshold=20240265.000000004 0.25914949518992686 -0.12694999999999998 4.4524166666666671 -1.9900000000000018 3.5329061296056796 6.5600000000000014 -6.4899999999999975 0.27075000000000005 0.74096617609397508 56.465000000000011 -1.4869540757236031 -1.0645074350499999 87.161540132200017 2.5335926912828328 0.42913525915694067 23.090000000000003
decision_type=2 2 2 2 2 2 2 2 2 2 2 2 2 2 2 2 2
left_child=1 2 5 -4 -5 12 7 9 -9 -3 -2 16 -1 14 -13 -8 -12
right_child=10 6 3 4 -6 -7 15 8 -10 -11 11 13 -14 -15 -16 -17 -18
leaf_value=-0.039927769139864087 0.039984314042160171 -0.038502733988353098 0.041961905591870068 -0.01057498263120071 0.0099313626057649512 0.01544148415341925 -0.035402477525678377 0.031912491517742336 0.0075619105853434237 0.0025193715672112401 0.043444083329037868 0.013191381526555789 -0.016655519365924572 -0.028786873908657855 -0.019742394196184874 0.0010826930251712208 0.016794365874414623
leaf_weight=16.645130157470703 8.7298100590705854 5.6044389754533794 6.6796876788139334 72.054685920476913 41.542247548699379 7.5307751893997184 6.3522738963365537 26.847787350416183 28.812589183449745 16.031166985630989 6.270195394754408 35.410960033535957 52.23980487883091 4.9114927798509589 5.5720107853412619 4.9154525101184845 5.5134568214416504
leaf_count=70 40 23 27 305 173 31 26 111 121 65 28 155 222 21 23 20 24
internal_value=0.000382045 -0.00281011 -0.00754345 -0.000489976 -0.00304731 -0.0185911 0.00766506 0.0116622 0.0193974 -0.00809713 0.0141227 0.0100941 -0.0223722 0.00448303 0.00860355 -0.0193527 0.0314736
internal_weight=351.664 285.256 196.692 120.277 113.597 76.4157 88.5637 77.296 55.6604 21.6356 66.4079 57.6781 68.8849 45.8945 40.983 11.2677 11.7837
internal_count=1485 1194 828 505 478 323 366 320 232 88 291 251 292 199 178 46 52
is_linear=0
shrinkage=0.03


Tree=29
num_leaves=21
num_cat=0
split_feature=0 0 215 108 39 170 43 26 25 20 41 171 208 51 211 39 201 108 227 208
split_gain=25.1605 18.8158 12.4796 15.6049 13.9409 12.7042 11.2801 10.8186 9.756 6.08047 7.79712 9.2502 9.95494 6.94112 4.99658 4.68082 5.02629 7.1522 1.97251 1.0031
threshold=20240265.000000004 20230527.500000004 0.92683701208056513 101724202.79500002 0.54375000000000007 1.3620779858600858 39.180000000000007 14.185 22.875000000000004 20.060000000000006 0.77610000000000012 0.25659641399045757 1.2943338781945759 12.530000000000001 1.14370557426113 0.47624243572960884 -1.4399999999999993 41333723.965000011 -0.072346467221552052 0.98335244168781921
decision_type=2 2 2 2 2 2 2 2 2 2 2 2 2 2 2 2 2 2 2 2
left_child=1 2 3 6 5 -4 -1 -5 -6 10 11 14 -13 -12 -2 16 18 -18 -3 -17
right_child=9 15 4 7 8 -7 -8 -9 -10 -11 13 12 -14 -15 -16 19 17 -19 -20 -21
leaf_value=0.029914084106325456 0.033147056747586376 -0.04308556323611494 -0.010715758331898754 -0.031210475310972579 -0.023124669814457238 0.0094853458971268095 -0.014906875142640948 0.0093211862036675017 0.0095484964210710965 -0.016373640859793748 -0.018888858496638967 0.028807541774731677 -0.022670364853726973 0.024927111225541324 0.011023981378730337 -0.021291455352177406 0.025178919475807523 -0.024947340817924796 -0.015590671117102092 -0.041104187719419712
leaf_weight=31.531873643398285 36.703356727957726 4.7660349756479263 48.492836624383926 10.315746024250986 46.129892632365227 65.9992635846138 5.8546792268753043 13.514017447829245 9.802559167146681 5.0815805196762076 9.0170857310295087 5.8411113321781141 7.7413492351770401 4.9369065463542929 13.029279410839079 4.2374396473169353 5.2133870422840101 4.8392604291439056 5.8543357104063052 11.832299232482908
leaf_count=128 169 22 198 42 193 269 24 55 41 21 38 27 32 21 56 20 22 22 26 59
internal_value=0.000373007 -0.00406983 -0.000888665 0.0107034 -0.00507394 0.000901155 0.0227941 -0.00815644 -0.0173381 0.0148761 0.0169885 0.0214624 -0.000264385 -0.00310629 0.0274451 -0.0239869 -0.0141975 0.000745021 -0.028496 -0.0362293
internal_weight=350.734 268.384 231.641 61.2163 170.425 114.492 37.3866 23.8298 55.9325 82.3507 77.2691 63.3151 13.5825 13.954 49.7326 36.7428 20.673 10.0526 10.6204 16.0697
internal_count=1485 1121 950 249 701 467 152 97 234 364 343 284 59 59 225 171 92 44 48 79
is_linear=0
shrinkage=0.03


Tree=30
num_leaves=23
num_cat=0
split_feature=0 0 36 51 156 124 138 162 100 148 30 40 222 135 43 76 84 186 188 120 84 126
split_gain=23.8276 18.2575 12.728 12.6732 12.3605 8.97735 8.17265 7.80204 7.37602 7.23627 10.6842 7.05719 6.01645 6.96647 12.9632 6.25041 5.84099 5.78217 6.63477 4.6298 3.96469 2.09554
threshold=20240265.000000004 20210766.000000004 0.24445000000000003 3.8300000000000005 9.0442277784201597 0.74860000000000004 6.2491533126294012 0.049397470482739202 0.072645992950000016 0.81811272941257906 0.43552631578947371 -0.44664999999999994 0.87574621987886192 61.136208181818184 26.855 1.2755284178000001 0.31239544620000009 0.12446297160635701 0.0085780220360754753 0.22770000000000004 1.2341035047000002 0.53400000000000014
decision_type=2 2 2 2 2 2 2 2 2 2 2 2 2 2 2 2 2 2 2 2 2 2
left_child=1 5 3 4 -3 6 8 -7 -1 16 -11 -5 13 14 19 -16 -4 18 -15 -2 -8 -19
right_child=12 2 9 11 -6 7 20 -9 -10 10 -12 -13 -14 17 15 -17 -18 21 -20 -21 -22 -23
leaf_value=-0.028165550935640504 0.031312795861222716 -0.0028444022786523427 -0.0024538570173393299 0.011934680142894361 0.02942044746562341 0.04491674131614222 -0.042115764754872755 0.0052304447914745889 0.0070049095537307827 0.022270229835922879 -0.019778193173052631 -0.026694187897753362 -0.0141638487360927 0.024483069299241749 0.013142976513660741 -0.025173131049669728 -0.039653015683731085 0.041233404385970958 -0.016887722791615187 0 -0.0039214697708497732 0.016060481826636084
leaf_weight=5.6375456750392905 15.841813817620279 50.145426884293556 4.8314538449049023 4.9913557618856457 13.438165605068205 8.6839518994092959 5.1367332786321622 9.5072910040616971 78.26973856985569 6.4892842024564734 29.991444125771523 23.98661744594574 5.9137343764305106 11.666463375091555 5.6470562964677837 11.048855721950529 21.643477395176888 16.959558278322223 4.7903888374567023 5.6180657297372809 4.9889120757579803 4.3438940793275824
leaf_count=23 72 210 21 21 55 36 21 38 315 27 131 107 24 53 24 46 96 79 21 25 20 20
internal_value=0.000361125 -0.00396081 -0.0106192 -0.00349474 0.00396304 0.00524076 0.0014646 0.0244815 0.00457546 -0.0210244 -0.0121761 -0.0199192 0.0145264 0.0168165 0.00763377 -0.0120338 -0.0330121 0.0259714 0.0122301 0.0230592 -0.0238132 0.0363397
internal_weight=349.571 267.741 155.517 92.5616 63.5836 112.224 94.0329 18.1912 83.9073 62.9557 36.4807 28.978 81.8298 75.9161 38.1558 16.6959 26.4749 37.7603 16.4569 21.4599 10.1256 21.3035
internal_count=1485 1121 668 393 265 453 379 74 338 275 158 128 364 340 167 70 117 173 74 97 41 99
is_linear=0
shrinkage=0.03


Tree=31
num_leaves=18
num_cat=0
split_feature=0 0 207 223 55 122 67 184 167 88 18 179 0 62 108 195 137
split_gain=22.5725 17.7003 12.3032 13.4292 10.2929 11.0635 9.53482 7.89423 7.589 5.95242 7.11763 5.58298 6.07438 4.73221 7.8719 9.73796 1.71448
threshold=20240265.000000004 20230527.500000004 1.3493160185726731 0.29422958195150883 20220371.500000004 0.56250000000000011 1.4287089110920002 0.82771143684285153 24.092562365546687 14.166668340300001 74.815000000000012 5.0699255012761739 20250722.500000004 3.0150000000000001 32461276.150000002 -3.5650000000000008 31.015965309980796
decision_type=2 2 2 2 2 2 2 2 2 2 2 2 2 2 2 2 2
left_child=1 2 4 6 5 -1 -4 -6 -5 10 11 12 -2 14 15 -3 -16
right_child=9 13 3 8 7 -7 -8 -9 -10 -11 -12 -13 -14 -15 16 -17 -18
leaf_value=-0.0058164176908035671 0.028417943529964691 -0.019888143448501257 -0.022146243269317689 0.023839207369455311 0.01902366855162085 0.023612777580163637 0.0057637778353321926 -0.017447407554050186 -0.019022928697220307 -0.016541958390853737 -0.012992030419821483 -0.0059792345490842034 0.0080843796957087329 -0.03867403404380592 -0.016285514873653095 0.034117493904580458 -0.042051168316988803
leaf_weight=79.49465948343277 42.640016108751297 7.5173991173505765 52.103980585932732 13.807607337832453 47.609488293528557 13.323499128222464 13.716193109750746 5.8506266325712195 4.9143738299608222 5.1363342255353919 6.6149725019931784 6.9248471558094016 19.972240045666695 12.189471587538717 4.3555769622325879 4.8555039763450658 7.2886170744895935
leaf_count=323 196 35 223 56 193 54 57 24 20 22 28 30 88 61 20 20 35
internal_value=0.000351553 -0.00385399 -0.000777469 -0.00989259 0.00447332 -0.00153888 -0.0162847 0.0149512 0.0123876 0.0141911 0.0163223 0.0191687 0.022003 -0.0233283 -0.0152874 0.00116841 -0.0328896
internal_weight=348.315 267.027 230.82 84.5422 146.278 92.8182 65.8202 53.4601 18.722 81.2884 76.1521 69.5371 62.6123 36.2066 24.0171 12.3729 11.6442
internal_count=1485 1121 950 356 594 377 280 217 76 364 342 314 284 171 110 55 55
is_linear=0
shrinkage=0.03


Tree=32
num_leaves=21
num_cat=0
split_feature=0 228 106 24 228 51 177 157 0 40 108 142 84 187 51 145 52 146 227 123
split_gain=21.4823 15.748 14.2145 12.7875 10.6324 9.2606 9.00614 7.8284 7.62874 6.88787 7.28817 10.6242 6.77823 6.26122 6.05453 7.3773 5.87987 5.85887 5.62508 5.26077
threshold=20240621.500000004 1.131391705656321 6.4500000000000002 71.685000000000016 0.93675662205644017 3.8800000000000003 -0.79280137230483205 24.00124699537449 20210812.000000004 0.67380000000000007 166848132.36500004 243.83776044000004 4.3426372922000009 0.76176228947492197 12.530000000000001 1.3062344946660327 1.3919500000000002 7.9246235597126962 0.33479814512858203 0.27980000000000005
decision_type=2 2 2 2 2 2 2 2 2 2 2 2 2 2 2 2 2 2 2 2
left_child=1 2 6 4 -4 12 19 -7 -5 10 16 -12 13 -3 15 -11 18 -8 -2 -1
right_child=9 5 3 8 -6 7 17 -9 -10 14 11 -13 -14 -15 -16 -17 -18 -19 -20 -21
leaf_value=0.011294838806087849 0.035671242282313456 0.032119949618280186 -0.0071546673207704831 0.029988303554883085 -0.022919432023886598 -0.027847634591407704 0.03560094911510376 0.012195289700079118 -0.0047862008075229582 -0.034812527460233542 -0.024944121283393121 0.032837245052374668 -0.011844334589589002 -0.003851627833993895 0.024919631060638412 0.014217487746088402 -0.001514184263318116 -0.00044241897033662982 0 -0.032178156328469938
leaf_weight=4.8363553434610385 30.773964494466782 24.629986584186558 117.44854308664799 10.588136538863184 57.959618866443634 8.0392568856477755 13.393567189574243 9.3506817221641523 11.80189575254917 6.4616713374853152 6.6607043743133527 4.8668969869613647 4.8317542225122443 5.085569128394126 5.1023959070444098 4.5890409797430038 5.6058562994003287 5.5683563053607932 4.7035274803638449 4.8754201978445053
leaf_count=20 147 103 498 43 249 34 54 38 51 27 28 22 20 21 22 20 24 23 21 20
internal_value=0.000339889 -0.00336109 -0.00678649 -0.00965729 -0.012391 0.011502 0.0128774 -0.00619815 0.0115853 0.0153509 0.0206076 -0.000218499 0.0204905 0.0258708 -0.00160709 -0.0142378 0.0265104 0.0249123 0.0310148 -0.0103289
internal_weight=347.173 278.409 226.472 197.798 175.408 51.9372 28.6737 17.3899 22.39 68.7641 52.6109 11.5276 34.5473 29.7156 16.1531 11.0507 41.0833 18.9619 35.4775 9.71178
internal_count=1485 1174 958 841 747 216 117 72 94 311 242 50 144 124 69 47 192 77 168 40
is_linear=0
shrinkage=0.03


Tree=33
num_leaves=21
num_cat=0
split_feature=207 223 33 197 213 60 8 157 155 118 179 67 20 53 93 77 195 58 196 196
split_gain=13.9349 13.0561 11.3119 11.1242 11.6724 10.6201 9.10098 8.96531 12.3691 9.1653 8.10845 10.5207 7.92775 6.39017 6.2973 6.15724 4.65753 4.50507 3.20701 2.1334
threshold=1.3493160185726731 0.27426467785227532 -0.24689999999999998 -1.8749999999999998 1.2043319397709122 6.7135500000000006 -2.8249999999999997 19.374685697186141 123.70305645225132 0.50835000000000019 -1.2948095339417136 2.7121350497400001 17.440000000000001 0.51855000000000018 0.024491767499999928 -1.1454755026499999 -7.1899999999999933 69.663850000000011 -4.9099999999999957 -4.9099999999999957
decision_type=2 2 2 2 2 2 2 2 2 2 2 2 2 2 2 2 2 2 2 2
left_child=3 2 -2 5 7 6 -1 8 -5 -9 15 -12 14 -8 18 -4 -14 -16 -3 -7
right_child=1 12 10 4 -6 19 13 9 -10 -11 11 -13 16 -15 17 -17 -18 -19 -20 -21
leaf_value=0.030157529378237895 0.029433213938522298 -0.018887090424194959 0.018981492761427261 0.008893980773795794 -0.03007275778921692 -0.019771059829077061 -0.014543353559951034 0.0074475030654310359 -0.022617331618819868 0.026073333448882581 -0.027082052957794749 0.017950638197671755 0.0063588462550598149 0.013542602794855137 0.010632750478851689 -0.012957177974933601 -0.028507911430600361 0.042650283080317285 0.01437538759852444 -0.047033050032515185
leaf_weight=7.4311384558677664 4.9021453261375418 5.2060333043336868 8.0309964418411273 47.686032637953758 6.5510752946138373 7.0429965257644653 24.53538915514946 52.063117235898972 14.53265096247196 44.799878060817719 52.019529402256012 4.9778698533773413 6.2656493037939072 10.16988882422447 8.0997297465801257 16.153296589851379 7.1984096169471723 8.4516498595476133 4.9822293370962161 4.980382561683653
leaf_count=31 21 22 34 199 28 30 103 226 61 194 232 21 26 43 34 71 30 36 21 22
internal_value=0.000331498 -0.00759732 -0.014195 0.00490223 0.00876842 -0.00686051 0.000187525 0.0104047 0.00146114 0.016111 -0.0168994 -0.023072 0.00645537 -0.00621171 0.0159376 -0.00219312 -0.0121338 0.02732 -0.00234797 -0.0316059
internal_weight=346.08 126.288 86.0838 219.793 165.633 54.1598 42.1364 159.082 62.2187 96.863 81.1817 56.9974 40.2037 34.7053 26.7396 24.1843 13.4641 16.5514 10.1883 12.0234
internal_count=1485 548 379 937 708 229 177 680 260 420 358 253 169 146 113 105 56 70 43 52
is_linear=0
shrinkage=0.03


Tree=34
num_leaves=20
num_cat=0
split_feature=0 0 215 108 39 170 211 43 25 24 222 47 135 213 62 108 195 137 43
split_gain=19.8029 16.5133 11.0705 14.4078 12.4378 11.6247 10.3556 10.2239 9.16885 5.90012 6.27803 5.63802 7.78578 6.45197 4.59612 7.45677 9.02865 1.69334 0.16109
threshold=20240265.000000004 20230527.500000004 0.92683701208056513 101724202.79500002 0.54375000000000007 1.3620779858600858 0.96131813815045219 39.180000000000007 22.875000000000004 56.465000000000011 0.87574621987886192 19.740000000000006 61.136208181818184 1.050662037853008 3.0150000000000001 32461276.150000002 -3.5650000000000008 31.015965309980796 32.064000000000014
decision_type=2 2 2 2 2 2 2 2 2 2 2 2 2 2 2 2 2 2 2
left_child=1 2 3 7 5 -4 -5 -1 -6 18 11 13 -13 -11 15 16 -3 -17 -2
right_child=9 14 4 6 8 -7 -8 -9 -10 10 -12 12 -14 -15 -16 17 -18 -19 -20
leaf_value=0.028806291255380645 0.027987109216195058 -0.019163450958969135 -0.010105027636104089 -0.020945332644055483 -0.021943762765368038 0.0092802909280985772 0.021986709823126508 -0.014032511593404878 0.0098953734190225639 0.032143635475950928 -0.020275166324431496 -0.009377607075390558 0.017894561561913779 0 -0.037966760006586386 -0.015501584667543157 0.032919832522727115 -0.041275823928840639 0.042263292751245657
leaf_weight=31.23297905921936 4.6156558692455274 7.4172348380088788 48.202883213758469 16.540650606155399 45.507208436727524 65.527966424822807 7.1176999211311331 5.8047719001770011 9.7048509418964368 20.057410016655925 5.3953770995140067 17.313241615891457 20.243406072258949 7.7122065126895896 11.866961389780043 4.3031994849443418 4.8712364435195958 7.1044694632291794 4.6911875009536743
leaf_count=128 23 35 198 68 193 269 29 24 41 96 22 74 93 34 61 20 20 35 22
internal_value=0.000322768 -0.00361598 -0.000652692 0.0103111 -0.00461319 0.00103614 -0.00786462 0.0219919 -0.0162853 0.0134008 0.0103545 0.0129572 0.00525118 0.0232151 -0.022611 -0.0146675 0.00133964 -0.0320332 0.0358748
internal_weight=345.231 265.202 229.639 60.6961 168.943 113.731 23.6584 37.0378 55.2121 80.0285 70.7216 65.3263 37.5566 27.7696 35.5631 23.6961 12.2885 11.4077 9.30684
internal_count=1485 1121 950 249 701 467 97 152 234 364 319 297 167 130 171 110 55 55 45
is_linear=0
shrinkage=0.03


Tree=35
num_leaves=20
num_cat=0
split_feature=0 228 53 0 24 51 204 211 120 85 40 108 142 25 210 28 27 1 124
split_gain=18.8172 14.2737 13.3319 12.2938 9.93903 9.18762 9.10351 9.06209 8.35486 7.73364 7.27566 7.23205 10.1528 6.61569 8.52326 6.57021 5.7426 5.12831 3.2669
threshold=20240621.500000004 1.1196364832375378 0.23390000000000002 20210766.000000004 72.675000000000026 3.8800000000000003 1.2699977324263041 1.2625988686227549 0.30190000000000006 0.37575691440000009 0.67380000000000007 170780542.56500003 243.83776044000004 17.025000000000002 0.8123288156281897 0.057950000000000008 0.48465000000000008 32.510000000000012 0.76070000000000004
decision_type=2 2 2 2 2 2 2 2 2 2 2 2 2 2 2 2 2 2 2
left_child=1 2 15 4 -4 13 -5 10 9 -7 11 18 -13 14 -3 -1 -12 -15 -2
right_child=7 5 3 6 -6 8 -8 -9 -10 -11 16 12 -14 17 -16 -17 -18 -19 -20
leaf_value=0.0021380232642375023 0.034211306100848368 0.033766134181152284 -0.0025844518635795488 -0.0064619243633114868 0.03191182789722475 -0.03661329115556379 -0.022430629742154057 -0.014538521606976922 0.026200846719115031 0.0095762480061411907 -0.022158345360172946 -0.025327607747113724 0.035613325715279857 0.036842914004323685 -0.013775973727109307 0.049516403829712452 0.016459430107649078 0.0015344561489973115 0.0060507694244867705
leaf_weight=5.4824345111846906 31.021398186683655 5.169907718896865 71.505546703934669 69.958002373576164 8.2923313677310926 8.4084755182266253 60.637092754244804 8.2895624339580518 4.905602201819419 5.0956943631172171 6.0381369888782483 5.4774713516235334 4.2955287247896194 17.507259905338291 9.3715030848979932 5.2496797740459442 7.8541401475667953 4.9269233942031851 4.5659529715776435
leaf_count=24 153 22 289 298 34 36 275 35 20 21 26 23 20 73 40 21 34 21 20
internal_value=0.000313579 -0.00314605 -0.00656569 -0.00824411 0.000998194 0.01044 -0.0139109 0.014505 -0.0067325 -0.0190212 0.0186364 0.0244435 0.00124333 0.019066 0.00303695 0.0258336 -0.000149393 0.0292629 0.0307094
internal_weight=344.053 276.51 221.125 210.393 79.7979 55.3854 130.595 67.5422 18.4098 13.5042 59.2526 45.3604 9.773 36.9756 14.5414 10.7321 13.8923 22.4342 35.5874
internal_count=1485 1174 941 896 323 233 573 311 77 57 276 216 43 156 62 45 60 94 173
is_linear=0
shrinkage=0.03


Tree=36
num_leaves=18
num_cat=0
split_feature=0 228 31 0 83 207 197 211 51 13 40 108 142 52 188 85 112
split_gain=17.8299 13.4884 12.8603 12.0112 10.3968 8.94439 8.62955 8.61117 7.90507 7.33641 6.98837 6.95348 9.63489 6.22169 5.44431 5.18671 3.63536
threshold=20240621.500000004 1.131391705656321 0.23525000000000004 20210766.000000004 1.1149769773480003 1.3560676350643692 0.89999999999999958 1.2625988686227549 3.8800000000000003 16.275000000000002 0.67380000000000007 170780542.56500003 243.83776044000004 -0.096999999999999989 0.25676677407304871 0.37575691440000009 1.4564500000000002
decision_type=2 2 2 2 2 2 2 2 2 2 2 2 2 2 2 2 2
left_child=1 2 13 4 -4 -5 8 10 9 -3 11 16 -13 -1 -12 -10 -2
right_child=7 6 3 5 -6 -7 -8 -9 15 -11 14 12 -14 -15 -16 -17 -18
leaf_value=-0.0019471909099343552 0.034203979971586952 -0.019506505090943194 -0.0038865217914017705 -0.0073769292363736211 0.024091477568929941 -0.023603860614637852 0.037628503759647762 -0.014076263548593208 -0.026808674256504402 0.021135055542721059 -0.013841318578499085 -0.024514485396619989 0.035036806414937671 0.041497247233341625 0.025417572486719324 0.0099826499212299479 0.0059960661731070283
leaf_weight=4.8036519587039948 29.989182069897652 4.6515386551618603 66.762625336647034 81.470802500844002 14.444062262773512 49.773790374398232 8.8349990397691709 8.307931572198866 8.9983079582452756 23.594987064599991 9.1486931741237623 5.4924601614475232 4.2377468943595886 7.1247180402278882 4.7421176433563224 5.33760742843151 5.1265012919902793
leaf_count=21 149 20 271 349 58 230 37 35 38 99 39 23 20 29 21 22 24
internal_value=0.000307969 -0.00305725 -0.00624187 -0.00795776 0.00107648 -0.013567 0.010767 0.0141799 0.00504838 0.0142913 0.0182446 0.0239931 0.00120898 0.0238817 -0.000138608 -0.0129283 0.0301998
internal_weight=342.842 275.797 224.38 212.451 81.2067 131.245 51.4174 67.0446 42.5824 28.2465 58.7367 44.8459 9.73021 11.9284 13.8908 14.3359 35.1157
internal_count=1485 1174 958 908 329 579 216 311 179 119 276 216 43 50 60 60 173
is_linear=0
shrinkage=0.03


Tree=37
num_leaves=21
num_cat=0
split_feature=0 1 223 178 223 222 211 99 155 27 0 197 187 187 198 96 223 67 47 47
split_gain=16.9029 12.8824 10.4377 10.5329 10.0831 8.69633 8.18553 7.98234 7.57772 7.09596 6.89499 6.79866 6.71306 6.02155 6.01503 5.8881 4.71969 4.42037 6.29026 2.89922
threshold=20240621.500000004 14.665000000000001 0.29248943671650535 -0.47530048274388548 0.18816196165823942 -0.21896788482834986 1.2625988686227549 1.6386101083440001 170.16924174681495 0.21785309584962287 20250730.500000004 -1.5749999999999991 0.12779287924502794 0.25981406301020132 1.1250000000000002 0.83699213595000022 0.30753350739612323 0.29299184590800004 28.440000000000005 31.170000000000005
decision_type=2 2 2 2 2 2 2 2 2 2 2 2 2 2 2 2 2 2 2 2
left_child=1 4 3 -3 9 -6 10 -5 16 -1 17 -11 15 -10 -7 -12 -4 -2 -19 -14
right_child=6 2 8 7 5 14 -8 -9 13 11 12 -13 19 -15 -16 -17 -18 18 -20 -21
leaf_value=0.02234489005596409 0.040569358121074026 0.027583456680698001 0.031916453389443288 -0.016494725176333783 0.046769596524755153 0.0042018793340525759 -0.013630845737158219 0.012135660530568929 0.0069860248238595712 -0.032115832509408845 0.013109577669850712 -0.0034523207972419752 0.0043778468197600414 -0.030766619968620464 0.028931978999750921 -0.031354270701283792 0.00056760336662165477 0.030303274960543105 0 0.038184820550531878
leaf_weight=6.9775407314300528 12.079198241233824 5.5279572159051886 10.839579880237581 112.12719199061394 5.9914118051528922 47.742684707045555 8.3250305354595167 9.3131428360939008 8.6420857906341535 9.6176230013370496 4.4586410224437731 33.390463918447495 4.775329262018202 6.5270629525184622 10.911890521645544 6.2299522310495377 7.4790775328874579 15.320296317338945 10.577337130904196 4.7714613676071167
leaf_count=29 61 23 44 496 25 197 35 38 35 41 20 143 22 27 45 27 31 76 48 22
internal_value=0.000301053 -0.00297286 -0.00846464 -0.0124003 0.00468882 0.0125184 0.0138657 -0.0142662 0.00636048 -0.00538203 0.0178661 -0.00999138 0.00352342 -0.00915702 0.00889505 -0.012579 0.0193529 0.0254002 0.0180808 0.0218061
internal_weight=341.625 275.088 160.456 126.968 114.632 64.646 66.5372 121.44 33.4878 49.9856 58.2122 43.0081 20.2354 15.1691 58.6546 10.6886 18.3187 37.9768 25.8976 9.54679
internal_count=1485 1174 694 557 480 267 311 534 137 213 276 184 91 62 242 47 75 185 124 44
is_linear=0
shrinkage=0.03


Tree=38
num_leaves=23
num_cat=0
split_feature=59 135 108 152 161 228 184 63 24 186 223 122 186 205 125 195 183 223 62 104 212 1
split_gain=11.9845 13.3675 10.5266 8.74123 8.67004 8.436 8.62205 11.8634 7.91078 7.70495 7.41506 15.8677 12.7291 6.97858 6.93502 8.52857 6.34496 6.45147 6.2994 5.83099 6.66103 5.79728
threshold=3.2346500000000007 73.248659759358304 32461276.150000002 2.9603754068178127 2.0331543886119019 1.1458873618493448 0.053268881816690657 3.8821030446500004 72.52500000000002 0.90202329822121918 0.24738134653877164 0.52915000000000012 -0.29863205410270627 5.0323837689368114 0.0020000000000000005 -5.1300000000000017 1.4104018521385464 0.14556414246013005 2.9450000000000007 -1.421891175749999 -0.29592394698404101 17.330000000000002
decision_type=2 2 2 2 2 2 2 2 2 2 2 2 2 2 2 2 2 2 2 2 2 2
left_child=2 5 13 4 9 6 7 -2 10 -4 11 -3 -12 14 21 -16 17 -5 -8 20 -7 -1
right_child=1 8 3 16 -6 19 18 -9 -10 -11 12 -13 -14 -15 15 -17 -18 -19 -20 -21 -22 -23
leaf_value=0.039114415513859677 0.043255818054128037 -0.028002741478983767 -0.015008563306947866 -0.021389785091133252 -0.043118803054654993 0.025811859249458689 -0.0098973218509234885 -0.0092602956166157671 0.031982234239760279 0.022909915875870962 -0.028603650836796057 0.016627200223408831 0.017537362714316884 -0.014955844080856489 -0.011851868905734553 0.021172838226336275 -0.024531029991476324 0.015244986267062622 -0.027384558030705192 0.031540626916914616 -0.016364081263642458 0.0065291848067089136
leaf_weight=19.374498739838604 4.7702209651470211 17.316532447934154 17.000278413295753 4.7103086560964575 6.6040694862604132 4.7565174698829678 35.759611070156097 18.701599165797234 8.7293874621391279 6.5852719694375983 6.2642066180706015 12.016094014048575 33.75585263967514 5.704124614596366 10.71784792840481 19.686376169323921 4.8389361053705207 39.178511559963226 40.481004849076271 5.8683528751134864 10.801076635718344 6.9471800029277793
leaf_count=82 20 81 72 21 28 20 157 82 37 28 27 53 150 25 45 87 21 167 178 26 46 32
internal_value=0.000297207 -0.00443307 0.00698388 -0.000263377 -0.0129603 -0.0106768 -0.0143534 0.00142361 0.00521644 -0.00424274 0.00176305 -0.00962381 0.010187 0.0161788 0.0193832 0.0094322 0.00755209 0.0112053 -0.0192454 0.0062815 -0.00319528 0.0306849
internal_weight=340.568 199.22 141.347 78.9174 30.1896 121.138 99.7124 23.4718 78.0821 23.5856 69.3527 29.3326 40.0201 62.43 56.7259 30.4042 48.7278 43.8888 76.2406 21.4259 15.5576 26.3217
internal_count=1485 877 608 337 128 529 437 102 348 100 311 134 177 271 246 132 209 188 335 92 66 114
is_linear=0
shrinkage=0.03


Tree=39
num_leaves=20
num_cat=0
split_feature=0 0 215 112 22 136 159 75 24 92 83 204 90 191 62 194 203 119 43
split_gain=15.8501 14.8893 10.0086 9.58654 9.33561 9.16773 7.45947 6.83609 5.6168 5.95226 6.71954 5.40451 6.21129 5.72179 4.39381 5.25027 5.12276 2.70925 0.169036
threshold=20240265.000000004 20230527.500000004 0.92683701208056513 -0.48994999999999994 24.675000000000004 67.323700000000017 44.565036894816608 1.6551318200520002 56.465000000000011 3.1216793533500007 1.6839915935840004 1.1866813742588074 1.0983695766500003 2.6874895773058722 3.0150000000000001 -3.359999999999999 0.99116279506982419 0.20110000000000003 32.064000000000014
decision_type=2 2 2 2 2 2 2 2 2 2 2 2 2 2 2 2 2 2 2
left_child=1 2 4 6 7 -5 -4 -1 18 11 -11 13 -13 -10 15 17 -17 -3 -2
right_child=8 14 3 5 -6 -7 -8 -9 9 10 -12 12 -14 -15 -16 16 -18 -19 -20
leaf_value=0.017862572815287015 0.026592531176277134 -0.010510706341749654 -0.020396910436371461 -0.003615400733603761 -0.027090325581255497 0.01796148140115307 0.01614030848321588 -0.013674217154260183 0.00062272468112859098 -0.03453043354935429 0.011599216189880445 0.01979851786484102 -0.0080201106873686295 0.030753755961318886 -0.036952146877413362 0.024795605697424391 -0.016324299021689071 -0.039938530035861605 0.041036938072579535
leaf_weight=47.805413395166397 4.4035525023937208 5.5120855867862684 40.360993921756744 99.946595132350922 5.3948917984962454 21.434177920222282 5.5743948072195044 6.918874278664588 8.1180199831724185 5.4004458636045438 5.6740976572036743 12.514185920357706 16.649961933493614 20.490300953388214 11.359198331832884 4.6860872656106967 6.2132195830345154 6.7551946043968201 4.5020537525415421
leaf_count=198 23 26 171 418 23 89 23 28 38 23 26 58 73 101 61 20 29 35 22
internal_value=0.000288604 -0.00323336 -0.000429549 -0.00421474 0.0100446 0.000181734 -0.0158724 0.0138029 0.0121821 0.00919249 -0.0107349 0.0130762 0.00384107 0.0223401 -0.021562 -0.0137604 0.00114689 -0.0271501 0.0346023
internal_weight=339.714 261.961 227.435 167.316 60.1192 121.381 45.9354 54.7243 77.7526 68.847 11.0745 57.7725 29.1641 28.6083 34.5258 23.1666 10.8993 12.2673 8.90561
internal_count=1485 1121 950 701 249 507 194 226 364 319 49 270 131 139 171 110 49 61 45
is_linear=0
shrinkage=0.03


Tree=40
num_leaves=17
num_cat=0
split_feature=0 43 0 213 228 194 16 211 154 0 69 187 67 69 18 93
split_gain=15.0405 12.0105 11.4465 10.4773 10.0806 8.83491 9.48312 7.817 7.31716 6.49674 6.28694 4.78679 4.26265 4.95688 4.21506 3.34867
threshold=20240621.500000004 4.8029999999999999 20210766.000000004 1.1469781827260526 1.1680725885034307 -6.2549999999999981 22.875000000000004 1.2625988686227549 40.791265968856187 20250730.500000004 0.4106140268000002 0.11909985216972131 0.29299184590800004 -0.21627060754999997 61.725000000000009 0.61993822165000012
decision_type=2 2 2 2 2 2 2 2 2 2 2 2 2 2 2 2
left_child=1 14 5 4 -4 8 -7 9 -3 12 11 -11 -2 -14 -1 -5
right_child=7 2 3 15 -6 6 -8 -9 -10 10 -12 -13 13 -15 -16 -17
leaf_value=0.0021260384923712529 0.039797081279954405 0.0047301873555725023 -0.0099711700360732656 -0.043407382919620562 0.013775764523803052 0.0031591130669008554 0.028844619870204573 -0.013696924470526586 -0.024319348050124572 -0.0038383526699078425 -0.020979971896784633 0.031282256129819198 0.032391039205769398 0.0054178203727127498 0.038166985478012644 -0.011569560555756512
leaf_weight=4.8084767609834662 11.656356588006018 15.059768423438074 122.09929144382477 9.9565458148717862 18.342237576842308 57.533555760979652 16.73737758398056 8.2918968647718412 15.731551811099051 6.337237015366556 6.3836877048015586 7.2804166674613953 11.117577955126761 14.352153047919275 8.1962300539016706 4.7653255164623252
leaf_count=20 61 61 544 46 78 236 68 35 64 28 28 35 54 70 35 22
internal_value=0.000280424 -0.0028051 -0.0042247 -0.00940487 -0.00684078 0.00339888 0.00901883 0.0131978 -0.010045 0.0171711 0.00319084 0.0148107 0.0245934 0.0173896 0.0251877 -0.0334518
internal_weight=338.65 273.23 260.226 155.163 140.442 105.062 74.2709 65.4193 30.7913 57.1274 20.0013 13.6177 37.1261 25.4697 13.0047 14.7219
internal_count=1485 1174 1119 690 622 429 304 311 125 276 91 63 185 124 55 68
is_linear=0
shrinkage=0.03


Tree=41
num_leaves=20
num_cat=0
split_feature=0 0 207 223 25 55 124 167 44 92 204 123 145 31 52 112 100 143 166
split_gain=14.2579 14.007 9.6297 11.1234 9.63587 9.86043 8.76169 6.86868 5.42844 6.71347 5.64656 6.66706 5.50054 4.40644 6.11034 3.97094 3.73922 3.40275 0.440151
threshold=20240265.000000004 20230527.500000004 1.3493160185726731 0.29422958195150883 23.025000000000002 20220371.500000004 0.74860000000000004 24.092562365546687 7.660000000000001 3.1216793533500007 1.1866813742588074 0.36535000000000006 1.1305845589414714 0.44420000000000004 0.13865000000000002 0.49000000000000005 0.76570779730000005 133.23073569000005 -44.240382306687998
decision_type=2 2 2 2 2 2 2 2 2 2 2 2 2 2 2 2 2 2 2
left_child=1 2 4 6 5 -1 -4 -5 -2 10 15 -12 -11 14 16 -10 -3 -6 -15
right_child=8 13 3 7 17 -7 -8 -9 9 12 11 -13 -14 18 -16 -17 -18 -19 -20
leaf_value=-0.0038170351278817719 0.039439764584775952 -0.0058526401263533081 -0.018387393968628329 0.022866419638899554 0.049473508441980625 0.013211825189464449 0.016805938219960685 -0.018225504377249156 0.03081982541108224 0.012025728905835115 -0.0055827532773747197 0.023993268211918738 -0.031012577082719976 -0.022493434118017526 0.0099718045883179854 0.0074495896871868278 -0.037644280313613186 0.013656088254760047 -0.039102050124995957
leaf_weight=87.20610149204731 5.8107182234525672 6.2935904115438479 56.996896788477898 13.575666159391405 5.1419245898723585 46.919282659888268 6.9982840716838828 4.8362990617752066 18.871950000524524 4.4981988370418531 20.752122163772587 10.064686238765715 6.1011947989463806 3.5498197674751273 7.1256792247295371 10.699515566229818 7.7540759295225143 5.1207789182662964 9.2771786302328092
leaf_count=359 30 30 251 56 21 193 29 20 95 21 93 47 26 19 32 52 39 21 51
internal_value=0.000274547 -0.00306261 -0.000353603 -0.00854257 0.00430203 0.002123 -0.0144718 0.0118705 0.0116353 0.00926486 0.0131536 0.00402602 -0.0125258 -0.0209907 -0.0122702 0.0225187 -0.0237552 0.0321954 -0.0349473
internal_weight=337.594 260.796 226.795 82.4071 144.388 134.125 63.9952 18.412 76.7984 70.9877 60.3883 30.8168 10.5994 34.0003 21.1733 29.5715 14.0477 10.2627 12.827
internal_count=1485 1121 950 356 594 552 280 76 364 334 287 140 47 171 101 147 69 42 70
is_linear=0
shrinkage=0.03


Tree=42
num_leaves=20
num_cat=0
split_feature=0 1 122 215 197 194 223 42 108 222 38 211 99 194 41 108 142 27 112
split_gain=13.56 11.313 9.10783 10.1209 10.2486 9.62845 8.83042 9.15519 8.92937 8.03307 7.50196 7.37691 7.29816 6.70628 6.33353 5.55321 6.49035 5.2513 3.38281
threshold=20240621.500000004 14.665000000000001 0.54585000000000006 0.85891528119339688 2.0999999999999992 -8.1400000000000059 0.18816196165823942 0.43887550200803221 13454734.770000001 -0.21896788482834986 0.4811457983193278 1.2625988686227549 0.17378535626000005 3.2700000000000036 0.65415000000000012 170780542.56500003 217.23025253062502 0.48465000000000008 1.4564500000000002
decision_type=2 2 2 2 2 2 2 2 2 2 2 2 2 2 2 2 2 2 2
left_child=1 6 3 5 -5 -3 7 -1 -9 -8 -4 14 -12 -11 15 18 -17 -16 -2
right_child=11 2 10 4 -6 -7 9 8 -10 13 12 -13 -14 -15 17 16 -18 -19 -20
leaf_value=0.024199014129058179 0.03233748356869412 -0.025428728566201052 -0.018785615571437111 -0.017790780934811675 0.01264566851886594 0.02126631168964542 0.045200723237546911 0.011360637842813664 -0.019392199975981166 0.0044827751212830978 0.042154304747148728 -0.013503927012589087 0.0041872514808086484 0.035237611086329668 -0.020242466292663006 -0.022153178182253621 0.027641458368086163 0.01584059607665543 0.0045959600618246223
leaf_weight=7.9749274104833594 27.661656513810158 5.3342657983303097 7.1114100366830852 99.465302512049675 10.874216899275778 14.418433412909506 5.8627988696098319 11.667772799730299 29.76896308362484 50.960721552371979 6.7189437299966839 8.272122845053671 14.45590418577194 7.2718690633773795 6.5654121488332731 4.7863253206014615 4.4345150589942932 7.8598241955041885 4.9579890221357337
leaf_count=34 146 25 32 440 46 62 25 49 130 211 28 35 61 31 29 20 22 35 24
internal_value=0.000267938 -0.00265831 -0.00784381 -0.0112065 -0.0147553 0.00844052 0.00455124 -0.00493076 -0.0106541 0.011904 0.00750103 0.0126271 0.016517 0.00842858 0.0165392 0.0224385 0.00151199 -0.000401785 0.0282396
internal_weight=336.423 271.886 158.378 130.092 110.34 19.7527 113.507 49.4117 41.4367 64.0954 28.2863 64.5378 21.1748 58.2326 56.2657 41.8405 9.22084 14.4252 32.6196
internal_count=1485 1174 694 573 486 87 480 213 179 267 121 311 89 242 276 212 42 64 170
is_linear=0
shrinkage=0.03


Tree=43
num_leaves=21
num_cat=0
split_feature=207 25 123 108 201 164 1 12 225 161 228 12 203 209 221 35 105 190 167 120
split_gain=10.5255 11.8673 10.7851 10.5138 12.4258 9.77453 9.38992 8.30365 7.48251 6.50029 6.03033 6.31373 5.68634 7.34736 5.51625 5.87048 6.98986 5.41252 4.86879 2.86509
threshold=1.3493160185726731 23.025000000000002 0.38025000000000003 20871211.605000004 -3.0000000000000004 -26.386564280473426 15.715000000000002 68.285000000000011 0.57916666666666672 1.3356046093693605 1.131391705656321 77.950000000000017 1.0988753760870331 1.3908634681102765 -0.058673593397720873 0.53515000000000013 -0.72835488412499994 -0.13365468010986389 3.0586120210312182 0.029250000000000002
decision_type=2 2 2 2 2 2 2 2 2 2 2 2 2 2 2 2 2 2 2 2
left_child=1 3 10 4 6 9 -1 -7 -6 -5 11 17 -12 -14 -4 -16 -17 -2 -13 -3
right_child=2 19 14 5 8 7 -8 -9 -10 -11 12 18 13 -15 15 16 -18 -19 -20 -21
leaf_value=0.0090765680561268412 -0.0055845210295948564 0.014874023865548092 -0.018486712403894216 -0.0063215213814486236 0.019825882879036832 -0.0064840564990934265 -0.030957709282416541 0.012860566019945329 -0.016023298016616033 -0.033936062959025695 0.030031675640896826 0.028814051568796777 -0.035316764080151851 0.014037099116074868 0.033403295858037599 -0.024913011532387709 0.015620011105420785 -0.024932638979112819 -0.013657501992981203 0.043800740258071333
leaf_weight=10.98244120180607 19.050232529640198 6.0937484055757505 5.7094958722591391 19.67699521780014 60.063060402870178 45.205398380756378 9.8471126109361631 35.513126224279404 5.5724171102046958 12.910735011100767 5.1766712665557852 4.5950283706188184 4.7865662127733213 5.9227206707000732 8.9267565160989779 5.3058990538120296 12.882011607289312 44.73015134036541 4.84718357026577 7.5355531573295593
leaf_count=46 89 27 26 86 268 198 45 157 23 55 22 20 20 26 38 23 58 204 22 32
internal_value=0.000263834 0.00428946 -0.00675478 0.00241773 0.0102991 -0.00357398 -0.00976367 0.00199511 0.0167169 -0.0174241 -0.0121797 -0.01582 0.00440581 -0.00786696 0.00787345 0.0135818 0.00355983 -0.0192184 0.00678214 0.0312885
internal_weight=335.333 213.401 121.933 199.771 86.465 113.306 20.8296 80.7185 65.6355 32.5877 89.1086 73.2226 15.886 10.7093 32.8242 27.1147 18.1879 63.7804 9.44221 13.6293
internal_count=1485 937 548 878 382 496 91 355 291 141 403 335 68 46 145 119 81 293 42 59
is_linear=0
shrinkage=0.03


Tree=44
num_leaves=19
num_cat=0
split_feature=0 0 216 112 53 228 9 51 24 20 59 136 118 201 53 139 110 43
split_gain=12.7103 13.0799 9.07724 10.7102 9.90818 9.65631 7.82976 10.0141 5.34061 5.54918 6.08347 8.35128 4.64252 3.84628 7.1811 1.87931 0.427624 0.165557
threshold=20240265.000000004 20230527.500000004 0.81238032609326349 -0.42629999999999996 0.23390000000000002 1.1122624569165678 -0.054999999999999993 3.5300000000000007 56.465000000000011 19.685000000000006 3.8159500000000004 46.440675000000006 0.49165000000000009 -1.4399999999999993 0.4298238787928445 1.9357500000000003 8156.045000000001 32.064000000000014
decision_type=2 2 2 2 2 2 2 2 2 2 2 2 2 2 2 2 2 2
left_child=1 2 6 5 -5 -4 7 -1 17 10 12 -12 -10 15 -15 -3 -17 -2
right_child=8 13 3 4 -6 -7 -8 -9 9 -11 11 -13 -14 14 -16 16 -18 -19
leaf_value=0.047095991828625047 0.025417449546194588 -0.011158270665591779 -0.018793715616651111 0.0399675717867971 0.00034216726396784828 0.012926198340018806 -0.011704661467700918 0.0029832436916155144 0.037140822904696807 -0.023495980351249283 -0.013713410225526116 0.016404322553079088 0.011614890907848072 0.009189264797790999 -0.031198107860760785 -0.039726993791425962 -0.023761313156807806 0.03991719477338955
leaf_weight=9.862013936042791 4.2080975472927076 4.2409718483686474 48.58769690990448 5.8358266800642005 135.66532954573631 10.309805944561957 6.3507822155952445 8.9706714451313001 9.9166168123483676 4.497140794992446 16.1802629083395 16.733396500349045 19.791819930076599 8.4879665076732618 7.1576803624629965 9.6208793669939023 3.8931407183408728 4.2903982400894165
leaf_count=41 23 20 208 24 570 43 27 37 51 19 70 81 98 39 39 52 21 22
internal_value=0.000255859 -0.00289503 -0.00028377 -0.00243278 0.00202467 -0.0131779 0.0166404 0.0263687 0.0110765 0.00815146 0.0105059 0.00151097 0.0203321 -0.020388 -0.0091777 -0.0299917 -0.0355563 0.0334655
internal_weight=334.6 258.983 225.582 200.399 141.501 58.8975 25.1835 18.8327 75.6177 67.1192 62.6221 32.9137 29.7084 33.4006 15.6456 17.755 13.514 8.4985
internal_count=1485 1121 950 845 594 251 105 78 364 319 300 151 149 171 78 93 73 45
is_linear=0
shrinkage=0.03


Tree=45
num_leaves=21
num_cat=0
split_feature=0 0 40 210 12 157 143 55 122 75 222 52 116 142 40 53 161 108 58 149
split_gain=12.0525 10.6335 10.8889 8.43367 7.97409 7.76148 9.64769 8.22735 10.8779 9.58896 5.60198 6.09554 5.53816 5.49515 5.48928 5.22464 5.04184 4.71337 4.32155 0.599452
threshold=20240621.500000004 20210766.000000004 0.38685000000000008 0.59302775161432253 77.725000000000009 36.910759006337464 65.108002310000003 20201116.500000004 0.56250000000000011 0.10395950696800001 0.87574621987886192 1.4110000000000003 0.088950000000000015 190.87625778131317 0.77610000000000012 0.63895000000000013 -18.67620199067612 166848132.36500004 27.401150000000005 0.52463833465962095
decision_type=2 2 2 2 2 2 2 2 2 2 2 2 2 2 2 2 2 2 2 2
left_child=1 5 3 18 -5 7 -7 8 -1 -9 11 14 19 -13 17 -14 -8 -2 -3 -4
right_child=10 2 12 4 -6 6 16 9 -10 -11 -12 13 15 -15 -16 -17 -18 -19 -20 -21
leaf_value=-0.011367233299990285 0.029522305716465427 0.042932569689229629 -0.043229921064409413 -0.0088203740424456032 0.015339049769781921 0.020135087842175443 -0.046856717423965293 -0.015377005474165163 0.031183408049382539 0.021491924363027597 -0.015780607473339182 -0.027984993717555359 0.0088284968336409513 0.015805476753525758 -0.0036764246817305524 -0.031499115388548306 -0.011146681505106828 0.0049395880978810374 0.0024017285257550273 -0.025794868852357756
leaf_weight=26.555815070867538 30.540276363492012 4.7338214218616468 9.5751149952411669 111.44743247330189 13.647116884589193 6.6785382926464107 5.1036573201417967 7.2141893208026877 6.6697488725185385 45.14399728178978 5.7496487498283377 5.0837143361568433 6.1302022337913495 4.964082345366478 7.5941954255104056 5.1922963559627533 12.666664645075794 9.5656847506761533 4.9929008334875107 4.2538723945617667
leaf_count=109 165 20 47 499 59 28 21 30 27 186 24 22 29 22 34 24 52 44 23 20
internal_value=0.000250399 -0.00250701 -0.00744988 -0.00403392 -0.00615061 0.00465226 -0.0101693 0.00892831 -0.00266759 0.0163351 0.0120082 0.0148493 -0.0255534 -0.00611226 0.0193311 -0.00951625 -0.0217753 0.0237606 0.0226688 -0.0383059
internal_weight=333.503 270.005 159.973 134.821 125.095 110.033 24.4489 85.5838 33.2256 52.3582 63.4976 57.748 25.1515 10.0478 47.7002 11.3225 17.7703 40.106 9.72672 13.829
internal_count=1485 1174 721 601 558 453 101 352 136 216 311 287 120 44 243 53 73 209 43 67
is_linear=0
shrinkage=0.03


Tree=46
num_leaves=17
num_cat=0
split_feature=43 223 117 213 194 92 155 179 34 225 200 26 38 18 181 191
split_gain=10.3822 10.7331 12.7877 10.9932 12.3158 9.74788 9.22188 7.58184 9.59779 7.42946 6.89308 6.23393 5.49951 4.16913 3.73385 0.585413
threshold=4.8029999999999999 0.26226958382158033 -0.030849999999999995 1.1326553016021228 -2.3650000000000015 2.9835770653000004 140.83304301704828 -2.8666450296867656 0.46216355932203396 0.56250000000000011 -4.8749999999999991 13.815000000000003 0.52300420168067241 61.400000000000013 0.035451342608838206 3.0439264359154237
decision_type=2 2 2 2 2 2 2 2 2 2 2 2 2 2 2 2
left_child=13 2 7 4 -4 6 10 8 -2 -8 -3 -7 -9 -1 -5 -15
right_child=1 5 3 14 -6 11 9 12 -10 -11 -12 -13 -14 15 -16 -17
leaf_value=0.002598058771199202 0.029320066472925014 -0.0067411361024441339 -0.004027812071458135 -0.0029181168357138416 0.016134273652130604 0.00522798074911457 0.0044692882376222032 -0.02403432670238741 -0.016856157647798138 -0.027924296055917067 0.020236186030879583 -0.038483335721249713 -0.0012075557396602776 0.02681701618859865 -0.039651801512259131 0.0464217489300328
leaf_weight=4.9644884169101706 7.1508392840623882 9.816480487585066 71.186795398592949 4.0327594578266126 43.923810377717018 5.0090962052345258 29.66024275124073 48.545894905924797 9.0327910780906659 7.9867075830698004 55.99925135076046 6.5807339996099472 12.166219830512999 4.4522893875837308 7.3886559307575226 4.5855972319841385
leaf_count=22 31 42 319 19 191 22 129 218 41 33 262 28 53 20 35 20
internal_value=0.000242867 -0.000863132 -0.00501243 0.000830468 0.00364691 0.00644529 0.0093912 -0.0146545 0.00341762 -0.00237923 0.0161629 -0.0194517 -0.0195189 0.025439 -0.0270799 0.0374914
internal_weight=332.483 318.48 203.428 126.532 115.111 115.053 103.463 76.8957 16.1836 37.647 65.8157 11.5898 60.7121 14.0024 11.4214 9.03789
internal_count=1485 1423 907 564 510 516 466 343 72 162 304 50 271 62 54 40
is_linear=0
shrinkage=0.03


Tree=47
num_leaves=20
num_cat=0
split_feature=59 136 188 108 13 197 152 161 162 54 217 165 124 184 62 20 139 105 151
split_gain=9.70684 9.5284 8.92087 8.7358 8.64798 9.17907 7.7578 7.94943 7.60735 6.9987 6.86388 7.04722 6.55353 6.47402 6.24661 6.101 7.37932 5.24461 4.95832
threshold=3.2346500000000007 45.925750000000008 -1.4905119065508932 32461276.150000002 18.375000000000004 -1.3500000000000003 2.9603754068178127 2.0331543886119019 0.20558569088552978 332.50000000000006 -0.10135956682571161 67.260812327448193 1.0000000180025095e-35 0.12072786491043987 2.2750000000000004 19.940000000000001 1.2786750000000002 -0.66575013047499987 6.6434467032092632
decision_type=2 2 2 2 2 2 2 2 2 2 2 2 2 2 2 2 2 2 2
left_child=3 8 -3 10 17 -6 7 9 13 -5 -1 12 -12 14 -2 16 -8 -4 -15
right_child=1 2 4 6 5 -7 15 -9 -10 -11 11 -13 -14 18 -16 -17 -18 -19 -20
leaf_value=-0.015038484087100491 0.029103859552835166 -0.029444571603204264 -0.034613520068591294 0.018058213656935589 -0.006717256461080099 0.0183747853295161 0.043487491456114601 -0.041606438057568092 0.024042307742662146 -0.01622129931435622 0.035201498091851434 -0.0067404798783369212 0.012189342311425487 -0.020546798762637458 -0.0071311878006590371 -0.020870194082004297 0.0061827208932621735 -0.0015477125218404826 0.0015139583674481476
leaf_weight=6.0349468141794196 5.3074944764375713 7.0005420893430701 5.8444025218486813 8.168833673000341 18.154283925890923 45.481582403182983 5.4701031297445288 6.4564665555953971 5.2933544665575019 14.985180482268332 21.123927757143974 8.3665104210376722 24.973388269543648 59.256716728210449 20.430773600935936 5.954656094312667 36.227058082818985 16.594092935323715 10.533687889575956
leaf_count=28 24 32 28 36 81 207 24 28 23 64 94 37 112 265 92 26 159 78 47
internal_value=0.000235482 -0.00408041 0.00281477 0.00633035 0.00550441 0.0111701 -0.000319329 -0.012392 -0.010472 -0.00397268 0.0148586 0.0182479 0.0228529 -0.012439 0.000308463 0.00712995 0.0112407 -0.0104086 -0.0171768
internal_weight=331.658 193.897 93.0749 137.761 86.0744 63.6359 77.2623 29.6105 100.822 23.154 60.4988 54.4638 46.0973 95.5287 25.7383 47.6518 41.6972 22.4385 69.7904
internal_count=1485 877 426 608 394 288 337 128 451 100 271 243 206 428 116 209 183 106 312
is_linear=0
shrinkage=0.03


Tree=48
num_leaves=19
num_cat=0
split_feature=0 0 122 37 136 38 197 24 20 106 92 156 53 31 52 100 166 43
split_gain=10.9851 12.1536 8.54342 9.49686 13.6346 8.56301 7.79196 5.1611 5.12656 5.64085 7.14182 4.42118 4.28397 4.06579 5.68135 3.50943 0.484582 0.185332
threshold=20240265.000000004 20230527.500000004 0.56250000000000011 0.11659270833333339 72.412750000000003 0.4811457983193278 -1.7999999999999987 56.465000000000011 19.685000000000006 26.050000000000004 2.7553784491000006 10.739526176802139 0.66225000000000012 0.44420000000000004 0.13865000000000002 0.76570779730000005 -44.240382306687998 32.064000000000014
decision_type=2 2 2 2 2 2 2 2 2 2 2 2 2 2 2 2 2 2
left_child=1 2 3 6 -5 -4 -1 17 9 12 -11 -7 -9 14 15 -3 -15 -2
right_child=7 13 5 4 -6 11 -8 8 -10 10 -12 -13 -14 16 -16 -17 -18 -19
leaf_value=-0.0072128040232146036 0.02450845921657804 -0.0052789765750230928 -0.01439880182493869 -0.015630997334258549 0.01650329316057696 0.036737893713631446 0.008878282829790184 0.02754971836416284 -0.022940732428058799 0.0076295637017588479 -0.030450473751105867 0.0025183448400920268 -0.0020620133957816741 -0.020693343718592782 0.010139942813318967 -0.036540206652776193 -0.038038097219465029 0.039377914868996826
leaf_weight=41.483012303709984 4.0729215145111066 6.1815861463546771 5.7156301289796856 68.100109279155731 14.219957470893858 12.623423978686334 76.999930560588837 19.201737061142925 4.4807206839323035 31.818186163902283 5.0350089967250815 4.922012895345687 5.438802942633628 3.3649071604013434 7.0377697646617881 7.4165367931127548 8.7071949094533903 4.1595707833766937
leaf_count=176 23 30 25 294 60 52 322 100 19 153 22 21 25 19 32 39 51 22
internal_value=0.000227988 -0.00270147 -0.000190858 -0.00220069 -0.0100304 0.0169659 0.00321787 0.0103949 0.00751288 0.00981422 0.00227743 0.027377 0.0209105 -0.0197558 -0.0113542 -0.0226904 -0.0336597 0.0327639
internal_weight=330.979 256.772 224.064 200.803 82.3201 23.2611 118.483 74.2069 65.9745 61.4937 36.8532 17.5454 24.6405 32.708 20.6359 13.5981 12.0721 8.23249
internal_count=1485 1121 950 852 354 98 498 364 319 300 175 73 125 171 101 69 70 45
is_linear=0
shrinkage=0.03


Tree=49
num_leaves=19
num_cat=0
split_feature=0 0 216 112 31 208 9 51 44 76 135 1 224 31 108 24 39 167
split_gain=10.4022 11.5941 8.43577 9.72302 9.87333 7.49189 7.33993 9.20521 5.05271 5.95057 4.92882 7.43202 6.80733 3.96977 5.4986 6.53267 2.82499 0.463098
threshold=20240265.000000004 20230527.500000004 0.81238032609326349 -0.42629999999999996 0.22905000000000003 0.6254297058064987 -0.054999999999999993 3.5300000000000007 7.660000000000001 8.2148693073000025 58.492417857142861 35.420000000000009 0.084000049916640271 0.44420000000000004 32461276.150000002 62.32500000000001 0.33780000000000004 -45.722491817541645
decision_type=2 2 2 2 2 2 2 2 2 2 2 2 2 2 2 2 2 2
left_child=1 2 6 5 -5 -4 7 -1 -2 10 11 -10 -12 14 15 -3 -16 -15
right_child=8 13 3 4 -6 -7 -8 -9 9 -11 12 -13 -14 17 16 -17 -18 -19
leaf_value=0.045826275327561082 0.038056491122699897 -0.01725812077085874 0.02069070988489528 0.042037400978259351 0.00039107406292271922 -0.016025656379170472 -0.011307428876307804 0.0032848377665741254 0.012617595537868778 -0.018407287058125745 0.037024370385303013 -0.021617117986647862 0.0089240064060536247 -0.020519813305607013 -0.0054168105815182877 0.030403712087845983 -0.038730485184614707 -0.037659779089962903
leaf_weight=9.6884313523769432 5.3702821284532538 5.5322636216878909 5.3689244687557212 5.2323124557733527 135.39414644241333 52.904160365462303 6.3024491369724265 8.9358546882867795 15.968824267387392 6.8085441440343848 11.405724450945852 8.7455866783857328 25.449239879846573 3.3529595881700507 3.9561524093151075 4.6517275124788284 6.376544788479805 8.5018858611583692
leaf_count=41 30 27 22 22 572 229 27 37 78 31 62 37 126 19 19 20 35 51
internal_value=0.000220954 -0.00262825 -0.000184312 -0.00226194 0.0019907 -0.0125618 0.0162168 0.0257018 0.0101497 0.00786181 0.0108405 0.000343906 0.0177782 -0.0193814 -0.0110854 0.00430454 -0.0264372 -0.0332751
internal_weight=329.946 256.198 223.826 198.9 140.626 58.2731 24.9267 18.6243 73.7482 68.3779 61.5694 24.7144 36.855 32.3715 20.5167 10.184 10.3327 11.8548
internal_count=1485 1121 950 845 594 251 105 78 364 334 303 115 188 171 101 47 54 70
is_linear=0
shrinkage=0.03


Tree=50
num_leaves=16
num_cat=0
split_feature=43 223 116 227 168 164 194 28 192 33 215 50 172 18 170
split_gain=9.45391 9.59482 10.1249 9.99665 9.37725 8.89274 8.65027 9.35591 8.53911 7.58944 7.36059 8.71089 6.04381 3.92407 0.450794
threshold=4.8029999999999999 0.28097687520889231 -0.12694999999999998 0.20764871907455398 5.1638342554358667 -466.02556058373017 -2.3650000000000015 3.311680290913563 0.060004942432139989 -0.26936780270347999 1.2802379642774853 36.090000000000011 0.21428581491167645 61.400000000000013 1.3620779858600858
decision_type=2 2 2 2 2 2 2 2 2 2 2 2 2 2 2
left_child=13 2 5 10 -5 -2 8 -8 -4 -7 11 -3 -6 -1 -15
right_child=1 3 6 4 12 9 7 -9 -10 -11 -12 -13 -14 14 -16
leaf_value=0.0022607942161111359 0.031272545396274776 0.026766995100053297 -0.020671994211045333 -0.037835656242706565 0.014303717072569933 0.023053072182255253 0.015413977425388784 -0.01789296006568674 0.00054365062919362332 -0.016184639256431346 -0.017729817004513801 -0.0019071299889350103 -0.019857030829303991 0.026242733757261126 0.044496990259588053
leaf_weight=4.91677202284336 3.9598881453275672 35.867755249142647 22.816566377878189 6.4997390806674984 14.175866678357126 4.549479827284812 47.597442761063576 8.8624502271413785 65.960106521844864 80.087407365441322 5.2272315472364417 12.698758542537687 6.7874635905027381 4.2828068137168867 4.5436706244945526
leaf_count=22 17 162 105 28 67 21 210 42 300 364 22 55 30 20 20
internal_value=0.000215769 -0.000840808 -0.00393544 0.00802166 -0.00661291 -0.0119244 0.00092217 0.0101104 -0.00489237 -0.0140154 0.0155471 0.0192194 0.00305903 0.0244876 0.0363689
internal_weight=328.833 315.09 233.833 81.2568 27.4631 88.5968 145.237 56.4599 88.7767 84.6369 53.7937 48.5665 20.9633 13.7432 8.82648
internal_count=1485 1423 1059 364 125 402 657 252 405 385 239 217 97 62 40
is_linear=0
shrinkage=0.03


Tree=51
num_leaves=19
num_cat=0
split_feature=0 0 122 37 136 38 175 60 24 222 52 142 223 62 108 195 64 43
split_gain=9.76804 10.9902 8.05871 8.46275 12.7535 7.93644 7.89099 5.79687 4.92118 5.20429 4.45345 6.16381 5.11702 4.22456 6.69527 7.23011 1.81834 0.212743
threshold=20240265.000000004 20230527.500000004 0.56250000000000011 0.11659270833333339 72.412750000000003 0.4811457983193278 0.70258321347248265 6.7135500000000006 56.465000000000011 0.87574621987886192 1.4110000000000003 190.87625778131317 0.30100528786915554 3.0150000000000001 32461276.150000002 -3.5650000000000008 4.1371586143500005 32.064000000000014
decision_type=2 2 2 2 2 2 2 2 2 2 2 2 2 2 2 2 2 2
left_child=1 2 3 6 -5 -4 -1 -7 17 10 12 -12 -10 14 15 -3 -16 -2
right_child=8 13 5 4 -6 7 -8 -9 9 -11 11 -13 -14 -15 16 -17 -18 -19
leaf_value=0.0058779592179364158 0.023533676660425492 -0.015282834038573001 -0.013754835095522744 -0.014991006074937337 0.016123061687664614 0.040239491501621961 -0.017878412945748944 0.0042493814487044789 0.007836014521819791 -0.021200573804575976 -0.033438155463033269 0.014567821702377961 0.030781872894810484 -0.034966826157069329 -0.03888277108855627 0.03256689652602162 -0.01123208725959941 0.038855519141099956
leaf_weight=103.82435777783394 3.9579226821660978 6.7399469017982501 5.684564262628558 67.712434366345406 14.195807695388792 10.700073033571245 14.178346067667006 6.7829573303461066 39.091789677739143 5.2295330911874762 4.6605899035930616 4.6864822208881378 11.463168814778326 10.213228106498716 6.3019217401742917 4.7310820370912587 3.9223311543464661 4.0493708103895187
leaf_count=436 23 35 25 294 60 44 62 29 194 22 20 21 62 61 35 20 20 22
internal_value=0.000210748 -0.00255265 -0.00018023 -0.00213736 -0.00954885 0.0165153 0.00298544 0.0265505 0.0098762 0.00706096 0.00960945 -0.0091517 0.0131486 -0.0189926 -0.011209 0.00430382 -0.0287773 0.0320358
internal_weight=328.126 254.987 223.079 199.911 81.9082 23.1676 118.003 17.483 73.1389 65.1316 59.902 9.34707 50.555 31.9085 21.6953 11.471 10.2243 8.00729
internal_count=1485 1121 950 852 354 98 498 73 364 319 297 41 256 171 110 55 55 45
is_linear=0
shrinkage=0.03


Tree=52
num_leaves=21
num_cat=0
split_feature=0 0 36 51 168 223 67 0 134 157 211 40 12 124 27 134 27 50 47 36
split_gain=9.29221 9.16366 11.0728 8.4742 9.47552 8.69459 7.11342 6.93674 10.4219 8.31085 6.65814 6.46781 5.99122 5.49665 5.36271 8.6238 5.20861 5.08854 4.57475 3.58135
threshold=20240621.500000004 20210766.000000004 0.30840000000000006 3.9650000000000003 -4.5885048613409838 0.28097687520889231 0.12111153655200001 20210302.500000004 14.500000000000002 37.593186568380453 1.1824744516068992 0.65415000000000012 69.825000000000003 0.80340000000000011 0.54044772537562535 17.500000000000004 0.46712066591328538 19.270000000000003 43.265000000000008 -0.082649999999999987
decision_type=2 2 2 2 2 2 2 2 2 2 2 2 2 2 2 2 2 2 2 2
left_child=1 6 3 5 -5 -3 12 8 -8 -9 11 13 -1 19 15 -4 -13 -12 -16 -2
right_child=10 2 14 4 -6 -7 7 9 -10 -11 17 16 -14 -15 18 -17 -18 -19 -20 -21
leaf_value=-0.034135156797821663 0.010100857437685793 0.0015423100533196205 -0.025650179725093588 0.022726962485645021 -0.021473234594921727 0.040013128325458988 0.011733593941104136 0.025954921191905924 -0.012496267837780536 -0.016455221203761066 -0.027339840430528773 -0.023372817162551157 0.0066574497254698875 -0.0077186684868248796 -0.034341264833053074 0.008066767980251013 0.014717703287945553 0.010460976448232417 -0.0064144541173626838 0.033195168376001095
leaf_weight=7.2902913689613325 8.9864249974489194 65.199788898229599 12.909292712807657 5.0983412116766003 25.894648656249046 5.6773506999015799 38.753329917788506 25.56409248709679 26.984226614236832 4.8009869307279578 6.3607749342918378 5.7975999712944013 5.5354911834001541 4.6065936684608451 20.393848866224292 14.105698600411413 6.9980387687683105 6.1384957134723663 7.564083367586135 22.446060657501224
leaf_count=31 48 291 62 22 124 25 159 108 112 20 28 26 23 21 100 62 32 28 35 128
internal_value=0.000204956 -0.00221557 -0.00686368 -0.000972484 -0.0140561 0.00471817 0.00444975 0.00727527 0.00173818 0.019119 0.0107289 0.0157454 -0.016382 0.0222439 -0.0177046 -0.00796964 -0.00235558 -0.00860175 -0.0269423 0.0267407
internal_weight=327.105 265.771 156.843 101.87 30.993 70.8771 108.928 96.1026 65.7376 30.3651 61.334 48.8347 12.8258 36.0391 54.9729 27.015 12.7956 12.4993 27.9579 31.4325
internal_count=1485 1174 721 462 146 316 453 399 271 128 311 255 54 197 259 124 58 56 135 176
is_linear=0
shrinkage=0.03


Tree=53
num_leaves=15
num_cat=0
split_feature=43 0 24 228 228 194 174 40 211 186 40 50 18 191
split_gain=8.86924 9.62967 8.80352 10.0118 10.8354 8.24216 8.1842 8.94368 6.72127 6.05676 7.65917 5.67858 3.73667 0.580448
threshold=4.8029999999999999 20240621.500000004 71.685000000000016 1.131391705656321 0.93675662205644017 -2.4399999999999973 1.5099548332249459 0.59880000000000011 1.1824744516068992 0.99034807355388732 0.65415000000000012 19.270000000000003 61.400000000000013 3.0439264359154237
decision_type=2 2 2 2 2 2 2 2 2 2 2 2 2 2
left_child=12 2 3 4 -2 -5 7 -4 9 10 -3 -10 -1 -14
right_child=1 8 6 5 -6 -7 -8 -9 11 -11 -12 -13 13 -15
leaf_value=0.0021285168628297877 -0.0032926557079860212 0.018094507203235407 0.031703988317741065 -0.0019919685430095273 -0.01890841297873452 0.025333244641490466 -0.023198276007273682 -0.010744677235541369 -0.030324537324012926 0.039123848501539361 -0.011494698584509034 0.010179552520001946 0.024924056050001062 0.044570892072659088
leaf_weight=4.890546813607215 122.96025836467743 29.240658789873123 16.418122887611396 27.816687494516373 59.662554800510406 15.194578588008879 4.563627451658248 5.9393135756254187 6.0194705724716169 7.8569123744964591 10.552926331758497 6.1219731569290161 4.3027760684490186 4.3849475383758545
leaf_count=22 545 159 71 119 270 68 20 26 26 44 47 28 20 20
internal_value=0.000199475 -0.00082645 -0.00339889 -0.00534416 -0.00841827 0.00762799 0.0127534 0.0202962 0.00997671 0.0150733 0.0101634 -0.00974013 0.0238521 0.0355761
internal_weight=325.925 312.347 252.555 225.634 182.623 43.0113 26.9211 22.3574 59.7919 47.6505 39.7936 12.1414 13.5783 8.68772
internal_count=1485 1423 1119 1002 815 187 117 97 304 250 206 54 62 40
is_linear=0
shrinkage=0.03


Tree=54
num_leaves=22
num_cat=0
split_feature=207 25 123 54 139 33 197 46 219 223 176 21 116 42 138 62 62 204 119 212 120
split_gain=8.50147 10.7212 9.35038 8.77773 10.7785 8.67344 8.38616 8.15059 7.14214 7.07158 7.10678 6.48674 8.72016 5.54046 5.53373 5.13051 7.37727 4.90661 3.50488 3.47106 2.59378
threshold=1.3493160185726731 23.025000000000002 0.38025000000000003 331.50000000000006 2.7548750000000006 0.32760000000000006 -1.0499999999999978 47.965000000000011 -0.047849924657461344 0.29589536095091235 -0.076862888801575296 64.185000000000016 0.25000000000000006 0.45691566265060246 2.6456297619047624 3.7350000000000008 5.0250000000000012 0.94969551830311338 0.29445000000000005 0.4265000000000001 0.029250000000000002
decision_type=2 2 2 2 2 2 2 2 2 2 2 2 2 2 2 2 2 2 2 2 2
left_child=1 3 9 5 8 6 -1 -6 -5 11 -11 12 -2 -13 -4 19 -17 -7 -12 -16 -3
right_child=2 20 14 4 7 17 -8 -9 -10 10 18 13 -14 -15 15 16 -18 -19 -20 -21 -22
leaf_value=-0.00011205728600100099 -0.015914953137248271 0.014001628433473995 0.040790005510906287 -0.014757772884859728 -0.014498308030889926 0.003622103176613939 0.023165576755631211 0.016556139722767316 0.012839693303905941 -0.017550120188354921 0.041157347229933972 0 0.023099191872740225 -0.026586658158041569 0.0027374461840404536 0.041758340514714776 0 -0.035604658340625227 0.0047338320323606188 -0.03438295735953624 0.041982663942410847
leaf_weight=21.211685627698898 14.488474354147913 5.9116256386041623 3.8766416013240841 10.349053174257277 60.67961098253727 6.3203104585409147 39.092242494225502 8.5235976278781873 42.446695655584335 6.5922280102968243 4.6231476813554746 8.6225020587444288 7.8557059168815604 38.930739283561707 4.2233246117830294 5.1718556433916119 14.10716590285301 4.9570605009794235 5.2743697911500931 4.444725826382637 7.3231868296861649
leaf_count=97 71 27 17 47 267 30 187 39 188 29 20 40 36 184 20 24 64 23 23 20 32
internal_value=0.00019553 0.00387209 -0.00620925 0.00206204 -0.00281203 0.0104033 0.0149415 -0.0106117 0.00735563 -0.0113409 0.00617153 -0.0155181 -0.002023 -0.0217787 0.00761889 0.00278161 0.0114785 -0.0135181 0.0222889 -0.0161297 0.029908
internal_weight=325.026 206.815 118.211 193.58 121.999 71.5813 60.3039 69.2032 52.7957 86.3872 16.4897 69.8974 22.3442 47.5532 31.8237 27.9471 19.279 11.2774 9.89752 8.66805 13.2348
internal_count=1485 937 548 878 541 337 284 306 235 403 72 331 107 224 145 128 88 53 43 40 59
is_linear=0
shrinkage=0.03


Tree=55
num_leaves=16
num_cat=0
split_feature=43 0 122 38 223 152 138 211 53 124 50 60 18 191 191
split_gain=8.27921 8.9128 8.47344 8.38095 7.85108 10.0985 8.40209 6.33377 6.09424 8.6018 5.30389 4.73994 3.58803 2.59463 0.574022
threshold=4.8029999999999999 20240621.500000004 0.56250000000000011 0.4811457983193278 0.29373562689032412 12.138606581808272 4.1907035714285721 1.1824744516068992 0.53820000000000012 0.7854000000000001 19.270000000000003 6.7135500000000006 61.400000000000013 3.4709785791533707 3.0439264359154237
decision_type=2 2 2 2 2 2 2 2 2 2 2 2 2 2 2
left_child=12 2 4 -4 5 -2 -6 8 9 -3 -9 -5 -1 -10 -14
right_child=1 7 3 11 6 -7 -8 10 13 -11 -12 -13 14 -15 -16
leaf_value=0.00187533783345912 -0.010246627985047566 0.012982901540320455 -0.015785836098086217 0.036816366210932504 0.023162647017481115 0.0099326262458456927 -0.0053491637839738863 -0.029353707685333803 0.013063651124596695 -0.031696476744777567 0.009837382181086464 0.004131814791445412 0.024161430266025751 0.036838769800283791 0.043746795183777144
leaf_weight=4.8786253333091727 165.18088820576668 23.646123453974727 6.1761629283428219 10.686305224895479 16.817040100693703 25.574815213680267 20.326568990945816 6.0222330689430219 7.4061340242624309 4.5130280107259741 6.0837840735912323 6.7379699796438208 4.257120266556738 11.518447220325468 4.3150627315044403
leaf_count=22 746 127 29 45 71 112 87 26 39 20 28 29 20 64 20
internal_value=0.000192257 -0.000799313 -0.00327379 0.0137673 -0.00505692 -0.00752167 0.00750675 0.00965202 0.0146479 0.00562922 -0.00949351 0.0244441 0.023154 0.0278096 0.034757
internal_weight=324.14 310.69 251.5 23.6004 227.899 190.756 37.1436 59.1897 47.0837 28.1592 12.106 17.4243 13.4508 18.9246 8.57218
internal_count=1485 1423 1119 103 1016 858 158 304 250 147 54 74 62 103 40
is_linear=0
shrinkage=0.03


Tree=56
num_leaves=20
num_cat=0
split_feature=213 54 46 117 223 204 197 157 14 179 39 223 179 215 79 31 46 223 96
split_gain=8.1102 9.26684 11.6536 10.3514 10.7901 9.49781 9.00211 10.4046 8.91874 6.64119 6.51189 6.17857 8.34681 5.55711 5.42992 5.34311 4.97655 4.79015 1.74038
threshold=1.1537826531444157 331.50000000000006 14.680000000000001 0.060000000000000005 0.23024714747249095 1.280990743267354 -1.0499999999999978 22.269273720774756 17.440000000000001 4.1242988812201391 0.68915000000000004 0.30100528786915554 -2.7226653535204268 1.182903100775194 6.9156167873500012 0.48350000000000004 48.652000000000008 0.21186953112037263 1.2336900551500001
decision_type=2 2 2 2 2 2 2 2 2 2 2 2 2 2 2 2 2 2 2
left_child=1 5 9 4 -4 6 7 -1 -5 13 14 12 -7 -3 -2 -8 -13 -11 -16
right_child=10 2 3 8 -6 11 15 -9 -10 17 -12 16 -14 -15 18 -17 -18 -19 -20
leaf_value=-0.025316360349104214 0.00036419572329300675 -0.0001381313192515906 -0.028794941774955646 -0.0075623512724723972 -0.0033493893714831324 0.02833780538067129 0.03410633918860842 0.018590962181068604 0.021415407532861846 0.0061775163796585564 0.013573084876021975 0.035511299990020229 -0.012262933987598822 0.02799698659053387 -0.041558210200446546 0.012437646507162014 -0.0027875232839523092 0.047849436155624522 -0.016758611379053667
leaf_weight=8.5495459139347094 5.5507126152515474 64.197017043828964 32.945711985230446 28.594213053584099 28.054626598954201 5.117306023836135 22.327405415475368 10.969159826636313 14.202680170536039 4.9679073244333249 5.0092805474996558 6.3818826675415021 34.569987706840038 6.8835619837045661 9.5653923004865629 20.245472334325314 5.4932570904493332 5.3444787710905075 4.3879073411226264
leaf_count=38 26 286 160 129 125 24 103 51 64 21 23 31 159 30 45 101 25 23 21
internal_value=0.000190097 0.00156206 -0.00256402 -0.00923555 -0.017166 0.00830791 0.0162044 -0.000519335 0.00201185 0.00590799 -0.0163522 -0.00115597 -0.00689438 0.00257988 -0.024221 0.0239254 0.017669 0.0283146 -0.0341477
internal_weight=323.358 298.844 185.19 103.797 61.0003 113.654 62.0916 19.5187 42.7969 81.393 24.5133 51.5624 39.6873 71.0806 19.504 42.5729 11.8751 10.3124 13.9533
internal_count=1485 1370 838 478 285 532 293 89 193 360 115 239 183 316 92 204 56 44 66
is_linear=0
shrinkage=0.03


Tree=57
num_leaves=16
num_cat=0
split_feature=43 170 159 163 119 22 192 99 174 212 170 18 23 199 191
split_gain=7.76258 8.71205 10.1883 8.66833 8.6233 9.06324 7.81578 7.80325 6.88044 7.58298 6.26827 3.45043 2.72772 2.42835 0.562884
threshold=4.8029999999999999 1.3620779858600858 49.548979296480944 -651.99683282397882 0.31820000000000009 24.675000000000004 0.023329855755957214 2.6228536209360005 1.7882324276045785 1.7937032673901736 -16.931492912452573 61.400000000000013 15.315000000000003 -0.82499999999999918 3.0439264359154237
decision_type=2 2 2 2 2 2 2 2 2 2 2 2 2 2 2
left_child=11 2 3 -2 5 7 -5 -3 9 -6 12 -1 -4 -7 -13
right_child=1 4 10 6 8 13 -8 -9 -10 -11 -12 14 -14 -15 -16
leaf_value=0.0016681259053316388 0.033476935653969198 -0.0024823677503783312 0.0088370959244836161 -0.040181783523751513 0.014390778372567721 -0.013958696831646579 -0.010463752151410582 0.033504508015055383 -0.023226295560539383 -0.013650897841374096 -0.010739819181491455 0.023506911747223341 0.040063045125429519 -0.047350596619591415 0.042981857872721595
leaf_weight=4.8711156845092765 3.5445532351732245 91.160762183368206 4.785645857453348 8.9049371778964979 81.006595149636269 4.1439947485923767 78.340585671365261 5.6637538671493521 5.3341303616762152 9.5308305919170362 5.973531335592269 4.2222420275211316 6.2180849760770798 4.5626217871904355 4.2421320974826813
leaf_count=22 16 431 21 41 376 19 352 25 24 44 27 20 26 21 20
internal_value=0.000186111 -0.000774364 -0.00766257 -0.0116691 0.00289849 -0.0029958 -0.0135739 -0.000313966 0.00941428 0.0113939 0.0135307 0.0225171 0.0269546 -0.032137 0.0340055
internal_weight=322.506 309.17 107.767 90.7901 201.403 105.531 87.2455 96.8245 95.8716 90.5374 16.9773 13.3355 11.0037 8.70662 8.46437
internal_count=1485 1423 483 409 940 496 393 456 444 420 74 62 47 40 40
is_linear=0
shrinkage=0.03


Tree=58
num_leaves=19
num_cat=0
split_feature=197 215 16 45 0 170 89 12 13 159 68 218 36 62 101 12 206 119
split_gain=7.71656 10.8783 8.45938 8.56184 10.9378 7.94364 7.06952 7.15446 8.42219 7.14162 6.91606 6.90341 6.53662 9.39109 6.17887 4.84289 3.74805 2.94575
threshold=-1.3500000000000003 0.81413423452318678 22.725000000000005 13.250000000000002 20240265.000000004 4.9702537550504173 5.1908240670000003 70.065000000000012 23.475000000000005 51.905261947675577 2.2472606575500005 0.022460444852098086 0.073230319065681143 5.3550000000000013 3.0281078394000005 58.70000000000001 1.2499873869005647 0.33265000000000006
decision_type=2 2 2 2 2 2 2 2 2 2 2 2 2 2 2 2 2 2
left_child=6 17 3 5 -5 -3 7 9 10 15 -9 -10 16 -14 -8 -1 -4 -2
right_child=1 2 12 4 -6 -7 14 8 11 -11 -12 -13 13 -15 -16 -17 -18 -19
leaf_value=0.0011900121454436717 0.010578014376944656 0.00070404477491734971 0.046306513063682074 -0.014727368884594373 0.0063968970493063345 0.02388917648950277 0.03905689656007108 0.0035871511722981183 -0.023010900368759531 0.012081656274098632 0.045736527381784103 0.015271863349002724 -0.0034375136333838004 0.039928500174599695 -0.0022399184989381916 -0.025081859087165499 0.01192807698113553 0.041339033473726583
leaf_weight=7.2694978863000861 4.8880026191472989 52.299204349517822 7.1660714298486692 61.08492311835289 34.19233100861311 17.872089579701424 5.1781088411808005 12.669675499200823 15.282192736864092 6.5970682799816123 4.8543869554996482 5.6752196848392478 21.036116808652881 5.5814490020275107 8.1803624480962736 38.830486461520195 5.3125849664211273 7.9862796813249588
leaf_count=33 24 234 32 281 173 83 22 57 71 29 21 27 98 24 36 180 23 37
internal_value=0.000180847 0.00341013 0.00170405 -0.00124736 -0.00711625 0.0066774 -0.00650367 -0.00951071 0.000249951 -0.0166821 0.0156265 -0.0124783 0.0142418 0.00565905 0.0137162 -0.0208805 0.0321201 0.0300627
internal_weight=321.956 217.419 204.545 165.449 95.2773 70.1713 104.537 91.1785 38.4815 52.6971 17.5241 20.9574 39.0962 26.6176 13.3585 46.1 12.4787 12.8743
internal_count=1485 1009 948 771 454 317 476 418 176 242 78 98 177 122 58 213 55 61
is_linear=0
shrinkage=0.03


Tree=59
num_leaves=17
num_cat=0
split_feature=59 135 15 73 54 197 116 63 184 24 93 21 215 194 145 115
split_gain=7.52297 9.62735 7.82188 7.2119 7.20302 7.24396 7.1847 7.09003 7.30586 6.34209 6.66611 5.53676 5.47122 6.38567 5.15506 2.62495
threshold=3.2346500000000007 73.248659759358304 79.660000000000011 16.678143036600002 332.50000000000006 -4.049999999999998 -0.21519999999999997 3.8821030446500004 0.071962600268256086 72.52500000000002 -0.19713734090000001 67.510000000000005 0.81413423452318678 1.8200000000000005 1.5023445170861056 0.32275000000000004
decision_type=2 2 2 2 2 2 2 2 2 2 2 2 2 2 2 2
left_child=2 7 3 4 5 -1 -6 8 -2 10 14 -12 15 -14 -3 -9
right_child=1 9 -4 -5 6 -7 -8 12 -10 -11 11 -13 13 -15 -16 -17
leaf_value=-0.019801147792969345 0.040833095502263474 -0.0033172872726307322 0.038868593965992917 -0.026993161724399743 -0.017500895637061437 0.016547590148985533 0.0049865186426445284 -0.0053102710337545253 -0.0086105933918280333 0.029191744914666813 0.018174484373458175 -0.0036436504928685234 -0.016509531457572883 0.0064333683609655344 -0.037201100501609817 0.027626370933435229
leaf_weight=5.2783924788236609 4.8630632758140546 17.290677085518841 6.0038814544677725 6.2827477604150763 17.772309795022011 53.468874342739582 44.640044048428535 3.9992940574884397 5.6461388021707535 8.3967526257038099 23.784854494035244 18.240893736481667 83.589968860149384 12.298533275723456 5.2854778617620459 4.3155238181352615
leaf_count=23 21 82 27 28 80 253 197 20 26 37 116 89 386 56 24 20
internal_value=0.000180406 -0.00368059 0.00563259 0.00401406 0.00566762 0.0132026 -0.00138668 -0.00910634 0.0141556 0.00480538 0.00154913 0.00864714 -0.0114925 -0.013532 -0.0115115 0.011553
internal_weight=321.157 187.711 133.446 127.442 121.16 58.7473 62.4124 114.713 10.5092 72.9987 64.6019 42.0257 104.203 95.8885 22.5762 8.31482
internal_count=1485 877 608 581 553 276 277 529 47 348 311 205 482 442 106 40
is_linear=0
shrinkage=0.03


Tree=60
num_leaves=14
num_cat=0
split_feature=213 51 169 194 128 112 39 190 191 79 123 210 60
split_gain=7.4785 8.36196 7.94303 7.9807 7.77029 7.70678 6.14556 5.92275 6.41647 5.08136 4.22963 1.8636 1.00425
threshold=1.1537826531444157 3.1850000000000005 -29.819188339748099 -15.524999999999997 6421.4100000000008 -1.0194499999999997 0.68915000000000004 2.8313910131173459 12.822485440903156 6.9156167873500012 0.36345000000000005 1.1924645493657211 4.9889500000000009
decision_type=2 2 2 2 2 2 2 2 2 2 2 2 2
left_child=1 2 -1 -4 -5 10 9 8 -7 -2 12 -11 -3
right_child=6 5 3 4 -6 7 -8 -9 -10 11 -12 -13 -14
leaf_value=-0.024880161693222647 0.00028617399963331723 -0.047457891531998593 -0.036127403723330925 0.0041130334897777673 0.019019143024092803 -0.00298232851610744 0.013240658396346108 -0.035322304295015067 0.021104445591746488 -0.020012605449296682 -0.0017378610860188444 -0.043929451358991553 -0.024059878100678507
leaf_weight=7.2197321057319632 5.5142563581466737 4.949115723371504 3.6600001901388159 123.63516760617495 42.549114473164082 89.87868382781744 5.0056899636983863 4.4482014030218116 11.08772638440132 6.3983178585767728 4.6881879419088355 7.3406594842672348 4.1559669524431229
leaf_count=32 26 23 16 568 197 418 23 21 52 31 23 35 20
internal_value=0.00017525 0.00149776 0.00563953 0.00696839 0.00795671 -0.00462859 -0.0157931 -0.00182807 -0.000289268 -0.0235261 -0.0256484 -0.0332331 -0.0374813
internal_weight=320.531 296.272 177.064 169.844 166.184 119.208 24.2589 105.415 100.966 19.2532 13.7933 13.739 9.10508
internal_count=1485 1370 813 781 765 557 115 491 470 92 66 66 43
is_linear=0
shrinkage=0.03


Tree=61
num_leaves=19
num_cat=0
split_feature=0 0 216 174 24 140 156 44 92 37 215 32 62 108 195 124 198 137
split_gain=7.33394 9.8248 7.50507 8.66863 10.3263 6.33765 5.63529 4.77681 5.03313 5.18229 5.14469 4.31559 4.11546 6.38824 6.57409 3.73485 3.42075 1.8516
threshold=20240265.000000004 20230527.500000004 0.81238032609326349 1.4274717068808183 71.685000000000016 3.3310750000000007 4.7565228820388947 7.660000000000001 3.1216793533500007 -0.051749999999999997 0.91478546677537731 0.61565000000000014 3.0150000000000001 32461276.150000002 -4.6899999999999968 0.15900000000000003 -2.4749999999999992 31.015965309980796
decision_type=2 2 2 2 2 2 2 2 2 2 2 2 2 2 2 2 2 2
left_child=1 2 6 4 -4 -5 16 -2 9 10 -9 -11 13 14 -3 -10 -1 -15
right_child=7 12 3 5 -6 -7 -8 8 15 11 -12 -13 -14 17 -16 -17 -18 -19
leaf_value=0.0044421806471127935 0.036989459342077396 -0.018679071238233265 -0.0026639240129904219 0.0048208302077440771 0.020004396320520645 -0.035662757849741371 -0.0030961428687880724 0.010511341907231157 0.0027454908639514149 0.025912540479896808 -0.025789811403317296 0.0062728723147239783 -0.034264488952014276 -0.0098834934500255031 0.026897796697322136 -0.033494541312482209 0.03589175271589843 -0.038235148828542294
leaf_weight=4.7332135885953894 4.9439824074506751 5.3120282366871852 158.44063256680965 4.8556447625160208 20.314254894852638 11.022526532411574 8.8631621003150922 7.6725737601518613 5.6733915805816633 19.003866508603096 6.2346753180027008 22.575497940182686 9.7358062490820867 3.7619203180074674 5.8532752245664632 4.3499953150749207 10.742520228028299 6.0613239035010338
leaf_count=21 30 29 686 21 89 49 38 39 27 107 29 112 61 20 26 20 46 35
internal_value=0.000166703 -0.00223617 0 -0.00197057 -6.13087e-05 -0.0231422 0.0156667 0.00871637 0.00648378 0.0100492 -0.00561637 0.0153618 -0.0180938 -0.0103236 0.00497442 -0.0128613 0.0265559 -0.0278889
internal_weight=320.15 249.696 218.972 194.633 178.755 15.8782 24.3389 70.454 65.51 55.4866 13.9072 41.5794 30.7244 20.9885 11.1653 10.0234 15.4757 9.82324
internal_count=1485 1121 950 845 775 70 105 364 334 287 68 219 171 110 55 47 67 55
is_linear=0
shrinkage=0.03


Tree=62
num_leaves=16
num_cat=0
split_feature=43 170 158 119 22 205 215 208 25 10 146 18 210 199 191
split_gain=7.11086 7.9097 10.9733 7.81608 8.38924 8.97654 6.65034 8.10515 6.47267 7.01806 5.68266 3.25475 2.68694 2.25146 0.566104
threshold=4.8029999999999999 1.3620779858600858 72.621743430099215 0.31820000000000009 24.675000000000004 0.70336468613186309 0.83076695539900791 1.0877131646728264 22.125000000000004 0.77500000000000013 5.1199934123265498 61.400000000000013 0.88175104130595761 -0.82499999999999918 3.0439264359154237
decision_type=2 2 2 2 2 2 2 2 2 2 2 2 2 2 2
left_child=11 2 6 4 5 -3 -2 -8 9 -5 -4 -1 -10 -6 -13
right_child=1 3 10 8 13 -7 7 -9 12 -11 -12 14 -14 -15 -16
leaf_value=0.0014373884967096 0.015995491057874282 0.0097049817163814243 0.03281124687656347 0.007740356581915961 -0.013571798063505777 -0.0086993685502687445 -0.003651298358112621 -0.022382228890512671 0.0091776366046914023 -0.029641838720009944 -0.003702673311656289 0.022544230917248012 0.036075953714639418 -0.046054115906673708 0.04214650909110243
leaf_weight=4.8272710144519797 7.2285981625318518 43.664194323122501 8.2681881934404355 74.534598238766193 4.1027072668075562 52.293305747210979 39.556987017393112 44.889173999428749 5.6513126939535132 4.6870996654033652 6.8029617816209784 4.1332103163003904 9.9551970362663251 4.4542275890707952 4.127485066652298
leaf_count=22 34 206 37 354 19 250 175 208 26 21 29 20 43 21 20
internal_value=0.000161822 -0.000757783 -0.00735191 0.00276018 -0.00287568 -0.000292096 -0.0112725 -0.0136583 0.00899979 0.00545626 0.0162157 0.0217388 0.0266472 -0.0311634 0.0330844
internal_weight=319.177 306.089 106.746 199.343 104.514 95.9575 91.6748 84.4462 94.8282 79.2217 15.0711 13.088 15.6065 8.55693 8.2607
internal_count=1485 1423 483 940 496 456 417 383 444 375 66 62 69 40 40
is_linear=0
shrinkage=0.03


Tree=63
num_leaves=10
num_cat=0
split_feature=63 47 0 0 216 222 177 111 168
split_gain=7.00726 7.58892 7.39281 10.9882 7.02224 5.22333 5.20632 3.35202 2.99577
threshold=2.7661812016500003 4.247440000000001 20240265.000000004 20230607.500000004 0.81238032609326349 0.87574621987886192 -1.2460780873563317 0.27975000000000011 3.4448634049786357
decision_type=2 2 2 2 2 2 2 2 2
left_child=7 -2 3 4 -3 6 -4 -1 -5
right_child=1 2 5 8 -6 -7 -8 -9 -10
leaf_value=0.0047948400578187575 0.028952070772956941 0.013743759689978435 0.026037632093720408 -0.010484911497424452 -0.0035447314281344881 -0.021144639054769349 0.0050676754650086329 0.040829990915731675 -0.031319687721358604
leaf_weight=4.4581277668476087 7.5038004815578452 23.737637832760811 13.916324146091936 12.043187797069551 184.71238496899605 5.1426161974668494 47.210045039653778 5.3610256910324097 14.481538131833075
leaf_count=20 34 103 76 64 806 22 247 25 88
internal_value=0.000157922 -0.000629775 -0.00138596 -0.00389026 -0.00155594 0.00744098 0.00992552 0.0249849 -0.0220475
internal_weight=318.567 308.748 301.244 234.975 208.45 66.269 61.1264 9.81915 26.5247
internal_count=1485 1440 1406 1061 909 345 323 45 152
is_linear=0
shrinkage=0.03


Tree=64
num_leaves=14
num_cat=0
split_feature=213 51 15 223 225 112 169 224 190 197 133 77 67
split_gain=6.9631 7.80784 7.68504 8.35876 8.98714 7.2902 6.50482 6.03426 5.60901 6.09439 5.54194 4.75505 2.23157
threshold=1.1537826531444157 3.1850000000000005 79.660000000000011 0.21826758082694725 0.57916666666666672 -1.0194499999999997 -21.516560201809423 0.054277122646080943 2.8313910131173459 0.37500000000000006 673.50000000000011 0.24423355425000004 0.45518791679200005
decision_type=2 2 2 2 2 2 2 2 2 2 2 2 2
left_child=1 2 3 6 -5 11 -1 12 9 -7 -9 -3 -2
right_child=7 5 -4 4 -6 8 -8 10 -10 -11 -12 -13 -14
leaf_value=-0.027700259571077291 -0.015477727375718264 -0.0065750241497347121 0.036830807300211273 0.01390138679934479 -0.01702170705027908 -0.0040939147144574209 0.00010252450947051559 0.012787867579484306 -0.0344716092868027 0.014098022445817667 -0.026644902929057575 -0.042639992110869197 -0.044931553897114347
leaf_weight=8.32913690805435 4.7241365909576434 6.7723460346460325 6.6811402887105933 78.642884775996208 9.3079401105642301 79.45006787776947 72.572465389966965 8.4563843905925733 4.421089679002761 20.826839238405228 5.0135635882616034 6.8388054966926575 5.8000103980302811
leaf_count=38 25 33 30 372 39 375 334 39 21 95 22 33 29
internal_value=0.000154329 0.00143451 0.00545575 0.00417548 0.0105791 -0.00450598 -0.00275351 -0.0153397 -0.00177955 -0.000275403 -0.00175627 -0.0250932 -0.0322627
internal_weight=317.837 293.843 175.534 168.852 87.9508 118.309 80.9016 23.9941 104.698 100.277 13.4699 13.6112 10.5241
internal_count=1485 1370 813 783 411 557 372 115 491 470 61 66 54
is_linear=0
shrinkage=0.03


Tree=65
num_leaves=22
num_cat=0
split_feature=207 25 123 108 201 1 223 116 133 223 176 39 38 35 115 96 223 213 223 119 120
split_gain=6.81976 9.36072 8.02045 7.80538 9.58465 7.79718 7.55736 7.32112 6.56732 6.0304 6.36853 5.86048 6.61229 5.57115 5.04135 5.17165 6.60227 4.64928 4.05594 3.19891 2.46226
threshold=1.3493160185726731 23.025000000000002 0.38025000000000003 20871211.605000004 -3.0000000000000004 15.715000000000002 0.30214488699249337 -0.22444999999999996 674.50000000000011 0.29589536095091235 -0.076862888801575296 0.49405000000000004 0.45189075630252107 0.63275000000000015 0.43765000000000004 1.2286590250500002 0.29422958195150883 1.0240112750608115 0.31747433231447869 0.29445000000000005 0.029250000000000002
decision_type=2 2 2 2 2 2 2 2 2 2 2 2 2 2 2 2 2 2 2 2 2
left_child=1 3 9 4 5 -1 7 -5 -6 11 -11 12 -2 -13 15 16 -4 -16 -8 -12 -3
right_child=2 20 14 6 8 -7 18 -9 -10 10 19 13 -14 -15 17 -17 -18 -19 -20 -21 -22
leaf_value=0.0080050608239831018 0.020355742863285849 0.012497233469681812 -0.01133674611425853 -0.017922623151369839 0.018673515310766289 -0.029552554602679117 0.037095490099237474 -0.00034092750058580418 -0.0086910064401380174 -0.016688357608337145 0.039604897022856571 -0.028982102610097076 -0.012867252013140068 -0.0055541592199887611 0.010105623326051281 0.038111563488691005 0.032771777178835636 -0.02704976594814601 -0.0014095467588802668 0.0043741069568711552 0.040117965925705407
leaf_weight=10.542651683092119 7.5302316099405315 5.752133294939993 7.9311431944370323 31.554994225502014 52.717874117195606 9.1236477047204954 5.846562594175337 66.38283683359623 9.0578551739454252 6.5310686826705959 4.4968871474266034 28.203704111278057 18.098041564226151 14.084915205836294 6.0084815323352796 6.6101106703281394 4.7899283766746521 5.7979334741830826 3.9417571872472763 5.1774343848228455 7.0936026871204376
leaf_count=46 37 27 38 141 252 45 28 306 39 29 20 139 85 70 29 29 21 28 21 23 32
internal_value=0.000146887 0.0034779 -0.00566327 0.00177106 0.00878464 -0.00932837 -0.00350669 -0.00604875 0.0146052 -0.0104894 0.0057945 -0.0144218 -0.00294772 -0.0212813 0.00727104 0.0167225 0.00516373 -0.00796274 0.0214287 0.0212949 0.0281736
internal_weight=317.274 202.014 115.26 189.168 81.442 19.6663 107.726 97.9378 61.7757 84.1223 16.2054 67.9169 25.6283 42.2886 31.1376 19.3312 12.7211 11.8064 9.78832 9.67432 12.8457
internal_count=1485 937 548 878 382 91 496 447 291 403 72 331 122 209 145 88 59 57 49 43 59
is_linear=0
shrinkage=0.03


Tree=66
num_leaves=17
num_cat=0
split_feature=59 135 15 173 108 166 152 228 184 46 21 46 24 93 141 27
split_gain=6.53602 8.49971 7.03865 7.04347 6.26155 7.21983 6.04541 5.70941 6.31212 8.28456 6.15473 5.58082 5.65214 6.11387 5.31744 5.04349
threshold=3.2346500000000007 73.248659759358304 79.660000000000011 -0.6994675350913887 32461276.150000002 67.260812327448193 3.1950918437424636 1.1458873618493448 0.053268881816690657 33.625000000000007 62.160000000000004 11.817333333333336 72.52500000000002 -0.19713734090000001 2.6499250000000001 0.6140500000000001
decision_type=2 2 2 2 2 2 2 2 2 2 2 2 2 2 2 2
left_child=2 7 3 -1 5 -5 -6 8 9 -2 -9 -3 13 -13 -10 -12
right_child=1 11 -4 4 6 -7 -8 10 14 -11 15 12 -14 -15 -16 -17
leaf_value=-0.030464904887240032 -0.010564343752887659 0.041546545084840597 0.037207919371385657 0.017988074001009078 -0.011098608475786977 -0.011326575065041738 0.0069479374066720367 0.031278349517916415 -0.0048251296343965857 0.028289910489043949 -0.017667367980852774 -0.013473569164916472 0.026450019506099848 0.0064688820574459755 -0.022242882974927779 0.019569975763811732
leaf_weight=5.0771495699882498 14.916343048214914 3.4028199017047873 5.8487483859062186 43.820986665785313 29.200240850448608 8.930436506867407 38.689546748995781 5.9033925533294704 24.91172094643116 7.2414222210645667 9.4357485175132734 21.160267502069473 7.8213253766298285 39.460171364247799 45.716740153729916 4.8399572521448126
leaf_count=23 70 16 27 208 132 41 177 29 117 32 42 101 35 196 218 21
internal_value=0.000143647 -0.00348409 0.00526103 0.00372254 0.0052102 0.0129565 -0.000774889 -0.00862113 -0.011775 0.00206896 0.00571916 0.00455222 0.00261122 -0.00045358 -0.0161573 -0.00478562
internal_weight=316.377 184.81 131.567 125.718 120.641 52.7514 67.8898 112.965 92.7862 22.1578 20.1791 71.8446 68.4418 60.6204 70.6285 14.2757
internal_count=1485 877 608 581 558 249 309 529 437 102 92 348 332 297 335 63
is_linear=0
shrinkage=0.03


Tree=67
num_leaves=14
num_cat=0
split_feature=213 22 25 54 39 117 214 39 79 166 154 191 210
split_gain=6.50402 7.65817 9.26333 8.00675 9.69156 8.21097 6.54515 5.71129 4.70537 4.17691 6.63382 2.86284 1.72196
threshold=1.1537826531444157 24.675000000000004 23.475000000000005 332.50000000000006 0.59575000000000011 -0.019849999999999996 1.0380855644853255 0.68915000000000004 6.9156167873500012 -4.703612772750108 76.683808917273169 4.6417193693149263 1.1924645493657211
decision_type=2 2 2 2 2 2 2 2 2 2 2 2 2
left_child=1 2 3 4 -1 -5 11 8 -2 -4 -11 -3 -10
right_child=7 6 9 5 -6 -7 -8 -9 12 10 -12 -13 -14
leaf_value=0.011313598353783427 0.00045846244707937648 -0.015906646394188453 0.044292143864587422 -0.013768091628441089 -0.00761821042430731 0.0020112697060002778 0.0052767165787641875 0.013061798373172792 -0.01918822713506755 0.032940364762467415 -0.014512915311278301 -0.044950393848545801 -0.042573715428525997
leaf_weight=96.998065002262592 5.4409866183996263 7.9628159701824206 6.0603806227445629 48.204386383295059 32.201313391327858 76.260719962418079 8.1152221262454969 4.9838812053203574 6.2407869100570661 6.0144784748554212 4.4998293668031693 5.6285479292273521 7.0862096771597862
leaf_count=461 26 37 26 227 157 351 36 23 31 28 20 27 35
internal_value=0.000140644 0.0013802 0.00276869 0.00133184 0.00656964 -0.00408202 -0.0157018 -0.0149115 -0.0225287 0.024439 0.0124037 -0.028394 -0.0320706
internal_weight=315.698 291.946 270.239 253.664 129.199 124.465 21.7066 23.7519 18.768 16.5747 10.5143 13.5914 13.327
internal_count=1485 1370 1270 1196 618 578 100 115 92 74 48 64 66
is_linear=0
shrinkage=0.03


Tree=68
num_leaves=12
num_cat=0
split_feature=63 47 85 98 136 191 162 200 97 27 32
split_gain=6.42401 8.05225 6.95624 6.75865 7.55507 12.376 7.95819 6.99484 5.7129 5.11866 5.06304
threshold=4.0686190855500008 4.247440000000001 -0.30453023994999967 0.34765402755000002 49.207925000000003 1.1773764318715694 0.13543949903344349 2.3750000000000004 0.43115326795000009 0.73379326160941594 0.47280000000000005
decision_type=2 2 2 2 2 2 2 2 2 2 2
left_child=2 -2 10 7 6 -6 -5 9 -4 -3 -1
right_child=1 3 8 4 5 -7 -8 -9 -10 -11 -12
leaf_value=0.015444586391604731 0.030541240209579948 -0.021913635646516483 0.047582392263307904 -0.0053107986001583538 -0.044288630098691266 0.010688990063148347 0.021455214579911581 0.02051439750984459 0.0071457645760726364 0.0081060143158276574 -0.023862647437663517
leaf_weight=6.5021483749151248 6.9478901475667945 32.265023455023766 7.1802905574440938 153.85888934880495 3.7678425610065451 72.236985579133034 10.559583038091658 4.8467795774340621 5.9546018540859222 5.8558497428894034 5.2064200341701508
leaf_count=31 32 155 32 715 18 348 50 23 29 27 25
internal_value=0.00013563 -0.00110956 0.0147542 -0.00190662 4.14382e-05 0.00786951 -0.00356155 -0.0128513 0.0296699 -0.0172146 -0.00183407
internal_weight=315.182 290.339 24.8435 283.391 240.423 76.0048 164.418 42.9677 13.1349 38.1209 11.7086
internal_count=1485 1368 117 1336 1131 366 765 205 61 182 56
is_linear=0
shrinkage=0.03


Tree=69
num_leaves=15
num_cat=0
split_feature=170 155 158 95 217 215 208 195 142 223 197 142 227 142
split_gain=6.32158 11.2602 6.96409 9.55245 6.56636 6.46082 6.32403 8.43963 6.27932 6.46649 9.70272 5.70119 5.45523 3.36081
threshold=1.3620779858600858 32.830986011807475 63.61667240628163 21.59320409815 -0.38817359442977206 0.84523259826675312 0.9846632029707354 -6.2049999999999974 34.362183109333337 0.27426467785227532 -0.90000000000000113 307.092852405261 0.20764871907455398 140.84732913545457
decision_type=2 2 2 2 2 2 2 2 2 2 2 2 2 2
left_child=1 2 -1 -4 -2 13 7 -7 -6 10 -10 -8 -11 -3
right_child=4 5 3 -5 8 6 11 -9 9 12 -12 -13 -14 -15
leaf_value=-0.010495308691298107 -0.036692204522150738 0.032458252475031965 0.045382184593642801 -0.0079898098163946642 0.042273734004665359 -0.024635987114747265 -0.022967003075076702 0.0083980425260307134 -0.010599907949253105 0.018232189223989417 0.0059225053131341564 0.0067185255960657796 -0.00015731923703734771 -0.0039684275096289138
leaf_weight=6.2974984943866756 3.5183298736810675 4.4085444435477239 8.7748173922300321 4.4017237573862067 3.7026203870773307 10.086215957999231 44.72262492030859 21.771895989775658 51.715771853923798 38.409420780837536 83.436690494418144 6.4749121218919745 22.785866752266884 4.3131349086761475
leaf_count=29 16 22 39 21 17 46 211 96 247 186 396 29 110 20
internal_value=0.000133178 -0.00560443 0.0150019 0.027401 0.00328475 -0.0100211 -0.0126213 -0.00201096 0.00402081 0.00326303 -0.000380739 -0.0191484 0.0113469 0.0142633
internal_weight=314.82 111.251 19.474 13.1765 203.569 91.7773 83.0556 31.8581 200.05 196.348 135.152 51.1975 61.1953 8.72168
internal_count=1485 513 89 60 972 424 382 142 956 939 643 240 296 42
is_linear=0
shrinkage=0.03


Tree=70
num_leaves=16
num_cat=0
split_feature=59 135 15 173 205 63 228 21 157 46 13 11 45 175 67
split_gain=6.21432 7.71735 6.67258 6.52363 6.0937 5.96095 5.76637 5.54365 5.18079 5.16263 5.24313 6.42978 6.21108 5.01032 4.6748
threshold=3.2346500000000007 73.248659759358304 79.660000000000011 -0.6994675350913887 -0.64149182099734581 3.8821030446500004 1.1458873618493448 62.160000000000004 15.091433839830669 11.817333333333336 21.375000000000004 -1.0000000180025095e-35 35.871916666666678 0.12711884701059942 3.4702664058520005
decision_type=2 2 2 2 2 2 2 2 2 2 2 2 2 2 2
left_child=2 5 3 -1 -5 13 14 -8 -6 -3 12 -12 -11 -2 -7
right_child=1 9 -4 4 8 6 7 -9 -10 10 11 -13 -14 -15 -16
leaf_value=-0.02938640603303326 0.033057972587640594 0.040205191258543917 0.036446974551438187 0.047651875646744529 -0.0048431944977555342 -0.015868359876592124 0.029621971619702071 -0.0058400068856662808 0.008468208853052819 -0.021009941107076258 0.0041994796472422605 0.037755633527952137 0.0040897650680962868 -0.0080539288804885555 0.013307663529356327
leaf_weight=5.0386109054088584 5.3756968080997449 3.3339912220835677 5.7724156379699698 2.8638096004724494 39.382021218538284 77.39920300245285 5.4150565564632442 13.806543186306952 77.680960886180401 13.754426263272761 23.41968604922295 6.5986739397048941 24.244484983384609 4.9655767679214478 5.0929331481456748
leaf_count=23 24 16 27 13 180 372 27 61 365 66 115 30 121 23 22
internal_value=0.000129277 -0.00342266 0.00513387 0.00363547 0.00507118 -0.00833943 -0.0105637 0.00409658 0.0039641 0.00425787 0.00239536 0.0117763 -0.00494811 0.0131418 -0.0140168
internal_weight=314.144 183.406 130.738 124.965 119.927 112.055 101.714 19.2216 117.063 71.3513 68.0173 30.0184 37.9989 10.3413 82.4921
internal_count=1485 877 608 581 558 529 482 88 545 348 332 145 187 47 394
is_linear=0
shrinkage=0.03


Tree=71
num_leaves=18
num_cat=0
split_feature=213 122 155 24 223 40 225 112 194 12 134 16 163 224 165 133 67
split_gain=6.00982 7.23818 7.88136 9.27807 8.81286 8.42551 7.53929 7.85485 6.5473 6.09136 7.14003 6.07444 5.9394 5.59508 5.07337 5.0108 2.14738
threshold=1.1537826531444157 0.54585000000000006 126.42733436290864 66.475000000000009 0.22031756371622321 0.53185000000000004 0.48750000000000004 -0.72399999999999987 -3.3000000000000074 70.175000000000026 12.500000000000002 24.975000000000005 16.471695479193873 0.054277122646080943 -10.194484368926359 673.50000000000011 0.45518791679200005
decision_type=2 2 2 2 2 2 2 2 2 2 2 2 2 2 2 2 2
left_child=1 2 3 4 -1 -5 7 -4 9 10 -3 -8 14 16 -10 -15 -2
right_child=13 8 6 5 -6 -7 11 -9 12 -11 -12 -13 -14 15 -16 -17 -18
leaf_value=-0.0094751729632727225 -0.014488111875815408 0.014180066243140431 -0.026210048809693128 0.025566068894275158 0.0067153071716548095 -0.014980820546573114 -0.019204549637497535 0.009447566527991294 0.026528876542637799 0.023072524967276839 -0.022124586902264869 0.014096724516144922 0.043298589290839455 0.012513265587897775 -0.0079138241954464419 -0.025290584391823086 -0.043753332284399378
leaf_weight=54.38360208272934 4.6398425251245516 8.0385429114103371 6.7918780073523513 24.698221951723102 67.895917646586895 5.4968491792678824 45.131710022687912 28.375229746103287 8.694231837987898 8.3122393414378148 11.878505319356917 5.3542166873812667 8.414204038679598 8.3847096711397153 6.5966334789991405 4.9094104319810858 5.5715297758579254
leaf_count=261 25 36 34 116 328 25 203 139 39 39 55 24 38 39 33 22 29
internal_value=0.000128266 0.00132192 -0.000880936 0.00319529 -0.000462725 0.0180606 -0.00816744 0.0024211 0.0114623 0.00157001 -0.00732448 -0.0155926 0.0230606 -0.0144178 0.0115202 -0.001308 -0.0310162
internal_weight=313.567 290.062 238.128 152.475 122.28 30.1951 85.653 35.1671 51.9344 28.2293 19.917 50.4859 23.7051 23.5055 15.2909 13.2941 10.2114
internal_count=1485 1370 1130 730 589 141 400 173 240 130 91 227 110 115 72 61 54
is_linear=0
shrinkage=0.03


Tree=72
num_leaves=14
num_cat=0
split_feature=43 63 85 122 96 225 127 213 97 9 39 197 138
split_gain=6.04178 6.75608 6.55438 6.49808 7.33507 8.62204 6.75181 6.64099 6.33055 4.75514 4.67052 4.02851 2.85942
threshold=4.8029999999999999 4.0686190855500008 -0.30453023994999967 0.55415000000000014 0.3538500316 0.57916666666666672 8173.2900000000009 0.97580469927801661 0.43115326795000009 -0.48499999999999993 0.53055000000000008 -0.29999999999999888 2.3326990740740743
decision_type=2 2 2 2 2 2 2 2 2 2 2 2 2
left_child=12 2 10 4 7 -6 11 -3 -4 -8 -2 -5 -1
right_child=1 3 8 6 5 -7 9 -9 -10 -11 -12 -13 -14
leaf_value=0.033817644851631669 0.016478628294903146 0.0018933219643741993 0.049208293653827173 0.0069821867192147724 0.00024208291886308674 -0.021562414977988435 0.014015749361826499 -0.025291402505821615 0.0056186119948661954 -0.02413576571557962 -0.022055026292892251 0.030254952421398577 0.0046292655832301383
leaf_weight=6.6563121899962407 5.7563128769397753 11.761637821793554 6.6935898438096029 16.038753278553486 182.50400843471289 17.798452794551849 4.5959940552711487 24.388059243559837 5.726225420832634 7.5322001278400403 5.3510476648807526 12.066544100642206 6.0161318778991699
leaf_count=34 28 55 30 74 871 76 22 120 28 36 26 57 28
internal_value=0.000124274 -0.000725576 0.0146576 -0.0020493 -0.00395519 -0.00169024 0.00905924 -0.016383 0.029556 -0.00943648 -0.0018487 0.0171522 0.0203403
internal_weight=312.885 300.213 23.5272 276.686 236.452 200.302 40.2335 36.1497 12.4198 12.1282 11.1074 28.1053 12.6724
internal_count=1485 1423 112 1311 1122 947 189 175 58 58 54 131 62
is_linear=0
shrinkage=0.03


Tree=73
num_leaves=18
num_cat=0
split_feature=0 0 36 224 51 148 198 200 211 149 59 186 0 97 47 27 128
split_gain=5.83998 7.40368 9.36299 6.64391 6.75498 5.99819 7.35444 8.81385 5.52835 5.09767 6.46001 5.01322 5.66636 4.59351 4.55772 4.3658 2.24159
threshold=20240621.500000004 20210766.000000004 0.30840000000000006 0.19964100119291076 3.9650000000000003 0.34666670183191389 -6.3749999999999991 -4.4999999999999982 1.2625988686227549 0.58995117574341782 3.4162000000000003 0.99034807355388732 20250730.500000004 0.41096890435000005 28.440000000000005 0.72015000000000007 6262.380000000001
decision_type=2 2 2 2 2 2 2 2 2 2 2 2 2 2 2 2 2
left_child=1 5 3 4 -3 16 -7 -8 11 13 -11 12 14 -4 -2 -14 -1
right_child=8 2 9 -5 -6 6 7 -9 -10 10 -12 -13 15 -15 -16 -17 -18
leaf_value=-0.003150116189959396 0.028356448360133329 0.0071411531918194014 -0.0018544424748443199 -0.026995313650623517 -0.010739095026510975 0.040561658859207574 -0.015075177008357489 0.008934365962402253 -0.014110934623119291 0.025969414011443887 -0.015800167329616106 0.034615908397015262 -0.015344322533212299 -0.027608815991102487 0.0028328416182152854 0.020318527995025162 -0.033352991998402949
leaf_weight=4.7027425020933133 14.10668281465769 62.717325180768967 8.2280071526765806 7.7911038324236861 27.107200384140015 5.314698413014411 16.741675361990929 73.852661490440369 7.9694532155990592 5.0333668887615195 9.3704367801547033 7.785773053765296 11.578581862151621 29.626044042408466 11.863030605018137 4.0542811751365653 4.5736994594335556
leaf_count=20 88 292 41 36 134 22 72 319 35 22 47 47 57 149 64 20 20
internal_value=0.000122931 -0.00181313 -0.00610164 -0.000579389 0.00170596 0.00426884 0.00652499 0.00445264 0.00877261 -0.0163389 -0.000918653 0.0125468 0.00827166 -0.0221095 0.0168679 -0.00583435 -0.0185583
internal_weight=312.417 255.059 149.873 97.6156 89.8245 105.185 95.909 90.5943 57.3578 52.2579 14.4038 49.3883 41.6026 37.8541 25.9697 15.6329 9.27644
internal_count=1485 1174 721 462 426 453 413 391 311 259 69 276 229 190 152 77 40
is_linear=0
shrinkage=0.03


Tree=74
num_leaves=18
num_cat=0
split_feature=170 155 217 39 136 136 56 16 53 215 208 142 157 0 186 204 159
split_gain=5.80689 10.3653 6.1124 5.98817 9.55292 8.73835 7.75284 7.06707 6.76678 5.95834 5.81045 7.92166 7.82269 5.239 4.48671 3.27064 2.61121
threshold=1.3620779858600858 32.830986011807475 -0.38817359442977206 0.5465000000000001 45.806450000000005 19.654125000000004 20240517.500000004 20.025000000000002 0.70845000000000014 0.84523259826675312 1.0877131646728264 307.092852405261 35.44518552696244 20211209.500000004 1.0000000180025095e-35 0.86563714195355568 53.378459976846877
decision_type=2 2 2 2 2 2 2 2 2 2 2 2 2 2 2 2 2
left_child=1 13 -2 4 5 -4 7 -5 -6 15 12 -12 -11 16 -8 -3 -1
right_child=2 9 3 6 8 -7 14 -9 -10 10 11 -13 -14 -15 -16 -17 -18
leaf_value=0.012288609693165042 -0.035722757665669208 -0.0045399101074515081 0.025126566056818143 -0.021602094948450931 0.024182027370409621 -0.001924616464312145 -0.0053554047317159233 0.0014970435457542339 -0.014305287143484065 -0.0096659208768665027 -0.024134435200274994 0.013121799996182381 0.026483666458013706 -0.004197141642926415 0.020004884108895161 0.031575786730128799 0.04207433851733796
leaf_weight=5.8715814203023928 3.4613652974367133 4.2152028828859311 12.508398443460463 23.947479352355003 36.009949922561646 71.958125799894333 9.9872564971447009 23.16552110016346 4.471260428428649 30.243682697415352 39.715935327112675 5.722571149468421 6.4299082458019248 7.7638299465179434 15.986335739493368 4.4205910935997963 5.5934493988752365
leaf_count=26 16 19 58 113 177 342 49 109 23 136 191 26 29 38 85 23 25
internal_value=0.000118865 -0.00541277 0.00315411 0.00386646 0.00786052 0.00207081 -0.00292215 -0.0102016 0.0198323 -0.00967271 -0.0121867 -0.019358 -0.00319152 0.0144822 0.0101553 0.0137538 0.0273177
internal_weight=311.472 109.977 201.496 198.034 124.948 84.4665 73.0866 47.113 40.4812 90.7479 82.1121 45.4385 36.6736 19.2289 25.9736 8.63579 11.465
internal_count=1485 513 972 956 600 400 356 222 200 424 382 217 165 89 134 42 51
is_linear=0
shrinkage=0.03


Tree=75
num_leaves=15
num_cat=0
split_feature=63 59 73 112 201 22 25 228 205 71 126 186 51 137
split_gain=5.78575 6.26221 8.32608 6.32762 6.366 6.28883 5.31513 6.41105 5.21804 4.76661 4.37635 4.04668 3.01236 2.0236
threshold=2.7661812016500003 2.2468500000000007 15.049313774600003 -0.68994999999999984 -6.2449999999999992 24.975000000000005 18.375000000000004 0.95068475914955797 0.509502941158685 8.7079732081000021 0.48600000000000004 -0.30046299038569352 4.8850000000000007 48.673476802088707
decision_type=2 2 2 2 2 2 2 2 2 2 2 2 2 2
left_child=11 2 6 8 12 -6 7 -2 13 -10 -8 -1 -5 -3
right_child=1 3 -4 4 5 -7 10 -9 9 -11 -12 -13 -14 -15
leaf_value=0 0.014421750998071577 -0.015740920254482895 -0.02951907026558873 -0.035931324727068094 0.0023399968916374058 -0.019426073475821877 0.0063577794521831339 -0.0085703750052956527 -0.027092292819490514 -0.0012306309261599141 0.035135718995386707 0.039665499044441908 -0.0022047077280232356 -0.046297749841495768
leaf_weight=4.0308671444654465 24.748040035367012 3.9796695709228498 4.9850138872861853 6.3917654603719694 165.33424710482359 12.76565709710121 8.6479293927550334 19.220160782337189 8.5480867475271207 25.946686565876007 11.488919764757155 5.4571433514356595 4.1012652963399887 5.0763796716928482
leaf_count=19 121 20 23 31 793 59 40 90 42 125 52 26 20 24
internal_value=0.000116053 -0.000604273 0.00730551 -0.00297341 -0.000574128 0.000753011 0.0102573 0.00430631 -0.0132695 -0.00778587 0.0230175 0.0230663 -0.0231775 -0.0335158
internal_weight=310.722 301.234 69.0901 232.144 188.593 178.1 64.105 43.9682 43.5508 34.4948 20.1368 9.48801 10.493 9.05605
internal_count=1485 1440 326 1114 903 852 303 211 211 167 92 45 51 44
is_linear=0
shrinkage=0.03


Tree=76
num_leaves=14
num_cat=0
split_feature=63 47 37 112 142 96 210 136 215 224 38 135 224
split_gain=5.50644 7.03869 6.44312 8.95975 6.10904 7.42482 6.84667 6.74087 5.55459 5.78029 1.83778 1.59029 0.133108
threshold=4.0686190855500008 4.247440000000001 0.40970000000000006 -0.31219999999999992 66.623531180800015 0.56503718505000011 1.0146803234803754 66.424325000000024 0.91478546677537731 -0.24684762088332488 0.46444243697478999 73.248659759358304 -0.0039440099774370133
decision_type=2 2 2 2 2 2 2 2 2 2 2 2 2
left_child=2 -2 3 -1 8 6 -6 -7 10 -10 -3 12 -5
right_child=1 4 -4 11 5 7 -8 -9 9 -11 -12 -13 -14
leaf_value=-0.0092585664871015095 0.02900046736937981 0.014711449930874891 -0.01270639631756542 0.050599402164273284 -0.023048618301261484 -0.0036361619653822955 -0.0018849876666455108 0.01132719538529629 -0.02325733092210806 0.0079217228960530815 0.042558200967382401 0.018729960470484846 0.034751595930312892
leaf_weight=5.3952662050724092 6.7372371256351462 5.2016747891902906 6.0049228370189658 4.5059692859649685 30.08122056722641 141.79081206023693 25.925881296396255 33.360010132193565 6.2962563857436171 32.068370021879673 4.4506349116563797 4.1046526283025733 4.3175454884767488
leaf_count=25 32 26 31 21 148 671 126 163 31 150 21 20 20
internal_value=0.000110426 -0.00104754 0.0137905 0.0226587 -0.00179355 -0.00382527 -0.0133262 -0.000764218 0.00791262 0.00267958 0.0281638 0.0361777 0.0436572
internal_weight=310.24 285.912 24.3284 18.3234 279.175 231.158 56.0071 175.151 48.0169 38.3646 9.65231 12.9282 8.82351
internal_count=1485 1368 117 86 1336 1108 274 834 228 181 47 61 41
is_linear=0
shrinkage=0.03


Tree=77
num_leaves=13
num_cat=0
split_feature=213 22 25 156 215 223 39 214 39 191 105 143
split_gain=5.45691 6.54645 8.38638 7.112 7.0357 8.18619 7.58101 5.98321 5.64991 2.65532 1.95563 1.46228
threshold=1.1888873515302996 24.675000000000004 23.475000000000005 17.650675943552585 0.94275870306604947 0.22891963123729858 0.5465000000000001 1.0380855644853255 0.65040000000000009 4.6417193693149263 -0.29050724589999977 83.070336247500009
decision_type=2 2 2 2 2 2 2 2 2 2 2 2
left_child=1 2 4 10 5 -1 -6 9 11 -3 -4 -2
right_child=8 7 3 -5 6 -7 -8 -9 -10 -11 -12 -13
leaf_value=-0.001187166606646296 -0.03885889023874077 -0.015242509014868297 0.04702567949862746 -0.0085468592697136286 0.001817807766048118 0.0177979502333552 -0.011518139464033074 0.0043662617861825971 0.012682694439892771 -0.043659120649322203 0.020497295494401668 -0.014396802460431873
leaf_weight=40.64240401238203 6.1594541370868665 7.7927562445402163 6.3409317135810861 4.4362487643957129 120.16065366566181 40.446476012468338 56.066195540130138 8.6354203969240171 3.8130551725625983 5.4329263344407082 5.4262336418032655 4.4295919835567474
leaf_count=192 32 37 28 20 572 198 274 39 19 27 26 21
internal_value=0.000109081 0.00100048 0.00227451 0.023148 0.000939946 0.00825576 -0.00241211 -0.0147409 -0.017847 -0.0273808 0.0353212 -0.029137
internal_weight=309.782 295.38 273.519 16.2034 257.316 81.0889 176.227 21.8611 14.4021 13.2257 11.7672 10.589
internal_count=1485 1413 1310 74 1236 390 846 103 72 64 54 53
is_linear=0
shrinkage=0.03


Tree=78
num_leaves=19
num_cat=0
split_feature=170 155 227 142 63 136 136 191 157 59 175 25 159 22 227 169 128 47
split_gain=5.39688 9.59848 5.85887 5.81263 5.8929 5.78735 8.4113 8.19459 5.01033 7.20188 5.54854 7.53827 4.60931 3.72573 3.65409 3.60881 3.38143 2.36305
threshold=1.3620779858600858 32.830986011807475 -0.057314085859507639 32.624007092272741 3.9621489625500006 46.722525000000012 19.654125000000004 1.2075614915442443 35.44518552696244 5.6891000000000007 0.1898744888148898 18.675000000000004 58.966284573273974 17.475000000000005 -0.031266020318907739 -9.9212439056850688 2299.6250000000005 30.700000000000006
decision_type=2 2 2 2 2 2 2 2 2 2 2 2 2 2 2 2 2 2
left_child=1 2 -1 -2 13 6 -6 -7 10 14 11 -3 15 -5 -10 -4 -12 -15
right_child=3 8 12 4 5 7 -8 -9 9 -11 16 -13 -14 17 -16 -17 -18 -19
leaf_value=-0.014320224586852056 0.043706646231996799 -0.014246391516647654 -0.0092426073396433446 0.042468570456520582 0.018552921491643282 -0.042916256524437285 -0.0061337245587944856 0.010070570437440238 0.040053309585246208 -0.019421666497136909 -0.0072033774240557258 0.012465227506310602 0.047042388750374128 0.025688174289593448 0.0051677034804671904 0.02738422425681606 -0.03357612932197912 -0.0048651167911311832
leaf_weight=4.7435053884983089 3.0227990895509711 36.752438135445118 4.2376544922590256 4.8220139294862738 14.0080299526453 2.621084786951541 101.81817568838596 65.136998414993286 4.39358675479889 7.0516241043806067 6.6902940496802357 12.616471894085405 4.9101782888174048 4.0597289800643903 7.4750982969999322 5.1811133772134763 15.06000631302595 4.698388859629631
leaf_count=23 14 174 20 24 66 13 485 327 20 33 32 58 22 21 34 24 73 22
internal_value=0.000105024 -0.00524976 0.013971 0.00303979 0.00237926 0.000946201 -0.00310881 0.00791645 -0.00936543 0.00421825 -0.0130222 -0.00734806 0.0235789 0.0213844 0.0185592 0.0106661 -0.0256714 0.00908896
internal_weight=309.299 109.112 19.0725 200.187 197.164 183.584 115.826 67.7581 90.0395 18.9203 71.1192 49.3689 14.3289 13.5801 11.8687 9.41877 21.7503 8.75812
internal_count=1485 513 89 972 958 891 551 340 424 87 337 232 66 67 54 44 105 43
is_linear=0
shrinkage=0.03


Tree=79
num_leaves=15
num_cat=0
split_feature=217 197 16 54 204 118 30 223 154 161 174 40 194 140
split_gain=5.33635 5.66626 7.84959 7.69302 7.33537 6.84227 6.20641 6.57915 6.58957 6.53518 5.09136 4.78546 4.70872 0.665591
threshold=-0.38817359442977206 -0.6750000000000006 24.675000000000004 331.50000000000006 1.280990743267354 0.55835000000000012 0.35921052631578948 0.21388813728477682 57.143031423833953 37.069940157600897 0.24317914375000108 0.30465000000000003 -5.3549999999999995 4.2236733333333341
decision_type=2 2 2 2 2 2 2 2 2 2 2 2 2 2
left_child=-1 6 3 4 -3 -5 10 9 -9 -8 12 13 -2 -4
right_child=1 2 11 5 -6 -7 7 8 -10 -11 -12 -13 -14 -15
leaf_value=-0.030263063515454713 0.044308538951519184 0.018895832315407705 0.046322196159354699 -0.0072608116563162356 -0.00098186241819791294 0.011764946044516758 -0.020781565308016437 0.0060283169463610526 -0.013079530474951005 0.019560395240174965 -0.0081477551414925742 0.0004254075871966157 0.0017457836892275393 0.025702017057502247
leaf_weight=5.0181052535772315 5.5722826421260825 37.294631972908974 5.2418704926967603 77.677260637283325 29.690383270382881 21.595240741968155 35.382591336965561 42.299887947738171 26.177328437566757 3.8687989413738242 6.0319704413413993 4.7131853103637686 4.2544354051351538 3.8806447014212608
leaf_count=24 25 191 24 372 144 98 179 199 119 18 30 22 20 20
internal_value=0.000103332 0.000624787 0.00402721 0.00219329 0.0100522 -0.00308418 -0.00430826 -0.0069077 -0.00124087 -0.0166894 0.0130945 0.0256754 0.0263866 0.0382496
internal_weight=308.699 303.681 180.093 166.258 66.985 99.2725 123.587 107.729 68.4772 39.2514 15.8587 13.8357 9.82672 9.12252
internal_count=1485 1461 871 805 335 470 590 515 318 197 75 66 45 44
is_linear=0
shrinkage=0.03


Tree=80
num_leaves=14
num_cat=0
split_feature=43 0 122 38 174 25 121 147 186 40 209 18 191
split_gain=5.25461 5.76829 6.44647 6.85085 6.36149 7.18494 6.51432 5.41007 5.60007 5.78968 3.50681 3.1194 0.529431
threshold=4.8029999999999999 20245666.500000004 0.56250000000000011 0.4811457983193278 1.4274717068808183 23.175000000000004 -0.076899999999999982 3.3541033040255095 0.99034807355388732 0.39985000000000009 0.79660918640704392 61.400000000000013 3.0439264359154237
decision_type=2 2 2 2 2 2 2 2 2 2 2 2 2
left_child=11 2 4 -4 5 -2 -6 -3 9 -9 -5 -1 -13
right_child=1 7 3 10 6 -7 -8 8 -10 -11 -12 12 -14
leaf_value=0 -0.0040905140900477886 0.035099951240642809 -0.014551430047175023 0.036875771249990058 0.0051145227312102996 0.014706310458479591 -0.030441524047868096 0.014456007111073676 0.033029754586255622 -0.012304881540877357 0.0087813565488961392 0.020300804856626258 0.039871310721444099
leaf_weight=4.6693606376647931 190.89315944164991 6.329721897840499 5.8740611821413067 8.0840849280357379 6.5009718835353878 20.095884844660759 14.806464001536368 13.127101749181749 5.2877402603626242 16.063442908227444 8.6714477092027646 3.8208750784397125 3.8372747600078583
leaf_count=22 902 38 30 35 32 92 70 77 32 76 39 20 20
internal_value=0.000102041 -0.000690992 -0.00237772 0.0128418 -0.00387815 -0.00227986 -0.0194799 0.00975263 0.00492441 -0.000159716 0.0226525 0.0192206 0.0308812
internal_weight=308.062 295.734 254.926 22.6296 232.296 210.989 21.3074 40.808 34.4783 29.1905 16.7555 12.3275 7.65815
internal_count=1485 1423 1200 104 1096 994 102 223 185 153 74 62 40
is_linear=0
shrinkage=0.03


Tree=81
num_leaves=20
num_cat=0
split_feature=207 25 223 33 159 108 59 55 161 153 20 93 103 197 158 1 195 120 58
split_gain=5.09099 7.40772 6.15217 7.84371 5.85326 5.77032 7.82226 8.51011 6.85516 7.05952 5.00367 5.03789 4.95311 4.68867 3.94211 3.91418 3.81637 2.46684 2.01967
threshold=1.3493160185726731 23.025000000000002 0.27426467785227532 -0.24689999999999998 23.901371756931294 20871211.605000004 2.2559 20220371.500000004 65.871954879807717 10.836390672865747 17.440000000000001 0.047141728750000007 0.3596998013499999 1.0000000180025095e-35 36.032653249821408 19.185000000000006 -7.1899999999999933 0.029250000000000002 69.663850000000011
decision_type=2 2 2 2 2 2 2 2 2 2 2 2 2 2 2 2 2 2 2
left_child=1 5 3 -2 14 6 15 -8 9 -7 11 12 -4 -6 -5 -1 -12 -3 -13
right_child=2 17 10 4 13 8 7 -9 -10 -11 16 18 -14 -15 -16 -17 -18 -19 -20
leaf_value=0.027567267486748905 0.028229163350363181 0.0097031049630932377 0.014859737846999144 -0.0086363756944677367 -0.010307694734589526 -0.0038223436747737791 -0.012661780184522799 0.011375421276306325 -0.034435001288890522 0.023199154679891143 0.0072307151367316915 0.014531750810559988 -0.021694096775911897 0.015467632584171912 -0.02741135916581371 -0.0019438050767145406 -0.025618975166393654 0.037934532197559732 0.043762071453031605
leaf_weight=19.736957684159282 4.4286892116069785 5.4768689125776273 9.2348509952425974 18.443718127906322 19.044724673032764 89.602555602788925 22.765582457184792 31.37070032954216 5.8289577215909949 9.524614565074442 5.7648052349686623 4.720831632614134 5.0734841972589484 9.3712188899517042 24.105449512600899 4.8314292356371871 6.6384843885898572 6.669811837375164 4.8329989835619926
leaf_count=94 21 27 44 94 96 426 99 161 25 45 26 22 23 44 124 28 30 32 24
internal_value=0.000102217 0.00302646 -0.00499706 -0.00989027 -0.0123478 0.00150186 0.00764851 0.00120719 -0.00308173 -0.00117499 0.00509237 0.0131629 0.00162957 -0.00167768 -0.0193827 0.0216579 -0.0101754 0.0256333 0.0299294
internal_weight=307.467 195.807 111.659 75.3938 70.9651 183.661 78.7047 54.1363 104.956 99.1272 36.2655 23.8622 14.3083 28.4159 42.5492 24.5684 12.4033 12.1467 9.55383
internal_count=1485 937 548 379 358 878 382 260 496 471 169 113 67 140 218 122 56 59 46
is_linear=0
shrinkage=0.03


Tree=82
num_leaves=13
num_cat=0
split_feature=213 47 63 122 44 49 110 143 192 39 186 58
split_gain=5.11583 6.34916 6.18983 5.81458 6.58854 7.3203 6.78966 6.30716 5.38636 5.33897 3.09801 1.87435
threshold=1.1888873515302996 39.32500000000001 3.1051109334500002 0.55415000000000014 17.790000000000003 21.915000000000003 8010.7300000000005 69.033471510000012 0.077594122867630372 0.61355000000000015 -0.24535647945083708 38.118850000000009
decision_type=2 2 2 2 2 2 2 2 2 2 2 2
left_child=2 11 10 4 6 -6 -4 9 -9 -5 -1 -2
right_child=1 -3 3 7 5 -7 -8 8 -10 -11 -12 -13
leaf_value=0.00521266159854567 -0.012307956727702353 0.013661572954163384 -0.00052651431859632842 0.031829364577348154 -0.02377343851947154 -0.0033968305501086964 0.016553687151045722 -0.023182540660688724 0.0099245186883962014 -0.0041619747538655964 0.038823164875607559 -0.040464768029730987
leaf_weight=4.8676792085170746 3.94050484895706 4.0397916287183753 120.96419067680836 14.695639222860338 20.09074854105711 76.805783718824387 25.158818982541561 6.536612547934058 13.106877356767653 4.7343219965696326 5.5353768616914731 6.2212169766426086
leaf_count=23 20 19 577 71 100 377 123 33 59 23 27 33
internal_value=0.000100705 -0.017408 0.000966715 0.000114032 -0.00160355 -0.00767285 0.00240307 0.01085 -0.00100193 0.0229297 0.0235815 -0.0300648
internal_weight=306.698 14.2015 292.496 282.093 243.02 96.8965 146.123 39.0735 19.6435 19.43 10.4031 10.1617
internal_count=1485 72 1413 1363 1177 477 700 186 92 94 50 53
is_linear=0
shrinkage=0.03


Tree=83
num_leaves=16
num_cat=0
split_feature=201 113 22 25 216 156 52 10 160 188 55 138 225 84 170
split_gain=5.0719 6.08517 5.71925 6.81696 6.47481 5.31796 4.78677 4.7267 5.46144 6.3492 5.56237 4.59912 3.72862 2.62203 0.877465
threshold=-6.2449999999999992 -0.055499999999999994 24.975000000000005 23.175000000000004 0.78778666933325614 18.665010153985492 0.075073070616864232 0.82000000000000017 1.757140649194415 -0.21003133837381235 20210710.500000004 2.0553898148148151 0.5458333333333335 0.93970681980000015 1.6218829944327477
decision_type=2 2 2 2 2 2 2 2 2 2 2 2 2 2 2
left_child=11 7 3 4 -3 -5 -4 8 10 -10 -2 -1 14 -8 -13
right_child=1 2 6 5 -6 -7 13 -9 9 -11 -12 12 -14 -15 -16
leaf_value=0.011966702726096115 0.0067593285106913713 0.02047984102242351 -0.03925696906437845 0.033163980083528478 0.0012678608858538627 -0.0050439479061338893 -0.020525734219977294 -0.036422541033056755 -0.013310023541216005 0.034396486980166223 -0.017589721551107832 -0.043856176421025878 0 0.010260308900865689 -0.023367553403777833
leaf_weight=4.347930625081065 11.897930175065992 17.226255342364311 4.7493665218353263 12.111569829285147 184.26340070366859 4.2734621763229361 4.1896137148141843 4.7088034823536864 4.13800048828125 5.8884555399417859 27.452668979763985 4.2700520008802396 4.7888791859149924 5.7445584535598755 6.2198924124240875
leaf_count=20 51 83 23 58 896 20 20 23 20 26 142 21 22 26 34
internal_value=9.7299e-05 0.00111925 0.00323676 0.00447075 0.00293461 0.0230466 -0.0147767 -0.00791942 -0.00507249 0.0144744 -0.0101531 -0.014606 -0.0223915 -0.00249951 -0.0323263
internal_weight=306.271 286.644 232.558 217.875 201.49 16.385 14.6835 54.0859 49.3771 10.0265 39.3506 19.6268 15.2788 9.93417 10.4899
internal_count=1485 1388 1126 1057 979 78 69 262 239 46 193 97 77 46 55
is_linear=0
shrinkage=0.03


Tree=84
num_leaves=18
num_cat=0
split_feature=0 0 216 203 119 9 51 24 44 76 10 62 108 194 66 223 108
split_gain=5.07769 8.29122 6.32232 6.94701 7.94798 5.79954 7.20926 4.54781 4.32746 4.92049 4.31245 3.74877 5.77728 5.19053 2.13878 0.271825 0.0154443
threshold=20240265.000000004 20230527.500000004 0.81238032609326349 8.3067678450369637 0.17605000000000001 -0.054999999999999993 3.5300000000000007 56.465000000000011 7.660000000000001 8.2148693073000025 -1.1949999999999996 3.0150000000000001 32461276.150000002 -3.359999999999999 4.9476676438000009 0.27576430478182823 64355296.930000007
decision_type=2 2 2 2 2 2 2 2 2 2 2 2 2 2 2 2 2
left_child=1 2 5 4 -4 6 -1 15 -9 10 -10 12 13 -3 -14 -2 -13
right_child=7 11 3 -5 -6 -7 -8 8 9 -11 -12 16 14 -15 -16 -17 -18
leaf_value=0.042372493648695851 0.036162048933538256 -0.015932036386605911 0.043316983855326327 -0.035360366208322211 -0.0016084167474745359 -0.01033344947985374 0.0034730914448301738 0.035902062359842862 0.03075140158608413 -0.022676479109773762 0.0024656895167194178 -0.036443439733622601 -0.037119691419596763 0.025399311095981911 -0.0052054878722941813 0.019127199658027751 -0.023791861610813571
leaf_weight=8.8693996816873604 4.2172964289784423 5.1245974004268664 3.5139547139406195 5.2669074684381476 178.04900155961514 5.941623628139495 8.6013814061880094 3.6475516483187667 5.4017358869314185 6.0839146375656119 44.453201845288277 6.168240584433077 6.0726715847849828 5.561775758862499 3.1169942319393158 2.8667953610420227 2.808481365442276
leaf_count=41 27 30 16 25 804 27 37 24 32 29 234 41 38 25 17 18 20
internal_value=9.27235e-05 -0.00193927 0.000119223 -0.00171063 -0.000699054 0.0147941 0.0235207 0.00741682 0.00463013 0.00247705 0.0056459 -0.0169912 -0.00942664 0.00533699 -0.0267904 0.0300482 -0.0331215
internal_weight=305.766 239.095 210.242 186.83 181.563 23.4124 17.4708 66.6705 59.5864 55.9389 49.8549 28.8528 19.876 10.6864 9.18967 7.08409 8.97672
internal_count=1485 1121 950 845 820 105 78 364 319 295 266 171 110 55 55 45 61
is_linear=0
shrinkage=0.03


Tree=85
num_leaves=12
num_cat=0
split_feature=217 170 158 142 223 207 187 199 93 146 141
split_gain=5.0206 5.48113 8.97802 5.22676 5.59807 7.97467 5.57055 4.85086 5.13571 4.69385 2.48335
threshold=-0.38817359442977206 1.3620779858600858 72.621743430099215 34.362183109333337 0.27426467785227532 1.3493160185726731 -0.41896109884015725 -8.7749999999999986 4.9510416095500007 5.5431631315078267 2.7987750000000005
decision_type=2 2 2 2 2 2 2 2 2 2 2
left_child=-1 2 7 -3 5 -5 -6 -2 -9 10 -4
right_child=1 3 9 4 6 -7 -8 8 -10 -11 -12
leaf_value=-0.02963434497173021 0.024287345220015931 0.039285661080475862 0.042291099531808429 0.0051647098698925382 -0.023145320886354862 -0.010089580510967323 0.013076510453184533 -0.008148439130253279 -0.038924249208956069 -0.0033109088101663684 0.0097440987042595895
leaf_weight=4.9257489740848532 3.7218156158924094 3.539262279868125 5.4681806415319461 82.227909564971924 3.9591463804244986 49.18763567507267 55.15242038667202 80.923637114465237 5.1770859062671652 6.6158076524734488 3.9716172143816948
leaf_count=24 17 17 25 396 19 247 277 389 25 29 20
internal_value=9.0583e-05 0.000598444 -0.00487721 0.00360226 0.0029034 -0.000525351 0.0105648 -0.00859407 -0.0100767 0.0156555 0.0291577
internal_weight=304.87 299.945 105.878 194.066 190.527 131.416 59.1116 89.8225 86.1007 16.0556 9.4398
internal_count=1485 1461 505 956 939 643 296 431 414 74 45
is_linear=0
shrinkage=0.03


Tree=86
num_leaves=9
num_cat=0
split_feature=71 47 0 0 216 222 177 143
split_gain=4.81775 5.60777 5.39381 9.21633 5.90831 4.74144 4.50974 2.94534
threshold=2.4438634891000004 4.247440000000001 20240265.000000004 20230613.500000004 0.81238032609326349 0.87574621987886192 -1.2460780873563317 56.968752535000007
decision_type=2 2 2 2 2 2 2 2
left_child=-1 -2 3 4 -3 6 -4 -5
right_child=1 2 5 7 -6 -7 -8 -9
leaf_value=0.02309908204888245 0.025624632062158651 0.012843267402261794 0.024535940188491111 -0.0074707408884341093 -0.0031481349180576398 -0.021143438753394632 0.0044041648026382557 -0.029644314500793082
leaf_weight=7.8798253238201132 7.0939383134245864 23.401660837233067 12.932404287159441 9.4335651621222514 178.17763115465641 4.9934490472078314 46.103680953383446 14.29817873239517
leaf_count=37 35 106 76 53 811 22 253 92
internal_value=8.79581e-05 -0.00052119 -0.00118122 -0.00337362 -0.00127134 0.00647998 0.00889898 -0.0210244
internal_weight=304.314 296.435 289.341 225.311 201.579 64.0295 59.0361 23.7317
internal_count=1485 1448 1413 1062 917 351 329 145
is_linear=0
shrinkage=0.03


Tree=87
num_leaves=17
num_cat=0
split_feature=201 113 159 152 207 216 135 116 142 55 144 91 173 165 212 214
split_gain=4.82137 5.67759 6.40003 5.64458 7.40116 5.6994 8.22662 5.81106 5.34108 5.41238 5.06079 4.41906 4.39933 3.60763 3.34619 3.92813
threshold=-6.2449999999999992 -0.055499999999999994 47.022714661607175 12.153133294631511 1.4872767566811886 0.78778666933325614 41.810708110367905 -0.56004999999999983 70.822049485683252 20211026.000000004 1.5182161030971717 0.55906206489600019 0.13763564484119714 41.632493572758044 -0.24369999999999997 0.99740356602579761
decision_type=2 2 2 2 2 2 2 2 2 2 2 2 2 2 2 2
left_child=12 2 8 5 13 6 -3 -7 9 -2 -6 -10 14 -5 -1 -16
right_child=1 3 -4 4 10 7 -8 -9 11 -11 -12 -13 -14 -15 15 -17
leaf_value=0.015436029904894805 0.031525842765225763 -0.016244386975538212 0.023693491627277068 0.043481482930077885 0.019979650488226013 -0.020985648596581013 0.029206708171333414 0.001174107546952789 -0.01043127816313137 -0.010645232025876729 -0.015744049097583847 -0.034661588859962074 -0.03887801445782612 0.0092170947213043846 -0.037529399525412593 0
leaf_weight=4.4315213933587083 4.6348123997449857 4.6918181031942394 5.1287425756454459 8.6072049215436 6.5533853098750097 11.242005020380018 13.571762353181837 174.00758891552687 28.36511654406786 6.27896548807621 7.5829792767763138 9.1620586737990362 4.8541904538869849 4.5112811475992194 4.1214659959077835 5.9431784003973007
leaf_count=23 20 22 23 39 30 55 67 855 140 33 37 46 25 21 19 30
internal_value=8.57215e-05 0.00108365 -0.0076899 0.00313575 0.0159414 0.00139907 0.0173423 -0.000165084 -0.0111164 0.00711503 0.000630155 -0.0165031 -0.0143539 0.0320842 -0.00572614 -0.0153993
internal_weight=303.688 284.338 53.5697 230.768 27.2549 203.513 18.2636 185.25 48.441 10.9138 14.1364 37.5272 19.3504 13.1185 14.4962 10.0646
internal_count=1485 1388 262 1126 127 999 89 910 239 53 67 186 97 60 72 49
is_linear=0
shrinkage=0.03


Tree=88
num_leaves=17
num_cat=0
split_feature=217 170 155 39 136 22 136 55 16 157 227 135 161 27 115 68
split_gain=4.74138 5.10629 8.34318 5.05896 8.35372 7.64232 7.48262 6.69561 6.48888 4.98115 5.57397 5.53114 4.67818 4.46747 4.09034 3.47926
threshold=-0.38817359442977206 1.3620779858600858 36.29541026843139 0.5465000000000001 45.806450000000005 23.025000000000002 19.654125000000004 20240520.500000004 20.025000000000002 31.770990166835471 -0.032087578446952335 51.73233703208556 -1.9577215634083034 0.73931461875931592 0.25955000000000006 1.6995260830500003
decision_type=2 2 2 2 2 2 2 2 2 2 2 2 2 2 2 2
left_child=-1 2 12 4 6 -6 -3 8 -5 11 -11 -4 15 -9 -14 -2
right_child=1 3 9 7 5 -7 -8 13 -10 10 -12 -13 14 -15 -16 -17
leaf_value=-0.029009756002056953 0.0041020269682253245 0.023377441894580905 -0.0037898183687823418 -0.020738900166776736 0.025345662238149047 -0.0069226369375587826 -0.0019980237820351543 0.00062528586389652414 0.001647067597989994 0.026246433303816031 -0.0063908549758115527 -0.022071219302165199 0.017268452818034616 0.027763003437476414 -0.02172491318845195 0.037422936401687153
leaf_weight=4.8554024100303641 5.0238211452960986 12.161160036921499 28.611650161445141 23.356612324714661 31.152867458760738 8.1575131937861425 70.309026561677456 17.163633190095428 22.678705424070358 6.462114185094836 16.392396949231625 32.162159517407417 4.3152355551719648 8.0761565715074521 5.1915326714515686 7.1390152275562286
leaf_count=24 26 58 139 113 161 39 342 91 109 31 76 155 20 43 25 33
internal_value=8.29797e-05 0.000576048 -0.0047234 0.00348299 0.00720309 0.0185728 0.00173132 -0.00283232 -0.00966605 -0.00904169 0.00278079 -0.0135342 0.0117691 0.00950242 -0.00371757 0.0240502
internal_weight=303.209 298.354 105.298 193.056 121.781 39.3104 82.4702 71.2751 46.0353 83.6283 22.8545 60.7738 21.6696 25.2398 9.50677 12.1628
internal_count=1485 1461 505 956 600 200 400 356 222 401 107 294 104 134 45 59
is_linear=0
shrinkage=0.03


Tree=89
num_leaves=13
num_cat=0
split_feature=213 22 25 228 228 84 156 214 39 150 228 105
split_gain=4.76298 5.59122 6.85268 6.72588 12.3844 7.4957 6.10165 5.38254 5.1988 2.51886 2.47321 1.88217
threshold=1.1888873515302996 24.675000000000004 23.475000000000005 1.131391705656321 1.0005012331257042 4.3426372922000009 17.650675943552585 1.0380855644853255 0.65040000000000009 2.965289930719075 0.83911206372334746 -0.29050724589999977
decision_type=2 2 2 2 2 2 2 2 2 2 2 2
left_child=1 2 3 4 -1 -5 11 9 10 -3 -2 -4
right_child=8 7 6 5 -6 -7 -8 -9 -10 -11 -12 -13
leaf_value=0.0018874732983357552 -0.011793658781355821 -0.0096945944179800177 0.04451879162805375 0.015619378202658376 -0.017579453485946243 -0.016296669163127366 -0.0081780716282517461 0.004404321597188102 0.01258520324321811 -0.037673230949380722 -0.042643143012312583 0.018081346880902495
leaf_weight=165.74110711365938 4.9866240173578245 5.4730059057474154 6.1130404546856871 42.76179051399231 35.617223285138607 7.6606516987085334 4.3557882755994788 8.4554203748702985 3.7155761271715155 7.3047721907496452 5.1998366191983223 5.1864193528890601
leaf_count=821 25 26 28 210 170 35 20 39 19 38 28 26
internal_value=8.12608e-05 0.000919652 0.00210766 0.000893808 -0.00154806 0.0106884 0.0213099 -0.0138427 -0.0169955 -0.0260907 -0.0280944 0.0329123
internal_weight=302.571 288.669 267.436 251.781 201.358 50.4224 15.6552 21.2332 13.902 12.7778 10.1865 11.2995
internal_count=1485 1413 1310 1236 991 245 74 103 72 64 53 54
is_linear=0
shrinkage=0.03


Tree=90
num_leaves=14
num_cat=0
split_feature=63 47 37 112 142 96 210 143 215 143 19 23 108
split_gain=4.62892 5.88422 5.87973 7.88657 5.23208 6.19209 6.33388 6.14822 4.91293 5.51924 2.00451 1.55976 0.135423
threshold=4.0686190855500008 4.247440000000001 0.40970000000000006 -0.31219999999999992 66.623531180800015 0.56503718505000011 1.0146803234803754 39.594114080000004 0.91478546677537731 38.544246960000002 19.425000000000004 14.685 8401259.0150000025
decision_type=2 2 2 2 2 2 2 2 2 2 2 2 2
left_child=2 -2 3 -1 8 6 -6 -7 10 -10 -3 -5 -13
right_child=1 4 -4 11 5 7 -8 -9 9 -11 -12 12 -14
leaf_value=-0.0087278149481760884 0.027103342039780157 0.012802786204442097 -0.012907241353723838 0.018078623832365096 -0.021929801367068919 -0.025738692551023144 -0.0012532561085583681 0.00051532376941246553 -0.0090627567313367376 0.013885056802038633 0.042081331504121494 0.033172768158085397 0.049509809556744312
leaf_weight=5.2678028345108094 6.4392196610569945 5.0912033021450025 5.7913922965526572 4.3351094722747794 29.071087129414082 8.3369779214262945 25.180008538067341 162.6908011212945 18.540883108973503 18.884989999234676 4.2663345634937286 3.8650816455483419 4.2265865579247475
leaf_count=25 32 27 31 21 148 40 126 794 89 92 20 21 19
internal_value=7.7704e-05 -0.000992664 0.0128479 0.0214713 -0.00167838 -0.00358359 -0.0124082 -0.000761225 0.00741996 0.00244284 0.0267726 0.0344799 0.0425727
internal_weight=301.987 278.502 23.486 17.6946 272.062 225.279 54.2511 171.028 46.7834 37.4259 9.35754 12.4268 8.09167
internal_count=1485 1368 117 86 1336 1108 274 834 228 181 47 61 40
is_linear=0
shrinkage=0.03


Tree=91
num_leaves=18
num_cat=0
split_feature=197 215 59 59 198 191 89 223 62 44 58 141 0 223 190 42 119
split_gain=4.45079 8.3099 5.75944 6.72095 6.36896 6.25108 5.53775 6.49996 8.22957 8.44575 6.16267 5.33485 4.50092 6.06937 4.29517 4.1758 2.20656
threshold=-1.3500000000000003 0.81413423452318678 2.2306000000000004 2.3946000000000005 -0.60000000000000042 5.7298873398128309 5.1908240670000003 0.21388813728477682 3.0150000000000001 71.670000000000002 32.631200000000007 1.3052250000000003 20215667.500000004 0.17452295514170832 -0.033114270242052185 0.45891566265060246 0.33265000000000006
decision_type=2 2 2 2 2 2 2 2 2 2 2 2 2 2 2 2 2
left_child=6 16 5 -4 -5 11 7 12 10 -10 -9 -3 13 -1 -8 -14 -2
right_child=1 2 3 4 -6 -7 14 8 9 -11 -12 -13 15 -15 -16 -17 -18
leaf_value=0.018452843087439094 0.0093592312646132523 -0.0097737952728650206 -0.029089686809524656 0.0094918255694056413 -0.0043938422495357135 -0.015410394377026177 0.032779713346577477 0.028543449010698073 -0.019603725489817255 0.022426461737672734 -0.0020913382710716528 0.02079550078512072 -0.001844605799450869 -0.019657300935846899 -0.0017621338080070124 -0.038061448155256881 0.037323143003092432
leaf_weight=5.4402861148118999 4.5225082039833051 5.9698029309511176 7.5465412661433211 42.449407637119293 98.497601412236691 6.7420699074864379 5.5349219441413879 10.699432268738748 23.756908513605598 5.1011106073856345 12.65907711535692 30.443576402962208 3.9622103273868587 11.36178447306156 7.2426212057471258 12.388692267239092 7.2408933937549591
leaf_count=24 24 29 36 211 488 34 24 50 111 24 62 150 22 53 34 72 37
internal_value=7.71155e-05 0.00261835 0.00109319 -0.00169446 -0.000186822 0.0107363 -0.00515643 -0.00793706 -0.00127058 -0.0120188 0.011875 0.0156886 -0.0183113 -0.00710408 0.013106 -0.0295322 0.0269946
internal_weight=301.559 203.412 191.649 148.494 140.947 43.1554 98.147 85.3695 52.2165 28.858 23.3585 36.4134 33.153 16.8021 12.7775 16.3509 11.7634
internal_count=1485 1009 948 735 699 213 476 418 247 135 112 179 171 77 58 94 61
is_linear=0
shrinkage=0.03


Tree=92
num_leaves=12
num_cat=0
split_feature=213 47 63 51 169 225 112 186 123 186 58
split_gain=4.48081 5.96549 5.30095 5.89327 6.18889 6.2537 5.35884 5.71689 4.49148 2.99303 1.74071
threshold=1.1888873515302996 39.32500000000001 3.1051109334500002 3.1850000000000005 -29.819188339748099 0.57916666666666672 -1.0194499999999997 0.32443204820794153 0.35425000000000006 -0.24535647945083708 38.118850000000009
decision_type=2 2 2 2 2 2 2 2 2 2 2
left_child=2 10 9 4 -4 -6 8 -8 -5 -1 -2
right_child=1 -3 3 6 5 -7 7 -9 -10 -11 -12
leaf_value=0.0038900663135906723 -0.01178165116420854 0.013750248644928591 -0.025260899394233028 -0.039578694243731859 0.0068269092158856019 -0.013120610129536428 -0.0087994981217709208 0.0058553864501361295 -0.0023983741796006061 0.037293438578746035 -0.039418771117365581
leaf_weight=4.7589230835437775 3.8334839940071088 3.9595480412244788 6.2595995068550101 6.9653807580471021 143.92258184403181 15.502566136419771 59.156080946326256 39.901702590286732 5.3205722495913506 5.3754065409302694 5.9687455669045448
leaf_count=23 20 19 30 37 712 69 291 196 28 27 33
internal_value=7.43457e-05 -0.016574 0.000888126 9.39176e-05 0.00369072 0.00486139 -0.00522988 -0.00286612 -0.0238689 0.0220921 -0.0291415
internal_weight=300.925 13.7618 287.163 277.028 165.685 159.425 111.344 99.0578 12.286 10.1343 9.80223
internal_count=1485 72 1413 1363 811 781 552 487 65 50 53
is_linear=0
shrinkage=0.03


Tree=93
num_leaves=19
num_cat=0
split_feature=223 116 211 218 207 203 197 26 15 145 228 47 42 170 121 38 22 223
split_gain=4.41568 8.29424 7.46172 6.58901 6.08832 7.73229 5.7454 6.64453 5.71875 5.44626 5.40567 4.88821 4.84326 5.25698 5.5708 4.18462 4.17253 0.175763
threshold=0.29248943671650535 -0.21519999999999997 1.4032331718517408 0.015663134710399321 1.5301027928514126 7.0370761143827929 1.0000000180025095e-35 13.815000000000003 70.060000000000016 0.59042763813162547 0.9408268165787198 38.315000000000005 0.52705220883534143 -5.422222273736085 0.46035000000000004 0.4811457983193278 20.025000000000002 0.31156802526402078
decision_type=2 2 2 2 2 2 2 2 2 2 2 2 2 2 2 2 2 2
left_child=1 2 8 16 5 10 7 -6 9 -1 -3 -10 13 -5 -15 -8 17 -2
right_child=3 4 -4 12 6 -7 15 -9 11 -11 -12 -13 -14 14 -16 -17 -18 -19
leaf_value=0.0036601703450095803 0.042572544072556055 0.012302077325064871 0.025369338150504194 -0.03195994587632018 0.0056055546650979893 -0.027039555369012421 0.027547750357608741 -0.024223185238150508 0.0092587024190701923 -0.023133431702397771 -0.0011183946990012241 -0.022326032854538255 0.02884989600579492 0.0062169362377628955 -0.030254602037774643 -0.0047296170979250936 0.0044016303353699941 0.026793398511276642
leaf_weight=8.0040544718503934 5.6870734989643079 71.657729834318161 4.8208205699920645 4.5150714293122283 9.588596351444723 6.105512209236621 5.7924256473779669 21.060565672814846 15.229719929397108 39.270636945962906 42.673007294535637 6.0897624865174285 5.1361249461770049 32.714199125766754 4.1472344994544974 8.9932273924350721 5.8923911154270163 3.1716715395450592
leaf_count=38 29 351 24 21 51 29 26 110 73 197 206 31 23 163 20 44 28 21
internal_value=7.02653e-05 -0.00176013 -0.0101549 0.00725959 0.00194122 0.00548497 -0.00737789 -0.0148058 -0.0127285 -0.0185355 0.00727018 3.45701e-05 0.00163195 -0.00173573 0.00196165 0.00781394 0.0246719 0.0376202
internal_weight=300.55 239.286 73.415 61.2638 165.871 120.436 45.4348 30.6492 68.5942 47.2747 114.331 21.3195 46.5126 41.3765 36.8614 14.7857 14.7511 8.85875
internal_count=1485 1180 363 305 817 586 231 161 339 235 557 104 227 204 183 70 78 50
is_linear=0
shrinkage=0.03


Tree=94
num_leaves=16
num_cat=0
split_feature=217 170 158 23 33 123 48 12 123 133 146 146 27 75 141
split_gain=4.38964 4.75197 7.94525 6.33962 5.54331 4.73153 8.83417 9.45403 6.93981 6.6463 6.25366 4.3667 4.12826 3.59477 2.34908
threshold=-0.38817359442977206 1.3620779858600858 72.621743430099215 19.815000000000001 -0.25128186445555589 0.36535000000000006 16.795000000000005 71.815000000000012 0.40935000000000005 674.50000000000011 3.9850863487378274 5.5431631315078267 0.33290429785197856 0.21588857670400005 2.7987750000000005
decision_type=2 2 2 2 2 2 2 2 2 2 2 2 2 2 2
left_child=-1 2 3 4 -2 6 9 -8 12 -3 -10 14 -7 -5 -4
right_child=1 5 11 13 -6 8 7 -9 10 -11 -12 -13 -14 -15 -16
leaf_value=-0.028270596099813326 0.029433357150566303 0.012888222898873663 0.041023631094196517 -0.0025294505767234038 -0.0065085487097543502 -0.0011405142089466586 -0.016005539767656066 0.0057958735198652463 0.010175451880338216 -0.014878838415518661 -0.017558664259781993 -0.0034682293143597771 0.031366864576324621 -0.036011132729558672 0.0090232901502358288
leaf_weight=4.7358213365077964 3.9654343798756591 51.613496117293835 5.342302590608595 4.3229104578495017 69.990575484931469 4.2454271018505123 42.134982883930206 30.743013627827168 27.179278217256069 8.9472863823175413 9.8616722226142866 6.5293039977550498 16.264122702181339 10.113049432635306 3.8919719159603119
leaf_count=24 20 248 25 21 341 22 217 155 144 43 47 29 80 49 20
internal_value=6.911e-05 0.000543424 -0.00459647 -0.00811938 -0.00450373 0.00336309 0.000237013 -0.00677234 0.0105463 0.00871868 0.00268343 0.0148952 0.0245195 -0.0262777 0.028099
internal_weight=299.881 295.145 104.156 88.392 73.956 190.989 133.439 72.878 57.5505 60.5608 37.041 15.7636 20.5095 14.436 9.23427
internal_count=1485 1461 505 431 361 956 663 372 293 291 191 74 102 70 45
is_linear=0
shrinkage=0.03


Tree=95
num_leaves=11
num_cat=0
split_feature=201 190 22 213 54 138 225 194 224 133
split_gain=4.34892 5.22545 5.59292 5.85765 5.65225 4.0861 3.60405 3.0487 2.4184 0.738964
threshold=-6.2449999999999992 -19.649172477055021 25.725000000000005 1.2132395100855802 331.50000000000006 2.0553898148148151 0.5458333333333335 -5.3900000000000032 0.056839705761165336 672.50000000000011
decision_type=2 2 2 2 2 2 2 2 2 2
left_child=5 -2 3 4 -3 -1 9 -4 -5 -7
right_child=1 2 7 8 -6 6 -8 -9 -10 -11
leaf_value=0.011604830719805479 0.037151622018942905 0.0077911858416840575 -0.040916660274514974 -0.037912254873508182 -0.0013113085548050356 -0.020185462700256503 0 -0.0042381731636994642 -0.0051730054368534419 -0.039492825433579605
leaf_weight=4.2127608060836819 3.4589741453528395 98.744547538459301 4.269263967871666 4.499711759388445 160.91673680394888 4.5546979233622533 4.6892176866531363 4.2538580298423749 4.1317856758832932 5.4992524832487106
leaf_count=20 16 505 22 27 778 25 22 20 20 30
internal_value=6.64544e-05 0.00101896 0.000543374 0.00131783 0.00214033 -0.0137909 -0.021279 -0.0232199 -0.0228227 -0.0313265
internal_weight=299.231 280.275 276.816 268.293 259.661 18.9559 14.7432 8.52312 8.6315 10.054
internal_count=1485 1388 1372 1330 1283 97 77 42 47 55
is_linear=0
shrinkage=0.03


Tree=96
num_leaves=14
num_cat=0
split_feature=43 149 63 228 37 174 170 112 18 20 18 23 191
split_gain=4.27265 5.18105 6.74201 5.88663 5.27328 5.18029 6.64913 4.69906 4.39299 4.2602 2.99637 2.61338 0.467592
threshold=4.8029999999999999 0.23195678991656601 4.0686190855500008 1.172361658122739 0.42290000000000005 1.2463905306597602 4.0141059162420634 -0.51644999999999996 59.715000000000011 14.185 61.400000000000013 18.685000000000006 3.0439264359154237
decision_type=2 2 2 2 2 2 2 2 2 2 2 2 2
left_child=10 3 4 9 7 6 -4 -3 -7 -2 -1 -11 -12
right_child=1 2 5 -5 -6 8 -8 -9 -10 11 12 -13 -14
leaf_value=-0.00069892934827383711 -2.7163541131437732e-05 -0.00055385254225297491 -0.003166875927299629 0.011970722607018718 -0.0096923702253955135 0.013266875273006943 0.0078142650628222465 0.037611985546672236 -0.020120144431783466 -0.033620774452994377 0.019278721062041485 -0.0062330906766498743 0.038505410056791693
leaf_weight=4.5548357814550382 7.9891171306371715 3.813184306025506 133.98538792133331 7.0708506703376761 4.4420662671327582 4.1629164442420032 78.576238594949245 10.284236416220665 19.119484454393387 13.088275395333769 3.5969222187995911 4.559862181544303 3.5853706225752831
leaf_count=22 38 18 670 33 23 21 384 51 98 65 20 22 20
internal_value=6.1899e-05 -0.000656084 0.00077963 -0.011882 0.018154 -0.000580553 0.000880108 0.0271461 -0.013991 -0.0185981 0.0177345 -0.0267885 0.0296855
internal_weight=298.829 287.092 254.384 32.7081 18.5395 235.844 212.562 14.0974 23.2824 25.6373 11.7371 17.6481 7.18229
internal_count=1485 1423 1265 158 92 1173 1054 69 119 125 62 87 40
is_linear=0
shrinkage=0.03


Tree=97
num_leaves=22
num_cat=0
split_feature=223 116 117 211 119 15 107 29 0 0 101 223 127 108 12 149 80 147 195 15 228
split_gain=4.15611 8.86042 7.16559 6.63933 6.01362 5.87947 7.57354 5.77323 10.3653 11.3343 5.927 6.6253 5.99883 5.42536 4.30544 3.97843 3.88544 3.74121 2.9619 2.64191 0.076105
threshold=0.30100528786915554 0.021550000000000003 -0.030849999999999995 1.4032331718517408 0.34310000000000002 70.060000000000016 14.215000000000002 0.12575000000000003 20210812.000000004 20240265.000000004 -0.44610474459999988 0.14983976844233798 3620.4750000000004 51884520.18500001 72.890000000000015 0.44071071720854371 0.76273609990000013 11.672275744859139 -3.8950000000000027 72.340000000000018 1.1122624569165678
decision_type=2 2 2 2 2 2 2 2 2 2 2 2 2 2 2 2 2 2 2 2 2
left_child=2 19 3 5 14 6 -1 10 13 -10 11 -4 -12 -9 18 -6 -17 -7 -3 20 -2
right_child=1 4 7 -5 15 17 -8 8 9 -11 12 -13 -14 -15 -16 16 -18 -19 -20 -21 -22
leaf_value=-0.0036179577251962479 0.028446967865655776 -0.015120597369769067 -0.019014438663625472 0.02401980417089572 -0.027520326489181901 -0.0032780947704739603 -0.024806366750926821 -0.0059376262784724045 -0.033865252035175562 0.008380918427802737 0.012253641158162199 0.021493123543607544 -0.0045724445866268002 0.03030912149089203 0.037757621776108835 -0.023938115070851685 0.013946350391795988 0.026365697995202098 0.01710374357760561 0.0072755968242958872 0.042212913723394467
leaf_weight=28.683445058763027 3.6146655529737455 4.431991033256053 3.9846401810646048 5.4062388390302649 7.8454488590359714 25.43272361159325 33.175485320389271 7.0198952853679639 16.218077644705776 8.593353793025015 29.894196279346943 29.550046496093273 52.015717819333076 7.4775122404098511 4.6492854729294768 3.654256232082842 6.8247897699475288 4.3978718966245642 5.7371928840875617 4.0151740834116927 5.7401686161756516
leaf_count=138 23 21 20 27 36 126 172 31 91 45 149 139 257 33 22 18 37 20 29 21 30
internal_value=5.98724e-05 0.00829854 -0.00145247 -0.00784429 0 -0.00977988 -0.0150516 0.00254099 -0.00734264 -0.0191381 0.00593578 0.0165485 0.00153935 0.0126319 0.014119 -0.011504 0.000350289 0.00106549 0.00275693 0.0288153 0.0375682
internal_weight=298.362 46.513 251.849 97.0958 33.143 91.6895 61.8589 154.753 39.3088 24.8114 115.445 33.5347 81.9099 14.4974 14.8185 18.3245 10.479 29.8306 10.1692 13.37 9.35483
internal_count=1485 237 1248 483 163 456 310 765 200 136 565 159 406 64 72 91 55 146 50 74 53
is_linear=0
shrinkage=0.03


Tree=98
num_leaves=11
num_cat=0
split_feature=201 190 22 213 131 173 212 215 194 228
split_gain=4.08206 4.92916 5.23542 5.42633 5.36113 3.9635 2.97517 3.63699 2.92784 2.40904
threshold=-6.2449999999999992 -19.649172477055021 25.725000000000005 1.2132395100855802 -0.5360499999999998 0.13763564484119714 -0.24369999999999997 1.0299478112402027 -5.3900000000000032 0.91909029302269973
decision_type=2 2 2 2 2 2 2 2 2 2
left_child=5 -2 3 4 -3 6 -1 -8 -4 -5
right_child=1 2 8 9 -6 -7 7 -9 -10 -11
leaf_value=0.014873864827652053 0.036235887538699989 -0.009610273887088629 -0.04027523480554359 -0.0067802049157882288 0.0036622204318629945 -0.037383752153846823 -0.029750560675743724 0.0066311941669524735 -0.0040646035019239329 -0.039871215952340236
leaf_weight=4.3504735305905351 3.4270230606198302 30.951065577566624 4.1661985069513321 4.6913023144006711 227.42193564772606 4.6127988323569289 5.74189193546772 4.0399714410305023 4.2338103353977186 3.7792958766222
leaf_count=23 16 152 22 25 1131 25 28 21 20 22
internal_value=5.95009e-05 0.000983014 0.000520189 0.00126869 0.00205757 -0.0134429 -0.00521003 -0.014506 -0.0226397 -0.0221873
internal_weight=297.416 278.671 275.244 266.844 258.373 18.7451 14.1323 9.78186 8.40001 8.4706
internal_count=1485 1388 1372 1330 1283 97 72 49 42 47
is_linear=0
shrinkage=0.03


Tree=99
num_leaves=10
num_cat=0
split_feature=71 47 0 0 39 24 222 186 43
split_gain=4.00604 4.6489 4.42104 8.51909 5.76968 4.63386 5.03859 3.28895 0.287146
threshold=2.4438634891000004 4.247440000000001 20240265.000000004 20230613.500000004 0.58505000000000007 56.465000000000011 0.87574621987886192 0.16246924779672559 32.064000000000014
decision_type=2 2 2 2 2 2 2 2 2
left_child=-1 -2 3 4 -3 8 -7 -5 -4
right_child=1 2 5 7 -6 6 -8 -9 -10
leaf_value=0.021402724597051052 0.023857479462956709 0.0017588717882485382 0.019468052528960032 -0.034176383143051083 -0.010299992659178112 0.0057432000544764905 -0.026789758859040714 -0.010537507168598453 0.036689495669464542
leaf_weight=7.6127305924892417 6.7724218070507041 150.63245107978582 3.243990257382392 9.3243334740400332 46.619795702397823 51.188111796975136 4.5557901561260215 13.629529021680353 3.504827544093132
leaf_count=37 35 693 23 63 224 286 20 82 22
internal_value=5.50623e-05 -0.000503192 -0.00110562 -0.00311321 -0.00107977 0.00591428 0.00298744 -0.0203768 0.0292547
internal_weight=297.084 289.471 282.699 220.206 197.252 62.4927 55.7439 22.9539 6.74882
internal_count=1485 1448 1413 1062 917 351 306 145 45
is_linear=0
shrinkage=0.03


Tree=100
num_leaves=9
num_cat=0
split_feature=217 31 122 23 149 36 38 36
split_gain=3.98334 4.57151 4.69712 5.78216 5.31739 5.12055 4.89574 4.07143
threshold=-0.38817359442977206 0.20420000000000002 0.55415000000000014 20.685000000000006 0.23195678991656601 1.8311098153927434 0.47699579831932776 0.22440903913083171
decision_type=2 2 2 2 2 2 2 2
left_child=-1 -2 3 4 -3 6 -4 -5
right_child=1 2 5 7 -6 -7 -8 -9
leaf_value=-0.027261836812009218 0.029598895878009526 -0.012633163185616797 -0.0048871983717356749 -0.0077912067550896646 0.0013630331999016363 -0.01799150245650288 0.020643143620418605 -0.040565112749187754
leaf_weight=4.6241750419139853 4.6816084384918204 27.630232162773609 8.9395069032907468 10.546047501266001 204.51919033378363 5.0654309689998618 25.225014917552471 5.2259633615612975
leaf_count=24 23 136 45 53 1028 26 124 26
internal_value=5.39699e-05 0.000506263 1.13647e-05 -0.00150556 -0.000294588 0.00965361 0.0138805 -0.0190268
internal_weight=296.457 291.833 287.151 247.921 232.149 39.23 34.1645 15.772
internal_count=1485 1461 1438 1243 1164 195 169 79
is_linear=0
shrinkage=0.03


Tree=101
num_leaves=19
num_cat=0
split_feature=207 25 123 108 225 20 157 209 179 136 113 138 228 87 136 92 39 120
split_gain=3.89893 6.36603 6.14725 4.81736 7.04949 6.59921 6.1307 5.65984 5.41949 4.35505 4.69863 4.23458 4.54086 4.49498 3.71188 4.33448 2.84915 2.37281
threshold=1.3493160185726731 23.025000000000002 0.38025000000000003 20871211.605000004 0.57916666666666672 16.185000000000006 19.63319783821143 0.57331029574383152 -3.4728728255710433 21.553375000000006 -0.023149999999999993 2.6456297619047624 0.92942901590513383 10.794209630850002 23.737275000000004 5.4040506219500015 0.51532853463746764 0.19195000000000004
decision_type=2 2 2 2 2 2 2 2 2 2 2 2 2 2 2 2 2 2
left_child=1 3 9 4 5 -1 8 -8 -5 10 -2 -4 13 -13 -11 -16 -14 -3
right_child=2 17 11 6 -6 -7 7 -9 -10 14 -12 12 16 -15 15 -17 -18 -19
leaf_value=0.017237666082023092 -0.011538457282188115 0.012131992649981908 0.037881671309347852 0.01170971689450064 -0.020601604030873674 -0.0018976901285028423 0.015899134359013634 -0.0036210725759543943 -0.016151834006050025 -0.037771266024937585 0.033751660054701288 -0.00251643611643297 0.0079175395089200028 0.030596941925146479 -0.01177606221647663 0.015610444108160842 -0.022751563183055334 0.040870332289652138
leaf_weight=42.61527694016695 3.7998310700058937 6.945662818849085 3.470406740903857 7.3676286637783042 7.3692570701241484 25.697009436786175 20.771777279675007 36.695484541356564 36.835984118282795 4.4480470344424239 4.1495252698659888 7.1091626286506671 4.1289444565772992 7.2133032977581024 60.267186522483826 5.5155730769038191 7.1245143413543701 4.6255888640880585
leaf_count=222 20 35 17 34 33 127 102 186 174 25 20 35 21 37 313 25 35 24
internal_value=5.05167e-05 0.00265341 -0.00450579 0.00122254 0.00696051 0.0100034 -0.00302185 0.00339784 -0.0114244 -0.00889857 0.0118557 0.00720468 0.00279395 0.0140491 -0.0113039 -0.00941409 -0.0112641 0.0241289
internal_weight=296.15 188.924 107.226 177.352 75.6815 68.3123 101.671 57.4673 44.2036 78.1802 7.94936 29.0463 25.5759 14.3225 70.2308 65.7828 11.2535 11.5713
internal_count=1485 937 548 878 382 349 496 288 208 403 40 145 128 72 363 338 56 59
is_linear=0
shrinkage=0.03


Tree=102
num_leaves=17
num_cat=0
split_feature=223 117 211 218 12 207 21 201 25 15 143 42 10 47 22 223
split_gain=3.95242 7.19689 6.55564 6.15308 5.90521 6.17979 7.12966 5.63876 5.59793 5.06333 5.14058 4.63671 4.68933 4.51184 3.90718 0.171188
threshold=0.29248943671650535 -0.051649999999999995 1.4032331718517408 0.015663134710399321 80.265000000000015 1.3493160185726731 74.335000000000008 -4.6899999999999995 20.925000000000004 70.060000000000016 56.594164785000004 0.52705220883534143 -1.1749999999999996 38.315000000000005 20.025000000000002 0.31156802526402078
decision_type=2 2 2 2 2 2 2 2 2 2 2 2 2 2 2 2
left_child=1 2 9 14 5 8 -7 -5 -3 10 -1 12 -9 -11 15 -2
right_child=3 4 -4 7 -6 6 -8 11 -10 13 -12 -13 -14 -15 -16 -17
leaf_value=-0.0049589413464712923 0.04180620325242828 0.002067355134522842 0.024049322855856502 -0.022905668349218037 0.032880813960834213 -0.0034217380886529588 -0.0372088516852686 0.035359273268053409 0.021758337899512217 0.0089315331728892274 -0.025645456543822581 0.033909542894761585 -0.0015601520461480348 -0.021622883845933825 0.004360131784893498 0.025924616294223206
leaf_weight=18.327345013618469 5.4951349869370443 89.056347645819187 4.7197623625397673 7.0680152326822272 5.2195496037602416 47.473042383790016 6.3309855610132209 3.3317664712667421 15.224887087941168 15.078509964048864 27.995093904435635 4.629842944443225 30.663882754743103 5.9953073412179938 5.832069717347621 3.0293227583169937
leaf_count=92 29 436 24 35 25 246 35 19 75 73 143 21 152 31 28 21
internal_value=5.02082e-05 -0.00169246 -0.00958527 0.00692351 0.00177841 0.000712391 -0.00751469 0.0014532 0.00498904 -0.0120173 -0.0175538 0.00603569 0.00206327 3.63299e-05 0.0239963 0.0368763
internal_weight=295.471 235.421 72.116 60.05 163.305 158.085 53.804 45.6935 104.281 67.3963 46.3224 38.6255 33.9956 21.0738 14.3565 8.52446
internal_count=1485 1180 363 305 817 792 281 227 511 339 235 192 171 104 78 50
is_linear=0
shrinkage=0.03


Tree=103
num_leaves=11
num_cat=0
split_feature=71 48 183 149 199 197 122 9 139 124
split_gain=3.78347 4.40607 5.84649 5.5353 5.56355 5.57639 4.88435 4.59659 3.89969 0.874266
threshold=2.4438634891000004 5.3600000000000003 0.089196819499588811 0.23659732083053822 -8.7749999999999986 2.1750000000000012 0.53750000000000009 -0.26499999999999996 1.6267250000000002 0.033050000000000003
decision_type=2 2 2 2 2 2 2 2 2 2
left_child=-1 2 8 6 -5 -6 7 -3 -2 -4
right_child=1 3 9 4 5 -7 -8 -9 -10 -11
leaf_value=0.020880498534415558 0.020529069580235957 -0.029815438420958428 0.042585468916493979 0.026426259776015794 -0.0022019562699308465 0.01384880736385422 0.0099407331909667721 -0.0019373949352431085 -0.018880937784770149 0.019541571031653417
leaf_weight=7.5511600002646437 3.7808051481843012 15.010801844298843 4.3319093957543355 6.8986131921410552 212.2577121257782 21.328058615326881 6.0568280518054953 8.6102631762623787 5.2634317651391029 3.6937961354851723
leaf_count=37 21 76 23 36 1073 104 29 42 25 19
internal_value=5.0614e-05 -0.000493627 0.0142269 -0.00143975 5.85983e-05 -0.000718269 -0.0136412 -0.0198309 -0.00203377 0.0327198
internal_weight=294.783 287.232 17.0699 270.162 240.484 233.586 29.6779 23.6211 9.04424 8.02571
internal_count=1485 1448 88 1360 1213 1177 147 118 46 42
is_linear=0
shrinkage=0.03


Tree=104
num_leaves=18
num_cat=0
split_feature=223 227 46 172 116 33 53 210 170 49 185 215 158 137 93 75 214
split_gain=3.7898 6.60644 7.0642 9.99338 6.12702 6.46512 6.16694 6.77733 5.80428 5.65435 5.47773 5.23984 5.15511 5.47367 4.54783 4.32205 5.23082
threshold=0.28490474384259518 0.20764871907455398 34.293416666666673 0.17718386036626857 -0.21519999999999997 -0.26936780270347999 0.58640709657929546 1.4624631741353176 -26.835048419645883 58.215000000000011 0.96219901755147774 0.98467590132356853 76.841605779961057 106.66449273608042 0.047141728750000007 0.049734647064000014 1.2219455836114319
decision_type=2 2 2 2 2 2 2 2 2 2 2 2 2 2 2 2 2
left_child=4 9 14 -4 5 -1 7 8 -6 15 11 -8 13 -7 -3 -2 -17
right_child=1 2 3 -5 6 12 10 -9 -10 -11 -12 -13 -14 -15 -16 16 -18
leaf_value=0.024267573198548737 -0.015842899114780141 -0.037596047480170501 0.033362887169032678 -0.020925199073959986 0.039777542948876539 -0.017228985805226645 0.0066357241376555961 -0.033442622047241057 0.0046359615291791719 -0.010284443760378421 0.016061500592297072 -0.022779190334038059 0.014725664715583646 0.015279886369388429 7.4272932237584745e-05 0.024836353665498603 -0.009705255379032619
leaf_weight=4.6775386556982985 3.0427406132221213 7.2762245535850543 6.7972453907132131 5.3218844085931778 4.3295195102691642 53.986839011311531 7.0867881104350117 3.939821057021617 112.61202523857355 7.725462317466735 5.917128972709178 21.161899894475937 5.8295717239379874 4.9265428483486167 4.4765128493309021 31.054634466767311 4.3291172534227362
leaf_count=24 15 35 37 26 20 277 36 21 554 36 33 114 27 24 24 162 20
internal_value=5.0981e-05 0.00614901 -0.00656265 0.00930165 -0.00183986 -0.0092462 0.00146072 0.00465875 0.00599551 0.0127889 -0.00974718 -0.0152966 -0.0117475 -0.0144384 -0.0231151 0.0175202 0.0205103
internal_weight=294.491 70.0238 23.8719 12.1191 224.468 69.4205 155.047 120.881 116.942 46.152 34.1658 28.2487 64.743 58.9134 11.7527 38.4265 35.3838
internal_count=1485 355 122 63 1130 352 778 595 574 233 183 150 328 301 59 197 182
is_linear=0
shrinkage=0.03


Tree=105
num_leaves=12
num_cat=0
split_feature=217 122 109 214 85 28 53 53 136 42 28
split_gain=3.68862 4.1709 5.06095 4.71966 4.58162 4.31821 4.15902 5.06257 5.86958 5.13532 3.86748
threshold=-0.38817359442977206 0.55415000000000014 1.0000000180025095e-35 1.1776275013790738 -2.3488442290499991 0.60545000000000015 0.23750000000000002 0.34415000000000001 14.014900000000003 0.48296385542168679 0.057950000000000008
decision_type=2 2 2 2 2 2 2 2 2 2 2
left_child=-1 6 5 4 -4 -3 10 9 -9 -8 -2
right_child=1 2 3 -5 -6 -7 7 8 -10 -11 -12
leaf_value=-0.026511908295648087 -0.0012199659772016596 0.00805558605853335 -0.0059106887142099575 -0.010232144346897407 0.027618989141985281 -0.030679090470446559 -0.022197386283721136 0.037347821462021001 -0.00057507477385719183 0 0.034093428232689967
leaf_weight=4.5271673053503028 5.1033527031540853 5.9020441547036153 4.2885444238781956 4.9037677124142638 19.753911659121517 4.3684696108102798 20.03800904750824 3.6422012671828261 197.67530830204487 17.869534254074097 5.6523251980543137
leaf_count=24 26 31 21 26 98 21 102 17 1006 86 27
internal_value=5.01618e-05 0.000485361 0.00957525 0.0160161 0.0215142 -0.00826754 -0.000931915 -0.00176673 0.000114327 -0.0118095 0.0172047
internal_weight=293.725 289.197 39.2167 28.9462 24.0425 10.2705 249.981 239.225 201.318 37.9075 10.7557
internal_count=1485 1461 197 145 119 52 1264 1211 1023 188 53
is_linear=0
shrinkage=0.03


Tree=106
num_leaves=13
num_cat=0
split_feature=46 201 173 223 116 117 210 163 119 17 14 15
split_gain=3.78041 3.94983 4.71536 4.45184 7.58731 6.27719 8.32114 6.52047 4.93371 2.70873 2.76887 2.16147
threshold=3.5000000000000004 -6.2449999999999992 0.13763564484119714 0.30214488699249337 -0.018849999999999995 -0.030849999999999995 1.3680981586917509 -490.31610664130704 0.34310000000000002 17.685000000000006 15.185 70.635000000000019
decision_type=2 2 2 2 2 2 2 2 2 2 2 2
left_child=-1 2 9 5 11 7 -7 -3 -6 10 -2 -5
right_child=1 3 -4 4 8 6 -8 -9 -10 -11 -12 -13
leaf_value=0.031975020669253368 0.0030858635043864518 0.028983170771244595 -0.041171108769669895 0.040916118390974324 0.015389107174391761 0.0051734755476662182 -0.020386401242637141 -0.0090892721747412274 -0.0087997589952937254 0.0095053890786841021 -0.032014231103429658 0.011345118824379104
leaf_weight=3.2020096927881232 3.3416399285197276 4.1215787380933753 4.2521986737847319 7.0833127349615079 13.487772710621359 128.99556781351566 12.449830397963522 85.013239979743958 16.995015308260918 6.1398536488413811 4.4725753515958786 3.8374562561511993
leaf_count=18 20 18 24 41 67 639 67 431 87 30 22 21
internal_value=4.75728e-05 -0.000305279 -0.0138007 0.000591803 0.00964389 -0.00102408 0.00288972 -0.00726468 0.00182036 -0.00501313 -0.0167758 0.0309946
internal_weight=293.392 290.19 18.2063 271.984 41.4036 230.58 141.445 89.1348 30.4828 13.9541 7.81422 10.9208
internal_count=1485 1467 96 1371 216 1155 706 449 154 72 42 62
is_linear=0
shrinkage=0.03


Tree=107
num_leaves=11
num_cat=0
split_feature=63 79 37 112 142 161 162 27 31 137
split_gain=3.70452 5.04954 4.97827 6.60183 4.35839 4.72843 4.72991 4.58565 5.37532 1.41184
threshold=4.0686190855500008 3.1256929240500004 0.40970000000000006 -0.31219999999999992 66.623531180800015 19.458679004800675 0.059138109359833289 0.18045000000000003 0.34570000000000006 55.077216904379164
decision_type=2 2 2 2 2 2 2 2 2 2
left_child=2 -2 3 -1 5 6 -3 -6 -9 -5
right_child=1 4 -4 9 7 -7 -8 8 -10 -11
leaf_value=-0.0080330808199190005 -0.027066338346165279 7.2866111697961159e-05 -0.012376927808676436 0.039870930803907294 0.023496998101503377 0.033469606391072208 0.029664107929975373 -0.012348610813880492 -0.00038565010496255229 0.015677373390000575
leaf_weight=5.0991479009389939 6.3883716538548461 34.350253127515316 5.5612369105219832 7.8303514420986158 6.0293156877160063 5.7280293181538573 5.6032781153917304 42.271501563489437 170.10786939412355 3.9326595440506935
leaf_count=25 33 174 31 38 32 27 28 209 865 23
internal_value=4.73275e-05 -0.000915486 0.0117468 0.0199059 -0.000261533 0.00814203 0.00436149 -0.00203584 -0.00278554 0.0322357
internal_weight=292.902 270.479 22.4234 16.8622 264.09 45.6816 39.9535 218.409 212.379 11.763
internal_count=1485 1368 117 86 1335 229 202 1106 1074 61
is_linear=0
shrinkage=0.03


Tree=108
num_leaves=16
num_cat=0
split_feature=15 223 227 116 46 172 18 48 217 145 32 215 149 93 85
split_gain=3.64643 4.46279 7.57486 6.02846 5.66863 10.9998 5.43887 7.53927 5.63351 5.38311 5.13262 5.05616 5.22904 4.2763 3.96016
threshold=79.875000000000014 0.28097687520889231 0.20764871907455398 -0.21519999999999997 34.293416666666673 0.17718386036626857 64.310000000000016 5.1450000000000005 0.31192151536026763 0.44382904675672269 -1.0856999999999999 1.2802379642774853 0.2900884933512069 0.047141728750000007 0.88023738995000023
decision_type=2 2 2 2 2 2 2 2 2 2 2 2 2 2 2
left_child=1 3 11 9 13 -6 8 -8 -5 -1 -11 12 -3 -4 -2
right_child=14 2 4 6 5 -7 7 -9 -10 10 -12 -13 -14 -15 -16
leaf_value=0.014681468315374618 0.036717909882445193 -0.0048889413590139253 -0.036566124568534197 0.0045881348969467857 0.032640918147820233 -0.023406600615648913 0.034183265086932535 -0.0061601415398398274 0.036414586759174895 0.018319727073102917 -0.015710262360253378 -0.016218577961893656 0.021580011466479473 0 -0.0031373376015616022
leaf_weight=6.7710125893354407 4.890009328722952 8.1173572316765767 7.2286310940980929 54.652687013149261 6.6734606474637967 5.754646934568882 4.2728695571422568 83.199713654816151 5.4702416732907286 4.1407401561737052 54.569869115948677 4.5940295010805121 33.828104190528393 4.6680189147591591 3.8174658939242363
leaf_count=32 24 40 35 273 37 28 24 421 27 21 281 21 176 25 20
internal_value=4.69796e-05 -0.000532243 0.0059712 -0.00271099 -0.00749742 0.00646982 0.000632326 -0.0041184 0.00758931 -0.010282 -0.0132321 0.0130761 0.0163869 -0.022271 0.019067
internal_weight=292.649 283.941 70.8642 213.077 24.3248 12.4281 147.596 87.4726 60.1229 65.4816 58.7106 46.5395 41.9455 11.8967 8.70748
internal_count=1485 1441 362 1079 125 65 745 445 300 334 302 237 216 60 44
is_linear=0
shrinkage=0.03


Tree=109
num_leaves=17
num_cat=0
split_feature=170 155 227 158 142 187 174 136 33 215 163 192 8 204 22 227
split_gain=3.59983 6.74513 5.10021 5.30934 4.45369 4.37144 4.63038 4.76791 4.58226 4.22506 4.31888 5.93872 3.13223 2.92205 2.54231 2.06942
threshold=1.3620779858600858 32.830986011807475 -0.057314085859507639 63.61667240628163 34.362183109333337 -0.29997960277285013 1.3647484076911245 48.427100000000003 -0.07984999999999999 0.84523259826675312 -651.99683282397882 0.023329855755957214 -0.30499999999999994 0.86563714195355568 17.175000000000004 0.058590412418614048
decision_type=2 2 2 2 2 2 2 2 2 2 2 2 2 2 2 2
left_child=1 2 -1 -4 -2 8 7 -7 -6 13 -11 -12 -8 -3 -10 -5
right_child=4 9 3 15 5 6 12 -9 14 10 11 -13 -14 -15 -16 -17
leaf_value=-0.01483619532624582 0.036125931418987969 -0.0049313019660223983 -0.0044509990896614811 0.048017826914803073 0.012342191060352978 0.001024367427663386 0.0028733034957461579 0.012169672143451184 -0.0053390517212145014 0.01982286094224953 -0.036278288568144586 -0.0087781113849125549 -0.02721582810042612 0.030487844429910455 -0.032489330241783701 0.016753933950804024
leaf_weight=4.4914007708430317 3.3922342732548705 4.0187096744775763 4.4787564575672141 4.9616100341081601 4.8723437562584904 102.80174806714058 5.2084432393312454 52.473130099475384 5.7774097695946676 3.9306332841515532 7.9694999977946273 65.030996963381767 7.0222330391406995 3.9765077754855156 7.6029873266816139 3.9169104993343353
leaf_count=23 17 19 22 24 25 518 27 279 31 19 41 322 37 23 38 20
internal_value=4.70925e-05 -0.00445934 0.012193 0.0215472 0.00251258 0.0018635 0.00339859 0.0048155 -0.0120023 -0.00800461 -0.0101852 -0.0118669 -0.0142397 0.0124732 -0.0211155 0.0348996
internal_weight=291.926 102.775 17.8487 13.3573 189.151 185.758 167.506 155.275 18.2527 84.9263 76.9311 73.0005 12.2307 7.99522 13.3804 8.87852
internal_count=1485 513 89 66 972 955 861 797 94 424 382 363 64 42 69 44
is_linear=0
shrinkage=0.03


Tree=110
num_leaves=18
num_cat=0
split_feature=208 136 93 79 206 159 159 192 223 111 213 149 170 105 85 187 77
split_gain=3.6862 6.88946 5.09525 6.06967 6.01117 5.60229 5.34708 4.83313 5.86628 6.97032 5.88957 5.85112 4.38187 4.24854 3.68009 3.45879 3.31571
threshold=1.0039094192204867 14.014900000000003 -0.94477295429999975 115.05781792900001 0.65090102360685098 37.899351684556827 2.3494729990357053 0.20232469943577278 0.30214488699249337 0.27070000000000005 1.0448151777636732 0.23195678991656601 2.952021616774601 -0.10006462752499998 0.82303137559999995 -0.04667639297471237 -1.1923205499999996
decision_type=2 2 2 2 2 2 2 2 2 2 2 2 2 2 2 2 2
left_child=2 -2 5 4 16 12 -6 8 10 -10 -3 -9 15 -14 -13 -1 -4
right_child=1 7 3 -5 6 -7 -8 11 9 -11 -12 14 13 -15 -16 -17 -18
leaf_value=-0.010735374690614729 0.030458593657021488 -0.0037189019912603014 -0.0014816470024454789 -0.018482129065224954 -0.022552307267943442 0.014459189060134865 0.0095573901445967554 -0.017477418308512894 0.036703133857695781 -0.0010584859222149848 -0.017498494225182539 0.016889322646679288 -0.022590164886381839 0.018803071533288994 -0.0084514049576653403 -0.048251753419116084 0.030642306319454429
leaf_weight=4.8193675056099892 5.5012842789292327 86.497859932482243 3.2497942298650768 6.2932534366846076 5.205905281007289 7.9169983044266692 36.776630192995071 7.462798297405242 5.6511880010366466 18.102505639195442 41.74285214394331 25.401135221123699 4.0321394726634052 4.7507082894444421 6.2266829907894126 4.5781347304582649 17.206836424767971
leaf_count=24 27 443 17 29 26 37 192 38 30 89 220 127 20 28 31 21 86
internal_value=4.61853e-05 -0.00228669 0.00491125 0.0092105 0.0120747 -0.0062891 0.00546032 -0.00326054 -0.00568999 0.00791574 -0.00823773 0.00609966 -0.0155181 0 0.0117949 -0.0296435 0.0254107
internal_weight=291.416 196.586 94.8298 68.7324 62.4392 26.0973 41.9825 191.085 151.994 23.7537 128.241 39.0906 18.1803 8.78285 31.6278 9.3975 20.4566
internal_count=1485 1005 480 350 321 130 218 978 782 119 663 196 93 48 158 45 103
is_linear=0
shrinkage=0.03


Tree=111
num_leaves=18
num_cat=0
split_feature=201 159 156 37 163 40 190 186 93 189 50 105 173 191 204 212 214
split_gain=3.57565 4.31489 5.77821 8.23433 5.78722 5.66074 5.37803 5.04586 5.01702 4.97678 4.9475 4.64933 3.5174 3.20464 3.12494 2.72668 3.48084
threshold=-6.2449999999999992 31.58121383798591 3.2409367086328831 -0.10774999999999998 -490.31610664130704 -0.11084999999999999 3.4289059023026351 1.0799940120989198 0.50414661800000016 -0.13154050421371119 11.495000000000003 0.15602546332500006 0.13763564484119714 7.7026096546688017 1.2389866712235136 -0.24369999999999997 0.99740356602579761
decision_type=2 2 2 2 2 2 2 2 2 2 2 2 2 2 2 2 2
left_child=12 2 3 11 -5 8 10 9 14 -7 -4 -2 15 -9 -3 -1 -17
right_child=1 5 6 4 -6 7 -8 13 -10 -11 -12 -13 -14 -15 -16 16 -18
leaf_value=0.014458234655235935 -0.0012962171291612265 0.041063148282723956 0.015566307098123575 0.026168807226422282 -0.018355962641361242 0.017673523527561266 -0.030675893010854795 0.033950674260701752 -0.0058507592188770229 -0.0070090958500716545 0.00030555915251751154 0.036018148668138482 -0.036081682708936913 0.00020223656494246795 0.011558382553692074 -0.035236515129839101 0.00070404471347549908
leaf_weight=4.236262872815133 8.4703164249658567 8.7486790046095866 23.080495737493038 2.6632043793797484 41.833208970725536 9.026936896145342 4.3104511499404898 6.4016269296407682 4.5186579748988143 37.178520955145359 111.67543765157461 4.4335545748472205 4.3584615588188163 4.4459502324461937 5.7833038493990889 3.9504661709070206 5.6427851989865303
leaf_count=23 42 43 115 13 216 45 21 31 22 182 584 23 25 23 28 19 30
internal_value=4.33523e-05 0.000914895 -0.00142211 -0.0094301 -0.0155711 0.00698134 0.00186607 0.00218134 0.0211133 -0.00209443 0.00295121 0.0114721 -0.0127874 0.0205209 0.0296854 -0.00502433 -0.0139975
internal_weight=290.758 272.57 196.467 57.4003 44.4964 76.1037 139.066 57.053 19.0506 46.2055 134.756 12.9039 18.188 10.8476 14.532 13.8295 9.59325
internal_count=1485 1388 1014 294 229 374 720 281 93 227 699 65 97 54 71 72 49
is_linear=0
shrinkage=0.03


Tree=112
num_leaves=19
num_cat=0
split_feature=0 0 203 119 122 177 26 177 41 224 39 201 108 227 143 10 203 191
split_gain=3.51759 6.40676 5.27166 6.02576 5.06808 3.58412 4.23843 4.21361 5.23681 3.83834 3.30024 3.88006 3.44155 2.81658 2.15822 1.63805 1.02544 0.237997
threshold=20240265.000000004 20230527.500000004 7.886970926301557 0.17375000000000004 0.56250000000000011 -1.4869540757236031 15.940000000000003 0.35450403460357799 0.67380000000000007 0.076761258057805204 0.47624243572960884 -1.4399999999999993 41333723.965000011 0.17880210110783662 73.811932162500014 -0.25499999999999995 0.75219150069143714 3.5004429137044801
decision_type=2 2 2 2 2 2 2 2 2 2 2 2 2 2 2 2 2 2
left_child=1 2 3 -1 -5 13 7 8 -7 -8 11 15 -13 17 -9 -3 -12 -2
right_child=5 10 -4 4 -6 6 9 14 -10 -11 16 12 -14 -15 -16 -17 -18 -19
leaf_value=0.041030160883856727 0.037232768246210926 -0.033723830760744894 -0.025634138707080763 -0.0012935048439655166 0.014745152951065814 0.0081843062204816422 0.0075781775698944964 0.0062625741608771058 -0.020255272994616567 -0.031070042676584021 -0.01160040485052885 0.024255874275800438 -0.014028846911260639 -0.0015432210203792762 0.034650434632268523 -0.0050988767349593161 -0.034827878266922116 0.020915824654869148
leaf_weight=3.2390960454940787 4.7127863913774473 4.4332516342401531 6.7883793562650672 170.85507441312075 19.673223249614239 24.937202624976635 3.7083985954523069 4.4511914998292905 7.476070210337638 5.5003091469407082 2.9578298553824407 4.6995788887143153 3.5908846035599709 3.0133356750011444 6.2292393818497658 3.5145552903413773 7.4462053999304771 2.9746389836072922
leaf_count=16 30 27 33 807 94 149 20 24 35 29 20 22 22 18 40 21 59 19
internal_value=4.38167e-05 -0.00168548 0.000138815 0.00106997 0.000353714 0.00632022 0.0029985 0.00699801 0.00149037 -0.0152697 -0.0154796 -0.00671244 0.00734633 0.0221001 0.0232656 -0.0216592 -0.0286833 0.0316538
internal_weight=290.201 227.198 200.556 193.767 190.528 63.0032 52.3024 43.0937 32.4133 9.20871 26.6423 16.2383 8.29046 10.7008 10.6804 7.94781 10.404 7.68743
internal_count=1485 1121 950 917 901 364 297 248 184 49 171 92 44 67 64 48 79 49
is_linear=0
shrinkage=0.03


Tree=113
num_leaves=14
num_cat=0
split_feature=71 59 135 93 140 23 173 228 21 116 60 73 195
split_gain=3.46013 4.01142 6.38888 4.63005 5.74518 4.61753 4.59627 4.55975 5.12558 4.98558 4.47064 6.01355 4.55708
threshold=2.4438634891000004 3.2346500000000007 73.248659759358304 -0.19458971539999995 9.9177604166666686 18.185000000000006 -0.93030031840067628 1.131391705656321 62.160000000000004 -0.12694999999999998 5.2805000000000009 16.678143036600002 0.63000000000000267
decision_type=2 2 2 2 2 2 2 2 2 2 2 2 2
left_child=-1 6 7 4 -4 -5 -2 9 -9 -3 11 -8 -12
right_child=1 2 3 5 -6 -7 10 8 -10 -11 12 -13 -14
leaf_value=0.020212097498616161 -0.032832601372645348 -0.021896822252399754 0.0058807827835374348 0.014841739940907482 -0.024398664996716748 -0.0096696815502703374 0.0089214989287246197 0.029165162498543021 -0.004989773171558954 -0.0059743003010946294 0.00057990923184068693 -0.023256781892518095 -0.03257877114697643
leaf_weight=7.364461511373519 2.9055641293525687 27.400426685810089 12.914000049233438 33.065280206501484 9.7257765233516675 8.5097610503435117 93.764323227107525 5.4273793697357204 13.51868189871311 52.19139026850462 12.105705745518209 5.3943666815757743 5.1828824803233138
leaf_count=37 15 149 67 177 51 46 469 30 64 264 65 26 25
internal_value=4.22673e-05 -0.000480618 -0.0035526 0.00377477 -0.00704507 0.00974149 0.00368277 -0.00835707 0.00473866 -0.0115141 0.00464702 0.00711907 -0.00931827
internal_weight=289.47 282.106 162.753 64.2148 22.6398 41.575 119.353 98.5379 18.9461 79.5918 116.447 99.1587 17.2886
internal_count=1485 1448 848 341 118 223 600 507 94 413 585 495 90
is_linear=0
shrinkage=0.03


Tree=114
num_leaves=19
num_cat=0
split_feature=197 132 39 93 136 1 225 0 140 227 170 200 197 24 157 21 26 180
split_gain=3.57849 4.51162 4.64986 4.43086 6.71052 7.15816 6.50285 7.19298 6.90548 6.42442 6.27537 5.4222 5.17177 4.24077 3.47139 3.38007 2.62641 2.07896
threshold=2.9249999999999994 0.24245000000000003 0.58365000000000011 -0.19458971539999995 49.785500000000006 5.5950000000000006 0.5458333333333335 20220371.500000004 9.003766060606063 -0.15673411675777374 0.61180585624422268 -0.87 -1.0000000180025095e-35 63.110000000000007 21.156078977380542 72.595000000000013 18.185000000000006 0.090860582119126732
decision_type=2 2 2 2 2 2 2 2 2 2 2 2 2 2 2 2 2 2
left_child=3 -2 16 6 5 17 7 15 14 -7 11 -6 -9 -12 -8 -1 -3 -5
right_child=1 2 -4 4 10 9 8 12 -10 -11 13 -13 -14 -15 -16 -17 -18 -19
leaf_value=-0.028739794259714423 -0.015294204227811796 0.010457683034707317 -0.004023234360449649 0.0066541368827965387 -0.018022843868138058 0.027896626707299234 0.0039501629352793567 -0.012749062934195046 -0.024182505709454936 -0.0057004046060363028 0.026722412931604118 0.018044098191613071 0.0071424483447228744 0.0069105833224905816 0.029831128012982301 0.00024547387200252841 0.04312306158213771 0.039110923639031001
leaf_weight=20.400910459458832 3.9301607906818417 3.8909339457750303 4.6865273565053931 3.4473438560962668 10.437115728855135 5.263134501874446 11.121212698519235 25.587483398616314 4.8547489345073691 104.8162776529789 19.96326456964016 5.6729644164443007 21.426298208534718 20.052267678081989 8.3960921168327314 4.1473350524902335 6.4521225690841675 4.3759668990969658
leaf_count=100 19 19 22 19 54 27 52 136 23 532 108 30 120 107 39 20 33 25
internal_value=3.91908e-05 0.0126123 0.0201609 -0.00083707 0.00200354 -0.00204053 -0.00601802 -0.0105899 0.00727178 -0.00404297 0.0105408 -0.00510428 -0.00362401 0.0169112 0.0153321 -0.02374 0.0313398 0.025452
internal_weight=288.922 18.9597 15.0296 269.962 174.028 117.903 95.9341 71.562 24.3721 110.079 56.1256 16.1101 47.0138 40.0155 19.5173 24.5482 10.3431 7.82331
internal_count=1485 93 74 1392 902 603 490 376 114 559 299 84 256 215 91 120 52 44
is_linear=0
shrinkage=0.03


Tree=115
num_leaves=13
num_cat=0
split_feature=15 201 113 159 152 106 216 188 193 194 42 71
split_gain=3.39682 4.29488 4.28202 4.82211 4.56666 5.44213 4.63608 3.92865 3.77961 2.92896 3.12477 1.21025
threshold=79.875000000000014 -6.2449999999999992 -0.055499999999999994 47.022714661607175 12.153133294631511 30.705000000000002 0.78778666933325614 0.080426803009676098 0.11571088577753648 -3.359999999999999 0.45089959839357435 24.096139627150006
decision_type=2 2 2 2 2 2 2 2 2 2 2 2
left_child=1 9 3 7 6 -6 -4 -3 -2 10 -1 -12
right_child=8 2 4 -5 5 -7 -8 -9 -10 -11 11 -13
leaf_value=0.0004177658245347886 0.036498628870023635 -0.0034261634854533072 0.01562848627580072 0.020804685907194625 0.02954034401562089 0.0011203549127944102 -0.00081046718556369087 -0.022112985237558776 -0.0026017370048995775 0.0089140163225795918 -0.039529319589025724 -0.015581281995888855
leaf_weight=3.9461964294314411 4.6712896674871427 26.228165730834007 16.832659609615803 4.6590814739465705 11.345247760415079 13.404830291867254 173.23644560575485 16.940160341560841 3.8957231789827347 3.422811232507228 5.779160447418688 3.8805323839187622
leaf_count=21 23 136 86 22 54 67 894 90 21 20 31 20
internal_value=4.09039e-05 -0.000521688 0.000416268 -0.00767833 0.00223514 0.014335 0.000637056 -0.0108628 0.0185473 -0.0150816 -0.021358 -0.0304744
internal_weight=288.242 279.675 262.647 47.8274 214.819 24.7501 190.069 43.1683 8.56701 17.0287 13.6059 9.65969
internal_count=1485 1441 1349 248 1101 121 980 226 44 92 72 51
is_linear=0
shrinkage=0.03


Tree=116
num_leaves=12
num_cat=0
split_feature=63 85 79 97 142 114 211 176 173 143 32
split_gain=3.38025 5.06807 4.49664 4.04896 3.93398 4.54415 4.97242 4.26464 4.18909 4.85134 3.542
threshold=4.0686190855500008 -0.30453023994999967 3.1256929240500004 0.43115326795000009 66.623531180800015 0.57500000000000007 1.14370557426113 -0.048809217932333976 -0.93030031840067628 39.594114080000004 0.47280000000000005
decision_type=2 2 2 2 2 2 2 2 2 2 2
left_child=1 10 -2 -3 5 6 -4 -7 -6 -10 -1
right_child=2 3 4 -5 8 7 -8 -9 9 -11 -12
leaf_value=0.011815559292264896 -0.025934775993345725 0.04069554419853956 0.019817263340257435 0.0044493228082790794 -0.032941027366563846 0.0051130495544797006 -0.0068290460155646208 -0.032779593649438395 -0.022431967622987117 -0.0003844029327574282 -0.023118125024233716
leaf_weight=5.6262270808219927 6.1990152746438971 6.4137930423021299 25.581293627619743 5.2327567562460899 3.7671193778514853 7.1258198171854019 8.0995219647884351 4.0651994571089727 9.3194027468562108 201.80662414431572 4.64328932762146
leaf_count=31 33 32 130 29 19 35 42 22 48 1039 25
internal_value=3.99435e-05 0.0113468 -0.000884408 0.0248421 -0.000265313 0.00779044 0.0133193 -0.00855437 -0.00196423 -0.00138198 -0.00376077
internal_weight=287.88 21.9161 265.964 11.6465 259.765 44.8718 33.6808 11.191 214.893 211.126 10.2695
internal_count=1485 117 1368 61 1335 229 172 57 1106 1087 56
is_linear=0
shrinkage=0.03


Tree=117
num_leaves=13
num_cat=0
split_feature=46 0 0 203 197 24 201 53 44 76 42 223
split_gain=3.32354 3.58798 6.84742 4.85736 4.88843 3.96622 3.89092 5.11227 3.68707 3.91401 1.07396 0.31599
threshold=3.5000000000000004 20240265.000000004 20230607.500000004 7.886970926301557 2.9249999999999994 56.465000000000011 -1.4399999999999993 0.4298238787928445 7.660000000000001 8.2148693073000025 0.44088353413654624 0.27576430478182823
decision_type=2 2 2 2 2 2 2 2 2 2 2 2
left_child=-1 2 3 4 -2 11 10 -8 -7 -10 -4 -3
right_child=1 5 6 -5 -6 8 7 -9 9 -11 -12 -13
leaf_value=0.030970979260147569 -0.00069159794674120275 0.034972843817728354 -0.011450611824707291 -0.025101475998184936 0.017604190840900213 0.034651265385371978 0.012879909323274144 -0.026472454252475991 0.0044127158738990705 -0.021373011435809434 -0.034126688897106842 0.016700574491298945
leaf_weight=2.9941176623105994 177.49218203872442 3.7760735154151908 3.0758740156888988 6.7271122932434073 14.080418460071085 3.1152516752481452 6.5406941249966604 5.2237720116972923 46.819714322686195 5.8557201921939841 9.289728179574011 2.5885128900408745
leaf_count=18 846 27 19 33 67 23 34 37 266 29 68 18
internal_value=3.71355e-05 -0.000288546 -0.00207957 -0.000224588 0.000645958 0.00606569 -0.0171361 -0.0044167 0.00342032 0.00145431 -0.0288639 0.0283788
internal_weight=287.579 284.585 222.43 198.3 191.573 62.1553 24.1301 11.7645 55.7907 52.6754 12.3656 6.36459
internal_count=1485 1467 1104 946 913 363 158 71 318 295 87 45
is_linear=0
shrinkage=0.03


Tree=118
num_leaves=11
num_cat=0
split_feature=217 31 31 129 195 31 81 135 50 140
split_gain=3.42209 3.77788 4.39178 6.16747 5.07673 5.01924 7.79677 5.06347 2.90287 2.74956
threshold=-0.38817359442977206 0.23525000000000004 0.34570000000000006 7342.2450000000008 -3.499999999999996 0.40330000000000005 0.27287363070000009 73.681434523809543 7.1100000000000003 5.0175915789473686
decision_type=2 2 2 2 2 2 2 2 2 2
left_child=-1 8 3 4 -3 6 -4 -7 -2 -5
right_child=1 2 5 9 -6 7 -8 -9 -10 -11
leaf_value=-0.025898737358132251 0.033525332770994169 -0.023384197862462291 -0.018389446065202129 0.031798513345259072 -0.0017079750205493259 -0.0041749082595288157 0.017799586742929269 0.0061442964318858539 0.0025986578089149705 -0.0028026451747021263
leaf_weight=4.40307293832302 5.2516288980841619 21.162527076900005 6.3138873353600493 4.1945469677448264 18.538281925022602 120.07127980142832 30.929128639400005 66.298625364899635 6.0882366672158241 3.6758506521582603
leaf_count=24 28 111 33 22 89 616 152 360 30 20
internal_value=3.63587e-05 0.000460187 -0.00024121 -0.00851799 -0.0133676 0.0015092 0.0115512 -0.000486573 0.0173513 0.0154293
internal_weight=286.927 282.524 271.184 47.5712 39.7008 223.613 37.243 186.37 11.3399 7.8704
internal_count=1485 1461 1403 242 200 1161 185 976 58 42
is_linear=0
shrinkage=0.03


Tree=119
num_leaves=11
num_cat=0
split_feature=217 31 31 162 141 150 215 190 192 50
split_gain=3.25711 3.58483 4.13928 6.13118 7.33242 6.55498 4.91481 5.13956 4.98348 2.79085
threshold=-0.38817359442977206 0.23525000000000004 0.34570000000000006 0.039067341366846593 4.315125000000001 6.0716805818749977 0.92801262801026174 0.069228431144465488 0.11060002460271259 7.1100000000000003
decision_type=2 2 2 2 2 2 2 2 2 2
left_child=-1 9 3 5 -5 -3 8 -8 -4 -2
right_child=1 2 6 4 -6 -7 7 -9 -10 -11
leaf_value=-0.025395843794936406 0.032958439509803331 -0.026120578681979752 0.016282902284403385 0.015822728960984033 -0.01926882913867977 0.012712081253174393 0.0052648763760884797 -0.0054190657521256611 -0.0020336883756087308 0.0025223106060635616
leaf_weight=4.358220934867858 5.1844421997666341 20.014127507805828 34.230322629213333 14.462634667754175 8.3459842950105649 4.6782856285572043 67.828661285340786 99.998820066452026 21.423231244087219 6.0873851478099823
leaf_count=24 28 99 179 75 45 23 351 519 112 30
internal_value=3.48731e-05 0.000447024 -0.000234448 -0.00827659 0.00282323 -0.0186206 0.00146443 -0.00108265 0.00918732 0.0169518
internal_weight=286.612 282.254 270.982 47.501 22.8086 24.6924 223.481 167.827 55.6536 11.2718
internal_count=1485 1461 1403 242 120 122 1161 870 291 58
is_linear=0
shrinkage=0.03


Tree=120
num_leaves=18
num_cat=0
split_feature=197 215 16 88 59 36 136 45 89 12 13 202 159 12 218 190 119
split_gain=3.24748 6.83307 5.31792 6.54089 7.4015 5.68879 6.86593 5.2259 4.44166 5.30438 6.63064 5.59843 4.69629 4.19645 3.65657 3.58811 1.97604
threshold=-1.3500000000000003 0.81413423452318678 21.975000000000005 10.485329840000002 2.1965500000000007 0.073230319065681143 67.625275000000002 41.270666666666678 5.1908240670000003 70.065000000000012 23.775000000000002 -2.4399999999999991 49.950315067789326 59.125000000000007 0.022460444852098086 -0.033114270242052185 0.33265000000000006
decision_type=2 2 2 2 2 2 2 2 2 2 2 2 2 2 2 2 2
left_child=8 16 3 4 -3 7 -7 -4 9 12 11 -11 13 -1 -12 -10 -2
right_child=1 2 5 -5 -6 6 -8 -9 15 10 14 -13 -14 -15 -16 -17 -18
leaf_value=0.0022671123870099254 0.0081092232616324852 0.012696360733345258 0.03799979839129012 -0.030054883693104318 -0.0043056887137454076 -0.0069185250392903106 0.024923548843570936 0 0.030366082059588215 0.024397268381866313 -0.019933119727102676 -0.014761009445180377 0.0099214972906831716 -0.022245359834188627 0.011224127114313398 -0.0017369419634938599 0.035482347742594837
leaf_weight=7.4967098981142035 4.2817868217825872 29.613008245825768 9.6212720051407796 6.9979736804962149 102.37868659943342 20.737022385001186 8.4875446632504445 4.6740495562553397 5.3361284285783768 13.189544573426248 12.438029393553736 4.1886538788676253 6.2777561023831359 32.512499563395977 4.4382773861289015 6.9907926172018033 6.6461461111903191
leaf_count=37 24 154 48 34 536 104 48 24 24 65 66 21 31 174 24 34 37
internal_value=3.39746e-05 0.00225801 0.000854875 -0.00199384 -0.000461757 0.0100053 0.00228036 0.0254639 -0.0045637 -0.00715559 0.00171564 0.0147569 -0.0137749 -0.0175833 -0.0115446 0.0120511 0.0251998
internal_weight=286.306 193.437 182.51 138.99 131.992 43.5199 29.2246 14.2953 92.8684 80.5415 34.2545 17.3782 46.287 40.0092 16.8763 12.3269 10.9279
internal_count=1485 1009 948 724 690 224 152 72 476 418 176 86 242 211 90 58 61
is_linear=0
shrinkage=0.03


Tree=121
num_leaves=13
num_cat=0
split_feature=63 85 173 72 211 218 159 60 200 97 92 33
split_gain=3.20232 4.73594 3.84691 4.15202 5.02767 5.9373 4.98705 6.18008 5.17556 3.83829 3.81368 3.35477
threshold=4.0686190855500008 -0.30453023994999967 -0.93030031840067628 4.3426706954000007 0.94943410188064936 0.059563229265216074 31.340973458686179 10.469400000000002 -3.2549999999999986 0.43115326795000009 3.1216793533500007 0.11205000000000001
decision_type=2 2 2 2 2 2 2 2 2 2 2 2
left_child=1 11 -2 6 5 -5 8 -8 -4 -3 -6 -1
right_child=2 9 3 4 10 -7 7 -9 -10 -11 -12 -13
leaf_value=0.011654698989865615 -0.027023046919142465 0.039857205471315493 -0.014631934765954724 -0.0081078271282639773 0.032717719202403683 0.023112046673551569 0.0083523670024861947 -0.024520627594492018 -0.0018379674544224205 0.0043329318810007957 0.0067278580632422645 -0.022446166600969823
leaf_weight=5.6000493764877337 4.8687239959835997 6.3041757121682149 38.565174922347069 22.859222523868088 9.3527199849486369 7.0957634449005118 52.970663942396641 5.5677508488297454 110.69281325489283 5.1908150091767311 11.928773351013659 4.6092428714036942
leaf_count=31 27 32 209 117 48 36 265 30 580 29 56 25
internal_value=3.46609e-05 0.0110944 -0.000867428 -0.000353997 0.00727278 -0.000560326 -0.00225156 0.00513808 -0.00517133 0.0242499 0.0183897 -0.00351839
internal_weight=285.606 21.7043 263.902 259.033 51.2365 29.955 207.796 58.5384 149.258 11.495 21.2815 10.2093
internal_count=1485 117 1368 1341 257 153 1084 295 789 61 104 56
is_linear=0
shrinkage=0.03


Tree=122
num_leaves=17
num_cat=0
split_feature=122 29 170 15 155 195 223 157 85 141 200 188 157 138 191 80
split_gain=3.22679 4.75498 5.85725 4.52621 4.93228 5.84826 4.86477 4.72635 5.71533 4.56575 4.28737 4.45601 3.34586 2.69111 1.47577 1.29396
threshold=0.54585000000000006 0.27605000000000007 3.7690951367335619 79.875000000000014 126.42733436290864 6.6250000000000009 0.20406541280389848 20.346022976443809 4.325970271350001 1.7602000000000002 -0.37000000000000005 -0.57111921869505067 20.864122495568029 4.171181250000001 3.8046105829827668 1.2545381246500003
decision_type=2 2 2 2 2 2 2 2 2 2 2 2 2 2 2 2
left_child=3 2 10 4 5 6 -1 9 -9 -6 11 -2 -4 -12 -14 -7
right_child=1 -3 12 -5 7 15 -8 8 -10 -11 13 -13 14 -15 -16 -17
leaf_value=-0.008090404744447232 0.021247378677667812 -0.020601786528617935 0.0054794510646766726 0.022185054334092801 -0.00010220779131642518 0.011636466198694583 0.0037395699304835408 -0.0066393926422530676 0.027060327156097297 -0.030749565908223933 0.032765980229809755 -0.014456545070738291 0.018609146143761239 -1.1801392850348971e-05 0.041833539516950007 0.038400518740273275
leaf_weight=47.630890943109989 3.8219235911965397 4.9699841216206542 6.9870534017682102 6.9474217221140853 6.7525329962372806 3.5627420023083678 90.581068888306618 55.89811535179615 4.8050691336393347 13.454389564692972 4.9021400809288043 15.078954726457594 5.2337974980473501 3.7736716642975807 6.7947690114378929 4.027988888323307
leaf_count=254 22 27 37 36 33 20 473 292 22 68 24 72 28 21 34 22
internal_value=3.40005e-05 0.00682939 0.00985757 -0.001455 -0.00220212 0.00107664 -0.000318512 -0.00814161 -0.00388237 -0.0207068 0.000894242 -0.00700518 0.0226267 0.0183293 0.0322124 0.0265434
internal_weight=285.223 51.5623 46.5923 233.66 226.713 145.803 138.212 80.9101 60.7032 20.2069 27.5767 18.9009 19.0156 8.67581 12.0286 7.59073
internal_count=1485 265 238 1220 1184 769 727 415 314 101 139 94 99 45 62 42
is_linear=0
shrinkage=0.03


Tree=123
num_leaves=20
num_cat=0
split_feature=207 25 122 59 47 73 223 33 179 67 227 34 20 93 103 206 204 121 58
split_gain=3.16802 5.19627 4.09777 4.9641 7.75622 5.54008 4.08936 5.95456 5.12778 6.68377 4.06511 4.91292 3.59086 4.15862 3.95028 3.62045 3.56967 2.16348 1.67982
threshold=1.3493160185726731 23.025000000000002 0.56250000000000011 3.8169000000000004 45.457620000000013 16.678143036600002 0.27426467785227532 -0.24689999999999998 -1.2948095339417136 2.8299515876240005 0.22373872356036209 0.49576271186440685 17.440000000000001 0.047141728750000007 0.3596998013499999 0.93693990786198877 1.5154310344827588 0.014050000000000002 69.663850000000011
decision_type=2 2 2 2 2 2 2 2 2 2 2 2 2 2 2 2 2 2 2
left_child=1 2 3 5 -5 -1 7 -2 16 -10 11 -4 13 14 -8 -14 -9 -3 -15
right_child=6 17 10 4 -6 -7 12 8 9 -11 -12 -13 15 18 -16 -17 -18 -19 -20
leaf_value=0.0041512329561185198 0.026134034130487316 0.0071159606452587242 -0.0016359083398947265 -0.017060810263562369 0.014025039358885986 -0.028161865267767022 0.013043405479029914 -0.022040703208619322 -0.01958718645139677 0.021322702034581004 -0.011534433826231226 0.034297688959097121 -0.030107345521790452 0.01272700911438498 -0.020798359539827969 0.0039040003874056361 0.0087431463100849493 0.034831568220106739 0.040773861897999551
leaf_weight=107.61264652013779 4.1038231775164595 5.0885697454214078 5.0479821637272861 30.189038142561913 9.2995738163590413 4.8805484399199477 8.5627133548259753 4.1959166005253818 41.820979937911034 3.7808272391557685 4.0560518950223914 9.5732310786843282 4.4054170995950681 4.2981250956654531 4.7276785075664511 7.1382433623075485 15.696452081203459 5.8507284894585609 4.398638516664505
leaf_count=551 21 27 27 158 49 24 44 22 234 19 21 48 21 22 23 35 83 32 24
internal_value=3.53867e-05 0.00243017 0.00112066 -0.000493467 -0.00964737 0.00269891 -0.00415076 -0.00830836 -0.0105488 -0.0160905 0.0143477 0.021761 0.00438875 0.0115445 0.000715699 -0.00896523 0.00202205 0.0223923 0.0275558
internal_weight=284.727 181.598 170.659 151.982 39.4886 112.493 103.129 69.598 65.4942 45.6018 18.6773 14.6212 33.5308 21.9872 13.2904 11.5437 19.8924 10.9393 8.69676
internal_count=1485 937 878 782 207 575 548 379 358 253 96 75 169 113 67 56 105 59 46
is_linear=0
shrinkage=0.03


Tree=124
num_leaves=14
num_cat=0
split_feature=217 122 5 214 191 63 72 207 44 223 42 85 223
split_gain=3.11118 3.37753 4.29896 4.99817 3.67969 3.62137 4.64327 5.8774 5.61047 4.23445 3.52095 3.34824 2.4079
threshold=-0.38817359442977206 0.55415000000000014 1.0000000180025095e-35 1.1776275013790738 2.8860623046372855 4.0686190855500008 3.9795797933500006 0.65652879179128176 17.790000000000003 0.26963608788851173 0.49498795180722893 -0.30453023994999967 0.28490474384259518
decision_type=2 2 2 2 2 2 2 2 2 2 2 2 2
left_child=-1 5 4 10 -3 9 8 -8 -7 11 -4 -2 -6
right_child=1 2 3 -5 12 6 7 -9 -10 -11 -12 -13 -14
leaf_value=-0.025027248989728766 -0.015850511894176005 -0.025068905183386399 0.0055631453340047529 -0.013066204362768544 -0.0080122553939491106 0 -0.015213744268319467 0.010937383351731502 -0.011095516548358908 0.0308504012183855 0.032077464571570853 0.015094508975750725 0.023312844608766498
leaf_weight=4.284605309367179 5.5753870755434045 4.9535390660166732 7.4908999204635682 4.1338826194405547 4.3287050127983075 105.48203507810831 9.3455538228154165 41.190593659877777 66.773124322295189 6.6164021342992774 12.731299228966234 6.9276149049401292 4.1537679135799408
leaf_count=24 30 24 40 23 23 547 47 206 360 38 64 36 23
internal_value=3.61782e-05 0.00043964 0.00877494 0.0162947 -0.00465449 -0.000853221 -0.00194181 0.00602156 -0.00429765 0.0116197 0.0224791 0.00104107 0.00707063
internal_weight=283.987 279.703 37.7921 24.3561 13.436 241.911 222.791 50.5361 172.255 19.1194 20.2222 12.503 8.48247
internal_count=1485 1461 197 127 70 1264 1160 253 907 104 104 66 46
is_linear=0
shrinkage=0.03


Tree=125
num_leaves=13
num_cat=0
split_feature=0 0 123 205 194 24 44 177 177 176 77 43
split_gain=3.18112 5.7956 5.032 4.15336 5.95513 3.82937 3.64961 3.66133 3.94599 2.76675 0.956846 0.316008
threshold=20240265.000000004 20231026.000000004 0.18315000000000001 5.0323837689368114 2.265000000000001 56.465000000000011 7.660000000000001 -1.4869540757236031 0.33408761385259866 -0.41493199360071659 -0.17559586484999998 32.064000000000014
decision_type=2 2 2 2 2 2 2 2 2 2 2 2
left_child=1 2 -1 4 -4 11 -7 9 -9 -8 -3 -2
right_child=5 10 3 -5 -6 6 7 8 -10 -11 -12 -13
leaf_value=0.033775989473386329 0.01792359719507999 -0.03550460482769887 -0.0026209202629199012 -0.023464456813982123 0.011793620949235771 0.03436959260139507 -0.0016999882296296113 -0.0074658815698916258 0.013003506176584601 0.032213003951018247 -0.013095692294432771 0.036027470266134488
leaf_weight=3.6496961191296569 3.0084200799465171 4.5762274637818336 172.52868174016476 7.2297952249646178 30.207992367446423 3.1480132043361655 3.2870653495192528 32.049174822866917 11.358319364488123 5.4052117913961393 3.878587566316126 3.2437461912631989
leaf_count=19 23 33 856 35 151 24 18 175 67 35 27 22
internal_value=3.48874e-05 -0.00162701 -0.000642651 -0.001271 -0.000453592 0.00607746 0.00347242 0.00148579 -0.00202318 0.0191738 -0.0258486 0.0282078
internal_weight=283.571 222.071 213.616 209.966 202.737 61.5 55.2478 52.0998 43.4075 8.69228 8.45482 6.25217
internal_count=1485 1121 1061 1042 1007 364 319 295 242 53 60 45
is_linear=0
shrinkage=0.03


Tree=126
num_leaves=8
num_cat=0
split_feature=71 83 15 68 99 84 51
split_gain=3.04387 3.52729 3.81949 4.40725 4.10949 2.09183 1.83062
threshold=2.4438634891000004 0.011544002928000003 79.875000000000014 0.16480915930000004 0.035783338736000002 0.15479497980000004 2.8100000000000001
decision_type=2 2 2 2 2 2 2
left_child=-1 5 3 -3 -5 -2 -4
right_child=1 2 6 4 -6 -7 -8
leaf_value=0.019228053667307479 -0.0024014892347612297 -0.025026698135493949 0.035802631510936093 0.011886664265043491 -0.0011344497211117262 -0.03550656431872877 0.0059116523809977896
leaf_weight=7.153796285390853 3.3772110641002646 6.3435407280921927 3.6950145661830893 23.991496182978153 230.27974165230989 3.9395742565393448 4.2412516921758652
leaf_count=37 20 36 19 137 1192 21 23
internal_value=3.52595e-05 -0.000458364 9.41304e-05 -0.000522591 8.654e-05 -0.0208691 0.0204741
internal_weight=283.022 275.868 268.551 260.615 254.271 7.31679 7.93627
internal_count=1485 1448 1407 1365 1329 41 42
is_linear=0
shrinkage=0.03


Tree=127
num_leaves=25
num_cat=0
split_feature=208 54 77 138 206 93 77 163 192 223 213 188 35 201 149 0 201 163 8 204 0 137 76 227
split_gain=3.03729 5.82036 5.95727 7.40177 6.34944 6.91835 5.87374 4.97454 4.56427 5.10349 5.79603 5.5055 5.15767 4.88634 4.59446 4.25769 3.13928 3.13627 2.92628 2.853 2.3183 2.26044 2.25541 2.24919
threshold=1.0039094192204867 330.50000000000006 -1.3330269843999998 3.0483282608695661 0.6082631689715462 -0.16893817924999999 -0.32340330360000086 -35.843124563039957 0.20232469943577278 0.30214488699249337 1.0448151777636732 0.14829309582065833 0.76610000000000011 -3.3799999999999994 0.23195678991656601 20220924.500000004 1.1900000000000006 29.182072884482636 -0.30499999999999994 0.86563714195355568 20241214.500000004 36.597006549816264 3.5417649173500005 -0.003470181287258056
decision_type=2 2 2 2 2 2 2 2 2 2 2 2 2 2 2 2 2 2 2 2 2 2 2 2
left_child=1 7 3 -3 5 -4 -6 -1 9 10 12 -12 -2 -11 22 16 -16 -15 23 -5 -17 -20 -10 -9
right_child=8 2 4 19 6 -7 -8 18 14 13 11 -13 -14 17 15 20 -18 -19 21 -21 -22 -23 -24 -25
leaf_value=-0.0052913394150916086 -0.004395886529981268 0.013780603254299084 -0.0076297086378087483 -0.042589005124047362 0.028626088697218558 0.034369685406166389 -0.0077779561456871793 0.012736800988870088 -0.030179727405384552 -0.014660156952880608 -0.02536788797200188 -0.0027692238800113319 0.024923098369671208 0.023220482287272047 0.031048124382924144 -0.0067648295861560794 0 -0.0066849684168090165 0.024433253334354987 -0.0092014118970990596 0.017390741927132969 -0.0081989566311493536 0.0015031477415896194 0.040499697698991574
leaf_weight=7.1019215583801296 81.930118262767792 4.7728736698627463 5.0981269627809533 6.6554706022143346 4.5164836123585657 10.465108960866925 28.625067099928859 4.3809605985879942 3.6854388341307631 5.9737381637096432 24.035054132342339 16.807488270103931 5.6617566421627989 13.560902930796148 11.582674294710161 10.754576548933981 3.9552546292543402 3.8699427172541609 3.5639455467462513 3.9924981892108917 5.208361789584159 3.7321432307362556 3.9604199901223183 8.9875682890415174
leaf_count=38 433 27 26 32 22 52 140 25 20 30 132 90 28 71 54 56 20 20 19 20 31 21 20 58
internal_value=3.39855e-05 0.00452306 -0.000405221 -0.0166366 0.00469603 0.0204593 -0.00265542 0.015973 -0.00211145 -0.00447837 -0.00683918 -0.0161709 -0.0024403 0.00832314 0.0069807 0.0120917 0.023227 0.0164096 0.0234158 -0.0305514 0.000989046 0.00745023 -0.0135737 0.0317865
internal_weight=282.878 91.8922 64.1256 15.4208 48.7048 15.5632 33.1416 27.7665 190.986 151.839 128.434 40.8425 87.5919 23.4046 39.1467 31.5009 15.5379 17.4308 20.6646 10.648 15.9629 7.29609 7.64586 13.3685
internal_count=1485 480 319 79 240 78 162 161 1005 804 683 222 461 121 201 161 74 91 123 52 87 40 40 83
is_linear=0
shrinkage=0.03


Tree=128
num_leaves=18
num_cat=0
split_feature=0 0 216 203 119 9 51 44 76 11 62 62 108 17 0 66 41
split_gain=2.9702 5.58857 5.10923 5.26234 5.81208 4.5658 5.78456 3.55597 3.64405 3.64426 5.25907 3.41239 5.03761 3.58743 2.55305 1.81887 0.10529
threshold=20240265.000000004 20230527.500000004 0.81238032609326349 8.3067678450369637 0.17605000000000001 -0.054999999999999993 3.5300000000000007 7.660000000000001 8.2148693073000025 -1.0000000180025095e-35 3.9750000000000005 3.0150000000000001 32461276.150000002 15.56 20250802.500000004 4.9476676438000009 0.17470000000000005
decision_type=2 2 2 2 2 2 2 2 2 2 2 2 2 2 2 2 2
left_child=1 2 5 4 -4 6 -1 -2 9 10 -9 12 13 -3 -11 -14 -13
right_child=7 11 3 -5 -6 -7 -8 8 -10 14 -12 16 15 -15 -16 -17 -18
leaf_value=0.039728916878825619 0.034115401791852684 -0.01538900613713971 0.039607917139583414 -0.032303190134440017 -0.0014423270962916075 -0.0093473159595485519 0.0034655819105859583 0.0031743501380230828 -0.017675814183430168 0.0040234266716855068 0.026178601519042603 -0.03513587035597357 -0.035308878318684941 0.021325871255332862 -0.030413937280813836 -0.0035756259115950675 -0.02004828988873664
leaf_weight=8.0774236619472557 3.7001703679561606 3.7577404826879555 3.0607313811779013 4.7758406698703757 166.25634242594242 5.4620403274893752 8.0985940396785718 31.154526337981224 6.0791663080453864 3.749770186841487 12.687784150242804 5.4609312638640395 5.1843469738960257 6.0292313769459724 3.6001195684075356 2.7058655396103859 2.2602611184120178
leaf_count=41 30 24 16 25 804 27 37 176 31 24 85 42 38 31 18 17 19
internal_value=3.33916e-05 -0.00157272 0.00013301 -0.00156295 -0.000659616 0.0138606 0.0218907 0.00590055 0.00396908 0.00662739 0.00994438 -0.0147845 -0.00721558 0.00691257 -0.0126238 -0.0249827 -0.0314156
internal_weight=282.101 221.129 195.731 174.093 169.317 21.6381 16.176 60.9715 57.2714 51.1922 43.8423 25.3984 17.6772 9.78697 7.34989 7.89021 7.72119
internal_count=1485 1121 950 845 820 105 78 364 334 303 261 171 110 55 42 55 61
is_linear=0
shrinkage=0.03


Tree=129
num_leaves=18
num_cat=0
split_feature=197 93 136 1 61 225 0 140 170 186 221 120 40 24 0 82 174
split_gain=2.97061 4.1268 6.07199 6.13065 5.8013 5.77129 6.52656 6.21262 5.47013 5.23338 4.6472 4.01725 4.48672 3.93636 3.36011 3.24954 1.74703
threshold=2.9249999999999994 -0.19458971539999995 49.785500000000006 5.5950000000000006 44.800000000000004 0.5458333333333335 20220371.500000004 9.003766060606063 0.61180585624422268 0.29956474445132769 0.070617377497073655 0.33280000000000004 0.27915000000000006 63.110000000000007 20210665.500000004 2.5205074194000008 0.092579662909327828
decision_type=2 2 2 2 2 2 2 2 2 2 2 2 2 2 2 2 2
left_child=1 5 3 16 -5 6 14 15 9 -4 -8 12 -2 -10 -1 -7 -3
right_child=11 2 8 4 -6 7 10 -9 13 -11 -12 -13 -14 -15 -16 -17 -18
leaf_value=-0.0089724997345134588 0.015370019924456739 0.0072859430308731439 0.0071648699467469525 2.4709551546631361e-05 -0.016517452509817503 0.022599094743909174 0.0034140582721369438 -0.023374931445658487 0.0258988188590011 -0.029593299610311912 -0.016569813214045079 0.029157287915504215 -0.023323174003055346 0.006530879627282148 -0.032367277493118102 -0.0040243853772183634 0.037896786084645931
leaf_weight=9.9382510930299777 6.8784410730004328 3.456454098224639 10.618602730333803 82.953806445002556 24.541193179786205 13.405464686453348 29.924596883356571 4.7311537116765967 19.338221333920956 5.0243385955691329 15.866847693920134 7.1128852292895308 4.2931812405586243 19.558485075831413 14.033608213067053 5.6490744501352301 3.9441961646080017
leaf_count=47 35 20 55 431 128 65 165 23 108 29 91 38 20 107 73 26 24
internal_value=3.14052e-05 -0.000772633 0.00200656 -0.00188514 -0.00373584 -0.00583508 -0.0101999 0.00683032 0.0102483 -0.00456387 -0.00346605 0.0117003 0.000159325 0.0162787 -0.0228705 0.0145696 0.0242878
internal_weight=281.269 262.984 169.435 114.896 107.495 93.549 69.7633 23.7857 54.5396 15.6429 45.7914 18.2845 11.1716 38.8967 23.9719 19.0545 7.40065
internal_count=1485 1392 902 603 559 490 376 114 299 84 256 93 55 215 120 91 44
is_linear=0
shrinkage=0.03


Tree=130
num_leaves=12
num_cat=0
split_feature=217 31 31 162 141 150 31 81 0 32 119
split_gain=2.94569 3.21969 3.79539 5.73041 6.64987 6.08381 4.64476 6.8533 4.60477 2.56561 1.17195
threshold=-0.38817359442977206 0.23525000000000004 0.34570000000000006 0.039067341366846593 4.315125000000001 6.0716805818749977 0.40330000000000005 0.27287363070000009 20241210.500000004 -0.18090563688022712 0.22020000000000003
decision_type=2 2 2 2 2 2 2 2 2 2 2
left_child=-1 9 3 5 -5 -3 7 -4 -8 -2 -11
right_child=1 2 6 4 -6 -7 8 -9 -10 10 -12
leaf_value=-0.024584117696543901 -0.005551347897557915 -0.025424408682985997 -0.01724191179496402 0.015344521278340451 -0.018442202975839039 0.012298163367536401 -0.0025695036887066753 0.017094782366986305 0.010613321955552937 0.037890316623046573 0.01264292718073946
leaf_weight=4.2043598964810363 3.1742537021636963 19.593308277428154 6.1517708525061598 14.163869075477125 8.1535783112049085 4.6000878214836112 154.42766524851322 30.289763629436493 28.073393143713474 3.7582373544573766 4.0165550485253334
leaf_count=24 18 99 33 75 45 23 803 152 173 19 21
internal_value=3.09124e-05 0.000424937 -0.000224295 -0.00800737 0.00283967 -0.0181073 0.0014183 0.0111849 -0.000520512 0.0162963 0.0255543
internal_weight=280.607 276.402 265.453 46.5108 22.3174 24.1934 218.943 36.4415 182.501 10.949 7.77479
internal_count=1485 1461 1403 242 120 122 1161 185 976 58 40
is_linear=0
shrinkage=0.03


Tree=131
num_leaves=17
num_cat=0
split_feature=107 54 204 157 90 61 45 116 223 106 223 85 40 205 143 38
split_gain=2.90419 3.46989 6.35191 6.10895 6.43323 6.30607 5.01251 7.20977 6.30919 5.71274 5.18098 9.52882 4.80191 4.58126 4.21987 2.88308
threshold=245.10000000000002 331.50000000000006 1.280990743267354 19.750894671405245 1.8421000811000001 45.765000000000008 12.260333333333334 0.12660000000000002 0.23024714747249095 23.755000000000006 0.20638829474791415 -0.59984400789999992 -0.11084999999999999 1.2924225765538695 71.542862880000015 0.44768907563025218
decision_type=2 2 2 2 2 2 2 2 2 2 2 2 2 2 2 2
left_child=1 2 3 4 -1 -5 10 8 -8 -9 12 -12 -3 14 -4 -15
right_child=-2 6 13 5 -6 -7 7 9 -10 -11 11 -13 -14 15 -16 -17
leaf_value=0.0084983362765242067 -0.02262615725808903 0.013462115664438118 -0.0082377733305332955 0.029077894728042845 -0.029971679120105958 0.0041781810964144055 -0.022621211034403753 -0.010457340092260882 -0.0022975354258349626 0.0093510583178870732 -0.0083992697643777894 0.027747093588738461 -0.011451916784962957 0.0067129123925468949 0.014320110051650166 -0.021815714732623611
leaf_weight=13.739827141165735 4.8962651938199988 10.100840739905836 13.679652243852617 21.618318818509579 5.3367233723402014 16.430799372494221 30.761075854301453 21.075409181416035 25.478434294462204 34.096867240965366 10.24644283950329 17.483430124819279 21.525739639997482 3.8948368430137661 15.981307588517664 13.813649281859396
leaf_count=73 27 49 70 118 27 102 176 109 129 171 51 89 112 19 86 77
internal_value=2.9893e-05 0.000451854 0.00476421 0.0115029 -0.0022075 0.0184432 -0.00217061 -0.0059325 -0.0134876 0.00172489 0.00483808 0.0143007 -0.00338301 -0.00330627 0.00382288 -0.0153702
internal_weight=280.16 275.263 104.495 57.1257 19.0766 38.0491 170.768 111.412 56.2395 55.1723 59.3565 27.7299 31.6266 47.3694 29.661 17.7085
internal_count=1485 1458 572 320 100 220 886 585 305 280 301 140 161 252 156 96
is_linear=0
shrinkage=0.03


Tree=132
num_leaves=14
num_cat=0
split_feature=201 199 159 40 228 93 93 25 223 173 212 215 141
split_gain=2.87199 3.7159 3.56702 5.02264 5.16954 4.67761 4.47484 8.52479 6.51907 3.32781 2.33266 3.1557 2.17463
threshold=-6.2449999999999992 -8.7749999999999986 31.58121383798591 -0.11084999999999999 1.1378719759342124 0.50414661800000016 -0.19458971539999995 20.925000000000004 0.30100528786915554 0.13763564484119714 -0.24369999999999997 1.0299478112402027 3.0792000000000006
decision_type=2 2 2 2 2 2 2 2 2 2 2 2 2
left_child=9 12 6 5 -5 -4 7 -3 -8 10 -1 -12 -2
right_child=1 2 3 4 -6 -7 8 -9 -10 -11 11 -13 -14
leaf_value=0.014395801816975239 0.038255982389783783 -0.014397389422822312 0.028027584785333366 -0.0032912858875008 0.020967703314829288 -0.0067565827089845799 -0.0018422887067188244 0.011801650726953184 0.016319238529116931 -0.035322748060744841 -0.027357527716324968 0.0075966953131252736 0.0047139210593214074
leaf_weight=4.0089497342705736 3.5769948363304129 49.10125470906496 13.837730810046198 42.644485875964165 9.5824354849755746 4.4218071848154059 99.402962677180767 14.257493227720259 21.523384384810925 4.0504760220646849 5.3619900345802307 3.8000923916697502 3.8046587854623795
leaf_count=23 17 265 70 218 50 22 531 71 121 25 28 21 23
internal_value=2.81941e-05 0.000820325 0.000196411 0.00594198 0.00113391 0.0194498 -0.00198695 -0.00844529 0.00137626 -0.0117919 -0.00411777 -0.0126104 0.0216628
internal_weight=279.375 262.153 254.772 70.4865 52.2269 18.2595 184.285 63.3587 120.926 17.2215 13.171 9.16208 7.38165
internal_count=1485 1388 1348 360 268 92 988 336 652 97 72 49 40
is_linear=0
shrinkage=0.03


Tree=133
num_leaves=8
num_cat=0
split_feature=71 83 15 68 173 92 126
split_gain=2.87976 3.29389 3.57667 4.02903 3.85424 2.41662 1.8017
threshold=2.4438634891000004 0.011544002928000003 79.875000000000014 0.16480915930000004 -0.93030031840067628 0.050314294450000005 0.49800000000000005
decision_type=2 2 2 2 2 2 2
left_child=-1 5 3 -3 -5 -2 -4
right_child=1 2 6 4 -6 -7 -8
leaf_value=0.018872660450256509 0 -0.024167961605381819 0.033229398399780424 -0.026816250005761294 0.00059263146541157509 -0.035143132725653767 0.0032838713876940577
leaf_weight=7.020016022026538 3.0453912839293471 6.2241689488291732 4.186932645738124 4.6050346419215193 246.16070749610662 4.1053189039230347 3.590552493929863
leaf_count=37 18 36 22 26 1303 23 20
internal_value=2.84066e-05 -0.00045382 8.11715e-05 -0.000517608 6.68503e-05 -0.0204045 0.0200028
internal_weight=278.938 271.918 264.767 256.99 250.766 7.15071 7.77749
internal_count=1485 1448 1407 1365 1329 41 42
is_linear=0
shrinkage=0.03


Tree=134
num_leaves=12
num_cat=0
split_feature=197 215 136 89 12 85 1 141 165 204 119
split_gain=2.85426 6.14025 4.33941 4.12474 4.25762 4.18078 6.54609 6.053 3.93312 3.43604 1.78873
threshold=-1.3500000000000003 0.81413423452318678 14.311800000000002 0.15532833115000003 58.70000000000001 -0.93743302085000002 5.5950000000000006 2.7042000000000006 243.38630529217673 1.2389866712235136 0.33265000000000006
decision_type=2 2 2 2 2 2 2 2 2 2 2
left_child=3 10 -3 -1 -5 7 -7 -6 9 -4 -2
right_child=1 2 8 4 5 6 -8 -9 -10 -11 -12
leaf_value=-0.030951299335171163 0.0077917882718036369 0.031947548891118033 0.0049770426194345272 0.024692468374758154 0.030600327005597047 0.027666032466488938 -0.010707353418697647 -0.0049701187177116635 -0.023946247977378012 -0.0036037484288274258 0.034385862918333197
leaf_weight=4.8768788650631896 4.1509081795811635 3.8373020887374869 89.422161288559437 4.6730519756674758 6.7225808352232006 4.1602279469370833 58.701086856424809 11.325772434473036 5.8149741366505614 78.748397350311279 6.3512554168701172
leaf_count=28 24 20 477 23 34 23 310 58 29 422 37
internal_value=2.71389e-05 0.00214147 0.000801199 -0.00433899 -0.00275314 -0.00440385 -0.00808021 0.00820933 7.90668e-05 0.000941376 0.0243303
internal_weight=278.785 188.325 177.823 90.4596 85.5827 80.9097 62.8613 18.0484 173.986 168.171 10.5022
internal_count=1485 1009 948 476 448 425 333 92 928 899 61
is_linear=0
shrinkage=0.03


Tree=135
num_leaves=7
num_cat=0
split_feature=29 144 144 63 85 79
split_gain=3.0771 3.43972 6.26294 3.59702 4.94942 4.77189
threshold=-0.27020031333930167 7.0219434798669953 5.6873529139557748 4.0686190855500008 -0.30453023994999967 3.1256929240500004
decision_type=2 2 2 2 2 2
left_child=-1 2 3 4 -2 -5
right_child=1 -3 -4 5 -6 -7
leaf_value=0.028846436763054671 -0.0035291347882091531 -0.021729930601929369 0.036263773642831766 -0.028654565445929502 0.026660984802996751 -0.00069848602897508026
leaf_weight=3.1972942128777495 9.152678422629835 6.4864484742283812 4.1684988960623732 5.5350610837340346 9.9761777520179731 239.79740918427706
leaf_count=18 52 36 20 31 54 1274
internal_value=2.77848e-05 -0.000306594 0.000207433 -0.000363048 0.0121165 -0.00135286
internal_weight=278.314 275.116 268.63 264.461 19.1289 245.332
internal_count=1485 1467 1431 1411 106 1305
is_linear=0
shrinkage=0.03


Tree=136
num_leaves=20
num_cat=0
split_feature=122 29 170 155 225 96 40 215 183 200 224 32 157 193 150 157 82 138 191
split_gain=2.79399 4.17952 5.23847 4.08097 4.76641 5.90931 4.4302 6.65571 5.39094 4.02379 3.90959 3.73721 3.69308 3.37248 2.97551 2.94261 2.62532 2.42474 1.39776
threshold=0.54585000000000006 0.27605000000000007 3.7690951367335619 29.493933216824036 0.57916666666666672 0.76384948645000006 0.52052073170731727 1.1777070008954085 1.0029337347589913 -0.37000000000000005 -0.047935725290693024 0.78165000000000007 32.403917026326603 0.042464991187157082 2.9235368171827671 20.864122495568029 2.5205074194000008 4.171181250000001 3.8046105829827668
decision_type=2 2 2 2 2 2 2 2 2 2 2 2 2 2 2 2 2 2 2
left_child=3 2 9 10 6 -6 8 -8 -5 11 13 -2 16 -1 -7 -4 -12 -11 -17
right_child=1 -3 15 4 5 14 7 -9 -10 17 12 -13 -14 -15 -16 18 -18 -19 -20
leaf_value=-0.025739793781718277 -0.01563933434456713 -0.019610330632113915 0.0052864741086288474 0.0028719888195279232 0.0061240953753561658 -0.046151871216007292 -0.022957907750811808 0.0040646206018786378 -0.014111139565094662 0.031769464158501785 0.037886768787807647 0.013691080679730091 -0.0056973338167281284 0.01147432305796125 -0.013519638750912576 0.017362883099264908 0.0077987558099162513 0 0.040345539344662666
leaf_weight=4.0413936674594897 13.136273361742498 4.8353644087910643 6.7909199893474606 134.77943829074502 5.7019179537892368 5.6758753508329374 18.908062517642975 14.098479874432085 19.098667040467262 4.776080824434759 7.5780709907412511 5.3622618541121474 3.9095591008663169 4.4491912946105003 5.2476237714290619 5.0668450519442541 4.4779232740402222 3.6409120410680771 6.5369842201471329
leaf_count=22 68 27 37 730 28 26 100 76 108 24 38 26 21 24 24 28 23 21 34
internal_value=2.67822e-05 0.00644127 0.00932454 -0.00137326 -0.00277762 -0.0181361 -0.0013863 -0.0113474 0.00073684 0.000759464 0.0101545 -0.00694798 0.0189073 -0.00598326 -0.0310124 0.021623 0.0271141 0.0179335 0.0308005
internal_weight=278.112 50.1456 45.3103 227.966 203.51 16.6254 186.885 33.0065 153.878 26.9155 24.4561 18.4985 15.9656 8.49058 10.9235 18.3947 12.056 8.41699 11.6038
internal_count=1485 265 238 1220 1092 78 1014 176 838 139 128 94 82 46 50 99 61 45 62
is_linear=0
shrinkage=0.03


Tree=137
num_leaves=25
num_cat=0
split_feature=136 13 93 215 223 116 179 22 47 59 190 176 51 179 210 13 21 144 128 28 85 154 191 91
split_gain=2.77384 6.73681 6.51436 4.97896 7.80158 5.39904 7.26106 5.65306 5.18443 5.15018 4.93003 4.64667 4.07367 3.82555 3.66795 3.37852 3.31298 2.81939 2.60491 2.49208 2.43884 2.3442 0.684254 0.0705605
threshold=66.111475000000013 21.075000000000003 0.41374060455000006 0.94275870306604947 0.22934110262942653 -0.099199999999999997 -2.1281916300598982 21.225000000000005 38.995000000000012 8.6351000000000013 0.83110604541116617 2.4491067047057862 12.530000000000001 -5.362616229985254 0.89082054280345979 18.375000000000004 71.460000000000022 2.1161535782669136 4894.0900000000011 1.1763382577568011 0.017173383024999989 47.344601315921807 5.2564141508966165 0.13043258962800003
decision_type=2 2 2 2 2 2 2 2 2 2 2 2 2 2 2 2 2 2 2 2 2 2 2 2
left_child=3 2 14 4 5 6 -1 -7 15 10 11 -5 22 -12 18 -6 19 -16 -2 23 -10 -18 -11 -3
right_child=1 16 -4 9 8 7 -8 -9 20 12 13 -13 -14 -15 17 -17 21 -19 -20 -21 -22 -23 -24 -25
leaf_value=0.01533445022512948 -0.0056449950987443433 0.029106807476372142 0.022063886906145393 0.0024190708698474191 0.009437143284134121 0.020918032501550617 -0.022621960012784482 -0.01829463393775773 -0.01893820969394186 -0.038918671473810749 0.012536292742083843 -0.020255601169316566 -0.0017903742956143259 -0.017268815363197881 0.0086500647471337323 0.033227222844353324 0.021297603750311211 -0.020383148586692691 -0.041954102028578022 0.0085495975695472487 0.010481251451585068 -0.0085018834455677598 -0.019232396329976913 0.044193066439488463
leaf_weight=5.9089232683181789 3.2474270462989869 3.0997703596949595 6.7628924921154967 99.549052126705647 9.7113664969801921 11.333855383098124 17.718331374228001 4.4941517934203139 4.3306718394160253 6.2870217710733431 4.3373284488916424 8.7492956742644292 6.8784073814749709 26.696828134357929 8.3524658307433111 13.60320398211479 4.3199842199683172 4.5496093854308119 4.6207315176725388 3.8637003451585761 5.7559979259967804 4.8852102607488632 3.6137169599533081 4.970057375729084
leaf_count=30 20 19 37 515 52 57 96 27 22 34 22 47 37 145 49 79 21 24 24 25 29 26 21 27
internal_value=2.6673e-05 0.00653345 -0.00315518 -0.00134563 0.00510665 -0.00386337 -0.0129784 0.00955081 0.0157719 -0.00437742 -0.00245503 0.000542539 -0.0200539 -0.01298 -0.0115768 0.0235285 0.0192496 -0.0014351 -0.0276037 0.0296741 -0.00191729 0.00523916 -0.0322974 0.0391926
internal_weight=277.64 48.6718 27.5331 228.968 72.8565 39.4553 23.6273 15.828 33.4012 156.112 139.333 108.298 16.7791 31.0342 20.7702 23.3146 21.1387 12.9021 7.86816 11.9335 10.0867 9.20519 9.90074 8.06983
internal_count=1485 272 154 1213 392 210 126 84 182 821 729 562 92 167 117 131 118 73 44 71 51 47 55 46
is_linear=0
shrinkage=0.03


Tree=138
num_leaves=11
num_cat=0
split_feature=29 210 196 112 142 130 165 105 164 179
split_gain=2.8972 3.12051 3.81784 3.42876 5.11887 5.5448 4.34623 4.23989 4.13866 3.98041
threshold=-0.27020031333930167 1.4786726178886092 -1.2000000000000026 -0.44254999999999994 66.623531180800015 6165.8900000000012 104.11745923378199 0.24759041505000015 72.564674611583271 1.0687883608552722
decision_type=2 2 2 2 2 2 2 2 2 2
left_child=-1 3 -3 4 9 -6 8 -8 -5 -2
right_child=1 2 -4 6 5 -7 7 -9 -10 -11
leaf_value=0.028232767414859486 6.0464291355050948e-06 -0.031233839181575938 0.0061954648316022206 0.0028550537676950332 -0.015664398058266565 0.0025633020547847483 -0.02418832497255264 0.0051527148820498317 0.02400669062252846 0.036080828368450842
leaf_weight=3.1412011459469786 8.4455224052071554 6.1451220661401749 3.8003459274768812 162.09580908715725 38.563555032014847 24.106490045785904 10.158664390444757 7.5040846765041342 8.7389459162950498 4.1080389469861975
leaf_count=18 43 34 22 864 217 129 52 39 47 20
internal_value=2.60563e-05 -0.000296942 -0.0167135 0.000316888 -0.0050809 -0.00861227 0.00248844 -0.011595 0.00396801 0.0122401
internal_weight=276.808 273.667 9.94547 263.721 75.2236 62.67 188.498 17.6627 170.835 12.5536
internal_count=1485 1467 56 1411 409 346 1002 91 911 63
is_linear=0
shrinkage=0.03


Tree=139
num_leaves=19
num_cat=0
split_feature=197 58 93 136 62 220 204 225 0 170 200 197 158 133 24 0 115 22
split_gain=2.81758 3.99294 3.61035 5.60481 5.6475 6.75992 5.51726 5.3038 6.01121 4.90846 4.99398 4.35471 3.73753 4.08105 3.68636 3.2255 2.90964 0.882601
threshold=2.9249999999999994 71.113250000000008 -0.19458971539999995 49.785500000000006 2.8950000000000005 -0.0066271669958306014 1.1866813742588074 0.5458333333333335 20220371.500000004 0.61180585624422268 -0.87 -1.0000000180025095e-35 40.941421849711816 670.50000000000011 63.110000000000007 20210665.500000004 0.25355000000000005 16.425000000000004
decision_type=2 2 2 2 2 2 2 2 2 2 2 2 2 2 2 2 2 2
left_child=2 16 7 4 6 -6 -4 8 15 10 -5 -10 -9 -14 -11 -1 -2 -18
right_child=1 -3 3 9 5 -7 -8 12 11 14 -12 -13 13 -15 -16 -17 17 -19
leaf_value=-0.0083439243107011583 0 -0.0071601519949706441 0.014580891852223544 -0.017157030126049789 0.0062211696624540928 -0.018022056566125086 -0.0030916468298125949 -0.013308634432207495 -0.011770407111522276 0.025018043674762628 0.018348909452221226 0.0068373569951363337 -0.00709779491218295 0.023718366671223429 0.0061171123618690652 -0.031497385243186328 0.018695880431424179 0.042148262991933784
leaf_weight=9.7647084444761294 3.7904895693063754 6.3709331676363936 25.561430104076862 9.8616715520620328 15.226854011416433 30.994831547141075 41.238693915307522 5.985839024186137 24.712166771292686 18.955936685204506 5.4051265791058531 20.532965190708637 5.4662779867649105 11.878192514181135 19.309587500989437 13.689100854098795 3.5015699863433838 4.2917628139257431
leaf_count=47 19 32 136 54 85 157 225 30 136 108 30 120 27 57 107 73 19 23
internal_value=2.68761e-05 0.0114954 -0.000761979 0.0018595 -0.00190662 -0.00997463 0.00363769 -0.00553575 -0.00974732 0.0098555 -0.00435352 -0.00326329 0.00672636 0.0138494 0.0155992 -0.0220614 0.0219859 0.0323615
internal_weight=276.538 17.9548 258.583 166.554 113.022 46.2217 66.8001 92.0293 68.6989 53.5323 15.2668 45.2451 23.3303 17.3445 38.2655 23.4538 11.5838 7.79333
internal_count=1485 93 1392 902 603 242 361 490 376 299 84 256 114 84 215 120 61 42
is_linear=0
shrinkage=0.03


Tree=140
num_leaves=13
num_cat=0
split_feature=217 122 36 111 134 0 227 28 24 30 147 69
split_gain=2.70124 3.00145 4.0527 4.14313 4.75549 3.64548 4.55669 4.78421 4.12565 6.61449 6.03525 3.5979
threshold=-0.38817359442977206 0.55415000000000014 1.8311098153927434 0.21365000000000003 8.5000000000000018 20240621.500000004 0.096929591812683472 0.67105000000000004 66.435000000000016 0.51315789473684215 1.1996764396244541 3.3625803319500007
decision_type=2 2 2 2 2 2 2 2 2 2 2 2
left_child=-1 5 3 -3 -5 8 11 -8 9 -2 -10 -7
right_child=1 2 -4 4 -6 6 7 -9 10 -11 -12 -13
leaf_value=-0.023896154494973974 0.00011202704905130018 0.033278298756903239 -0.016672254454594727 0.031398273154135667 -0.00014220837430971027 0.028770780742499141 -0.012523295409884855 0.013529000700574773 0.03738674558667162 -0.013086195856851633 0.0013581480479519679 -0.0084737654445842091
leaf_weight=4.079585649073123 83.353498995304108 6.6795093119144466 4.843596287071704 5.335232466459277 19.750505618751049 11.185228101909159 13.228439901024105 12.004053965210913 4.4844025000929824 57.303228348493576 50.874379634857178 2.7494400665163985
leaf_count=24 429 38 26 27 106 78 81 72 21 304 262 17
internal_value=2.64974e-05 0.000405267 0.00839099 0.0123471 0.00654474 -0.000828089 0.00749683 -6.3253e-06 -0.00250982 -0.00524906 0.00439293 0.0212003
internal_weight=275.871 271.792 36.6088 31.7652 25.0857 235.183 39.1672 25.2325 196.016 140.657 55.3588 13.9347
internal_count=1485 1461 197 171 133 1264 248 153 1016 733 283 95
is_linear=0
shrinkage=0.03


Tree=141
num_leaves=13
num_cat=0
split_feature=63 37 112 79 142 161 162 117 223 201 23 137
split_gain=2.69034 3.99387 5.36942 3.79736 3.28617 4.27963 4.31864 3.51265 9.48171 4.70047 1.3548 0.0143183
threshold=4.0686190855500008 0.40970000000000006 -0.31219999999999992 3.1256929240500004 66.623531180800015 19.458679004800675 0.059138109359833289 -0.045149999999999989 0.30100528786915554 -5.1849999999999996 14.685 39.153791834285649
decision_type=2 2 2 2 2 2 2 2 2 2 2 2
left_child=1 2 -1 -2 5 6 -5 8 -6 -9 -4 -12
right_child=3 -3 10 4 7 -7 -8 9 -10 -11 11 -13
leaf_value=-0.0079067240878740678 -0.024665837174275305 -0.012162068066320465 0.013706425181107554 -0.00053771801084749301 -0.011852898258199351 0.031793050096865234 0.028387556274797759 -0.014041650081807761 0.026163546819966355 0.0027318689088279141 0.04430051113950173 0.029745987568839314
leaf_weight=4.7627516537904748 5.76828859001398 5.0731960088014594 3.8654969558119774 32.21475376188755 55.43831480294466 5.5107824504375449 5.2927142009139052 16.93238104134798 6.4716530330479136 127.06308590620756 3.4213430881500244 3.5047271028161049
leaf_count=25 33 31 21 174 300 27 28 93 38 675 17 23
internal_value=2.70001e-05 0.0104311 0.0180224 -0.000807618 -0.000233024 0.00728447 0.00352881 -0.00182093 -0.00779475 0.000730281 0.0297089 0.0378908
internal_weight=275.319 20.6275 15.5543 254.692 248.924 43.0183 37.5075 205.905 61.91 143.995 10.7916 6.92607
internal_count=1485 117 86 1368 1335 229 202 1106 338 768 61 40
is_linear=0
shrinkage=0.03


Tree=142
num_leaves=17
num_cat=0
split_feature=107 54 204 157 215 88 45 116 143 228 223 85 41 205 182 12
split_gain=2.66826 3.18896 5.67861 5.63572 6.00154 5.99734 4.57547 6.43773 5.77682 5.31597 4.80333 8.69936 4.23926 4.19385 4.02442 2.76833
threshold=245.10000000000002 331.50000000000006 1.280990743267354 19.750894671405245 1.0987266073099227 1.8421000811000001 12.260333333333334 0.12660000000000002 63.443420045000003 0.88279166872525294 0.20638829474791415 -0.59984400789999992 -0.11084999999999999 1.2924225765538695 -0.048809217932333976 71.890000000000015
decision_type=2 2 2 2 2 2 2 2 2 2 2 2 2 2 2 2
left_child=1 2 3 5 -5 -1 10 8 -8 -9 12 -12 -3 14 -4 -15
right_child=-2 6 13 4 -6 -7 7 9 -10 -11 11 -13 -14 15 -16 -17
leaf_value=0.0082128333096399362 -0.02194002551732557 0.012658167068301017 -0.005103632071871398 0.02610406442492048 0.00010678535845185169 -0.02924177782659473 -0.0014758098033448987 0.010315646809550171 -0.021286441722247619 -0.008445734659875052 -0.0079810449932598386 0.026873002353575592 -0.01094417567823802 -0.02203772094016802 0.017531436217432802 0.0044462738608652503
leaf_weight=13.495838172733785 4.78270549327135 9.9180490672588366 17.638038910925392 25.18587313964963 12.026566136628388 5.2479581832885733 23.326933830976486 29.098557956516743 31.690076418220997 25.239601112902164 10.070179380476477 17.108061671257019 21.213105626404285 12.662385508418085 11.538465857505797 4.6407379060983649
leaf_count=73 27 49 92 150 70 27 126 149 179 131 51 89 112 70 64 26
internal_value=2.75753e-05 0.000435637 0.00461274 0.0110538 0.0178053 -0.00221417 -0.00209974 -0.00572911 -0.0129592 0.00154653 0.00465369 0.0138669 -0.00331221 -0.00308428 0.00377472 -0.0147775
internal_weight=274.883 270.1 102.436 55.9562 37.2124 18.7438 167.665 109.355 55.017 54.3382 58.3094 27.1782 31.1312 46.4796 29.1765 17.3031
internal_count=1485 1458 572 320 220 100 886 585 305 280 301 140 161 252 156 96
is_linear=0
shrinkage=0.03


Tree=143
num_leaves=14
num_cat=0
split_feature=197 120 40 30 85 166 33 13 167 170 12 95 214
split_gain=2.65272 3.70998 3.9821 3.45351 4.85045 5.45765 4.12168 3.99209 3.70461 4.02254 4.62154 4.17743 3.43787
threshold=2.9249999999999994 0.33280000000000004 0.27915000000000006 0.43552631578947371 -2.6332689558499989 27.237697094809693 0.17742861455887285 21.975000000000005 -1231.4917711701044 4.0141059162420634 72.475000000000009 22.642861217600004 0.93906705035118021
decision_type=2 2 2 2 2 2 2 2 2 2 2 2 2
left_child=3 2 -2 4 12 6 -6 -7 -5 11 -11 -10 -1
right_child=1 -3 -4 8 5 7 -8 -9 9 10 -12 -13 -14
leaf_value=-0.032232261645031818 0.014559371840605302 0.028290752360376016 -0.022318230566131175 0.028395520259434436 0.017315452659154192 0.0061838388787345258 -0.0059993714626028006 -0.031715595985588957 -0.0038003131284403361 -0.0023234338446650703 0.015123530402744898 -0.017868658230062569 0.0038225341636029028
leaf_weight=4.7478479072451574 6.6989418342709559 6.8786224797368041 4.2016786560416222 3.255605734884738 37.149400748312473 5.1158835142850858 8.086104176938532 4.5639201179146767 97.876054953783751 48.559905730187893 18.807268775999546 23.806393034756184 4.3810662180185318
leaf_count=24 35 38 20 16 208 26 43 22 544 256 102 128 23
internal_value=2.60903e-05 0.0112093 0 -0.000741894 0.00527071 0.0086742 0.0130776 -0.0115202 -0.00276159 -0.00332873 0.00251806 -0.00658974 -0.0147502
internal_weight=274.129 17.7792 10.9006 256.349 64.0442 54.9153 45.2355 9.6798 192.305 189.05 67.3672 121.682 9.12891
internal_count=1485 93 55 1392 346 299 251 48 1046 1030 358 672 47
is_linear=0
shrinkage=0.03


Tree=144
num_leaves=16
num_cat=0
split_feature=186 51 55 136 179 223 116 61 76 49 123 126 134 73 186
split_gain=2.5662 5.67643 6.00391 4.5911 4.15769 4.47757 5.70331 5.15824 4.39741 3.79235 3.66799 4.58218 3.40191 3.31154 1.67732
threshold=1.0466281438624037 1.2650000000000003 20241217.500000004 98.444450000000018 -2.0449904142739479 0.27426467785227532 -0.11544999999999998 23.635000000000002 0.49379287775000008 7.205000000000001 0.25525000000000003 0.46600000000000008 15.500000000000002 0.71523456810000019 -0.027247313348990894
decision_type=2 2 2 2 2 2 2 2 2 2 2 2 2 2 2
left_child=3 12 10 4 8 6 -6 -7 13 -10 -3 -12 -2 -1 -5
right_child=1 2 -4 14 5 7 -8 -9 9 -11 11 -13 -14 -15 -16
leaf_value=0.004215547844094723 0.010606366594142626 -0.026317600188785546 0.036091008211694975 0.0035884613101511819 -0.016085062496469883 0.030444401376998574 -0.0024391203040890321 -0.00026581708641657285 -0.012145423691936141 0.013974603221852075 0.026450435262361294 -0.0045190176108482515 0.04501939471320425 -0.034776349318128542 0.030662934698260078
leaf_weight=3.7506903633475295 6.8465594351291639 5.1716704443097106 3.7777903601527205 3.9010506495833397 44.591561108827591 5.3969373703002921 73.742096342146397 45.378364719450474 5.7127720639109603 32.341860115528107 5.0945657044649151 24.697637122124434 4.4804403632879257 3.7124621942639351 5.1294917985796911
leaf_count=21 37 31 26 21 245 32 392 242 31 179 27 131 22 21 27
internal_value=2.50061e-05 0.00616799 0.00060639 -0.00133892 -0.0022368 -0.00441297 -0.00761588 0.00299285 0.00577434 0.00995327 -0.0032341 0.000747271 0.024756 -0.0149872 0.0194632
internal_weight=273.726 50.0687 38.7417 223.657 214.627 169.109 118.334 50.7753 45.5178 38.0546 34.9639 29.7922 11.327 7.46315 9.03054
internal_count=1485 274 215 1211 1163 911 637 274 252 210 189 158 59 42 48
is_linear=0
shrinkage=0.03


Tree=145
num_leaves=14
num_cat=0
split_feature=213 47 22 25 52 39 54 224 156 62 0 96 159
split_gain=2.59676 5.14626 3.50581 4.84339 4.69542 4.4223 5.54485 5.5004 4.29798 3.01124 2.56616 1.79301 1.10513
threshold=1.1888873515302996 39.32500000000001 24.675000000000004 23.175000000000004 0.67020000000000002 0.58505000000000007 332.50000000000006 0.60595031454598702 18.665010153985492 1.7950000000000002 20220807.000000004 1.1794895685000002 7.5905248180573048
decision_type=2 2 2 2 2 2 2 2 2 2 2 2 2
left_child=2 11 3 5 9 6 -1 -7 10 -4 -5 -2 -11
right_child=1 -3 4 8 -6 7 -8 -9 -10 12 -12 -13 -14
leaf_value=0.0085534038342596243 -0.036238864526335679 0.015633670940191077 0 0.038516048056514908 0.013268018488855882 -0.0095298456299018133 -0.0022672090729508507 0.023328475527796662 -0.0074271535592673075 -0.01326545677443249 0.0068094608088236528 -0.0060589578695829805 -0.036981481664387091
leaf_weight=82.749881368130445 5.5602888166904432 3.6489303559064856 4.2337812706828144 7.1262042298912984 4.8122108727693549 52.385170612484217 87.061719730496407 4.8844907134771338 4.0932781100273123 3.2654458805918676 3.8126539774239063 3.0286102220416069 6.5415446013212204
leaf_count=456 36 19 22 37 24 285 460 29 21 18 22 17 39
internal_value=2.59839e-05 -0.0134115 0.000672513 0.00165541 -0.0117339 0.000546434 0.00298999 -0.00663931 0.0180955 -0.0205483 0.0278985 -0.0261343 -0.0296012
internal_weight=273.204 12.2378 260.966 242.113 18.853 227.081 169.812 57.2697 15.0321 14.0408 10.9389 8.5889 9.80699
internal_count=1485 72 1413 1310 103 1230 916 314 80 79 59 53 57
is_linear=0
shrinkage=0.03


Tree=146
num_leaves=14
num_cat=0
split_feature=15 201 186 51 123 33 155 60 85 18 194 212 144
split_gain=2.54579 3.31815 3.25478 5.68904 4.93747 4.91012 4.32807 4.02808 3.04939 2.64263 2.60669 2.78547 1.01949
threshold=79.875000000000014 -6.2449999999999992 1.0466281438624037 1.2950000000000002 0.24235000000000004 -0.25128186445555589 21.431353474815122 7.7114500000000001 0.79763230070000024 64.010000000000005 -3.359999999999999 -0.24369999999999997 1.0606463377397468
decision_type=2 2 2 2 2 2 2 2 2 2 2 2 2
left_child=1 10 5 9 -5 7 -7 -3 -2 -4 11 -1 -13
right_child=8 2 3 4 -6 6 -8 -9 -10 -11 -12 12 -14
leaf_value=0.00024236513172257206 0.033505424356604578 0.037152996505006697 0.041990337593043124 -0.03017718916015719 0.0058208824654151165 0.016626646502640369 -0.0033329814541033461 -0.00055617701945020667 -0.0029477214572110827 0.010764271069381475 0.0094106532446604305 -0.015659633195808261 -0.038884414187310416
leaf_weight=3.9378800541162482 4.305497594177722 5.2164490148425084 5.2632047906517965 3.764738291501998 29.750282227993011 10.186377480626104 184.9265088737011 4.5979415774345398 3.5989917814731598 5.2419867515563965 3.2412856817245475 3.7781069502234441 4.8825824111700058
leaf_count=23 23 28 27 24 164 54 1000 25 21 27 20 19 30
internal_value=2.46813e-05 -0.000468016 0.000369731 0.00777044 0.00161023 -0.00120839 -0.00226759 0.0193566 0.0167037 0.0269401 -0.0137424 -0.0199626 -0.0293898
internal_weight=272.692 264.787 248.947 44.0202 33.515 204.927 195.113 9.81439 7.90449 10.5052 15.8399 12.5986 8.66069
internal_count=1485 1441 1349 242 188 1107 1054 53 44 54 92 72 49
is_linear=0
shrinkage=0.03


Tree=147
num_leaves=12
num_cat=0
split_feature=63 37 112 79 142 150 143 142 173 106 23
split_gain=2.51283 3.71541 5.00841 3.66278 3.06566 4.11772 5.44085 3.35994 4.88855 4.7107 1.29559
threshold=4.0686190855500008 0.40970000000000006 -0.31219999999999992 3.1256929240500004 66.623531180800015 8.97784471285423 38.544246960000002 189.01319949240266 -0.26346886486124693 13.845000000000001 14.685
decision_type=2 2 2 2 2 2 2 2 2 2 2
left_child=1 2 -1 -2 5 6 -5 9 -9 -6 -4
right_child=3 -3 10 4 7 -7 -8 8 -10 -11 -12
leaf_value=-0.0075152666504612843 -0.024407222767794029 -0.011721401580566532 0.01327442049561269 -0.0078464297430116056 0.0022930094704966294 0.031383003686051444 0.014989919064104953 -0.016125869323341858 0.0056394109422066843 -0.0097847381980010004 0.037176170750118864
leaf_weight=4.7177363857626924 5.6736683472990981 5.012465499341487 3.808302253484726 18.776950486004353 47.771829709410667 5.3978465721011153 18.436403371393681 10.497015513479708 72.848174702376127 72.672078650444746 6.7458480149507523
leaf_count=25 33 31 21 103 253 28 98 60 393 400 40
internal_value=2.50561e-05 0.0101672 0.017576 -0.000782889 -0.000217059 0.00707733 0.00339671 -0.00175971 0.00284616 -0.00497151 0.0290387
internal_weight=272.358 20.2844 15.2719 252.074 246.4 42.6112 37.2134 203.789 83.3452 120.444 10.5542
internal_count=1485 117 86 1368 1335 229 201 1106 453 653 61
is_linear=0
shrinkage=0.03


Tree=148
num_leaves=9
num_cat=0
split_feature=107 136 195 186 194 133 33 18
split_gain=2.54861 2.94426 3.63968 3.36824 4.73376 4.30892 4.19539 4.05189
threshold=245.10000000000002 98.444450000000018 -2.5549999999999993 1.0466281438624037 -13.999999999999995 674.50000000000011 -0.25836888092225496 63.835000000000008
decision_type=2 2 2 2 2 2 2 2
left_child=1 3 -3 4 -1 7 -6 -5
right_child=-2 2 -4 5 6 -7 -8 -9
leaf_value=-0.032253996923728594 -0.021619565674140265 0.031439553901267944 -0.0045691276899788675 0.024462462843478312 0.01938919350344934 -0.020427565504091326 -0.0020427311472734945 0.0039598650304466885
leaf_weight=4.4086015149950972 4.704616777598857 5.845188595354557 4.1290047913789731 12.410204347223042 8.4612463191151601 4.4743210524320594 197.49532804265618 30.056651178747416
leaf_count=25 27 31 22 67 48 25 1071 169
internal_value=2.44888e-05 0.000424626 0.0163379 -0.000186687 -0.00182006 0.00705774 -0.00113871 0.0100653
internal_weight=271.985 267.281 9.97419 257.306 210.365 46.9412 205.957 42.4669
internal_count=1485 1458 53 1405 1144 261 1119 236
is_linear=0
shrinkage=0.03


Tree=149
num_leaves=15
num_cat=0
split_feature=0 0 123 24 177 227 0 214 120 20 0 196 212 224
split_gain=2.46847 5.05952 4.14375 3.60238 3.916 3.59799 4.81977 2.75328 4.62731 3.32827 2.31384 1.80471 0.921338 0.098039
threshold=20240265.000000004 20231026.000000004 0.18315000000000001 57.565000000000005 -1.4869540757236031 -0.17148710403150855 20210766.000000004 0.95874904737249345 -0.20294999999999999 17.315000000000001 20250703.500000004 -10.804999999999998 0.10981659383762857 -0.014608527998656926
decision_type=2 2 2 2 2 2 2 2 2 2 2 2 2 2
left_child=1 2 -1 11 10 -4 -7 9 -9 -6 13 -2 -3 -5
right_child=3 12 5 4 7 6 -8 8 -10 -11 -12 -13 -14 -15
leaf_value=0.031565818358161357 0.0049590277416180061 -0.012349517958729562 0.022820196314586472 0.036711711474742711 0.022481510477364484 0.0032010766082988698 -0.0062013209685249432 -0.032652871229785323 -0.00082251153988441913 -0.013331492498306391 -0.0023607439148518785 0.034864758127750646 -0.035054973062049979 0.021456793825456105
leaf_weight=3.4493645057082167 3.2600971907377243 3.7386166751384726 5.3797413259744635 3.2902637645602226 7.5435005575418455 91.657954305410385 104.81549030542374 4.8276488408446268 26.15226390212775 3.1727264076471329 2.5055017694830894 5.0540433526039106 4.1276989951729774 2.757758427411316
leaf_count=19 21 27 27 21 55 446 569 24 150 17 16 39 33 21
internal_value=2.31376e-05 -0.00146486 -0.000539443 0.00548378 0.00237027 -0.00111829 -0.0018003 -0.00137064 -0.00596831 0.0115759 0.020758 0.0236931 -0.0249308 0.0307059
internal_weight=271.733 213.169 205.303 58.5638 50.2497 201.853 196.473 41.6961 30.9799 10.7162 8.55352 8.31414 7.86632 6.04802
internal_count=1485 1121 1061 364 304 1042 1015 246 174 72 58 60 60 42
is_linear=0
shrinkage=0.03


Tree=150
num_leaves=9
num_cat=0
split_feature=71 47 136 191 59 108 140 108
split_gain=2.47273 2.91563 3.03046 5.91685 4.48648 5.74763 4.47314 4.17406
threshold=2.4438634891000004 4.247440000000001 45.806450000000005 1.1773764318715694 3.3139500000000006 36527313.870000012 2.8551667500000009 111994313.37000002
decision_type=2 2 2 2 2 2 2 2
left_child=-1 -2 4 -4 5 -3 -5 -6
right_child=1 2 3 6 7 -7 -8 -9
leaf_value=0.017852790401841803 0.020343501868158254 0.010991480520047536 -0.024574053287680791 0.031465478950828615 -0.013988810297406827 -0.0050875744183420789 0.0034261857981075388 0.00064419764881451665
leaf_weight=6.7326158434152594 5.8346393108367911 33.100882172584534 6.3392175063490859 5.3840801268815985 48.899120226502419 50.067200303077698 88.004058983176947 26.722513571381569
leaf_count=37 35 183 37 31 272 256 491 143
internal_value=2.37186e-05 -0.000425594 -0.000913631 0.00316729 -0.0034959 0.00128137 0.00510674 -0.00878428
internal_weight=271.084 264.352 258.517 99.7274 158.79 83.1681 93.3881 75.6216
internal_count=1485 1448 1413 559 854 439 522 415
is_linear=0
shrinkage=0.03


Tree=151
num_leaves=11
num_cat=0
split_feature=217 31 31 129 162 31 81 136 25 216
split_gain=2.46805 2.87037 3.68395 5.36471 4.45767 4.04637 6.07422 4.18738 3.21178 2.72738
threshold=-0.38817359442977206 0.23525000000000004 0.34570000000000006 7342.2450000000008 0.068576869912961136 0.40330000000000005 0.27287363070000009 15.165150000000002 17.475000000000005 0.90070911884351279
decision_type=2 2 2 2 2 2 2 2 2 2
left_child=-1 9 3 4 -3 6 -4 -7 -5 -2
right_child=1 2 5 8 -6 7 -8 -9 -10 -11
leaf_value=-0.023155405509203843 -0.004937991414196468 -0.016668310742263836 -0.016771657972677698 -0.0051075783060006708 0.013997252837634198 0.031161207270173189 0.016308508187735059 -0.0011212553252180103 0.033436583628384475 0.026445703939608562
leaf_weight=3.9678500965237609 3.5715562328696233 32.746830478310585 5.8476693183183661 3.517754800617694 4.718814715743064 3.5909590497612944 29.319246795028448 172.53608467429876 3.9023069143295288 7.0129649862647057
leaf_count=24 19 177 33 22 23 18 152 958 20 39
internal_value=2.42083e-05 0.000388771 -0.000235009 -0.00804045 -0.0126991 0.00141195 0.0106908 -0.000428733 0.0149394 0.015628
internal_weight=270.732 266.764 256.18 44.8857 37.4656 211.294 35.1669 176.127 7.42006 10.5845
internal_count=1485 1461 1403 242 200 1161 185 976 42 58
is_linear=0
shrinkage=0.03


Tree=152
num_leaves=14
num_cat=0
split_feature=199 170 158 210 136 136 199 15 213 165 203 59 197
split_gain=2.45493 2.78227 5.88581 3.75588 3.94441 5.34448 4.04127 3.47847 3.63159 3.37894 4.94123 4.04458 2.4293
threshold=-8.7749999999999986 1.3620779858600858 72.621743430099215 0.5444834005457756 19.654125000000004 45.806450000000005 -3.6000000000000001 60.900000000000013 0.98958494876794789 -36.632456413338026 1.5327803939703148 2.1813500000000006 -0.6750000000000006
decision_type=2 2 2 2 2 2 2 2 2 2 2 2 2
left_child=12 2 9 -3 6 -6 -5 -4 -9 10 -2 -11 -1
right_child=1 3 7 4 5 -7 -8 8 -10 11 -12 -13 -14
leaf_value=0 -0.0092853676846462244 0.024006931792067095 0.036242234662981487 -0.00924326380478371 -0.0052710965166669127 0.0060815412901194634 0.027548679650003759 0.025287689618375173 -0.011231310173989926 0.0011644217745151151 0.013019100724832196 -0.020705404224216462 0.033529780493129976
leaf_weight=3.8843978047370911 26.957958199083805 6.4894459955394259 4.0382225960493079 3.5918743088841429 88.038022290915251 64.56706864759326 9.0804805606603605 3.9560484960675222 6.0057026967406273 10.279089674353598 13.199837833642958 26.581874027848244 3.7615622095763674
leaf_count=22 150 38 21 18 476 366 50 20 32 56 67 147 22
internal_value=2.35637e-05 -0.000455803 -0.00470258 0.00177852 0.000873617 -0.000447323 0.0168947 0.0130476 0.00308028 -0.00798074 -0.00186526 -0.0145389 0.0166795
internal_weight=270.432 262.786 91.0187 171.767 165.277 152.605 12.6724 14 9.96175 77.0188 40.1578 36.861 7.64596
internal_count=1485 1441 493 948 910 842 68 73 52 420 217 203 44
is_linear=0
shrinkage=0.03


Tree=153
num_leaves=16
num_cat=0
split_feature=59 142 152 167 73 143 143 26 0 112 73 16 174 158 42
split_gain=2.48 5.96415 3.35811 5.46269 4.66368 4.75521 6.02221 4.28042 4.09831 3.22658 3.99179 3.29768 2.98276 2.40665 2.07503
threshold=8.5106500000000018 465.255116665 12.153133294631511 38.940134859773501 16.678143036600002 38.544246960000002 43.503924985000005 16.685000000000006 20231016.500000004 -0.36644999999999994 3.5801583755000004 20.775000000000002 0.18186233458463988 60.715638696900236 0.48096385542168679
decision_type=2 2 2 2 2 2 2 2 2 2 2 2 2 2 2
left_child=2 9 4 8 5 7 -7 -1 12 14 11 -11 -4 -6 -2
right_child=1 -3 3 -5 13 6 -8 -9 -10 10 -12 -13 -14 -15 -16
leaf_value=-0.015713775966827138 -0.0071065925731619937 0.026283938115367857 0.03910356012140094 -0.017310145264698547 -0.037124587659343018 0.021673781683914029 0.001075333686420402 0.017609504231589804 -0.0072143252916944782 -0.021765710492796499 0.019703056176898742 0.0018254450772196096 0.011250226925688668 -0.0032846147106281877 -0.037970363211162539
leaf_weight=23.153665602207187 3.5029184147715551 4.1705788969993582 7.8670073449611717 4.4395116195082656 4.3679507076740247 13.836484387516974 159.0942557156086 3.9117384850978842 3.9742897078394881 11.561604894697671 4.4741409346461287 9.3994494155049306 6.9883149266242981 3.6823001652956009 5.537310890853405
leaf_count=126 22 21 37 25 22 80 882 23 23 66 22 49 35 19 33
internal_value=2.49428e-05 -0.00698822 0.00121211 0.0119949 0 0.000906989 0.00275236 -0.0107401 0.0191177 -0.0111644 -0.00549664 -0.011086 0.0263641 -0.022244 -0.026548
internal_weight=269.962 38.646 231.316 23.2691 208.046 199.996 172.931 27.0654 18.8296 34.4754 25.4352 20.9611 14.8553 8.05025 9.04023
internal_count=1485 213 1272 120 1152 1111 962 149 95 192 137 115 72 41 55
is_linear=0
shrinkage=0.03


Tree=154
num_leaves=17
num_cat=0
split_feature=223 117 93 173 211 31 172 131 210 108 157 34 223 69 112 15
split_gain=2.46488 7.23618 4.76341 4.37592 4.12424 4.99919 5.05762 5.00371 6.2229 4.92112 4.22083 4.12066 3.84773 2.89214 2.50617 1.67994
threshold=0.30100528786915554 -0.004749999999999999 0.17581239010000002 -0.049296298820159686 1.4331643649807122 0.63395000000000012 0.15968936902035982 -0.24564999999999998 1.3680981586917509 49722124.715000011 19.374685697186141 0.46216355932203396 0.30618100446800239 0.067219278149999964 0.17380000000000004 72.340000000000018
decision_type=2 2 2 2 2 2 2 2 2 2 2 2 2 2 2 2
left_child=4 15 12 -4 5 7 11 9 -9 -1 -6 -7 -3 -8 -14 -2
right_child=1 2 3 -5 10 6 13 8 -10 -11 -12 -13 14 -15 -16 -17
leaf_value=0.0019695850159841218 0.035799806630820448 0.016164037686313307 -0.0058537598772602254 0.035273879788057225 -0.0063030242278622368 0.0068808802235669295 -0.013556354356004878 0.0050026259271147228 -0.01904599241178908 -0.016116038798989967 0.033973249214884559 -0.028298932810848745 -0.029594667967799568 0.013990112902512114 -0.0055006382514062842 0.0080579050454277646
leaf_weight=24.655116766691208 7.4688325449824315 4.3848478272557321 3.9156413525342941 5.19868405908346 3.6692967265844327 3.4458709731698063 6.1519410386681539 120.77812878414989 10.391665253788231 29.189324907958508 5.7670659348368645 16.729782558977604 6.4350068569183376 7.4473578482866287 10.72211344540119 3.1635928153991699
leaf_count=135 50 23 22 29 22 20 39 642 62 160 32 96 35 40 59 19
internal_value=2.36251e-05 0.0067705 -0.000553971 0.0174075 -0.00118626 -0.00203947 -0.0126356 -8.31201e-05 0.00306151 -0.0077908 0.0180955 -0.0221382 -0.00833735 0.00130188 -0.0148304 0.0279769
internal_weight=269.514 41.2887 30.6563 9.11433 228.226 218.789 33.775 185.014 131.17 53.8444 9.43636 20.1757 21.542 13.5993 17.1571 10.6324
internal_count=1485 237 168 51 1248 1194 195 999 704 295 54 116 117 79 94 69
is_linear=0
shrinkage=0.03


Tree=155
num_leaves=7
num_cat=0
split_feature=29 144 144 217 202 36
split_gain=2.52316 3.09964 5.62604 3.12072 3.0639 2.36973
threshold=-0.27020031333930167 7.0219434798669953 5.6873529139557748 -0.29956691727986345 -7.6899999999999986 -0.0061499999999999992
decision_type=2 2 2 2 2 2
left_child=-1 2 3 5 -5 -2
right_child=1 -3 -4 4 -6 -7
leaf_value=0.02693104958090833 -0.00063829923660131877 -0.021034324095172675 0.034889860989974909 0.028958569343537365 -0.00012479025653882111 -0.034051747677762104
leaf_weight=3.0026256740093222 3.8028240576386452 6.2248972430825225 4.0457358732819548 3.2022547200322142 244.47072034329176 4.1716397479176512
leaf_count=18 21 36 20 17 1348 25
internal_value=2.34991e-05 -0.000279061 0.000214804 -0.000335641 0.000250667 -0.0186945
internal_weight=268.921 265.918 259.693 255.647 247.673 7.97446
internal_count=1485 1467 1431 1411 1365 46
is_linear=0
shrinkage=0.03


Tree=156
num_leaves=10
num_cat=0
split_feature=63 85 190 194 73 127 174 97 39
split_gain=2.41353 3.68743 3.21548 3.69487 3.39842 5.52367 3.40743 3.19524 2.81159
threshold=4.0686190855500008 -0.30453023994999967 -19.649172477055021 -13.999999999999995 0.4098975178 2147.3250000000003 1.2463905306597602 0.43115326795000009 0.53055000000000008
decision_type=2 2 2 2 2 2 2 2 2
left_child=1 8 -2 -4 5 -5 -6 -3 -1
right_child=2 7 3 4 6 -7 -8 -9 -10
leaf_value=0.011451894937193093 0.028198352377975668 0.037013474155567216 -0.02303207570764583 0.013214953472403985 0.0021345302370132362 -0.014937056410076473 -0.012166518405153219 0.0031614216743151144 -0.021007590948660865
leaf_weight=5.0253829434514063 3.2928057909011832 5.7849166318774206 6.6815069615840903 7.788881041109561 185.67399671301246 29.19271307438612 16.177792906761169 4.7744665294885635 4.3533074110746384
leaf_count=30 18 32 38 47 1005 171 89 29 26
internal_value=2.2516e-05 0.0100495 -0.000772657 -0.00118475 -0.000551616 -0.00890727 0.000968034 0.0221618 -0.003361
internal_weight=268.746 19.9381 248.808 245.515 238.833 36.9816 201.852 10.5594 9.37869
internal_count=1485 117 1368 1350 1312 218 1094 61 56
is_linear=0
shrinkage=0.03


Tree=157
num_leaves=7
num_cat=0
split_feature=29 144 144 63 85 79
split_gain=2.39781 2.92225 5.32261 2.89293 4.14146 3.98131
threshold=-0.27020031333930167 7.0219434798669953 5.6873529139557748 4.0686190855500008 -0.30453023994999967 3.1256929240500004
decision_type=2 2 2 2 2 2
left_child=-1 2 3 4 -2 -5
right_child=1 -3 -4 5 -6 -7
leaf_value=0.026428376707603778 -0.0034454289937491276 -0.020485705715661041 0.03404966309673018 -0.026941802826050496 0.024844939263831644 -0.00062253172570357585
leaf_weight=2.9620452821254721 8.7287932708859461 6.1866314336657515 4.0180398970842353 5.2019355222582808 9.4551172293722612 231.93022515997291
leaf_count=18 52 36 20 31 54 1274
internal_value=2.25038e-05 -0.000270614 0.00020778 -0.000326184 0.0111561 -0.00122365
internal_weight=268.483 265.521 259.334 255.316 18.1839 237.132
internal_count=1485 1467 1431 1411 106 1305
is_linear=0
shrinkage=0.03


Tree=158
num_leaves=17
num_cat=0
split_feature=223 116 211 93 211 31 172 116 54 209 157 220 154 69 176 21
split_gain=2.36654 6.88793 4.62824 5.21297 3.86431 4.7151 4.7678 4.66723 5.39334 4.97503 4.00862 3.5683 2.86898 2.6934 2.32261 1.46885
threshold=0.30100528786915554 -0.018849999999999995 1.2898730116166599 0.17581239010000002 1.4331643649807122 0.63395000000000012 0.15968936902035982 -0.24564999999999998 333.50000000000006 3.2764883839057459 19.374685697186141 -1.0000000180025095e-35 73.031375775472767 0.067219278149999964 -0.34983467570362065 67.075000000000003
decision_type=2 2 2 2 2 2 2 2 2 2 2 2 2 2 2 2
left_child=4 15 3 12 5 7 11 8 -1 -9 -6 -7 -3 -8 -5 -2
right_child=1 2 -4 14 10 6 13 9 -10 -11 -12 -13 -14 -15 -16 -17
leaf_value=-0.00098842895333057308 0.036044735524708986 0.0040198979802985677 -0.025556477721709648 0.0046890933750354307 -0.0060850376690559519 -0.032422374951636149 -0.01320004818411951 0.0045741372396231848 -0.021523313197519205 -0.018231997715372095 0.03331075691028524 -0.0062141554467379798 -0.021839634483525428 0.013449928042156226 0.039843945875169984 0.010834169700340261
leaf_weight=36.674869745969772 6.740229479968546 12.154971383512029 5.3776408135890952 3.1260031312704086 3.6634379550814611 11.559154599905014 6.0952729061245901 121.77752480655909 16.912234786897898 9.1253588795661909 5.6607747375965118 8.4422548487782478 5.4666490703821173 7.4459900483489037 4.3312485776841632 3.7278400100767612
leaf_count=199 46 69 27 18 22 66 39 653 96 51 32 50 29 40 25 23
internal_value=2.16139e-05 0.00666459 -0.000478248 0.00486025 -0.00116335 -0.00198781 -0.0123173 -8.78769e-05 -0.00755319 0.0029487 0.0176137 -0.0215955 -0.00391103 0.00122534 0.0257614 0.0275382
internal_weight=268.281 40.9246 30.4565 25.0789 227.357 218.033 33.5427 184.49 53.5871 130.903 9.32421 20.0014 17.6216 13.5413 7.45725 10.4681
internal_count=1485 237 168 141 1248 1194 195 999 295 704 54 116 98 79 43 69
is_linear=0
shrinkage=0.03


Tree=159
num_leaves=10
num_cat=0
split_feature=190 28 170 159 23 156 136 39 62
split_gain=2.85404 2.74522 2.92926 4.31231 4.31915 3.68305 3.45309 5.42592 4.98656
threshold=-19.649172477055021 28.827074148597703 1.3620779858600858 49.698695304879202 19.815000000000001 -20.767730067957647 46.722525000000012 0.5736500000000001 2.8950000000000005
decision_type=2 2 2 2 2 2 2 2 2
left_child=-1 2 3 4 -2 -5 8 -8 -4
right_child=1 -3 6 5 -6 -7 7 -9 -10
leaf_value=0.027499960528004835 -0.0041301294554480219 -0.023334111845689096 0.0040688183268760211 0.027214482379640418 -0.024366165871146952 -0.0025007443886789623 0.01526063698393742 -0.0026845136666510455 -0.0093329317603449164
leaf_weight=3.261463336646556 64.367801658809185 4.4838192015886298 67.825623955577612 6.4828407764434806 11.193956717848776 8.3241084516048414 37.361332967877388 25.013399418443441 39.359077341854572
leaf_count=18 348 31 371 34 64 46 215 145 213
internal_value=2.04902e-05 -0.00031739 7.69377e-05 -0.00427074 -0.00719585 0.0104033 0.00241292 0.00802351 -0.00082856
internal_weight=267.673 264.412 259.928 90.3687 75.5618 14.8069 169.559 62.3747 107.185
internal_count=1485 1467 1436 492 412 80 944 360 584
is_linear=0
shrinkage=0.03


Tree=160
num_leaves=18
num_cat=0
split_feature=197 58 93 12 160 190 136 107 61 62 225 172 104 132 85 174 161
split_gain=2.39488 3.66104 3.12465 4.80714 6.72056 5.38089 4.76095 4.95736 4.67586 4.57663 4.25039 3.4442 3.22902 3.01959 2.33682 1.84104 1.01004
threshold=2.9249999999999994 71.113250000000008 -0.19458971539999995 70.310000000000016 3.5329061296056796 -0.23465640800881959 49.785500000000006 5.5950000000000006 44.800000000000004 1.5250000000000001 0.57916666666666672 0.33606114868685449 -2.2537540282249973 0.25185000000000007 -0.3784586633999999 0.088708508245405285 1.7414206366034168
decision_type=2 2 2 2 2 2 2 2 2 2 2 2 2 2 2 2 2
left_child=2 13 3 4 9 14 7 15 -9 -1 11 -8 -7 -2 -5 -4 -15
right_child=1 -3 6 5 -6 12 10 8 -10 -11 -12 -13 -14 16 -16 -17 -18
leaf_value=0.014487025435525318 -0.0012576958565297407 -0.0072598295033467503 0.0040830393555246489 0.035420571033273909 0.021557984284806344 0.012782123492520696 0.016688298181208466 0 -0.01528342487439583 -0.015367113524953593 -0.011797433328558243 -0.00465043990011623 -0.015335435209826546 0.042086955725391943 0.005432733598374255 0.036474289872703354 0.01725155080026616
leaf_weight=4.8828712850809088 3.4691122248768824 6.1826035529375067 3.0896894410252562 5.6251578629016876 5.484764263033866 5.5278020203113547 36.444135889410973 79.320149503648281 23.151060476899147 52.776428878307343 7.1942197084426871 8.0668657235801202 10.197827551513909 4.1664737239480019 4.4765723198652285 3.7959003746509552 3.4423051029443741
leaf_count=27 18 32 19 31 28 28 216 431 128 296 36 47 56 22 24 25 21
internal_value=1.89444e-05 0.0108046 -0.000717649 -0.00523523 -0.00970802 0.00557964 0.00176097 -0.00176348 -0.00345271 -0.0127663 0.00926213 0.012752 -0.0052438 0.0211296 0.0226091 0.0226357 0.0316098
internal_weight=267.294 17.2605 250.033 88.9714 63.1441 25.8274 161.062 109.357 102.471 57.6593 51.7052 44.511 15.7256 11.0779 10.1017 6.88559 7.60878
internal_count=1485 93 1392 490 351 139 902 603 559 323 299 263 84 61 55 44 43
is_linear=0
shrinkage=0.03


Tree=161
num_leaves=9
num_cat=0
split_feature=71 107 149 228 199 187 15 187
split_gain=2.29856 2.76086 3.16199 4.34882 4.21341 4.02247 3.60441 3.47486
threshold=2.4438634891000004 3.7150000000000003 0.28227129120408007 1.1812060087876934 -8.7749999999999986 0.24923755105814141 67.135000000000019 3.5331463252097661
decision_type=2 2 2 2 2 2 2 2
left_child=-1 -2 3 5 -4 -3 -5 -6
right_child=1 2 4 6 7 -7 -8 -9
leaf_value=0.017386800820488824 0.025338499313376502 -0.021342208318765227 0.024236413217643308 0.031837718413657283 -0.00060408137153407967 0 -0.0081029180927099896 0.029175748520590003
leaf_weight=6.5959462299942961 3.5866340175271025 20.547716051340103 6.5105880945920935 3.8709927573800078 205.10474646836519 13.117074742913244 3.922393225133419 3.487498313188552
leaf_count=37 24 114 38 22 1139 73 20 18
internal_value=2.11657e-05 -0.000414118 -0.000795551 -0.00837648 0.000654845 -0.013089 0.0115076 -7.80691e-05
internal_weight=266.744 260.148 256.561 41.4582 215.103 33.6648 7.79339 208.592
internal_count=1485 1448 1424 229 1195 187 42 1157
is_linear=0
shrinkage=0.03


Tree=162
num_leaves=19
num_cat=0
split_feature=0 0 203 122 38 190 24 177 62 108 195 33 138 37 185 64 196 40
split_gain=2.40781 4.90695 3.72843 3.75631 3.58373 3.54291 3.41294 3.56999 3.15281 4.51247 3.61047 2.95311 4.69127 4.45965 2.35293 1.75101 1.71762 0.0941521
threshold=20240265.000000004 20230527.500000004 8.3067678450369637 0.56250000000000011 0.4811457983193278 0.097993077078423071 57.565000000000005 -1.4869540757236031 3.0150000000000001 32461276.150000002 -4.6899999999999968 0.098250000000000018 4.6444519230769243 -0.06214999999999999 -0.4352322105312057 5.0105295057000001 -10.804999999999998 0.1033478458989229
decision_type=2 2 2 2 2 2 2 2 2 2 2 2 2 2 2 2 2 2
left_child=1 2 3 5 -5 -1 16 14 9 10 -3 13 -13 -9 -8 -11 -2 -10
right_child=6 8 -4 4 -6 -7 7 11 17 15 -12 12 -14 -15 -16 -17 -18 -19
leaf_value=0.0047937752383772955 0.0050781005358788225 -0.013491892404098359 -0.024024562324685923 -0.010997472644782041 0.020962930178403977 -0.0042168233856414682 -0.00098359694082788911 -0.010048590717047287 -0.034692275971823047 -0.034553041505186573 0.023622552075210253 -0.017081220517896373 0.016099562237320866 0.018391255553212055 0.031650539689222233 -0.0017719870439104723 0.034581724132639512 -0.019664888019315287
leaf_weight=66.482441939413548 3.2289411202073097 4.0950176343321836 5.4522565156221381 3.8564121201634434 14.107909090816973 95.430753245949745 2.8181010484695435 8.0997432768344861 4.9944490715861312 4.8737473264336577 5.1508671492338198 15.937542021274568 4.8671948909759513 12.180570706725122 5.4510992504656297 2.3786532506346703 4.8868669755756837 2.216485783457756
leaf_count=335 21 29 30 24 71 490 18 47 41 39 26 87 30 82 40 16 39 20
internal_value=2.19575e-05 -0.00146227 0.000168707 0.000931638 0.013913 -0.00049783 0.0054659 0.0024126 -0.0142844 -0.00673624 0.00689503 -0.00115362 -0.0091353 0.00689191 0.0202917 -0.0243798 0.0234133 -0.0308157
internal_weight=266.509 209.039 185.33 179.878 17.9643 161.913 57.4701 49.3543 23.7092 16.4983 9.24588 41.0851 20.8047 20.2803 8.2692 7.2524 8.11581 7.21093
internal_count=1485 1121 950 920 95 825 364 304 171 110 55 246 117 129 58 55 60 61
is_linear=0
shrinkage=0.03


Tree=163
num_leaves=18
num_cat=0
split_feature=0 147 186 222 39 213 148 141 115 0 162 134 143 41 181 77 195
split_gain=2.29151 4.27083 4.00394 3.85627 3.71474 4.81416 4.57537 5.72206 4.66712 4.22976 4.77544 4.74166 4.57712 3.44203 2.92515 2.43954 1.5039
threshold=20245666.500000004 3.3541033040255095 0.99034807355388732 0.87574621987886192 0.58505000000000007 1.1829474490793142 0.80908630663785164 1.4650250000000002 0.36385000000000006 20210715.500000004 0.11457103600168352 8.5000000000000018 65.666035820000005 0.71630000000000005 -0.17934606157359637 -0.41966967574999997 -0.26999999999999952
decision_type=2 2 2 2 2 2 2 2 2 2 2 2 2 2 2 2 2
left_child=4 -2 3 13 5 6 8 -8 -1 11 14 -6 -13 -3 -11 -12 -7
right_child=1 2 -4 -5 9 16 7 -9 -10 10 15 12 -14 -15 -16 -17 -18
leaf_value=-0.0087388537908442646 0.032524270724715386 0.013013156165034127 0.029755092470830618 -0.02943542242931621 0.021327294402334961 -0.036124183233042673 -0.0103865862587627 0.0087468361869109477 0.0099352641958489942 0.0010808730778962387 -0.010765123898862894 0.012619125559897377 -0.024390830978369585 -0.011280305264934086 -0.025586978843851846 0.023543196208843521 -0.0052982875605325835
leaf_weight=50.100220613181591 5.0407405830919734 12.86402804404498 4.1310647726058951 3.7491480261087409 7.5559068322181728 3.8212823048233986 16.4187241345644 90.924935907125473 15.62985937297344 4.2281827852129963 3.4923429116606712 5.0054907202720624 7.0257073566317558 8.6343647837638837 20.834612142294645 3.6525717824697486 2.6983927190303794
leaf_count=271 38 92 32 18 37 25 91 488 85 25 20 24 35 43 124 20 17
internal_value=1.98941e-05 0.00724144 0.00270607 -0.00170134 -0.00104403 0.000983426 0.0019587 0.00578542 -0.00424444 -0.00812018 -0.0148045 0.00273807 -0.00876872 0.00311026 -0.0209824 0.00644252 -0.0240918
internal_weight=265.808 34.4193 29.3786 25.2475 231.388 179.593 173.074 107.344 65.7301 51.7948 32.2077 19.5871 12.0312 21.4984 25.0628 7.14491 6.51968
internal_count=1485 223 185 153 1262 977 935 579 356 285 189 96 59 135 149 40 42
is_linear=0
shrinkage=0.03


Tree=164
num_leaves=6
num_cat=0
split_feature=202 202 136 104 93
split_gain=2.36734 4.18102 3.01512 3.03988 3.17511
threshold=-7.6899999999999986 -7.0599999999999996 13.695850000000002 11.306124031600005 -3.6625745991499987
decision_type=2 2 2 2 2
left_child=-1 -2 -3 4 -4
right_child=1 2 3 -5 -6
leaf_value=0.024834787231319294 -0.031965236410852589 0.021739180445640369 -0.012205223833807155 0.026111089091854906 0.00024200337008103507
leaf_weight=3.3180226832628241 3.5992491841316214 5.5970187336206427 19.925457634031773 3.7485063821077338 228.92171778157353
leaf_count=18 20 30 104 20 1293
internal_value=1.87947e-05 -0.000293638 0.00014846 -0.000326489 -0.000747111
internal_weight=265.11 261.792 258.193 252.596 248.847
internal_count=1485 1467 1447 1417 1397
is_linear=0
shrinkage=0.03


Tree=165
num_leaves=16
num_cat=0
split_feature=197 58 228 136 223 220 211 164 167 17 228 179 213 132 161
split_gain=2.28967 3.49407 3.39846 6.24992 5.8682 5.76759 5.65064 4.71498 5.13613 3.87364 3.59732 3.58393 3.08445 2.8821 0.977105
threshold=2.9249999999999994 71.113250000000008 0.88097337261775299 17.253975000000001 0.28490474384259518 -0.1934652090337112 1.4032331718517408 -56.651695549294821 -47.401789707230016 15.815000000000003 0.8424230252480519 -0.59547356103358173 1.0583507506292702 0.25185000000000007 1.7414206366034168
decision_type=2 2 2 2 2 2 2 2 2 2 2 2 2 2 2
left_child=2 13 7 -4 6 -6 -5 9 -9 12 -10 -11 -1 -2 -15
right_child=1 -3 3 4 5 -7 -8 8 10 11 -12 -13 -14 14 -16
leaf_value=0.011525209672874683 -0.0011217549019224291 -0.0070300307079223428 0.023809102773607534 -0.012362911622269683 0.033871733704243644 -0.00037726653743657757 0.015134403971207114 0.035698596601599492 0.0015274000476147623 0 0.017717504123402453 -0.036173055498770042 -0.022048706312135197 0.041568176841587805 0.016940064802328701
leaf_weight=8.6708633452653903 3.4408138990402239 6.1576679199933997 6.7118704244494429 78.067672189325094 5.0029939189553252 32.103759773075581 7.1801401749253264 4.8431667536497107 77.058134336024523 3.691408783197403 14.750204049050806 6.517553471028803 3.3041109815239897 4.0869875475764275 3.4106619209051132
leaf_count=49 18 32 34 441 30 175 41 24 436 22 86 35 19 22 21
internal_value=1.89288e-05 0.0106159 -0.000703764 -0.00408246 -0.00565517 0.00423842 -0.00999673 0.00294094 0.00582341 -0.00945263 0.00417764 -0.0229578 0.00190723 0.020795 0.0311302
internal_weight=264.998 17.0961 247.902 129.066 122.355 37.1068 85.2478 118.835 96.6515 22.1839 91.8083 10.209 11.975 10.9385 7.49765
internal_count=1485 93 1392 721 687 205 482 671 546 125 522 57 68 61 43
is_linear=0
shrinkage=0.03


Tree=166
num_leaves=6
num_cat=0
split_feature=202 202 136 22 215
split_gain=2.22477 3.98035 2.742 2.95897 3.15611
threshold=-7.6899999999999986 -7.0599999999999996 13.695850000000002 26.025000000000002 0.83965116279069785
decision_type=2 2 2 2 2
left_child=-1 -2 -3 4 -4
right_child=1 2 3 -5 -6
leaf_value=0.024145836127906394 -0.031320373221321564 0.020835567878289895 0.010928613511153483 -0.020632922056200962 -0.00086026912152930169
leaf_weight=3.2990302368998519 3.5671224594116202 5.5445284321904174 22.384035527706146 6.1854665130376807 223.46808895841241
leaf_count=18 20 30 133 36 1248
internal_value=2.08915e-05 -0.000281515 0.000148672 -0.0003026 0.00020488
internal_weight=264.448 261.149 257.582 252.038 245.852
internal_count=1485 1467 1447 1417 1381
is_linear=0
shrinkage=0.03


Tree=167
num_leaves=18
num_cat=0
split_feature=0 0 216 203 119 9 51 24 228 124 208 62 108 145 64 196 211
split_gain=2.23805 4.69444 4.39569 4.29366 4.32804 3.7501 4.47761 3.27611 3.5953 3.76373 3.10017 3.02918 4.33772 3.90544 1.69365 1.65304 0.120208
threshold=20240265.000000004 20230527.500000004 0.81238032609326349 8.3067678450369637 0.17870000000000003 -0.054999999999999993 3.5300000000000007 57.565000000000005 1.6542447392133062 0.96765000000000012 1.0039094192204867 3.0150000000000001 32461276.150000002 1.7246922477487423 5.0105295057000001 -10.804999999999998 1.1005159306135515
decision_type=2 2 2 2 2 2 2 2 2 2 2 2 2 2 2 2 2
left_child=1 2 5 4 -4 6 -1 15 9 10 -9 12 13 -3 -14 -2 -13
right_child=7 11 3 -5 -6 -7 -8 8 -10 -11 -12 16 14 -15 -16 -17 -18
leaf_value=0.037645414393047853 0.005059090377375744 -0.007842091196746238 0.033124168254818079 -0.030445175633353298 -0.0013373730774784457 -0.0082393557667748505 0.0043933524308215092 0.021638345940988089 -0.026751509412566019 -0.024016572082873496 0.0024868173091712941 -0.034439282812851829 -0.034334979518188452 0.032011053225616079 -0.0018653659006662915 0.034306613948829626 -0.018696099353468391
leaf_weight=7.3285853937268275 3.1950939893722534 5.7910981923341804 3.2469402253627768 4.3690176904201499 156.47245314717293 5.1194178014993659 7.6660106778144836 10.137563630938528 3.4268620796501628 3.6466165855526915 31.611981943249702 4.9394308589398852 4.7546171955764285 3.3861348405480385 2.3645716831088066 4.7350728847086421 2.0962665341794491
leaf_count=41 21 38 18 25 802 27 37 82 19 18 185 42 39 17 16 39 19
internal_value=1.99563e-05 -0.0014127 0.000180004 -0.00142879 -0.000597745 0.013395 0.0209857 0.00530491 0.0023109 0.00462467 0.00724944 -0.0140619 -0.00664073 0.00672575 -0.0241413 0.023106 -0.0304968
internal_weight=264.288 207.535 184.202 164.088 159.719 20.114 14.9946 56.7532 48.823 45.3962 41.7495 23.3321 16.2964 9.17723 7.11919 7.93017 7.0357
internal_count=1485 1121 950 845 820 105 78 364 304 285 267 171 110 55 55 60 61
is_linear=0
shrinkage=0.03


Tree=168
num_leaves=10
num_cat=0
split_feature=71 107 122 110 62 225 110 9 194
split_gain=2.23929 2.54286 2.76852 3.81742 5.79279 5.38248 3.74901 2.98947 2.96681
threshold=2.4438634891000004 3.7150000000000003 0.55415000000000014 7930.8500000000013 6.7000000000000011 0.57916666666666672 9348.0400000000027 -0.48499999999999993 -2.3049999999999993
decision_type=2 2 2 2 2 2 2 2 2
left_child=-1 -2 3 5 -5 -3 8 -8 -4
right_child=1 2 6 4 -6 -7 7 -9 -10
leaf_value=0.017277612519338049 0.02462772480970837 -0.0024268176781267713 0.0051058142068495498 0.010372772540473611 -0.015146164276864015 -0.020511080810485662 0.012596395270802526 -0.021442011834951948 0.026627572036042706
leaf_weight=6.5044359490275374 3.4915367364883414 152.09983047097921 16.571356318891048 39.764182984828949 9.8485803380608541 16.410716265439987 3.5044563263654709 6.1279705837368947 9.1946336552500743
leaf_count=37 24 861 90 229 53 81 20 36 54
internal_value=1.83712e-05 -0.000413304 -0.000779576 -0.00205383 0.00522641 -0.0042169 0.0069715 -0.00874777 0.0129751
internal_weight=263.518 257.013 253.522 218.123 49.6128 168.511 35.3984 9.63243 25.766
internal_count=1485 1448 1424 1224 282 942 200 56 144
is_linear=0
shrinkage=0.03


Tree=169
num_leaves=13
num_cat=0
split_feature=201 138 225 199 74 143 207 108 59 0 96 0
split_gain=2.244 2.85237 2.91868 2.79721 2.67226 4.21397 5.57223 3.66217 6.2536 4.95769 1.39424 0.612483
threshold=-6.2449999999999992 2.0553898148148151 0.5458333333333335 -8.7749999999999986 4.3426706954000007 52.625285097500004 0.65652879179128176 20871211.605000004 2.0202000000000004 20210766.000000004 0.84041830830000008 20231225.500000004
decision_type=2 2 2 2 2 2 2 2 2 2 2 2
left_child=1 -1 11 10 7 -6 -7 8 -5 -9 -2 -3
right_child=3 2 -4 4 5 6 -8 9 -10 -11 -12 -13
leaf_value=0.011556937502959113 0.032903904707121144 -0.034094143697029428 0.0023026959998492138 0.023074671356012474 0.02710976152135415 -0.02302439699956645 0.0078123718938428116 0.0038079326677803805 0 -0.0097381247811098338 0.0045480357750363352 -0.01355131759035922
leaf_weight=3.7104555591940906 3.4348617270588866 5.562799606472252 4.0749158263206473 12.145817957818506 7.5551181957125655 6.2263738811016074 31.049285393208265 36.704898983240128 76.390696186572313 70.25805700942874 3.3656736873090267 2.7134092971682549
leaf_count=20 19 39 22 74 38 34 169 184 432 417 21 16
internal_value=1.86631e-05 -0.0107999 -0.017796 0.000738002 0.000184603 0.00679306 0.00253344 -0.00131817 0.00317219 -0.00506249 0.0195742 -0.0279594
internal_weight=263.192 16.0616 12.3511 247.131 240.33 44.8308 37.2757 195.499 88.5365 106.963 6.80054 8.27621
internal_count=1485 97 77 1388 1348 241 203 1107 506 601 40 55
is_linear=0
shrinkage=0.03


Tree=170
num_leaves=19
num_cat=0
split_feature=223 117 93 173 223 117 210 123 164 127 164 54 19 203 223 142 196 21
split_gain=2.21391 6.37175 4.11673 3.93817 3.53495 3.41832 4.58153 4.66582 6.01999 4.94887 4.56206 4.56406 5.62172 4.73765 3.94075 3.3959 3.24864 1.38325
threshold=0.30100528786915554 -0.004749999999999999 0.17581239010000002 -0.049296298820159686 0.30618100446800239 -0.030849999999999995 1.3680981586917509 0.30055000000000004 -245.86634844885938 4123.3950000000013 -466.02556058373017 333.50000000000006 22.875000000000004 1.1826322820772885 0.25695215083010908 64.229265627215923 -1.5749999999999991 67.075000000000003
decision_type=2 2 2 2 2 2 2 2 2 2 2 2 2 2 2 2 2 2
left_child=5 17 4 -4 -3 10 7 9 -9 -7 -1 12 -12 -13 16 -6 -8 -2
right_child=1 2 3 -5 15 6 14 8 -10 -11 11 13 -14 -15 -16 -17 -18 -19
leaf_value=0.023692525092129272 0.035502629822533986 0.016023325795033499 -0.0055901203722757429 0.034077830471309432 0.013830928823478276 0.0051549563472560178 -0.016685817032972027 -0.027488479664169178 0.01060060302089556 -0.013052429075598965 -0.0076523953872295446 -0.031041764334888693 0.015637074216237987 -0.0039061018670792577 -0.038336786146284392 -0.020398140701172424 0.022784267019109294 0.010623172608852403
leaf_weight=4.3098805323243132 6.4509368352591974 4.3001898154616418 3.8059385567903519 4.9709874019026739 3.0321823768317726 29.066734462976456 5.2487859576940528 3.8170728608965865 68.100511174649 24.623858097940683 45.158085990697145 12.678298726677896 11.602324306964872 11.164629135280846 4.3263125941157332 13.722788911312817 2.7673469185829154 3.6517729870975018
leaf_count=21 46 23 22 29 19 155 34 20 370 145 253 76 66 67 23 75 18 23
internal_value=1.93194e-05 0.00652613 -0.000372809 0.0166695 -0.00766397 -0.00113558 0.00176261 0.00349968 0.00850198 -0.00314838 -0.00587583 -0.00752143 -0.00281993 -0.01853 -0.0155604 -0.0139803 -0.00257739 0.0269959
internal_weight=262.799 39.9348 29.8321 8.77693 21.0552 222.864 137.951 125.608 71.9176 53.6906 84.9132 80.6033 56.7604 23.8429 12.3424 16.755 8.01613 10.1027
internal_count=1485 237 168 51 117 1248 765 690 390 300 483 462 319 143 75 94 52 69
is_linear=0
shrinkage=0.03


Tree=171
num_leaves=9
num_cat=0
split_feature=107 136 195 186 194 133 33 18
split_gain=2.19624 2.47388 3.22972 2.99166 4.23072 3.90918 3.57575 3.46728
threshold=245.10000000000002 98.444450000000018 -3.5650000000000008 1.0466281438624037 -13.999999999999995 674.50000000000011 -0.25836888092225496 63.135000000000005
decision_type=2 2 2 2 2 2 2 2
left_child=1 3 -3 4 -1 7 -6 -5
right_child=-2 2 -4 5 6 -7 -8 -9
leaf_value=-0.031225973932486897 -0.020519814218389741 0.033312597230390296 -0.00088267224574828027 0.023970589895755311 0.018382906805571676 -0.019765443850215766 -0.0019277408935976224 0.0042133703253423365
leaf_weight=4.1935823857784262 4.4980365931987754 4.5522915124893188 4.9745192825794202 11.146605264395474 8.0168448351323587 4.3389976620674124 190.69015268608928 29.724599733948708
leaf_count=25 27 26 27 62 48 25 1071 174
internal_value=1.90933e-05 0.00039714 0.0153219 -0.000169787 -0.00173721 0.0067868 -0.00108438 0.00972024
internal_weight=262.136 257.638 9.52681 248.111 202.901 45.2102 198.707 40.8712
internal_count=1485 1458 53 1405 1144 261 1119 236
is_linear=0
shrinkage=0.03


Tree=172
num_leaves=10
num_cat=0
split_feature=190 213 48 192 49 162 135 172 141
split_gain=2.56546 2.65318 3.4176 2.81306 3.025 4.62888 3.69387 2.83129 2.07649
threshold=-19.649172477055021 1.2132395100855802 65.675000000000011 0.013511742003986813 17.305000000000003 0.21035390784787042 39.631726666666673 0.017798242504726173 1.5514000000000003
decision_type=2 2 2 2 2 2 2 2 2
left_child=-1 3 -3 7 6 -6 -5 -2 -9
right_child=1 2 -4 4 5 -7 -8 8 -10
leaf_value=0.026441539392812692 0.0068945395109810004 -0.030923755395892462 0.0075745882373300689 -0.0038795006060503697 -0.0047532035849875273 0.02086776560504016 0.0070027575864681077 -0.0004707236139458979 -0.030845895901745184
leaf_weight=3.168316099792718 4.3595936149358741 5.4305470362305623 3.0983202084898949 38.708212114870548 91.545793805271387 6.6887800693511954 98.991979941725731 3.1740640029311162 6.7254256792366505
leaf_count=18 24 37 17 208 520 35 568 19 39
internal_value=1.79604e-05 -0.000304123 -0.0166649 0.00024805 0.00104398 -0.00295872 0.00392133 -0.0126283 -0.0215089
internal_weight=261.891 258.723 8.52887 250.194 235.935 98.2346 137.7 14.2591 9.89949
internal_count=1485 1467 54 1413 1331 555 776 82 58
is_linear=0
shrinkage=0.03


Tree=173
num_leaves=15
num_cat=0
split_feature=190 157 221 179 160 128 59 20 23 200 54 199 204 108
split_gain=2.43356 2.56401 4.4504 5.34152 7.37365 4.35035 3.40587 4.95991 5.4676 4.20366 4.02563 4.5795 3.52903 2.35845
threshold=-19.649172477055021 19.63319783821143 -0.24959802555356111 4.2114569496087615 1.063337111461222 2054.1850000000004 3.0329500000000005 14.185 13.440000000000003 -5.0600000000000005 330.50000000000006 -3.1500000000000008 1.2533407993628989 40828460.015000008
decision_type=2 2 2 2 2 2 2 2 2 2 2 2 2 2
left_child=-1 2 13 5 -5 -4 10 8 -8 -9 12 -12 -3 -2
right_child=1 6 3 4 -6 -7 7 9 -10 -11 11 -13 -14 -15
leaf_value=0.025831815723966849 -0.0026256814377186742 0.029604784561790977 0.0067407960153809477 -0.013027073340728676 0.036001659255942141 -0.0097294486357564595 -0.022253794138967709 -0.020711683178253441 0.017905235460274203 -0.0014492627729834609 -0.013522669200642186 0.010276800422557929 -0.0059840682339973583 -0.036688479091820117
leaf_weight=3.1484710574150077 3.0570227131247503 11.318562865257261 19.589756801724434 4.3620709404349309 6.9355824217200279 52.513139963150024 3.4643501341342953 11.590047150850294 19.512894921004772 83.91389736905694 10.375423092395062 23.417871356010441 3.0058512836694709 5.4240795150399208
leaf_count=18 19 74 107 25 37 293 20 70 112 476 55 131 18 30
internal_value=1.68605e-05 -0.00029585 -0.00432659 -0.00216774 0.01686 -0.00520993 0.00191042 -0.000801355 0.0116501 -0.00383749 0.00863772 0.00286289 0.0219391 -0.0249338
internal_weight=261.629 258.481 91.8817 83.4006 11.2977 72.1029 166.599 118.481 22.9772 95.5039 48.1177 33.7933 14.3244 8.4811
internal_count=1485 1467 511 462 62 400 956 678 132 546 278 186 92 49
is_linear=0
shrinkage=0.03


Tree=174
num_leaves=16
num_cat=0
split_feature=31 31 129 25 162 195 215 136 61 88 192 179 186 52 143
split_gain=2.17771 3.35793 4.92088 4.57622 3.95975 4.23857 3.49392 4.61062 4.44616 4.04528 3.8113 3.33376 3.05121 2.51726 1.32348
threshold=0.23525000000000004 0.34570000000000006 7342.2450000000008 17.625000000000004 0.068576869912961136 -3.499999999999996 0.92801262801026174 66.424325000000024 13.900000000000002 0.56268479785000014 0.11060002460271259 7.0852862400559538 0.36046268789490465 -0.18035126935726636 65.666035820000005
decision_type=2 2 2 2 2 2 2 2 2 2 2 2 2 2 2
left_child=13 2 4 -4 5 -2 10 8 -8 -9 12 -12 -3 -1 -15
right_child=1 6 3 -5 -6 -7 7 9 -10 -11 11 -13 -14 14 -16
leaf_value=-0.009637803943307514 -0.026629977796075368 0.0092531307405253217 -0.0078317531461584676 0.039248412362915756 0.012933032693115652 -0.0044150826864700447 0.021847226463985327 -0.010937676255076157 -0.0050953801926977771 0.014399735812551226 -0.0088978080259041054 0.020446851712885017 0.032405492853391615 0.035961246881793578 0.0093802552054806955
leaf_weight=2.8664707168936729 16.980772037059069 24.1186349503696 3.7438207119703284 3.3871814236044884 4.5693925842642775 14.885328046977522 5.6497121378779402 7.0592561773955813 118.0240122191608 25.624053210020065 15.489774383604528 4.3616991862654677 6.7226643450558177 3.5360338911414129 4.0708936378359795
leaf_count=18 100 139 24 18 23 78 30 43 664 150 90 24 42 19 23
internal_value=1.51816e-05 -0.000535764 -0.00810393 0.0143497 -0.0126078 -0.0163931 0.00104536 -0.00115787 -0.00382368 0.00881894 0.00788897 -0.00222977 0.0144852 0.0133628 0.0224318
internal_weight=261.09 250.616 43.5665 7.131 36.4355 31.8661 207.05 156.357 123.674 32.6833 50.6928 19.8515 30.8413 10.4734 7.60693
internal_count=1485 1425 243 42 201 178 1182 887 694 193 295 114 181 60 42
is_linear=0
shrinkage=0.03


Tree=175
num_leaves=7
num_cat=0
split_feature=190 194 199 170 147 136
split_gain=2.295 2.75974 2.85412 2.86525 4.83207 4.07361
threshold=-19.649172477055021 -13.999999999999995 -8.7749999999999986 1.3620779858600858 1.5296952111113837 17.429750000000002
decision_type=2 2 2 2 2 2
left_child=-1 -2 -3 4 -4 -5
right_child=1 2 3 5 -6 -7
leaf_value=0.025179107649086312 -0.019258301101308453 0.020238450632054296 0.010454326629471093 0.02276598612603031 -0.008277012802327512 0.00090441095670813494
leaf_weight=3.1246903389692298 6.6241576671600333 6.1483490355312815 14.954159058630465 8.0015627294778806 67.685381222516298 154.09268635138869
leaf_count=18 39 37 83 43 384 881
internal_value=1.6761e-05 -0.00028658 0.00020986 -0.000289118 -0.00484266 0.00201545
internal_weight=260.631 257.506 250.882 244.734 82.6395 162.094
internal_count=1485 1467 1428 1391 467 924
is_linear=0
shrinkage=0.03


Tree=176
num_leaves=7
num_cat=0
split_feature=190 194 199 192 213 212
split_gain=2.17661 2.61255 2.6982 2.75397 3.34186 3.17853
threshold=-19.649172477055021 -13.999999999999995 -8.7749999999999986 0.013511742003986813 1.2132395100855802 0.29920000000000008
decision_type=2 2 2 2 2 2
left_child=-1 -2 -3 5 -5 -4
right_child=1 2 3 4 -6 -7
leaf_value=0.024597408957250162 -0.018781890431598332 0.019716720189184904 -0.024285884401477498 0.0011796843497115005 -0.018900350085885639 0.0045786932915685896
leaf_weight=3.1052900627255431 6.5914556533098212 6.1247205659747115 8.695500433444975 222.94753038883209 7.6095172129571429 5.3353318721055976
leaf_count=18 39 37 51 1260 49 31
internal_value=1.76118e-05 -0.000276817 0.000205031 -0.000279158 0.000496031 -0.0131429
internal_weight=260.409 257.304 250.713 244.588 230.557 14.0308
internal_count=1485 1467 1428 1391 1309 82
is_linear=0
shrinkage=0.03


Tree=177
num_leaves=9
num_cat=0
split_feature=71 83 99 12 143 130 113 148
split_gain=2.14753 2.58081 2.76878 3.09644 3.32167 2.89893 3.04403 1.15557
threshold=2.4438634891000004 0.011544002928000003 0.035783338736000002 80.265000000000015 58.822781242500007 7840.2400000000007 -0.059149999999999994 0.89686371036611445
decision_type=2 2 2 2 2 2 2 2
left_child=-1 7 5 4 -4 6 -3 -2
right_child=1 2 3 -5 -6 -7 -8 -9
leaf_value=0.017004875674588485 -0.030537011786431624 -0.024597474496208586 0.0029914396406069519 0.019853885852040998 -0.0045828973414477319 0.028100655222549748 0.0089381273880056143 -0.0040787753552075394
leaf_weight=6.4375222325325003 3.4929854422807685 2.7581737786531493 85.950400609523058 6.1344766020774832 130.98226768895984 5.795941397547721 15.579994898289442 3.0986689142882824
leaf_count=37 20 18 476 34 745 36 98 21
internal_value=1.68494e-05 -0.000408768 7.6758e-05 -0.000956877 -0.00156807 0.00971877 0.00362541 -0.0187944
internal_weight=260.23 253.793 247.201 223.067 216.933 24.1341 18.3382 6.59165
internal_count=1485 1448 1407 1255 1221 152 116 41
is_linear=0
shrinkage=0.03


Tree=178
num_leaves=18
num_cat=0
split_feature=0 0 216 205 119 156 24 228 62 108 145 222 220 155 64 199 148
split_gain=2.15951 4.42067 4.12446 4.06708 4.53476 3.61262 3.14693 3.29688 2.98217 4.02584 3.53944 2.98171 3.25613 2.64805 1.64092 1.56906 0.123094
threshold=20240265.000000004 20230527.500000004 0.81238032609326349 5.0323837689368114 0.17605000000000001 4.7565228820388947 57.565000000000005 1.6542447392133062 3.0150000000000001 32461276.150000002 1.7246922477487423 0.87574621987886192 -0.12169203345673939 84.575204887652589 5.0105295057000001 -3.4499999999999997 0.77352167081083367
decision_type=2 2 2 2 2 2 2 2 2 2 2 2 2 2 2 2 2
left_child=1 2 5 4 -4 13 15 11 9 10 -3 12 -8 -1 -11 -2 -10
right_child=6 8 3 -5 -6 -7 7 -9 16 14 -12 -13 -14 -15 -16 -17 -18
leaf_value=0.036819785719097178 0.0049959127926477572 -0.0074420665037362478 0.037341703290055941 -0.025965013063042202 -0.0011854175128493823 -0.0033529415559798042 -0.011037678255594749 -0.025601636287272994 -0.01836956131270024 -0.033931355098240447 0.030831698512669665 -0.018941363739312995 0.01107601071033449 0.0082961696911128101 -0.0014289225589902547 0.033927676041026693 -0.034293438754587659
leaf_weight=6.1729102805256861 3.1012547202408314 5.6750451140105742 2.6977256983518592 5.7595253437757483 153.30159892886877 7.2613621056079856 7.0834760107100001 3.4036957658827296 2.0479720272123805 4.5465131513774386 3.3258063942193985 4.2326470017433158 33.411957908421755 6.2658535316586494 2.296831801533699 4.6349750347435466 4.8326152265071869
leaf_count=33 20 38 16 32 797 38 41 19 19 39 17 21 223 34 16 40 42
internal_value=1.64858e-05 -0.00140234 0.000146407 -0.001418 -0.000476447 0.0130856 0.00524877 0.00230394 -0.013847 -0.00636233 0.0065538 0.00454679 0.00711632 0.0228714 -0.0236323 0.0229243 -0.0303146
internal_weight=260.052 204.184 181.459 161.759 155.999 19.7001 55.868 48.1318 22.7248 15.8442 9.00085 44.7281 40.4954 12.4388 6.84334 7.73623 6.88059
internal_count=1485 1121 950 845 813 105 364 304 171 110 55 285 264 67 55 60 61
is_linear=0
shrinkage=0.03


Tree=179
num_leaves=21
num_cat=0
split_feature=223 116 111 28 31 215 117 192 206 22 193 28 164 54 19 203 195 149 194 227
split_gain=2.14915 6.11279 3.83297 3.24547 3.62778 3.48221 3.20839 4.33542 4.65923 5.61602 4.50634 4.51697 4.01889 4.26519 5.18287 4.54787 3.93261 3.6027 1.28581 0.029371
threshold=0.30100528786915554 -0.018849999999999995 0.26945000000000002 1.5780000000000003 0.66575000000000017 0.94275870306604947 -0.030849999999999995 0.20232469943577278 0.87073598546907183 24.525000000000002 0.073364784643707229 0.19665000000000002 -466.02556058373017 333.50000000000006 22.875000000000004 1.1826322820772885 3.8000000000000012 0.31655622889611729 -5.0849999999999964 0.17880210110783662
decision_type=2 2 2 2 2 2 2 2 2 2 2 2 2 2 2 2 2 2 2 2
left_child=6 18 -3 5 -5 -4 12 8 9 -8 11 -9 -1 14 -14 -15 -10 -12 -2 -20
right_child=1 2 3 4 -6 -7 7 10 16 -11 17 -13 13 15 -16 -17 -18 -19 19 -21
leaf_value=0.022173077125416787 0.0065921481866822286 0.022202340664453757 0.0098221668666742309 0.020615038713259221 -0.013847190030914579 -0.024787576693254348 0.010559194432619027 0.021363649803876471 -0.0085173317554856597 -0.026787694395902843 0.003661786669281211 -0.019105848068071567 -0.0074170374264303411 -0.030486264387283264 0.015064403775478151 -0.0036726713090606783 0.013178390524596604 0.033185800599487968 0.03755519889439133 0.02379186054264543
leaf_weight=4.2503906041383734 2.5416935607790947 5.4083339497447041 3.3615551739931133 6.5191282331943494 4.5188122987747192 9.7042892314493638 37.703113120049238 3.9781423285603541 59.633009646087885 3.8755609616637221 6.2539474964141872 6.1742762252688408 44.626328438520432 12.395420555025341 11.479056805372236 11.033673003315924 8.4148963093757612 10.185181334614752 4.6111732050776464 2.6854802072048187
leaf_count=21 14 31 21 34 25 57 213 23 339 23 36 32 253 76 66 67 46 53 35 20
internal_value=1.41463e-05 0.00647355 -0.00027795 -0.00551685 0.00623957 -0.0156484 -0.00112999 0.00169426 -0.000919366 0.00695018 0.0125447 -0.00290189 -0.00575399 -0.00731008 -0.00274538 -0.0180555 -0.00577499 0.0222254 0.0268269 0.0332854
internal_weight=259.353 39.3505 29.5121 24.1038 11.0379 13.0658 220.003 136.218 109.627 41.5787 26.5915 10.1524 83.7849 79.5345 56.1054 23.4291 68.0479 16.4391 9.83835 7.29665
internal_count=1485 237 168 137 59 78 1248 765 621 236 144 55 483 462 319 143 385 89 69 55
is_linear=0
shrinkage=0.03


Tree=180
num_leaves=17
num_cat=0
split_feature=197 120 40 228 222 17 164 167 122 115 123 36 96 17 194 179
split_gain=2.12761 3.29942 3.40752 3.0478 5.41119 5.2942 4.35802 4.47742 4.3212 4.42412 4.41936 3.92779 3.49799 3.42571 3.73321 3.2806
threshold=2.9249999999999994 0.33280000000000004 0.27915000000000006 0.88097337261775299 -0.1525709747865793 13.940000000000003 -56.651695549294821 -47.401789707230016 0.56250000000000011 0.32645000000000007 0.20695000000000002 0.64032362660754394 1.1794895685000002 15.815000000000003 -6.5399999999999983 -0.59547356103358173
decision_type=2 2 2 2 2 2 2 2 2 2 2 2 2 2 2 2
left_child=3 2 -2 6 5 -5 13 -8 10 -10 -6 -7 -9 14 -1 -15
right_child=1 -3 -4 4 8 11 7 12 9 -11 -12 -13 -14 15 -16 -17
leaf_value=0.028130838689482768 0.013565338825472751 0.027054806882469234 -0.021509144431714002 -0.01973923343211206 0.017290512923179305 0.022572026167472833 0.033739897245927686 -0.00057687509912462465 -0.0091645009097730944 0.029798295950310378 -0.010829021534691733 -0.0072508321657654895 0.011548337253390611 0 -0.0089536445214833619 -0.035081346853616954
leaf_weight=3.3247573152184478 6.2273499444127101 6.4167421683669081 4.0120593011379242 4.7098025083541897 5.1786378026008597 15.490620493888857 4.7585969455540171 55.40356395021081 4.7914360836148244 5.3887501806020737 85.256302006542683 5.098255716264247 34.356641367077827 3.6056497618556023 8.3396024033427256 6.3002768605947477
leaf_count=17 35 38 20 29 34 93 24 326 26 30 477 32 196 22 51 35
internal_value=1.65256e-05 0.010366 0 -0.000687389 -0.00392853 0.00839722 0.00280259 0.00559959 -0.00706276 0.0112574 -0.00916834 0.0150429 0.00403848 -0.00928447 0.00151101 -0.0221842
internal_weight=258.659 16.6562 10.2394 242.003 125.914 25.2987 116.089 94.5188 100.615 10.1802 90.4349 20.5889 89.7602 21.5703 11.6644 9.90593
internal_count=1485 93 55 1392 721 154 671 546 567 56 511 125 522 125 68 57
is_linear=0
shrinkage=0.03


Tree=181
num_leaves=19
num_cat=0
split_feature=223 116 93 223 117 210 123 164 93 164 54 19 203 223 196 115 112 21
split_gain=2.0922 5.82932 3.81382 3.27438 3.01234 4.27393 4.2204 5.55706 4.60753 3.85078 4.03454 4.87668 4.35118 3.66618 2.97469 2.77575 2.22036 1.29712
threshold=0.30100528786915554 -0.018849999999999995 0.17581239010000002 0.30618100446800239 -0.030849999999999995 1.3680981586917509 0.30055000000000004 -245.86634844885938 -0.42116868079999997 -466.02556058373017 333.50000000000006 22.875000000000004 1.1826322820772885 0.25695215083010908 -1.5749999999999991 0.31405000000000005 0.17380000000000004 67.075000000000003
decision_type=2 2 2 2 2 2 2 2 2 2 2 2 2 2 2 2 2 2
left_child=4 17 3 -3 9 6 8 -8 -6 -1 11 -11 -12 14 -7 -4 -5 -2
right_child=1 2 15 16 5 13 7 -9 -10 10 12 -13 -14 -15 -16 -17 -18 -19
leaf_value=0.021776254646923593 0.034929279411236386 0.015743188995250769 0.035552705156486779 -0.027565445419765529 0.0087038580019586521 -0.016207334303344173 -0.026660542062690518 0.010148044126528109 -0.0097152799574745947 -0.0072333661087498648 -0.029925488157572903 0.014592021306188335 -0.0035874968907714249 -0.037473420269081716 0.021988696441734474 0.00074115162366377612 -0.0044400382008456044 0.01031727336594399
leaf_weight=4.2358462437987319 6.1601791270077211 4.2341229394078317 3.7291819229722005 6.155198901891711 18.870230421423912 5.1509374305605888 3.7713230252265921 67.040296424180269 33.858083199709654 44.514660637825727 12.21568998321891 11.460157401859759 11.011251356452702 4.2375499308109283 2.6952716596424562 4.8707632161676884 10.382849533110855 3.5346431955695152
leaf_count=21 46 23 21 35 102 34 20 370 198 253 76 66 67 23 18 30 59 23
internal_value=1.69346e-05 0.00641476 -0.000166829 -0.00722199 -0.00111276 0.00162942 0.00331877 0.00811053 -0.00306272 -0.00560256 -0.00713027 -0.00269333 -0.0176369 -0.0152812 -0.00259738 0.0164164 -0.0133412 0.0264592
internal_weight=258.128 39.0669 29.3721 20.7722 219.061 135.624 123.54 70.8116 52.7283 83.4376 79.2018 55.9748 23.2269 12.0838 7.84621 8.59995 16.538 9.69482
internal_count=1485 237 168 117 1248 765 690 390 300 483 462 319 143 75 52 51 94 69
is_linear=0
shrinkage=0.03


Tree=182
num_leaves=17
num_cat=0
split_feature=207 25 184 186 216 18 119 223 145 24 23 9 184 55 81 121
split_gain=2.09983 3.52125 3.1534 3.59372 5.16806 4.74145 3.12447 4.47685 4.4385 4.22884 3.94861 3.95812 3.74656 3.6288 2.6635 2.0606
threshold=1.3493160185726731 23.025000000000002 1.3848103524932345 1.0466281438624037 0.84384818690673036 64.010000000000005 0.32125000000000009 0.29931023150791997 0.77896800283198286 74.705000000000013 18.560000000000006 -0.68499999999999994 0.3908773539251072 20230766.000000004 1.0595153121000001 0.014050000000000002
decision_type=2 2 2 2 2 2 2 2 2 2 2 2 2 2 2 2
left_child=1 2 3 4 -1 -5 7 8 14 10 11 -8 -12 -10 -2 -3
right_child=6 15 -4 5 -6 -7 9 -9 13 -11 12 -13 -14 -15 -16 -17
leaf_value=0.012899952352990339 -0.0094566735185059349 0.0039936275532882473 -0.023907531556729127 0.031891008671908888 -0.0030960251436137408 0.0029936922284809204 0.021745468448671024 0.013303235695358205 -0.022832737348907183 0.031044460597099678 -0.033038263008113251 -0.0024080791293331822 0.001493589955947392 -0.00064015495646566306 0.022804766348294897 0.032613103814041026
leaf_weight=21.889602243900299 4.427719943225382 4.5500759556889516 4.3469156771898261 7.5482080355286625 104.53692933917046 16.30591981485486 8.8557494729757291 7.0280738696455947 25.614692617207766 4.0837283954024306 5.5335088372230512 18.602800827473406 5.3443914800882339 9.3229303508996946 4.4499020874500275 5.0847695022821426
leaf_count=128 28 27 30 42 584 94 49 38 161 22 33 105 30 60 22 32
internal_value=1.66046e-05 0.00206907 0.000946275 0.00170055 -0.00029475 0.0123579 -0.00356455 -0.00858602 -0.0121877 0.00238948 -0.000657722 0.00532354 -0.0159402 -0.0170151 0.00645408 0.0195855
internal_weight=257.526 164.262 154.628 150.281 126.427 23.8541 93.2635 50.8433 43.8152 42.4202 38.3365 27.4586 10.8779 34.9376 8.87762 9.63485
internal_count=1485 937 878 848 712 136 548 309 271 239 217 154 63 221 50 59
is_linear=0
shrinkage=0.03


Tree=183
num_leaves=12
num_cat=0
split_feature=107 165 183 25 38 37 152 205 73 47 84
split_gain=2.05587 2.12955 4.7519 3.71773 3.70949 3.77232 3.05129 4.94455 4.52989 4.72192 3.19307
threshold=245.10000000000002 104.11745923378199 -0.11242825685874881 17.475000000000005 0.51045252100840344 -0.037272507943077786 12.153133294631511 1.0711915116539827 16.678143036600002 4.247440000000001 1.2341035047000002
decision_type=2 2 2 2 2 2 2 2 2 2 2
left_child=1 6 4 -4 5 -3 8 10 9 -1 -8
right_child=-2 2 3 -5 -6 -7 7 -9 -10 -11 -12
leaf_value=0.032221146994697185 -0.020165001813504592 0.013899850833823146 -0.044210027409446878 -0.0072809878245930102 0.028912353857953304 -0.028200960923902237 0.0009384465018200109 -0.01116635036724401 -0.023035628358678933 0.00018400143018030602 0.027466333538700333
leaf_weight=4.1361912190914145 4.3580858260393134 3.6268302798271179 4.3120401725172979 6.1813080087304115 3.7477291002869606 3.7496999502182025 6.3771928846836152 6.5001538991928092 7.2911731079220763 193.97724624723196 12.621743451803921
leaf_count=28 27 21 23 36 20 23 37 35 39 1131 65
internal_value=1.76661e-05 0.000385704 -0.00857859 -0.0230135 0.00485413 -0.00719088 0.00124129 0.0110081 9.46506e-06 0.000883923 0.0187706
internal_weight=256.879 252.521 21.6176 10.4933 11.1243 7.37653 230.904 25.4991 205.405 198.113 18.9989
internal_count=1485 1458 123 59 64 44 1335 137 1198 1159 102
is_linear=0
shrinkage=0.03


Tree=184
num_leaves=8
num_cat=0
split_feature=71 83 173 24 59 24 92
split_gain=2.06804 2.3975 2.74713 2.8469 4.34562 3.39907 1.14821
threshold=2.4438634891000004 0.011544002928000003 -0.93030031840067628 74.125000000000014 3.5664000000000002 77.135000000000019 0.065482009150000006
decision_type=2 2 2 2 2 2 2
left_child=-1 6 -3 4 -4 -5 -2
right_child=1 2 3 5 -6 -7 -8
leaf_value=0.016774376903037916 -0.0045300157912425568 -0.023540422380637905 0.0039708866011581925 0.026477672790826384 -0.0043240645758025739 -0.0056939478251753729 -0.031044425651797214
leaf_weight=6.3692052438855162 3.2958131060004225 4.2524907030165187 111.41360312327743 7.7756790146231634 115.74893793091178 4.4692787528038025 3.1803010776638985
leaf_count=37 22 27 625 44 685 26 19
internal_value=1.64504e-05 -0.0004048 6.53205e-05 0.000506798 -0.000242585 0.0145414 -0.018281
internal_weight=256.505 250.136 243.66 239.407 227.163 12.245 6.47611
internal_count=1485 1448 1407 1380 1310 70 41
is_linear=0
shrinkage=0.03


Tree=185
num_leaves=19
num_cat=0
split_feature=0 0 216 205 119 156 124 177 26 171 39 32 177 54 159 167 31 206
split_gain=2.02816 4.18086 3.75091 3.8139 4.22919 3.30635 2.91169 3.14133 3.50847 3.35686 2.84109 2.80278 2.80067 2.55628 2.39941 1.98597 1.35224 0.827591
threshold=20240265.000000004 20230527.500000004 0.81238032609326349 5.0323837689368114 0.17605000000000001 4.7565228820388947 0.96765000000000012 -1.4869540757236031 15.940000000000003 0.2978500330559844 0.47624243572960884 -1.0000000180025095e-35 -0.16991944939815409 330.50000000000006 17.252843239660482 -8.6028379534324433 0.63395000000000012 0.74096617609397508
decision_type=2 2 2 2 2 2 2 2 2 2 2 2 2 2 2 2 2 2
left_child=1 2 5 4 -4 14 7 16 9 -9 11 12 -3 -10 -1 -13 -2 -12
right_child=6 10 3 -5 -6 -7 -8 8 13 -11 17 15 -14 -15 -16 -17 -18 -19
leaf_value=0 0.032310535253388943 -0.035023080076967923 0.036738597485566689 -0.025359662310896876 -0.0011241452794817463 -0.0032367600666185848 -0.019475838415250246 0.012177365857000706 0.0044059927039515161 -0.011215863776408892 -0.0097722089642891443 0.021831454101214603 0.0042063000744469716 -0.029864877497940583 0.030299691856623609 -0.0086146777961181396 0.005398701303244503 -0.033396347508624961
leaf_weight=3.4246157407760647 5.5983327999711019 3.9137724004685879 2.6005065813660613 5.648308813571929 151.3439794704318 7.1371606066822997 3.8639904186129561 28.650473702698946 3.2808549404144278 6.6202187947928897 2.3550199717283231 3.9583989083766937 2.5238679200410843 4.2479909807443619 8.7711360380053502 3.4217487871646899 2.8644562549889088 6.0597221739590168
leaf_count=19 46 30 16 32 797 38 20 195 23 38 19 23 17 23 48 22 19 60
internal_value=1.46447e-05 -0.00137107 0.000139866 -0.00135765 -0.00044164 0.0125996 0.00511883 0.00706542 0.00365449 0.0076824 -0.0136115 -0.00490566 -0.0193553 -0.0146754 0.0220622 0.00738782 0.0237213 -0.0273294
internal_weight=256.285 201.158 178.926 159.593 153.944 19.3329 55.1263 51.2623 42.7995 35.2707 22.2325 13.8178 6.43764 7.52885 12.1958 7.38015 8.46279 8.41474
internal_count=1485 1121 950 845 813 105 364 344 279 233 171 92 47 46 67 45 65 79
is_linear=0
shrinkage=0.03


Tree=186
num_leaves=10
num_cat=0
split_feature=190 194 39 123 103 222 11 225 194
split_gain=2.01349 2.37077 2.44367 3.86266 5.71216 5.30995 3.75951 4.3822 2.39441
threshold=-19.649172477055021 -13.999999999999995 0.58505000000000007 0.30635000000000007 0.92252870337500048 -0.21896788482834986 -0.18959999999999999 0.55416666666666681 -3.6650000000000023
decision_type=2 2 2 2 2 2 2 2 2
left_child=-1 -2 3 5 -5 -3 8 -8 -4
right_child=1 2 6 4 -6 -7 7 -9 -10
leaf_value=0.023975980519006349 -0.01816202807727875 0.017450951069689104 -0.043128813287614517 0.010140299842339046 -0.0081130573069189051 -0.0051375780984197995 -0.0062137817795816664 0.014977412450509601 -0.0068758395647786751
leaf_weight=3.0202192664146414 6.3979919552803031 10.489379696547983 3.4378532469272614 73.049642097204924 19.29149516671896 78.947428431361914 46.726933363825083 10.666719637811182 3.5716448053717604
leaf_count=18 39 62 20 425 103 458 282 56 22
internal_value=1.31686e-05 -0.00027087 0.000189108 0.00197999 0.00628979 -0.0024383 -0.0048144 -0.00220398 -0.0254349
internal_weight=255.599 252.579 246.181 181.778 92.3411 89.4368 64.4032 57.3937 7.0095
internal_count=1485 1467 1428 1048 528 520 380 338 42
is_linear=0
shrinkage=0.03


Tree=187
num_leaves=16
num_cat=0
split_feature=63 37 137 120 142 211 221 114 180 142 189 77 51 44 67
split_gain=2.00991 2.99976 4.22309 2.92856 2.79913 3.07225 4.13186 4.63117 3.36818 3.03156 3.67887 4.05462 3.28986 3.52317 1.89075
threshold=4.0686190855500008 0.40970000000000006 65.358258309062663 -0.0084999999999999989 69.86087049240804 1.2136361047380431 -0.097086366433864632 0.57500000000000007 0.09880139248214935 211.22999634119049 -0.23418578144818844 5.2855587958000001 0.45500000000000007 71.670000000000002 0.7545691421320001
decision_type=2 2 2 2 2 2 2 2 2 2 2 2 2 2 2
left_child=1 2 3 -1 5 6 -2 -8 -7 10 14 -12 -11 -14 -6
right_child=4 -3 -4 -5 9 8 7 -9 -10 12 11 -13 13 -15 -16
leaf_value=0.0055844226842359816 -0.017431752550413245 -0.010794862516595755 -0.010715947091160359 0.039060815800624531 -0.036409596167737396 -0.027863904264045215 0.020417810963920601 -0.0055216564298475237 0.0079088005359999863 0.036471844248550205 -0.0018648641129882289 -0.021475129193044007 -0.0013621715986932212 0.018432570820028471 -0.0065661818110948839
leaf_weight=4.1575550697743893 4.1934546753764144 4.6770818084478369 3.6073458455502978 6.260835178196432 4.8586384505033475 4.4539763182401639 23.659660715609792 8.1073259785771352 4.6775481402873993 2.3948734402656546 102.01578736305237 10.436073575168846 58.919187180697918 9.2516549155116063 3.6505473628640175
leaf_count=28 25 31 23 35 28 25 133 47 27 15 595 56 345 52 20
internal_value=1.13602e-05 0.00946346 0.0164599 0.0261671 -0.000726762 0.00597126 0.00995439 0.013707 -0.00932748 -0.00232165 -0.00521113 -0.00372891 0.00258928 0.00130335 -0.0241798
internal_weight=255.322 18.7028 14.0257 10.4184 236.619 45.092 35.9604 31.767 9.13152 191.527 120.961 112.452 70.5657 68.1708 8.50919
internal_count=1485 117 86 63 1368 257 205 180 52 1111 699 651 412 397 48
is_linear=0
shrinkage=0.03


Tree=188
num_leaves=23
num_cat=0
split_feature=122 12 215 111 194 139 0 177 24 159 157 83 138 6 30 36 146 21 179 206 182 37
split_gain=1.9787 3.32643 4.61316 4.28804 4.33661 3.46472 2.87907 3.57394 4.1329 3.49659 4.00514 5.61237 4.80259 3.93629 4.0844 3.1384 2.89873 2.2736 2.1552 0.97757 0.69001 0.555556
threshold=0.54585000000000006 67.895000000000024 1.261346853301003 0.45765000000000006 -2.3049999999999993 4.2187500000000009 20240265.000000004 -1.4869540757236031 58.060000000000009 32.017080639580513 19.63319783821143 1.0231104872360002 2.7790153846153847 1.0000000180025095e-35 0.43552631578947371 -0.10709999999999999 6.6328978518871518 58.285000000000004 0.17563237366536807 1.6576557445424112 -0.42906426957736959 0.095900000000000013
decision_type=2 2 2 2 2 2 2 2 2 2 2 2 2 2 2 2 2 2 2 2 2 2
left_child=6 3 18 4 5 -2 9 20 21 10 12 -12 -1 16 -15 -10 -11 -6 19 -3 -8 -9
right_child=1 2 -4 -5 17 -7 7 8 15 13 11 -13 -14 14 -16 -17 -18 -19 -20 -21 -22 -23
leaf_value=-0.00013845939521370991 -0.026505501180507401 0.037095373118360121 -0.014547552628334716 0.024722064836836439 -0.0050812231923151275 0.0061487762617827707 0.011561622240702321 0.012601755083407579 -0.01812064714004229 0.019212913017890181 -0.0050808017741399139 0.020393221449911035 -0.023467310925236046 0.016977080932531276 -0.010359522500878513 0.003383089092166384 -0.0022461288464034079 0.025492660028909341 0.0044347027376513424 0.01601885257946636 0.034775814302571172 0.0349430789421507
leaf_weight=13.162109740078447 9.8736872300505656 6.784309249371292 3.6039712578058234 4.6362682953476897 4.1388614512979984 3.9010736383497724 2.508370291441679 2.5568022280931464 8.1878283023834246 16.616290241479877 70.412449359893799 8.62432713806629 20.982028461992741 6.162275210022929 22.151467300951481 22.717775225639343 8.1856821998953802 4.2004077062010765 4.6544109359383574 4.012455441057682 3.8172370195388785 2.995990127325058
leaf_count=75 52 39 22 28 24 24 19 19 48 90 406 43 119 35 124 145 43 26 27 23 31 23
internal_value=9.32967e-06 0.00566116 0.0152154 -0.00106425 -0.00669242 -0.0170638 -0.00121665 0.00569116 0.00196063 -0.00301424 -0.00600205 -0.00224096 -0.0145886 0.00329524 -0.00426552 -0.00225721 0.0120295 0.0100827 0.0223994 0.0297568 0.0263605 0.0255916
internal_weight=254.886 45.8054 19.0551 26.7503 22.114 13.7748 209.081 42.784 36.4584 166.297 113.181 79.0368 34.1441 53.1157 28.3137 30.9056 24.802 8.33927 15.4512 10.7968 6.32561 5.55279
internal_count=1485 265 111 154 126 76 1220 285 235 935 643 449 194 292 159 193 133 50 89 62 50 42
is_linear=0
shrinkage=0.03


Tree=189
num_leaves=12
num_cat=0
split_feature=217 122 36 111 115 23 36 162 15 157 59
split_gain=1.97681 2.19846 3.11262 3.5659 3.99717 2.80129 3.77677 3.80408 3.089 3.37024 2.39211
threshold=-0.38817359442977206 0.55415000000000014 1.8311098153927434 0.21365000000000003 0.33300000000000002 20.685000000000006 0.22440903913083171 0.067238790826825018 79.060000000000016 19.63319783821143 3.4162000000000003
decision_type=2 2 2 2 2 2 2 2 2 2 2
left_child=-1 5 3 -3 -5 8 7 -7 9 -2 -10
right_child=1 2 -4 4 -6 6 -8 -9 10 -11 -12
leaf_value=-0.021681674915848201 -0.0060445804420230335 0.031717955592794937 -0.01517366199383461 -0.0061165368463446364 0.018728631320388919 0.010638011280223408 -0.036666130349576297 -0.02909936956756214 0.033933193739299747 0.0022335510257317985 0.00063058122847775685
leaf_weight=3.6205505654215804 67.452286645770073 5.9824607521295574 4.5091370046138755 12.063340228050949 10.907385088503359 6.2151538841426355 4.3409398421645156 3.1783081404864788 4.1221127882599813 127.83586191758513 3.9497943855822086
leaf_count=24 388 38 26 67 66 37 26 20 25 746 22
internal_value=1.28802e-05 0.00034686 0.00750072 0.0111753 0.00558091 -0.000744948 -0.0138096 -0.00265615 0.000129016 -0.000611982 0.0182116
internal_weight=254.177 250.557 33.4623 28.9532 22.9707 217.094 13.7344 9.39346 203.36 195.288 8.07191
internal_count=1485 1461 197 171 133 1264 83 57 1181 1134 47
is_linear=0
shrinkage=0.03


Tree=190
num_leaves=18
num_cat=0
split_feature=223 116 119 195 29 165 39 104 223 75 44 155 27 194 30 15 52
split_gain=1.95179 5.55692 3.49809 3.09173 2.96313 2.85341 2.92951 3.97369 5.80065 4.38994 3.37496 5.06985 3.28704 1.94224 1.71141 1.47353 1.34701
threshold=0.30100528786915554 -0.018849999999999995 0.34310000000000002 -4.6649999999999983 0.13200000000000003 441.26518224640267 0.54525000000000012 -0.87488356219999852 0.15185821667532318 0.29884143092400006 50.375000000000007 31.429139451407011 0.5016346447676806 -2.989999999999998 0.51315789473684215 72.340000000000018 0.54420000000000013
decision_type=2 2 2 2 2 2 2 2 2 2 2 2 2 2 2 2 2
left_child=5 15 3 -3 16 6 7 9 -9 -1 11 -8 -12 -6 -5 -2 -4
right_child=1 2 4 14 13 -7 10 8 -10 -11 12 -13 -14 -15 -16 -17 -18
leaf_value=-0.014815501663468102 0.034010683288164902 -0.0059599020694382637 -0.010122689534497827 0.0082246941091232047 0.019846236365038444 -0.027122522950432673 0.014705060087847454 -0.019532690511115752 0.013686748925711726 0.0014437674824570943 -0.012211482831713133 -0.013306896125045707 0.015677915697480754 -0.010684749978003543 0.037570385636163307 0.0066477273739552964 -0.035555581542717721
leaf_weight=18.030851148068905 6.5526651181280595 5.3982038795948029 4.8440527319908124 4.0647157430648821 3.5402852594852448 3.6287892982363692 6.5098336786031714 5.2591570988297454 37.290664728730917 83.941983483731747 5.6512746140360859 44.283464621752501 10.77622417360544 3.6633360162377349 3.7718281298875809 2.8984432741999626 3.686637282371521
leaf_count=114 50 28 31 24 19 21 35 33 217 461 34 271 62 21 23 19 22
internal_value=1.19646e-05 0.00624343 -0.000195972 0.0110201 -0.00982976 -0.00108812 -0.000615199 0.00177564 0.00947432 -0.00141351 -0.00579499 -0.00963601 0.00588625 0.00397552 0.0230226 0.0260906 -0.021746
internal_weight=253.792 38.4202 28.9691 13.2347 15.7343 215.372 211.743 144.523 42.5498 101.973 67.2208 50.7933 16.4275 7.20362 7.83654 9.45111 8.53069
internal_count=1485 237 168 75 93 1248 1227 825 250 575 402 306 96 40 47 69 53
is_linear=0
shrinkage=0.03


Tree=191
num_leaves=12
num_cat=0
split_feature=59 142 12 112 104 40 59 143 12 146 42
split_gain=1.97624 4.80939 3.23763 2.77736 3.15032 3.01957 2.67318 2.98245 4.48445 4.22667 1.92704
threshold=8.5106500000000018 465.255116665 80.265000000000015 -0.36644999999999994 -7.6636273917499977 0.80680000000000007 8.0905000000000005 65.666035820000005 57.900000000000013 3.8462942552416375 0.48096385542168679
decision_type=2 2 2 2 2 2 2 2 2 2 2
left_child=2 3 6 10 -5 -6 7 8 -1 -9 -2
right_child=1 -3 -4 4 5 -7 -8 9 -10 -11 -12
leaf_value=0.029339699155799148 -0.0058070107318617878 0.024124522050733808 0.023028045633681608 0.020052759913428111 -0.017517834345993039 0.0071525055817923408 0.025397016754965841 0.0011478742712307257 0.0020870657412440565 -0.011209476288076028 -0.036749930856343274
leaf_weight=5.6911662742495528 3.2419879846274835 3.96048380434513 5.8042195513844481 3.6539718732237807 13.941533301025634 6.2753027006983748 3.7050436809658995 64.935845758765936 97.042795747518539 39.933139469474554 5.0889083966612816
leaf_count=33 22 21 33 19 85 33 20 394 556 236 33
internal_value=1.15015e-05 -0.00645968 0.00110563 -0.0103771 -0.00496856 -0.00971499 0.000478665 7.49592e-06 0.00365302 -0.00353531 -0.025276
internal_weight=253.274 36.1622 217.112 32.2017 23.8708 20.2168 211.308 207.603 102.734 104.869 8.3309
internal_count=1485 213 1272 192 137 118 1239 1219 589 630 55
is_linear=0
shrinkage=0.03


Tree=192
num_leaves=16
num_cat=0
split_feature=201 173 159 157 219 197 228 155 18 59 228 35 150 189 120
split_gain=1.9599 2.62033 2.58323 3.69397 4.5454 3.55424 3.54701 3.59442 3.77655 3.21724 4.8309 4.32468 1.79108 1.78964 1.69465
threshold=-6.2449999999999992 0.13763564484119714 31.58121383798591 19.63319783821143 -0.17162670840891062 2.5499999999999985 1.1680725885034307 157.37844773619653 60.465000000000011 2.9736500000000006 0.73387353718046378 0.41720000000000007 1.6356069990496738 -0.017375985238989099 -0.030999999999999996
decision_type=2 2 2 2 2 2 2 2 2 2 2 2 2 2 2
left_child=1 12 3 4 -2 -6 7 8 -4 10 -5 -11 -1 -8 -14
right_child=2 -3 6 9 5 -7 13 -9 -10 11 -12 -13 14 -15 -16
leaf_value=0.0096952414554221066 -0.040358024113848971 -0.033082672194764386 0.016823850069048043 0.032728856007911561 -0.0091161412848355609 0.019019458597582795 0.035566982348408667 -0.021039658477346006 -0.00029089039070752718 -0.015736867722145435 0.0033342731341634495 0.0013748565840503589 0.0028542285161569261 0.0078856477270941045 -0.026354823787487169
leaf_weight=5.1090728268027288 3.7087633758783332 3.4433055482804766 16.991989254951477 6.4568409360945251 33.912479389458895 4.4348216801881781 4.828434944152832 5.0103332400321952 35.097349941730499 15.648018546402453 23.095705546438694 84.08521918579936 2.9201612025499335 4.3792356885969621 3.8615560866892347
leaf_count=29 21 25 93 42 200 23 29 28 197 91 141 496 19 27 24
internal_value=1.27679e-05 -0.0103346 0.000697104 -0.00123465 -0.00895546 -0.00574326 0.00572837 0.00286356 0.00525614 0.00125869 0.00994649 -0.00129298 -0.00327607 0.02295 -0.013483
internal_weight=252.983 15.3341 237.649 171.342 42.0561 38.3473 66.3073 57.0997 52.0893 129.286 29.5525 99.7332 11.8908 9.20767 6.78172
internal_count=1485 97 1388 1014 244 223 374 318 290 770 183 587 72 56 43
is_linear=0
shrinkage=0.03


Tree=193
num_leaves=24
num_cat=0
split_feature=207 123 25 62 50 46 222 80 104 203 17 219 162 15 189 115 213 213 34 119 192 14 135
split_gain=1.9095 4.43789 3.30888 4.07031 4.06439 6.52961 5.19772 4.12994 4.10063 3.50076 3.481 3.23273 4.4013 3.92622 3.14963 2.93027 2.8807 2.64417 1.86979 1.844 1.6351 0.914497 0.389243
threshold=1.3493160185726731 0.38025000000000003 18.975000000000005 6.4350000000000014 17.430000000000003 24.289708333333337 -0.21896788482834986 1.6022815451000003 -0.15280179862499907 1.5451468350357731 14.315000000000003 0.11945760281113439 0.14170102391801634 60.315000000000005 -0.19927426588232205 0.44820000000000004 1.0011011918212398 1.0240112750608115 0.47063813559322037 0.38950000000000007 0.097600966516146484 17.440000000000001 56.009715476190486
decision_type=2 2 2 2 2 2 2 2 2 2 2 2 2 2 2 2 2 2 2 2 2 2 2
left_child=2 11 4 10 6 21 9 -8 -7 -1 19 12 13 -2 -12 16 -3 -17 -13 -4 -18 -6 -20
right_child=1 15 3 -5 5 8 7 -9 -10 -11 14 18 -14 -15 -16 17 20 -19 22 -21 -22 -23 -24
leaf_value=0.0032681750028337696 0.013555841068210887 -0.00075931330851852752 -0.016954014681470193 -0.02016247266137236 -0.04022474057550332 -0.0064776647881176529 0.0059343171570268999 -0.0088942111279629692 0.026806636260370831 0.04059594499481662 -0.011629819680598051 -0.0046259669461813299 0.019064533786538405 -0.010937708459631825 0.019212983999044898 0.0089021675997323461 0.0080891133442228449 -0.024447336411971513 -0.038366908187924785 0.010953843525816425 0.034073620548602405 -0.017817690175439733 -0.021412164231309198
leaf_weight=4.3864495828747732 6.7080251425504676 6.4075452834367814 4.9779542647302133 3.8009228929877272 5.0788249745964986 23.02773118019104 43.969886653125286 27.306327987462282 3.7800752855837372 5.0712780021131039 3.1209410093724683 4.6369504109024993 6.3108488619327536 40.253948718309402 29.551658060401682 4.2289039716124517 3.9805446192622167 3.9996839240193367 3.5560736879706365 3.462281096726656 6.2253114804625511 3.7310101836919785 4.9053841941058636
leaf_count=27 40 37 30 23 28 135 258 149 27 31 18 28 34 244 167 27 21 26 22 20 34 24 35
internal_value=1.25466e-05 -0.00344232 0.00198617 0.0088976 -0.000661358 -0.00910974 0.00303539 0.00020689 -0.00159069 0.0238127 0.0116994 -0.00751051 -0.00413827 -0.00735395 0.0161488 0.00729305 0.0145747 -0.00704678 -0.0208632 -0.0051604 0.0244069 -0.0313784 -0.029253
internal_weight=252.479 91.2132 161.265 44.9138 116.352 35.6176 80.7339 71.2762 26.8078 9.45773 41.1128 66.3712 53.2728 46.962 32.6726 24.842 16.6134 8.22859 13.0984 8.44024 10.2059 8.80984 8.46146
internal_count=1485 548 937 258 679 214 465 407 162 58 235 403 318 284 185 145 92 53 85 50 55 52 57
is_linear=0
shrinkage=0.03


Tree=194
num_leaves=13
num_cat=0
split_feature=31 190 33 167 170 211 228 194 205 164 196 170
split_gain=1.93107 2.22834 5.01014 3.48857 5.09465 4.22628 4.18685 3.47057 6.83412 3.62121 3.44893 0.7884
threshold=0.20420000000000002 0.097993077078423071 -0.264916914255929 -151.99877769497979 2.4643918307951389 1.2625988686227549 0.91215442948517733 0.86999999999999755 2.9390730809893175 -55.100355554037122 0.61000000000000665 3.0312533536355648
decision_type=2 2 2 2 2 2 2 2 2 2 2 2
left_child=-1 3 11 6 10 -6 -2 9 -9 -4 -5 -3
right_child=1 2 7 4 5 -7 -8 8 -10 -11 -12 -13
leaf_value=0.020666702561478928 -0.00013712122917505109 0.033990756200789465 -0.017170757168306815 -0.0037764795570517794 0.0096772167700487285 -0.018559041434915075 0.038405774500487357 0.01055455291042 -0.032632273899336144 -0.003586519816373404 -0.031629698849475425 0.010833678719308858
leaf_weight=3.9128524288535109 4.6147924512624723 3.129024099558591 22.407776817679405 32.260864574462175 50.346681796014309 5.1122489273548117 5.1434490084648132 26.186301570385698 3.6511811241507521 87.129531349986792 4.5485038682818404 3.3496610969305038
leaf_count=24 29 22 134 186 300 28 29 155 20 511 28 19
internal_value=1.07463e-05 -0.000311418 -0.00270063 0.00307403 0.00122562 0.00699166 0.0200576 -0.00392397 0.00507827 -0.0064059 -0.00737593 0.0228206
internal_weight=251.793 247.88 145.853 102.027 92.2683 55.4589 9.75824 139.375 29.8375 109.537 36.8094 6.47869
internal_count=1485 1461 861 600 542 328 58 820 175 645 214 41
is_linear=0
shrinkage=0.03


Tree=195
num_leaves=15
num_cat=0
split_feature=223 131 211 139 67 211 206 131 111 54 155 192 145 15
split_gain=1.88946 5.26828 3.72843 3.69684 4.14107 3.21995 3.86228 3.77025 4.1297 4.01163 3.50441 3.83003 3.71178 1.43575
threshold=0.30100528786915554 -0.018849999999999995 1.2898730116166599 2.5683000000000002 0.20899402504400003 1.4331643649807122 1.3973577994879698 -0.21519999999999997 0.16035000000000002 333.50000000000006 49.817235483249334 0.2360512842497883 0.54756697935842846 72.340000000000018
decision_type=2 2 2 2 2 2 2 2 2 2 2 2 2 2
left_child=5 13 3 -3 -5 7 -7 8 -1 -10 12 -12 -9 -2
right_child=1 2 -4 4 -6 6 -8 10 9 -11 11 -13 -14 -15
leaf_value=-0.035309542140809627 0.033675258496918242 0.028523372161483991 -0.023340006604999908 0.019165616282504242 -0.010684111177337873 0.033119341472544334 -0.0071408552694469012 -0.0043988493360565184 -0.00052034408067478885 -0.017733780062983262 -0.0041834835453341277 0.011855564995287679 0.016108937861808947 0.0064630392035965436
leaf_weight=4.542782735079526 6.3928364366292936 4.6468345895409646 5.0472830310463896 6.0517555810511139 12.903483506292103 5.1376488059759122 3.4043858423829079 11.727414086461065 41.233908712863922 17.432944219559431 91.35715165361762 15.542922072112558 23.088073551654816 2.8710065260529518
leaf_count=26 50 29 27 38 74 33 21 65 240 108 535 92 128 19
internal_value=9.97742e-06 0.00618415 -9.63627e-05 0.0048252 -0.000946117 -0.00107493 0.0168297 -0.00184374 -0.00793509 -0.00570786 0.00085572 -0.00181452 0.00912226 0.0257212
internal_weight=251.38 37.9132 28.6494 23.6021 18.9552 213.467 8.54203 204.925 63.2096 58.6669 141.716 106.9 34.8155 9.26384
internal_count=1485 237 168 141 112 1248 54 1194 374 348 820 627 193 69
is_linear=0
shrinkage=0.03


Tree=196
num_leaves=16
num_cat=0
split_feature=31 31 129 143 145 141 31 40 81 17 27 135 213 52 124
split_gain=1.87387 2.97815 4.39914 4.58268 5.58266 3.51849 3.34804 4.57848 5.14598 3.27182 3.67512 3.37794 3.14206 2.79715 1.71001
threshold=0.23525000000000004 0.34570000000000006 6611.8850000000011 55.143401420000011 1.1525649436082936 5.5084750000000007 0.40330000000000005 0.52052073170731727 0.32483050900000005 13.06 0.54044772537562535 73.681434523809543 1.0115540188762366 -0.25279999999999997 -0.028699999999999996
decision_type=2 2 2 2 2 2 2 2 2 2 2 2 2 2 2
left_child=13 2 3 4 -2 -4 7 8 -3 10 -8 -11 -5 -1 -15
right_child=1 6 5 12 -6 -7 9 -9 -10 11 -12 -13 -14 14 -16
leaf_value=-0.014945042950972806 0.025828829315547107 -0.013495489242030319 0.023988213673997276 -0.012237918014485268 -0.014852636495941974 -0.014623187115639411 0.027753329961416273 -0.021468269519513132 0.019282080763996057 -0.0051908277395223724 -0.0071417973586954814 0.0040591961259274891 -0.037344094065017645 0.034976448174819388 0.0056271403518130866
leaf_weight=2.3368456661701202 4.9517634585499746 5.0306768640875843 5.9592185392975789 12.914353597909214 7.4791188612580299 3.0882009714841843 7.1392817720770818 3.6208136677741996 24.725487735122442 99.516019228845835 4.1082841046154499 54.820635266602039 7.4181093201041213 3.9984419494867325 3.7498678304254991
leaf_count=14 27 30 37 75 45 18 43 22 137 584 27 339 41 22 24
internal_value=9.87377e-06 -0.000511126 -0.00778765 -0.0129358 0.00118996 0.010465 0.00100607 0.00966535 0.0136135 -0.000726059 0.0147926 -0.00188528 -0.0216824 0.0126256 0.0214075
internal_weight=250.857 240.772 41.8108 32.7633 12.4309 9.04742 198.961 33.377 29.7562 165.584 11.2476 154.337 20.3325 10.0852 7.74831
internal_count=1485 1425 243 188 72 55 1182 189 167 993 70 923 116 60 46
is_linear=0
shrinkage=0.03


Tree=197
num_leaves=8
num_cat=0
split_feature=217 201 144 144 186 228 130
split_gain=1.8839 3.12133 2.4381 3.77583 2.64772 4.06109 3.3099
threshold=-0.29956691727986345 0.37999999999999995 7.0219434798669953 5.6873529139557748 1.0466281438624037 1.0151756304103581 10393.365000000003
decision_type=2 2 2 2 2 2 2
left_child=1 -1 3 4 6 -6 -2
right_child=2 -3 -4 -5 5 -7 -8
leaf_value=-0.029688833985198268 -0.0025568019416586036 0.0081533518280281526 -0.018304254073131333 0.031282602556930002 0.012801701495120103 -0.008283751962054357 0.0090537681788156379
leaf_weight=4.7044459208846083 165.57505886256695 3.0858571827411652 5.9419230297207823 3.547417849302291 31.339672103524208 10.873193621635435 25.340476881712675
leaf_count=29 977 19 38 19 191 62 150
internal_value=8.62566e-06 -0.0144054 0.000489555 0.00098159 0.000494434 0.00729287 -0.000996077
internal_weight=250.408 7.7903 242.618 236.676 233.128 42.2129 190.916
internal_count=1485 48 1437 1399 1380 253 1127
is_linear=0
shrinkage=0.03


Tree=198
num_leaves=15
num_cat=0
split_feature=0 0 31 0 30 27 124 177 26 171 171 52 31 55
split_gain=1.91113 3.97332 2.84273 3.30799 4.97468 4.59289 2.69977 2.91934 3.17353 2.95192 2.40562 2.22078 1.2074 0.857731
threshold=20240265.000000004 20231026.000000004 0.23525000000000004 20210766.000000004 0.64078947368421069 0.25940000000000002 0.96765000000000012 -1.4869540757236031 15.940000000000003 0.2978500330559844 0.13704621259049335 -0.096999999999999989 0.63395000000000012 20231227.000000004
decision_type=2 2 2 2 2 2 2 2 2 2 2 2 2 2
left_child=1 2 11 5 -5 -4 7 12 9 -9 -10 -1 -2 -3
right_child=6 13 3 4 -6 -7 -8 8 10 -11 -12 -13 -14 -15
leaf_value=-0.0017411691412249611 0.031809086210983079 -0.030928092827884564 -0.020533660011629023 -0.0026149725324847517 -0.024162350228789944 0.0052187583556217391 -0.018818077647871766 0.011822612600485673 -0.029703644063610112 -0.010266153561786912 0.0036637758650965684 0.029307684644484851 0.0057278888413043036 -0.0060765359317823293
leaf_weight=3.2327444851398468 5.3099477216601354 4.678291641175746 6.6565687656402579 87.978316929191351 10.81723692268133 76.10450567305088 3.8025302886962882 27.894112359732389 3.9498580843210211 6.5351938717067233 3.4318470843136311 4.8889171183109266 2.7794463448226452 2.2208498641848564
leaf_count=19 46 44 35 509 73 398 20 195 21 38 25 27 19 16
internal_value=7.99743e-06 -0.00135058 -0.000515032 -0.001311 -0.0050266 0.00308898 0.00503003 0.00694132 0.00363842 0.00752536 -0.0139481 0.0167133 0.0233935 -0.0235581
internal_weight=250.28 196.577 189.678 181.557 98.7956 82.7611 53.7029 49.9004 41.811 34.4293 7.38171 8.12166 8.08939 6.89914
internal_count=1485 1121 1061 1015 582 433 364 344 279 233 46 46 65 60
is_linear=0
shrinkage=0.03


Tree=199
num_leaves=6
num_cat=0
split_feature=202 202 165 104 136
split_gain=1.86439 3.56857 2.24335 2.42067 2.57507
threshold=-7.6899999999999986 -7.0599999999999996 441.26518224640267 11.306124031600005 13.695850000000002
decision_type=2 2 2 2 2
left_child=-1 -2 3 4 -3
right_child=1 2 -4 -5 -6
leaf_value=0.02279205094109376 -0.030404368685388747 0.021311851413068236 -0.022575129948673011 0.02473382770069164 -0.00031962309376528265
leaf_weight=3.0936273932456961 3.3894082680344573 4.9595705568790427 3.7444021031260482 3.560346618294715 230.93746348842978
leaf_count=18 20 28 22 21 1376
internal_value=5.71082e-06 -0.000277119 0.000142746 0.000519785 0.000131289
internal_weight=249.685 246.591 243.202 239.457 235.897
internal_count=1485 1467 1447 1425 1404
is_linear=0
shrinkage=0.03


Tree=200
num_leaves=11
num_cat=0
split_feature=107 201 204 113 141 155 173 127 37 118
split_gain=1.85472 1.96986 2.95039 2.85809 3.58004 2.79891 2.49345 2.33023 2.57573 1.79635
threshold=245.10000000000002 -6.2449999999999992 3.4194185272029096 -0.055499999999999994 2.7042000000000006 140.83304301704828 0.13763564484119714 3193.9350000000004 0.12027987012987017 0.49165000000000009
decision_type=2 2 2 2 2 2 2 2 2 2
left_child=1 6 3 5 -5 -3 9 -4 -9 -1
right_child=-2 2 7 4 -6 -7 -8 8 -10 -11
leaf_value=0.0076846434346215962 -0.0195920297410275 0.00052980140313841782 -0.029972686113054172 0.0094748096163808828 0.00045223555043715776 -0.015767551252919825 -0.03261989398972133 0.011804034289032194 -0.019486465679130899 -0.01546276608779017
leaf_weight=6.1210164315998536 4.1666909679770461 26.324243202805519 4.4721350558102122 60.874457936733961 115.00423772633076 14.433522168546913 3.3483071476221076 4.684126712381838 4.5108345374464989 5.6290098130702972
leaf_count=39 27 160 30 348 686 85 25 26 26 33
internal_value=5.38521e-06 0.000358195 0.00105988 0.00192684 0.00359575 -0.00519261 -0.0100842 -0.0123785 -0.0032681 -0.00318818
internal_weight=249.569 245.402 230.304 216.636 175.879 40.7578 15.0983 13.6671 9.19496 11.75
internal_count=1485 1458 1361 1279 1034 245 97 82 52 72
is_linear=0
shrinkage=0.03


Tree=201
num_leaves=20
num_cat=0
split_feature=122 19 155 224 195 177 177 76 223 198 76 168 16 29 197 93 127 116 80
split_gain=1.83334 3.22693 2.86415 4.12161 4.02449 3.8049 5.18517 3.98489 3.0921 3.70094 3.64099 2.88737 3.13028 2.85183 3.0981 4.2367 2.30536 2.06406 0.774018
threshold=0.54585000000000006 15.225000000000001 126.42733436290864 0.1613985396834661 6.6250000000000009 0.4818735503477008 -0.20017740487923644 0.91918490680000009 0.20283443718242958 -1.650000000000001 1.2048545244000002 -2.8011461698958158 23.025000000000002 0.27605000000000007 -0.29999999999999888 -0.21288805334999994 9540.6000000000022 0.017850000000000005 1.5244694626000002
decision_type=2 2 2 2 2 2 2 2 2 2 2 2 2 2 2 2 2 2 2
left_child=2 -2 4 5 8 6 -4 -7 9 -1 -10 17 -13 14 15 -3 -16 -5 -6
right_child=1 13 3 11 18 7 -8 -9 10 -11 -12 12 -14 -15 16 -17 -18 -19 -20
leaf_value=-0.019536126195003393 -0.016186839463703917 -0.015997078630285714 -0.0012672695954672039 0.016512180727722151 0.011461900622156025 -0.035923138113595848 0.027489942483198599 0.0014460395831068877 0.012618962717905685 -0.00028024772192208105 -0.00074377423418854648 -0.02690916169783596 0.0013556759908825719 -0.01596114950124599 0.029788598445048015 0.012546189137217148 0.00031506857718235112 -0.013519519777886287 0.034817030074253755
leaf_weight=13.061576362699268 5.2484983429312697 6.4613195285201064 28.492619816213843 3.7138254567980784 3.0594093203544608 4.816331818699835 6.8852704465389278 5.0548170171678066 27.162289343774319 29.338733978569508 54.977554474025965 16.063031788915399 4.2444960102438918 3.6917454451322547 9.9815130867063981 15.88100850582123 3.4047771692275992 4.3743075616657734 3.3439076542854309
leaf_count=83 30 36 170 21 21 30 39 31 170 176 319 89 24 23 62 92 22 25 22
internal_value=2.94867e-06 0.00551413 -0.00118779 -0.00592484 0.001456 -0.00022858 0.00430663 -0.0166637 0.000230104 -0.00631469 0.00364855 -0.014864 -0.0208768 0.00851299 0.0111631 0.00412341 0.0225724 0 0.0244674
internal_weight=249.257 44.6689 204.588 73.6447 130.943 45.249 35.3779 9.87115 124.54 42.4003 82.1398 28.3957 20.3075 39.4204 35.7286 22.3423 13.3863 8.08813 6.40332
internal_count=1485 265 1220 429 791 270 209 61 748 259 489 159 113 235 212 128 84 46 43
is_linear=0
shrinkage=0.03


Tree=202
num_leaves=16
num_cat=0
split_feature=223 116 211 93 211 116 210 130 15 175 25 36 154 92 15
split_gain=1.81036 5.01432 3.49226 3.97341 3.08002 3.4851 4.11297 3.70145 3.58664 3.57009 3.17031 2.52454 2.34726 2.0957 1.39472
threshold=0.30100528786915554 -0.018849999999999995 1.2898730116166599 0.17581239010000002 1.4331643649807122 -0.21519999999999997 1.4786726178886092 14267.445000000002 70.060000000000016 0.33110658875670723 17.025000000000002 -0.32489999999999991 73.031375775472767 0.69277007265000001 72.340000000000018
decision_type=2 2 2 2 2 2 2 2 2 2 2 2 2 2 2
left_child=4 14 3 12 5 8 7 -7 9 -1 -6 -10 -3 -5 -2
right_child=1 2 -4 13 10 6 -8 -9 11 -11 -12 -13 -14 -15 -16
leaf_value=-0.01829803869913792 0.033317764471637298 0.0043176047628474736 -0.022622213982265847 0.038783055449594997 -0.0067392415066189031 0.002992520760552347 -0.024851212000319034 -0.019734604762690511 -0.019550109660102299 0.00088598348308746458 0.03052995322606299 0.0073933189972170835 -0.01981153184854529 0.0040334710082340396 0.0062939692678751734
leaf_weight=29.871758315712214 6.2432305775582773 11.463774502277383 5.011036939918994 3.7464991100132456 3.0758638903498632 128.3443075530231 5.298990622162818 6.6674318648874751 3.7010977342724827 11.894777804613112 5.317738376557827 17.021153323352337 5.1232758760452262 3.0282840840518475 2.8435800671577454
leaf_count=181 50 69 27 23 21 743 33 44 24 74 33 95 29 20 19
internal_value=2.45737e-06 0.00608338 -4.84471e-05 0.00474147 -0.0010643 -0.00181804 0.000788032 0.00183418 -0.00770948 -0.0127739 0.0166008 0.00236623 -0.00302949 0.0239712 0.0253482
internal_weight=248.653 37.4597 28.3729 23.3618 211.193 202.8 140.311 135.012 62.4888 41.7665 8.3936 20.7223 16.5871 6.77478 9.08681
internal_count=1485 237 168 141 1248 1194 820 787 374 255 54 119 98 43 69
is_linear=0
shrinkage=0.03


Tree=203
num_leaves=6
num_cat=0
split_feature=71 144 144 47 149
split_gain=1.84751 2.18285 4.35972 2.14434 2.6258
threshold=2.4438634891000004 7.0219434798669953 5.6873529139557748 4.247440000000001 0.23659732083053822
decision_type=2 2 2 2 2
left_child=-1 2 3 -2 -5
right_child=1 -3 -4 4 -6
leaf_value=0.016157981838471402 0.018416121698919583 -0.018946731411075821 0.03171580452089881 -0.010072485220616821 0.00018603741076159079
leaf_weight=6.1206317543983451 5.1647645644843569 5.4799770191311827 3.7463636361062518 25.08772274851799 202.55745159089565
leaf_count=37 35 36 20 148 1209
internal_value=2.96666e-06 -0.000399677 2.51249e-05 -0.000485357 -0.000935261
internal_weight=248.157 242.036 236.556 232.81 227.645
internal_count=1485 1448 1412 1392 1357
is_linear=0
shrinkage=0.03


Tree=204
num_leaves=19
num_cat=0
split_feature=0 0 216 203 174 9 51 24 62 108 145 220 47 120 217 137 43 166
split_gain=1.8113 3.71668 3.6158 3.55804 3.65595 3.30289 3.72978 2.80941 2.69044 3.70371 3.06577 2.61265 2.68413 4.15557 2.88173 1.48269 0.289061 0.11613
threshold=20240265.000000004 20230527.500000004 0.81238032609326349 8.3067678450369637 1.4274717068808183 -0.054999999999999993 3.5300000000000007 56.465000000000011 3.0150000000000001 32461276.150000002 1.7246922477487423 0.29708431836091415 19.740000000000006 -0.19134999999999996 0.050036502502386011 29.306336050331346 32.064000000000014 -48.081306961830258
decision_type=2 2 2 2 2 2 2 2 2 2 2 2 2 2 2 2 2 2
left_child=1 2 5 4 -4 6 -1 16 9 10 -3 12 14 -14 -9 -11 -2 -10
right_child=7 8 3 -5 -6 -7 -8 11 17 15 -12 -13 13 -15 -16 -17 -18 -19
leaf_value=0.036024374802389639 0.015150453650481304 -0.0066922682228765839 0.00074246685393744517 -0.02888037924995587 -0.016535507342218033 -0.0083364928923084398 0.0044287794373952579 0.035885106555843323 -0.01684733506900252 -0.0014701610109148406 0.029673897653717019 -0.014928818049423739 -0.024890558381716107 0.0053363292955213026 0.006886996393493214 -0.033459824519355912 0.034169521762585559 -0.033317526292167943
leaf_weight=6.6868511512875575 2.4719397462904444 5.3651582673192042 139.07714995369315 4.0254594683647147 11.855425931513308 4.8019641004502764 7.2168874070048332 4.2798713147640255 1.778704587370157 2.1825749166309825 3.2029588520526886 6.4430809877812854 5.0151267349720028 20.285065021365881 11.99170061573386 4.1719228848814964 2.6121070273220539 4.5509559102356425
leaf_count=41 23 38 750 25 70 27 37 33 17 17 17 39 28 127 92 38 22 44
internal_value=3.76565e-06 -0.00132263 0.000112407 -0.0013769 -0.000604867 0.0125511 0.0199873 0.00492243 -0.0131352 -0.00584826 0.00674164 0.00258195 0.0053972 -0.000611686 0.0148701 -0.0231302 0.0259715 -0.0294898
internal_weight=248.015 194.916 173.664 154.958 150.933 18.7057 13.9037 53.0989 21.2523 14.9226 8.56812 48.0148 41.5718 25.3002 16.2716 6.3545 5.08405 6.32966
internal_count=1485 1121 950 845 820 105 78 364 171 110 55 319 280 155 125 55 45 61
is_linear=0
shrinkage=0.03


Tree=205
num_leaves=22
num_cat=0
split_feature=207 207 143 12 42 96 225 158 142 31 97 62 92 156 3 219 162 138 55 115 37
split_gain=1.79849 3.07052 4.47273 4.97791 4.09766 4.06056 4.19346 3.93348 4.57707 3.87622 3.66453 2.92409 4.08494 2.52909 2.67822 2.44764 3.61526 3.55113 2.66092 2.2904 0.963865
threshold=1.3493160185726731 1.1853414486390128 65.666035820000005 57.900000000000013 0.50902008032128532 0.58504081845000011 0.57916666666666672 29.014770725772149 214.82826561920837 0.48350000000000004 0.41536770660000005 4.1950000000000012 0.29567049360000003 9.9959283935447569 1.0000000180025095e-35 0.11945760281113439 0.13543949903344349 4.1474833333333345 20250106.500000004 0.42075000000000001 0.10210291098920551
decision_type=2 2 2 2 2 2 2 2 2 2 2 2 2 2 2 2 2 2 2 2 2
left_child=1 2 3 -1 -5 10 -7 -3 9 -9 -4 15 -13 19 -15 16 17 -2 20 -14 -17
right_child=11 7 5 4 -6 6 -8 8 -10 -11 -12 12 13 14 -16 18 -18 -19 -20 -21 -22
leaf_value=0.039380849838068846 -0.0037054120916210284 -0.011469531055546812 -0.0086871558979236749 0.00049450848131218504 0.022443012902308278 0.0020170915055090053 -0.02232070934898495 -0.0092203710576999765 0.042090406856197096 0.026185200471168599 -0.041156219664439574 -0.019669218493499358 0.02510635356327115 0.014807177782715036 -0.019106550279417035 -0.013610666488015091 0.020313623481331134 -0.032390614725165488 0.0036880009697605604 -0.003091579176474026 -0.035070520320272761
leaf_weight=3.7728757746517649 40.734210874885321 4.5176165029406574 11.957951832562687 48.001373674720526 9.0804930031299573 52.969280116260052 7.1297363862395278 5.5294544100761431 5.3877030909061423 5.2758610770106316 4.3641686141490927 4.8113434650003937 10.479607358574869 3.926174156367777 4.2154285833239555 4.0046379193663579 4.8718762695789328 4.2567835748195639 3.3160787820816031 3.1670362055301657 5.5486964732408524
leaf_count=21 250 26 79 279 51 328 36 35 30 26 26 31 63 21 23 27 26 27 20 23 37
internal_value=2.7977e-06 0.00193829 0.0002878 0.00637098 0.00407165 -0.00451908 -0.000852626 0.0126801 0.0196306 0.00787344 -0.0177491 -0.00338497 0.00487184 0.0104932 -0.0024069 -0.00693594 -0.00383144 -0.00655178 -0.0186108 0.0183692 -0.0266198
internal_weight=247.318 157.987 137.276 60.8547 57.0819 76.4211 60.099 20.7106 16.193 10.8053 16.3221 89.3319 26.5996 21.7882 8.1416 62.7323 49.8629 44.991 12.8694 13.6466 9.55333
internal_count=1485 937 820 351 330 469 364 117 91 61 105 548 161 130 44 387 303 277 84 86 64
is_linear=0
shrinkage=0.03


Tree=206
num_leaves=7
num_cat=0
split_feature=71 144 144 217 201 197
split_gain=1.8055 2.05026 4.12011 2.37905 2.71341 2.33617
threshold=2.4438634891000004 7.0219434798669953 5.6873529139557748 -0.29956691727986345 0.24500000000000102 2.5499999999999985
decision_type=2 2 2 2 2 2
left_child=-1 2 3 4 -2 -5
right_child=1 -3 -4 5 -6 -7
leaf_value=0.016028861711101402 -0.03372080183557899 -0.01848361337771047 0.031013156599177139 -0.00081767322090006472 0.0030326040471645257 0.010759312671010541
leaf_weight=6.0765247829258433 3.9526433423161498 5.4122951403260222 3.6993955150246611 207.6731190122664 2.9872686490416527 16.866194099187851
leaf_count=37 25 36 20 1249 19 99
internal_value=1.2357e-06 -0.000397596 1.35558e-05 -0.000482089 -0.0176559 4.29759e-05
internal_weight=246.667 240.591 235.179 231.479 6.93991 224.539
internal_count=1485 1448 1412 1392 44 1348
is_linear=0
shrinkage=0.03


Tree=207
num_leaves=7
num_cat=0
split_feature=29 144 144 217 201 186
split_gain=1.74253 2.2567 3.87234 2.44538 2.91766 2.78229
threshold=-0.27020031333930167 7.0219434798669953 5.6873529139557748 -0.29956691727986345 0.37999999999999995 1.0466281438624037
decision_type=2 2 2 2 2 2
left_child=-1 2 3 4 -2 -5
right_child=1 -3 -4 5 -6 -7
leaf_value=0.024013606405056981 -0.032884359880164117 -0.019077196371836171 0.030353002842993946 -0.0013074706285140119 0.0052350024265927133 0.0072964289990915419
leaf_weight=2.5928621515631667 4.2960833683609954 5.502246342599391 3.669096626341342 186.43524181470275 2.8234298005700111 41.189456894993782
leaf_count=18 28 36 20 1114 18 251
internal_value=1.26352e-06 -0.000251434 0.000178277 -0.000293309 -0.0174885 0.000238781
internal_weight=246.508 243.916 238.413 234.744 7.11951 227.625
internal_count=1485 1467 1431 1411 46 1365
is_linear=0
shrinkage=0.03


Tree=208
num_leaves=10
num_cat=0
split_feature=31 64 74 211 219 85 197 156 188
split_gain=1.73953 2.08788 2.15425 4.40902 4.11676 3.80108 4.41882 3.79115 2.82995
threshold=0.20420000000000002 39.921266969150004 4.3426706954000007 1.025809183920142 0.0098472685527946097 1.9737812072000003 -0.52500000000000024 20.784899950126849 -0.047352913580902149
decision_type=2 2 2 2 2 2 2 2 2
left_child=-1 2 5 8 -5 7 -7 -2 -4
right_child=1 -3 3 4 -6 6 -8 -9 -10
leaf_value=0.019996475191057777 0.0010576890035495468 -0.019799417558423755 0.0091080781926169627 0.031973241616997661 -0.0031979098839730515 -0.038057327827719326 -0.0044818280087470909 -0.019535297439293008 -0.010243259780767199
leaf_weight=3.7591449171304694 172.07045314460993 4.746776580810546 13.506885122507811 8.9792925715446454 4.2252067849040023 5.0308939293026951 12.232759296894072 8.3389807529747468 13.467069506645203
leaf_count=24 1045 26 79 49 27 31 75 50 79
internal_value=1.35386e-06 -0.000304228 8.0385e-05 0.00641595 0.0205542 -0.00119479 -0.0146018 7.89144e-05 -0.00044465
internal_weight=246.357 242.598 237.852 40.1785 13.2045 197.673 17.2637 180.409 26.974
internal_count=1485 1461 1435 234 76 1201 106 1095 158
is_linear=0
shrinkage=0.03


Tree=209
num_leaves=21
num_cat=0
split_feature=0 0 216 203 119 9 18 24 62 108 145 29 47 203 30 112 95 137 43 150
split_gain=1.75632 3.55916 3.43187 3.3746 3.83858 3.13862 3.11059 2.66486 2.60438 3.54046 2.8675 2.47897 3.91411 4.80112 4.00847 3.22448 2.95695 1.41666 0.289126 0.16428
threshold=20240265.000000004 20230527.500000004 0.81238032609326349 8.3067678450369637 0.17605000000000001 -0.054999999999999993 73.235000000000014 56.465000000000011 3.0150000000000001 32461276.150000002 1.7246922477487423 0.072400000000000006 19.740000000000006 0.85255681289257634 0.41052631578947374 0.83790000000000009 18.341410030800002 29.306336050331346 32.064000000000014 0.71626573035704799
decision_type=2 2 2 2 2 2 2 2 2 2 2 2 2 2 2 2 2 2 2 2
left_child=1 2 5 4 -4 6 -1 18 9 10 -3 12 13 -9 -14 16 -13 -11 -2 -10
right_child=7 8 3 -5 -6 -7 -8 11 19 17 -12 15 14 -15 -16 -17 -18 -19 -20 -21
leaf_value=0.027556952655299876 0.014754771323840279 -0.0064808485326889658 0.035817622110023151 -0.028352994753417137 -0.0012575231319018863 -0.0080955768996978511 -0.0051449640325633749 -0.012006508520737815 -0.015745329623662777 -0.0016871800579067388 0.028796816927644707 0.02801082367685202 0.0093226563817664903 0.029392474883852902 -0.020405421540789549 -0.0060650285976068955 -0.0046141127267281187 -0.033226251589217048 0.033871094642304547 -0.033351994036963747
leaf_weight=10.463137753307821 2.436893504112958 5.337773874402048 2.4540658965706816 3.9631676450371733 147.59262216463685 4.7763600796461096 3.2505094707012168 4.1616903617978114 1.7206931710243214 2.171643588691949 3.1781028583645821 9.5426501818001288 5.7210799157619503 5.8747257106006145 12.897449586540459 6.3389333821833125 3.1407590731978408 4.0510726757347584 2.545235350728035 4.4677261523902416
leaf_count=58 23 38 16 25 804 27 20 31 17 17 17 63 36 51 80 38 20 38 22 44
internal_value=0 -0.00131086 9.22561e-05 -0.00135909 -0.000607715 0.0122847 0.0196074 0.00486387 -0.0129647 -0.00576872 0.00651791 0.00258672 -0.00290408 0.011981 -0.0111093 0.0109868 0.0197244 -0.0228948 0.0255854 -0.0292618
internal_weight=246.086 193.427 172.5 154.01 150.047 18.49 13.7136 52.6594 20.927 14.7386 8.51588 47.6773 28.6549 10.0364 18.6185 19.0223 12.6834 6.22272 4.98213 6.18842
internal_count=1485 1121 950 845 820 105 78 364 171 110 55 319 198 82 116 121 83 55 45 61
is_linear=0
shrinkage=0.03


Tree=210
num_leaves=17
num_cat=0
split_feature=122 112 209 72 207 157 108 133 136 190 216 213 148 64 12 196
split_gain=1.75752 3.21036 3.09587 2.38118 4.16167 4.55409 4.07548 5.14204 4.68289 3.83503 3.76227 3.60519 3.54958 2.55353 2.35709 2.89746
threshold=0.55415000000000014 -0.72399999999999987 2.8715074756070886 3.9795797933500006 0.61382453651224422 9.4992721911993758 20871211.605000004 673.50000000000011 17.253975000000001 0.24101037820144364 1.0370054825910791 1.0211284878929401 0.82556407892427131 5.8557884304500005 72.475000000000009 -6.8899999999999961
decision_type=2 2 2 2 2 2 2 2 2 2 2 2 2 2 2 2
left_child=3 -2 14 6 13 -6 7 10 -8 -7 -1 -9 -10 -5 15 -3
right_child=1 2 -4 4 5 9 8 11 12 -11 -12 -13 -14 -15 -16 -17
leaf_value=0.01389030762587602 -0.017069873084808392 -0.011569848030334203 -0.016885111276371073 0.0050916307001582862 -0.025331551926918355 0.023837588322902756 0.027988606611321163 0.00088751937074584019 -0.016270289085371717 0.003262978578862119 -0.0014107473054247133 -0.024011088562749881 -0.0035984402898917339 -0.029022927938250155 0.031200844452836104 0.014863502570481751
leaf_weight=31.658412747085094 4.3698083311319342 4.6754564344883027 3.2209837883710852 3.1855302676558486 2.9634721949696532 15.117835216224192 3.179310515522956 11.100956976413729 32.211893238127232 18.497439838945866 25.928451132029295 9.4329343959689123 54.148232314735651 4.5048136487603188 5.4375299438834181 15.723157718777658
leaf_count=206 25 24 21 18 18 82 17 64 196 109 157 58 328 27 35 100
internal_value=0 0.006393 0.0100708 -0.000998775 0.00515946 0.00942881 -0.00264479 0.00233262 -0.00701867 0.0126483 0.00695851 -0.010466 -0.00837303 -0.0146228 0.0135992 0.00863162
internal_weight=245.356 33.4269 29.0571 211.929 44.2691 36.5787 167.66 78.1208 89.5394 33.6153 57.5869 20.5339 86.3601 7.69034 25.8361 20.3986
internal_count=1485 205 180 1280 254 209 1026 485 541 191 363 122 524 45 159 124
is_linear=0
shrinkage=0.03


Tree=211
num_leaves=12
num_cat=0
split_feature=63 85 79 97 142 85 82 143 173 32 159
split_gain=1.75178 2.8711 2.71533 2.70554 2.41934 3.5894 3.06746 2.71939 3.55665 2.39371 2.30416
threshold=4.0686190855500008 -0.30453023994999967 3.1256929240500004 0.43115326795000009 66.623531180800015 -1.7014950139 3.1978686861000001 39.594114080000004 -0.93030031840067628 0.47280000000000005 23.368694841393303
decision_type=2 2 2 2 2 2 2 2 2 2 2
left_child=1 9 -2 -3 5 -4 -7 10 -9 -1 -6
right_child=2 3 4 -5 7 6 -8 8 -10 -11 -12
leaf_value=0.010909233430801133 -0.022685170259760953 0.034753870891279515 -0.018235822186772041 0.0018236399487417526 -0.032478969242374423 0.0055553622228668711 0.029028350578495465 -0.033490013430285417 -0.00026862013159168103 -0.02077788354942817 0
leaf_weight=4.485151622444393 4.849542684853076 5.1716591678559762 4.4546534940600386 4.2842325754463673 4.5415644235908967 28.066247396171093 6.1814460232853881 2.8546710386872283 172.49483309313655 3.8613822981715202 3.5161738470196724
leaf_count=31 33 32 26 29 26 170 33 18 1039 25 23
internal_value=0 0.00904443 -0.000702822 0.0203232 -0.000199366 0.00659125 0.00995158 -0.00165147 -0.00084534 -0.00346753 -0.018601
internal_weight=244.762 17.8024 226.959 9.45589 222.11 38.7023 34.2477 183.407 175.35 8.34653 8.05774
internal_count=1485 117 1368 61 1335 229 203 1106 1057 56 49
is_linear=0
shrinkage=0.03


Tree=212
num_leaves=16
num_cat=0
split_feature=15 157 51 179 158 124 177 217 217 27 191 61 193 213 47
split_gain=1.70298 2.45291 4.86945 4.79468 5.12236 3.61889 2.84956 3.22049 3.27586 2.93462 4.54263 2.62266 2.24675 1.28006 1.20062
threshold=79.875000000000014 19.63319783821143 7.9500000000000011 4.2114569496087615 51.485147553763802 0.76070000000000004 -1.8386659767830318 -0.21483888623613281 -0.08890096191398926 0.46295000000000003 3.9494521428038158 47.785000000000004 0.11571088577753648 1.0086826043463766 36.440000000000005
decision_type=2 2 2 2 2 2 2 2 2 2 2 2 2 2 2
left_child=1 2 3 5 -5 -1 9 14 -9 11 -11 -3 -2 -4 -8
right_child=12 6 13 4 -6 -7 7 8 -10 10 -12 -13 -14 -15 -16
leaf_value=-0.0073178336512409233 0.029650829985088112 0.036111871740851238 -0.038389621263717082 -0.009616938697864813 0.034150942469179331 0.017268089552035987 -0.030716603364148862 0.01553973153437814 -0.00034082937850253884 0.019942140552392313 -0.016839986764575352 0.0026954647955027395 -0.0035166531060624746 -0.01124473913453173 -0.0046246147749247112
leaf_weight=61.221030555665493 3.8492422662675372 6.045625042170288 4.2941032350063315 3.7483239658176881 6.0565653219819069 5.7510860189795485 3.8235327228903762 12.917241115123032 111.75404058769345 6.035498380661009 5.8254348039627075 3.5591119378805161 3.1334115713834763 3.1986274570226669 3.2535937204957008
leaf_count=362 23 36 26 24 35 35 24 78 684 37 37 23 21 20 20
internal_value=0 -0.000424012 -0.00454235 -0.00223027 0.0171878 -0.00513924 0.00182304 0.000145126 0.00129165 0.011934 0.00163622 0.0241937 0.0145041 -0.0274974 -0.0193708
internal_weight=244.466 237.484 84.2697 76.777 9.80489 66.9721 153.214 131.748 124.671 21.4657 11.8609 9.60474 6.98265 7.49273 7.07713
internal_count=1485 1441 502 456 59 397 939 806 762 133 74 59 44 46 44
is_linear=0
shrinkage=0.03


Tree=213
num_leaves=17
num_cat=0
split_feature=223 116 211 93 211 31 172 116 54 83 203 216 225 146 176 23
split_gain=1.75153 4.78939 3.27623 3.2694 2.80252 3.73671 3.97525 3.29369 3.98889 3.97825 3.08398 2.96933 2.08395 2.05297 2.00516 1.43118
threshold=0.30100528786915554 -0.018849999999999995 1.2625988686227549 0.17581239010000002 1.4331643649807122 0.63395000000000012 0.15968936902035982 -0.24564999999999998 333.50000000000006 0.25489663238400007 1.4396752365143797 1.0405738671243558 0.4958333333333334 4.5946868141687149 -0.34983467570362065 17.315000000000001
decision_type=2 2 2 2 2 2 2 2 2 2 2 2 2 2 2 2
left_child=4 15 3 13 5 7 11 8 -1 -9 -6 -7 -8 -3 -5 -2
right_child=1 2 -4 14 10 6 12 9 -10 -11 -12 -13 -14 -15 -16 -17
leaf_value=-0.00076728209566487749 0.032836812258212084 -0.0084496326826152268 -0.020305354692780466 0.0024201355268093547 0.030503620994410677 -0.0050622935212685733 -0.016499594850014052 -0.0052820532641919635 -0.019436010135543969 0.0063907896619752906 -0.006411281800716988 -0.030302567042507774 0.0099368292578249969 0.016392815174769267 0.037353797600819784 0.0045863812639785947
leaf_weight=33.623740863054991 6.2853155732154828 11.88495303317905 5.640442728996276 2.7843262404203415 5.0197226107120496 7.4065854549408021 3.7656074017286292 38.376339830458164 14.992348391562698 81.682669710367918 3.1417617425322533 10.819114986807106 8.5314748808741552 3.8543097153305999 3.6564270816743365 2.560266338288784
leaf_count=199 53 73 31 18 34 48 30 244 96 460 20 68 49 22 24 16
internal_value=0 0.00604264 0 0.00511001 -0.00106186 -0.00178466 -0.0114258 -1.65243e-05 -0.00661405 0.00263336 0.0160245 -0.0202927 0.00153169 -0.0021116 0.0229786 0.025138
internal_weight=244.025 36.666 27.8205 22.18 207.359 199.198 30.5228 168.675 48.6161 120.059 8.16148 18.2257 12.2971 15.7393 6.44075 8.84558
internal_count=1485 237 168 137 1248 1194 195 999 295 704 54 116 79 95 42 69
is_linear=0
shrinkage=0.03


Tree=214
num_leaves=25
num_cat=0
split_feature=197 186 210 191 170 184 59 59 194 144 13 28 113 138 191 157 1 28 223 202 121 29 223 9
split_gain=1.71027 3.78349 3.55933 3.38716 4.03652 3.95404 5.98151 3.83369 4.10683 3.43451 3.3769 3.30344 3.25887 3.21713 4.09021 3.4065 3.35981 4.06258 3.49015 2.80812 2.5736 2.57267 3.45602 2.2862
threshold=-0.37499999999999994 0.30650422226418172 0.83735421046278591 5.9574356326500633 29.413413532773596 -0.19330829548160919 2.2559 4.2313000000000009 -3.8399999999999994 1.491526343702964 18.375000000000004 -0.83554232149005891 -0.031699999999999992 4.8487708333333339 2.5848156685471078 22.317040367923415 31.435000000000002 1.0720048124912547 0.15234889380557837 2.5600000000000009 -0.04349999999999999 0.10215 0.24464085708500133 0.12500000000000003
decision_type=2 2 2 2 2 2 2 2 2 2 2 2 2 2 2 2 2 2 2 2 2 2 2 2
left_child=1 13 11 5 21 6 -2 19 -9 -8 20 -3 -12 16 -15 -16 18 -18 -1 -7 -4 22 -5 -13
right_child=3 2 10 4 -6 7 9 8 -10 -11 12 23 -14 14 15 -17 17 -19 -20 -21 -22 -23 -24 -25
leaf_value=-0.028015711942209278 0.016175716170387489 0.015467252583626578 0.010838542268394034 -0.020489909224535998 0.01986676944281433 0.01838013223679132 -0.036250754601873193 -0.025419876436753988 0.0055437203136876854 -0.0036557674397793812 -0.00087929717484147791 -0.0068197123600551076 0.020758199758286681 -0.02246952816230393 -0.017196682487275898 0.018614557201147627 -0.03081146647182359 -0.0012243544015969263 -0.0019521870001543275 -0.0050357413609690115 -0.022240763824181425 -0.032117222677630772 0.010239914082291029 -0.036918691341650739
leaf_weight=5.1590431444346896 6.5096533223986652 3.7801191993057719 3.6086437664926052 7.0538169741630607 3.7645087838172904 33.082846228033304 5.5842699036002141 4.4655770361423519 24.51229789480567 6.4828379079699516 8.7397858165204507 7.7997408434748632 19.859544292092327 3.8279764503240612 2.7914388850331298 12.343999359756706 11.714385125786068 6.8097122535109511 41.664836790412664 5.0861361362040034 4.6386350877583009 4.9292674958705893 5.8807342760264874 3.3626245856285095
leaf_count=36 39 23 23 44 21 206 32 29 149 40 55 49 111 24 17 72 71 44 244 31 28 31 43 23
internal_value=0 -0.00222487 0.00411767 0.00283734 -0.00768995 0.00553423 -0.00659689 0.00893984 0.000597956 -0.0191602 0.00915799 -0.00809007 0.0140614 -0.00615664 0.00459816 0.0117434 -0.00932568 -0.0201609 -0.00494138 0.0151765 -0.00745088 -0.0137423 -0.00631697 -0.0164006
internal_weight=243.452 136.1 51.7891 107.352 21.6283 85.7236 18.5768 67.1469 28.9779 12.0671 36.8466 14.9425 28.5993 84.3114 18.9634 15.1354 65.348 18.5241 46.8239 38.169 8.24728 17.8638 12.9346 11.1624
internal_count=1485 820 312 665 139 526 111 415 178 72 217 95 166 508 113 89 395 115 280 237 51 118 87 72
is_linear=0
shrinkage=0.03


Tree=215
num_leaves=9
num_cat=0
split_feature=71 47 149 199 23 199 93 130
split_gain=1.70841 1.90683 2.44319 3.94376 3.3067 2.73569 2.23852 1.77884
threshold=2.4438634891000004 4.247440000000001 0.23659732083053822 -3.6000000000000001 14.940000000000003 -8.7749999999999986 4.9510416095500007 3699.7600000000007
decision_type=2 2 2 2 2 2 2 2
left_child=-1 -2 3 7 -5 -4 -7 -3
right_child=1 2 5 4 -6 6 -8 -9
leaf_value=0.015737603105591646 0.017710700983549075 -0.042155447114548154 0.020783032428158835 0.020842163174218942 -0.0087701203880044751 0.00052381363589510158 -0.012415656185123622 -0.013358271430132589
leaf_weight=5.9551357664167872 5.0052538290619841 3.5573320314288157 5.5972823090851298 4.4863489866256741 12.858985312283037 187.15028405189514 12.747063806280492 5.3566757366061211
leaf_count=37 35 19 37 26 79 1137 79 36
internal_value=0 -0.000399928 -0.000811478 -0.00941339 -0.000863407 0.000277178 -0.000292106 -0.0255234
internal_weight=242.714 236.759 231.754 26.2593 17.3453 205.495 199.897 8.91401
internal_count=1485 1448 1413 160 105 1253 1216 55
is_linear=0
shrinkage=0.03


Tree=216
num_leaves=15
num_cat=0
split_feature=0 0 31 190 129 194 24 212 220 93 197 62 212 13
split_gain=1.72035 3.40503 2.57588 3.12065 4.63941 3.79641 2.47932 2.47033 2.40508 2.50632 4.12544 3.89389 0.874221 0.307992
threshold=20240265.000000004 20231026.000000004 0.23525000000000004 0.097993077078423071 1614.4500000000003 0.86999999999999755 56.465000000000011 -1.0000000180025095e-35 0.29708431836091415 -0.38316879029999995 -1.0000000180025095e-35 3.9750000000000005 0.10981659383762857 18.375000000000004
decision_type=2 2 2 2 2 2 2 2 2 2 2 2 2 2
left_child=1 2 7 4 -4 -5 13 -1 9 10 -8 -11 -3 -2
right_child=6 12 3 5 -6 -7 8 -9 -10 11 -12 -13 -14 -15
leaf_value=-0.0046659424415186014 0.032314664182342835 -0.0092212147113590187 -0.018126510008682945 -0.007725880030637091 0.0061452081951514437 0.0059548325132558946 -0.018957035463700145 0.029085086773798223 -0.0142385661565766 0.0045599247895129159 0.012236525892680906 0.032685505514710889 -0.033331104189181997 0.012433666365131038
leaf_weight=2.937915213406086 2.8437385521829119 3.1065760888159266 7.8199629560112944 80.910402979701757 64.444373790174723 23.237546484917402 7.9932681992650032 4.8973337039351454 6.3659623488783827 19.806044045835737 7.0328174307942373 5.7634875401854506 3.3696125037968159 2.0040795393288136
leaf_count=19 28 27 44 470 365 136 43 27 39 136 52 49 33 17
internal_value=0 -0.00131467 -0.000540582 -0.00130772 0.00345581 -0.00464187 0.00484496 0.0161524 0.00263934 0.00538824 -0.00417448 0.0111191 -0.0225381 0.0251196
internal_weight=242.533 190.724 184.248 176.412 72.2643 104.148 51.8094 7.83525 46.9616 40.5956 15.0261 25.5695 6.47619 4.84782
internal_count=1485 1121 1061 1015 409 606 364 46 319 280 95 185 60 45
is_linear=0
shrinkage=0.03


Tree=217
num_leaves=22
num_cat=0
split_feature=142 29 148 156 208 90 142 149 31 12 106 196 195 35 155 10 96 60 208 122 123
split_gain=1.6721 3.0684 3.47163 5.61299 3.18771 2.96447 2.77654 3.3315 3.66404 6.33113 5.51147 3.02995 2.79041 4.07913 4.15202 3.73608 3.90294 2.41125 2.28398 1.50902 1.40228
threshold=69.86087049240804 -0.046401028806584359 0.81227514466171014 9.6315190130342252 1.7905954935354362 0.76972114290000004 211.22999634119049 0.23659732083053822 0.34570000000000006 70.065000000000012 13.845000000000001 -1.5749999999999991 -2.0849999999999969 0.67264014880762446 1142.4652706635832 0.22500000000000003 0.23150101155000002 2.4171500000000008 1.9984629569760266 0.5041500000000001 0.27595000000000008
decision_type=2 2 2 2 2 2 2 2 2 2 2 2 2 2 2 2 2 2 2 2 2
left_child=1 17 5 4 -4 -3 7 11 9 -9 -10 20 15 14 -14 16 -8 -1 -15 -7 -2
right_child=6 2 3 -5 -6 19 12 8 10 -11 -12 -13 13 18 -16 -17 -18 -19 -20 -21 -22
leaf_value=0.0017086582716058785 -0.007899273947908193 0.0065374497499599126 0.0093428530550613894 0.037844342581955445 -0.015650716533826412 -0.0093196846192260558 -0.020159991286792332 -0.024696118140218323 0.012500278863991262 0.008142318446143184 -0.0041253675350297545 0.003873632227110891 0.021621589778887555 -0.024584167330800658 -0.012262977911911381 -0.029522937266896764 0.0057489573078034614 0.033121439214445686 0.0082955510696778381 -0.037572600503631627 -0.034152244720233121
leaf_weight=4.0089954137802106 3.0290277525782567 4.6197294257581216 13.444616880267864 4.4304027557373038 6.8312846049666396 4.0105846077203751 6.2011683061718932 14.55823200941086 25.001693032681942 8.0250324755907041 62.685632273554802 3.9003046862781039 20.197104904800661 3.9180817306041709 3.6885839179158202 3.8234796896576873 30.380084589123726 5.4533737860620022 3.3562948033213615 3.5759222507476807 6.8803652971982956
leaf_count=25 18 31 79 25 40 26 36 87 156 46 388 25 127 25 19 25 190 34 20 20 43
internal_value=0 0.00511898 0.00110632 0.00763983 0.000739393 -0.0118288 -0.00121099 -0.00393538 -0.0021571 -0.0129102 0.000589656 -0.0178017 0.00346965 0.0102139 0.0162345 -0.00166982 0.00123216 0.0202833 -0.00910034 -0.0233426 -0.0265862
internal_weight=242.02 46.3749 36.9125 24.7063 20.2759 12.2062 195.645 124.08 110.271 22.5833 87.6873 13.8097 71.5648 31.1601 23.8857 40.4047 36.5813 9.46237 7.27438 7.58651 9.90939
internal_count=1485 280 221 144 119 77 1205 763 677 133 544 86 442 191 146 251 226 59 45 46 61
is_linear=0
shrinkage=0.03


Tree=218
num_leaves=17
num_cat=0
split_feature=223 116 211 93 211 206 31 31 116 171 16 34 204 36 92 23
split_gain=1.68564 4.54254 3.085 3.39001 2.60216 3.44063 3.42671 3.22845 3.89815 3.16438 3.10264 2.69292 2.53456 2.12266 1.94414 1.34997
threshold=0.30100528786915554 -0.018849999999999995 1.2898730116166599 0.17581239010000002 1.4331643649807122 1.3973577994879698 0.63395000000000012 0.5928500000000001 -0.21519999999999997 0.14048448392779592 17.775000000000002 0.46216355932203396 1.5187463369963372 1.0000000000000002 0.69277007265000001 17.315000000000001
decision_type=2 2 2 2 2 2 2 2 2 2 2 2 2 2 2 2
left_child=4 15 3 13 6 -6 7 8 -1 11 -11 -8 -9 -3 -5 -2
right_child=1 2 -4 14 5 -7 9 12 -10 10 -12 -13 -14 -15 -16 -17
leaf_value=-0.0079719627992143223 0.032409193572361938 -0.0084581578327534886 -0.021465841151530989 0.037678481838667448 0.031748358213278836 -0.007199440891274376 0.0038122467756880806 0.034848705260743809 0.0021532124736283078 -0.02297088541059512 0.0090034863257819515 -0.025524988386702512 -8.6269587198631472e-05 0.017465669796845405 0.0034256201562674325 0.0047307786641697961
leaf_weight=49.321197632700205 6.1213430352509004 12.636666014790544 4.8602150529623023 3.5278923958539954 4.7468642443418485 3.2924033552408218 3.3013342618942323 4.0512745678424826 110.58293503895402 3.7112190313637248 9.5386892519891244 13.574891082942484 3.0910592116415501 3.5222141817212096 2.9249560311436653 2.5443428792059422
leaf_count=301 53 75 27 23 33 21 23 24 653 23 60 89 21 23 20 16
internal_value=0 0.00596769 0 0.00464921 -0.00105041 0.0155366 -0.00174945 -4.94705e-05 -0.000954101 -0.0110451 0 -0.0196207 0.0195229 -0.00255026 0.0228993 0.0247714
internal_weight=241.349 36.1376 27.4719 22.6117 205.212 8.03927 197.173 167.046 159.904 30.1261 13.2499 16.8762 7.14233 16.1589 6.45285 8.66569
internal_count=1485 237 168 141 1248 54 1194 999 954 195 83 112 45 98 43 69
is_linear=0
shrinkage=0.03


Tree=219
num_leaves=14
num_cat=0
split_feature=162 51 213 38 50 168 190 210 205 23 59 1 119
split_gain=1.68015 2.06819 4.85489 4.69943 4.31572 4.03636 3.6008 3.34371 2.92762 1.98753 1.88752 1.2581 0.473667
threshold=0.24523236345676766 4.2550000000000008 1.2132395100855802 0.46444243697478999 19.775000000000002 -32.570236520402652 0.62369036103020703 0.5444834005457756 1.0494653988404639 17.815000000000001 3.3139500000000006 51.370000000000012 0.33895000000000003
decision_type=2 2 2 2 2 2 2 2 2 2 2 2 2
left_child=1 2 5 8 -5 -1 -6 -7 10 -2 -3 -10 -4
right_child=9 3 12 4 6 7 -8 -9 11 -11 -12 -13 -14
leaf_value=-0.022782498451753421 -0.0013606097620485144 -0.0071049707350097167 -0.034984395691007683 -0.024422526972349288 0.0069008211054086771 0.025766427874707405 -0.013034529263197824 0.0024743027192272765 0.010697410759748529 0.028248595192620886 -0.03388821243952219 -0.01563181192823359 -0.013378755296855937
leaf_weight=5.3698594942688933 3.7106384523212901 3.7766330800950554 2.9624982662498942 5.8037682250142089 39.074379153549671 5.7137014828622332 10.135082494467495 142.92194328829646 3.560036100447177 3.9678885042667389 8.5518533922731859 2.8280146867036819 2.4295987524092197
leaf_count=32 24 26 24 35 234 35 63 876 21 22 58 19 16
internal_value=0 -0.000452508 0.00145506 -0.00461353 -0.000131711 0.00245975 0.00271603 0.00340657 -0.0175567 0.0137208 -0.0260482 -0.000557527 -0.0262163
internal_weight=240.806 233.127 159.398 73.7298 55.0132 154.006 49.2095 148.636 18.7165 7.67853 12.3285 6.38805 5.3921
internal_count=1485 1439 983 456 332 943 297 911 124 46 84 40 40
is_linear=0
shrinkage=0.03


Tree=220
num_leaves=19
num_cat=0
split_feature=122 32 112 109 116 110 62 221 168 213 16 224 29 151 198 142 77 155
split_gain=1.6564 3.007 3.56792 2.51633 2.33917 2.2908 5.07226 3.83873 5.55871 4.23415 3.79814 3.16759 4.86503 4.78301 4.55623 3.96692 3.59642 1.62512
threshold=0.55415000000000014 2.6818500000000003 -0.72399999999999987 1.0000000180025095e-35 0.7289500000000001 7930.8500000000013 6.7000000000000011 -0.059840662910838498 10.214630082798974 1.1564827089317626 21.375000000000004 0.12825771152567692 0.10460000000000001 1.1588406919095988 -4.9500000000000002 408.66097135526201 -1.8722987942999998 75.911444719318453
decision_type=2 2 2 2 2 2 2 2 2 2 2 2 2 2 2 2 2 2
left_child=5 2 -2 4 -4 11 7 8 -7 -9 -8 15 14 -14 -13 16 -1 -5
right_child=1 -3 3 17 -6 6 10 9 -10 -11 -12 12 13 -15 -16 -17 -18 -19
leaf_value=-0.014552762068505178 -0.017569059035083573 -0.02103414446694505 0.012937327782655921 0.0061577373819764903 -0.022277436063916172 0.012887583248112674 -0.030180052531673805 0.023207067806251949 -0.023270280140453781 -0.011030622824224694 0.0085533605416889084 0.01678601707149624 -0.013922047898659858 0.015494511696734633 -0.016105833372801102 0.023883146139557162 0.0018652304362371832 0.025226874203402062
leaf_weight=14.247723430395125 3.7023194879293468 3.1182679682970038 3.7239774242043557 6.7112050391733638 2.9173794537782669 9.2674041427671892 5.6592352837324125 19.040855880826715 6.34686330333352 3.724326215684413 3.5478881746530533 3.9964228570461264 7.8713129051029709 12.93974385038018 42.012283757328987 6.1731399893760672 72.869067303836346 12.541219152510164
leaf_count=90 21 20 25 41 19 53 32 121 43 24 22 23 52 74 244 35 467 79
internal_value=0 0.00626542 0.0093039 0.0133144 -0.00218761 -0.000987443 0.00476254 0.00960828 -0.00167345 0.0174509 -0.0150006 -0.00271704 -0.00770211 0.00421153 -0.0131535 0.000825865 -0.000799099 0.0188007
internal_weight=240.411 32.7144 29.5961 25.8938 6.64136 207.696 47.5866 38.3794 15.6143 22.7652 9.20712 160.11 66.8198 20.8111 46.0087 93.2899 87.1168 19.2524
internal_count=1485 205 185 164 44 1280 295 241 96 145 54 985 393 126 267 592 557 120
is_linear=0
shrinkage=0.03


Tree=221
num_leaves=16
num_cat=0
split_feature=228 136 194 220 219 91 193 8 18 174 97 208 174 203 181
split_gain=1.63877 4.30425 3.27845 3.61966 3.47164 2.90161 2.84552 3.59448 5.1499 3.54755 3.48364 2.57912 2.56291 2.14352 1.47161
threshold=0.88097337261775299 17.253975000000001 6.8850000000000025 -0.26359310168524952 -0.20387895283729715 3.5938706510560006 0.033039126160205719 -2.6549999999999998 57.590000000000011 1.3545074612025176 0.28104025450000003 1.2604102035998164 0.13829101896272314 1.3125352404139721 0.39264833063095456
decision_type=2 2 2 2 2 2 2 2 2 2 2 2 2 2 2
left_child=5 11 3 13 -5 6 7 -1 -9 10 -8 -2 -7 -3 -11
right_child=1 2 -4 4 -6 12 9 8 -10 14 -12 -13 -14 -15 -16
leaf_value=0.013562519879343093 0 -0.00041791815175718405 0.020355284462065672 -0.025187279490997069 -0.0046419833983952514 0.038306630650474009 0.026207538344312723 0.022172031777189617 -0.019519823917034169 0.00058973108786302233 0.0038579714938907681 0.035671436577961645 0.0031095353396520023 0.03105753614215977 -0.02669562155442301
leaf_weight=5.6019251048564938 3.061961978673934 3.6034760586917391 4.720464475452899 8.0217334106564504 97.844963882118464 3.631634719669818 6.9198304228484622 2.9941749013960388 17.47025391459465 2.6102876998484126 67.114396125078201 4.0078810602426529 4.1632109433412552 3.7092417404055595 4.3434789925813675
leaf_count=38 17 25 32 49 604 19 41 22 105 19 409 24 25 25 31
internal_value=0 -0.00237469 -0.00376563 -0.00481522 -0.00624935 0.00258751 0.001262 -0.00730066 -0.0131958 0.00406053 0.00601994 0.0201318 0.0201654 0.0153463 -0.0161649
internal_weight=239.819 124.97 117.9 113.179 105.867 114.849 107.054 26.0664 20.4644 80.988 74.0342 7.06984 7.79485 7.31272 6.95377
internal_count=1485 776 735 703 653 709 665 165 127 500 450 41 44 50 50
is_linear=0
shrinkage=0.03


Tree=222
num_leaves=10
num_cat=0
split_feature=202 202 142 29 31 142 46 99 223
split_gain=1.66939 3.24073 1.99709 2.96049 3.52359 2.8823 3.75393 2.90297 1.74329
threshold=-7.6899999999999986 -7.0599999999999996 69.86087049240804 -0.051749999999999997 0.50365000000000015 190.87625778131317 61.877750000000006 0.57065609728800004 0.23147692347330059
decision_type=2 2 2 2 2 2 2 2 2
left_child=-1 -2 3 8 -5 6 -4 -7 -3
right_child=1 2 5 4 -6 7 -8 -9 -10
leaf_value=0.022046807096904868 -0.029522584129156999 0.007920108621344242 -0.0023061041047260818 0.009933739123888936 -0.0090386626512442992 0.0068225813719720776 -0.019801650429585285 -0.0061592228756527949 0.036280922893504583
leaf_weight=2.9530691877007476 3.2631020173430434 4.5646384283900243 99.132620122283697 21.019375570118427 14.920823421329258 56.03928230330348 12.432922974228857 21.109357522800565 3.9474478214979172
leaf_count=18 20 26 612 123 95 354 81 128 28
internal_value=0 -0.000279472 0.000129398 0.00585415 0.00197075 -0.00120559 -0.00429867 0.0032283 0.0216892
internal_weight=239.383 236.43 233.166 44.4523 35.9402 188.714 111.566 77.1486 8.51209
internal_count=1485 1467 1447 272 218 1175 693 482 54
is_linear=0
shrinkage=0.03


Tree=223
num_leaves=16
num_cat=0
split_feature=223 116 111 20 211 211 206 31 172 34 31 116 69 208 23
split_gain=1.69042 4.26649 2.95732 2.69099 3.23191 2.47483 3.27911 3.18478 3.62446 3.23373 3.02469 3.67977 1.9351 1.56887 1.29506
threshold=0.30100528786915554 -0.018849999999999995 0.26945000000000002 17.440000000000001 1.2625988686227549 1.4331643649807122 1.3973577994879698 0.63395000000000012 0.15968936902035982 0.46216355932203396 0.5928500000000001 -0.21519999999999997 0.067219278149999964 1.6611082028066024 17.315000000000001
decision_type=2 2 2 2 2 2 2 2 2 2 2 2 2 2 2
left_child=5 14 -3 4 -4 7 -7 10 9 -9 11 -1 -10 -12 -2
right_child=1 2 3 -5 -6 6 -8 8 12 -11 13 -13 -14 -15 -16
leaf_value=-0.0078204091551717803 0.03211033865021938 0.02104667300494046 0.009231239884343748 -0.022085834216245333 -0.021277419757695443 0.031276226252570156 -0.0070055391111539357 0.0078034113130750291 -0.011406667196472813 -0.02522770284355319 0.031301063507771565 0.002057090401501174 0.012530650080332014 0.0017591901040129704 0.0047451042539395317
leaf_weight=48.871681846678257 5.9546512067317945 4.9004534855484989 12.498389262706047 5.7024690099060527 4.0381565541028968 4.6545595414936534 3.2550726383924484 3.0487203150987687 5.3152445554733259 14.665968265384434 3.9591577574610701 109.89604721218348 6.7320708520710468 3.0888503864407539 2.5185770839452744
leaf_count=301 53 31 81 33 23 33 21 20 39 96 24 653 40 21 16
internal_value=0 0.00602537 8.59048e-05 -0.00447213 0.00151771 -0.00105085 0.0152567 -0.00173316 -0.0107528 -0.0193627 -9.06546e-05 -0.000967514 0.00171564 0.0189795 0.0244765
internal_weight=239.1 35.6127 27.1395 22.239 16.5365 203.487 7.90963 195.578 29.762 17.7147 165.816 158.768 12.0473 7.04801 8.47323
internal_count=1485 237 168 137 104 1248 54 1194 195 116 999 954 79 45 69
is_linear=0
shrinkage=0.03


Tree=224
num_leaves=16
num_cat=0
split_feature=0 0 203 63 60 39 52 177 124 177 26 171 197 31 203
split_gain=1.65671 3.28539 2.59941 2.5408 2.68408 2.46049 2.65805 2.39738 2.35771 2.54394 3.02756 2.61955 1.95891 1.05818 1.02709
threshold=20240265.000000004 20230527.500000004 8.3067678450369637 2.6909528289000009 22.496800000000004 0.47624243572960884 0.13865000000000002 -0.22380793832885934 0.96765000000000012 -1.4869540757236031 15.940000000000003 0.2978500330559844 1.05 0.63395000000000012 0.56534858326994641
decision_type=2 2 2 2 2 2 2 2 2 2 2 2 2 2 2
left_child=1 2 3 -1 -5 6 7 -3 9 13 11 -11 -12 -2 -7
right_child=8 5 -4 4 -6 14 -8 -9 -10 10 12 -13 -14 -15 -16
leaf_value=0.027345143048505108 0.030916934361006905 -0.029994888137243065 -0.021620575187523316 0.0010710379878991166 -0.017071866516712175 -0.0041661623704082988 0.011463526853541694 0.0036925007053131634 -0.017865396691265419 0.011612807029895526 -0.027065149596717537 -0.0096783103161185557 0.0041352419849887672 0.0055468904543808156 -0.032724598726768035
leaf_weight=3.0658987909555426 4.8870443142950526 4.3938657529652128 4.722881417721509 152.30656894296408 7.606252782046794 1.7678521052002896 5.2773378603160381 3.0127063691616067 3.6583687365055075 26.348304402083158 4.1655757874250403 6.2403918839991084 2.8510010279715061 2.630596686154604 5.6281810216605663
leaf_count=20 46 35 30 854 46 15 35 22 20 195 25 38 21 19 64
internal_value=0 -0.00129294 6.53843e-05 0.00072508 0.000179193 -0.01273 -0.0043536 -0.0160259 0.00480953 0.00666752 0.00351413 0.00742687 -0.0140862 0.0226225 -0.0264452
internal_weight=238.563 187.782 167.702 162.979 159.913 20.0799 12.6839 7.40657 50.7813 47.1229 39.6053 32.5887 7.01658 7.51764 7.39603
internal_count=1485 1121 950 920 900 171 92 57 364 344 279 233 46 65 79
is_linear=0
shrinkage=0.03


Tree=225
num_leaves=7
num_cat=0
split_feature=190 194 199 33 193 199
split_gain=1.76735 2.00114 1.93508 2.28299 3.13044 2.47
threshold=-19.649172477055021 -13.999999999999995 -8.7749999999999986 -0.25836888092225496 0.17327155104210054 -7.6500000000000004
decision_type=2 2 2 2 2 2
left_child=-1 -2 -3 4 -4 -5
right_child=1 2 3 5 -6 -7
leaf_value=0.023475608244377649 -0.017300563922585849 0.017624333636041288 0.029429953686752296 -0.02118737775011777 -0.0032306936619141066 -0.00041026641844951007
leaf_weight=2.7531771548092356 5.9588942304253569 5.4754582755267611 5.2654790952801687 5.1937214620411387 4.8768184259533882 208.50476233847439
leaf_count=18 39 37 37 37 27 1290
internal_value=0 -0.000278173 0.000158434 -0.000263089 0.0135543 -0.000938938
internal_weight=238.028 235.275 229.316 223.841 10.1423 213.698
internal_count=1485 1467 1428 1391 64 1327
is_linear=0
shrinkage=0.03


Tree=226
num_leaves=18
num_cat=0
split_feature=135 138 159 223 116 199 47 53 186 0 144 12 228 122 9 194 195
split_gain=1.61517 3.1993 2.75638 4.18718 4.51956 3.7969 2.97573 2.62682 2.43883 3.97384 2.75087 2.60957 3.21054 2.34151 2.79533 1.67955 1.21395
threshold=73.248659759358304 2.6491794117647065 37.899351684556827 0.22031756371622321 -0.067899999999999974 -5.2499999999999982 19.545000000000005 0.25195000000000006 1.0466281438624037 20210828.500000004 1.7500503061962356 80.095000000000013 1.1271488203598843 0.49585000000000007 -0.33999999999999991 -6.4249999999999927 -4.3650000000000011
decision_type=2 2 2 2 2 2 2 2 2 2 2 2 2 2 2 2 2
left_child=7 16 3 4 -3 -5 -4 13 11 15 -11 12 -9 14 -1 -10 -2
right_child=1 2 6 5 -6 -7 -8 8 9 10 -12 -13 -14 -15 -16 -17 -18
leaf_value=0.023177473563867155 0.0069514725759773355 -0.033979062367345533 0.037047364384102222 0.023410910636508374 -0.0010844181244329396 1.1157130625113289e-05 0 -0.007777892905064929 0.0049144358528652732 -0.012039985214010932 0.012778320046878807 0.018448564685773234 0.0039074003877842657 0.03427099912518209 -0.014261059114959458 0.032314493684985408 0.032329956770085939
leaf_weight=3.2281071245670319 3.424334354698658 6.0359024591743973 3.748026441782712 7.5278667360544196 10.238531831651924 35.750309627503157 3.6610264703631401 96.089429590851068 3.7145910039544106 10.793381717056038 6.2033363133668891 4.1965556666254988 26.686274247244 3.1229642704129219 3.7403147220611555 5.351563788950445 4.3538556322455397
leaf_count=20 22 46 24 49 67 222 25 585 20 70 41 25 167 20 24 29 29
internal_value=0 0.00365553 0.00147755 -0.000632465 -0.0136007 0.00419509 0.0186195 -0.00166698 -0.00266379 0.00563015 -0.00278475 -0.00439294 -0.00521247 0.013033 0.00274038 0.0215915 0.021768
internal_weight=237.866 74.7399 66.9617 59.5526 16.2744 43.2782 7.40905 163.127 153.035 26.0629 16.9967 126.972 122.776 10.0914 6.96842 9.06615 7.77819
internal_count=1485 484 433 384 113 271 49 1001 937 160 111 777 752 64 44 49 51
is_linear=0
shrinkage=0.03


Tree=227
num_leaves=14
num_cat=0
split_feature=190 157 165 108 59 187 116 187 46 23 137 137 53
split_gain=1.66374 1.90974 3.14634 3.32895 5.31822 3.47989 3.17691 2.55614 3.06372 2.7943 2.73139 2.55277 2.52976
threshold=-19.649172477055021 19.63319783821143 92.596777801532468 20496169.985000003 2.1813500000000006 2.3459687304731736 0.39510000000000006 -0.23803625996071401 11.155000000000003 20.685000000000006 22.116299106567531 27.810190118517756 0.57940000000000003
decision_type=2 2 2 2 2 2 2 2 2 2 2 2 2
left_child=-1 2 3 4 -2 -5 -4 8 -3 10 -9 -11 -10
right_child=1 7 6 5 -6 -7 -8 9 12 11 -12 -13 -14
leaf_value=0.022932586985197137 0.02734795724012511 0.012480037411237866 -0.0044055636486632138 -0.0094113104231772181 -0.0016039953618395542 0.020477693746220802 -0.041620249523336213 -0.0052351081519130538 -0.025879612665902788 0.0062795050852770973 0.0064988482993625866 -0.027282713572542142 -0.0013717352850600452
leaf_weight=2.7160481140017501 7.6477640643715885 4.7715697139501598 5.0064526274800283 42.166157398372889 21.055523000657558 3.6739386394619933 3.7176060304045677 21.299243956804276 8.2573002353310567 3.2104713916778547 101.4490976408124 4.8467334359884262 7.4577390514314166
leaf_count=18 49 29 35 258 128 22 19 126 52 19 645 34 51
internal_value=0 -0.000264356 -0.00392159 -0.00186951 0.00607403 -0.00691114 -0.0208959 0.00172994 -0.00805638 0.00329056 0.00443575 -0.0136287 -0.014521
internal_weight=237.276 234.56 83.2674 74.5434 28.7033 45.8401 8.72406 151.292 20.4866 130.806 122.748 8.0572 15.715
internal_count=1485 1467 511 457 177 280 54 956 132 824 771 53 103
is_linear=0
shrinkage=0.03


Tree=228
num_leaves=18
num_cat=0
split_feature=228 136 223 220 211 105 29 206 91 163 167 228 155 96 180 144 60
split_gain=1.61733 4.09843 3.53212 4.25907 3.91142 4.37921 3.30593 3.1188 2.77415 2.81399 4.62399 3.26792 3.04447 3.2774 2.43979 2.42447 1.61121
threshold=0.88097337261775299 17.253975000000001 0.28490474384259518 -0.1934652090337112 1.4032331718517408 -0.056563505524999842 0.12896837994457047 0.64303384659008855 3.5938706510560006 -53.770066885391962 -47.401789707230016 0.8424230252480519 55.066771280735949 0.85745774220000015 0.13829101896272314 1.0157921194332906 1.9206000000000001
decision_type=2 2 2 2 2 2 2 2 2 2 2 2 2 2 2 2 2
left_child=8 16 4 -4 7 -6 -5 -3 9 12 -11 -12 15 -14 -10 -1 -2
right_child=1 2 3 6 5 -7 -8 -9 14 10 11 -13 13 -15 -16 -17 -18
leaf_value=-0.0094957853887296644 0.0046119498932394023 0.0023306219254524735 0.031889650654110084 -0.0066905556125912606 0.035564929619666154 -0.012025384851145595 0.014506306676405326 -0.012312742301289309 0.037759761667265655 0.037129204470920878 -0.00032124756396919891 0.016133622770953811 -0.0005337597027885463 -0.029807957870494232 0.0031728090660104683 0.025560299072038235 0.034536764325032644
leaf_weight=3.3873517215251949 3.6135876700282088 16.351616825908422 4.2944814898073664 20.116123592481021 3.7978686690330505 2.9496573060750952 9.7419722676277143 59.100048899650574 3.5734466575086108 3.4882158599793902 68.660444863140583 12.732669003307818 6.6513929702341539 7.550616554915905 4.1283478289842606 3.3814761601388454 3.360300287604332
leaf_count=20 20 103 30 125 24 21 59 373 19 18 429 84 48 45 25 21 21
internal_value=0 -0.00236849 -0.00373516 0.00431068 -0.00711572 0.0144511 0.000150663 -0.00910069 0.00259137 0.00128733 0.00374407 0.00223268 -0.00848473 -0.016407 0.0198831 0.00769745 0.0197394
internal_weight=236.88 123.326 116.352 34.1526 82.1992 6.74753 29.8581 75.4517 113.554 105.852 84.8813 81.3931 20.9708 14.202 7.70179 6.76883 6.97389
internal_count=1485 776 735 214 521 45 184 476 709 665 531 513 134 93 44 41 41
is_linear=0
shrinkage=0.03


Tree=229
num_leaves=10
num_cat=0
split_feature=71 47 149 199 23 93 16 143 129
split_gain=1.61654 1.79839 2.18476 3.56957 2.94736 2.31448 3.75721 2.82393 1.64773
threshold=2.4438634891000004 4.247440000000001 0.23659732083053822 -3.6000000000000001 14.940000000000003 4.9510416095500007 22.275000000000002 38.544246960000002 3489.1600000000003
decision_type=2 2 2 2 2 2 2 2 2
left_child=-1 -2 3 8 -5 7 -7 -4 -3
right_child=1 2 5 4 -6 6 -8 -9 -10
leaf_value=0.015537278752589454 0.017456343409231089 -0.040905077108655034 -0.008236353311203249 0.020122669320553548 -0.0083523364587180151 -0.024673048911698948 0.008425557862777211 0.0025646936877769971 -0.012685084492225275
leaf_weight=5.7864391990005961 4.8621798679232588 3.4444555789232272 24.978443812578917 4.3116743415594128 12.46437957882881 7.9517646953463537 4.767591618001461 162.59786296263337 5.1743886396288872
leaf_count=37 35 19 155 26 79 49 32 1017 36
internal_value=3.68195e-07 -0.00038314 -0.000788313 -0.00906297 -0.000780233 0.000249835 -0.0120637 0.00110677 -0.0246469
internal_weight=236.339 230.553 225.691 25.3949 16.7761 200.296 12.7194 187.576 8.61884
internal_count=1485 1448 1413 160 105 1253 81 1172 55
is_linear=0
shrinkage=0.03


Tree=230
num_leaves=14
num_cat=0
split_feature=162 143 12 40 135 164 12 142 173 161 55 23 168
split_gain=1.59123 1.94955 3.96678 3.91249 4.03405 3.51292 3.33343 2.80153 3.40002 2.93036 2.1292 1.81299 1.64179
threshold=0.24523236345676766 65.666035820000005 57.900000000000013 -0.032049999999999988 41.810708110367905 -94.859994766811369 62.160000000000004 177.58489932416668 -0.01872287784883309 -36.876321110712553 20221165.500000004 17.815000000000001 10.713119151570197
decision_type=2 2 2 2 2 2 2 2 2 2 2 2 2
left_child=1 2 -1 6 -5 10 -4 8 -7 -9 12 -2 -3
right_child=11 5 3 4 -6 7 -8 9 -10 -11 -12 -13 -14
leaf_value=0.026965851504734878 -0.00097074031587483323 -0.03257310087163727 -0.015758459838766333 -0.017473360326449229 0.00060870669793544119 0.00265473718096835 0.011522839094930603 -0.017792333315651294 -0.014352494591699417 0.0046840674206558054 0.0019852458435222612 0.027529402550717362 -0.0063482610835143491
leaf_weight=5.5665433332324019 3.6512364074587813 6.8444025814533216 4.3711998984217635 14.381464034318922 46.374499090015888 17.926798306405544 35.506374299526215 5.5799351781606665 24.752808701246977 60.015593523159623 3.622997358441352 3.8802183419466019 3.6517065837979317
leaf_count=35 24 43 28 85 291 120 216 34 152 383 28 22 24
internal_value=0 -0.000437543 0.00252004 0.00111261 -0.00364386 -0.00302825 0.00842541 -0.00115633 -0.00714928 0.00270226 -0.0170634 0.0134878 -0.0238783
internal_weight=236.126 228.594 106.2 100.634 60.756 122.394 39.8776 108.275 42.6796 65.5955 14.1191 7.53145 10.4961
internal_count=1485 1439 655 620 376 784 244 689 272 417 95 46 67
is_linear=0
shrinkage=0.03


Tree=231
num_leaves=16
num_cat=0
split_feature=10 197 32 25 186 197 116 65 186 193 146 228 111 175 23
split_gain=1.56387 1.94785 3.44186 4.46682 4.385 3.97145 3.63466 3.38891 3.2869 3.27684 3.70421 2.99065 3.60743 3.12174 2.95056
threshold=1.3200000000000003 -0.37499999999999994 0.6036075683608435 22.875000000000004 0.67652398780385448 2.1750000000000012 -0.13744999999999999 1.9912108953500003 0.30650422226418172 0.34100351431001236 4.4197123004958021 0.73621627424528857 0.24015000000000003 -0.16262572342378614 17.185000000000006
decision_type=2 2 2 2 2 2 2 2 2 2 2 2 2 2 2
left_child=1 8 4 5 6 -4 -3 -6 11 10 -10 12 -1 -13 -5
right_child=-2 2 3 14 7 -7 -8 -9 9 -11 -12 13 -14 -15 -16
leaf_value=0.019161467154271 -0.019417095145337245 0.0023759339054993823 -0.01262693989339566 -0.00021754179005328676 0.0046819923846463289 0.018933136376175035 0.019023264762713651 -0.026743346300675441 0.013044907914922573 -0.021297180837589007 -0.0042651047722748808 0.0087883814116379577 -0.007173210873915422 -0.011404788724675253 0.036911561451451962
leaf_weight=8.4277995377779025 3.5707522556185713 21.182212581858039 27.339926484972242 3.8184305056929579 7.4544141963124257 3.9702667221426955 28.010434541851282 5.0061141178011894 28.28533972427249 4.0986091569066039 17.89497273042798 7.6187565438449374 10.095163848251103 55.536488171666861 3.4860063269734383
leaf_count=53 22 136 179 24 52 25 175 31 178 25 109 51 59 345 21
internal_value=0 0.000318205 0.00347946 -0.00348464 0.00788838 -0.00848194 0.0119352 -0.00781694 -0.00206198 0.0039325 0.0062777 -0.005789 0.00468632 -0.00891131 0.0173562
internal_weight=235.796 232.225 100.268 38.6146 61.6532 31.3102 49.1926 12.4605 131.957 50.2789 46.1803 81.6782 18.523 63.1552 7.30444
internal_count=1485 1463 643 249 394 204 311 83 820 312 287 508 112 396 45
is_linear=0
shrinkage=0.03


Tree=232
num_leaves=21
num_cat=0
split_feature=207 119 24 223 15 10 23 193 9 207 49 49 7 103 133 216 85 26 212 223
split_gain=1.56179 2.69946 3.37306 3.36853 3.66992 3.26856 3.23403 3.79462 3.36998 2.66652 4.08687 4.33881 3.90418 3.49841 3.95433 3.34406 3.15753 2.79481 2.41199 1.14084
threshold=1.3493160185726731 0.32125000000000009 74.705000000000013 0.29931023150791997 59.560000000000009 -0.31499999999999995 18.560000000000006 0.14186788515411272 -0.68499999999999994 1.1853414486390128 18.440000000000005 21.915000000000003 5.5000000000000009 1.5387242212000005 672.50000000000011 1.0485807620479106 3.3746513630500004 14.06 0.31925000000000009 0.28314014757731948
decision_type=2 2 2 2 2 2 2 2 2 2 2 2 2 2 2 2 2 2 2 2
left_child=9 3 6 4 -2 -6 8 -8 -3 10 13 19 18 15 -15 -1 -13 -14 -11 -12
right_child=1 2 -4 -5 5 -7 7 -9 -10 12 11 16 17 14 -16 -17 -18 -19 -20 -21
leaf_value=0.010609111634128553 0.012484283112028472 0.021214665179653324 0.029527052720158854 0.011737172652076553 -0.0070977963879178714 -0.026115721801977295 -0.032431893163393975 0.0040784331716042241 -0.0020537836212519904 -0.013436680866286882 -0.03665599904454156 -0.006150442202653897 0.010529820472727377 0.0047806879281897504 -0.026960934938838596 -0.0023707814737877132 0.023670542874852461 0.045037803034789728 0.014880994020023372 -0.01191736832569551
leaf_weight=51.926326580345631 4.8528055548667899 8.0798276774585229 3.6653790175914756 6.3707596808671942 20.888473004102707 14.015866275876759 5.1549072824418527 4.7109578624367714 17.139212474226955 5.7201945334672946 4.861131224781273 26.476558614522222 5.1113265752792341 7.2484101951122266 6.5175348855555058 26.649231258779764 3.5111303925514212 4.0192519947886467 4.9576617628335953 3.4128963798284531
leaf_count=326 35 49 22 38 136 100 35 28 105 36 31 175 31 47 38 162 20 22 28 21
internal_value=0 -0.00324007 0.00253542 -0.00815173 -0.0114355 -0.014873 -0.000275082 -0.0148312 0.00533696 0.00184708 0.000264356 -0.00794281 0.0120781 0.00370236 -0.0101172 0.00617138 -0.00249205 0.0263685 0 -0.0270742
internal_weight=235.29 84.8782 38.7503 46.1279 39.7571 34.9043 35.0849 9.86587 25.219 150.412 130.603 38.2617 19.8084 92.3415 13.7659 78.5756 29.9877 9.13058 10.6779 8.27403
internal_count=1485 548 239 309 271 236 217 63 154 937 820 247 117 573 85 488 195 53 64 52
is_linear=0
shrinkage=0.03


Tree=233
num_leaves=15
num_cat=0
split_feature=0 0 24 31 228 228 161 222 29 47 213 52 77 11
split_gain=1.55973 3.10737 2.29339 2.27605 2.82289 4.00138 3.36176 2.21696 2.76228 3.98167 3.17419 1.77449 0.840675 0.313021
threshold=20240265.000000004 20231026.000000004 56.465000000000011 0.23525000000000004 1.1122624569165678 1.0332762170024485 -36.876321110712553 0.87574621987886192 0.072400000000000006 19.740000000000006 1.055100174492406 -0.096999999999999989 -0.17559586484999998 -0.062899999999999998
decision_type=2 2 2 2 2 2 2 2 2 2 2 2 2 2
left_child=1 3 13 11 5 -5 -6 8 9 -4 -10 -1 -3 -2
right_child=2 12 7 4 6 -7 -8 -9 10 -11 -12 -13 -14 -15
leaf_value=-0.0014344834114137916 0.0331811025817636 -0.032652747893107702 0.014420787435482729 -0.0013434204628995649 -0.021475700104533504 -0.018246415840678428 0.01043825889337127 -0.018070092559295474 0.032136462190920596 -0.010253607678350419 0.0039529228697052186 0.027305904528119901 -0.0084147212009147224 0.013139350894402655
leaf_weight=2.9981128573417664 2.4041387550532818 3.2644753940403461 9.0345771778374928 126.28909334540367 3.1840990409255054 13.983839485794304 27.439557012170553 4.1025662645697585 5.7650924436748019 16.345018599182367 10.152456268668173 4.4889660812914363 2.9082822538912287 2.2256083972752085
leaf_count=19 23 33 80 746 19 84 166 22 44 108 65 27 27 22
internal_value=0 -0.00126261 0.0047043 -0.000515313 -0.00124468 -0.00306165 0.00696326 0.00255335 0.00471331 -0.0013302 0.0144848 0.0155345 -0.0220275 0.0246624
internal_weight=234.586 184.556 50.0295 178.384 170.897 140.273 30.6237 45.3997 41.2971 25.3796 15.9175 7.48708 6.17276 4.62975
internal_count=1485 1121 364 1061 1015 830 185 319 297 188 109 46 60 45
is_linear=0
shrinkage=0.03


Tree=234
num_leaves=19
num_cat=0
split_feature=99 91 154 99 177 83 8 142 170 150 12 142 177 192 87 213 198 111
split_gain=1.53954 4.0603 2.41488 2.34763 2.22874 2.13444 3.4285 3.73332 3.26395 3.62488 4.15901 3.89415 3.13137 2.86516 2.34604 2.08181 1.70926 1.22647
threshold=0.035783338736000002 0.010479031572000001 151.95411142520362 0.0030480547320000007 -1.8386659767830318 0.25489663238400007 -2.6549999999999998 304.85063050809532 -15.392249916449787 3.2227549987975244 58.110000000000007 74.162739488666674 -0.1847931629401052 0.084197240292556888 5.8276149776500015 1.0197027895826525 -2.1000000000000001 0.31035000000000007
decision_type=2 2 2 2 2 2 2 2 2 2 2 2 2 2 2 2 2 2
left_child=1 3 4 -1 -3 6 12 14 15 10 -10 -11 -2 -9 -8 -7 -6 -5
right_child=5 2 -4 17 16 8 7 13 9 11 -12 -13 -14 -15 -16 -17 -18 -19
leaf_value=0.010030977456744755 0.026810048486262176 -0.0044940581138735117 -0.011025752228818022 -0.031583598161784833 0.0091107422519070471 0.027663258709456129 -0.0051609108490802153 -0.007264634560631685 0.018846017309330228 0.018898826540251972 -0.0067304042023457371 0.0008797955936844697 -0.0064399749067551174 0.033773531430430388 -0.02016893493458408 0.00076882841828665276 0.031260760758055478 -0.0036648553590172047
leaf_weight=3.4024928249418753 4.8627491816878319 2.9914616197347703 2.7806095778942099 3.592852458357811 5.6663529984653058 6.3271927312016469 19.076789643615484 2.9581709466874591 6.074739594012498 14.084575034677981 71.186248939484358 46.901430832222104 4.9547276422381383 2.8269436657428741 19.903936568647623 4.7446928583085537 8.9391759000718505 2.7796728201210499
leaf_count=24 28 20 18 25 39 38 124 21 36 82 448 279 33 19 136 31 63 21
internal_value=0 0.00632671 0.0139886 -0.00932188 0.0181508 -0.000925297 -0.00600351 -0.00955718 0.000913735 -0.000325215 -0.00465889 0.00511449 0.00983105 0.0125124 -0.0129329 0.0165166 0.0229918 -0.0201138
internal_weight=234.055 30.1526 20.3776 9.77502 17.597 203.902 54.5833 44.7658 149.319 138.247 77.261 60.986 9.81748 5.78511 38.9807 11.0719 14.6055 6.37253
internal_count=1485 210 140 70 122 1275 361 300 914 845 484 361 61 40 260 69 102 46
is_linear=0
shrinkage=0.03


Tree=235
num_leaves=9
num_cat=0
split_feature=29 210 196 10 165 164 38 133
split_gain=1.53284 2.22703 2.54428 2.00774 1.934 3.44166 3.34459 0.901409
threshold=-0.27020031333930167 1.4514690454442263 -1.2000000000000026 1.3200000000000003 104.11745923378199 98.328656487293912 0.51045252100840344 672.50000000000011
decision_type=2 2 2 2 2 2 2 2
left_child=-1 3 7 4 5 -2 -6 -3
right_child=1 2 -4 -5 6 -7 -8 -9
leaf_value=0.023253250810984904 0.00099162642642491514 -0.012307238827913203 0.0064521890246799843 -0.022472185993046255 -0.016750143444266324 0.028381405381563144 0.011398411122735271 -0.037723083525752786
leaf_weight=2.4264612719416609 196.23608423955739 3.1208278425037861 3.1678613759577257 3.3072848767042151 13.01762203499675 4.1310901232063761 5.1373155117034903 3.0394056662917137
leaf_count=18 1243 22 24 20 82 26 31 19
internal_value=0 -0.000241292 -0.0145292 0.000352284 0.000721571 0.00158518 -0.00860178 -0.0257287
internal_weight=233.584 231.157 9.32809 221.829 218.522 200.367 18.1549 6.16023
internal_count=1485 1467 65 1402 1382 1269 113 41
is_linear=0
shrinkage=0.03


Tree=236
num_leaves=21
num_cat=0
split_feature=0 0 40 215 184 175 188 187 30 67 224 168 206 24 220 63 29 199 47 43
split_gain=1.52173 3.0592 3.80176 3.72466 3.08043 5.03902 4.19162 2.98591 2.76919 4.08242 2.96335 2.64835 2.63866 2.19735 2.17307 2.35781 2.98205 1.8146 1.26349 0.324456
threshold=20240265.000000004 20210766.000000004 0.44905000000000006 1.182903100775194 -0.14758477352309471 -0.24687931607483096 -0.16661069801779449 0.11414501551545254 0.51315789473684215 0.49929468280800005 0.16793720036715593 9.1747738306427689 1.5127276034591854 56.465000000000011 0.29708431836091415 63.805542192750003 0.067511048158640244 -1.7999999999999987 18.265000000000004 32.064000000000014
decision_type=2 2 2 2 2 2 2 2 2 2 2 2 2 2 2 2 2 2 2 2
left_child=1 3 8 4 5 -1 -6 -4 10 -10 -3 18 -9 19 15 16 -15 -17 -5 -2
right_child=13 2 7 11 6 -7 -8 12 9 -11 -12 -13 -14 14 -16 17 -18 -19 -20 -21
leaf_value=0.0061232953900411989 0.012880841250038487 0.0042174942612461467 -0.035336248244886723 0.039893054895600299 0.015121424054827309 -0.039056376829717562 -0.0025824861044990116 -0.022687384769951524 -0.00061717390185490352 -0.02225490856491795 -0.017956386192765371 0.0013494645188867483 0.010472998934012819 0.0012797392621013977 -0.013680667141618773 -0.026207767038559836 0.020225060070355013 0.00366290378096449 0.014582557171354276 0.033214225324653124
leaf_weight=4.2110106274485588 2.236154578626155 49.356289826333523 5.8982599377632132 4.1136955171823484 16.863233454525471 4.336157411336897 40.782271154224873 4.4411449059843999 20.411206267774105 12.966644469648598 5.9660795144736758 6.2258353233337393 3.8967701569199562 19.666942935436964 6.1900609172880641 3.2986654117703438 12.361775271594523 3.6028585098683825 4.2798607349395752 2.3193912990391254
leaf_count=24 23 308 50 21 94 23 231 31 138 81 37 35 23 147 39 19 89 25 25 22
internal_value=0 -0.00124751 -0.00468692 0.00309683 1.61059e-05 -0.016637 0.00256176 -0.0190514 -0.00232881 -0.00915399 0.001744 0.0167468 -0.00689371 0.00466544 0.00256027 0.00524794 0.00872542 -0.0103561 0.0276641 0.0243688
internal_weight=233.424 183.748 102.936 80.8121 66.1927 8.54717 57.6455 14.2362 88.7002 33.3779 55.3224 14.6194 8.33792 49.6758 45.1203 38.9302 32.0287 6.90152 8.39356 4.55555
internal_count=1485 1121 668 453 372 47 325 104 564 219 345 81 54 364 319 280 236 44 46 45
is_linear=0
shrinkage=0.03


Tree=237
num_leaves=17
num_cat=0
split_feature=135 59 73 169 55 13 169 140 8 114 52 17 162 58 22 194
split_gain=1.50034 2.96753 3.54341 3.38547 2.94809 2.93983 3.61916 3.01285 2.86345 2.72826 2.50827 2.39773 2.37722 2.44839 2.99596 1.71791
threshold=73.248659759358304 3.5664000000000002 16.678143036600002 -32.570236520402652 20200606.500000004 21.375000000000004 -2.831484717632526 8.7867903571428592 -0.66499999999999992 0.62500000000000011 0.56880000000000008 13.940000000000003 0.15092210550264501 -17.459999999999997 18.675000000000004 -3.0999999999999974
decision_type=2 2 2 2 2 2 2 2 2 2 2 2 2 2 2 2
left_child=1 2 3 -1 -2 6 7 -6 10 -5 -7 -8 13 -3 -15 -14
right_child=4 12 -4 9 5 8 11 -9 -10 -11 -12 -13 15 14 -16 -17
leaf_value=-0.024823975509493112 0.029376204992667423 -0.033494888036123299 -0.023880713986949208 0.0028666102148496918 0.028779422539461346 0.0215328234128064 -0.023086515837313772 -0.0060128377853999933 -0.0091770239673108038 0.020735235361883052 0.00048391530286180255 -0.0031927460955307341 -0.0034298789297866638 7.5864974929278385e-05 -0.012841016328604795 0.02592955684488054
leaf_weight=3.4813117235898963 3.697017513215541 3.136207837611436 4.3425378426909438 69.796001454815269 5.0535240136086923 14.844002954661851 7.1059709936380413 3.6994233056902885 5.6768704503774634 8.6665057241916639 8.1881830245256406 24.725925825536251 3.4434666261076927 31.401754204183817 32.224386263638735 3.2884959056973448
leaf_count=20 20 22 26 426 33 101 48 23 36 57 54 169 21 197 211 21
internal_value=0 -0.00161514 0.00213167 0.00357416 0.00357324 0.002113 -0.00302701 0.0138338 0.00946865 0.00490234 0.0142138 -0.00778606 -0.00605177 -0.00779339 -0.00642889 0.0106424
internal_weight=232.772 159.781 86.2864 81.9438 72.9909 69.2939 40.5848 8.75295 28.7091 78.4625 23.0322 31.8319 73.4943 66.7623 63.6261 6.73196
internal_count=1485 1001 529 503 484 464 273 56 191 483 155 217 472 430 408 42
is_linear=0
shrinkage=0.03


Tree=238
num_leaves=24
num_cat=0
split_feature=93 136 106 25 159 58 51 93 80 116 173 212 170 186 88 197 215 147 222 16 11 224 46
split_gain=1.48945 4.10201 3.99601 3.843 5.12865 4.13158 3.98199 3.70025 4.7213 3.53614 3.51349 3.85545 3.36706 3.46798 2.95762 2.69876 2.69642 3.4766 2.49914 2.31415 2.21806 2.12861 1.12606
threshold=-0.19458971539999995 49.207925000000003 5.4900000000000011 18.975000000000005 37.899351684556827 101.00750000000001 1.1650000000000003 4.9510416095500007 5.886788976150001 -0.56859999999999988 -0.071221008041122011 0.44850000000000007 0.61180585624422268 0.29956474445132769 0.075019965050000012 -1.1249999999999998 1.2863093780056443 3.4839837942289882 -0.073599113609783093 22.425000000000004 -0.062899999999999998 0.27578874896096089 4.5850000000000009
decision_type=2 2 2 2 2 2 2 2 2 2 2 2 2 2 2 2 2 2 2 2 2 2 2
left_child=3 2 22 4 10 9 -6 8 -4 -5 11 -1 13 15 -12 -3 17 -14 -11 -9 -8 -18 -2
right_child=1 12 7 5 6 -7 20 19 -10 18 14 -13 16 -15 -16 -17 21 -19 -20 -21 -22 -23 -24
leaf_value=0.0070662414854641593 0.03408199140607087 -0.011434991041069506 -0.0031313524393018159 -0.015518543896753164 -0.012198769956489457 -0.023782966695923873 0.029984913136788208 -0.030622092624182869 0.023764765203194402 -0.004370665664582901 0.00025518443131872617 -0.021767885863995005 0.0036486988033100189 -0.026583662414656966 -0.026098776507528013 0.020231971561440919 -0.02004712245719803 0.025749277040794674 0.020919530378965486 -0.0012439308187567658 0.00044999012684136396 0.014143973755430339 0.0067834279730240475
leaf_weight=11.618186563253404 3.1391684487462035 4.1421842649579039 75.828699231147766 3.7630630135536256 5.9923699274659148 3.5026609972119322 5.8962991125881663 6.6106356978416425 6.2564629092812529 4.2173710167408052 4.5236563906073597 6.331551816314458 10.446944613009693 4.0415392853319636 18.801884740591049 5.3661637082695952 3.3165384009480467 18.183039046823978 16.092092044651505 4.1252255663275719 4.0456800311803809 2.9855122268199921 3.0208020806312561
leaf_count=82 27 26 473 23 33 21 37 43 37 26 28 41 66 30 120 34 23 126 99 26 26 17 21
internal_value=0 0.00183318 -0.00164393 -0.00315438 -0.00760761 0.00597033 0.00669467 -0.00323338 -0.00101843 0.0105042 -0.0132044 -0.00300269 0.0089826 -0.00351764 -0.0208805 0.00614902 0.0139132 0.0178301 0.0155252 -0.0197261 0.0183892 -0.00341303 0.0214964
internal_weight=232.248 147.463 98.981 84.7848 57.2096 27.5752 15.9343 92.821 82.0852 24.0725 41.2753 17.9497 48.4819 13.5499 23.3255 9.50835 34.932 28.63 20.3095 10.7359 9.94198 6.30205 6.15997
internal_count=1485 949 627 536 367 169 96 579 510 148 271 123 322 90 148 60 232 192 125 69 63 40 48
is_linear=0
shrinkage=0.03


Tree=239
num_leaves=12
num_cat=0
split_feature=63 36 112 79 142 150 143 142 173 222 23
split_gain=1.49703 2.47706 2.53032 2.34687 2.03394 2.71647 3.48505 2.32478 3.23823 2.86568 1.16265
threshold=4.0686190855500008 0.70848445099598367 -0.31219999999999992 3.1256929240500004 69.86087049240804 8.97784471285423 38.544246960000002 189.01319949240266 -0.26346886486124693 -0.21896788482834986 14.685
decision_type=2 2 2 2 2 2 2 2 2 2 2
left_child=1 2 -1 -2 5 6 -5 9 -9 -6 -4
right_child=3 -3 10 4 7 -7 -8 8 -10 -11 -12
leaf_value=-0.0027823480670274301 -0.021885425545234889 -0.0075714391328416284 0.01036617316474198 -0.0072390786131409221 0.0093455822366883146 0.026407848280553911 0.011564261286462048 -0.014564553451864349 0.0048993547545236283 -0.0064764743011526621 0.036652050894791642
leaf_weight=3.6898483783006677 4.4903023168444625 5.3741238526999942 2.9955601356923589 16.312703512609005 11.442616134881971 4.9942576363682738 18.99080553278327 8.6223191991448385 62.456661816686392 87.610190642997622 4.4640106298029423
leaf_count=23 33 39 21 104 76 30 119 60 393 553 34
internal_value=0 0.00868514 0.0167853 -0.000659027 -0.000181652 0.00585395 0.00279515 -0.00163148 0.00247897 -0.00461087 0.02677
internal_weight=231.443 16.5235 11.1494 214.92 210.43 40.2978 35.3035 170.132 71.079 99.0528 7.45957
internal_count=1485 117 78 1368 1335 253 223 1082 453 629 55
is_linear=0
shrinkage=0.03


Tree=240
num_leaves=19
num_cat=0
split_feature=223 116 211 139 67 228 198 36 122 227 8 8 136 154 223 61 206 23
split_gain=1.50543 3.96261 2.74495 2.87526 3.03746 2.29943 3.66647 3.94688 4.3609 3.66449 3.15519 4.95572 3.89396 3.01411 3.04876 2.61113 2.43419 1.27897
threshold=0.30100528786915554 -0.018849999999999995 1.2625988686227549 2.5683000000000002 0.20899402504400003 0.93675662205644017 3.3750000000000004 0.32975674319332732 0.54585000000000006 -0.14182064591072144 0.35500000000000004 -0.024999999999999998 41.394875000000006 88.855136478492639 0.16656982096087949 34.365000000000009 0.979259926491856 17.315000000000001
decision_type=2 2 2 2 2 2 2 2 2 2 2 2 2 2 2 2 2 2
left_child=5 17 3 -3 -5 10 7 9 -9 -7 11 12 -1 14 -12 -8 -13 -2
right_child=1 2 -4 4 -6 6 15 8 -10 -11 13 16 -14 -15 -16 -17 -18 -19
leaf_value=-0.0041975006053088159 0.031764811812952154 0.026986693329938853 -0.018935784935674431 0.017989168603934767 -0.0092700645850831553 0.019617049575004052 0.028583444651685826 -0.027512470149482441 0.0034072023634001509 -0.005915121328536401 -0.024412008923622209 0.00076832204023446658 0.0081733623122649153 -0.030898595446070622 0.0039208461948830519 -0.0043114682764094801 0.035338713932273461 0.0041308896948243808
leaf_weight=47.987326070666313 5.6798240598291141 4.1730674467980924 5.3194716200232497 5.2905118092894581 11.446694906800984 5.6509684696793547 4.5240788832306844 14.261393435299398 5.4909344911575309 40.367542505264282 4.4211378954351011 2.8496750667691213 43.389770235866308 4.3257142901420584 13.553352192044256 3.7941228337585926 6.1814041659235954 2.4436818361282349
leaf_count=304 53 29 31 37 71 40 27 100 32 248 33 16 274 29 84 26 35 16
internal_value=0 0.0057971 0 0.00500937 -0.000419772 -0.00100037 -0.00517918 -0.00758486 -0.0187922 -0.00267904 0.00150045 0.00378928 0.00164643 -0.00864214 -0.00297864 0.01335 0.0248868 0.0239682
internal_weight=231.151 34.3533 26.2297 20.9103 16.7372 196.797 74.089 65.7708 19.7523 46.0185 122.708 100.408 91.3771 22.3002 17.9745 8.3182 9.03108 8.12351
internal_count=1485 237 168 137 108 1248 473 420 132 288 775 629 578 146 117 53 51 69
is_linear=0
shrinkage=0.03


Tree=241
num_leaves=18
num_cat=0
split_feature=208 54 136 130 176 227 101 163 208 104 37 142 111 65 197 24 31
split_gain=1.4873 3.40008 3.36834 3.36003 4.89719 3.39535 4.30115 3.23507 3.11863 3.67176 2.73 2.3184 3.2368 2.95908 2.27455 1.76161 1.63021
threshold=1.0039094192204867 330.50000000000006 14.014900000000003 5612.1750000000011 0.20451580537968103 0.17880210110783662 0.50728662585000006 -35.843124563039957 1.135538210831915 -0.67555825714999951 0.11659270833333339 266.39339930625005 0.54880000000000007 2.3951830200500006 -0.90000000000000113 57.010000000000012 0.48690000000000005
decision_type=2 2 2 2 2 2 2 2 2 2 2 2 2 2 2 2 2
left_child=1 7 -2 5 10 6 -3 -1 9 15 -5 13 -13 -10 -9 -4 -16
right_child=2 3 8 4 -6 -7 -8 14 11 -11 -12 12 -14 -15 16 -17 -18
leaf_value=-0.0054958377776690489 0.024443697145165234 0.0053083348166723856 0 0.029947690019031827 -0.013185196503231264 -0.028180998820639583 -0.019045886385139526 0.00084374795109779725 -0.0059612839859507442 0.005702441458044433 -0.001360131461812569 0.010077467540553482 -0.020922404183262161 0.0055481173760095169 0.0369684045593636 -0.028937961359577782 0.012888642466192646
leaf_weight=5.6931285522878197 4.2075224816799155 21.590540505945686 2.5669874325394657 8.5326107293367404 5.2878333404660216 5.142479993402957 9.1963415816426259 4.2788909487426325 76.927453693002462 5.5222310051321974 3.2682661712169638 26.549920395016674 3.2740948200225821 26.872128624469042 6.7410723473876679 9.8246449902653676 5.0346868447959423
leaf_count=38 27 127 17 50 35 30 55 30 509 36 22 168 21 165 51 62 42
internal_value=5.42034e-07 0.00348878 -0.00165591 -0.000560053 0.010292 -0.005819 -0.00190749 0.013454 -0.00241601 -0.014144 0.0210863 -0.000811887 0.00651549 -0.00295033 0.0203519 -0.0232035 0.027121
internal_weight=230.511 74.7659 155.745 53.0181 17.0887 35.9294 30.7869 21.7478 151.537 17.9139 11.8009 133.624 29.824 103.8 16.0547 12.3916 11.7758
internal_count=1485 480 1005 319 107 212 182 161 978 115 72 863 189 674 123 79 93
is_linear=0
shrinkage=0.03


Tree=242
num_leaves=20
num_cat=0
split_feature=207 123 219 162 15 25 188 222 80 142 65 220 119 206 46 120 61 34 42
split_gain=1.4887 3.59626 2.65464 3.31166 3.37246 2.65279 2.53641 3.44277 4.31118 3.04296 2.78397 2.30843 3.077 2.58099 1.85671 1.78556 1.68083 1.48529 0.409413
threshold=1.3493160185726731 0.38025000000000003 0.11945760281113439 0.14170102391801634 60.315000000000005 23.025000000000002 1.4601452901791774 -0.25524142524142518 1.0156318305000003 881.21533591583341 1.8744781498000003 -0.064259026468328692 0.41705000000000009 1.1554339214903659 11.652875000000002 0.029250000000000002 61.060000000000009 0.47063813559322037 0.49699598393574301
decision_type=2 2 2 2 2 2 2 2 2 2 2 2 2 2 2 2 2 2 2
left_child=5 2 3 4 -2 6 7 8 -1 -9 14 -3 16 -14 -8 -7 -13 -4 -19
right_child=1 11 17 -5 -6 15 10 9 -10 -11 -12 12 13 -15 -16 -17 -18 18 -20
leaf_value=0.035128442026018412 0.013443374579701527 -0.015590516767624824 -0.0045367107747346031 0.017184839706303481 -0.010258766945235807 0.0027548457114847085 0.036101844727388158 -0.0031593605065553072 -0.0010333928974313178 0.026769668768185866 -0.0038443154393666382 0.033340773047567523 -0.022883482999548399 0.0099854610846222304 0.0090613719787299516 0.031177787347347382 0.0073347585196153631 -0.033369599325879989 -0.014628406539067535
leaf_weight=5.116460978984831 6.1426440030336371 3.286833472549918 4.2162289246916753 5.7578867152333251 36.752918789163232 4.0640528500080091 4.462046802043913 108.07983122952282 6.5115234032273293 3.0306142494082442 5.9012884572148314 5.6356061436235922 3.1910248026251775 6.0422689765691757 5.5476352609694004 4.3896347619593143 4.3538408875465393 5.0366485267877579 2.5123239569365978
leaf_count=32 40 25 28 34 244 27 25 685 46 19 35 33 20 40 36 32 27 37 20
internal_value=5.62516e-07 -0.00319845 -0.00703386 -0.0038454 -0.00677147 0.00182531 0.000801755 -0.000639537 0.0147863 -0.00229271 0.0120419 0.00694919 0.0110192 -0.00117608 0.0216499 0.0180563 0.0224886 -0.019823 -0.0277975
internal_weight=230.031 82.9282 60.4187 48.6534 42.8956 147.103 138.649 122.738 11.628 111.11 15.911 22.5096 19.2227 9.23329 10.0097 8.45369 9.98945 11.7652 7.54897
internal_count=1485 548 403 318 284 937 878 782 78 704 96 145 120 60 61 59 60 85 57
is_linear=0
shrinkage=0.03


Tree=243
num_leaves=22
num_cat=0
split_feature=0 0 216 203 174 111 38 39 33 227 135 224 28 112 187 52 106 38 20 206 1
split_gain=1.55694 2.98837 2.98914 2.85971 2.89615 2.67366 2.34897 2.27906 2.61355 2.20478 3.03384 3.2465 2.85996 2.62576 2.5062 4.02544 2.31539 1.79089 1.74774 0.873627 0.410187
threshold=20240265.000000004 20230527.500000004 0.81238032609326349 8.3067678450369637 1.4274717068808183 0.34200000000000008 0.46444243697478999 0.47624243572960884 0.013450000000000002 0.096929591812683472 58.492417857142861 -0.21578285994567153 1.5364000000000002 0.70900000000000019 0.15350117426275015 0.9668000000000001 26.050000000000004 0.43093571428571437 17.685000000000006 0.56504825110186718 20.135000000000002
decision_type=2 2 2 2 2 2 2 2 2 2 2 2 2 2 2 2 2 2 2 2 2
left_child=1 2 5 4 -4 6 -1 8 17 10 11 -2 14 -14 16 -16 -11 -3 -13 -9 -12
right_child=9 7 3 -5 -6 -7 -8 19 -10 12 20 18 13 -15 15 -17 -18 -19 -20 -21 -22
leaf_value=0.0054778763961527309 -0.015800678350984677 0.0002577860182302845 0.00058712370850777377 -0.027303044735662561 -0.015414106810586473 -0.0096771368822658101 0.031189623705183942 -0.0053135344747299324 0.010324912705208023 0.00077857244891555431 0.012916270242912696 0.022409288279915351 0.0273243282920719 -0.004395954254317349 0.019584360936171968 -0.023597220370256418 -0.028463797428465398 -0.030352325545914098 -0.0039481803507212081 -0.032376653357563991 0.033489178005512772
leaf_weight=7.0187103077769297 4.8030071705579767 2.7441716715693492 129.79148470982909 3.6292679049074641 10.928064011037348 3.8092940039932719 6.4445081353187561 1.7575975097715844 5.6173525005578995 3.5709272846579605 1.9468949139118183 6.7667633518576622 4.9634599350392801 4.0751698985695839 5.4183173757046443 2.8680839836597443 6.4220547154545784 3.7810626290738583 3.0758044719696045 5.1889321450144053 4.9005710743367672
leaf_count=43 28 20 750 25 70 22 40 16 38 26 19 53 39 27 53 16 37 34 19 63 47
internal_value=2.70465e-06 -0.00126875 4.16744e-05 -0.00135374 -0.000644267 0.0118167 0.0181459 -0.0124624 -0.00425032 0.00476425 0.0119378 0.00392455 -0.000793215 0.012803 -0.00771246 0.0041775 -0.0178128 -0.0172169 0.013914 -0.0261275 0.0283417
internal_weight=229.521 180.71 161.621 144.349 140.72 17.2725 13.4632 19.0891 12.1426 48.8111 21.493 14.6456 27.318 9.03863 18.2794 8.2864 9.99298 6.52523 9.84257 6.94653 6.84747
internal_count=1485 1121 950 845 820 105 83 171 92 364 166 100 198 66 132 69 63 54 72 79 66
is_linear=0
shrinkage=0.03


Tree=244
num_leaves=17
num_cat=0
split_feature=0 0 227 0 227 30 11 55 62 106 55 69 98 218 212 84
split_gain=1.47764 2.85934 2.34966 2.77725 5.62078 3.48641 2.11056 3.93363 2.76193 4.48473 4.33334 3.38912 2.56341 2.38966 0.834517 0.589085
threshold=20240265.000000004 20231026.000000004 -0.17148710403150855 20210766.000000004 -0.033948491769845227 0.69210526315789489 -0.042349999999999992 20250806.500000004 3.9750000000000005 26.800000000000001 20250409.000000004 2.1299916789000002 0.590619224 0.13508490326940939 0.10981659383762857 1.7456840845000001
decision_type=2 2 2 2 2 2 2 2 2 2 2 2 2 2 2 2
left_child=1 2 -1 5 -5 -4 8 13 9 11 -11 -2 -10 -8 -3 -14
right_child=6 14 3 4 -6 -7 7 -9 12 10 -12 -13 15 -15 -16 -17
leaf_value=0.020507238880217941 0.023874120966896201 -0.0080962734393042832 0.0013881808732111537 0.0016541983615253413 -0.013426951358116708 0.0288020262975693 0.031061423853306722 -0.033718792870708454 -0.0036766551331908607 -0.021456423089499969 0.0096149134832634042 -0.0096565147054287776 0.034663941094001983 -0.010720808406203073 -0.032625957292498488 0.012754058525147697
leaf_weight=4.5437560230493537 10.343955259770157 2.8822745457291594 75.110993891954422 52.079814210534096 38.318206738680601 4.3482514694333068 2.1426194049417964 3.3376346901059151 2.6729155108332616 9.1734940633177775 6.9234838001430026 3.4548475481569758 5.700810719281435 2.5149968042969704 3.0546760782599449 2.1829247996211052
leaf_count=27 89 27 430 329 252 23 24 18 20 55 46 23 52 19 33 18
internal_value=1.92716e-06 -0.00123498 -0.000514426 -0.00110615 -0.00471307 0.00296037 0.00466096 -0.00917684 0.0074858 0.00268594 -0.00793023 0.015254 0.0206444 0.00811837 -0.0215456 0.0292088
internal_weight=228.786 180.338 174.401 169.857 90.398 79.4592 48.4477 7.99525 40.4524 29.8958 16.097 13.7988 10.5567 4.65762 5.93695 7.88374
internal_count=1485 1121 1061 1034 581 453 364 61 303 213 101 112 90 43 60 70
is_linear=0
shrinkage=0.03


Tree=245
num_leaves=22
num_cat=0
split_feature=190 33 200 37 44 124 52 149 123 184 225 161 100 225 103 133 188 14 140 194 151
split_gain=1.47364 3.84067 2.89025 3.49266 3.47984 5.08062 4.00098 3.40964 3.39095 2.62048 3.47046 3.3593 3.31139 4.36864 3.29698 3.11456 2.8342 2.54675 1.44182 1.15035 1.04797
threshold=0.097993077078423071 -0.264916914255929 -0.25499999999999895 -0.037272507943077786 14.515000000000002 0.10860000000000002 1.7187500000000002 0.44301951406633217 0.27415000000000006 -0.16243541223226857 0.46250000000000008 -55.697904473226814 0.41420128245000004 0.52083333333333348 0.3596998013499999 670.50000000000011 -0.21003133837381235 17.315000000000001 4.5655375000000005 -1.6799999999999959 2.4236046549922041
decision_type=2 2 2 2 2 2 2 2 2 2 2 2 2 2 2 2 2 2 2 2 2
left_child=9 20 4 7 5 -3 -6 -4 -5 12 15 -12 13 -1 -13 18 -17 19 -11 -14 -2
right_child=1 2 3 8 6 -7 -8 -9 -10 10 11 14 17 -15 -16 16 -18 -19 -20 -21 -22
leaf_value=0.029094346065972658 0.035015164122171753 0.010116606392738816 0 -0.016479311540046008 -0.013858855347588512 -0.01290096463659819 0.014057192283526433 0.037995617351923652 0.004897783717388993 -0.0026334579261623522 0.038018130798287919 0.015370363514016426 -0.012194090606378848 -0.015672883977099643 7.6758081688211801e-06 -0.031940779425918678 -0.002779612413542 0 0.02666917474377984 -0.039603822565480222 0.0076326729440225243
leaf_weight=4.1314794346690205 2.7753980644047251 21.71409828402102 4.1976619996130449 9.1695282980799657 47.041950820013881 14.150716692209242 4.9369980394840232 4.5111498907208443 23.615339297801256 2.5416674837470081 3.4116753488779059 24.197544882073998 2.9005432836711416 3.4830128252506256 26.867753408849239 4.6678123772144344 8.8596010990440792 4.9979418367147446 3.0625613369047642 3.8734456002712223 2.9859043583273888
leaf_count=30 21 139 30 58 322 79 27 28 156 18 19 151 23 21 174 35 57 32 24 21 20
internal_value=2.63644e-06 -0.00198426 -0.00307875 0.00339439 -0.00617088 0.000940827 -0.0111279 0.020183 -0.00102183 0.00292036 0.00552677 0.0094028 -0.0067996 0.00829037 0.00736181 -0.00534565 -0.0132227 -0.0168006 0.0130405 -0.0286519 0.0217078
internal_weight=228.094 135.099 129.337 41.4937 87.8438 35.8648 51.9789 8.70881 32.7849 92.995 73.6086 54.477 19.3864 7.61449 51.0653 19.1316 13.5274 11.7719 5.60423 6.77399 5.7613
internal_count=1485 880 839 272 567 218 349 58 214 605 478 344 127 51 325 134 92 76 42 44 41
is_linear=0
shrinkage=0.03


Tree=246
num_leaves=8
num_cat=0
split_feature=190 213 48 136 186 194 0
split_gain=1.46053 1.80995 2.74932 1.82256 2.4209 4.28268 3.43805
threshold=-19.649172477055021 1.2132395100855802 65.675000000000011 100.21232500000001 1.0466281438624037 -13.999999999999995 20241214.500000004
decision_type=2 2 2 2 2 2 2
left_child=-1 3 -3 4 5 -2 -6
right_child=1 2 -4 -5 6 -7 -8
leaf_value=0.022233301853826014 -0.033896721726308254 -0.028956382663296514 0.0082162651944985652 0.016157672129768947 0.0034902518858121526 -0.0010157933439656523 0.033596015322118124
leaf_weight=2.5323595665395251 3.5513546280562869 4.5712978802621356 2.6775680780410767 6.1905889920890322 33.614634517580271 170.56204093620181 3.7590277921408406
leaf_count=18 26 37 17 39 211 1098 39
internal_value=4.03796e-06 -0.00024267 -0.0148925 0.00023802 -0.000221213 -0.00172275 0.00667991
internal_weight=227.459 224.927 7.24887 217.678 211.487 174.113 37.3737
internal_count=1485 1467 54 1413 1374 1124 250
is_linear=0
shrinkage=0.03


Tree=247
num_leaves=13
num_cat=0
split_feature=59 142 12 9 12 73 80 157 216 129 105 27
split_gain=1.46902 3.55769 2.28271 2.15589 2.10687 2.59559 2.63887 2.30605 3.24615 3.1003 2.04843 1.83953
threshold=8.5106500000000018 465.255116665 80.265000000000015 -1.2749999999999997 58.70000000000001 1.8215075602500002 0.27818699465000002 19.63319783821143 1.0395714195046475 2164.5850000000005 -2.8514810973499993 0.53310000000000013
decision_type=2 2 2 2 2 2 2 2 2 2 2 2
left_child=2 3 4 -2 5 6 -1 9 -9 -6 -5 -12
right_child=1 -3 -4 10 7 -7 -8 8 -10 -11 11 -13
leaf_value=-0.00058386439381642643 0.011113780202234963 0.021527126473114819 0.020468531570754879 0.009605255223374758 0.0051788584530853511 -0.0078512336906793288 0.03016919856509552 0.0065333566529096384 -0.0038342936003209881 -0.0092197355892759056 -0.025948179081858567 -0.007845902817032506
leaf_weight=3.6280079558491689 3.711618039757016 3.6046833842992774 5.1790339127182952 2.9901776760816601 18.699260834604502 4.2503374367952338 6.8622618764638901 64.149689987301826 46.661920502781868 45.670563695952296 9.6155307218432444 12.168649829924105
leaf_count=30 23 21 33 17 116 25 41 435 301 291 67 85
internal_value=4.56172e-06 -0.00591986 0.000996927 -0.00956118 0.000439671 0.011301 0.019345 -0.000463064 0.00214105 -0.0049889 -0.0128115 -0.0160554
internal_weight=227.192 32.0907 195.101 28.486 189.922 14.7406 10.4903 175.181 110.812 64.3698 24.7744 21.7842
internal_count=1485 213 1272 192 1239 96 71 1143 736 407 169 152
is_linear=0
shrinkage=0.03


Tree=248
num_leaves=7
num_cat=0
split_feature=71 144 144 217 201 186
split_gain=1.43618 1.75733 3.28022 1.89617 2.18094 1.72425
threshold=2.4438634891000004 7.0219434798669953 5.6873529139557748 -0.29956691727986345 0.24500000000000102 1.0466281438624037
decision_type=2 2 2 2 2 2
left_child=-1 2 3 4 -2 -5
right_child=1 -3 -4 5 -6 -7
leaf_value=0.014997098075504332 -0.031758389909072808 -0.018207412241201568 0.028862248600435417 -0.0012207137305376677 0.0026306237962848713 0.0058974078467981233
leaf_weight=5.5181355476379386 3.5579679906368247 4.7579045742750159 3.3958774842321864 169.62792133539915 2.7401275485754013 37.261161141097546
leaf_count=37 25 36 20 1101 19 247
internal_value=5.06557e-06 -0.000361749 2.46619e-05 -0.000433946 -0.0165205 4.90113e-05
internal_weight=226.859 221.341 216.583 213.187 6.2981 206.889
internal_count=1485 1448 1412 1392 44 1348
is_linear=0
shrinkage=0.03


Tree=249
num_leaves=14
num_cat=0
split_feature=223 116 111 20 211 211 116 210 111 17 130 157 15
split_gain=1.41968 3.74739 2.60875 2.37868 2.77949 2.12429 2.78771 3.39834 3.3447 3.22932 2.86322 2.57143 1.21871
threshold=0.30100528786915554 -0.018849999999999995 0.26945000000000002 17.440000000000001 1.1267071115087843 1.4331643649807122 -0.21519999999999997 1.4786726178886092 0.16035000000000002 15.56 14267.445000000002 19.374685697186141 72.340000000000018
decision_type=2 2 2 2 2 2 2 2 2 2 2 2 2
left_child=5 12 -3 4 -4 6 8 10 -1 -10 -8 -7 -2
right_child=1 2 3 -5 -6 11 7 -9 9 -11 -12 -13 -14
leaf_value=-0.033069738249760831 0.031721905983749923 0.02031059838083283 0.011251496661828611 -0.021399080359217934 -0.014665155027166416 -0.0058090148130157011 0.002844580583764291 -0.023658106925348435 -0.013117089625417801 0.0016624801482684819 -0.018374227949862043 0.029270563679559412 0.0045903146835690328
leaf_weight=4.0925523266196242 5.3759595435112706 4.6135545074939754 9.8453040048480052 5.3886511698365203 5.8209360949695101 2.9938088431954375 118.1315105073154 4.7979172356426707 24.083425093442202 28.860753789544106 5.8887295089662066 4.3577117621898651 2.4818025976419449
leaf_count=26 50 31 69 33 35 22 743 33 160 188 44 32 19
internal_value=4.88154e-06 0.00570716 1.36265e-05 -0.00436703 0.00139971 -0.00097153 -0.00161497 0.000809857 -0.0071358 -0.005016 0.00179891 0.014696 0.023695
internal_weight=226.733 33.5262 25.6684 21.0549 15.6662 193.206 185.855 128.818 57.0367 52.9442 124.02 7.35152 7.85776
internal_count=1485 237 168 137 104 1248 1194 820 374 348 787 54 69
is_linear=0
shrinkage=0.03


Tree=250
num_leaves=11
num_cat=0
split_feature=123 201 153 216 9 11 174 188 141 56
split_gain=1.40789 1.79434 2.28008 2.24231 2.6799 2.41732 2.16705 3.59305 2.73921 1.81903
threshold=0.18315000000000001 -6.2449999999999992 2.0686148614661732 0.78778666933325614 -0.054999999999999993 -0.13674999999999998 1.4274717068808183 1.5015707128215567 2.7042000000000006 20230701.500000004
decision_type=2 2 2 2 2 2 2 2 2 2
left_child=-1 2 -2 4 5 -3 7 -5 -8 -4
right_child=1 3 9 6 -6 -7 8 -9 -10 -11
leaf_value=0.017986885199257601 0.0029885371327076121 0.0024088363486893315 -0.031927341543919574 -0.0010583890152956949 -0.0081117481046534858 0.028415975298743391 0.0061127788121964084 0.01356918242645605 -0.021172285054242138 0
leaf_weight=3.7570485770702353 5.5364905074238759 6.036227099597455 5.0456337593495846 160.21525614149868 4.9346929602324954 7.5781924575567254 4.7901461496949187 16.57587575353682 9.4551383219659311 2.3645275495946407
leaf_count=30 38 38 36 1030 34 52 31 110 67 19
internal_value=4.07638e-06 -0.000293998 -0.0110962 0.000363948 0.0103021 0.0172056 -0.000590205 0.000303023 -0.0118096 -0.0219187
internal_weight=226.289 222.532 12.9467 209.586 18.5491 13.6144 191.036 176.791 14.2453 7.41016
internal_count=1485 1455 93 1362 124 90 1238 1140 98 55
is_linear=0
shrinkage=0.03


Tree=251
num_leaves=17
num_cat=0
split_feature=0 0 216 205 42 9 51 39 33 24 228 124 208 38 199 58
split_gain=1.40739 2.75628 2.62363 2.70224 2.734 2.49617 3.25899 2.20873 2.45941 2.04005 2.06408 2.43015 2.14596 1.7254 1.3552 0.895217
threshold=20240265.000000004 20230527.500000004 0.81238032609326349 5.0323837689368114 0.51502811244979929 -0.054999999999999993 3.5300000000000007 0.47624243572960884 0.013450000000000002 57.565000000000005 1.6542447392133062 0.96765000000000012 1.0039094192204867 0.43093571428571437 -3.4499999999999997 24.992050000000003
decision_type=2 2 2 2 2 2 2 2 2 2 2 2 2 2 2 2
left_child=1 2 5 4 -4 6 -1 8 13 14 11 12 -11 -3 -2 -9
right_child=9 7 3 -5 -6 -7 -8 15 -10 10 -12 -13 -14 -15 -16 -17
leaf_value=0.034140459550014234 0.0023954064722608573 0.00032118962670848561 -0.0026679143040757528 -0.022918182246832688 0.0076237986717295845 -0.0076507168043576899 0.0030476115360107033 -0.004873045624748564 0.010179634204347875 0.019890048834629647 -0.021384711950586405 -0.020179914854450171 0.0022056895830601768 -0.030032842302215465 0.032245308393344184 -0.032384590308399047
leaf_weight=5.8963880389928836 2.5598968770354986 2.717957906425001 108.55053011141717 4.9073159843683234 29.40698204562068 4.4019389748573294 6.6600191220641136 1.7449747174978245 5.5541805103421211 8.1212929524481279 2.9820508845150462 3.2497902065515509 27.056584347039461 3.6362285204231739 3.6179672852158538 4.9530656058341265
leaf_count=41 20 20 644 32 169 27 37 18 38 82 19 18 185 34 40 61
internal_value=4.41285e-06 -0.00120526 5.1304e-05 -0.00125677 -0.000448473 0.0111897 0.01804 -0.0121017 -0.00397614 0.004596 0.00209381 0.00404443 0.00641821 -0.0167805 0.0205896 -0.0258357
internal_weight=226.017 178.43 159.823 142.865 137.958 16.9583 12.5564 18.6064 11.9084 47.5876 41.4097 38.4277 35.1779 6.35419 6.17786 6.69804
internal_count=1485 1121 950 845 813 105 78 171 92 364 304 285 267 54 60 79
is_linear=0
shrinkage=0.03


Tree=252
num_leaves=9
num_cat=0
split_feature=190 213 48 22 122 163 155 77
split_gain=1.40634 1.69206 2.61943 2.11388 1.88697 3.47799 2.53613 1.56652
threshold=-19.649172477055021 1.2132395100855802 65.675000000000011 25.725000000000005 0.54585000000000006 32.984963029178409 126.42733436290864 1.7498857482500003
decision_type=2 2 2 2 2 2 2 2
left_child=-1 3 -3 4 6 -6 -2 -5
right_child=1 2 -4 7 5 -7 -8 -9
leaf_value=0.021988723415158572 0.002146168000487331 -0.028440672334109365 0.0080135110194866008 -0.030193434692129702 0.0024597013014517641 0.026396804400063166 -0.0054405442090618532 0
leaf_weight=2.4916438683867446 110.62961777858436 4.479585886001586 2.665089275687933 3.4126365557312957 30.636538069695234 6.6618835292756549 61.541994336992502 2.9199594184756279
leaf_count=18 730 37 17 29 200 41 395 18
internal_value=3.96651e-06 -0.000238032 -0.0145056 0.000226936 0.000760477 0.00687448 -0.000549839 -0.0166927
internal_weight=225.439 222.947 7.14468 215.803 209.47 37.2984 172.172 6.3326
internal_count=1485 1467 54 1413 1366 241 1125 47
is_linear=0
shrinkage=0.03


Tree=253
num_leaves=25
num_cat=0
split_feature=93 136 1 61 228 25 159 58 51 120 173 212 15 170 200 215 88 208 215 147 11 31 227 16
split_gain=1.39307 3.56688 3.95521 3.77585 3.94732 3.54643 4.61916 3.64324 3.5661 3.27677 3.26416 3.49108 3.21779 3.09046 3.56423 3.04067 2.7101 2.55413 2.43662 3.24322 2.05622 1.75778 1.59884 1.11718
threshold=-0.19458971539999995 49.207925000000003 5.5950000000000006 44.800000000000004 0.63826400444760567 18.975000000000005 37.899351684556827 101.00750000000001 1.1650000000000003 0.18605000000000002 -0.071221008041122011 0.44850000000000007 68.660000000000011 0.61180585624422268 -0.87 0.90090689227018406 0.075019965050000012 1.1699922569346672 1.2863093780056443 3.4839837942289882 -0.062899999999999998 0.51540000000000008 0.15438884539802386 16.875000000000004
decision_type=2 2 2 2 2 2 2 2 2 2 2 2 2 2 2 2 2 2 2 2 2 2 2 2
left_child=5 2 23 4 -4 6 10 9 -8 12 11 -1 -7 14 17 -5 -12 -3 19 -15 -10 -11 -20 -2
right_child=1 13 3 15 -6 7 8 -9 20 21 16 -13 -14 18 -16 -17 -18 -19 22 -21 -22 -23 -24 -25
leaf_value=0.0068887291636250689 0.0055732569060481397 0 0.022411499207507915 0.0092632051839109282 -0.0021009239012613704 -0.01361716189757331 -0.011662249880319367 -0.022636942943050003 0.02905593911046717 0.039371211972672127 0.00018306721735732821 -0.02107990038316709 0.014382571010016677 0.0033300991935344948 0.017746856481571177 -0.020591174837698789 -0.025450281458789772 -0.032125961473891303 -0.01860876272231806 0.025001564883912201 0.00012268639601905243 0.011035330526293904 0.011440392880980066 0.033795849752754015
leaf_weight=11.21602486073971 2.5595217123627654 4.6447442173957807 6.4042708985507479 3.6003142856061485 64.752311833202839 6.7959671057760769 5.8833766505122176 3.377174347639083 5.6620029974728814 3.9731562398374063 4.3647085726261166 6.075953133404254 7.8122785538434982 10.19224574044347 4.4314214419573537 15.616590484976767 18.201351558789611 4.0168611332774162 3.0813192576169959 17.508520603179932 3.9299834817647925 4.7993137165904045 3.0051830634474754 3.2669173888862133
leaf_count=82 20 30 37 23 415 44 33 21 37 25 28 41 47 66 31 105 120 29 22 126 26 32 18 27
internal_value=3.91079e-06 0.00180419 -0.0014768 -0.00305974 9.151e-05 -0.00309575 -0.00745142 0.00579396 0.00630067 0.0101073 -0.0128683 -0.00283093 0.0011487 0.00858957 -0.0035851 -0.0148236 -0.020381 -0.0149193 0.0133926 0.0171763 0.0176347 0.0245062 -0.0033421 0.0222073
internal_weight=225.172 143.08 96.1999 90.3735 71.1566 82.0913 55.3334 26.7579 15.4754 23.3807 39.858 17.292 14.6082 46.8803 13.093 19.2169 22.5661 8.66161 33.7873 27.7008 9.59199 8.77247 6.0865 5.82644
internal_count=1485 949 627 580 452 536 367 169 96 148 271 123 91 322 90 128 148 59 232 192 63 57 40 47
is_linear=0
shrinkage=0.03


Tree=254
num_leaves=15
num_cat=0
split_feature=223 116 119 28 114 215 165 204 142 159 157 73 15 1
split_gain=1.39462 3.53143 2.49869 3.05797 2.50256 2.07797 2.04153 2.09457 2.95373 2.22508 4.01866 3.78944 1.19212 1.18856
threshold=0.30100528786915554 -0.018849999999999995 0.29915000000000008 1.5780000000000003 0.57500000000000007 0.94828549393376615 441.26518224640267 3.4194185272029096 315.35354315058834 32.017080639580513 19.63319783821143 0.20946442300000004 72.340000000000018 41.345000000000006
decision_type=2 2 2 2 2 2 2 2 2 2 2 2 2 2
left_child=6 12 -3 5 -5 -4 7 9 13 10 -1 -11 -2 -9
right_child=1 2 3 4 -6 -7 -8 8 -10 11 -12 -13 -14 -15
leaf_value=-0.010623796181562081 0.031402664413694568 0.018753812278161988 0.0062052887512189401 0.024709073375921486 -0.0058232484643211627 -0.02303161989408117 -0.024431845068649649 -0.009781636794150509 0.010688619323725678 0.026322237970825533 0.001374276161408059 0.0022333441924956171 0.0043616105150962028 -0.035163899330698731
leaf_weight=34.665252603590488 5.2539311479777089 5.1273696422576931 2.7366174124181297 4.2420901060104352 5.1270899996161461 8.0967727676033956 3.1846475005149832 3.744171276688574 3.044388759881258 6.7023015841841689 89.479538254439831 46.595368351787329 2.4525657668709755 3.8881917521357536
leaf_count=227 50 36 20 29 29 54 21 26 18 47 590 288 19 31
internal_value=7.06102e-06 0.00570253 0.00014552 -0.00449857 0.00779903 -0.0153825 -0.000963287 -0.000537282 -0.0133838 0.000225899 -0.00195768 0.00536238 0.0233473 -0.0233878
internal_weight=224.34 33.0364 25.3299 20.2026 9.36918 10.8334 191.304 188.119 10.6768 177.442 124.145 53.2977 7.7065 7.63236
internal_count=1485 237 168 132 58 74 1248 1227 75 1152 817 335 69 57
is_linear=0
shrinkage=0.03


Tree=255
num_leaves=16
num_cat=0
split_feature=142 29 211 210 224 63 79 12 135 177 138 23 174 52 54
split_gain=1.40336 2.46713 3.07077 2.8486 3.08684 2.24053 2.40777 2.52421 2.88385 2.35672 2.17015 2.01729 1.90445 1.7234 1.5041
threshold=69.86087049240804 -0.051749999999999997 1.2136361047380431 0.6813001393045478 -0.23855110773655988 4.0686190855500008 3.9686137307500005 79.540000000000006 73.248659759358304 -0.21184470355862348 2.514055820105821 17.940000000000001 0.092579662909327828 -0.11144999999999998 332.50000000000006
decision_type=2 2 2 2 2 2 2 2 2 2 2 2 2 2 2
left_child=1 10 3 -3 -5 11 9 8 -8 -7 -1 13 -4 -2 -15
right_child=5 2 12 4 -6 6 7 -9 -10 -11 -12 -13 -14 14 -16
leaf_value=-0.00070528872571040788 0.023290740490070929 -0.019424482333428056 -0.032979061552839473 -0.012475757448934198 0.014225602980644634 0 -0.0049353922139392737 0.018414877550527248 0.0036624151640604458 -0.031871459159680253 0.030633057676560788 0.033090911804723004 0 0.010478748238532159 -0.016979509307698499
leaf_weight=2.8262162581086141 2.8788105938583604 3.4401011765003231 3.2654818110167971 4.6121170334517982 20.391605235636234 3.8693128488957882 101.20003924332559 5.5602482184767714 53.276069968938828 4.5960546638816577 5.383161224424839 2.8078574612736693 2.915815457701683 3.2215666919946662 3.6716679409146309
leaf_count=19 23 23 21 30 131 28 655 35 359 34 37 19 19 26 26
internal_value=7.94923e-06 0.00489784 0.00127815 0.00553372 0.00915076 -0.00113425 -0.00206328 -0.00121295 -0.0019503 -0.0175865 0.0196046 0.0109912 -0.017603 0.00406638 -0.00375151
internal_weight=223.916 42.8345 34.6251 28.4438 25.0037 181.082 168.502 160.036 154.476 8.46537 8.20938 12.5799 6.1813 9.77205 6.89323
internal_count=1485 280 224 184 161 1205 1111 1049 1014 62 56 94 40 75 52
is_linear=0
shrinkage=0.03


Tree=256
num_leaves=18
num_cat=0
split_feature=0 0 227 0 227 215 227 135 224 28 220 58 216 7 191 227 95
split_gain=1.37557 2.62324 2.1409 2.465 5.18616 3.41865 2.02784 2.8111 2.90927 2.61715 2.40901 2.00903 3.17326 2.2602 1.74957 0.909828 0.330677
threshold=20240265.000000004 20231026.000000004 -0.17148710403150855 20210766.000000004 -0.033948491769845227 1.182903100775194 0.096929591812683472 58.492417857142861 -0.21578285994567153 1.5364000000000002 0.13969751179053505 42.496450000000003 1.0421477730164914 4.5000000000000009 3.5665972877011698 -0.14756571408490163 17.159897552700006
decision_type=2 2 2 2 2 2 2 2 2 2 2 2 2 2 2 2 2
left_child=1 2 -1 5 -5 -4 7 8 -2 11 -11 12 -8 -13 -10 -3 -9
right_child=6 15 3 4 -6 -7 9 16 14 10 -12 13 -14 -15 -16 -17 -18
leaf_value=0.019845789158743101 -0.014973794186469784 -0.0017928189321150972 -0.00011530430542137876 0.0016631033259270104 -0.01297532851146598 0.016134795268020582 0.0039187397628387063 0.032919559742297648 0.027065771601006271 0.033555594919981412 0.0001520738876204077 -0.017786498565411646 -0.034523937125711106 0.011719475235109272 0.00078993082739124763 -0.029239969222102511 0.013370118878419364
leaf_weight=4.4163891896605483 4.7111020833253869 1.852623540908098 63.805481590330601 51.074086064472795 37.471241235733032 14.058603696525095 3.0237585846334758 4.5605820808559647 4.4318009316921234 3.0294724553823453 5.6148052141070366 3.5001295376569015 4.6190783753991127 6.4938103649765253 5.0988875702023506 3.8559504821896544 1.9151026234030721
leaf_count=27 28 15 372 329 252 81 25 48 35 29 37 24 27 56 37 45 18
internal_value=7.49939e-06 -0.00119374 -0.000501285 -0.00107089 -0.0045055 0.00279715 0.0045762 0.0115811 0.00381563 -0.000855056 0.0124516 -0.0075796 -0.0190731 0.0010147 0.013474 -0.0210331 0.0278855
internal_weight=223.533 176.534 170.826 166.409 88.5453 77.8641 46.9985 20.7175 14.2418 26.2811 8.64428 17.6368 7.64284 9.99394 9.53069 5.70857 6.47568
internal_count=1485 1121 1061 1034 581 453 364 166 100 198 66 132 52 80 72 60 66
is_linear=0
shrinkage=0.03


Tree=257
num_leaves=13
num_cat=0
split_feature=59 124 191 12 51 227 54 59 143 146 153 112
split_gain=1.40467 2.44085 2.19783 2.04795 2.04449 2.11967 2.02382 2.01621 2.30221 3.48502 3.46382 1.43114
threshold=8.5106500000000018 0.13255000000000003 11.45084313993461 80.265000000000015 12.530000000000001 0.10498348903972131 328.50000000000006 8.0905000000000005 65.666035820000005 3.8462942552416375 9.2821232834391711 0.33985000000000004
decision_type=2 2 2 2 2 2 2 2 2 2 2 2
left_child=3 2 11 7 6 -6 -3 8 10 -10 -1 -2
right_child=1 4 -4 -5 5 -7 -8 -9 9 -11 -12 -13
leaf_value=0.00087057996016505761 -0.036074938161235262 0.0035185972733344094 0.004757400217983012 0.019601315604371145 -0.0064507054654267624 0.021244810758946537 -0.023263234781634876 0.023434787290043439 0.0011984645467301386 -0.01077469254759802 0.017111131949450256 -0.010199334170447031
leaf_weight=77.088730501011014 4.5272743664681929 5.0577587597072142 2.949154630303382 5.0830492824316016 3.897684693336485 6.0368808433413506 4.6551097258925438 3.2737178057432166 57.288346696645021 34.917988542467356 13.970340762287377 4.181750375777483
leaf_count=504 34 39 19 33 24 34 34 20 394 236 85 29
internal_value=9.45819e-06 -0.00585805 -0.0166772 0.000986246 0.000461722 0.0101239 -0.00911774 0.000452695 1.32427e-05 -0.00330996 0.00341116 -0.0242478
internal_weight=222.928 31.3056 11.6582 191.622 19.6474 9.93457 9.71287 186.539 183.265 92.2063 91.0591 8.70902
internal_count=1485 213 82 1272 131 58 73 1239 1219 630 589 63
is_linear=0
shrinkage=0.03


Tree=258
num_leaves=18
num_cat=0
split_feature=207 25 62 161 161 161 194 223 182 42 142 14 112 184 170 28 120
split_gain=1.37389 2.45007 2.27759 3.13226 3.37134 2.27617 2.21727 2.35119 3.43279 2.96536 2.28739 3.17423 2.1979 2.12951 2.35229 1.83355 1.68323
threshold=1.3493160185726731 23.025000000000002 4.1950000000000012 -25.687783406084698 7.5510625236724058 87.673967522828733 -0.33999999999999625 0.27426467785227532 -1.0000000180025095e-35 0.43887550200803221 104.49525081452383 18.440000000000001 -0.010799999999999999 1.3848103524932345 7.41333799479301 0.57840000000000014 0.029250000000000002
decision_type=2 2 2 2 2 2 2 2 2 2 2 2 2 2 2 2 2
left_child=1 5 6 -4 12 13 7 9 -9 -2 -8 -12 -5 14 -1 -6 -3
right_child=2 16 3 4 15 -7 10 8 -10 -11 11 -13 -14 -15 -16 -17 -18
leaf_value=0.00026322038872470899 0.0089489925261982441 0.0025691963337539118 -0.021276913234320519 0.0054846500295004392 0.0067794039283496739 -0.018839435491559232 0.01739721998585388 -0.01054929227194247 0.021089957042643475 -0.018579896453582916 -0.020697438648800696 0.018338716705405402 0.030172656670725977 -0.021287124741036108 0.01084452141463672 -0.023938808046630601 0.03062654145823376
leaf_weight=102.87188627384603 3.8825328797102001 3.9544985350221378 3.4331219419837025 7.112143430858854 3.3624816462397566 4.9941658824682227 6.1600851118564588 8.7381078675389272 4.6369741633534423 24.806533021852374 5.161454264074564 2.7555189579725266 6.5819010678678733 3.4409797824919215 23.24784673191607 3.2548427358269691 4.2342440821230412
leaf_count=668 26 27 22 53 21 27 39 57 30 181 36 18 42 29 154 23 32
internal_value=9.82756e-06 0.00178595 -0.00312459 0.00457781 0.0091777 0.000786841 -0.00643795 -0.00990069 0.000272117 -0.014732 0.00369442 -0.00667734 0.0177009 0.00158046 0.0022445 -0.00801471 0.0176335
internal_weight=222.629 142.744 79.8857 23.7445 20.3114 134.555 56.1412 42.0641 13.3751 28.6891 14.0771 7.91697 13.694 129.561 126.12 6.61732 8.18874
internal_count=1485 937 548 161 139 878 387 294 87 207 93 54 95 851 822 44 59
is_linear=0
shrinkage=0.03


Tree=259
num_leaves=16
num_cat=0
split_feature=31 31 42 130 137 31 40 81 17 136 124 32 216 167 204
split_gain=1.37379 2.38029 3.90655 4.69018 3.02975 2.81581 3.442 3.89553 2.68967 3.24152 2.87455 2.12566 1.69305 0.984753 0.713758
threshold=0.23525000000000004 0.34570000000000006 0.47494779116465868 6453.1850000000004 25.033047141460468 0.40330000000000005 0.52052073170731727 0.32483050900000005 13.06 15.165150000000002 -1.0000000180025095e-35 -0.33179999999999993 0.90070911884351279 -10.297971768065501 0.97358129859696452
decision_type=2 2 2 2 2 2 2 2 2 2 2 2 2 2 2
left_child=12 2 11 4 -4 6 7 -3 10 -10 -7 -2 -1 -14 -13
right_child=1 5 3 -5 -6 8 -8 -9 9 -11 -12 14 13 -15 -16
leaf_value=-0.0053870676907841492 -0.0029635463962101793 -0.012177803465281356 -0.025653905503921194 0.026159699431886764 0.00090777053400554813 -0.012535991916664746 -0.019642280039877901 0.018052470689842327 0.029089809155039233 -0.0025373148388897334 0.023814851116316985 -0.03406034541364425 0.035375699458309907 0.0084464298815475 -0.013120419798569106
leaf_weight=3.1052805595099908 4.90741929039359 4.4300142452120843 5.2872414439916673 4.8569417260587207 12.956794332712887 2.4656003378331661 3.1223391853272906 22.361882781609893 2.8705164678394786 133.43191689997911 7.3458964619785529 6.3964413218200189 2.5172058381140232 3.1740176230669022 2.8376909531652927
leaf_count=20 38 30 33 30 82 19 22 137 17 906 51 37 18 22 23
internal_value=1.0943e-05 -0.000457143 -0.00734641 0.000143136 -0.00672432 0.000986739 0.00936332 0.0129157 -0.000712929 -0.00182842 0.014343 -0.0197067 0.0115745 0.0212803 -0.0281563
internal_weight=222.067 213.271 37.2425 23.101 18.244 176.028 29.9142 26.7919 146.114 136.302 9.8115 14.1416 8.7965 5.69122 9.23413
internal_count=1485 1425 243 145 115 1182 189 167 993 923 70 98 60 40 60
is_linear=0
shrinkage=0.03


Tree=260
num_leaves=19
num_cat=0
split_feature=122 112 214 194 170 74 207 211 218 149 85 104 217 30 39 152 207 31
split_gain=1.341 2.50984 2.56707 3.31096 2.38177 1.93926 3.54621 3.52111 4.09683 3.12676 3.45332 3.4451 3.38352 1.99288 2.1467 1.67197 0.655479 0.512351
threshold=0.55415000000000014 -0.72399999999999987 1.1776275013790738 -2.1349999999999976 4.3876502882654353 4.3426706954000007 0.56844758841086807 0.94943410188064936 0.014733380079468452 0.22852812662788166 1.9737812072000003 -0.67555825714999951 0.0061973802807817622 0.53815789473684228 0.51615000000000011 3.7462240981419979 0.90525752939815829 0.53215000000000012
decision_type=2 2 2 2 2 2 2 2 2 2 2 2 2 2 2 2 2 2
left_child=5 -2 3 4 -3 9 -7 8 -8 13 11 -11 -12 14 -1 -9 -15 -5
right_child=1 2 -4 17 -6 6 7 15 -10 10 12 -13 -14 16 -16 -17 -18 -19
leaf_value=0.0040416328240336736 -0.015691675482072797 -0.004802230527315223 -0.0094603317192144248 0.03678842622182029 0.020284306644551036 -0.020116154885345995 -0.019043696230799378 0.037398612298969125 0.010212076375920403 -0.0025853294428673447 0.0021813613213070384 0.008320331059447246 -0.028244967626147727 -0.015333437573821126 -0.026027057756195751 0.013036309749164383 -0.037251702919013502 0.016014499233847294
leaf_weight=6.3699922785162943 3.9979517012834576 8.3085914235562139 4.9960960410535327 4.7584215663373461 5.4999001659452906 4.2363560423254958 6.483265113085511 3.7157071344554415 12.362247109413145 88.475146731361747 5.3832477852702123 36.782260349020362 7.6692581120878458 3.2431250549852839 3.0161432884633541 10.415937952697275 3.4304019436240196 2.4981234930455685
leaf_count=46 25 54 34 35 38 30 41 20 78 578 35 265 53 20 23 67 24 19
internal_value=9.7339e-06 0.00590326 0.00937806 0.0140114 0.005048 -0.000901898 0.00521141 0.00860675 0 -0.00239746 -0.000914709 0.000597306 -0.015547 -0.014897 -0.00547691 0.0198706 -0.0274266 0.0303595
internal_weight=221.642 30.0591 26.0611 21.065 13.8085 191.583 37.2135 32.9772 18.8455 154.37 138.31 125.257 13.0525 16.0597 9.38614 14.1316 6.67353 7.25655
internal_count=1485 205 180 146 92 1280 236 206 119 1044 931 843 88 113 69 87 44 54
is_linear=0
shrinkage=0.03


Tree=261
num_leaves=14
num_cat=0
split_feature=123 149 198 123 122 173 192 193 219 208 207 17 52
split_gain=1.35761 1.78947 2.23524 3.66895 2.57171 2.95062 2.16614 3.13539 2.95027 2.86474 3.35194 2.26619 2.22261
threshold=0.18315000000000001 0.23195678991656601 0.45000000000000023 0.33325000000000005 0.52915000000000012 -0.01872287784883309 0.2043968402060482 0.073364784643707229 -0.24955288707204901 1.0039094192204867 0.68926387267101763 13.06 0.60862141611308174
decision_type=2 2 2 2 2 2 2 2 2 2 2 2 2
left_child=-1 2 4 -4 5 -2 9 12 -9 10 -3 -11 -8
right_child=1 6 3 -5 -6 -7 7 8 -10 11 -12 -13 -14
leaf_value=0.017871965747985757 0 -0.0011121646301105648 0.025288982735505203 -0.018811423618546316 0.0075988255209114086 -0.028783680753011381 0.005515661190698024 -0.010465246202821177 0.019577661646708162 0.013712777737918838 0.014268070327581511 -0.0046437586077503444 -0.02140236426305488
leaf_weight=3.669106811285018 4.5429465025663402 31.513674670830369 3.919583596289157 2.7849017605185509 3.8450938612222663 9.5629217810928839 6.868531631305812 3.3219275102019337 17.622601844370365 6.2674677465111008 20.950951123610139 101.89440994150937 4.370769839733839
leaf_count=30 34 203 26 19 25 62 50 23 114 48 143 681 27
internal_value=8.20566e-06 -0.000287481 -0.0078903 0.00652247 -0.0134458 -0.0194066 0.000672758 0.0077719 0.014643 -0.000734944 0.00498809 -0.00354069 -0.00478416
internal_weight=221.135 217.466 24.6554 6.70449 17.951 14.1059 192.81 32.1838 20.9445 160.627 52.4646 108.162 11.2393
internal_count=1485 1455 166 45 121 96 1289 214 137 1075 346 729 77
is_linear=0
shrinkage=0.03


Tree=262
num_leaves=20
num_cat=0
split_feature=0 0 55 55 203 122 134 110 135 227 135 177 224 210 36 14 69 187 46
split_gain=1.35096 2.54516 2.75623 2.44725 2.0414 2.23138 2.53339 2.09919 2.03982 1.91009 2.71163 3.25072 3.61552 2.05316 2.32519 2.20817 0.908752 0.479322 0.339426
threshold=20240265.000000004 20230613.500000004 20230766.000000004 20231022.000000004 8.3067678450369637 0.56250000000000011 8.5000000000000018 7675.9500000000007 56.009715476190486 0.096929591812683472 58.492417857142861 -1.2460780873563317 -0.079163974662701198 0.66399556525892467 -0.11219999999999998 15.185 -0.40602590709999992 0.45417826361526675 24.019541666666669
decision_type=2 2 2 2 2 2 2 2 2 2 2 2 2 2 2 2 2 2 2
left_child=1 4 17 8 5 7 -7 -1 -4 10 11 -2 -13 -11 -15 -16 -5 -3 -12
right_child=9 2 3 16 -6 6 -8 -9 -10 13 18 12 -14 14 15 -17 -18 -19 -20
leaf_value=-0.0027771348632288609 0.030060974239276565 -0.033394292866867348 -0.0041643674509314653 -0.031692422066688909 -0.020256568684978833 0.033865211000635755 0.0043321700319461122 0.0056715020529068553 0.031753888568476753 -0.017643796477824474 0.013414594425713198 -0.017644117727141712 0.017391182845250153 -0.019096802414868139 -0.010334169094804693 0.013971732546904595 -0.0035797708399718507 -0.010918290294272236 0.032997290947953603
leaf_weight=103.6839644741267 3.1819416023790845 4.5399056747555759 3.1061502657830697 2.2657604850828656 4.2618806548416606 3.4490529112517825 11.329105060547588 35.336652280762792 2.3253660015761852 5.1234792340546873 1.9754739608615626 6.6962147057056427 4.1979620605707169 3.3080234639346662 4.2736104130744925 13.247839277610181 2.3775592800229779 1.7606793567538259 4.3502155989408493
leaf_count=624 26 48 27 24 30 23 74 215 14 35 21 42 32 21 30 112 24 18 45
internal_value=8.54304e-06 -0.00118796 -0.0124091 -0.00227842 0 0.000555295 0.0116078 -0.000605539 0.0109668 0.00456851 0.0114223 0.00377337 -0.00383535 -0.000727347 0.00335472 0.00784809 -0.0183091 -0.0278509 0.0276525
internal_weight=220.791 174.436 16.3754 10.0748 158.061 153.799 14.7782 139.021 5.43152 46.3548 20.4018 14.0761 10.8942 25.953 20.8295 17.5214 4.64332 6.30059 6.32569
internal_count=1485 1121 155 89 966 936 97 839 41 364 166 100 74 198 163 142 48 66 66
is_linear=0
shrinkage=0.03


Tree=263
num_leaves=7
num_cat=0
split_feature=71 144 144 217 216 197
split_gain=1.34538 1.65275 3.02092 1.77223 1.64049 1.62469
threshold=2.4438634891000004 7.0219434798669953 5.6873529139557748 -0.29956691727986345 0.98004836159089592 2.5499999999999985
decision_type=2 2 2 2 2 2
left_child=-1 2 3 4 -2 -5
right_child=1 -3 -4 5 -6 -7
leaf_value=0.014852319791802491 -0.0005302137016711477 -0.018028200139934166 0.028153265889675389 -0.00069711610850702467 -0.032408262455333167 0.009537418678508356
leaf_weight=5.2701899688690892 3.2517649829387656 4.5568570345640174 3.284923840314149 186.01305940933526 2.8572320677340031 14.987486124038695
leaf_count=37 21 36 20 1249 23 99
internal_value=7.43933e-06 -0.000349315 2.77158e-05 -0.000417272 -0.0162049 5.54611e-05
internal_weight=220.222 214.951 210.394 207.11 6.109 201.001
internal_count=1485 1448 1412 1392 44 1348
is_linear=0
shrinkage=0.03


Tree=264
num_leaves=24
num_cat=0
split_feature=93 25 159 58 51 136 1 162 61 173 212 120 141 170 200 143 23 88 208 27 11 36 16
split_gain=1.34321 3.22112 4.25248 3.32106 3.26748 3.1465 3.70504 3.5742 3.74455 3.04796 3.16869 2.99443 3.66211 2.80746 3.28017 2.4497 2.64546 2.44806 2.41347 1.97388 1.92018 1.71459 1.04606
threshold=-0.19458971539999995 18.975000000000005 37.899351684556827 101.00750000000001 1.1650000000000003 49.207925000000003 5.5950000000000006 0.20240372197112375 44.800000000000004 -0.071221008041122011 0.44850000000000007 0.18605000000000002 2.9705750000000006 0.61180585624422268 -0.87 71.80712604 18.060000000000006 0.075019965050000012 1.1699922569346672 0.56396178610288816 -0.062899999999999998 0.95909436257390124 16.875000000000004
decision_type=2 2 2 2 2 2 2 2 2 2 2 2 2 2 2 2 2 2 2 2 2 2 2
left_child=1 2 9 11 -4 6 22 8 -8 10 -1 12 -3 14 18 19 -17 -11 -7 -15 -6 -13 -2
right_child=5 3 4 -5 20 13 7 -9 -10 17 -12 21 -14 15 -16 16 -18 -19 -20 -21 -22 -23 -24
leaf_value=0.006595141247488715 0.0056478980073899716 0.014936409937099712 -0.01122727318970544 -0.021913522952578361 0.02831458062196289 0 -0.00076693534798308457 0.02774185224549101 -0.016213489733211153 0 -0.020335815002279857 0.033855865727320036 -0.015374248769177812 0.033586894773719018 0.01725320447668845 0.012154920100712428 -0.01360502755846207 -0.02476669199192132 -0.031606806275934617 0.0039745141615225351 1.7994806816900264e-05 0.0046094227335776406 0.033455807177218896
leaf_weight=11.009538432583215 2.5025126188993445 7.8142590485513264 5.7883896678686133 3.3017198592424384 5.4966868814080945 4.5939722992479783 67.424864506348968 3.1855619847774497 17.934606321156025 4.2828514277935055 5.933328215032815 5.4004527628421766 6.4377493783831596 7.2477756161242706 4.3153313361108294 18.195256717503074 4.2757553793489924 17.75075064599514 3.8693941459059715 3.1736985146999359 3.8621350154280654 3.1217848584055901 3.1458547189831734
leaf_count=82 20 47 33 21 37 30 438 19 123 28 41 36 44 45 31 134 30 120 29 23 26 21 27
internal_value=6.35994e-06 -0.00307288 -0.00726579 0.00550991 0.006062 0.00179439 -0.00131242 -0.00285457 -0.00406264 -0.0125243 -0.00272394 0.00969522 0.00102408 0.00825636 -0.00347413 0.0129013 0.00708188 -0.0198785 -0.014471 0.0249775 0.0170781 0.0236682 0.02197
internal_weight=220.064 80.1996 54.1237 26.076 15.1472 139.865 94.1934 88.545 85.3595 38.9765 16.9429 22.7742 14.252 45.6712 12.7787 32.8925 22.471 22.0336 8.46337 10.4215 9.35882 8.52224 5.64837
internal_count=1485 536 367 169 96 949 627 580 561 271 123 148 91 322 90 232 164 148 59 68 63 57 47
is_linear=0
shrinkage=0.03


Tree=265
num_leaves=18
num_cat=0
split_feature=223 111 116 201 93 117 210 130 127 111 164 54 223 163 59 227 223
split_gain=1.34813 3.38416 2.45944 2.09051 3.06409 1.98214 3.25336 2.79159 2.85294 2.65543 4.20943 3.22863 2.34598 1.65058 1.47369 1.06982 0.917324
threshold=0.30100528786915554 0.26945000000000002 -0.018849999999999995 -4.1199999999999992 0.29180834910000003 -0.030849999999999995 1.3680981586917509 14267.445000000002 12011.440000000001 0.16035000000000002 -466.02556058373017 333.50000000000006 0.25695215083010908 20.223475569974386 5.0107000000000008 0.043554948689055496 0.31215799729705562
decision_type=2 2 2 2 2 2 2 2 2 2 2 2 2 2 2 2 2
left_child=5 16 14 -4 -5 9 7 8 -7 -1 -11 -12 13 -8 -3 -9 -2
right_child=1 2 3 4 -6 6 12 15 -10 10 11 -13 -14 -15 -16 -17 -18
leaf_value=-0.025981181628325248 0.034920621032783532 0.0318895639706765 -0.024208356865763073 -0.0061338768438263898 0.025093181604772686 0.002478242018906637 -0.014566652015960075 -0.029782921164923908 0.019325754343114843 0.02945396963792422 -0.00057587873218339881 -0.015576434313013983 -0.033371716616927949 0.016221070399966734 0 -0.0025174977982810199 0.009646758212349095
leaf_weight=4.9432528764009467 3.7053979542106381 3.0654655247926739 3.6742399446666267 13.128102090209724 3.4925876017659894 90.112378178164363 4.2003770489245635 2.8812069483101359 10.071923580020664 3.239171538501977 44.46697835251689 18.369406815618277 3.7114937640726566 2.3174650147557259 2.4264777656644583 2.7927864119410515 2.7150514405220747
leaf_count=34 29 30 24 87 26 588 34 23 59 19 296 134 23 18 19 20 22
internal_value=9.05383e-06 0.00568183 0.00067686 -0.00403817 0.000359429 -0.000953911 0.00144122 0.00303022 0.00421949 -0.00490771 -0.00324895 -0.00502655 -0.0145822 -0.00308684 0.0183979 -0.0171583 0.0250049
internal_weight=219.314 32.2073 25.7869 20.2949 16.6207 187.106 116.088 105.858 100.184 71.0188 66.0756 62.8364 10.2293 6.51784 5.49194 5.67399 6.42045
internal_count=1485 237 186 137 113 1248 765 690 647 483 449 430 75 52 49 43 51
is_linear=0
shrinkage=0.03


Tree=266
num_leaves=16
num_cat=0
split_feature=0 0 185 123 185 11 55 62 106 49 69 97 76 227 211
split_gain=1.35218 2.42614 2.06007 2.25225 2.51684 1.89373 3.40623 2.47578 3.9246 3.86453 3.02931 2.46402 1.53126 0.908573 0.619298
threshold=20240265.000000004 20231026.000000004 -6.9861753225579211 0.18315000000000001 -0.53459178022030296 -0.042349999999999992 20250806.500000004 3.9750000000000005 26.800000000000001 22.550000000000001 2.1299916789000002 0.51658447060000012 1.1408299033500002 -0.14756571408490163 0.844938870301985
decision_type=2 2 2 2 2 2 2 2 2 2 2 2 2 2 2
left_child=1 2 -1 -4 -5 7 12 8 10 -10 -2 -9 -7 -3 -13
right_child=5 13 3 4 -6 6 -8 11 9 -11 -12 14 -14 -15 -16
leaf_value=-0.020645593011581802 0.023267064028262771 -0.0013793942434640728 0.027518674985262268 0.0068675109536931378 -0.0023688665717948145 -0.0099865110262576801 -0.032129405968611899 -0.0048436120535707778 -0.032471469702144269 0.001305148266650436 -0.0091790181563973176 0.011721824125286166 0.024250911321625226 -0.029109416529341167 0.03449403658038272
leaf_weight=4.3578161410987368 9.7431685663759726 1.8232676833868025 2.538268230855464 33.402922680601478 127.17359640449286 2.0401070807129136 3.1902235262095928 2.4224097821861488 3.9880648441612712 11.37400105781853 3.297995187342166 2.0796235743910074 2.3401158768683672 3.6735452078282824 5.3715511336922646
leaf_count=34 89 15 19 214 794 17 18 19 24 77 23 19 26 45 52
internal_value=8.56406e-06 -0.00119226 -0.000524221 7.2859e-06 -0.000425778 0.00459698 -0.00885347 0.00735154 0.00270359 -0.0074227 0.014826 0.0202603 0.0077681 -0.0206365 0.028775
internal_weight=218.817 172.969 167.473 163.115 160.577 45.8473 7.57045 38.2768 28.4032 15.3621 13.0412 9.87358 4.38022 5.49681 7.45117
internal_count=1485 1121 1061 1027 1008 364 61 303 213 101 112 90 43 60 71
is_linear=0
shrinkage=0.03


Tree=267
num_leaves=15
num_cat=0
split_feature=10 197 191 184 59 59 170 186 193 146 192 228 35 27
split_gain=1.30651 1.55974 3.01622 3.07247 4.61473 3.72743 2.83357 2.57672 2.8777 3.11874 2.58856 3.55867 3.47459 2.00168
threshold=1.3200000000000003 -0.37499999999999994 5.9574356326500633 -0.19330829548160919 2.2559 4.2313000000000009 29.413413532773596 0.30650422226418172 0.34100351431001236 4.4197123004958021 0.061222361524251166 0.75903632031386115 0.6474608781285206 0.41875000000000007
decision_type=2 2 2 2 2 2 2 2 2 2 2 2 2 2
left_child=1 7 3 4 -3 -5 13 10 9 -9 12 -12 -1 -4
right_child=-2 2 6 5 -6 -7 -8 8 -10 -11 11 -13 -14 -15
leaf_value=-0.019380793451013921 -0.018555458419894866 0.015435676766732047 0.00028113093064776159 0.015831809749911087 -0.017391397794346623 0.00024787796111251518 0.016918916815310561 0.01233545773723646 -0.021038824981221418 -0.0040829967601373448 0.012149674396770092 -0.0060058663258193987 0.013892670993854396 -0.021520283159632191
leaf_weight=18.000862659886483 3.2549189552664748 5.9075046218931702 5.8535125330090549 33.089056171476841 10.441864328458903 24.346175374463201 3.327016830444335 26.266393495723605 3.7667080648243418 16.787558898329735 12.45833747088909 42.21714573353529 3.164406854659318 9.408741479739545
leaf_count=125 22 39 45 231 70 167 21 178 25 109 83 278 22 70
internal_value=7.21839e-06 0.000310635 0.00326491 0.00600795 -0.00532591 0.00929 -0.00743612 -0.00189058 0.00360052 0.00586944 -0.00532032 -0.00179955 -0.0142231 -0.0130161
internal_weight=218.29 215.035 92.3739 73.7846 16.3494 57.4352 18.5893 122.661 46.8207 43.054 75.8408 54.6755 21.1653 15.2623
internal_count=1485 1463 643 507 109 398 136 820 312 287 508 361 147 115
is_linear=0
shrinkage=0.03


Tree=268
num_leaves=18
num_cat=0
split_feature=223 111 116 28 214 114 211 206 31 172 34 210 52 167 225 59 26
split_gain=1.29462 3.25809 2.34828 2.00253 3.05144 2.59463 1.98433 2.67989 2.60006 3.25014 2.68812 2.63639 3.71075 2.28676 1.77567 1.40557 0.90476
threshold=0.30100528786915554 0.26945000000000002 -0.018849999999999995 1.5780000000000003 0.9554982143035452 0.57500000000000007 1.4331643649807122 1.3973577994879698 0.63395000000000012 0.15968936902035982 0.46216355932203396 1.3680981586917509 0.77995000000000003 27.948860254714525 0.4958333333333334 5.0107000000000008 13.685
decision_type=2 2 2 2 2 2 2 2 2 2 2 2 2 2 2 2 2
left_child=6 16 15 4 -4 -5 8 -8 11 10 -10 12 -1 -13 -11 -3 -2
right_child=1 2 3 5 -6 -7 7 -9 9 14 -12 13 -14 -15 -16 -17 -18
leaf_value=-0.0011766018429763944 0.0090437702466428065 0.031571836562685029 0.012009550206370444 0.02309137885923639 -0.022640356553770054 -0.008158472797269176 0.030069868781776012 -0.0064431642924732023 0.007165173729807261 -0.015872776939087299 -0.024358402530395552 -0.022890424611727609 0.011617897108851775 0.0084749751473269016 0.010276158533181893 0 0.03445370765066668
leaf_weight=117.19231454469264 2.599135501310232 2.9878738652914825 3.0152313858270627 4.2880355622619373 7.8362266421318054 4.993125282227993 4.0963252522051325 2.929228413850069 2.7617656067013803 3.1980630941688997 13.253545273095368 7.6976218614727241 24.542365532368422 2.6342503502964973 7.6912604421377182 2.4151349067687988 3.7041085492819548
leaf_count=770 19 30 23 30 55 29 33 21 20 30 96 57 152 20 49 19 32
internal_value=6.64276e-06 0.00560025 0.000678345 -0.00392894 -0.0127167 0.00605188 -0.000937244 0.0145484 -0.00156967 -0.0101483 -0.0187254 -2.64977e-05 0.00102433 -0.0146012 0.00224898 0.0181505 0.0247493
internal_weight=217.836 31.8389 25.5356 20.1326 10.8515 9.28116 185.997 7.02555 178.971 26.9046 16.0153 152.067 141.735 10.3319 10.8893 5.40301 6.30324
internal_count=1485 237 186 137 78 59 1248 54 1194 195 116 999 922 77 79 49 51
is_linear=0
shrinkage=0.03


Tree=269
num_leaves=19
num_cat=0
split_feature=0 0 56 216 9 197 203 42 123 0 24 222 29 213 52 143 187 13
split_gain=1.28903 2.36523 2.65513 2.25292 2.72725 2.58127 2.45604 2.68418 2.2238 2.6226 1.87601 1.82597 2.31003 2.7881 2.35906 1.11764 0.466146 0.255422
threshold=20240265.000000004 20230613.500000004 20230728.500000004 0.81238032609326349 -0.054999999999999993 -2.9249999999999994 8.3067678450369637 0.51502811244979929 0.24410000000000001 20231026.000000004 56.465000000000011 0.87574621987886192 0.072400000000000006 1.055100174492406 1.0511000000000001 91.305112905000016 0.45417826361526675 18.975000000000005
decision_type=2 2 2 2 2 2 2 2 2 2 2 2 2 2 2 2 2 2
left_child=1 3 16 4 5 -1 7 -5 9 -4 17 12 14 -14 -12 -10 -3 -2
right_child=10 2 8 6 -6 -7 -8 -9 15 -11 11 -13 13 -15 -16 -17 -18 -19
leaf_value=-0.00026393343421665514 0.030992506406304 -0.033135437318968446 0.027553597059731105 -0.0028261316552276321 -0.0088231577035651071 0.027927321077688042 -0.026315373962749789 0.0074834028010826014 -0.031556532108666116 -0.012300627142790241 0.0028752430791887181 -0.017106824695802204 0.031494461863535876 0.0035792611644392294 -0.022964871928124703 0 -0.010662962233174193 0.010893612216449548
leaf_weight=4.2865882292389879 2.3728818055242291 4.3802134059369555 3.2057657688856107 107.41101742349565 4.5805047862231723 7.8625344224274167 3.3470106013119212 28.664610996842384 2.4189097676426172 2.4986936636269093 19.466164300218228 3.7235877811908713 5.1600752342492333 9.1365448106080276 3.6811162941157809 1.7382060587406156 1.7268356494605539 1.7094244509935377
leaf_count=25 29 48 21 662 30 53 25 171 26 24 164 22 44 65 24 18 18 16
internal_value=8.85536e-06 -0.00116226 -0.0121224 -1.51987e-05 0.010334 0.0178147 -0.00128504 -0.000628476 -0.00209369 0.00966846 0.00452241 0.00248957 0.00455861 0.0140118 -0.00118618 -0.0187866 -0.0275386 0.0237553
internal_weight=217.371 172.121 15.9686 156.152 16.7296 12.1491 139.423 136.076 9.86158 5.70446 45.2498 41.1675 37.4439 14.2966 23.1473 4.15712 6.10705 4.08231
internal_count=1485 1121 155 966 108 78 858 833 89 45 364 319 297 109 188 44 66 45
is_linear=0
shrinkage=0.03


Tree=270
num_leaves=14
num_cat=0
split_feature=31 31 42 129 195 31 41 80 136 135 32 47 44
split_gain=1.28379 2.17373 3.62774 4.56327 2.79533 2.64835 3.13086 3.36697 2.48834 2.83747 2.0101 1.7949 0.621141
threshold=0.23525000000000004 0.34570000000000006 0.47494779116465868 6328.3050000000012 -3.499999999999996 0.40330000000000005 0.52052073170731727 0.36085604740000005 15.165150000000002 73.681434523809543 -0.33179999999999993 6.2800000000000002 7.3150000000000004
decision_type=2 2 2 2 2 2 2 2 2 2 2 2 2
left_child=11 2 10 4 -4 6 7 -3 -7 -10 -2 -1 -12
right_child=1 5 3 -5 -6 8 -8 -9 9 -11 12 -13 -14
leaf_value=0.030151914205816331 -0.0026945028766866973 -0.009909703325855156 -0.019954836184928659 0.02589009871205997 0.0036660886047797619 0.026191035041882197 -0.01901174745584076 0.017644004070084155 -0.0045458441034432247 0.0043323308179797643 -0.013286581636988534 0.00082147392955306145 -0.03328461753706697
leaf_weight=2.8972735255956632 4.7817901186645022 4.6787405274808469 7.9215997159481075 4.8161169327795497 9.8649366423487681 2.9167644493281832 3.003731880336999 21.487603217363358 89.382086062803864 50.44380278326571 2.822917088866232 5.6448752209544182 6.1511570662260056
leaf_count=23 38 33 54 30 61 18 22 134 606 369 19 37 41
internal_value=7.00175e-06 -0.000449074 -0.00711262 0.000164799 -0.006739 0.000946102 0.00917416 0.012584 -0.000719582 -0.00132069 -0.0192018 0.0113505 -0.0275403
internal_weight=216.813 208.271 36.3585 22.6027 17.7865 171.913 29.1701 26.1663 142.743 139.826 13.7559 8.54215 8.97407
internal_count=1485 1425 243 145 115 1182 189 167 993 975 98 60 60
is_linear=0
shrinkage=0.03


Tree=271
num_leaves=20
num_cat=0
split_feature=141 62 93 157 62 141 68 142 200 116 227 126 135 93 211 75 223 162 81
split_gain=1.28121 3.5726 3.33093 4.32544 2.69517 3.36953 5.16482 4.3465 2.54013 3.29952 2.98055 3.31283 2.96267 2.3651 3.83117 3.57632 2.13351 2.56788 1.68779
threshold=2.6499250000000001 5.1450000000000005 0.17581239010000002 14.308965625851515 2.8950000000000005 1.8421000000000003 1.5064360943000001 384.1970664482501 -3.2549999999999986 0.44360000000000005 -0.16597648117630542 0.51400000000000012 82.032485672514639 0.75759849335000018 0.9239684102679937 0.26668131294000003 0.26464100545803698 0.026522517734665348 1.0920852410500002
decision_type=2 2 2 2 2 2 2 2 2 2 2 2 2 2 2 2 2 2 2
left_child=1 4 8 18 5 7 -7 -1 9 12 -10 -12 -2 15 -15 -5 17 -6 -4
right_child=2 -3 3 13 16 6 -8 -9 10 -11 11 -13 -14 14 -16 -17 -18 -19 -20
leaf_value=-0.0056928078703896027 -0.027645947246557084 0.032823819706936604 0 0.0048464157222953066 0.0022635483998066962 -0.0067481881642002303 0.021515605218768101 0.0298071193592746 0.025661548359481375 0.005776764194728827 -0.01103708530458258 0.0026313097036176252 0.000525421576916841 -0.013452893732330422 0.01026298678950403 0.032054583600539324 0.011085154747560024 -0.027165342180524018 -0.033129284062411689
leaf_weight=29.136912986636162 12.748338047415023 3.3948359042406073 2.4104375541210166 11.418573876842858 3.9702081233262998 8.3050935100764054 18.046068079769611 3.3618229776620856 3.1648732759058467 5.509607881307601 29.423286195844412 34.114369217306376 4.2644336409866801 9.4244014695286769 16.964890975505114 7.3051228858530513 3.1153247766196719 6.9919367153197527 3.3587718680500984
leaf_count=197 92 18 19 84 26 64 116 22 22 37 210 229 28 64 122 39 20 52 24
internal_value=6.50865e-06 0.00314524 -0.00168291 0.00440527 0.00167953 0.00453693 0.0125025 -0.00184833 -0.00518944 -0.0139024 -0.00218616 -0.00365856 -0.0204474 0.00759069 0.00166127 0.0157351 -0.0100017 -0.0163116 -0.0196973
internal_weight=216.429 76.3222 140.107 50.8822 72.9274 58.8499 26.3512 32.4987 89.2249 22.5224 66.7025 63.5377 17.0128 45.113 26.3893 18.7237 14.0775 10.9621 5.76921
internal_count=1485 515 970 352 497 399 180 219 618 157 461 439 120 309 186 123 98 78 43
is_linear=0
shrinkage=0.03


Tree=272
num_leaves=7
num_cat=0
split_feature=71 144 144 217 201 143
split_gain=1.28878 1.55752 2.71433 1.6789 1.93907 1.57305
threshold=2.4438634891000004 7.0219434798669953 5.6873529139557748 -0.29956691727986345 0.24500000000000102 58.822781242500007
decision_type=2 2 2 2 2 2
left_child=-1 2 3 4 -2 -5
right_child=1 -3 -4 5 -6 -7
leaf_value=0.014618882670114257 -0.030646202108393101 -0.017749277507864963 0.0271086139018973 0.0034785925759554096 0.0025479078555077825 -0.0020320907072693783
leaf_weight=5.2097968142479649 3.3821812272071829 4.4290440417826167 3.1800544559955588 75.440993720665574 2.5969638414680958 121.57552981749177
leaf_count=37 25 36 20 505 19 843
internal_value=8.47733e-06 -0.000345474 2.22728e-05 -0.000400419 -0.0159305 6.35189e-05
internal_weight=215.815 210.605 206.176 202.996 5.97915 197.017
internal_count=1485 1448 1412 1392 44 1348
is_linear=0
shrinkage=0.03


Tree=273
num_leaves=20
num_cat=0
split_feature=0 0 39 52 156 122 134 190 99 190 27 11 124 76 223 135 217 58 121
split_gain=1.30086 2.28532 2.05113 2.17516 1.97309 1.9529 2.63258 2.15871 3.58641 3.21844 2.01178 1.80148 3.24506 2.19209 2.1182 2.99779 0.919194 0.806365 0.561447
threshold=20240265.000000004 20230527.500000004 0.47624243572960884 0.13865000000000002 4.2898687861870011 0.56250000000000011 8.5000000000000018 0.097993077078423071 1.1323441013280002 -1.7038486910500497 0.58770334144763892 -0.042349999999999992 0.5534 8.3800949742000004 0.23520468460143193 58.492417857142861 0.18775532332651504 24.992050000000003 -0.069349999999999981
decision_type=2 2 2 2 2 2 2 2 2 2 2 2 2 2 2 2 2 2 2
left_child=1 5 3 4 -3 7 -7 9 -9 -1 -8 13 16 14 18 -16 -13 -4 -2
right_child=11 2 17 -5 -6 6 10 8 -10 -11 -12 12 -14 -15 15 -17 -18 -19 -20
leaf_value=-0.0066126644971543965 0.011554974095272699 -0.02753231126551197 -0.0045999489971348595 0.011459749013083522 0.0058305305311251235 0.033361913187840854 0.011068779264495399 -0.006978586251898628 0.010340876343860566 0.0084021576145214029 -0.016331309458178192 0.01799436373963657 -0.03397302309515364 -0.01399428406970238 -0.004779975534304131 0.014769882496741151 -0.0077782099716432662 -0.031907834260975695 0.034486153094507643
leaf_weight=19.101784363389015 2.1706840433180332 4.0491765066981333 1.6273682788014401 4.7507728114724159 2.3351077809929848 3.3513680770993224 8.3448636494576913 68.939471492543817 12.53583178296685 37.973461620509624 3.2283401414751998 2.6077860482037059 2.7676115147769451 3.7227363102138034 12.233839141204955 15.935500178486107 2.0355464145541191 4.5121806561946869 3.4649509172886601
leaf_count=119 18 39 18 35 18 23 53 430 74 229 22 27 17 27 87 143 17 61 28
internal_value=8.13971e-06 -0.00117358 -0.0114857 -0.00342231 -0.0149652 0 0.0102673 -0.00111942 -0.00426762 0.00332179 0.00309411 0.00455747 -0.00869495 0.00727043 0.00973504 0.00618646 0.00613791 -0.0253401 0.0265322
internal_weight=215.688 170.75 17.2746 11.1351 6.38428 153.475 14.9246 138.551 81.4753 57.0752 11.5732 44.9387 7.41094 37.5277 33.805 28.1693 4.64333 6.13955 5.63563
internal_count=1485 1121 171 92 57 950 98 852 504 348 75 364 61 303 276 230 44 79 46
is_linear=0
shrinkage=0.03


Tree=274
num_leaves=18
num_cat=0
split_feature=197 215 16 88 208 55 208 26 154 224 162 122 30 36 122 111 40
split_gain=1.25817 3.21197 3.21509 3.34773 3.79176 3.02865 2.79426 2.51243 2.95047 2.56984 4.01611 2.26282 2.2588 1.40363 1.18621 0.51435 0.361744
threshold=-1.1249999999999998 0.82178391422802954 21.975000000000005 10.485329840000002 1.0039094192204867 20210805.500000004 1.9710813647215466 12.875000000000002 91.696933926845972 0.35721494999500658 0.082487862138039519 0.52085000000000015 0.43552631578947371 0.27823935755045365 0.47085000000000005 0.28615000000000007 0.031724238227146803
decision_type=2 2 2 2 2 2 2 2 2 2 2 2 2 2 2 2 2
left_child=7 14 3 4 -3 13 -7 -1 9 10 -9 -11 -10 -4 -2 -14 -16
right_child=1 2 5 -5 -6 6 -8 8 12 11 -12 -13 15 -15 16 -17 -18
leaf_value=0.016274544189294329 0.00046017330887610636 0.0071237497124637169 0.035165805550863315 -0.025006092984194733 -0.0051359121255406979 0.0096756896090249671 -0.013542508493400477 -0.0085922572190714006 0 -0.0016236794521803648 0.014018698645064198 0.030529445610354915 -0.017179385654178338 0.011141643598364037 0.034209965575890476 -0.036379941785463804 0.01432687342047651
leaf_weight=5.3387308306992045 2.3123259469866735 35.25699601508677 4.5017750300467032 5.3060638383030883 63.130132097750902 15.025296218693258 6.5900412015616885 39.247888024896383 3.9138034097850305 3.6977055855095378 8.4454154614359123 3.7278116978704929 3.4870104528963566 5.4092169888317585 3.4493326283991337 4.0245923697948456 2.2435862328857183
leaf_count=37 18 245 28 34 436 109 48 263 26 25 59 23 27 30 28 30 19
internal_value=7.57522e-06 0.00164667 0.000523945 -0.00200451 -0.000709433 0.00891519 0.00242905 -0.00321435 -0.004845 -0.00189422 -0.00450464 0.0143106 -0.01868 0.0225958 0.0200005 -0.0282037 0.0272745
internal_weight=215.108 143.225 135.22 103.693 98.3871 31.5263 21.6153 71.883 66.5442 55.1188 47.6933 7.42552 11.4254 9.91099 8.00524 7.5116 5.69292
internal_count=1485 995 930 715 681 215 157 490 453 370 322 48 83 58 65 57 47
is_linear=0
shrinkage=0.03


Tree=275
num_leaves=21
num_cat=0
split_feature=0 0 55 216 26 174 140 24 200 55 24 177 11 62 55 176 77 154 187 223
split_gain=1.26483 2.18576 2.48219 2.17337 2.61209 2.4635 3.56813 2.83986 2.20268 2.08601 1.77064 1.77435 1.88735 3.57456 1.7714 1.62149 1.42306 1.38826 0.46283 0.28801
threshold=20240265.000000004 20230613.500000004 20230766.000000004 0.79162124162612868 14.06 1.4274717068808183 3.3310750000000007 71.685000000000016 -2.2549999999999986 20231022.000000004 56.465000000000011 -1.4869540757236031 -0.042349999999999992 3.9750000000000005 20250806.500000004 -0.47724556208581642 -0.17559586484999998 49.541209573313409 0.45417826361526675 0.27818317980397306
decision_type=2 2 2 2 2 2 2 2 2 2 2 2 2 2 2 2 2 2 2 2
left_child=1 3 18 4 8 7 -7 -5 -1 17 19 15 13 -13 -14 -12 -11 -4 -3 -2
right_child=10 2 9 5 -6 6 -8 -9 -10 16 11 12 14 -15 -16 -17 -18 -19 -20 -21
leaf_value=0.013212454644337504 0.030937622159139231 -0.032839180317526862 -0.003319034004524143 -0.0015126112568768215 0.027687800389082494 0.0096324509896829717 -0.027015438237283699 0.013204987123669132 -0.01868252639264642 -0.031414404694613797 -0.0016788713930950805 -0.0033062235168186088 0 0.020460996937036957 -0.033194018130610431 0.028539987908298144 0.0015022579503953125 0.026400604070192044 -0.01008113214516341 0.0099948672159281184
leaf_weight=4.8073147088289261 2.3313591331243511 4.1869661528617135 2.7956104129552823 117.76424434408545 5.266906663775444 3.3532671928405744 7.1630299612879753 13.011284045875071 3.1261601448059064 2.5711623802781096 2.3223497103899717 21.349307250231504 2.726620331406596 7.5993546787649384 2.6702737361192703 3.9631756022572509 1.8087980262935168 2.4506205432116985 1.665610786527395 1.6597740128636358
leaf_count=31 28 48 25 719 35 21 52 89 19 31 19 151 26 67 15 41 17 16 18 17
internal_value=9.14473e-06 -0.00115737 -0.0118686 -5.78054e-05 0.0115157 -0.00116767 -0.0150665 -1.64159e-05 0.000194791 -0.00208902 0.00451224 0.0025285 -8.44169e-05 0.00287863 -0.016287 0.0170536 -0.017421 0.0102366 -0.0271445 0.0234187
internal_weight=214.593 169.971 15.4788 154.492 13.2004 141.292 10.5163 130.776 7.93347 9.62619 44.6222 40.6311 34.3456 28.9487 5.39689 6.28553 4.37996 5.24623 5.85258 3.99113
internal_count=1485 1121 155 966 85 881 73 808 50 89 364 319 259 218 41 60 48 41 66 45
is_linear=0
shrinkage=0.03


Tree=276
num_leaves=12
num_cat=0
split_feature=123 197 32 19 119 12 85 206 26 12 148
split_gain=1.2755 1.51934 2.58441 2.69039 3.42366 2.8307 2.52347 3.39604 3.30921 2.84505 2.74828
threshold=0.18315000000000001 -1.1249999999999998 -1.0449999999999997 22.275000000000002 0.32215000000000005 57.900000000000013 -0.93743302085000002 0.5857991478569663 12.875000000000002 70.790000000000006 1.0133975529153343
decision_type=2 2 2 2 2 2 2 2 2 2 2
left_child=-1 6 -3 5 -5 -4 7 -2 -8 -9 -10
right_child=1 2 3 4 -6 -7 8 9 10 -11 -12
leaf_value=0.017747454047441429 -0.02194222571962183 0.024433493535719157 0.016799800957330691 -0.0022745832968042918 0.021370329842261667 -0.002316075878379772 0.018374377796994527 0.0014302342193750811 -0.0037790249998998601 0.030025199891098843 -0.018611296668168156
leaf_weight=3.4924610927700988 2.9658846706151989 4.1986393798142663 7.3370066285133353 9.8965091109275836 11.731303501874207 107.13720043562353 4.0792121812701216 8.2732754014432413 31.658580774441361 5.1958325989544383 18.00862623937428
leaf_count=30 20 32 51 69 79 743 28 59 226 31 117
internal_value=8.97024e-06 -0.000279401 0.00150785 0.000761161 0.0104521 -0.0010511 -0.00389206 0.00627226 -0.00706177 0.0128221 -0.00924387
internal_weight=213.975 210.482 140.301 136.102 21.6278 114.474 70.1814 16.435 53.7464 13.4691 49.6672
internal_count=1485 1455 974 942 148 794 481 110 371 90 343
is_linear=0
shrinkage=0.03


Tree=277
num_leaves=14
num_cat=0
split_feature=173 72 211 218 188 80 216 148 10 125 92 205 173
split_gain=1.24941 1.57316 3.17421 3.51622 2.68231 2.45261 2.62909 4.65363 3.58294 1.95159 1.94998 1.72432 0.77518
threshold=-0.93030031840067628 4.3426706954000007 0.94943410188064936 0.059563229265216074 -0.047352913580902149 3.8193848275000004 1.0312095072826333 0.72922567063077348 -0.90499999999999992 0.036750000000000012 3.1216793533500007 0.6174490648171832 -0.10476043625136015
decision_type=2 2 2 2 2 2 2 2 2 2 2 2 2
left_child=-1 5 3 4 -3 6 8 -8 -2 -7 12 -12 -4
right_child=1 2 10 -5 -6 9 7 -9 -10 -11 11 -13 -14
leaf_value=-0.016980412355433416 0.015806946938168521 0.0051225747171571561 0.012751214797310792 0.019970913710730009 -0.018197805764366189 -0.00031339755436685297 -0.016715332117484882 0.00022415951098973621 0.00045742712709430426 -0.02869887368715807 -0.0054912426355379768 0.020187611314446564 0.036271094091733763
leaf_weight=3.7188569437712422 17.095118502154946 7.6644111480563906 2.6706841997802258 5.2026814222335807 9.8599813524633664 4.271538205444811 19.461007000878453 56.177016824483871 69.320423513650894 4.8757364861667156 4.8177391216158849 4.2259866297245026 4.2825323008000842
leaf_count=30 123 52 19 36 65 33 143 373 496 30 30 26 29
internal_value=1.04266e-05 0.000333648 0.00579639 -0.00129568 -0.00785707 -0.000887121 -1.10796e-05 -0.00411093 0.00354338 -0.0159147 0.016004 0.00626953 0.0279715
internal_weight=213.644 209.925 38.724 22.7271 17.5244 171.201 162.054 75.638 86.4155 9.14727 15.9969 9.04373 6.95322
internal_count=1485 1455 257 153 117 1198 1135 516 619 63 104 56 48
is_linear=0
shrinkage=0.03


Tree=278
num_leaves=17
num_cat=0
split_feature=63 85 97 142 143 29 85 14 143 71 162 96 228 12 76 115
split_gain=1.25468 2.15639 1.99626 1.76452 2.23454 3.43467 3.33089 2.64132 2.00826 1.96025 2.05844 3.72693 2.06349 1.81523 1.61075 1.58149
threshold=4.0686190855500008 -0.30453023994999967 0.43115326795000009 69.86087049240804 38.544246960000002 0.059650000000000009 -0.10541344629999992 16.060000000000006 42.864651470000013 4.6223445015500007 0.082487862138039519 0.36373599145000007 0.87064871952292922 69.065000000000012 0.67448812235000011 0.36445000000000005
decision_type=2 2 2 2 2 2 2 2 2 2 2 2 2 2 2 2
left_child=1 14 -3 4 6 8 -2 -8 -6 15 12 -12 -11 -7 -1 -5
right_child=3 2 -4 9 5 13 7 -9 -10 10 11 -13 -14 -15 -16 -17
leaf_value=-0.017324167376468264 -0.02235582468979154 0.032362532059238218 0.0014871118586391088 -0.026471378590319557 0.036506165822922536 0.0086660760771019949 -0.012292419775445646 0.015865045014377896 0.0115107759432963 0.0010990984129410088 -0.017166311990154288 0.011431601417885542 -0.0065600230305017989 -0.023946739040709857 0.011040711246222884 0.00069187106132858733
leaf_weight=3.6489677205681792 5.2281095385551479 4.3857960607856494 3.6359071116894484 5.0341229923069468 4.6483983285725143 3.0023978576064101 4.4611728228628627 8.3173293583095056 9.2634564507752639 60.270868020132184 4.8517717141658094 22.453723985701799 65.240417893975973 2.8096526861190796 3.2743297554552555 2.746102437376976
leaf_count=28 34 32 29 37 30 24 30 59 62 408 37 155 453 18 28 21
internal_value=1.09268e-05 0.00837718 0.018928 -0.000608299 0.00519936 0.012174 -0.00229976 0.00578277 0.0202776 -0.0019938 -0.00121935 0.00619662 -0.00286026 -0.0067305 -0.00351583 -0.016616
internal_weight=213.273 14.945 8.0217 198.328 37.7305 19.7239 18.0066 12.7785 13.9119 160.597 152.817 27.3055 125.511 5.81205 6.9233 7.78023
internal_count=1485 117 61 1368 257 134 123 89 92 1111 1053 192 861 42 56 58
is_linear=0
shrinkage=0.03


Tree=279
num_leaves=15
num_cat=0
split_feature=31 31 42 129 62 31 81 89 17 136 27 32 47 167
split_gain=1.23458 1.95361 3.3062 4.22533 3.7518 2.47486 2.88848 2.93215 2.38616 2.92831 2.5848 1.87436 1.67124 0.637756
threshold=0.23525000000000004 0.34570000000000006 0.47494779116465868 6328.3050000000012 2.5650000000000004 0.40330000000000005 0.27287363070000009 0.73373900150000015 13.06 15.165150000000002 0.54044772537562535 -0.33179999999999993 6.2800000000000002 -10.132517669236119
decision_type=2 2 2 2 2 2 2 2 2 2 2 2 2 2
left_child=12 2 11 4 -4 6 -3 -8 10 -10 -7 -2 -1 -13
right_child=1 5 3 -5 -6 8 7 -9 9 -11 -12 13 -14 -15
leaf_value=0.02972396271108935 -0.0024068181309253979 -0.012615231705696535 0.003814482582518007 0.025204193775483462 -0.024697631492728217 0.025533876660669051 0.031675293673734978 0.0069264807172567866 0.028106337202979326 -0.0024904567846561177 -0.006388750312588406 -0.035732116165062333 0.0010224934449926462 -0.016789521617008356
leaf_weight=2.8088158555328828 4.6861030198633662 4.4923665449023273 11.105142923071986 4.7126402966678134 6.3916989713907233 6.0065916962921602 5.7933089919388321 18.299843069165945 2.7666111476719371 128.14634681679308 3.388349499553442 4.2726171761751166 5.5550800897181034 4.4690057449042788
leaf_count=23 38 33 75 30 40 43 41 115 17 906 27 28 37 32
internal_value=1.16557e-05 -0.00043865 -0.00682098 0.00016634 -0.00651184 0.000893534 0.0089308 0.0131078 -0.00072776 -0.00179999 0.0137588 -0.0185156 0.011253 -0.0266868
internal_weight=212.895 204.531 35.6372 22.2095 17.4968 168.893 28.5855 24.0932 140.308 130.913 9.39494 13.4277 8.3639 8.74162
internal_count=1485 1425 243 145 115 1182 189 156 993 923 70 98 60 60
is_linear=0
shrinkage=0.03


Tree=280
num_leaves=10
num_cat=0
split_feature=71 47 123 222 31 183 13 45 92
split_gain=1.21794 1.48648 1.62505 2.98373 2.79629 2.77492 2.68178 3.04966 2.65996
threshold=2.4438634891000004 4.247440000000001 0.31305000000000011 -0.22044387062306606 0.23525000000000004 0.41978735813500806 15.525 12.365 0.56763433580000011
decision_type=2 2 2 2 2 2 2 2 2
left_child=-1 -2 3 5 -5 -3 8 -8 -4
right_child=1 2 6 4 -6 -7 7 -9 -10
leaf_value=0.014340549695873084 0.016819681183425417 0.022719860596575617 0.015503782083612127 0.015109728653795241 -0.0072298762585472805 -0.0086929790068371836 0.013465147992945892 0.00061619807323443239 -0.017031608962424824
leaf_weight=5.1179612372070542 4.3354806415736666 6.7227264866232854 2.6465008631348601 5.2346515506505957 74.92235498689115 3.7849051393568516 21.295523956418037 77.176711386069655 11.265347491949795
leaf_count=37 35 49 17 37 525 28 134 542 81
internal_value=1.22165e-05 -0.00033367 -0.000722793 -0.00371904 -0.0057166 0.0111467 0.00166888 0.00343618 -0.0105617
internal_weight=212.502 207.384 203.049 90.6646 80.157 10.5076 112.384 98.4722 13.9118
internal_count=1485 1448 1413 639 562 77 774 676 98
is_linear=0
shrinkage=0.03


Tree=281
num_leaves=20
num_cat=0
split_feature=0 0 55 216 26 174 141 147 200 55 44 11 62 124 223 97 77 123 186
split_gain=1.24054 2.19716 2.36656 2.03329 2.44876 2.27502 4.18664 2.29905 2.0683 1.96159 1.92876 1.85546 2.84549 2.82508 2.49517 2.36523 1.34193 1.09815 0.456298
threshold=20240265.000000004 20230613.500000004 20230766.000000004 0.79162124162612868 14.06 1.4274717068808183 2.7042000000000006 3.9755360215905537 -2.2549999999999986 20231022.000000004 7.660000000000001 -0.042349999999999992 3.9750000000000005 0.5534 0.24858238873125446 0.51658447060000012 -0.17559586484999998 0.24235000000000004 0.74125815533996919
decision_type=2 2 2 2 2 2 2 2 2 2 2 2 2 2 2 2 2 2 2
left_child=1 3 18 4 8 7 -7 -5 -1 17 -2 12 14 -13 -12 -14 -11 -4 -3
right_child=10 2 9 5 -6 6 -8 -9 -10 16 11 13 15 -15 -16 -17 -18 -19 -20
leaf_value=0.012947719128033228 0.030845194490010362 -0.03274339408945387 0.022828479927322658 -0.0037105857207052752 0.027068225608566098 0.011883911042321615 -0.027949954313463341 0.0043033230890334555 -0.01813403629060013 -0.031229013809423702 0.015491408156767802 0.0036555741407285924 -0.0050543735472571398 -0.035179574091348795 -0.0052455702945331971 0.028406521234795694 0.00094942646920686581 -0.0036019626791809313 -0.0098219137146797197
leaf_weight=4.7374689839780331 2.2906909007579079 4.116585034877061 2.6711005344986898 70.141904411837459 5.1656963676214218 3.3891871646046621 6.9383455850183964 59.409846339374781 3.0956083014607412 2.4990845099091521 7.1347891911864307 4.115065759047865 2.3579643536359054 2.6090100854635239 18.585878293961287 7.0653113070875406 1.7905878629535443 2.5107416547834873 1.6164776682853697
leaf_count=31 30 48 19 447 35 22 51 361 19 31 55 38 19 15 136 71 17 22 18
internal_value=1.41199e-05 -0.00114772 -0.011986 -4.30571e-05 0.0112391 -0.0011202 -0.0146014 -1.19436e-05 0.000212391 -0.00235236 0.00449686 0.00291374 0.00573651 -0.0112679 0.0004283 0.0197535 -0.0173981 0.0096285 -0.027074
internal_weight=212.241 168.083 15.2046 152.878 12.9988 139.879 10.3275 129.552 7.83308 9.47151 44.1587 41.868 35.1439 6.72408 25.7207 9.42328 4.28967 5.18184 5.73306
internal_count=1485 1121 155 966 85 881 73 808 50 89 364 334 281 53 191 90 48 41 66
is_linear=0
shrinkage=0.03


Tree=282
num_leaves=6
num_cat=0
split_feature=202 202 166 104 93
split_gain=1.20619 2.59229 1.45598 1.76116 1.85138
threshold=-7.6899999999999986 -7.0599999999999996 441.26518224640267 11.306124031600005 -0.19458971539999995
decision_type=2 2 2 2 2
left_child=-1 -2 3 4 -3
right_child=1 2 -4 -5 -6
leaf_value=0.019993773892707345 -0.027893956081972808 -0.0036531204551557969 -0.019825325198831085 0.023060715265099771 0.0023346510025001946
leaf_weight=2.588152114301919 2.9059350676834574 73.130347231402993 3.122632607817649 2.9662835299968711 126.92215397022665
leaf_count=18 20 508 22 21 896
internal_value=1.30019e-05 -0.000229471 0.000159299 0.000491061 0.000130066
internal_weight=211.636 209.047 206.141 203.019 200.053
internal_count=1485 1467 1447 1425 1404
is_linear=0
shrinkage=0.03


Tree=283
num_leaves=12
num_cat=0
split_feature=217 122 23 36 139 12 167 85 162 147 22
split_gain=1.20248 1.3061 1.89311 2.66024 2.87216 1.85974 2.29419 3.32856 1.84157 1.90693 1.10718
threshold=-0.38817359442977206 0.55415000000000014 20.685000000000006 0.22440903913083171 2.2175500000000006 72.535000000000011 11.104203156889556 -0.12255353939999997 0.24523236345676766 14.68242034628536 20.475000000000005
decision_type=2 2 2 2 2 2 2 2 2 2 2
left_child=-1 2 8 4 -4 6 7 -3 9 -2 -7
right_child=1 5 3 -5 -6 10 -8 -9 -10 -11 -12
leaf_value=-0.019332543643335972 -0.0015490919470887933 -0.022699803772000936 0.017907412079867419 -0.033644151518980613 -0.018764296956441075 0.035336500187932246 0.018509626980310438 0.0058469731293624505 0.017169662249168504 0.0088385235550127433 0.0062591431890458736
leaf_weight=2.748630389571189 146.89241663739085 5.2937377169728359 3.3713538832962495 3.5539818070828915 4.161507710814476 2.7531263530254355 5.7920237481594077 11.220981519669294 5.4411330092698327 17.706357020884752 2.6020312756299973
leaf_count=24 1027 36 23 26 34 22 37 83 36 118 19
internal_value=1.20803e-05 0.00029024 -0.000623086 -0.0125805 -0.00193915 0.00635935 0.00235714 -0.00320459 0.000145859 -0.000408764 0.0221317
internal_weight=211.537 208.789 181.127 11.0868 7.53286 27.6619 22.3067 16.5147 170.04 164.599 5.35516
internal_count=1485 1461 1264 83 57 197 156 119 1181 1145 41
is_linear=0
shrinkage=0.03


Tree=284
num_leaves=13
num_cat=0
split_feature=63 36 112 173 74 211 218 122 51 29 92 23
split_gain=1.19444 2.09595 2.03596 1.83388 1.75652 3.04963 3.34795 2.29205 2.40211 2.16698 1.84472 0.888453
threshold=4.0686190855500008 0.70848445099598367 -0.31219999999999992 -0.93030031840067628 4.3426706954000007 0.94943410188064936 0.059563229265216074 0.55415000000000014 3.1850000000000005 0.27605000000000007 3.1216793533500007 14.685
decision_type=2 2 2 2 2 2 2 2 2 2 2 2
left_child=1 2 -1 -2 7 6 -6 8 -5 -9 -7 -4
right_child=3 -3 11 4 5 10 -8 9 -10 -11 -12 -13
leaf_value=-0.001990529180880803 -0.022515337974375535 -0.0075376934692707098 0.010133274191726663 0 -0.0078833125927665147 0.027395955337385161 0.019424530855395562 0.010748273576583766 -0.008319508959988578 -0.016963793646809354 0.0061115019389731658 0.035078441782611346
leaf_weight=3.374154318124055 3.2777743618935338 4.7930476758629075 2.6486369259655467 82.353284131735563 17.330612566322092 6.8223353251814833 5.1398758478462687 19.726444933563474 50.141649547964334 2.7475809156894675 8.9522379487752897 3.9229371920228004
leaf_count=23 27 39 21 572 117 48 36 140 353 19 56 34
internal_value=1.23056e-05 0.00823339 0.0161318 -0.000592969 -0.000194094 0.00553756 -0.00144564 -0.00163062 -0.00314984 0.00716728 0.0156204 0.0257767
internal_weight=211.231 14.7388 9.94573 196.492 193.214 38.2451 22.4705 154.969 132.495 22.474 15.7746 6.57157
internal_count=1485 117 78 1368 1341 257 153 1084 925 159 104 55
is_linear=0
shrinkage=0.03


Tree=285
num_leaves=18
num_cat=0
split_feature=0 0 216 111 156 203 42 62 108 195 44 76 11 62 54 27 172
split_gain=1.20053 2.10413 2.1774 2.28658 2.26904 2.26811 2.49694 1.97565 2.69755 2.13166 1.85911 1.83341 2.46937 2.76985 1.62472 0.889428 0.18394
threshold=20240265.000000004 20230527.500000004 0.81238032609326349 0.34200000000000008 5.3807186059465524 8.3067678450369637 0.51502811244979929 3.0150000000000001 32461276.150000002 -3.5650000000000008 7.660000000000001 8.3800949742000004 -1.0000000180025095e-35 3.9750000000000005 333.50000000000006 0.26640000000000003 0.071899947063489469
decision_type=2 2 2 2 2 2 2 2 2 2 2 2 2 2 2 2 2
left_child=1 2 3 4 -1 6 -4 8 9 -3 -2 12 13 -12 -14 -10 -9
right_child=10 7 5 -5 -6 -7 -8 16 15 -11 11 -13 14 -15 -16 -17 -18
leaf_value=0.025541530824787346 0.030675234233165469 -0.0075794097659796517 -0.0027752653442528722 -0.009889553596344006 -0.0013404247466721781 -0.025770318245826276 0.0073168624892123654 -0.011590050429210108 -0.0025103636620630943 0.02480287051283251 0.0026183341843575708 -0.016301616797904286 0.0012705734919119453 0.022446381765120919 -0.030170979722812036 -0.031294509813592365 -0.031749770819546295
leaf_weight=8.3024187646806222 2.2277935910969964 3.7250836193561563 103.61837664246559 3.579024374485015 3.9343037195503703 3.2180830650031558 27.867636855691671 1.2459977939724911 1.775369284674525 3.2724900618195543 23.340494681149721 3.8832020461559287 2.9042863808572283 8.8599828872829658 2.5783338956534863 3.0213922690600157 3.5253876205533743
leaf_count=57 30 35 650 22 26 25 170 14 17 20 177 27 27 87 16 38 47
internal_value=1.2497e-05 -0.00113251 0 0.0104814 0.0167146 -0.00125158 -0.000609568 -0.011247 -0.00426545 0.00727792 0.00444197 0.00289373 0.00498909 0.00821951 -0.0132538 -0.0215224 -0.0274471
internal_weight=210.88 167.086 150.52 15.8157 12.2367 134.704 131.486 16.5657 11.7943 6.99757 43.7941 41.5663 37.6831 32.2005 5.48262 4.79676 4.77139
internal_count=1485 1121 950 105 83 845 820 171 110 55 364 334 307 264 43 55 61
is_linear=0
shrinkage=0.03


Tree=286
num_leaves=13
num_cat=0
split_feature=59 142 9 12 12 73 80 223 116 33 113 105
split_gain=1.20656 2.73862 1.86025 1.80829 1.80067 2.20684 2.24503 1.99206 4.27646 2.17529 1.67739 2.21542
threshold=8.5106500000000018 465.255116665 -1.2749999999999997 80.265000000000015 58.70000000000001 1.8215075602500002 0.27818699465000002 0.30214488699249337 -0.018849999999999995 -0.26936780270347999 -0.046299999999999987 -1.8980233256249994
decision_type=2 2 2 2 2 2 2 2 2 2 2 2
left_child=3 2 -2 4 5 6 -1 9 -9 -6 -4 -12
right_child=1 -3 10 -5 7 -7 -8 8 -10 -11 11 -13
leaf_value=-0.00072337828672051777 0.011027821164485993 0.019557952573895084 -0.031136998519404688 0.018981035911247095 0.017106505036317554 -0.007243438939285092 0.028793659217990639 0.02953807327994434 0 -0.0025248391321227659 0.014354801767279097 -0.012877416375819973
leaf_weight=3.2894142195582372 3.3978484719991746 3.2772229835391036 3.5485373400151827 4.772154100239276 5.1485583931207648 4.0096414163708678 6.4243127256631851 5.8954423889517811 16.008564224466681 135.53187767788768 3.0447763763368227 15.980915572494252
leaf_count=30 23 21 30 33 40 25 41 59 117 927 22 117
internal_value=9.18036e-06 -0.00561912 -0.00897392 0.000937461 0.000421583 0.0108251 0.0185869 -0.000444225 0.00792563 -0.00177343 -0.0121522 -0.00831018
internal_weight=210.329 29.2493 25.9721 181.08 176.308 13.7234 9.71373 162.584 21.904 140.68 22.5742 19.0257
internal_count=1485 213 192 1272 1239 96 71 1143 176 967 169 139
is_linear=0
shrinkage=0.03


Tree=287
num_leaves=17
num_cat=0
split_feature=228 136 97 220 137 73 203 217 91 164 10 167 144 143 146 201
split_gain=1.19549 3.20743 2.50912 3.08825 3.48236 2.7207 2.8926 2.45882 2.47894 2.61338 3.93682 3.01926 1.62209 1.40251 1.29186 0.688363
threshold=0.88097337261775299 17.253975000000001 1.6542211749000002 -0.26359310168524952 83.724693720463833 6.0004462334000008 0.85879913896701221 -0.36113852481587139 3.5938706510560006 -56.651695549294821 -0.034999999999999996 -47.401789707230016 1.0685627531526098 102.09116862750001 4.8299254019606126 -1.5000000000000007
decision_type=2 2 2 2 2 2 2 2 2 2 2 2 2 2 2 2
left_child=7 12 3 15 -5 14 -7 -1 9 10 -9 -11 -2 -10 -4 -3
right_child=1 2 5 4 -6 6 -8 8 13 11 -12 -13 -14 -15 -16 -17
leaf_value=-0.032978221688732351 0.0022379641863853033 0.0318835592863927 -0.029403877895353717 -0.005544107542642257 0.011456241249685285 -0.020699518479075401 0.014007425417198497 -0.018980376338764027 0.033671998213643077 0.030650883558444315 0.010569903042415797 0.0027458783131219461 0.033732072087583151 0.0047043101441218245 -0.0084343337754719562 0.0081168311547321677
leaf_weight=1.6269586607813824 3.18734586238861 2.635640125721693 7.6000811569392699 63.072252240031958 12.915841974318026 3.4914935529232007 5.3253141157329082 11.491582842543723 3.4778063595294944 3.6056768596172324 6.0225738659501067 71.662640981376171 3.0711970664560795 3.1332733109593391 4.9194503854960203 2.7069741021841756
leaf_count=14 21 19 53 446 100 26 33 84 19 21 42 506 20 23 34 24
internal_value=1.0395e-05 -0.00215438 -0.00345647 -0.00100841 -0.00260384 -0.0125999 0 0.00237406 0.00301546 0.00170469 -0.00864632 0.00416135 0.018452 0.0206647 -0.0215339 0.0207631
internal_weight=209.946 108.926 102.667 81.3307 75.9881 21.3363 8.81681 101.021 99.3936 92.7825 17.5142 75.2683 6.25854 6.61108 12.5195 5.34261
internal_count=1485 776 735 589 546 146 59 709 695 653 126 527 41 42 87 43
is_linear=0
shrinkage=0.03


Tree=288
num_leaves=19
num_cat=0
split_feature=157 221 179 160 128 212 32 177 217 207 62 25 29 136 118 215 42 46
split_gain=1.18397 2.73546 3.05677 4.25438 3.18269 3.61431 2.85728 1.92678 2.38116 2.96037 3.68699 3.31541 2.2046 3.10839 1.82679 1.47989 1.28992 1.13189
threshold=19.63319783821143 -0.24959802555356111 4.2114569496087615 1.063337111461222 2034.4750000000001 0.21545000000000006 0.82250000000000012 -1.8386659767830318 -0.21483888623613281 1.3493160185726731 4.0950000000000006 22.275000000000002 0.10215 60.65205000000001 0.49165000000000009 0.93457405177603869 0.46292369477911655 39.585625000000007
decision_type=2 2 2 2 2 2 2 2 2 2 2 2 2 2 2 2 2 2
left_child=1 15 4 -4 5 -3 -6 12 17 11 -11 -10 13 16 -14 -1 -2 -9
right_child=7 2 3 -5 6 -7 -8 8 9 10 -12 -13 14 -15 -16 -17 -18 -19
leaf_value=-0.0037084785758006371 0.0082601905852902318 0.017455820377053708 -0.010166023901719974 0.031650023206212421 -0.013421695226059243 -0.012488210548211625 0.0025870684386358014 -0.029582867723080671 0.0030170358647397286 -0.010984536217154482 0.0073401273126032463 0.025661458963012765 0.011494642889923265 -0.0081078964078611111 -0.021750431026304518 -0.03350989904198378 0.033083931704481824 -0.0020659533564788544
leaf_weight=2.9044641554355612 3.2114158142358082 10.963290967047216 3.4278037138283235 5.4097078554332256 28.633763385936618 5.1991599872708312 14.942586820572613 3.3024788983166209 59.540753517299891 28.944965181872249 14.698313945904372 6.4308904446661463 2.8541909214109173 3.056777134537696 2.8013622965663671 3.759348027408123 6.7640054598450661 2.667355053126812
leaf_count=23 25 70 25 37 197 37 104 22 424 210 105 45 21 23 22 27 46 22
internal_value=1.28072e-05 -0.00298311 -0.00113983 0.0151629 -0.00362303 0.00762135 -0.00787015 0.00171488 0.000239739 0.00127701 -0.00474185 0.00530531 0.0106292 0.0174264 -0.00454318 -0.0212112 0.0255514 -0.018019
internal_weight=209.513 75.2401 68.5763 8.83751 59.7388 16.1625 43.5764 134.273 115.585 109.615 43.6433 65.9716 18.6878 13.0322 5.65555 6.66381 9.97542 5.96983
internal_count=1485 520 470 62 408 107 301 965 828 784 315 469 137 94 43 50 71 44
is_linear=0
shrinkage=0.03


Tree=289
num_leaves=22
num_cat=0
split_feature=190 33 106 118 28 200 162 148 196 222 137 175 21 225 75 21 222 112 20 28 212
split_gain=1.2101 3.04172 2.54772 3.36519 3.48684 3.21692 3.03901 3.26745 2.52224 3.0991 2.5274 2.16515 3.96473 3.5647 3.26243 2.98337 1.9909 1.87989 0.886909 0.791574 0.454819
threshold=0.097993077078423071 -0.264916914255929 14.470000000000002 0.54165000000000008 0.087500000000000008 -0.25499999999999895 0.066082481246547517 0.72101453653272818 0.61000000000000665 -0.008077843009349826 62.135468162601306 0.10661285546840872 66.535000000000011 0.46250000000000008 1.1819077106600002 69.40000000000002 -0.1525709747865793 -0.41664999999999996 15.815000000000003 0.9488744731481209 0.22219999999999998
decision_type=2 2 2 2 2 2 2 2 2 2 2 2 2 2 2 2 2 2 2 2 2
left_child=8 18 6 5 -5 -4 7 -3 11 10 20 12 14 16 -1 -15 -13 -14 -2 -8 -10
right_child=1 2 3 4 -6 -7 19 -9 9 -11 -12 13 17 15 -16 -17 -18 -19 -20 -21 -22
leaf_value=-0.0022316420440639624 0.03416942840956836 -0.014155079473256562 -0.016467333161823236 0.020726326044773639 -0.0052882210915862517 0.00019370904234560952 0.032964410070390728 0.0041999242969048729 -0.038602010006848896 0.013352994006710327 0.0035968568893254027 0.0082461726142517896 -0.0015559252662212875 0.022132204982185738 -0.032197925185860801 0.0028501938202662187 -0.01906185416557088 0.025137491368262318 0.0072120593580429935 0.008264722970439271 -0.01767954474194695
leaf_weight=18.85386812873185 2.3315051719546309 11.603651337325571 32.113677753135562 6.8423144314438131 13.610348556190727 14.898194083943961 3.1083610430359832 34.115403261035681 3.299910079687832 3.518725372850894 2.7313842438161373 4.2090908400714397 3.4967417754232883 18.485876321792606 3.9349759817123404 12.502822939306496 5.0968724526464921 6.1172882355749589 2.7822010554373264 2.5980627741664648 2.7183468379080296
leaf_count=138 19 76 239 48 96 108 22 230 23 26 20 31 28 128 22 82 43 42 22 20 22
internal_value=1.16275e-05 -0.00186309 -0.00286651 -0.00670741 0.00332732 -0.0111345 0.00211733 -0.000413889 0.00278193 -0.00966704 -0.01931 0.00493441 -0.000754559 0.009574 -0.00765509 0.0144833 -0.00643512 0.0152039 0.0204978 0.0225716 -0.0300854
internal_weight=208.97 124.004 118.89 67.4645 20.4527 47.0119 51.4255 45.7191 84.9659 12.2684 8.74964 72.6975 32.4029 40.2947 22.7888 30.9887 9.30596 9.61403 5.11371 5.70642 6.01826
internal_count=1485 880 839 491 144 347 348 306 605 91 65 514 230 284 160 210 74 70 41 42 45
is_linear=0
shrinkage=0.03


Tree=290
num_leaves=19
num_cat=0
split_feature=142 29 148 65 161 88 112 200 100 129 134 27 185 227 138 15 161 209
split_gain=1.17893 2.08805 2.41085 2.91211 3.53663 1.99424 1.92506 2.34646 2.41018 3.19474 1.99829 2.38986 1.86438 1.9893 1.77654 1.40458 0.936295 0.746734
threshold=69.86087049240804 -0.051749999999999997 0.80908630663785164 2.4207683397500004 15.475005737309671 0.76972114290000004 -0.68994999999999984 -4.1899999999999986 0.9333465541 5734.5850000000009 4.5000000000000009 0.42195000000000005 5.2731130177547803 -0.1395399528028842 2.514055820105821 69.750000000000014 1.3356046093693605 0.57331029574383152
decision_type=2 2 2 2 2 2 2 2 2 2 2 2 2 2 2 2 2 2
left_child=1 14 5 4 -4 -3 7 -2 9 -9 11 -8 13 -12 -1 -10 -14 -7
right_child=6 2 3 -5 -6 17 10 8 15 -11 12 -13 16 -15 -16 -17 -18 -19
leaf_value=-0.00026951312625711558 -0.027967138059959273 0.0057279748980843086 -0.0041532446429166448 0.029206084771328286 0.032413714790793996 -0.005694760175765411 -0.028608433595018329 -0.0091916810470174144 -0.023826938883052585 0.017646008314946116 0.016244940892222198 0.00011807761577561835 0.0048282810342198191 -0.00026622167576104849 0.029211449779190643 0.0016551964448490223 0.03162851982153695 -0.028935189174016735
leaf_weight=2.5825222432613364 4.4573439136147526 3.8573236092925054 15.127533506602054 4.1652064435183993 2.7124636620283118 2.3966014832258224 4.4357939139008504 8.7949891574680823 6.5389360375702363 7.0717215109616509 6.8415476754307738 5.6449172124266624 2.7324056569486848 117.05598237738013 4.9364241473376751 2.4366654492914677 2.5611987076699734 3.9878557734191418
leaf_count=19 34 31 106 25 17 17 33 66 53 45 54 37 24 824 37 18 17 28
internal_value=1.31504e-05 0.00466699 0.00122595 0.00689832 0.001389 -0.0106203 -0.00106902 -0.00804943 -0.0042576 0.00261747 0.000382698 -0.0123846 0.00141093 0.000633687 0.0188213 -0.0166366 0.0186972 -0.0208962
internal_weight=208.337 39.7659 32.247 22.0052 17.84 10.2418 168.572 29.2997 24.8423 15.8667 139.272 10.0807 129.191 123.898 7.51895 8.9756 5.2936 6.38446
internal_count=1485 280 224 148 123 76 1205 216 182 111 989 70 919 878 56 71 41 45
is_linear=0
shrinkage=0.03


Tree=291
num_leaves=8
num_cat=0
split_feature=170 169 210 58 210 227 190
split_gain=1.18326 1.7185 1.34046 2.88772 1.4817 2.99414 1.88592
threshold=-51.747597220398909 -38.094795976300922 0.5444834005457756 30.019600000000001 0.65584359984238427 -0.031266020318907739 0.15930901253400279
decision_type=2 2 2 2 2 2 2
left_child=-1 -2 3 -3 5 -4 -6
right_child=1 2 4 -5 6 -7 -8
leaf_value=0.017138311287937354 -0.022262159333145407 0.031160357373955554 0.012855142476426924 -0.0044192170242944783 0.0028800400431900092 -0.017465135632700055 -0.0033887912916479839
leaf_weight=3.4745651222765437 3.0497533902525893 3.698561366647481 3.7796076796948919 4.1545180641114712 106.19802954979241 11.058088799938556 72.510080210864544
leaf_count=24 23 26 32 31 738 81 530
internal_value=1.33742e-05 -0.000271231 5.77693e-05 0.0121416 -0.000423053 -0.00950646 0.000319237
internal_weight=207.923 204.449 201.399 7.85308 193.546 14.8377 178.708
internal_count=1485 1461 1438 57 1381 113 1268
is_linear=0
shrinkage=0.03


Tree=292
num_leaves=22
num_cat=0
split_feature=0 0 227 4 0 215 178 203 73 155 55 168 191 24 177 32 120 216 225 47 196
split_gain=1.19096 2.01822 4.45975 3.64548 3.15667 2.97237 2.73968 3.70103 2.69028 2.59388 3.07146 2.22432 2.09953 1.73296 1.80678 1.67306 2.9522 2.61699 1.64667 1.04138 1.01517
threshold=20240265.000000004 20210766.000000004 -0.033948491769845227 1.0000000180025095e-35 20231026.000000004 1.182903100775194 -0.45870667570364654 3.1382725563741514 7.5760970730500006 163.98262315916824 20201116.500000004 9.1747738306427689 5.2035082206637897 57.565000000000005 -1.4869540757236031 -0.13404999999999997 -0.20294999999999999 0.94627675203494166 0.4958333333333334 18.265000000000004 -10.804999999999998
decision_type=2 2 2 2 2 2 2 2 2 2 2 2 2 2 2 2 2 2 2 2 2
left_child=1 5 3 8 -5 9 -4 -8 -3 10 -1 19 -11 20 18 17 -17 -16 -15 -7 -2
right_child=13 2 6 4 -6 11 7 -9 -10 12 -12 -13 -14 14 15 16 -18 -19 -20 -21 -22
leaf_value=-0.0058990097876200865 0.0038058390741728936 -0.0097860162124926032 0.014587411388211673 0.011877647157522288 -0.021727293999954708 0.037511946448121558 -0.019609092852617999 0.0076058004615782394 0.020290310102121501 -0.0030802696657665643 0.010837677931692952 0.00047093055442224265 -0.025686712161407863 0.030030919958446603 -0.0026305251049245958 -0.0285302986383771 0 0.029616363205004614 -0.0012033056431516903 0.013107225963561024 0.031415465404652509
leaf_weight=16.292333595454693 2.4144897051155567 25.226854482665662 2.8806887716054908 25.946871057152752 2.636607263237237 3.7477418780326825 26.848202012479305 5.1666217632591716 2.8442443162202826 14.309334557503464 24.190266124904156 5.5958345010876656 5.1010480895638457 3.5016688741743556 5.4324407428503054 3.8947675656527307 18.952791009098291 3.5973396189510822 2.3078722953796387 3.8162008300423622 3.0791218224912873
leaf_count=97 21 198 16 170 32 21 202 34 16 88 155 35 32 36 41 23 144 38 22 25 39
internal_value=1.28529e-05 -0.00113639 -0.0041144 0.00103616 0.00860832 0.00255518 -0.0125414 -0.0151137 -0.0065709 -0.000240543 0.00403009 0.0154112 -0.00927621 0.00445556 0.00204821 -0.000683872 -0.0050906 0.0100713 0.0173049 0.0259223 0.0201021
internal_weight=207.783 164.603 91.5501 56.6546 28.5835 73.0528 34.8955 32.0148 28.0711 59.893 40.4826 13.1598 19.4104 43.1805 37.6869 31.8773 22.8476 9.02978 5.80954 7.56394 5.49361
internal_count=1485 1121 668 416 202 453 252 236 214 372 252 81 120 364 304 246 167 79 58 46 60
is_linear=0
shrinkage=0.03


Tree=293
num_leaves=20
num_cat=0
split_feature=197 215 16 88 59 36 136 46 194 223 61 126 52 148 143 111 170 52 47
split_gain=1.17879 2.62623 2.70676 2.95782 3.49084 2.69642 2.66908 2.48646 2.28628 3.95631 4.07777 3.28866 2.68377 3.00606 2.77296 1.7557 1.31114 1.17083 1.11827
threshold=-1.1249999999999998 0.82178391422802954 21.975000000000005 10.485329840000002 2.0781000000000005 0.073230319065681143 67.625275000000002 42.600000000000009 -5.1899999999999968 0.26180624805919184 44.800000000000004 0.53400000000000014 0.77995000000000003 0.89686371036611445 70.652131757500015 0.23860000000000003 4.0141059162420634 0.14380000000000001 29.505000000000006
decision_type=2 2 2 2 2 2 2 2 2 2 2 2 2 2 2 2 2 2 2
left_child=8 18 3 4 -3 7 -7 -4 11 17 -11 12 13 -1 -14 -13 -17 -10 -2
right_child=1 2 5 -5 -6 6 -8 -9 9 10 -12 15 14 -15 -16 16 -18 -19 -20
leaf_value=0.010557570575083965 0.0069989795129354743 0.011671910199016037 0.032014382248072029 -0.023897795331484051 -0.0032441526830326332 -0.0042728618092996726 0.019390618263079282 -9.8435790017910996e-05 -0.01207199565549124 0.025067942479932801 -0.01851276622919051 0.0063524620821282804 0.037734337377497207 -0.0073867607424668502 0.0011315683729451965 -0.031474264167531331 -0.0048634113306968039 -0.035475185433329455 0.031546919721316097
leaf_weight=14.235943067818878 4.1071278825402251 17.122098123654723 6.4720788560807723 5.0532198920845977 77.884372720494866 15.058259982615711 5.8367899022996417 2.9631602019071579 4.0243868436664361 3.7695820219814768 3.7212188020348549 2.3595982789993268 3.7391154058277598 20.197826981544495 3.9729864988476038 4.9341055005788803 2.9938847161829472 5.2184754274785519 3.3999542351812124
leaf_count=101 37 124 46 34 557 100 47 22 28 27 26 17 22 143 26 38 21 41 28
internal_value=1.4487e-05 0.00163176 0.000607858 -0.0017485 -0.000514985 0.00846027 0.00225524 0.0217194 -0.00316422 -0.012784 0.00306438 -1.85447e-05 0.00364279 0 0.0195178 -0.0151977 -0.0219845 -0.0258447 0.0187797
internal_weight=207.064 137.897 130.39 100.06 95.0065 30.3303 20.895 9.43524 69.1671 16.7337 7.4908 52.4335 42.1459 34.4338 7.7121 10.2876 7.92799 9.24286 7.50708
internal_count=1485 995 930 715 681 215 147 68 490 122 53 368 292 244 48 76 59 69 65
is_linear=0
shrinkage=0.03


Tree=294
num_leaves=15
num_cat=0
split_feature=31 123 223 148 39 141 210 222 62 174 210 47 198 191
split_gain=1.14501 1.8322 2.74481 2.42039 2.63671 4.00421 2.97854 2.32981 2.88132 2.61018 2.16316 1.53845 1.02676 0.619408
threshold=0.23525000000000004 0.31305000000000011 0.30100528786915554 0.33424760220588584 0.58365000000000011 1.1699500000000003 0.87958355851121928 -0.2363520947947523 3.7250000000000005 0.36908304785380153 1.1924645493657211 6.2800000000000002 -1.0000000180025095e-35 5.3200868854008325
decision_type=2 2 2 2 2 2 2 2 2 2 2 2 2 2
left_child=11 2 7 12 5 -5 -6 9 -9 -2 13 -1 -3 -4
right_child=1 3 10 4 6 -7 -8 8 -10 -11 -12 -13 -14 -15
leaf_value=0.029161354922353527 0.02235823019723231 -0.027460873735708671 0.034380812716419726 -0.022832241168059184 -0.013666409176335353 0.0085740163233717272 0.0035797662286621095 -0.0043776340700371593 -0.020743713344316652 -0.011433240007289232 -0.0079469780523319846 0.0010743753571067114 -0.001171762247748504 0.0099887120541019073
leaf_weight=2.6904498003423196 5.2521424628794176 3.2416799366474152 2.8432938288897267 3.7345157191157332 14.654377432540057 63.690753968432546 22.665249845013022 60.044099252671003 11.692022088915108 3.1322834342718124 2.5733458250761032 5.4047640636563301 2.6623549759387961 2.1682793442159891
leaf_count=23 36 24 23 26 107 452 163 428 88 23 19 37 18 18
internal_value=1.42691e-05 -0.000424985 -0.00367386 0.00212413 0.00320709 0.00675884 -0.00313058 -0.00533766 -0.00711201 0.00939474 0.0133515 0.0110171 -0.0163227 0.0248162
internal_weight=206.45 198.354 87.7055 110.649 104.745 67.4253 37.3196 80.1205 71.7361 8.38443 7.58492 8.09521 5.90403 5.01157
internal_count=1485 1425 635 790 748 478 270 575 516 59 60 60 42 41
is_linear=0
shrinkage=0.03


Tree=295
num_leaves=17
num_cat=0
split_feature=0 0 39 33 177 100 119 188 188 24 177 228 228 121 199 206
split_gain=1.1486 1.92911 1.88763 2.05931 2.21237 1.78087 2.22139 2.1489 2.11604 1.65824 1.72857 1.77099 1.6067 1.75175 1.00522 0.69946
threshold=20240265.000000004 20230527.500000004 0.47624243572960884 0.013450000000000002 -0.22380793832885934 0.04977151325000001 0.30675000000000002 5.2055225078204899 -0.16661069801779449 57.565000000000005 -1.4869540757236031 0.82240333949405831 1.6542447392133062 -0.092449999999999991 -3.4499999999999997 0.56504825110186718
decision_type=2 2 2 2 2 2 2 2 2 2 2 2 2 2 2 2
left_child=1 5 3 4 -3 6 -1 8 -7 14 11 -11 13 -12 -2 -4
right_child=9 2 15 -5 -6 7 -8 -9 -10 10 12 -13 -14 -15 -16 -17
leaf_value=-0.028652083883674531 0.0035202077827526704 -0.032297140460472239 -0.0042588514098086394 0.010388653204040069 0.0049874260464064183 0.0052937072539077472 0.0039452727923268279 0.020716220948529627 -0.0026410841248518946 -0.0039757951628223813 -0.012659815096212012 0.029330192105483294 -0.023247948366953979 0.0051860821877118954 0.031219882789114674 -0.031293373643960044
leaf_weight=4.1404214762151232 2.375415401533246 3.0913438573479661 1.4676851015537966 5.0081830695271492 2.3364081010222444 45.438733566552401 3.086119469255209 4.5727421194314948 89.973101185634732 2.0474045015871516 6.1597987227141884 3.6885975543409586 2.5094382986426345 23.014042982831601 3.0181697160005561 4.1323442943394184
leaf_count=29 20 33 16 38 21 297 24 29 571 20 45 38 16 185 40 63
internal_value=1.30195e-05 -0.00111983 -0.0109676 -0.00302325 -0.0159052 -2.00063e-05 -0.014458 0.000713709 1.31418e-06 0.00439507 0.00204007 0.0170635 -0.000630541 0.00128522 0.0198528 -0.0249334
internal_weight=206.06 163.247 16.036 10.4359 5.42775 147.211 7.22654 139.985 135.412 42.8129 37.4193 5.736 31.6833 29.1738 5.39359 5.60003
internal_count=1485 1121 171 92 54 950 53 897 868 364 304 58 246 230 60 79
is_linear=0
shrinkage=0.03


Tree=296
num_leaves=15
num_cat=0
split_feature=170 157 162 17 197 223 149 201 201 32 227 28 204 17
split_gain=1.14111 1.59014 3.7192 3.09412 4.03265 3.15609 1.92354 3.70198 2.86083 4.07517 3.03448 2.74599 2.2996 0.442048
threshold=-51.747597220398909 19.63319783821143 0.067238790826825018 16.815000000000001 2.5499999999999985 0.1578454104531733 0.58648443167966791 -1.1849999999999994 -0.87 0.6036075683608435 -0.15673411675777374 1.0720048124912547 1.7253764643237492 16.560000000000006
decision_type=2 2 2 2 2 2 2 2 2 2 2 2 2 2
left_child=-1 2 3 4 -2 -5 8 12 10 -10 -3 -9 -8 -4
right_child=1 6 13 5 -6 -7 7 11 9 -11 -12 -13 -14 -15
leaf_value=0.016917440667376014 -0.010629219845681482 0.018788560671736804 -0.015500769046626988 -0.020647099692103564 0.019379530348615941 0.010324299640026265 0.03034401176017135 -0.015577315048455879 0.013718176869707817 -0.0056400641202582515 -0.005652190529463863 0.013470207564733579 0.0019677028104723303 -0.036459016034115915
leaf_weight=3.437470417469739 34.886192314326763 4.7903307788074008 2.6834621205925933 3.2643200773745802 4.4013033322989932 22.371239952743053 7.9445095714181679 6.481626717373727 25.13137624040246 15.651533886790274 62.434220664203167 5.1204212661832571 4.1442469023168087 2.8641299791634083
leaf_count=24 246 38 22 29 30 149 47 44 196 117 460 33 29 21
internal_value=1.21018e-05 -0.000268729 -0.00391553 -0.00183176 -0.00715056 0.00619906 0.00166137 0.00938389 -1.18792e-05 0.00621993 -0.00384069 -0.00249562 0.0209582 -0.0273063
internal_weight=205.606 202.169 70.4706 64.9231 39.2875 25.6356 131.698 23.6908 108.007 40.7829 67.2246 11.602 12.0888 5.54759
internal_count=1485 1461 497 454 276 178 964 153 811 313 498 77 76 43
is_linear=0
shrinkage=0.03


Tree=297
num_leaves=17
num_cat=0
split_feature=228 228 194 197 154 87 217 75 164 10 167 25 17 61 110 132
split_gain=1.12192 2.78023 2.91421 2.81012 2.48047 2.49415 2.30181 2.29354 2.38209 4.00288 3.03109 2.2934 3.06736 1.99581 1.73508 0.677234
threshold=0.88097337261775299 1.131391705656321 -12.309999999999993 0.89999999999999958 24.82043528123614 26.063930986150002 -0.36113852481587139 5.9236718239360018 -56.651695549294821 -0.054999999999999993 -47.401789707230016 22.275000000000002 15.56 57.795000000000009 3312.5700000000006 0.40900000000000009
decision_type=2 2 2 2 2 2 2 2 2 2 2 2 2 2 2 2
left_child=6 2 -2 4 14 -6 -1 8 9 -8 -10 12 -4 -13 -3 -5
right_child=1 3 11 15 5 -7 7 -9 10 -11 -12 13 -14 -15 -16 -17
leaf_value=-0.032529233336806386 0.018406658781691527 0.0014026532684750473 -0.018626153272324163 0.035074878953155635 0.00054268479284276614 -0.023657085168148843 -0.01870385683026057 0.022026288256927002 0.030298544645156307 0.010899531861591852 0.002711855498546138 0.016368901511484391 -0.0038572162455028022 -0.01190874880270606 0.028576396841476479 0.010573567113208913
leaf_weight=1.5630987361073483 4.0300366207957259 4.7612929530441743 21.551686054095626 2.7572888992726794 20.375248815864328 4.5595562420785418 11.335704762488605 5.286900892853736 3.7142951861023894 6.2014799155294886 70.788486950099468 6.0549422539770585 32.249860225245357 3.336254671216011 4.1175933517515659 2.4626295268535614
leaf_count=14 29 33 162 22 151 29 85 35 22 44 509 46 229 28 28 19
internal_value=1.2036e-05 -0.00211254 -0.00582596 0.00420451 0.000920643 -0.00383945 0.00232501 0.00294838 0.00179725 -0.008063 0.00416616 -0.0074454 -0.00985256 0.00598746 0.0145165 0.0244957
internal_weight=205.146 106.256 67.2228 39.0336 33.8137 24.9348 98.89 97.3269 92.04 17.5372 74.5028 63.1927 53.8015 9.3912 8.87889 5.21992
internal_count=1485 776 494 282 241 180 709 695 660 129 531 465 391 74 61 41
is_linear=0
shrinkage=0.03


Tree=298
num_leaves=22
num_cat=0
split_feature=207 123 207 49 49 67 39 108 20 67 228 194 125 13 214 177 221 35 7 70 223
split_gain=1.11961 2.80659 2.0522 3.39975 3.20637 3.0213 4.29408 2.81893 5.57583 2.44398 2.32216 2.04894 2.20707 2.01562 2.61529 2.38876 1.71784 1.78004 4.18614 1.42471 0.768056
threshold=1.3493160185726731 0.38025000000000003 1.1853414486390128 18.440000000000005 21.915000000000003 0.11490618739600002 0.47687227363978285 98079297.445000008 16.185000000000006 0.33747858718400009 0.75903632031386115 1.1999999999999995 0.063100000000000003 24.075000000000003 1.0357762900556644 -0.98709674539682235 -0.058673593397720873 0.53515000000000013 5.5000000000000009 2021.5000000000002 0.28314014757731948
decision_type=2 2 2 2 2 2 2 2 2 2 2 2 2 2 2 2 2 2 2 2 2
left_child=2 11 3 7 20 -4 -7 8 -1 -9 -6 13 -13 15 -15 -2 -3 -18 -19 -8 -5
right_child=1 16 5 4 10 6 19 9 -10 -11 -12 12 -14 14 -16 -17 17 18 -20 -21 -22
leaf_value=0.0153965666103742 -0.0011772212911437398 -0.012619210463509573 -0.01345568238495078 -0.034157457666365333 0.011419247168742644 -0.0052449484481130468 0.037184879536293902 -0.024594933380036831 -0.0042148039172679843 -0.00016174201128486983 -0.008415291137509712 -0.007850451458894946 0.022218170024082044 -0.011558217103223705 0.018333214930952597 -0.018164808017676348 0.024383237227126771 0.014116924827049758 -0.028135140640429015 0.010082575068370795 -0.01163916695652174
leaf_weight=32.298401357606053 11.583341883495445 3.2545343711972263 3.3894196636974838 4.1958740502595893 7.1971427518874433 4.7626636251807204 6.4111038371920568 4.3627029657363918 21.458835911005735 22.621966857463121 18.882193079218268 4.2558165341615659 4.1709233112633228 5.4566257596015912 4.8534457571804523 23.051102505996827 5.5663115084171322 8.2284401264041644 2.7076199874281874 2.9855229221284389 2.9569593816995621
leaf_count=232 88 26 22 31 55 35 36 31 154 156 140 31 30 39 32 183 38 61 20 24 21
internal_value=1.44931e-05 -0.00294414 0.0016833 0.000182281 -0.00785216 0.0112058 0.0173725 0.00353187 0.0075191 -0.00429893 -0.00280423 -0.00654565 0.00676659 -0.00911768 0.00226587 -0.0125895 0.00661788 0.0106456 0.0032239 0.0290866 -0.0255509
internal_weight=204.651 73.1282 131.523 113.974 33.2322 17.5487 14.1593 80.7419 53.7572 26.9847 26.0793 53.3713 8.42674 44.9445 10.3101 34.6344 19.7569 16.5024 10.9361 9.39663 7.15283
internal_count=1485 548 937 820 247 117 95 573 386 187 195 403 61 342 71 271 145 119 81 60 52
is_linear=0
shrinkage=0.03


Tree=299
num_leaves=18
num_cat=0
split_feature=0 0 31 228 228 159 227 135 177 224 28 112 186 44 224 0 107
split_gain=1.13061 1.84277 1.74773 1.91244 2.97522 2.58326 1.59024 2.33007 2.63172 3.06519 2.05939 2.04086 2.0348 1.78894 1.4486 0.908795 0.396192
threshold=20240265.000000004 20231026.000000004 0.23525000000000004 1.1122624569165678 1.0332762170024485 23.522183119872981 0.096929591812683472 58.492417857142861 -1.2460780873563317 -0.079163974662701198 1.5364000000000002 0.70900000000000019 0.8621314402664022 21.550000000000001 0.042579294808933507 20235665.500000004 19.310000000000006
decision_type=2 2 2 2 2 2 2 2 2 2 2 2 2 2 2 2 2
left_child=1 2 14 4 -4 -5 7 8 -2 -10 12 -12 13 -8 -1 -3 -9
right_child=6 15 3 5 -6 -7 10 16 9 -11 11 -13 -14 -15 -16 -17 -18
leaf_value=0.030195331865186661 0.028756684479980432 -0.028271208749459098 -0.0012344494164271752 -0.0027094256467169631 -0.016860743910157364 0.015788042495024419 0.0033946439269763825 0.010084129688116807 -0.016626639454384712 0.016841224923313962 0.026057905217393824 -0.003957344597215931 0.018913946244157921 -0.018796912426885859 0.0010690278849569859 0 0.032296091688043545
leaf_weight=2.854798585176467 2.8263956643641004 3.1959569528698912 111.40284883417189 13.952877188101413 12.150619708001612 12.702760290354489 4.6544786989688935 1.5578890070319165 6.199162058532238 3.8965963087975979 4.1457428913563481 3.592487845569849 2.2012054938822976 9.3029021825641376 3.6910472996532917 1.5861321873962877 4.0742858443409204
leaf_count=19 26 45 746 99 84 86 46 18 42 32 39 27 24 62 27 15 48
internal_value=1.05879e-05 -0.00112004 -0.000534698 -0.00121845 -0.00280784 0.00601949 0.00437592 0.0109497 0.00358828 -0.00337653 -0.000627507 0.0118678 -0.00683214 -0.0112116 0.0144863 -0.0192888 0.0269586
internal_weight=203.988 161.537 156.755 150.209 123.553 26.6556 42.4511 18.5543 12.9222 10.0958 23.8968 7.73823 16.1586 13.9574 6.54585 4.78209 5.63217
internal_count=1485 1121 1061 1015 830 185 364 166 100 74 198 66 132 108 46 60 66
is_linear=0
shrinkage=0.03


end of trees

feature_importances:
报价日=203
市场波动率_120d=118
总分_delta_1y=65
波动率_60d=63
市场波动率比值=61
vol_ratio_60_250=60
同行PE_中位=57
盈利能力_delta_1y=56
个股PB=50
行业PB=50
行业年化收益_60d=49
同行市值_均值=49
净利润=48
市场距离MA250=48
净资产增长=47
price_vs_MA120=47
总分_T=46
FCF_T3=43
PB_vs_同行均值=43
行业胜率_120d=41
价格标准差=40
总分_T-4=39
MA250=39
行业PB_250d增长=39
波动率_250d=38
price_vs_MA250=38
资本支出_YoY=37
price_vs_MA20=37
盈利能力_T=35
行业年化收益_20d=35
行业波动率_250d=35
同行市值_中位=35
PB_vs_行业=35
毛利率=34
FCF_conversion=34
PE_vs_行业=34
行业PE_60d增长=34
年化收益_250d=33
capex_to_dep=33
成长能力_delta_2y=33
同行PE_均值=32
FCF_YoY=32
总分_T-3=31
成长能力_T-1=31
漂移率=31
营收_T=31
行业波动率_120d=31
流动比率=31
报价日_md=30
FCF_T2=30
vol_ratio_20_60=30
年化收益_120d=29
利息资本化率=28
研发费用率=28
MA20=27
营收_加速=27
区间收益_20d=26
资本支出_T3=26
总分_delta_2y=26
市场胜率_120d=26
盈利能力_T-1=25
波动率_20d=25
数据天数=25
现金利息负债比=25
区间收益_60d=24
胜率_250d=24
MA120=24
行业年化收益_250d=24
同行PB_均值=24
报价日价格=23
年化收益_20d=23
营收_T1=23
总分_T-2=22
折旧_T=22
盈利能力_delta_4y=22
市场年化收益_120d=22
行业波动率_20d=21
同行PS_中位=21
ROE增长=21
FCF_加速=21
PB_vs_同行中位=21
盈利能力_斜率=20
成长能力_T-2=20
个股PE=20
行业年化收益_120d=20
NOPAT_YoY=20
return_acceleration=20
总分_T-1=19
年化收益_60d=19
区间收益_120d=19
同行PE_标准差=19
总资产周转率=19
已获利息倍数=19
PE_vs_同行中位=19
胜率_120d=18
MA30=18
利润增长=18
资本支出_CAGR2=18
成长能力_delta_1y=18
盈利能力_T-3=17
成长能力_T=17
速动比率=17
净利率=17
资本支出_加速=17
行业区间收益_60d=16
流动资产周转率=16
营收_CAGR2=16
净利润_fcf_CAGR2=16
capex_intensity=16
成长能力_斜率=15
成长能力_T-3=15
波动率=15
净利润_fcf_T1=15
营业利润_T4=15
溢价率上限=14
盈利能力_T-4=14
资本支出_T1=14
报价日MA20=14
存货周转率=14
资产负债率=14
净利增长=14
总分_delta_4y=14
成长能力_delta_4y=14
PE_vs_同行均值=14
price_vs_MA60=14
行业PB_120d增长=14
FCF_T1=13
营收_T2=13
净利润_fcf_T4=13
胜率_20d=12
中位价=12
行业PE=12
营业利润_T3=12
营收_3年斜率=12
锁定价当前价=12
行业总天数=12
ROE=12
胜率_60d=11
MA60=11
均价_all=11
个股PS=11
折旧_T2=11
行业波动率_60d=11
同行公司数=11
同行PB_中位=11
现金流动负债比=11
营收增长=11
盈利能力_delta_2y=11
行业PB_60d增长=11
波动率_120d=10
区间收益_250d=10
FCF_T=10
营业利润_T2=10
折旧_T4=10
NOPAT_3年斜率=10
行业胜率_60d=10
行业MA120=10
同行PS_均值=10
应收账款周转率=10
营收_YoY=10
NOPAT_加速=10
NOPAT_margin=10
总分_斜率=9
折旧_T1=9
资本支出_T2=9
行业区间收益_20d=9
行业MA250=9
ROA=9
总营收增长=9
当前价=8
净利润_fcf_T2=8
折旧_T3=8
行业区间收益_120d=8
行业MA20=8
营收增长2=8
PS_vs_同行均值=8
行业PE_120d增长=8
成长能力_T-4=7
营业利润_T=7
行业级别=7
扣非净利增长=7
NOPAT_CAGR2=7
净利润_fcf_YoY=7
行业PE_250d增长=7
盈利能力_T-2=6
邀请日=6
营收_T3=6
资本支出_T4=6
行业区间收益_250d=6
行业胜率_250d=6
行业MA60=6
资本支出_T=5
净利润_fcf_T3=5
营收_T4=5
FCF_3年斜率=5
行业胜率_20d=5
产权比率=5
净利润_fcf_加速=5
净利润_fcf_T=4
营业利润_T1=4
NOPAT_T1=4
FCF_T4=4
行业漂移率=4
行业波动率_总=4
FCF_margin=4
子场景通过数=3
NOPAT_T2=3
NOPAT_T3=3
NOPAT_T4=3
总资产净利率=3
ROE摊薄=3
营业利润_YoY=3
营业利润_CAGR2=3
营业利润_加速=3
最新交易日=2
NOPAT_T=2
step2通过=2
FCF_CAGR2=2
个股PE_通过=1
DCF估值_通过=1
修正PE估值_通过=1
蒙特卡洛_通过=1
FCF年份_T=1
FCF年份_T1=1
FCF年份_T2=1

parameters:
[boosting: gbdt]
[objective: binary]
[metric: binary_logloss]
[tree_learner: serial]
[device_type: cpu]
[data_sample_strategy: bagging]
[data: ]
[valid: ]
[num_iterations: 300]
[learning_rate: 0.03]
[num_leaves: 31]
[num_threads: 4]
[seed: 42]
[deterministic: 0]
[force_col_wise: 0]
[force_row_wise: 0]
[histogram_pool_size: -1]
[max_depth: 5]
[min_data_in_leaf: 20]
[min_sum_hessian_in_leaf: 0.001]
[bagging_fraction: 0.8]
[pos_bagging_fraction: 1]
[neg_bagging_fraction: 1]
[bagging_freq: 0]
[bagging_seed: 400]
[bagging_by_query: 0]
[feature_fraction: 0.8]
[feature_fraction_bynode: 1]
[feature_fraction_seed: 30056]
[extra_trees: 0]
[extra_seed: 12879]
[early_stopping_round: 0]
[early_stopping_min_delta: 0]
[first_metric_only: 0]
[max_delta_step: 0]
[lambda_l1: 0.1]
[lambda_l2: 0.1]
[linear_lambda: 0]
[min_gain_to_split: 0]
[drop_rate: 0.1]
[max_drop: 50]
[skip_drop: 0.5]
[xgboost_dart_mode: 0]
[uniform_drop: 0]
[drop_seed: 17869]
[top_rate: 0.2]
[other_rate: 0.1]
[min_data_per_group: 100]
[max_cat_threshold: 32]
[cat_l2: 10]
[cat_smooth: 10]
[max_cat_to_onehot: 4]
[top_k: 20]
[monotone_constraints: ]
[monotone_constraints_method: basic]
[monotone_penalty: 0]
[feature_contri: ]
[forcedsplits_filename: ]
[refit_decay_rate: 0.9]
[cegb_tradeoff: 1]
[cegb_penalty_split: 0]
[cegb_penalty_feature_lazy: ]
[cegb_penalty_feature_coupled: ]
[path_smooth: 0]
[interaction_constraints: ]
[verbosity: -1]
[saved_feature_importance_type: 0]
[use_quantized_grad: 0]
[num_grad_quant_bins: 4]
[quant_train_renew_leaf: 0]
[stochastic_rounding: 1]
[linear_tree: 0]
[max_bin: 255]
[max_bin_by_feature: ]
[min_data_in_bin: 3]
[bin_construct_sample_cnt: 200000]
[data_random_seed: 175]
[is_enable_sparse: 1]
[enable_bundle: 1]
[use_missing: 1]
[zero_as_missing: 0]
[feature_pre_filter: 1]
[pre_partition: 0]
[two_round: 0]
[header: 0]
[label_column: ]
[weight_column: ]
[group_column: ]
[ignore_column: ]
[categorical_feature: ]
[forcedbins_filename: ]
[precise_float_parser: 0]
[parser_config_file: ]
[objective_seed: 16083]
[num_class: 1]
[is_unbalance: 1]
[scale_pos_weight: 1]
[sigmoid: 1]
[boost_from_average: 1]
[reg_sqrt: 0]
[alpha: 0.9]
[fair_c: 1]
[poisson_max_delta_step: 0.7]
[tweedie_variance_power: 1.5]
[lambdarank_truncation_level: 30]
[lambdarank_norm: 1]
[label_gain: ]
[lambdarank_position_bias_regularization: 0]
[eval_at: ]
[multi_error_top_k: 1]
[auc_mu_weights: ]
[num_machines: 1]
[local_listen_port: 12400]
[time_out: 120]
[machine_list_filename: ]
[machines: ]
[gpu_platform_id: -1]
[gpu_device_id: -1]
[gpu_use_dp: 0]
[num_gpu: 1]

end of parameters

pandas_categorical:[]
