tree
version=v4
num_class=1
num_tree_per_iteration=1
label_index=0
max_feature_idx=311
objective=binary sigmoid:1
feature_names=总分_T-4 总分_T-3 总分_T-2 总分_T-1 总分_T 评级_T-4 评级_T-3 评级_T-2 评级_T-1 评级_T 盈利能力_T-4 盈利能力_T-3 盈利能力_T-2 盈利能力_T-1 盈利能力_T 成长能力_T-4 成长能力_T-3 成长能力_T-2 成长能力_T-1 成长能力_T 总分_斜率 总分_趋势 盈利能力_斜率 盈利能力_趋势 成长能力_斜率 成长能力_趋势 综合趋势 市场指数_通过 行业PE_通过 个股PE_通过 DCF估值_通过 修正PE估值_通过 参数构造_通过 蒙特卡洛_通过 反向推算_通过 子场景通过数 定增建议参与 波动率_20d 年化收益_20d 区间收益_20d 胜率_20d 波动率_60d 年化收益_60d 区间收益_60d 胜率_60d 波动率_120d 年化收益_120d 区间收益_120d 胜率_120d 波动率_250d 年化收益_250d 区间收益_250d 胜率_250d MA20 MA30 MA60 MA120 MA250 当前价 均价_all 中位价 价格标准差 漂移率 波动率 数据天数 邀请日 最新交易日 行情_时间匹配 个股PE 个股PB 个股PS 行业PE 行业PB 行业PS 报价日价格 报价日MA20 锁定价当前价 融资金额 锁定期 溢价率 无风险利率 净资产负债表 净债务 净利润 营收增长率 营业利润率 Beta 溢价率下限 溢价率上限 有效阈值数 step1通过 step2通过 step3通过 行业级别 行业波动率_20d 行业年化收益_20d 行业区间收益_20d 行业胜率_20d 行业波动率_60d 行业年化收益_60d 行业区间收益_60d 行业胜率_60d 行业波动率_120d 行业年化收益_120d 行业区间收益_120d 行业胜率_120d 行业波动率_250d 行业年化收益_250d 行业区间收益_250d 行业胜率_250d 行业MA20 行业MA60 行业MA120 行业MA250 行业漂移率 行业波动率_总 行业总天数 sw_l1_code sw_l1_name sw_l2_code sw_l2_name sw_l3_code sw_l3_name 同行公司数 同行PE_均值 同行PE_中位 同行PE_标准差 同行PB_均值 同行PB_中位 同行PS_均值 同行PS_中位 同行市值_均值 同行市值_中位 营收_T 营业利润_T 净利润_fcf_T NOPAT_T 折旧_T 资本支出_T 营运资金变动_T FCF_T FCF年份_T 营收_T1 营业利润_T1 净利润_fcf_T1 NOPAT_T1 折旧_T1 资本支出_T1 营运资金变动_T1 FCF_T1 FCF年份_T1 营收_T2 营业利润_T2 净利润_fcf_T2 NOPAT_T2 折旧_T2 资本支出_T2 营运资金变动_T2 FCF_T2 FCF年份_T2 营收_T3 营业利润_T3 净利润_fcf_T3 NOPAT_T3 折旧_T3 资本支出_T3 营运资金变动_T3 FCF_T3 FCF年份_T3 营收_T4 营业利润_T4 净利润_fcf_T4 NOPAT_T4 折旧_T4 资本支出_T4 营运资金变动_T4 FCF_T4 FCF年份_T4 FCF_3年斜率 营收_3年斜率 NOPAT_3年斜率 财报年份 流动比率 速动比率 存货周转率 应收账款周转率 流动资产周转率 总资产周转率 ROA 总资产净利率 ROE ROE摊薄 现金流动负债比 现金利息负债比 净利率 毛利率 资产负债率 利息资本化率 产权比率 已获利息倍数 研发费用率 营收增长 利润增长 净利增长 扣非净利增长 ROE增长 总营收增长 营收增长2 净资产增长 report_year 总资产 流动资产 非流动资产 总负债 流动负债 非流动负债 股东权益 货币资金 存货 应收账款 商誉 无形资产 固定资产 总股本 短期借款 长期借款 应付债券 资产负债比 流动比率_bs 商誉占总资产比 无形资产占比 营业总收入 营业收入 营业利润 利润总额 归母净利润 sell_exp admin_exp fin_exp rd_exp 基本EPS EBIT EBITDA 营业利润率_is 净利润率_is 销售费用率 管理费用率 研发费用率_is 经营现金流 投资现金流 经营活动现金流小计 投资活动现金流 筹资活动现金流 net_profit 营收_YoY 营收_CAGR2 营收_加速 NOPAT_YoY NOPAT_CAGR2 NOPAT_加速 FCF_YoY FCF_CAGR2 FCF_加速 营业利润_YoY 营业利润_CAGR2 营业利润_加速 净利润_fcf_YoY 净利润_fcf_CAGR2 净利润_fcf_加速 资本支出_YoY 资本支出_CAGR2 资本支出_加速 FCF_margin FCF_conversion capex_to_dep capex_intensity NOPAT_margin 总分_delta_1y 总分_delta_2y 总分_delta_4y 盈利能力_delta_1y 盈利能力_delta_2y 盈利能力_delta_4y 成长能力_delta_1y 成长能力_delta_2y 成长能力_delta_4y PE_vs_行业 PB_vs_行业 PE_vs_同行均值 PE_vs_同行中位 PB_vs_同行均值 PB_vs_同行中位 PS_vs_同行均值 vol_ratio_20_60 vol_ratio_60_250 return_acceleration price_vs_MA20 price_vs_MA60 price_vs_MA120 price_vs_MA250 行业PE_60d增长 行业PB_60d增长 行业PE_120d增长 行业PB_120d增长 行业PE_250d增长 行业PB_250d增长 市场波动率_120d 市场年化收益_120d 市场胜率_120d 市场_above_MA250 市场距离MA250 市场波动率比值
feature_infos=[52.25:86.579999999999998] [53:86.280000000000001] [52.5:85.579999999999998] [53:88.5] [52.880000000000003:87.379999999999995] none none none none none [15:27] [15:27] [15:27] [15:27] [15:27] [12.5:22.5] [12.5:22.5] [12.5:22.25] [12.5:22.5] [12.5:22.5] [-6.8899999999999997:5.7800000000000002] none [-3.1400000000000001:3.4199999999999999] none [-2.29:1.98] none none [0:1] [0:1] [0:1] [0:1] [0:1] [0:1] [0:1] [0:1] [0:8] [0:1] [0.10979999999999999:2.5908000000000002] [-4.2196999999999996:4953.141318846906] [-0.34108761329305137:0.97513812154696144] [0.20000000000000001:0.90000000000000002] [0.1406:1.575] [-2.0413000000000001:15.088498507053909] [-0.4899:1.2024999999999999] [0.31669999999999998:0.67796610169491522] [0.15859999999999999:1.2012] [-1.4400999999999999:6.6543249632550365] [-0.69130000000000003:2.1351] [0.29170000000000001:0.60504201680672265] [0.1525:1.0705] [-0.75570000000000004:11.0679] [-0.75570000000000004:11.0679] [0:0.59599999999999997] [1.8500000000000001:687.5] [1.8100000000000001:695.48000000000002] [1.78:667.38] [1.76:650.98383333333334] [1.8:570.80999999999995] [1.71:712] [1.8500000000000001:515.64999999999998] [1.8:512.89999999999998] [0.12:132.25999999999999] [-2.0413000000000001:5.0105000000000004] [0.1406:1.575] [166:500] [20191231:20260530] [20200103:20260602] [-1:1] [-5697.5200000000004:6752.1841999999997] [0.33069999999999999:118.783] [0.039800000000000002:329.20710000000003] [4.1900000000000004:2079.0300000000002] [0.41999999999999998:25.09] none [1.71:712] [1.8500000000000001:687.5] [1.71:712] none none none none none none [-28116000000:73849000000] none none none none [-20:0] [1:3] [0:1] [0:1] [0:1] [161.81:139165.16] [0.080299999999999996:0.92869999999999997] [-3.2052:9.1241000000000003] [-0.25640000000000002:0.72989999999999999] [0.10000000000000001:0.80000000000000004] [0.094100000000000003:0.76019999999999999] [-1.4590000000000001:4.2027000000000001] [-0.35010000000000002:1.0086999999999999] [0.31669999999999998:0.7167] [0.0974:0.66820000000000002] [-0.80169999999999997:2.6808000000000001] [-0.38479999999999998:1.2867999999999999] [0.31669999999999998:0.625] [0.11550000000000001:0.66259999999999997] [-0.51549999999999996:4.4028] [-0.51549999999999996:4.4028] [0.35599999999999998:0.61199999999999999] [159.78:133913.85000000001] [160.69:133169.76999999999] [156.38999999999999:129637.69] [159.78999999999999:100391.05] [-1.4590000000000001:4.2027000000000001] [0.094100000000000003:0.76019999999999999] [306:679] none none none none none none [1:30] [4.1795599999999995:2924.1673000000001] [4.2051999999999996:2924.1673000000001] [0:167.66295472620476] [0.48230000000000006:709.11890000000005] [0.47239999999999999:709.11890000000005] [0.23304285714285713:1300.3074703703703] [0.058200000000000002:32.868699999999997] [15.378376556666666:10547.666900325999] [16.9008:10254.502892479999] [0.31118218350000004:4483.2549062437001] [-218.51458:883.62] [-166.42310000000001:761.70000000000005] [-218.51458:883.62] [0.00087798968000000013:205.7192] [0.00060701750000000001:455.18304000000001] none [-381.13902751559999:957.03999999999996] [2019:2025] [0:4060.3184799999999] [-184.99903:913.66999999999996] [-144.09429:641.99000000000001] [-184.99903:913.66999999999996] [3.2636999999999999e-05:205.54640000000001] [0:711.99734337759992] none [-385.78217000000001:1542.01] [2018:2024] [0.026383170000000001:3663.9330100000002] [-42.5531045468:981.38] [-39.248952115500003:696.25999999999999] [-42.5531045468:981.38] [8.081047999999999e-06:198.70480000000001] [0:783.53940971220004] none [-585.19622907910002:842.84000000000003] [2017:2023] [0.029456719999999999:3352.1599999999999] [-85.493939999999995:782.41999999999996] [-49.653460000000003:523.11000000000001] [-85.493939999999995:782.41999999999996] [1.0683200000000001e-06:190.42080000000001] [9.7799200000000004e-05:581.19829362559994] none [-1027.78:1781.77] [2016:2022] [0.059927300000000003:2699.2166720331002] [-18.508875164199999:634.89999999999998] [-16.726886349899999:476.82999999999998] [-18.508875164199999:634.89999999999998] [8.8831440000000007e-05:199.76124410254397] [1.804e-05:731.38582189140004] none [-4082.02:628.76999999999998] [2015:2021] [-412.24028663694992:135.82104726164999] [-503.06394775159998:308.24510000000026] [-95.084999999999908:155.14894500000003] none [0:22.493477707102283] [0:19.366269406896329] [0:5745.8387062731417] [0:41421.304226773675] [0:6.3713791259213473] [0.0072556734388274985:3.5069868383545062] [-80.135480148817123:55.29856625835555] [-82.932873227559114:49.973877650634961] [-975.62448234876695:2325.0207135455548] [-975.62448234876695:2325.0207135455548] [0:1866.2827877809275] [0:480710.32565284497] [-2083.7965347340778:178.79425550989546] [-140.54990256367356:95.727454983640897] [4.1580638811641002:121.52154902514354] [0:238.75296491124192] [-24.680404969594452:138.45436213210277] [-7426.2486220065193:182715.67402954644] [0:8.6184999999999992] [-38156.287906784579:7688.5124883315657] [-38319.843873257007:39988.328341188084] [-25996.024672961608:3793.7493332751542] [-25996.024672961608:3793.7493332751542] [-4923.4487608670906:4459.0622129664926] [-86.994340183235224:7774.1002563265629] [-89.031200345385017:7774.1002563265629] [-367.92324402145817:624636.50373965641] none none none none none none none none none none none none none none none none none none none none none none none none none none none none none none none none none none none none none none none none none none none none none [-0.78875002017069107:408.52808802813507] [-0.81251889440674285:23.841659053659008] [-428.60111103776654:409.40370377863059] [-224.91252583660025:535.3238758578575] [-0.94926988945123936:18.77565703686891] [-223.90254367766238:536.09105925602933] [-218.22885594267876:6801.815302554458] [-0.91736347466431289:13.960463791366763] [-926.67920043263291:6802.8126340889803] [-224.91252583660025:535.3238758578575] [-0.94926988945123936:18.77565703686891] [-223.90254367766238:536.09105925602933] [-66.530825663418327:253.29013288067517] [-0.87026802071592435:11.209098329388533] [-131.83559460365606:254.06804007945726] [-0.99474440222308358:1414.5466204455097] [-0.80390211370451803:474.31337014830444] [-123778.58890892175:1415.4757142731469] [-10.871419568962798:2.6582966117430842] [-666.60014374148591:416.57496158843674] [0.0043898472312842067:1171.6408341386843] [0.00016650564710816957:3.4349757038257804] [-12.133075162254579:1.3891045069482229] [-27:17.499999999999993] [-25.830000000000005:22.850000000000009] [-27.980000000000004:21.920000000000002] [-12:12] [-12:11.550000000000001] [-12:11.550000000000001] [-9:9] [-8.75:9] [-9.120000000000001:8.379999999999999] [-207.55992714025504:245.98120947176685] [0.11996194824961948:41.101384083044984] [-66.830504569541517:89.407791498149493] [-118.10461160872531:143.10341122351986] [0.0062564966185501471:50.739956813604365] [0.0062564966185501471:57.481671465556886] [0.0030515090395272526:96.97160528183656] [0.23404764003850975:1.6767167258970537] [0.34684827367754201:1.8339417065825907] [-4.0342000000000002:13.958286402836777] [0.74201340455210441:1.5733137829912023] [0.65724703737465817:1.675061804697157] [0.57564814315744084:1.8038563454924732] [0.44384579656293544:2.1342805683410044] [-0.59367313473626671:1.3407928388746804] [-0.47484493452791177:1.1521381578947372] [-0.62759390596270026:1.9667747163695299] [-0.7381465517241379:1.120675105485232] [-0.78960760680326769:5.4502969678024389] [-0.67403017241379315:2.5970873786407767] [0.11652689607196304:0.49418375383761609] [-0.84037644463935102:1.0346442393394357] [0.36666666666666664:0.6166666666666667] [0:1] [-0.29634773883876053:0.49110781547974391] [0.33987433355820068:1.7028113305691333]
tree_sizes=1595 1618 1496 1410 1614 1510 1515 1506 1503 1508 1612 1616 1616 1516 1506 1517 1412 1415 1612 1496 2766 1515 1489 1299 2259 1506 1491 1837 1402 2253 1513 2261 2256 1498 1529 1512 1950 1516 1419 1626 2151 1512 2356 1513 1311 1627 1807 1411 1410 2906 1301 1195 1621 1311 2369 1526 1282 1810 2667 1072 1848 1844 1723 1707 1379 2144 1516 1513 1608 1809 1408 1204 1209 1414 2152 1518 1732 1949 2266 1203 2056 1179 2251 2463 1631 2161 1308 1633 1633 2775 1310 1843 2264 1415 2168 1416 1833 1421 2243 1727 1717 1407 1419 1616 2273 1311 2481 1622 1398 2063 1614 1211 1106 1634 1421 1308 2685 1411 1410 1942 2369 1403 2051 1507 1421 1844 2052 1533 1212 1103 1640 1322 1106 1306 1949 1844 1831 1305 1851 1311 2232 1214 1809 1302 1527 1391 2062 1843 1420 1095 1923 1741 1293 1624 1006 1844 2169 1094 2370 1291 1524 1927 1959 1106 1743 1612 1427 1099 1220 1316 1626 1001 1519 2682 1832 2376 1939 1850 1316 1312 2361 1634 1826 1200 2578 1629 1002 1293 2679 2044 1327 2018 1003 1633 2798 1741 1727 1738 1002 1744 794 2356 2379 1727 1628 1419 2581 1626 1003 1728 1002 2454 2065 2697 2153 1185 1101 1636 1090 1635 2665 972 1519 1108 2373 1628 1319 1324 1949 875 1846 2256 1002 2479 1210 2366 981 1325 2058 1383 1379 1424 2548 1846 1712 1628 2159 2784 2163 1215 2464 2449 1819 1212 987 1728 1509 2057 1823 1639 1824 1209 1317 2589 2380 1106 1522 1638 1533 1626 2141 2026 1214 2457 1102 2123 1417 1186 1215 2034 2780 2066 1301 2378 2040 1922 1422 2148 1208 2174 1822 1407 1626 985 1908 1530 1745 2036 1416 1401

Tree=0
num_leaves=14
num_cat=0
split_feature=66 66 66 74 306 39 254 56 178 281 83 277 190
split_gain=61.874 71.6502 42.9226 38.7319 24.2577 18.3935 11.6133 9.48257 8.12688 5.91135 5.14403 4.4386 1.43439
threshold=20250976.000000004 20240265.000000004 20230527.500000004 12.785000000000002 0.2940517751148885 -0.050649999999999994 0.24483549392908902 10.595000000000001 0.34949509702500015 -1.2749999999999992 13663811.085000003 -3.0699999999999963 7.9637889955034549
decision_type=2 2 2 2 2 2 2 2 2 2 2 2 2
left_child=1 2 3 5 -5 -1 9 8 -4 11 -9 -3 -11
right_child=-2 6 7 4 -6 -7 -8 10 -10 12 -12 -13 -14
leaf_value=-0.1951255324010546 -0.30006496988946074 -0.19490068760401366 -0.22717517181016381 -0.25402541485010099 -0.22558126382415583 -0.22955970933619196 -0.23786378193573249 -0.26585009904115076 -0.27807449770991344 -0.17938933405036944 -0.2972854098325548 -0.2330092034724546 -0.19889406132696236
leaf_weight=17.033640190958977 14.526929453015326 6.0982394367456436 5.6839371174573881 119.5798248052597 34.734161764383316 80.460963428020477 6.6688136905431739 7.8699270039796856 5.3777531683444977 16.394015550613407 13.857322409749029 5.6148867309093458 7.8517558425664893
leaf_count=56 59 20 20 445 122 285 24 30 21 52 56 20 26
internal_value=-0.239725 -0.237022 -0.242474 -0.238258 -0.247594 -0.223466 -0.200789 -0.274686 -0.251706 -0.194041 -0.286174 -0.21264 -0.185358
internal_weight=341.752 327.225 284.598 251.809 154.314 97.4946 42.6277 32.7889 11.0617 35.9589 21.7272 11.7131 24.2458
internal_count=1236 1177 1035 908 567 341 142 127 41 118 86 40 78
is_linear=0
shrinkage=1


Tree=1
num_leaves=14
num_cat=0
split_feature=65 65 65 74 306 38 254 57 286 281 126 283 190
split_gain=58.5356 67.0323 40.4948 36.3128 22.788 15.6197 10.7978 9.03106 8.05957 5.45608 5.00386 4.18497 1.30574
threshold=20250973.000000004 20240226.500000004 20230524.500000004 12.785000000000002 0.2940517751148885 -0.63334999999999997 0.24483549392908902 10.225000000000003 1.1549589464454579 -1.2749999999999992 80.270576862582189 -0.44000000000000034 7.9637889955034549
decision_type=2 2 2 2 2 2 2 2 2 2 2 2 2
left_child=1 2 3 5 -5 -1 9 8 -4 11 -9 -3 -11
right_child=-2 6 7 4 -6 -7 -8 10 -10 12 -12 -13 -14
leaf_value=0.049615150553617357 -0.051656941745627398 0.050592038236480973 0.0200858332645323 -0.0066207526729184811 0.020923829992598491 0.017466107034211666 0.0090558305659714251 -0.047076186684265116 -0.030626523804708396 0.065317355982339578 -0.013856254182872434 0.013636987081566857 0.046629074204987658
leaf_weight=16.497452259063721 14.422900959849356 6.1311616599559784 5.6819097995758039 119.47821661829948 34.822642505168915 81.263738989830017 6.6763362884521475 15.565584510564806 5.3702606856822968 16.512553691864017 6.0507505089044562 5.626707658171652 7.8939979672431937
leaf_count=54 59 20 20 445 122 287 24 63 21 52 23 20 26
internal_value=0.00725194 0.00986982 0.00458696 0.00867145 -0.000375531 0.0229672 0.0448187 -0.0267666 -0.00434002 0.051295 -0.0380222 0.0334244 0.0596102
internal_weight=341.994 327.571 284.731 252.062 154.301 97.7612 42.8408 32.6685 11.0522 36.1644 21.6163 11.7579 24.4066
internal_count=1236 1177 1035 908 567 341 142 127 41 118 86 40 78
is_linear=0
shrinkage=0.03


Tree=2
num_leaves=13
num_cat=0
split_feature=65 65 65 69 56 64 76 123 146 254 19 294
split_gain=55.4323 62.8302 39.2403 37.0015 18.0969 16.6109 14.2992 20.3429 12.5952 10.0774 6.56322 4.43603
threshold=20250973.000000004 20240226.500000004 20210730.500000004 3.6142750000000006 4.495000000000001 331.50000000000006 15.000000000000002 14.500000000000002 0.12925319000000005 0.24483549392908902 15.940000000000003 1.2210423064398093
decision_type=2 2 2 2 2 2 2 2 2 2 2 2
left_child=1 2 6 4 -4 -5 8 -8 -1 10 11 -3
right_child=-2 9 3 5 -6 -7 7 -9 -10 -11 -12 -13
leaf_value=-0.01243776989590778 -0.05054116693818457 0.062755755345426475 0.053420906198951949 0.00049418117765159385 0.0046276279584095675 -0.028318985320138667 0.023119984805389817 -0.011966307326985857 0.03454004276751748 0.0087789207546098841 0.022899871600063997 0.033137845065514475
leaf_weight=5.6074493527412406 14.30306853353977 22.22250829637051 7.3954307436943045 26.209169998764992 81.712107375264168 56.033467978239059 34.55212277173996 25.850601643323898 47.439729586243629 6.683361902832984 7.2566349953413001 6.8320814073085776
leaf_count=21 59 70 24 96 297 218 121 97 161 24 25 23
internal_value=0.007033 0.009569 0.00444727 -0.00459978 0.00876617 -0.0191109 0.01813 0.00805953 0.0295037 0.0433372 0.0495739 0.0560317
internal_weight=342.098 327.795 284.8 171.35 89.1075 82.2426 113.45 60.4027 53.0472 42.9946 36.3112 29.0546
internal_count=1236 1177 1035 635 321 314 400 218 182 142 118 93
is_linear=0
shrinkage=0.03


Tree=3
num_leaves=12
num_cat=0
split_feature=66 66 66 58 95 306 37 255 99 281 284
split_gain=52.5394 58.958 37.5231 32.6137 27.5775 15.8418 8.62918 8.60041 6.51649 5.91921 4.96345
threshold=20250976.000000004 20240265.000000004 20230527.500000004 14.920000000000002 -0.42839999999999995 0.18807366726482624 0.26800000000000007 0.32581747357599905 1.0450500000000003 -1.1249999999999998 -0.94000000000000028
decision_type=2 2 2 2 2 2 2 2 2 2 2
left_child=1 2 3 5 -5 -1 -4 8 9 -3 -8
right_child=-2 7 6 4 -6 -7 10 -9 -10 -11 -12
leaf_value=0.0048821722388035999 -0.049503039863410238 0.030933761119253965 -0.0023332462933750957 -0.022760754033627158 0.0068750360546374943 0.028478054958044584 -0.048158711389933863 0.0064255987498206485 0.016549476295360667 0.060902291462313664 -0.018630910308390588
leaf_weight=39.942638635635376 14.169035777449606 9.1769188344478625 9.95736415684223 39.265611365437508 99.941762760281563 73.217772930860519 13.209457606077192 5.5777131915092459 5.7396746426820746 22.609071657061577 9.3337705582380313
leaf_count=144 59 31 37 151 362 251 54 20 20 71 36
internal_value=0.00682216 0.00927901 0.00431293 0.00823171 -0.001473 0.0201875 -0.0259563 0.0419442 0.0471127 0.0524683 -0.0362018
internal_weight=342.141 327.972 284.868 252.368 139.207 113.16 32.5006 43.1034 37.5257 31.786 22.5432
internal_count=1236 1177 1035 908 513 395 127 142 122 102 90
is_linear=0
shrinkage=0.03


Tree=4
num_leaves=14
num_cat=0
split_feature=66 66 66 61 39 137 56 160 254 190 126 2 183
split_gain=49.8367 55.4104 35.6994 30.705 31.2393 16.3399 13.7863 12.5812 9.05697 8.56485 4.84385 7.68019 1.01795
threshold=20250976.000000004 20240265.000000004 20210802.500000004 2.7450000000000006 0.061950000000000012 0.12359273156000002 13.758458333333335 65.233925331050017 0.24483549392908902 1.4613654428703409 62.290609364525444 63.135000000000005 0.80214977305616497
decision_type=2 2 2 2 2 2 2 2 2 2 2 2 2
left_child=1 2 5 4 -4 9 -7 -5 10 -1 12 -12 -3
right_child=-2 8 3 7 -6 6 -8 -9 -10 -11 11 -13 -14
leaf_value=-0.044803498007385013 -0.048535015417730303 0.042497289883768372 0.017986596273639716 -0.024078208079827048 -0.016740067566744246 0.032922516255034048 0.01059631691610418 0.020159296006761911 0.0079084370837225731 0.0049062936531196087 0.055061841655690148 0.010012426999026486 0.060524673006750976
leaf_weight=5.0045582652091962 14.022287607192991 6.7549632042646435 66.976306408643723 62.365779712796211 35.572166547179222 47.990189447999001 53.010813474655151 6.2270850092172614 6.7031378000974646 7.7462234497070312 6.6463793814182264 7.3858873546123505 15.675258159637449
leaf_count=20 59 22 236 242 135 162 190 22 24 28 21 26 49
internal_value=0.00661794 0.00899857 0.00418125 -0.00446268 0.00590676 0.017205 0.0212563 -0.019995 0.0406404 -0.0145677 0.0465376 0.031801 0.0554415
internal_weight=342.081 328.059 284.893 171.141 102.548 113.752 101.001 68.5929 43.1656 12.7508 36.4625 14.0323 22.4302
internal_count=1236 1177 1035 635 371 400 352 264 142 48 118 47 71
is_linear=0
shrinkage=0.03


Tree=5
num_leaves=13
num_cat=0
split_feature=65 65 65 69 65 290 254 37 182 281 277 38
split_gain=47.3144 52.171 34.7637 29.0922 23.6298 17.699 8.52567 8.02142 4.92432 4.62807 3.77632 1.12249
threshold=20250973.000000004 20240226.500000004 20230524.500000004 3.4793500000000006 20210730.500000004 1.3970893530770572 0.24483549392908902 0.26800000000000007 1.9394748117653713 -1.2749999999999992 -3.0699999999999963 -0.24704999999999996
decision_type=2 2 2 2 2 2 2 2 2 2 2 2
left_child=1 2 3 5 -5 -1 9 -4 -9 10 -3 -11
right_child=-2 6 7 4 -6 -7 -8 8 -10 11 -12 -13
leaf_value=0.021877173164144337 -0.047630504390423142 0.044976702898663533 -0.0024078310336664282 0.011986287552679014 -0.013162333346989493 -0.024412115679759983 0.0076687357525246384 -0.047315252328570305 -0.017915904504067239 0.038540388818776923 0.010158478182700756 0.057089746145808383
leaf_weight=109.48867298662663 13.864196404814718 6.1894210129976273 9.9562533199787122 61.799504697322845 73.444054648280144 7.83362953364849 6.7083232998847953 12.879856228828432 9.4801243096590024 6.1153591126203528 5.6799890100955945 18.486725687980655
leaf_count=380 59 20 37 220 278 30 24 53 37 20 20 58
internal_value=0.00642375 0.00873109 0.00405553 0.00781565 -0.00164815 0.0187427 0.0394285 -0.0251724 -0.0351194 0.0451512 0.0287895 0.0527751
internal_weight=341.926 328.062 284.882 252.566 135.244 117.322 43.1798 32.3162 22.36 36.4715 11.8694 24.6021
internal_count=1236 1177 1035 908 498 410 142 127 90 118 40 78
is_linear=0
shrinkage=0.03


Tree=6
num_leaves=13
num_cat=0
split_feature=65 65 65 58 95 46 284 41 255 100 281 128
split_gain=44.9497 49.1903 32.8303 28.0561 25.6417 12.8233 8.08348 8.8391 7.48422 5.83236 5.24307 3.98756
threshold=20250973.000000004 20240226.500000004 20230524.500000004 14.920000000000002 -0.42839999999999995 0.0042500000000000012 -1.4400000000000002 0.41155000000000003 0.32581747357599905 0.24630000000000005 -1.1249999999999998 1.9922500000000001
decision_type=2 2 2 2 2 2 2 2 2 2 2 2
left_child=1 2 3 5 -5 -1 11 -8 9 10 -3 -4
right_child=-2 8 6 4 -6 -7 7 -9 -10 -11 -12 -13
leaf_value=0.029474736435618452 -0.046783703974959408 0.027950296138773069 -0.014275034017326754 -0.022019615639425966 0.0065959630421190832 0.0091522294351776261 0.012491038903399166 -0.035668705029711055 0.005182919317112825 0.014248043705891103 0.056120301305702565 -0.04662417023189408
leaf_weight=52.749754652380943 13.6960352063179 9.2063969075679797 5.2062793821096447 39.105254307389259 100.01155464351177 60.815441220998764 8.2654867321252805 5.6672019064426413 5.5903867781162253 5.7524515390396109 22.603489488363266 13.026783987879751
leaf_count=179 59 31 20 151 362 216 30 23 20 20 71 54
internal_value=0.00623469 0.00847127 0.00393161 0.00757685 -0.00143627 0.0186358 -0.0245458 -0.00699902 0.0382894 0.0431102 0.0481745 -0.0376791
internal_weight=341.697 328 284.848 252.682 139.117 113.565 32.1658 13.9327 43.1527 37.5623 31.8099 18.2331
internal_count=1236 1177 1035 908 513 395 127 53 142 122 102 74
is_linear=0
shrinkage=0.03


Tree=7
num_leaves=13
num_cat=0
split_feature=65 65 65 287 64 306 137 123 190 254 19 294
split_gain=42.734 46.409 31.1802 27.7371 19.8296 15.2116 15.1743 12.4011 8.09101 7.77599 6.00529 4.13884
threshold=20250973.000000004 20240226.500000004 20210730.500000004 1.2802729135618482 331.50000000000006 0.2940517751148885 0.12359273156000002 14.500000000000002 1.4613654428703409 0.24483549392908902 15.940000000000003 1.2210423064398093
decision_type=2 2 2 2 2 2 2 2 2 2 2 2
left_child=1 2 6 4 -4 -5 8 -8 -1 10 11 -3
right_child=-2 9 3 5 -6 -7 7 -9 -10 -11 -12 -13
leaf_value=-0.044135288732971414 -0.045989490913926102 0.055299953049835225 0.026279281886111911 -0.022567283681612763 -0.0029542145848586916 0.020239737831896639 0.028689694192437252 0.0072569110929710098 0.0041995758849804714 0.006905079200490884 0.01735811837600236 0.026970331217330525
leaf_weight=4.9861070811748487 13.5189803391695 22.239609166979793 30.707206383347511 67.411492928862572 64.336804136633873 8.2489312142133695 59.310179442167282 42.004581570625305 7.762808158993721 6.7216449677944174 7.28148229420185 6.8504468053579322
leaf_count=20 59 70 106 262 238 29 202 150 28 24 25 23
internal_value=0.00605291 0.00822134 0.00381304 -0.00428759 0.00647683 -0.0178401 0.0159556 0.0198493 -0.0146671 0.0372065 0.0426898 0.0488466
internal_weight=341.38 327.861 284.768 170.704 95.044 75.6604 114.064 101.315 12.7489 43.0932 36.3715 29.0901
internal_count=1236 1177 1035 635 344 291 400 352 48 142 118 93
is_linear=0
shrinkage=0.03


Tree=8
num_leaves=13
num_cat=0
split_feature=65 65 65 74 306 39 57 254 286 19 83 294
split_gain=40.655 43.824 30.1429 26.1384 20.3629 15.531 7.73029 7.36178 7.32658 5.69323 5.02289 3.93096
threshold=20250973.000000004 20240226.500000004 20230524.500000004 12.785000000000002 0.2940517751148885 -0.050649999999999994 10.225000000000003 0.24483549392908902 1.1549589464454579 15.940000000000003 13663811.085000003 1.2210423064398093
decision_type=2 2 2 2 2 2 2 2 2 2 2 2
left_child=1 2 3 5 -5 -1 8 9 -4 11 -8 -3
right_child=-2 7 6 4 -6 -7 10 -9 -10 -11 -12 -13
leaf_value=0.045070351358836643 -0.04524333471655631 0.053850205756342591 0.020295068301284171 -0.0064419661025496879 0.019564205900902649 0.013660725356113479 -0.014118375649066733 0.0066971907367590587 -0.028302344865275587 0.016850340430384265 -0.045510802160296772 0.026197848999449824
leaf_weight=17.279603481292725 13.334120213985441 22.157068639993671 5.6687445342540759 119.2182829529047 34.95184899866581 81.321915104985237 7.647331282496455 6.7254288941621772 5.283282145857811 7.2789295613765708 13.335502967238424 6.8439121842384329
leaf_count=56 59 70 20 445 122 285 30 24 21 25 56 23
internal_value=0.0058781 0.00798047 0.00369929 0.00718034 -0.000517811 0.0192356 -0.0236968 0.0361791 -0.00292095 0.0415284 -0.0343332 0.0475401
internal_weight=341.046 327.712 284.707 252.772 154.17 98.6015 31.9349 43.0053 10.952 36.2799 20.9828 29.001
internal_count=1236 1177 1035 908 567 341 127 142 41 118 86 93
is_linear=0
shrinkage=0.03


Tree=9
num_leaves=13
num_cat=0
split_feature=65 65 65 69 83 64 137 56 190 254 19 294
split_gain=38.7028 41.4254 28.5641 29.4159 17.8136 14.3445 14.2433 11.6716 7.63165 6.98392 5.41418 3.75022
threshold=20250973.000000004 20240226.500000004 20210730.500000004 3.6142750000000006 19922274.935000006 331.50000000000006 0.12359273156000002 13.758458333333335 1.4613654428703409 0.24483549392908902 15.940000000000003 1.2210423064398093
decision_type=2 2 2 2 2 2 2 2 2 2 2 2
left_child=1 2 6 4 -4 -5 8 -8 -1 10 11 -3
right_child=-2 9 3 5 -6 -7 7 -9 -10 -11 -12 -13
leaf_value=-0.043225294280504936 -0.04454119793329793 0.052510402119208509 0.026709027839821063 0.00096151632397229543 -0.001706409679311218 -0.02590919122513665 0.029671935919851032 0.0091722533202964057 0.003774515235024715 0.0064958171651157883 0.016359592888730699 0.025455600873562158
leaf_weight=4.9585342556238157 13.142459720373152 22.044931009411815 29.535857185721397 26.124282523989677 59.611450240015984 55.096831828355789 48.217744827270508 53.239053681492805 7.7707587629556656 6.7289487868547431 7.2754124999046317 6.8352107703685752
leaf_count=20 59 70 102 96 219 218 162 190 28 24 25 23
internal_value=0.00571002 0.0077491 0.00358938 -0.00417812 0.00769382 -0.0172389 0.0151985 0.018964 -0.014494 0.035208 0.0404362 0.0463207
internal_weight=340.581 327.439 284.555 170.368 89.1473 81.2211 114.186 101.457 12.7293 42.8845 36.1556 28.8801
internal_count=1236 1177 1035 635 321 314 400 352 48 142 118 93
is_linear=0
shrinkage=0.03


Tree=10
num_leaves=14
num_cat=0
split_feature=65 65 65 69 311 83 284 41 254 126 2 52 182
split_gain=36.8668 39.1955 28.0564 23.7392 23.3345 15.9657 7.64364 8.14084 6.63784 4.39948 6.76797 3.94686 0.513807
threshold=20250973.000000004 20240226.500000004 20230524.500000004 2.2794500000000002 1.1118182608657612 120894416.76500002 -1.4400000000000002 0.41155000000000003 0.24483549392908902 62.290609364525444 63.135000000000005 0.44088353413654624 1.3669415765896253
decision_type=2 2 2 2 2 2 2 2 2 2 2 2 2
left_child=1 2 3 5 -5 -1 11 -8 9 12 -11 -4 -3
right_child=-2 8 6 4 -6 -7 7 -9 -10 10 -12 -13 -14
leaf_value=0.035328540577330515 -0.043879474333264924 0.039498109729940792 -0.013208883906842396 -0.0035860133278184285 0.022917818227475295 0.0041692636212719977 0.012669967217833472 -0.03383305956735215 0.006300728918372054 0.047496159333779528 0.0051406061156017884 -0.045210575404146726 0.053002161687264925
leaf_weight=37.267981559038162 12.944928139448164 8.8557081967592257 5.3350719064474168 153.46657851338387 37.004046693444252 24.945106863975525 8.2474115490913373 5.5600895285606375 6.7322213798761359 6.526620998978613 7.3863336890935898 12.567319959402083 13.232918202877043
leaf_count=124 59 29 21 567 128 89 30 23 24 21 26 53 42
internal_value=0.005548 0.0075259 0.00348339 0.00683283 0.00155665 0.0229097 -0.0230502 -0.00594907 0.0342878 0.0394063 0.025421 -0.0359668 0.0479258
internal_weight=340.072 327.127 284.394 252.684 190.471 62.2131 31.7099 13.8075 42.7338 36.0016 13.913 17.9024 22.0886
internal_count=1236 1177 1035 908 695 213 127 53 142 118 47 74 71
is_linear=0
shrinkage=0.03


Tree=11
num_leaves=14
num_cat=0
split_feature=65 65 65 69 65 290 53 10 254 126 2 183 198
split_gain=35.137 37.1378 26.5232 22.8727 20.8723 14.6622 7.45818 7.13569 6.32276 4.1972 6.44316 1.06525 0.425614
threshold=20250973.000000004 20240226.500000004 20230524.500000004 3.4625500000000007 20210730.500000004 1.3970893530770572 17.320000000000004 16.275000000000002 0.24483549392908902 62.290609364525444 63.135000000000005 0.80214977305616497 0.45312922968387565
decision_type=2 2 2 2 2 2 2 2 2 2 2 2 2
left_child=1 2 3 5 -5 -1 7 -4 9 11 -11 -3 -8
right_child=-2 8 6 4 -6 -7 12 -9 -10 10 -12 -13 -14
leaf_value=0.019199066969120056 -0.043254948182115484 0.034178631977213658 -0.036483914804305677 0.010984974333365011 -0.012561944181989399 -0.023573101762214228 -0.030354241009531997 0.001966865075129204 0.0061117112367971493 0.046399798475794257 0.0049892391419746069 0.051806549709062129 -0.046692698409903942
leaf_weight=109.02414436638355 12.742382660508154 6.6293883770704296 6.3219977319240632 62.623401120305061 73.491181582212448 7.5788209289312354 4.7811047434806806 12.989461869001387 6.7352623194456092 6.4834192246198636 7.3851648569107056 15.322144895792006 7.4377897977828979
leaf_count=377 59 22 26 222 280 29 20 49 24 21 26 49 32
internal_value=0.00539097 0.00730956 0.00337952 0.00662784 -0.00170638 0.0163755 -0.0224998 -0.0105893 0.0334204 0.0384404 0.0247566 0.0467981 -0.0408415
internal_weight=339.546 326.803 284.248 252.718 136.115 116.603 31.5304 19.3115 42.5554 35.8201 13.8686 21.9515 12.2189
internal_count=1236 1177 1035 908 502 406 127 75 142 118 47 71 52
is_linear=0
shrinkage=0.03


Tree=12
num_leaves=14
num_cat=0
split_feature=65 65 74 306 107 72 15 14 167 17 146 258 90
split_gain=33.5055 35.2213 25.3888 26.0727 21.6144 12.9578 9.61634 16.2818 6.72932 6.34026 3.82909 3.29534 1.09287
threshold=20250973.000000004 20240226.500000004 6.4250000000000007 0.2940517751148885 0.74495000000000011 2.8650000000000007 16.060000000000006 17.925000000000004 -1.0292809811999999 18.940000000000001 0.43294966726400003 0.1069807551339388 1.0000000180025095e-35
decision_type=2 2 2 2 2 2 2 2 2 2 2 2 2
left_child=1 2 6 4 -4 -5 7 -1 -8 10 11 -3 -12
right_child=-2 9 3 5 -6 -7 8 -9 -10 -11 12 -13 -14
leaf_value=-0.011807104530708837 -0.042664718453154095 0.039078676963871503 -0.0081779426754897949 0.050266705467031783 0.024450554265499309 0.011420687411982192 0.01709866104298308 0.044541638520221423 0.052919594672964067 0.0093911307368597097 0.036116454886464561 0.0064535073105405861 0.052712905718810432
leaf_weight=11.875498101115229 12.535613656044005 6.0866723507642728 181.11070065200329 10.244800820946692 20.190058678388596 32.282734245061874 8.0938867479562777 7.3678363859653464 12.881746575236319 8.8279604166746122 9.0183154195547104 5.6197834014892578 12.797845095396042
leaf_count=44 59 20 681 33 70 114 28 24 41 31 30 20 41
internal_value=0.00523832 0.00709977 0.00327764 -0.000356643 -0.00487996 0.020945 0.0253312 0.00973119 0.0393864 0.0325962 0.0385718 0.0238581 0.0461853
internal_weight=338.933 326.398 284.047 243.828 201.301 42.5275 40.219 19.2433 20.9756 42.3506 33.5226 11.7065 21.8162
internal_count=1236 1177 1035 898 751 147 137 68 69 142 111 40 71
is_linear=0
shrinkage=0.03


Tree=13
num_leaves=13
num_cat=0
split_feature=65 65 65 58 306 306 284 41 17 52 183 197
split_gain=31.9684 33.3647 24.7397 21.7987 17.2117 13.3549 7.26876 7.50827 6.0399 3.77494 3.68416 1.77351
threshold=20250973.000000004 20240226.500000004 20230524.500000004 14.920000000000002 0.29199464751051613 0.18807366726482624 -1.4400000000000002 0.41155000000000003 18.940000000000001 0.44088353413654624 3.0754639549008935 9.9485114504846539
decision_type=2 2 2 2 2 2 2 2 2 2 2 2
left_child=1 2 3 5 -5 -1 9 -8 10 -4 11 -3
right_child=-2 8 6 4 -6 -7 7 -9 -10 -11 -12 -13
leaf_value=0.0020308360536600767 -0.042106176070641863 0.028413557517248896 -0.012311078058660677 -0.0076886461474734071 0.016812926483601397 0.023629879766087748 0.012584033193178124 -0.032321662083763449 0.0091174106809415699 -0.043793002917143109 0.015308266663344635 0.047503622601322633
leaf_weight=40.124688372015953 12.325349077582358 7.6483458280563381 5.2843739688396516 104.78892078995705 34.094322800636292 73.624565944075584 8.2410421222448331 5.4614358544349662 8.8232740759849531 12.322610706090925 6.0462863743305197 19.656737625598907
leaf_count=144 59 26 21 394 119 251 30 23 31 53 21 64
internal_value=0.00509266 0.00689807 0.00318313 0.00631199 -0.00164442 0.0160457 -0.0219075 -0.00520131 0.0317713 -0.0346367 0.0376297 0.042389
internal_weight=338.442 326.117 283.942 252.632 138.883 113.749 31.3095 13.7025 42.1746 17.607 33.3514 27.3051
internal_count=1236 1177 1035 908 513 395 127 53 142 74 111 90
is_linear=0
shrinkage=0.03


Tree=14
num_leaves=13
num_cat=0
split_feature=65 65 65 69 65 290 53 37 254 19 63 293
split_gain=30.5148 31.6215 23.4012 20.9278 19.0505 13.5605 7.0649 6.69729 6.01631 5.13516 2.91414 0.521051
threshold=20250973.000000004 20240226.500000004 20230524.500000004 3.4625500000000007 20210730.500000004 1.3970893530770572 17.320000000000004 0.26800000000000007 0.24483549392908902 15.940000000000003 0.6049000000000001 1.0524536086491951
decision_type=2 2 2 2 2 2 2 2 2 2 2 2
left_child=1 2 3 5 -5 -1 7 -4 9 10 -3 -8
right_child=-2 8 6 4 -6 -7 11 -9 -10 -11 -12 -13
leaf_value=0.018159344789509233 -0.041576968843055791 0.046895149866407207 0.011486126052472217 0.010255736191198302 -0.012247584945881036 -0.023019526233266731 -0.04563013881115302 -0.024345597380982169 0.0044525391703381092 0.012511220251147339 0.021390372761907694 -0.028416200127055879
leaf_weight=109.04515315592289 12.112260609865187 22.204781293869022 7.69912917912007 62.675052374601364 73.29836942255497 7.5588762611150733 7.3126062452793104 11.454259201884268 6.7535054832696906 7.1912532001733771 5.8277045935392371 4.6490248590707779
leaf_count=377 59 73 28 222 280 29 32 47 24 25 20 20
internal_value=0.00494972 0.00670158 0.00308906 0.00612462 -0.00185303 0.0154468 -0.0213968 -0.00980158 0.0309792 0.0359533 0.0417945 -0.0394795
internal_weight=337.782 325.67 283.692 252.577 135.973 116.604 31.115 19.1534 41.9772 35.2237 28.0325 11.9616
internal_count=1236 1177 1035 908 502 406 127 75 142 118 93 52
is_linear=0
shrinkage=0.03


Tree=15
num_leaves=13
num_cat=0
split_feature=65 65 65 58 95 306 284 174 283 254 128 124
split_gain=29.1406 30.0214 22.1372 19.853 22.9082 12.5603 6.94286 7.22004 5.78969 5.99393 3.61276 2.41755
threshold=20250973.000000004 20240226.500000004 20230524.500000004 14.920000000000002 -0.42839999999999995 0.18807366726482624 -1.4400000000000002 1.0866347927500002 2.1300000000000003 0.24483549392908902 1.9922500000000001 79.845260728744947
decision_type=2 2 2 2 2 2 2 2 2 2 2 2
left_child=1 2 3 5 -5 -1 10 -8 9 11 -4 -3
right_child=-2 8 6 4 -6 -7 7 -9 -10 -11 -12 -13
leaf_value=0.0016402914273444579 -0.041074965486815114 0.044476013018173298 -0.011051253411721128 -0.021200934040038422 0.0059195136309541842 0.022586325934729232 0.012039387978206455 -0.032684830515340921 0.0012669855073523064 0.0063450649008179863 -0.042333274403859353 0.021599063406117131
leaf_weight=40.132151141762733 11.896963670849798 24.12017193436623 5.0610603392124238 38.816411092877388 99.94559583067894 73.608926191926003 8.526985362172125 5.0778145790100089 5.5985786318778983 5.9363090097904196 12.252405032515524 6.074508771300315
leaf_count=144 59 80 20 151 362 251 32 21 20 21 54 21
internal_value=0.00481084 0.00651109 0.00299673 0.00594198 -0.00165519 0.0152301 -0.0209014 -0.00455113 0.0302442 0.0346356 -0.0334772 0.0400592
internal_weight=337.048 325.151 283.421 252.503 138.762 113.741 30.9183 13.6048 41.7296 36.131 17.3135 30.1947
internal_count=1236 1177 1035 908 513 395 127 53 142 122 74 101
is_linear=0
shrinkage=0.03


Tree=16
num_leaves=12
num_cat=0
split_feature=65 65 74 311 100 306 103 194 17 96 38
split_gain=27.8412 28.5076 22.2671 22.9748 20.953 15.1115 11.2087 7.69884 5.71467 3.6535 3.00139
threshold=20250973.000000004 20240226.500000004 6.4250000000000007 1.1118182608657612 -0.020149999999999998 0.25695215083010908 -0.18314999999999995 3.2409367086328831 18.940000000000001 0.090950000000000017 -0.27689999999999998
decision_type=2 2 2 2 2 2 2 2 2 2 2
left_child=1 2 6 4 -4 -5 -1 -8 9 10 -3
right_child=-2 8 3 5 -6 -7 7 -9 -10 -11 -12
leaf_value=-0.0097833872819731334 -0.040598217716502051 0.019201484430987542 -0.017693672865160989 -0.00099671773927171832 0.0025423435867090375 0.033143510248973662 0.017879019069122988 0.047649425473482249 0.0074672604685566144 0.0124114885971529 0.045255240014697232
leaf_weight=7.2423937171697608 11.680026203393934 5.7018586099147788 73.479613110423088 20.410715222358704 122.5050565302372 26.61715729534626 18.585000559687614 14.309157475829123 8.7587317079305631 5.6948608160018912 21.319008082151417
leaf_count=27 59 20 284 75 450 89 64 46 31 20 71
internal_value=0.00467666 0.00632689 0.00290801 -0.00050237 -0.00503451 0.0182919 0.0235811 0.0310254 0.0295326 0.0353077 0.0399591
internal_weight=336.304 324.624 283.149 243.013 195.985 47.0279 40.1366 32.8942 41.4745 32.7157 27.0209
internal_count=1236 1177 1035 898 734 164 137 110 142 111 91
is_linear=0
shrinkage=0.03


Tree=17
num_leaves=12
num_cat=0
split_feature=65 65 74 311 100 277 103 194 283 254 124
split_gain=26.611 27.0635 20.9765 21.6175 19.7737 13.1316 10.5683 7.27635 5.55413 5.74356 2.34916
threshold=20250973.000000004 20240226.500000004 6.4250000000000007 1.1118182608657612 -0.020149999999999998 -2.4399999999999973 -0.18314999999999995 3.2409367086328831 2.1300000000000003 0.24483549392908902 79.845260728744947
decision_type=2 2 2 2 2 2 2 2 2 2 2
left_child=1 2 6 4 -4 -5 -1 -8 9 10 -3
right_child=-2 8 3 5 -6 -7 7 -9 -10 -11 -12
leaf_value=-0.0094984941245942027 -0.040144975118929491 0.042962798200572208 -0.017206517345535882 0.0046420703081476904 0.0024654463536354114 0.037113198292552239 0.017347726654008268 0.046315225943929769 0.00042341459323411536 0.0055394190124415828 0.020329359170349899
leaf_weight=7.2388828694820395 11.461966916918753 23.69802021980286 73.298780962824821 28.231125071644783 122.53880921006203 18.806474402546883 18.582651719450951 14.28296338021755 5.5746251046657553 5.939407765865325 6.0168687850236884
leaf_count=27 59 80 284 101 450 63 64 46 20 21 21
internal_value=0.00454669 0.00614785 0.00282309 -0.000487223 -0.00488716 0.0177394 0.0228965 0.0301299 0.0288331 0.0331774 0.038564
internal_weight=335.671 324.209 282.98 242.875 195.838 47.0376 40.1045 32.8656 41.2289 35.6543 29.7149
internal_count=1236 1177 1035 898 734 164 137 110 142 122 101
is_linear=0
shrinkage=0.03


Tree=18
num_leaves=14
num_cat=0
split_feature=65 65 65 50 61 137 277 0 270 17 146 258 90
split_gain=25.4468 25.7205 20.6471 24.6674 21.0695 12.6396 10.8442 8.04629 7.24318 5.47983 3.62549 3.16698 1.10567
threshold=20250973.000000004 20240226.500000004 20210730.500000004 0.26155000000000006 3.7700000000000005 0.12359273156000002 3.1250000000000004 66.91500000000002 0.44536579157618622 18.940000000000001 0.43294966726400003 0.1069807551339388 1.0000000180025095e-35
decision_type=2 2 2 2 2 2 2 2 2 2 2 2 2
left_child=1 2 5 4 -4 8 -7 -5 -1 10 11 -3 -12
right_child=-2 9 3 7 -6 6 -8 -9 -10 -11 12 -13 -14
leaf_value=-0.036236014935022924 -0.03971362476049619 0.034589194719290062 0.01013032615286075 -0.011777572932974344 -0.016142945470206099 0.012090709267339055 0.040340131291178034 -0.039780338184964702 0.0085617858661456263 0.0065488413021085115 0.03142244933172731 0.0023496784255013863 0.048043879092186763
leaf_weight=6.8391090184450132 11.243263199925421 5.9013042598962766 91.68783400952816 19.979145348072052 39.065044939517975 87.048943355679512 14.334868326783178 17.958027645945549 5.8871927708387375 8.7167531549930555 8.6608401238918304 5.4719836860895157 12.197915434837341
leaf_count=27 59 20 330 77 154 305 47 74 21 31 30 20 41
internal_value=0.00442157 0.00597536 0.00274152 -0.00391158 0.00225139 0.0125979 0.0161503 -0.0251816 -0.0153735 0.0281747 0.0338921 0.0194951 0.0414684
internal_weight=334.992 323.749 282.8 168.69 130.753 114.11 101.384 37.9372 12.7263 40.9488 32.232 11.3733 20.8588
internal_count=1236 1177 1035 635 484 400 352 151 48 142 111 40 71
is_linear=0
shrinkage=0.03


Tree=19
num_leaves=13
num_cat=0
split_feature=65 65 65 298 49 83 284 174 255 99 281 52
split_gain=24.3421 24.4428 20.1455 18.5409 23.8514 15.4701 6.52186 6.70746 5.38979 5.15591 5.54539 3.77419
threshold=20250973.000000004 20240226.500000004 20230524.500000004 0.92619572985962151 0.54485000000000017 100588445.47500001 -1.4400000000000002 1.0866347927500002 0.32581747357599905 1.0450500000000003 -1.1249999999999998 0.44088353413654624
decision_type=2 2 2 2 2 2 2 2 2 2 2 2
left_child=1 2 3 5 -5 -1 11 -8 9 10 -3 -4
right_child=-2 8 6 4 -6 -7 7 -9 -10 -11 -12 -13
leaf_value=0.029788736001336667 -0.039302692275793048 0.01609583830091104 -0.010118673359207535 0.0076528927033835299 -0.015812362681480542 0.00013750352356358173 0.011523105475493633 -0.031734446223029247 0 0.0046962752157419536 0.045387320931890546 -0.041933319310609604
leaf_weight=42.82195870578289 11.024351119995115 8.7868975102901477 5.1525996625423494 127.76318646967411 55.975774183869362 25.419844999909401 8.5163405537605268 5.0228134095668784 5.5698402374982825 5.5816113054752341 20.752456560730934 11.883902311325071
leaf_count=145 59 31 21 457 213 93 32 21 20 20 71 53
internal_value=0.00429907 0.00580708 0.00266039 0.00546227 0.00048321 0.018804 -0.0202753 -0.00441982 0.027524 0.0318606 0.0368591 -0.0326014
internal_weight=334.272 323.247 282.556 251.981 183.739 68.2418 30.5757 13.5392 40.6908 35.121 29.5394 17.0365
internal_count=1236 1177 1035 908 670 238 127 53 142 122 102 74
is_linear=0
shrinkage=0.03


Tree=20
num_leaves=25
num_cat=0
split_feature=69 277 105 298 83 306 275 4 306 308 191 114 103 278 107 63 64 37 193 208 270 116 206 280
split_gain=23.4036 18.1028 17.3064 17.0813 16.4027 13.7102 13.6414 12.7536 11.8973 10.604 10.5743 13.8479 9.61729 8.87051 8.73379 8.68493 8.37145 7.93926 7.05607 5.49002 7.36351 4.70999 4.46806 2.04755
threshold=3.2800500000000006 -2.3049999999999993 0.53750000000000009 0.87354247460458267 19922274.935000006 0.15222783793632869 0.060262470174850952 64.865000000000009 0.22939046180932524 0.57916666666666672 11.927744401899409 -1.0000000180025095e-35 0.84270000000000012 -5.2449999999999966 0.10495 0.60100000000000009 332.50000000000006 0.23285000000000003 141.40862479378842 1.1631900395091985 -0.26135586866614646 673.50000000000011 -5.9066273185376756 1.05
decision_type=2 2 2 2 2 2 2 2 2 2 2 2 2 2 2 2 2 2 2 2 2 2 2 2
left_child=4 6 3 -3 9 17 19 16 -5 13 12 -12 -8 14 -1 23 -7 -6 -9 -2 -21 -15 -19 -4
right_child=1 2 15 8 5 7 10 18 -10 -11 11 -13 -14 21 -16 -17 -18 22 -20 20 -22 -23 -24 -25
leaf_value=0.028401695583831075 -0.046199940488545185 0.038507540435370316 0.056342217007501708 -0.02466726047533983 0.01457994935408146 0.015556723107881814 -0.013556145852491121 0.041077594519817295 0.0067094400033683417 -0.012128190818613644 -0.014022358180624464 0.042036787948703795 0.024594508613723261 0.049262796389341473 -0.015192845295570535 0.0027978696725638151 -0.0083522268016799437 -0.0065646938428124456 0.008808978374885151 -0.049006889295771995 -0.0044129150269684786 0.022325424379465705 -0.042348874288673205 0.030388266791375275
leaf_weight=12.519405797123911 10.608562499284746 8.3137297481298429 7.7326720505952853 20.602946370840073 4.9793110787868526 24.075848057866096 61.24793715775013 15.491643697023393 22.62277752161026 5.6436939835548392 6.938587337732316 8.8616834431886637 6.4436271935701361 20.297766581177715 5.9770934432744971 6.456358775496482 28.75673608481884 5.3336593955755243 10.574110954999922 4.7194468080997511 11.462344959378239 9.2493727803230268 8.5668427348136866 6.0396225899457932
leaf_count=43 45 28 25 82 19 87 239 51 82 21 28 30 23 66 23 24 107 21 38 20 44 32 37 21
internal_value=0.00417935 -0.00305591 0.0086407 -0.000546788 0.0128917 0.00552655 -0.0106958 0.0110455 -0.00819901 0.0262144 -0.00466172 0.0172967 -0.00984937 0.0307967 0.014147 0.0320841 0.00249523 -0.0173155 0.0281855 -0.0293021 -0.0178242 0.0410353 -0.0289776 0.0454779
internal_weight=333.516 182.05 71.7681 51.5395 151.465 97.7782 110.282 78.8983 43.2257 53.6873 83.4918 15.8003 67.6916 48.0436 18.4965 20.2287 52.8326 18.8798 26.0658 26.7904 16.1818 29.5471 13.9005 13.7723
internal_count=1236 691 262 192 545 360 429 283 164 185 320 58 262 164 66 70 194 77 89 109 64 98 58 46
is_linear=0
shrinkage=0.03


Tree=21
num_leaves=13
num_cat=0
split_feature=65 65 65 69 83 298 123 53 105 283 254 124
split_gain=22.967 22.9085 18.7027 21.5323 14.7559 13.3942 11.7991 15.5435 10.9406 5.37374 5.38061 2.27915
threshold=20250973.000000004 20240226.500000004 20210730.500000004 3.6142750000000006 19922274.935000006 0.81207876141279645 14.500000000000002 14.490000000000002 0.55415000000000014 2.1300000000000003 0.24483549392908902 79.845260728744947
decision_type=2 2 2 2 2 2 2 2 2 2 2 2
left_child=1 2 6 4 -4 -5 8 -8 -1 10 11 -3
right_child=-2 9 3 5 -6 -7 7 -9 -10 -11 -12 -13
leaf_value=0.013389806530025769 -0.038827825885565152 0.040787593034583181 0.023601149138497833 0.022115441650203422 -0.0023250814238141185 -0.019254222775584758 0.019060278162454147 -0.015240673064961095 0.042864053384322906 -0.00031926209112518005 0.0043386151964569745 0.018329681349250167
leaf_weight=51.520092830061913 10.75499042868614 22.915689751505855 29.434911385178566 7.6592277288436881 59.124298378825188 71.837468206882477 21.838395431637764 25.848044812679291 14.727127984166144 5.5139898508787146 5.9352186471223822 5.8995769321918479
leaf_count=180 59 80 102 28 219 286 75 97 48 20 21 21
internal_value=0.00406148 0.00551379 0.00247537 -0.00387227 0.00627523 -0.0152079 0.0118598 0.000411963 0.020042 0.02666 0.0310156 0.0363727
internal_weight=333.009 322.254 281.99 168.056 88.5592 79.4967 113.934 47.6864 66.2472 40.2645 34.7505 28.8153
internal_count=1236 1177 1035 635 321 314 400 172 228 142 122 101
is_linear=0
shrinkage=0.03


Tree=22
num_leaves=13
num_cat=0
split_feature=65 65 65 298 49 83 55 1 41 296 254 206
split_gain=21.9917 21.7871 18.5501 16.8782 21.7607 14.1107 6.51829 7.47237 5.19664 4.24586 2.82264 0.47199
threshold=20250973.000000004 20240226.500000004 20230524.500000004 0.92619572985962151 0.54485000000000017 100588445.47500001 18.115000000000006 69.315000000000012 0.62665000000000004 0.96042062777789738 0.22136372818373765 2.1983638305349666
decision_type=2 2 2 2 2 2 2 2 2 2 2 2
left_child=1 2 3 5 -5 -1 7 -4 9 -3 -11 -8
right_child=-2 8 6 4 -6 -7 11 -9 -10 10 -12 -13
leaf_value=0.028329580050049617 -0.038457598338134502 0.006345454550902443 -0.020339127037442135 0.0071751678072713944 -0.015279987586222329 0 -0.026770328503527879 0.021485079482630298 0.00061615003652722221 0.040522378050674532 0.015597240073757231 -0.043581820447000624
leaf_weight=42.73624849319458 10.537032112479208 5.6887049973011008 13.595947250723844 127.5757157355547 55.713917046785355 25.394399270415306 4.4942196160554868 5.1960881352424613 6.323362097144126 22.192919552326206 5.7498352080583564 6.9703140556812286
leaf_count=145 59 21 56 457 213 93 20 19 23 78 20 32
internal_value=0.003951 0.00536121 0.00240466 0.00508698 0.000328583 0.0178251 -0.0197289 -0.00856322 0.0260716 0.0307528 0.0355744 -0.0375394
internal_weight=332.169 321.632 281.677 251.42 183.29 68.1306 30.2566 18.792 39.9548 33.6315 27.9428 11.4645
internal_count=1236 1177 1035 908 670 238 127 75 142 119 98 52
is_linear=0
shrinkage=0.03


Tree=23
num_leaves=11
num_cat=0
split_feature=65 65 56 306 287 310 283 295 127 254
split_gain=21.0631 20.7228 18.273 21.4591 17.4314 15.9311 5.18184 5.24151 4.94601 2.19543
threshold=20250973.000000004 20240226.500000004 4.495000000000001 0.27997802381743125 1.2761541545380071 0.20764871907455398 2.1300000000000003 0.80330000000000013 2.3408206578947373 0.1701811898417506
decision_type=2 2 2 2 2 2 2 2 2 2
left_child=1 2 8 4 -4 -5 7 9 -1 -3
right_child=-2 6 3 5 -6 -7 -8 -9 -10 -11
leaf_value=0.054358955426740449 -0.03810382929916608 0.040509455869802084 0.0039566857308756965 0.025673387012959119 -0.013359902318629735 -0.011369284214765813 -0.0010315625856130014 0.0020845320532511692 0.015611416746679371 0.021012263859467206
leaf_weight=6.9686947464942914 10.320026949048041 20.221006080508236 116.96549819409847 43.927026838064194 94.2620649933815 13.509732097387312 5.4879897385835639 5.4068667143583289 5.761669933795929 8.546658977866171
leaf_count=22 59 72 426 150 367 50 20 20 20 30
internal_value=0.00384165 0.00521073 0.0023335 0.00065155 -0.00375946 0.0169038 0.0254912 0.0298285 0.0373143 0.0349138
internal_weight=331.377 321.057 281.395 268.664 211.228 57.4368 39.6625 34.1745 12.7304 28.7677
internal_count=1236 1177 1035 993 793 200 142 122 42 102
is_linear=0
shrinkage=0.03


Tree=24
num_leaves=20
num_cat=0
split_feature=76 277 105 47 275 141 284 99 72 102 298 140 68 49 132 274 307 189 63
split_gain=20.1973 18.3517 18.3871 16.6582 14.7989 13.4112 13.0596 13.0085 10.3959 9.18054 8.25713 7.95466 6.23716 8.81665 5.64007 4.77214 4.27581 4.24376 3.89437
threshold=6.4250000000000007 -2.3500000000000045 0.53750000000000009 0.12375000000000001 0.060262470174850952 2019.5000000000002 -6.2449999999999992 -0.13174999999999998 1.6950000000000001 0.23960000000000001 1.26593878510705 -3.7352364580999997 25.526650000000004 0.41180000000000005 55.96680712500001 3.4086216028503129 0.18883925597736401 1.2904716187261547 0.40735000000000005
decision_type=2 2 2 2 2 2 2 2 2 2 2 2 2 2 2 2 2 2 2
left_child=11 4 3 9 8 -5 17 -8 -2 -3 16 -1 18 -14 -10 -15 -4 -6 -13
right_child=1 2 10 5 6 -7 7 -9 14 -11 -12 12 13 15 -16 -17 -18 -19 -20
leaf_value=-0.011024385890099643 0.0094089095794950318 -0.013385817510475666 0.052442423733544699 0.029193917921543348 -0.012028361653392061 -0.020929164822404638 -0.010747899129955657 0.0097782904877926884 -0.012714595756084258 0.021046743791884419 -0.00074335895538601038 0.049102142977645154 -0.0066058019997357019 0.012040759668047669 -0.037582339405112776 0.050570938303861605 0.025126088290350557 -0.051385134214949349 0.018715511896260702
leaf_weight=5.5120671838521949 8.3327561169862729 8.3296484947204572 11.483047500252729 5.6237147301435462 5.2119181305170041 28.909747779369354 42.693122491240501 78.863557189702988 14.519895479083059 38.307948917150497 5.6201990693807593 12.743264436721804 9.1235704869031924 6.002042740583418 20.761628538370132 6.1586568355560303 11.039340779185293 5.2114059180021286 6.1820211559534064
leaf_count=21 31 32 38 19 20 114 168 293 56 135 21 42 34 21 88 20 39 22 22
internal_value=0.00373639 0.000752088 0.0104059 0.00310655 -0.0052432 -0.0126194 -0.00020918 0.00254152 -0.0203726 0.0148173 0.0312676 0.022225 0.0268734 0.0153875 -0.0274978 0.032052 0.0393562 -0.0322922 0.0394845
internal_weight=330.63 284.908 109.314 81.1711 175.594 34.5335 131.98 121.557 43.6143 46.6376 28.1426 45.7216 40.2096 21.2843 35.2815 12.1607 22.5224 10.4233 18.9253
internal_count=1236 1076 398 300 678 133 503 461 175 167 98 160 139 75 144 41 77 42 64
is_linear=0
shrinkage=0.03


Tree=25
num_leaves=13
num_cat=0
split_feature=65 65 107 69 306 58 49 132 283 254 284 187
split_gain=20.0196 19.5833 17.6301 21.6787 20.862 12.459 10.317 11.4089 5.00725 4.96382 4.44536 2.42528
threshold=20250973.000000004 20240226.500000004 0.74495000000000011 3.6142750000000006 0.2940517751148885 3.7150000000000003 0.5615500000000001 177.3621804775 2.1300000000000003 0.24483549392908902 -0.18499999999999958 0.3777785096123002
decision_type=2 2 2 2 2 2 2 2 2 2 2 2
left_child=1 2 3 5 -5 -1 10 -8 9 11 -4 -3
right_child=-2 8 6 4 -6 -7 7 -9 -10 -11 -12 -13
leaf_value=0.047948278452537185 -0.037743958909372578 0.02112676840383336 0.021560541128220811 -0.016895568560050301 0.012981247513147973 0.0056918662755989103 0.027322575583650418 -0.029821956159584908 -0.0012775266456312489 0.0035225356892820427 0.056110063388180677 0.041020045751881028
leaf_weight=6.5305818617343894 10.085601419210432 9.5603540837764758 6.401213973760604 89.028045058250427 27.337257131934166 130.04473628103733 7.9508159011602384 5.0370154678821564 5.4809476882219306 5.9270474463701239 8.5108489245176333 18.28081251680851
leaf_count=21 59 35 22 353 96 469 27 20 20 21 27 66
internal_value=0.00362976 0.00495414 0.00216448 -0.000324089 -0.00984584 0.00776798 0.0247536 0.00487271 0.0247826 0.0290923 0.0417214 0.0343963
internal_weight=330.175 320.09 280.841 252.941 116.365 136.575 27.8999 12.9878 39.2492 33.7682 14.9121 27.8412
internal_count=1236 1177 1035 939 449 490 96 47 142 122 49 101
is_linear=0
shrinkage=0.03


Tree=26
num_leaves=13
num_cat=0
split_feature=65 65 65 298 49 83 55 1 17 183 307 198
split_gain=19.1921 18.6364 17.0612 15.3651 19.5731 12.6244 6.0417 7.0265 5.15813 3.59154 2.46627 0.499914
threshold=20250973.000000004 20240226.500000004 20230524.500000004 0.92619572985962151 0.54485000000000017 100588445.47500001 18.115000000000006 69.315000000000012 18.940000000000001 3.0754639549008935 -0.083779641575517441 0.40509822119512379
decision_type=2 2 2 2 2 2 2 2 2 2 2 2
left_child=1 2 3 5 -5 -1 7 -4 9 10 -3 -8
right_child=-2 8 6 4 -6 -7 11 -9 -10 -11 -12 -13
leaf_value=0.026809292869512981 -0.037421077980516804 0.016832554694233288 -0.020026248021454668 0.0066177534425220855 -0.014727585458506285 0 -0.025706351515475987 0.020545403687528146 0.0031392299216482168 0.0076840656639711163 0.040441143633207569 -0.04282225873191705
leaf_weight=42.557289451360703 9.8715453594923002 5.9373030960559872 13.476497724652296 127.30559077858925 55.404135063290596 25.345050796866417 4.417026609182356 5.2060588896274558 8.4962893873453122 5.6932860910892478 18.798047035932544 6.8079873770475388
leaf_count=145 59 22 56 457 213 93 20 19 31 21 68 32
internal_value=0.00353254 0.0048188 0.00210405 0.00467165 0.000124156 0.0168456 -0.0192552 -0.00851168 0.0242507 0.0300176 0.0349857 -0.0366385
internal_weight=329.316 319.445 280.52 250.612 182.71 67.9023 29.9076 18.6826 38.9249 30.4286 24.7354 11.225
internal_count=1236 1177 1035 908 670 238 127 75 142 111 90 52
is_linear=0
shrinkage=0.03


Tree=27
num_leaves=16
num_cat=0
split_feature=65 69 306 99 83 277 14 306 41 277 64 190 308 278 290
split_gain=18.4021 18.2191 16.7471 17.2954 12.313 11.7547 10.9286 10.4505 10.3128 10.3605 10.1451 9.62465 9.4097 7.41495 3.95668
threshold=20250973.000000004 3.2800500000000006 0.29199464751051613 -0.10279999999999999 19922274.935000006 3.3449999999999993 18.975000000000005 0.15297808790246001 0.46430000000000005 -6.2749999999999977 331.50000000000006 3.3083666541028722 0.57916666666666672 -5.2449999999999966 1.4810117933865239
decision_type=2 2 2 2 2 2 2 2 2 2 2 2 2 2 2
left_child=1 4 3 10 12 -5 11 -8 14 -10 -3 -6 13 -1 -4
right_child=-2 2 8 5 6 -7 7 -9 9 -11 -12 -13 -14 -15 -16
leaf_value=0.012999646867022678 -0.03711173593969979 -0.00087682796267367889 0.017458717817702616 -0.0031365745661013091 -0.013322736830802444 0.031476045298861346 -0.012770124975827173 0.029058171317835484 -0.025343643418969719 0.014722044027684665 -0.03092357707389546 0.010480734582671821 -0.0126329971126644 0.037928826825924605 0.052580046012503351
leaf_weight=17.959955513477325 9.6592586040496808 14.914610430598257 5.7565177977085096 72.637777253985405 30.747133940458298 9.9440448433160764 6.6631021946668652 25.049757495522499 7.5918016284704235 23.353774353861809 32.787293761968613 30.147652134299278 5.4356576502323142 28.994437843561172 6.8356380611658096
leaf_count=64 59 56 20 278 117 34 26 86 29 82 136 109 20 98 22
internal_value=0.00343534 0.00468446 -0.00185075 -0.00724905 0.0125353 0.00102803 0.00590555 0.0201629 0.0142141 0.00474622 -0.0216133 -0.00149112 0.0241638 0.0285051 0.0370247
internal_weight=328.478 318.819 173.821 130.284 144.998 82.5818 92.6076 31.7129 43.5377 30.9456 47.7019 60.8948 52.3901 46.9544 12.5922
internal_count=1236 1177 657 504 520 312 338 112 153 111 192 226 182 162 42
is_linear=0
shrinkage=0.03


Tree=28
num_leaves=12
num_cat=0
split_feature=65 65 107 69 306 58 299 65 41 19 83
split_gain=17.6488 17.5031 16.5671 19.2081 18.5468 11.7998 9.53059 10.4963 4.82798 5.45417 2.38037
threshold=20250973.000000004 20240226.500000004 0.74495000000000011 3.6142750000000006 0.2940517751148885 3.7150000000000003 1.0120722158611202 20210707.500000004 0.62665000000000004 16.185000000000006 275645086.75000006
decision_type=2 2 2 2 2 2 2 2 2 2 2
left_child=1 2 3 5 -5 -1 -4 -8 9 10 -3
right_child=-2 8 6 4 -6 -7 7 -9 -10 -11 -12
leaf_value=0.046437109930107918 -0.036815124217363056 0.040637548651033785 0.045859083881929691 -0.016172086986674505 0.012023367055820793 0.0051136954749074499 0.024722835499236234 -0.026561804254282548 -0.00022414703694354036 0.0044228966892730509 0.018691970184994851
leaf_weight=6.4626330584287635 9.4489553272724134 18.110078632831577 10.79065276682377 88.404180973768234 27.323929771780968 129.7900258153677 12.075489535927774 4.9576340913772574 6.2236303687095633 7.1281275898218146 7.037205070257186
leaf_count=21 59 67 35 353 96 469 41 20 23 26 26
internal_value=0.00333971 0.00455233 0.00192747 -0.000490325 -0.00948448 0.00712834 0.0238545 0.009553 0.0234973 0.0281507 0.0347135
internal_weight=327.753 318.304 279.805 251.981 115.728 136.253 27.8238 17.0331 38.499 32.2754 25.1473
internal_count=1236 1177 1035 939 449 490 96 61 142 119 93
is_linear=0
shrinkage=0.03


Tree=29
num_leaves=20
num_cat=0
split_feature=74 106 49 280 306 105 61 191 127 184 269 140 206 68 102 15 47 207 63
split_gain=17.5067 16.4624 16.6694 16.5309 14.5414 10.9071 10.6976 10.6282 9.85591 8.78424 8.0142 7.42957 6.67637 5.976 8.347 7.51999 5.27359 4.25017 3.59008
threshold=6.4250000000000007 0.31255000000000005 0.54485000000000017 -0.37499999999999994 0.2940517751148885 0.56250000000000011 5.4050000000000011 12.158098002364595 4.0359200000000008 2.2485237926028137 0.98260410222510153 -3.7352364580999997 -7.8117746571613251 25.526650000000004 0.26860000000000006 16.060000000000006 0.11659270833333339 12.869220622166152 0.40735000000000005
decision_type=2 2 2 2 2 2 2 2 2 2 2 2 2 2 2 2 2 2 2
left_child=11 4 3 10 6 9 7 -2 17 -4 -3 -1 -8 18 -15 -16 -5 -6 -13
right_child=1 2 5 16 8 -7 12 -9 -10 -11 -12 13 -14 14 15 -17 -18 -19 -20
leaf_value=-0.011681320209775647 -0.010057663462348907 -0.0050881046811115391 0.0077210270976768242 0.039458497818459677 0.049938695747419208 0.026353197320084967 0.0010774207735366919 0.021226880838399756 -0.014178997667019438 -0.017027020293579241 0.028015980452931355 0.04690759779186747 -0.037738569283579736 -0.012898983769777507 -0.00029877369201089412 0.044066434563323251 0.01768138967841279 0.013150816345305108 0.017460741045562434
leaf_weight=5.455496057868003 83.754400670528412 29.61730720102787 19.32069019973278 22.710185125470161 6.4866541177034396 9.2264858782291395 4.9190831482410458 10.917742088437079 5.6053693890571585 37.757118239998817 8.3350311368703824 12.517550349235536 17.976789310574532 6.8589631915092495 5.4074507951736441 8.739488020539282 19.574582576751709 5.5958547294139862 6.0761184990406027
leaf_count=21 329 113 72 77 21 32 20 40 22 149 29 42 79 26 20 29 72 21 22
internal_value=0.00325045 0.000460533 0.00743431 0.0166304 -0.00707286 -0.00365735 -0.010906 -0.00639963 0.0181549 -0.00859855 0.00215784 0.0205939 -0.0293002 0.0251341 0.0138405 0.0270149 0.0295137 0.0333949 0.0375902
internal_weight=326.852 281.797 146.541 80.2371 135.256 66.3043 117.568 94.6721 17.6879 57.0778 37.9523 45.0551 22.8959 39.5996 21.0059 14.1469 42.2848 12.0825 18.5937
internal_count=1236 1076 544 291 532 253 468 369 64 221 142 160 99 139 75 49 149 42 64
is_linear=0
shrinkage=0.03


Tree=30
num_leaves=13
num_cat=0
split_feature=65 65 311 63 105 306 283 38 297 17 38 197
split_gain=16.7804 16.5174 15.9634 16.4037 13.6283 12.6558 8.7893 7.33898 6.20229 4.94193 3.55696 2.6267
threshold=20250973.000000004 20240226.500000004 1.1118182608657612 0.23600000000000002 0.54585000000000006 0.25695215083010908 -1.3699999999999999 0.062550000000000008 0.99019282213325199 18.940000000000001 -0.27689999999999998 9.6427672861821758
decision_type=2 2 2 2 2 2 2 2 2 2 2 2
left_child=1 2 3 8 -5 7 -7 -4 -1 10 -3 -12
right_child=-2 9 5 4 -6 6 -8 -9 -10 -11 11 -13
leaf_value=0.0036034361957645359 -0.036497789016113946 0.0071735489598759687 0.020909247293259211 -0.007329318372940501 0.012577965419716381 0.01210448916169423 0.045432516367699773 -0.012848819090431646 0.045352911830479584 0.0021589576113514729 0.019624899652031215 0.041634361868187544
leaf_weight=5.3596797883510581 9.2130617797374708 5.9959852546453503 9.4392678439617175 174.16711486876011 37.454211711883545 13.974644452333452 15.330688536167143 14.658301889896391 8.5944942831993085 8.431615859270094 8.6210087239742297 15.032729983329771
leaf_count=20 59 23 33 665 134 49 50 56 28 31 32 56
internal_value=0.00316135 0.00433436 0.00178926 -0.00169229 -0.00378754 0.0165272 0.0297368 0.000282349 0.0296705 0.0228473 0.0286026 0.0338553
internal_weight=326.273 317.06 278.978 225.576 211.621 53.4029 29.3053 24.0976 13.9542 38.0813 29.6497 23.6537
internal_count=1236 1177 1035 847 799 188 99 89 48 142 111 88
is_linear=0
shrinkage=0.03


Tree=31
num_leaves=20
num_cat=0
split_feature=74 106 49 280 306 38 65 99 105 37 299 275 95 140 208 62 260 109 3
split_gain=16.4462 15.4013 15.6994 15.564 13.5359 11.7716 12.7833 10.0938 9.99443 9.11305 8.25539 7.93789 7.25596 6.89977 7.11491 7.73163 4.57646 2.62327 2.32521
threshold=6.4250000000000007 0.31255000000000005 0.54485000000000017 -0.37499999999999994 0.30045685686135964 1.2455500000000004 20210829.000000004 -0.086349999999999982 0.56250000000000011 0.49400000000000005 0.76805238447438684 0.060262470174850952 -0.39339999999999992 -3.7352364580999997 2.6870085334839309 0.077050000000000021 -0.48501879972592077 0.49400000000000005 63.365000000000009
decision_type=2 2 2 2 2 2 2 2 2 2 2 2 2 2 2 2 2 2 2
left_child=13 4 3 11 5 7 -7 -2 10 -6 -4 -3 -5 -1 15 17 -17 -15 -16
right_child=1 2 8 12 9 6 -8 -9 -10 -11 -12 -13 -14 14 18 16 -18 -19 -20
leaf_value=-0.011159084272041932 -0.016448143064681741 -0.023217019582022633 0.023093135127134085 0.011064462432830951 0.042502862133088695 0.0079538746329751251 -0.040446727842734696 0.0032071092000437442 0.025117846871959438 -0.0062121524020385772 -0.012532516839921006 0.0094881949238938123 0.037675144933861059 0.015756204136330453 0.0234069195398015 -0.022681825922683273 0.014247070060756907 0.045035255201416824 0.04958476063149702
leaf_weight=5.448599010705947 41.157704547047615 8.5195517390966398 6.4773129820823661 14.554285541176794 7.7283868938684446 6.4211172610521343 19.179276093840599 54.177226364612579 9.1950496435165388 5.9776607155799866 50.434974163770676 29.349882960319519 27.55527862906456 6.1647010445594805 5.689711481332778 5.6581459194421742 6.1916636526584634 5.9363306015729904 9.6979967653751356
leaf_count=21 167 35 23 55 27 23 84 208 32 23 198 107 94 23 20 22 22 20 32
internal_value=0.00307706 0.00037003 0.00712376 0.0160637 -0.00693537 -0.0101578 -0.0282064 -0.0052553 -0.0036547 0.0211482 -0.00839187 0.00200967 0.0285968 0.0199394 0.0243401 0.0138285 -0.00317725 0.0306167 0.0403127
internal_weight=325.515 280.728 146.086 79.979 134.641 120.935 25.6004 95.3349 66.1073 13.706 56.9123 37.8694 42.1096 44.7871 39.3385 23.9508 11.8498 12.101 15.3877
internal_count=1236 1076 544 291 532 482 107 375 253 50 221 142 149 160 139 87 44 43 52
is_linear=0
shrinkage=0.03


Tree=32
num_leaves=20
num_cat=0
split_feature=74 277 101 42 275 208 259 258 273 275 98 291 125 297 11 95 127 17 156
split_gain=15.562 15.1401 18.5831 15.8676 13.3579 13.1731 13.0022 9.67086 9.3822 8.96666 9.58013 9.51125 8.23846 6.67045 7.02036 7.86722 8.43955 2.7387 2.56658
threshold=6.4250000000000007 -2.3500000000000045 0.55835000000000012 0.9668000000000001 0.022096211849540619 4.061775349491346 -0.58340651670172983 0.78105173966314545 -0.5715566215402289 0.060843782999832619 0.22745000000000001 0.97564252111092886 19.667025000000002 1.0645039534200162 17.925000000000004 0.24895000000000003 2.2188439393939396 14.815000000000003 1.2014608378500002
decision_type=2 2 2 2 2 2 2 2 2 2 2 2 2 2 2 2 2 2 2
left_child=13 5 3 4 -3 9 -5 12 -4 10 -2 -11 -7 14 15 16 -1 -10 -16
right_child=1 2 8 6 -6 7 -8 -9 17 11 -12 -13 -14 -15 18 -17 -18 -19 -20
leaf_value=0.023775493018274189 0.0030836546910998899 -0.029223522966571276 0.0015018973142842157 0.011056438709676902 0.015240807219898971 0.042028828092438401 -0.03638990356258235 -0.025631755115877276 0.027877786772003678 0.0084651764911458909 -0.039623607160610877 -0.014984715532709541 0.0045049471824003887 -0.0050833095302160415 0.048976568949952441 0.036206282862672905 -0.026433014244250503 0.054734231215730796 0.023982787807039364
leaf_weight=5.5181903988122958 6.2233625501394298 6.6924244761466971 6.41761186718941 8.0057135522365588 55.645750969648361 5.6790284961462012 14.125151753425596 8.7247764915227872 6.5877999514341381 23.053532883524895 17.878900930285454 46.768025681376457 64.209503456950188 7.9678698927164069 9.9804932475090045 7.36492896080017 6.3666406124830246 10.232969447970389 7.4131273031234732
leaf_count=20 25 28 24 29 203 20 58 37 23 85 76 188 247 30 33 25 25 33 27
internal_value=0.0029939 0.000360571 0.00919118 0.00260237 0.0103801 -0.00513675 -0.019119 0.00389264 0.0328985 -0.0127223 -0.0285052 -0.00719814 0.00765264 0.0194314 0.0248429 0.0120373 -0.00286675 0.0446202 0.0386937
internal_weight=324.856 280.245 107.707 84.469 62.3382 172.537 22.1309 78.6133 23.2384 93.9238 24.1023 69.8216 69.8885 44.6113 36.6434 19.2498 11.8848 16.8208 17.3936
internal_count=1236 1076 398 318 231 678 87 304 80 374 101 273 267 160 130 70 45 56 60
is_linear=0
shrinkage=0.03


Tree=33
num_leaves=13
num_cat=0
split_feature=66 66 66 280 299 284 271 200 283 295 52 174
split_gain=15.8129 15.514 14.8284 14.1301 15.6312 5.97747 6.2876 5.74204 5.0375 5.04106 3.33063 2.39568
threshold=20250976.000000004 20240265.000000004 20230527.500000004 3.0749999999999997 1.0241433279598888 -1.4400000000000002 -0.29723544997078183 0.049462237227926094 2.1300000000000003 0.80330000000000013 0.44088353413654624 3.9691201273500005
decision_type=2 2 2 2 2 2 2 2 2 2 2 2
left_child=1 2 3 4 -1 10 -7 -5 9 11 -4 -3
right_child=-2 8 5 7 -6 6 -8 -9 -10 -11 -12 -13
leaf_value=0.0086967220044552197 -0.036161943886248944 0.036442045079753252 -0.0092689629307259949 0.039133123384443469 -0.007119102970014275 -0.030461669896474919 0.012188878589851924 0.0033831421132197717 -0.0043337635033259434 0 -0.039900952743926431 0.013196348658044546
leaf_weight=130.07271252572536 8.9468987435102445 21.395846307277683 4.9580667316913667 13.577016472816469 98.788988560438156 4.7957003861665717 8.3547127395868284 6.0410772114992133 5.3343704789876929 5.1796049624681464 11.157020300626753 5.6349793076515189
leaf_count=468 59 80 21 45 373 21 32 22 20 20 53 22
internal_value=0.0029122 0.00404162 0.00157983 0.00397086 0.00185653 -0.0185635 -0.00325105 0.0283496 0.0221209 0.0265948 -0.0307768 0.0317732
internal_weight=324.237 315.29 277.745 248.48 228.862 29.2655 13.1504 19.6181 37.5448 32.2104 16.1151 27.0308
internal_count=1236 1177 1035 908 841 127 53 67 142 122 74 102
is_linear=0
shrinkage=0.03


Tree=34
num_leaves=13
num_cat=0
split_feature=65 280 43 101 43 130 158 54 24 273 275 14
split_gain=15.1835 15.1155 14.2042 13.5172 16.4952 11.3616 13.5494 14.6491 8.77407 9.26575 8.26302 7.65869
threshold=20250973.000000004 -1.3500000000000003 -0.26059999999999994 0.55835000000000012 0.23171469648562296 2.6441250000000003 0.05096026480000005 7.1350000000000007 0.29500000000000004 0.0090351480696376375 0.063213607584298462 23.325000000000003
decision_type=2 2 2 2 2 2 2 2 2 2 2 2
left_child=1 5 -3 4 -4 6 10 -8 9 -7 -1 -5
right_child=-2 2 3 11 -6 8 7 -9 -10 -11 -12 -13
leaf_value=-0.0028191138126926522 -0.035902995485155069 0.048324867750634971 0.0078384701427775122 0.016433233567214038 -0.016778075969049424 0.0042037458112726446 0.029937085991067595 -0.018286695443482943 -0.043135541915712818 -0.020689963170675608 0.042358754594000535 0.051253423377071283
leaf_weight=5.1899282634258297 8.7448614388704282 7.7502967268228522 130.23199319839478 32.124279916286469 30.024355858564377 24.739908427000046 7.4790264219045666 22.181919649243355 7.8567398488521567 28.909000933170319 11.166144222021101 7.0339340865612021
leaf_count=20 59 26 485 114 118 93 26 88 32 114 38 23
internal_value=0.00283098 0.00392796 0.00866875 0.00708902 0.00320021 -0.00517786 0.00604415 -0.0059665 -0.0136188 -0.00916808 0.0279111 0.022879
internal_weight=323.432 314.688 207.165 199.415 160.256 107.523 46.017 29.6609 61.5056 53.6489 16.3561 39.1582
internal_count=1236 1177 766 740 603 411 172 114 239 207 58 137
is_linear=0
shrinkage=0.03


Tree=35
num_leaves=13
num_cat=0
split_feature=65 65 311 41 99 277 275 297 308 283 254 187
split_gain=14.5821 14.5599 14.3168 15.5477 12.9616 10.3972 8.3943 5.71205 5.37341 4.77217 4.7237 2.49031
threshold=20250973.000000004 20240226.500000004 1.1162619516581602 0.23515000000000003 -0.13174999999999998 -2.4399999999999973 0.17820700996865241 0.99019282213325199 0.52916666666666679 2.1300000000000003 0.24483549392908902 0.3777785096123002
decision_type=2 2 2 2 2 2 2 2 2 2 2 2
left_child=1 2 3 7 -5 6 -4 -1 -7 10 11 -3
right_child=-2 9 5 4 -6 8 -8 -9 -10 -11 -12 -13
leaf_value=0.0052848749645042223 -0.035653844875763577 0.017701670596942071 -0.0032900009348215764 -0.014409130399985891 0.0013541456216806052 0.011746137695125905 0.035222232724560536 0.045477095044332283 0.043910091650695128 -0.0042759278141785741 0.00099328636924155478 0.038323424930208856
leaf_weight=5.6241748034954053 8.5455051809549314 9.03859686851502 24.777159869670871 69.842525288462639 141.89410519599915 7.8921547830104855 6.2783579826354972 7.9299014359712601 12.955567747354506 5.3319939672946921 5.87063905596733 16.872579768300056
leaf_count=21 59 35 91 276 528 29 21 26 43 20 21 66
internal_value=0.00275128 0.003816 0.0014384 -0.00182395 -0.00383565 0.0156329 0.00448762 0.0291802 0.0319915 0.0214415 0.02585 0.031341
internal_weight=322.853 314.308 277.194 225.291 211.737 51.9032 31.0555 13.5541 20.8477 37.1138 31.7818 25.9112
internal_count=1236 1177 1035 851 804 184 112 47 72 142 122 101
is_linear=0
shrinkage=0.03


Tree=36
num_leaves=17
num_cat=0
split_feature=56 277 101 62 69 140 102 38 194 208 273 283 41 41 127 282
split_gain=14.103 13.3087 14.0142 16.8595 12.5893 11.5191 10.8181 9.48646 9.2301 9.50543 9.20424 9.00558 8.135 7.63485 3.64132 3.53543
threshold=4.495000000000001 -2.3500000000000045 0.55835000000000012 0.60699564725928445 2.8932000000000007 1.6694185860000006 0.26510000000000006 0.49990000000000007 1.8705796885713262 -11.851771316191559 -0.5715566215402289 -5.0599999999999996 0.50040000000000007 0.63280000000000014 2.3408206578947373 -0.52500000000000024
decision_type=2 2 2 2 2 2 2 2 2 2 2 2 2 2 2 2
left_child=14 4 3 6 5 12 -3 -7 9 -6 -4 -10 -2 -5 -1 -12
right_child=1 2 10 13 8 7 -8 -9 11 -11 15 -13 -14 -15 -16 -17
leaf_value=0.044313189103735849 0.0066479201171658455 -0.0052801460839274192 -0.00063145083792156696 -0.0057065681899800278 0.0035653121398638789 -8.1954754919220027e-05 0.019516390724022496 -0.048214657435606656 -0.024751717436742621 -0.031248150940469545 0.024110562900557533 0.00091549144331619489 0.034631152699778137 -0.041128453375607457 0.012451233616096007 0.052310645472032347
leaf_weight=8.4713505059480649 40.616054311394691 23.270999193191528 6.6332854777574566 18.126446619629863 9.2905526608228666 12.466800734400751 48.149436578154564 5.2082148641347876 15.108306542038916 27.231605172157288 7.9822242110967681 63.364175915718079 12.245624482631682 7.9380574226379386 5.8491345196962348 10.075709909200665
leaf_count=30 154 90 25 71 36 49 173 23 64 115 28 248 43 33 21 33
internal_value=0.00267845 0.00130896 0.00900063 0.00383921 -0.00374213 0.00620438 0.0113989 -0.0146252 -0.00986938 -0.0223248 0.02916 -0.00401325 0.0132401 -0.0167251 0.031684 0.0402119
internal_weight=322.028 307.707 122.176 97.4849 185.531 70.5367 71.4204 17.675 114.995 36.5222 24.6912 78.4725 52.8617 26.0645 14.3205 18.0579
internal_count=1236 1185 453 367 732 269 263 72 463 151 86 312 197 104 51 61
is_linear=0
shrinkage=0.03


Tree=37
num_leaves=13
num_cat=0
split_feature=65 65 65 50 64 123 65 164 297 17 38 197
split_gain=13.902 13.6309 13.8428 18.2037 14.0725 10.308 13.2218 9.13183 5.09325 4.76588 3.55382 2.5387
threshold=20250973.000000004 20240226.500000004 20210730.500000004 0.39055000000000006 326.50000000000006 14.500000000000002 20201113.500000004 0.12078482092000002 1.0509815536084306 18.940000000000001 -0.27689999999999998 9.6427672861821758
decision_type=2 2 2 2 2 2 2 2 2 2 2 2
left_child=1 2 5 4 -4 7 -7 -1 -5 10 -3 -12
right_child=-2 9 3 8 -6 6 -8 -9 -10 -11 11 -13
leaf_value=-0.010495498101464685 -0.035391109868066283 0.0049424172223598312 0.017357428968907816 -0.045122718432435024 -0.0051950468280903611 -0.018914874087175359 0.013046538701551293 0.02171380418347061 -0.016618800162703562 0.00035666135573933104 0.01789799005872162 0.039907221156184385
leaf_weight=9.0261199921369535 8.3260356783866865 5.7952855080366161 32.337080344557762 9.5026473104953784 107.08074723184109 20.963100627064705 25.927226141095161 56.094294175505638 15.470692992210386 8.2523848712444288 8.3637202829122561 14.231733828783034
leaf_count=34 59 23 114 41 416 80 92 194 64 31 32 56
internal_value=0.00260382 0.00363493 0.00134075 -0.00418775 2.30459e-05 0.00947784 -0.00118834 0.0171941 -0.0277212 0.0208077 0.0266248 0.0320074
internal_weight=321.371 313.045 276.402 164.391 139.418 112.011 46.8903 65.1204 24.9733 36.6431 28.3907 22.5955
internal_count=1236 1177 1035 635 530 400 172 228 105 142 111 88
is_linear=0
shrinkage=0.03


Tree=38
num_leaves=12
num_cat=0
split_feature=66 280 296 64 114 298 162 130 306 308 273
split_gain=13.361 13.3828 12.97 14.5724 15.9127 12.2813 11.714 11.4516 11.1863 10.7811 8.54527
threshold=20250976.000000004 -1.3500000000000003 1.1552604006831293 332.50000000000006 -0.13174999999999998 0.86446088841298441 0.15927673905000003 2.6441250000000003 0.20897686360687331 0.53750000000000009 0.0090351480696376375
decision_type=2 2 2 2 2 2 2 2 2 2 2
left_child=1 6 3 5 -5 -3 -1 8 -8 -4 -9
right_child=-2 2 9 4 -6 -7 7 10 -10 -11 -12
leaf_value=-0.045493149365090593 -0.035160782957182279 0.043989896233114861 -0.045225352367978464 -0.014851250974907422 0.010404647468508943 0.013765994592002935 -0.005926579790195805 0.0013194846929301472 0.024452782929931315 0.010328024125949537 -0.021798301810558883
leaf_weight=5.9914677739143363 8.1327372640371305 14.472388207912443 7.1815347671508771 33.316784039139748 68.152018919587135 77.15819376707077 21.888267278671265 25.863900363445282 21.353071913123131 5.3506943434476852 31.667194575071335
leaf_count=25 59 49 31 133 252 282 86 98 76 19 126
internal_value=0.00253217 0.00353399 0.00801246 0.00994533 0.002076 0.0186151 -0.00506307 -0.00258683 0.00902769 -0.0213751 -0.0113691
internal_weight=320.528 312.396 205.632 193.099 101.469 91.6306 106.764 100.772 43.2413 12.5322 57.5311
internal_count=1236 1177 766 716 385 331 411 386 162 50 224
is_linear=0
shrinkage=0.03


Tree=39
num_leaves=14
num_cat=0
split_feature=56 275 105 296 308 277 125 44 42 2 176 279 109
split_gain=13.2396 13.2774 11.0196 14.4634 15.6326 10.3482 8.63192 8.39709 7.06486 4.70827 3.22478 1.72705 0.594818
threshold=4.495000000000001 0.016182375165814208 0.53750000000000009 1.1519482387044639 0.57916666666666672 -3.5249999999999981 51.807375000000008 0.52936186440677979 1.1819000000000004 61.310000000000009 -0.69161101224999999 -3.6749999999999967 0.50600000000000012
decision_type=2 2 2 2 2 2 2 2 2 2 2 2 2
left_child=9 7 3 4 -3 6 -4 10 -7 -1 -2 -5 -12
right_child=1 2 5 11 -6 8 -8 -9 -10 -11 12 -13 -14
leaf_value=0.0070745949725470846 -0.012695371177618733 0.0038768214687325631 -0.0098179856789812493 -0.049124346348227335 -0.024834043209345472 0.034306923576010569 0.020833531637272685 0.0081271343950206597 0.0049254987537564162 0.043871478841669101 -0.031705210555004505 -0.021405175704732153 -0.050635852883370545
leaf_weight=5.1755164414644232 5.4451375901699111 185.76733759790659 21.79434934258461 4.9041093587875366 18.683040052652359 23.306141555309296 13.159716099500654 6.1653519719839087 11.175154834985731 8.9573913514614087 5.022034615278244 4.7736516594886762 5.5575141161680222
leaf_count=20 22 710 86 21 77 86 50 25 42 31 21 20 25
internal_value=0.00245987 0.0011327 0.00289353 -0.000462261 0.00122765 0.0132712 0.00166281 -0.0211461 0.0249131 0.0307515 -0.0325753 -0.0361172 -0.0423115
internal_weight=319.886 305.754 283.564 214.128 204.45 69.4354 34.9541 22.19 34.4813 14.1329 16.0247 9.67776 10.5795
internal_count=1236 1185 1092 828 787 264 136 93 128 51 68 41 46
is_linear=0
shrinkage=0.03


Tree=40
num_leaves=19
num_cat=0
split_feature=76 106 49 306 277 38 65 100 43 37 169 187 297 72 307 11 195 99
split_gain=12.8433 13.0166 13.7168 12.1644 10.8195 10.21 11.8147 9.04849 8.14202 7.99272 7.10827 6.98381 6.43903 6.78584 5.83229 5.61658 4.56041 1.29145
threshold=6.4250000000000007 0.31255000000000005 0.54485000000000017 0.30045685686135964 -1.4499999999999991 1.2455500000000004 20210829.000000004 -0.020149999999999998 -0.24821470588235287 0.49400000000000005 18.606853962350002 0.283373350779698 1.0645039534200162 3.1450000000000005 -0.033400836868867481 17.925000000000004 16.435563483961129 -0.19919999999999996
decision_type=2 2 2 2 2 2 2 2 2 2 2 2 2 2 2 2 2 2
left_child=12 3 4 5 11 7 -7 -2 -4 -5 -10 -3 13 15 -6 16 -1 -17
right_child=1 2 8 9 14 6 -8 -9 10 -11 -12 -13 -14 -15 -16 17 -18 -19
leaf_value=-0.0011260206512571742 -0.015929454685348045 -0.02018597457165874 0.027479906830484169 0.040558316384080619 0.0083461740361732862 0.0077772879288503516 -0.039012022931847787 0.0028139731297479416 -0.0034928596043076782 -0.0055486156813034891 -0.035202185860736424 0.010802587998293599 -0.0067688292182985377 -0.0081284940262498703 0.037697525791415457 0.02619255227958172 0.032305640103133075 0.04699400804787314
leaf_weight=7.7264111936092394 40.665079452097416 7.6289766877889624 6.5427044481039038 7.4888923019170743 9.1164107024669665 6.3926434665918377 18.554698035120964 53.195930168032646 51.317342713475227 5.8846538215875626 7.2265314459800711 41.261492930352688 7.826272949576377 5.2152360379695883 20.733263224363327 5.3126900196075466 6.6142175495624542 10.839891776442526
leaf_count=30 168 31 23 27 34 23 84 207 200 23 30 155 30 20 71 20 23 37
internal_value=0.00238756 0 0.00624009 -0.00679661 0.0146636 -0.00987024 -0.0269195 -0.00528296 -0.00391127 0.020157 -0.0075115 0.00587449 0.0175117 0.0229212 0.0288913 0.0283388 0.0142026 0.0405401
internal_weight=319.543 276.009 143.827 132.182 78.7401 118.808 24.9473 93.861 65.0866 13.3735 58.5439 48.8905 43.5347 35.7084 29.8497 30.4932 14.3406 16.1526
internal_count=1236 1076 544 532 291 482 107 375 253 50 230 186 160 130 105 110 53 57
is_linear=0
shrinkage=0.03


Tree=41
num_leaves=13
num_cat=0
split_feature=66 66 66 298 41 13 284 174 17 38 52 35
split_gain=12.7242 12.7408 12.9658 12.04 12.7671 10.7238 5.64978 5.81129 4.53622 3.4848 3.02981 2.12353
threshold=20250976.000000004 20240265.000000004 20230527.500000004 0.92619572985962151 0.23515000000000003 24.675000000000004 -1.4400000000000002 1.0866347927500002 18.940000000000001 -0.27689999999999998 0.44088353413654624 5.5000000000000009
decision_type=2 2 2 2 2 2 2 2 2 2 2 2
left_child=1 2 3 5 -5 -1 10 -8 9 -3 -4 -11
right_child=-2 8 6 4 -6 -7 7 -9 -10 11 -12 -13
leaf_value=0.017982905091355739 -0.034936333690405268 0.0042561914453556364 -0.0094004659638411495 0.035657315000009869 -0.0024765956770138597 -0.024183015193819737 0.011977820539485868 -0.029211604773736619 4.036252467807756e-05 0.019769673814681463 -0.038956458343521676 0.039737179996620041
leaf_weight=60.649193108081818 7.9285902157425872 5.7374921888113048 4.9030674397945431 8.1797346472740156 171.51332461833954 5.8168431073427191 8.224441781640051 4.7695241570472708 8.1934350430965406 9.7481582909822482 10.793280556797979 12.372408285737036
leaf_count=215 59 23 21 28 642 23 32 21 31 39 53 49
internal_value=0.00232229 0.00329303 0.0010789 0.00331592 -0.000705165 0.0142169 -0.0179551 -0.00301955 0.0200405 0.0257943 -0.0300319 0.0312014
internal_weight=318.829 310.901 274.849 246.159 179.693 66.466 28.6903 12.994 36.0515 27.8581 15.6963 22.1206
internal_count=1236 1177 1035 908 670 238 127 53 142 111 74 88
is_linear=0
shrinkage=0.03


Tree=42
num_leaves=21
num_cat=0
split_feature=95 75 58 52 38 125 69 185 306 132 123 0 131 307 69 11 149 11 269 1
split_gain=12.4061 16.9771 10.0205 12.5337 12.2274 10.5623 11.1686 9.63295 8.21856 8.32685 7.83612 8.28845 8.99869 7.28604 6.70225 6.13006 5.77239 5.53666 4.78557 4.52773
threshold=-0.43874999999999992 14.205000000000002 5.3600000000000003 0.48096385542168679 -0.24704999999999996 67.562000000000012 3.4625500000000007 3.505646010435465 0.18294023636765169 57.524283575000005 9.5000000000000018 71.390000000000015 128.89200219872012 0.29762707430086732 2.9402000000000004 18.975000000000005 -0.87900457234999985 17.475000000000005 0.15528126502250159 59.800000000000004
decision_type=2 2 2 2 2 2 2 2 2 2 2 2 2 2 2 2 2 2 2 2
left_child=1 8 17 4 16 6 -5 -6 9 -1 18 19 -13 14 -10 -7 -4 -2 -3 -12
right_child=2 10 3 5 7 15 -8 -9 13 -11 11 12 -14 -15 -16 -17 -18 -19 -20 -21
leaf_value=0.013423179058510178 0.0091430093735032254 0.023467778771643997 -0.013016375811895953 0.015552477144949043 -0.028690125659576817 0.0078326832428310695 -0.0037517422737359122 -0.0027094411022869258 0.038887575387142201 -0.030217679854857165 -0.0098985408424360245 0.014004811203553808 -0.031105001787603614 -0.012885376984430421 0.0028155803985179463 0.038801160841304305 0.021287148642279097 0.04238307566787413 -0.015431356297637816 -0.044631860086748132
leaf_weight=7.1044750213623038 8.8505368083715457 5.2592695057392103 5.7236263155937221 51.774872690439224 21.921061873435974 9.6287303939461726 55.741097055375576 31.573145978152752 12.723424494266515 8.4423144459724409 4.5641353726387051 7.7231856137514097 7.9107583314180374 5.4556151777505866 7.5803582966327658 15.54136076569557 17.311408579349518 9.8891801685094816 5.9232482984662056 17.349312037229538
leaf_count=28 34 19 22 194 90 39 216 125 44 36 19 30 34 22 28 55 63 35 25 78
internal_value=0.00225835 -0.0071499 0.00598902 0.00408293 -0.00555619 0.00966507 0.00552224 -0.0134455 0.0069383 -0.0101249 -0.019143 -0.025701 -0.00868266 0.0173519 0.025647 0.0271509 0.0126145 0.0269753 0.00264332 -0.0376117
internal_weight=317.991 90.0361 227.955 209.215 76.5292 132.686 107.516 53.4942 41.3062 15.5468 48.7299 37.5474 15.6339 25.7594 20.3038 25.1701 23.035 18.7397 11.1825 21.9134
internal_count=1236 363 873 804 300 504 410 215 158 64 205 161 64 94 72 94 85 69 44 97
is_linear=0
shrinkage=0.03


Tree=43
num_leaves=13
num_cat=0
split_feature=66 66 107 69 83 66 49 132 283 295 125 272
split_gain=12.1974 12.1712 12.5347 13.3751 10.2935 9.85449 7.09247 9.81605 4.72614 4.91728 3.39946 2.27814
threshold=20250976.000000004 20240265.000000004 0.74495000000000011 3.6142750000000006 36910307.940000005 20210721.500000004 0.5615500000000001 177.3621804775 2.1300000000000003 0.80330000000000013 60.597050000000003 0.030438710258473532
decision_type=2 2 2 2 2 2 2 2 2 2 2 2
left_child=1 2 3 4 -1 -5 10 -8 9 11 -4 -3
right_child=-2 8 6 5 -6 -7 7 -9 -10 -11 -12 -13
leaf_value=0.014539034251776176 -0.034727750244560318 0.035674983486926541 0.020500305021912402 0.0022681272347944395 -0.0021740359368658873 -0.015815119458947327 0.024529378675361996 -0.029153902056996202 -0.0062221284392847669 -0.002541711023946105 0.051049885456779548 0.015284345967607207
leaf_weight=59.631287068128586 7.7407630383968344 17.44690781831742 8.0117217451334017 44.164480209350586 73.952396720647812 69.027199953794479 7.8237031549215299 4.8805744647979736 5.2223595678806296 4.9837682396173468 6.4565893709659568 8.0419488996267301
leaf_count=214 59 70 28 162 276 287 27 20 20 20 21 32
internal_value=0.00219492 0.00313855 0.000977024 -0.00114396 0.00526947 -0.00873725 0.0202829 0.00360507 0.0195947 0.0241232 0.034596 0.0294437
internal_weight=317.384 309.643 273.948 246.775 133.584 113.192 27.1726 12.7043 35.695 30.4726 14.4683 25.4889
internal_count=1236 1177 1035 939 490 449 96 47 142 122 49 102
is_linear=0
shrinkage=0.03


Tree=44
num_leaves=11
num_cat=0
split_feature=65 280 43 11 55 274 162 183 13 291
split_gain=11.7346 12.1792 12.1538 11.4002 18.2191 14.1003 10.6429 9.75765 9.39814 8.81413
threshold=20250973.000000004 -1.3500000000000003 -0.26059999999999994 21.975000000000005 13.250000000000002 7.6986394800504785 0.15927673905000003 1.1621760822837217 17.475000000000005 1.0550518050376201
decision_type=2 2 2 2 2 2 2 2 2 2
left_child=1 6 -3 4 -4 -5 -1 8 -8 -9
right_child=-2 2 3 5 -6 -7 7 9 -10 -11
leaf_value=-0.043999405973712075 -0.034520648020631317 0.044644536263746357 0.011618697922804224 0.026384161909932782 -0.009356109600183583 -0.017424871913706751 -0.02949863647144425 0.0068932857681489471 0.012141552583133923 -0.019579952177494839
leaf_weight=5.9090061187744132 7.5569651424884787 7.4986596703529349 79.887703403830528 38.442964941263199 69.60588563978672 7.8225126415491095 5.4057386219501486 15.964828699827192 41.066985979676247 37.311874374747276
leaf_count=25 59 26 297 137 274 32 22 59 152 153
internal_value=0.00213603 0.00305335 0.00735301 0.00588715 0.00183281 0.0188907 -0.00518877 -0.00281788 0.00718058 -0.0115928
internal_weight=316.473 308.916 203.258 195.759 149.494 46.2655 105.658 99.7494 46.4727 53.2767
internal_count=1236 1177 766 740 571 169 411 386 174 212
is_linear=0
shrinkage=0.03


Tree=45
num_leaves=14
num_cat=0
split_feature=56 306 96 75 179 138 10 50 189 68 53 103 2
split_gain=11.4111 11.4687 11.6095 15.7304 14.2022 13.5141 10.6874 9.71644 6.84578 6.88126 6.77898 4.66758 4.37023
threshold=4.495000000000001 0.15222783793632869 -0.03984999999999999 14.205000000000002 -0.7357243501999986 1.2847549451500002 25.125000000000004 0.091700000000000018 6.1318813674891581 10.690000000000001 8.7187500000000018 -0.24769999999999998 61.310000000000009
decision_type=2 2 2 2 2 2 2 2 2 2 2 2 2
left_child=12 8 3 10 5 -4 -5 -6 9 -2 -3 -11 -1
right_child=1 2 4 6 7 -7 -8 -9 -10 11 -12 -13 -14
leaf_value=0.0058167957982338441 0.0089040246883884087 -0.0038208964721577763 -0.016121115603834151 -0.027476396224952383 0.031794703957581986 0.0063728150988004205 0.011570123506825115 0.006884241529353588 0.014298427260761578 -0.0025784116924917862 0.025960143685483834 -0.034807325416466944 0.041675231959488676
leaf_weight=5.0889068543910971 5.4748336076736477 14.915207639336588 30.478848449885845 32.026290535926819 28.174418300390244 111.89151212573051 7.669686645269393 28.987456575036049 5.7698922231793395 5.4202578365802792 12.409393355250357 18.907525032758713 8.6354318559169752
leaf_count=20 22 57 124 139 99 423 29 113 23 23 44 89 31
internal_value=0.00207464 0.000844561 0.00299083 -0.00778367 0.00662698 0.00152829 -0.0198467 0.0192488 -0.0151171 -0.0209412 0.00964003 -0.0277894 0.0287344
internal_weight=315.85 302.125 266.553 67.0206 199.532 142.37 39.696 57.1619 35.5725 29.8026 27.3246 24.3278 13.7243
internal_count=1236 1185 1028 269 759 547 168 212 157 134 101 112 51
is_linear=0
shrinkage=0.03


Tree=46
num_leaves=16
num_cat=0
split_feature=65 105 277 193 47 64 289 208 279 188 63 130 171 151 38
split_gain=11.1657 11.7269 14.0156 13.3143 17.2934 11.338 9.86029 8.10367 7.90929 7.45599 6.25938 5.09357 6.87847 5.37349 3.66774
threshold=20250973.000000004 0.53750000000000009 -3.5249999999999981 29.094438768388066 0.15845000000000001 331.50000000000006 1.0261931922314582 -1.4674585443578896 -3.1999999999999988 1.1399160259703016 0.66626076996951367 2.59355 0.69943033550000011 23.354248116550004 2.8088500000000001
decision_type=2 2 2 2 2 2 2 2 2 2 2 2 2 2 2
left_child=1 3 6 11 5 -5 8 -6 -3 -8 14 13 -13 -1 -4
right_child=-2 2 10 4 7 -7 9 -9 -10 -11 -12 12 -14 -15 -16
leaf_value=0.043947627492165887 -0.034281713871435048 0.029160996266418715 0.037808167337793561 0.014152070054900885 -0.035336779718565262 -0.0034790951870522346 0.0096191027811801232 -0.0099715838555106059 -0.01124549015770105 -0.031638850378126436 0 -0.020168599448173265 0.021441364577324127 0.0085373121438922991 0.0096769206005601609
leaf_weight=9.5429487824440056 7.3345768228173247 12.336953997612001 23.790346458554271 49.155049875378609 15.658016085624693 97.914124682545662 6.0321318209171322 42.960825875401497 6.5154349803924552 10.61298932135105 6.2659338265657416 5.7951581776142111 8.887317940592764 6.9263167381286612 5.5234150737524024
leaf_count=33 59 44 83 180 66 384 22 171 25 43 24 24 32 26 20
internal_value=0.00201754 0.00290278 0.0135815 -0.000293694 -0.00307677 0.00239901 0.000149423 -0.0168468 0.0150525 -0.0165398 0.0268605 0.0179374 0.00478968 0.0293779 0.0326605
internal_weight=315.252 307.917 71.0772 236.84 205.688 147.069 35.4975 58.6188 18.8524 16.6451 35.5797 31.1517 14.6825 16.4693 29.3138
internal_count=1236 1177 261 916 801 564 134 237 69 65 127 115 56 59 103
is_linear=0
shrinkage=0.03


Tree=47
num_leaves=12
num_cat=0
split_feature=56 105 133 280 102 162 48 70 2 283 102
split_gain=10.7512 10.2757 10.4902 10.6833 12.525 10.1954 8.80615 7.41456 4.2036 3.49982 2.6442
threshold=4.495000000000001 0.56250000000000011 2.6270313630500004 -0.37499999999999994 0.32065000000000005 0.15927673905000003 0.4811457983193278 6.0526000000000009 61.310000000000009 -1.6850000000000003 0.26645000000000002
decision_type=2 2 2 2 2 2 2 2 2 2 2
left_child=8 2 -2 5 -5 -4 -3 10 -1 -9 -8
right_child=1 6 3 4 -6 -7 7 9 -10 -11 -12
leaf_value=0.0054941130243462543 0.044933462457207862 -0.014983485184144826 -0.041956816519069684 -0.0044572936742964617 0.014583914979565701 -0.0055920672276078918 0.020656819227924061 -0.013609321940356684 0.040817107327300227 0.020929428532212014 0.048975337134955749
leaf_weight=5.0648207813501349 4.2785803675651541 6.0008037239313152 7.2591039985418311 65.424094632267952 58.811944544315338 134.29781249165535 5.3997148871421841 4.6292600929737091 8.5048082172870618 5.7533685490488988 9.1024261564016324
leaf_count=20 15 24 32 266 219 537 21 19 31 21 31
internal_value=0.00196155 0.00076915 -0.00109736 -0.00186624 0.00453695 -0.00750635 0.0171381 0.025033 0.027989 0.00526067 0.0388504
internal_weight=314.527 300.957 270.072 265.793 124.236 141.557 30.8856 24.8848 13.5696 10.3826 14.5021
internal_count=1236 1185 1069 1054 485 569 116 92 51 40 52
is_linear=0
shrinkage=0.03


Tree=48
num_leaves=12
num_cat=0
split_feature=65 65 65 280 298 173 61 188 283 295 174
split_gain=10.704 11.4522 11.4636 11.0732 12.269 6.01075 5.23485 6.74387 4.5216 4.7214 2.40583
threshold=20250973.000000004 20240226.500000004 20230524.500000004 3.0749999999999997 0.92619572985962151 0.65989656843200006 3.8300000000000005 3.2075584694880157 2.1300000000000003 0.80330000000000013 3.9691201273500005
decision_type=2 2 2 2 2 2 2 2 2 2 2
left_child=1 2 3 4 -1 -5 7 -4 9 10 -3
right_child=-2 8 6 5 -6 -7 -8 -9 -10 -11 -12
leaf_value=0.012237977765386349 -0.034088290650926271 0.033550176828939231 -0.020918014563772246 0.038661898585913596 -0.0034297167905261486 0.0040870592662306865 -0.036833316866092827 0.016297757295580546 -0.0063760886154214875 -0.0028121102021296026 0.0096418944148726395
leaf_weight=62.032826751470566 7.1518686786293975 19.67798504233361 13.066262528300291 11.233481243252756 162.57852891087532 7.9249468594789496 8.6395582854747754 6.3973015695810309 5.2097221016883841 4.9471603929996482 5.2813697755336753
leaf_count=225 59 80 58 38 616 29 44 25 20 20 22
internal_value=0.00190673 0.0027659 0.000669124 0.00277366 0.000887534 0.0246112 -0.0174246 -0.00851177 0.0188661 0.0233699 0.0286696
internal_weight=314.141 306.989 271.873 243.77 224.611 19.1584 28.1031 19.4636 35.1162 29.9065 24.9594
internal_count=1236 1177 1035 908 841 67 127 83 142 122 102
is_linear=0
shrinkage=0.03


Tree=49
num_leaves=26
num_cat=0
split_feature=95 75 280 10 269 12 287 275 50 10 111 123 47 279 61 193 269 13 68 144 194 268 144 41 95
split_gain=10.4696 14.4063 9.12576 11.6594 8.70745 11.4793 10.3207 8.54204 8.10058 7.70686 7.57285 8.48849 7.50578 10.6443 12.7243 7.45057 8.87735 8.45636 7.13292 5.82317 5.58589 5.33579 5.38424 4.36782 2.49669
threshold=-0.43874999999999992 14.205000000000002 -0.29999999999999888 18.525000000000002 0.19833511230909098 22.725000000000005 2.3073920426977197 0.060262470174850952 0.072850000000000012 25.125000000000004 10533.955000000002 8.5000000000000018 -0.051399999999999994 -5.3749999999999991 1.8750000000000002 148.39453548798525 -0.0056976329147653817 17.025000000000002 99.663050000000013 0.61335672115000006 4.4134099111670233 1.5274368642204097 2.0928171677000003 0.34750000000000009 0.25750000000000006
decision_type=2 2 2 2 2 2 2 2 2 2 2 2 2 2 2 2 2 2 2 2 2 2 2 2 2
left_child=1 15 3 7 6 -6 -5 24 -9 10 11 -3 21 14 -14 16 19 -17 -15 -1 -12 22 -4 -18 -2
right_child=2 9 12 4 5 -7 -8 8 -10 -11 20 -13 13 18 -16 17 23 -19 -20 -21 -22 -23 -24 -25 -26
leaf_value=-0.032697078240526908 -0.050801684689594853 0.0010850414502019394 0.038170388269016135 0.0029231472424948463 0.028698608874835982 -0.0055469793245198707 -0.037084262798576947 -0.022332065834062404 0.011864395450847614 0.0064163750409664952 -0.024102041637981294 -0.039720283077516398 -0.040911900238855541 0.019897771427349869 0.0053258714689641577 -0.046923252343228541 0.0072263906666647608 0.0077679155759658681 -0.0091815073993878459 0.011073554982675178 0.020277646043914393 -0.0019683287106842802 0.0074205471564784973 0.036745487843502317 -0.021284301811202819
leaf_weight=4.752885505557062 5.4187590479850751 5.5367388576269176 18.786955237388618 39.126695901155472 24.42070184648037 13.500613845884798 6.6963111758232108 11.749254621565344 12.965001232922075 9.1377324536442739 4.8800961375236493 23.083723083138466 7.8898961544036892 39.830500096082687 15.938685961067675 4.3760423809289914 7.7013983651995686 5.6710147708654404 9.1558293700218183 6.0551895126700401 5.1207081526517868 5.6688354760408393 7.4697196483612052 12.109177336096762 6.3026100173592567
leaf_count=21 24 22 68 151 90 53 29 48 49 36 21 107 35 147 65 20 30 22 37 23 19 22 28 42 27
internal_value=0.00185398 -0.0068721 0.0052994 -0.000318843 0.00581908 0.0164452 -0.002926 -0.0144858 -0.00429632 -0.0180456 -0.0239123 -0.0317456 0.0117686 0.00637844 -0.00996557 0.00618881 0.0135909 -0.0159851 0.0143939 -0.00802299 -0.00110554 0.0239103 0.0295976 0.0255145 -0.0354982
internal_weight=313.345 88.4247 224.92 120.18 83.7443 37.9213 45.823 36.4356 24.7143 47.759 38.6213 28.6205 104.74 72.8149 23.8286 40.6657 30.6187 10.0471 48.9863 10.8081 10.0008 31.9255 26.2567 19.8106 11.7214
internal_count=1236 363 873 471 323 143 180 148 97 205 169 129 402 284 100 158 116 42 184 44 40 118 96 72 51
is_linear=0
shrinkage=0.03


Tree=50
num_leaves=11
num_cat=0
split_feature=296 65 65 311 311 174 308 254 143 17
split_gain=10.3557 12.4523 12.2039 12.6735 13.983 8.95618 8.60809 5.17841 4.71599 0.60462
threshold=1.1552604006831293 20250917.500000004 20240176.000000004 1.1162619516581602 1.0030076477408703 2.6165909512500005 0.52916666666666679 0.24483549392908902 2.1637770604000006 16.315000000000001
decision_type=2 2 2 2 2 2 2 2 2 2
left_child=1 2 3 4 -1 -5 9 8 -4 -2
right_child=6 -3 7 5 -6 -7 -8 -9 -10 -11
leaf_value=0.002330120738801328 -0.0291278652609912 -0.035558698380775813 0.036937840076831534 0.021351105200420731 -0.017754218834420309 -0.014763127338795822 0.0027920719662261938 -0.0036336629104505784 0.010869301980311689 -0.049323546660487619
leaf_weight=170.35768423974514 4.2829367741942423 7.2010921016335478 16.358833238482479 40.245867669582367 38.058302730321884 7.123539224267005 7.1981327310204497 5.9756761640310279 10.876284047961233 4.8376728594303131
leaf_count=650 20 59 69 144 152 27 27 22 45 21
internal_value=0.00180168 0.00309509 0.00408059 0.00184263 -0.0013298 0.0158373 -0.0213678 0.0211698 0.026715 -0.040584
internal_weight=312.516 296.197 288.996 255.785 208.416 47.3694 16.3187 33.2108 27.2351 9.12061
internal_count=1236 1168 1109 973 802 171 68 136 114 41
is_linear=0
shrinkage=0.03


Tree=51
num_leaves=10
num_cat=0
split_feature=56 275 133 130 130 18 44 174 2
split_gain=10.0629 11.1366 8.51954 8.45566 11.0338 10.8622 7.56695 5.6585 3.99746
threshold=4.495000000000001 0.016182375165814208 2.7616242895000003 2.6964500000000005 1.8421000000000003 15.940000000000003 0.52936186440677979 0.5631229712000001 61.310000000000009
decision_type=2 2 2 2 2 2 2 2 2
left_child=8 6 -3 4 -4 -5 7 -2 -1
right_child=1 2 3 5 -6 -7 -8 -9 -10
leaf_value=0.0051167419535470505 -0.04502459762981708 0.03971736043283787 -0.0018320654168363533 0.005596746498640174 0.017640499287391295 -0.0097152558182019236 0.0081038425070916395 -0.0067987092992610916 0.039846019136189827
leaf_weight=5.0022665485739699 9.7623887881636637 5.2552847713232032 50.482408113777637 76.697311125695705 53.726973943412304 90.81185245513916 5.9583720937371245 5.765285335481166 8.3209473341703397
leaf_count=20 44 18 199 300 207 368 25 24 31
internal_value=0.00175054 0.00059725 0.00222376 0.00147322 0.00818588 -0.0026873 -0.020144 -0.031158 0.0271655
internal_weight=311.783 298.46 276.974 271.719 104.209 167.509 21.486 15.5277 13.3232
internal_count=1236 1185 1092 1074 406 668 93 68 51
is_linear=0
shrinkage=0.03


Tree=52
num_leaves=14
num_cat=0
split_feature=66 105 46 193 61 112 280 280 48 131 293 299 307
split_gain=9.75872 10.6725 12.3851 12.8327 9.91812 11.0915 9.64574 8.97157 8.90153 8.82731 7.77141 6.71717 4.73651
threshold=20250976.000000004 0.53750000000000009 0.40590000000000004 30.628693158079034 3.1200000000000006 6735.5650000000014 0.45000000000000023 -2.8500000000000001 0.4811457983193278 64.61249888514071 0.95249672324297219 1.0159431621641037 0.20786256058535965
decision_type=2 2 2 2 2 2 2 2 2 2 2 2 2
left_child=1 2 4 -4 5 -1 -6 12 11 -5 -10 -9 -3
right_child=-2 7 3 9 6 -7 -8 8 10 -11 -12 -13 -14
leaf_value=0.0040920091067942477 -0.033675495956883905 -0.031044148374884135 0.021464315380112318 0.0093270570825705473 -0.010655078348766433 0.02786827455971751 0.021619416966063856 0.014932383688142363 0.010137257122962024 -0.0239259311247828 0.035378213174439045 -0.028056090550870237 0.0063577981864897009
leaf_weight=88.314455270767212 6.752330355346202 5.486488148570059 8.4128570705652219 8.4709222763776761 55.691598638892174 22.134359017014503 9.6557807773351652 7.2066586613655073 20.778163403272629 41.812212884426117 24.493644550442696 5.7824001759290695 6.4229224026203156
leaf_count=337 59 23 31 33 226 80 35 27 78 174 86 23 24
internal_value=0.00170083 0.00250553 -0.000555211 -0.012486 0.00341609 0.0089049 -0.00581459 0.0127627 0.0176282 -0.018257 0.0239075 -0.00404394 -0.0107379
internal_weight=311.415 304.662 234.492 58.696 175.796 110.449 65.3474 70.1703 58.2609 50.2831 45.2718 12.9891 11.9094
internal_count=1236 1177 916 238 678 417 261 261 214 207 164 50 47
is_linear=0
shrinkage=0.03


Tree=53
num_leaves=11
num_cat=0
split_feature=296 65 65 311 311 176 308 255 281 149
split_gain=9.76086 11.5478 11.5825 11.7655 13.0718 10.2998 8.10389 5.11939 5.35764 0.547011
threshold=1.1552604006831293 20250917.500000004 20240176.000000004 1.1162619516581602 1.0030076477408703 1.0015563127000002 0.52916666666666679 0.2615029443206987 -0.60000000000000042 0.05385826089999967
decision_type=2 2 2 2 2 2 2 2 2 2
left_child=1 2 3 4 -1 -5 9 8 -4 -2
right_child=6 -3 7 5 -6 -7 -8 -9 -10 -11
leaf_value=0.0021547159087915799 -0.028592990910679919 -0.03520746434088657 0.0086527840870207675 0.020576131220997197 -0.017300564927053223 -0.021151685683750865 0.0024817560708307869 -8.1573957864939614e-05 0.038032980308500122 -0.048225847477686365
leaf_weight=169.96215729415417 4.2260318323969859 6.8687154948711386 9.2550448477268219 41.142208158969879 37.900508925318718 5.9613100737333289 7.1726257577538481 7.8746860325336447 15.588692530989647 4.7763551026582718
leaf_count=650 20 59 38 148 152 23 27 30 68 21
internal_value=0.00165437 0.00291202 0.0038445 0.00167174 -0.00138484 0.015198 -0.0209408 0.0206282 0.0272868 -0.0397545
internal_weight=310.728 294.553 287.685 254.966 207.863 47.1035 16.175 32.7184 24.8437 9.00239
internal_count=1236 1168 1109 973 802 171 68 136 106 41
is_linear=0
shrinkage=0.03


Tree=54
num_leaves=21
num_cat=0
split_feature=95 75 284 49 106 41 298 289 280 280 10 16 61 165 93 188 123 267 55 270
split_gain=9.49124 12.9786 9.24902 8.6115 11.0625 12.7583 8.33708 12.4873 9.25054 8.30779 7.29181 7.0003 8.27389 7.18375 6.9824 6.49547 5.87147 5.86135 4.88961 2.56399
threshold=-0.43874999999999992 14.205000000000002 -6.2449999999999992 0.58211774076405942 0.30590000000000006 0.23515000000000003 0.93135303135303149 0.90519081119387679 -1.1249999999999998 1.0000000180025095e-35 25.125000000000004 15.440000000000003 1.8350000000000002 0.36089099650000006 9286.7500000000018 1.6380904701299064 8.5000000000000018 -0.032546256872900019 45.935000000000009 0.23413485125998304
decision_type=2 2 2 2 2 2 2 2 2 2 2 2 2 2 2 2 2 2 2 2
left_child=1 11 15 4 5 -4 8 -8 -5 -6 14 12 -1 -13 16 -2 -3 -15 -16 -17
right_child=2 10 3 6 9 -7 7 -9 -10 -11 -12 13 -14 17 18 19 -18 -19 -20 -21
leaf_value=-0.028237293673188349 0.0050599984329509108 -0.0022297166261175702 0.035563778209250926 -0.013142763157910914 0.01132150123485239 -0.0017259051586095597 0.014415784736009556 -0.024237958077039767 0.034791625803404905 0.032831615445780213 0.0063483431028171439 -0.015997082883449004 0.018990914956269558 -0.001646885142314466 0.01415230641580882 -0.015532832009860055 -0.038504306131113199 0.032969201670236203 -0.025028774031870104 -0.049174998567992088
leaf_weight=9.0987380743026716 6.5765380710363379 5.169467709958556 9.1879609376192075 6.0816836506128302 50.550601981580257 73.53354874253273 10.716252550482748 24.177892550826073 8.4881705716252309 24.307739064097404 9.1080794855952245 5.204082444310191 5.0804168134927741 6.003011770546439 6.2667888253927213 4.3769788518547994 21.470880977809429 14.821676529943941 5.0740788877010345 4.6847863793373108
leaf_count=39 25 21 34 24 192 297 40 105 30 86 36 21 19 24 24 19 102 55 22 21
internal_value=0.00160741 -0.00675734 0.00490164 0.00659468 0.0100268 0.00241761 -0.00427669 -0.0122741 0.0146254 0.0183807 -0.0174459 0.00569834 -0.0110908 0.0149665 -0.0232324 -0.0172222 -0.0316122 0.0228871 -0.00318124 -0.0335996
internal_weight=309.979 87.2972 222.682 207.044 157.58 82.7215 49.464 34.8941 14.5699 74.8583 47.0893 40.2079 14.1792 26.0288 37.9812 15.6383 26.6403 20.8247 11.3409 9.06177
internal_count=1236 363 873 808 609 331 199 145 54 278 205 158 58 100 169 65 123 79 46 40
is_linear=0
shrinkage=0.03


Tree=55
num_leaves=13
num_cat=0
split_feature=56 275 306 99 64 49 257 294 295 107 2 170
split_gain=9.33708 10.2768 9.72907 10.8304 12.1474 11.2695 10.0072 9.74712 7.2925 5.09991 3.82088 1.77504
threshold=4.495000000000001 0.016182375165814208 0.27997802381743125 -0.10279999999999999 333.50000000000006 0.64775000000000016 1.7386593055836974 1.2886414946871665 0.18040000000000003 1.0000000180025095e-35 61.310000000000009 1.2405507085500003
decision_type=2 2 2 2 2 2 2 2 2 2 2 2
left_child=10 8 3 4 -3 -5 7 -4 11 -10 -1 -2
right_child=1 2 6 5 -6 -7 -8 -9 9 -11 -12 -13
leaf_value=0.0046690820375713859 -0.046097821999996569 -0.0010591956466453941 0.020272815738495407 0.0073059564715427178 -0.025168214473532156 -0.02290991180414273 -0.026449290909226757 -0.017224548442431702 -0.026909477437852668 0.016239516169907361 0.038882696043834902 -0.019245183679134859
leaf_weight=4.9534126892685881 6.8238980174064654 54.05872343480587 52.185825899243355 115.23119769990444 28.984735392034054 12.160392031073568 5.3737636655569068 6.9203526526689521 4.0058733671903592 6.0520454868674278 8.1191671788692457 4.3091510534286499
leaf_count=20 32 219 199 447 126 53 21 27 17 24 31 20
internal_value=0.00156232 0.000452435 0.00201671 -0.00109557 -0.00953022 0.00438241 0.0122063 0.0158101 -0.0196145 -0.000746281 0.0262802 -0.0362352
internal_weight=309.179 296.106 274.915 210.435 83.0435 127.392 64.4799 59.1062 21.191 10.0579 13.0726 11.133
internal_count=1236 1185 1092 845 345 500 247 226 93 41 51 52
is_linear=0
shrinkage=0.03


Tree=56
num_leaves=11
num_cat=0
split_feature=296 66 66 66 198 308 61 255 281 17
split_gain=9.15744 10.9609 11.0732 11.2509 10.0663 7.55566 6.15744 4.84479 5.22195 0.55498
threshold=1.1552604006831293 20250920.500000004 20240213.500000004 20230527.500000004 3.2677609781095991 0.52916666666666679 3.8300000000000005 0.2615029443206987 -0.60000000000000042 16.315000000000001
decision_type=2 2 2 2 2 2 2 2 2 2
left_child=1 2 3 4 -1 9 -5 8 -4 -2
right_child=5 -3 7 6 -6 -7 -8 -9 -10 -11
leaf_value=0.0015389692095157605 -0.027639585803151422 -0.034920170710472383 0.0083545165130516231 -0.0074378491935407649 0.022485216357278695 0.0021110635508622272 -0.039679412756719046 0 0.037549297812098856 -0.04735089880354796
leaf_weight=204.61881706118584 4.1695071458816546 6.6814151108264914 9.199267566204071 18.521708339452747 22.93129301071167 7.1459006220102301 7.6184587478637686 7.8461648970842353 15.205427810549736 4.7011144608259201
leaf_count=771 20 59 38 79 82 27 41 30 68 21
internal_value=0.00151584 0.00273654 0.00363883 0.00151759 0.00367195 -0.0204789 -0.0170643 0.0201758 0.0267459 -0.0388317
internal_weight=308.639 292.623 285.941 253.69 227.55 16.0165 26.1402 32.2509 24.4047 8.87062
internal_count=1236 1168 1109 973 853 68 120 136 106 41
is_linear=0
shrinkage=0.03


Tree=57
num_leaves=16
num_cat=0
split_feature=105 58 257 306 106 103 123 299 203 303 280 299 179 311 190
split_gain=8.9892 9.71486 10.8995 11.241 11.4261 8.72995 7.77563 7.52721 7.03675 6.89007 6.27616 5.63245 4.86435 4.85207 0.17478
threshold=0.56250000000000011 5.3600000000000003 1.3037335105190133 0.2940517751148885 0.31255000000000005 -0.25374999999999998 8.5000000000000018 1.1166366109695174 -95.929550083448291 -0.033103511255193833 -1.5749999999999991 0.9803667793393821 -0.9308618214750003 0.94865160215432687 1.9827020689114045
decision_type=2 2 2 2 2 2 2 2 2 2 2 2 2 2 2
left_child=1 8 3 4 -3 -4 -2 -7 -1 -5 -8 14 13 -12 -10
right_child=6 2 5 9 -6 7 10 -9 11 -11 12 -13 -14 -15 -16
leaf_value=-0.016133803564394259 0.0429390459313225 -0.010101500756766968 0.012838839036050735 0.045488202655829445 0.0046899537544889602 -0.042478532570051616 -0.019869278149088902 0 0.030354674091602855 0.0092276772579775665 -0.018006267437630289 0.00501461013920211 0.035959178764845438 0.021737154112156591 0.043963635756352433
leaf_weight=4.2258071899414089 7.6368862241506603 99.009632281959057 5.1022805869579342 5.422528162598609 89.009016431868076 13.507134407758715 5.4151754379272488 5.0351395905017844 4.8808520212769526 36.3221690133214 4.8918014913797432 7.4729621261358252 6.9975406527519182 6.0292988717556 6.8548772186040878
leaf_count=18 26 416 20 20 349 58 22 21 20 140 20 30 26 25 25
internal_value=0.0014728 -0.00023366 -0.00195595 3.07271e-05 -0.00308443 -0.0213064 0.0167748 -0.0308815 0.0181919 0.014107 0.00793678 0.0259432 0.0165701 0.00366114 0.0388615
internal_weight=307.813 276.842 253.408 229.763 188.019 23.6446 30.9707 18.5423 23.4345 41.7447 23.3338 19.2087 17.9186 10.9211 11.7357
internal_count=1236 1117 1024 925 765 99 119 79 93 160 93 75 71 45 45
is_linear=0
shrinkage=0.03


Tree=58
num_leaves=24
num_cat=0
split_feature=69 83 124 107 179 303 280 185 197 261 164 14 186 184 191 264 128 129 70 94 288 123 179
split_gain=8.78443 10.214 10.1515 9.74331 8.96615 8.8471 8.34492 8.45185 8.28143 8.25438 8.86037 8.064 8.07378 7.62931 7.36024 10.6943 7.32625 6.52073 6.05417 4.91173 4.36551 4.26428 3.80069
threshold=3.2800500000000006 24093287.620000005 75.577727777777795 0.23690000000000003 -0.56646591527499857 0.035787451984634962 -0.6750000000000006 3.0186243276119211 51.706540609765518 -0.52339146899980682 1.1896143347080004 18.975000000000005 0.70721491560221705 4.7468019726636506 3.3083666541028722 0.32747834216834487 4.5599000000000007 5.1867230158730164 6.705750000000001 0.28655000000000003 2.2433727270393984 12.500000000000002 -2.1356833229249905
decision_type=2 2 2 2 2 2 2 2 2 2 2 2 2 2 2 2 2 2 2 2 2 2 2
left_child=1 6 8 4 18 16 7 -1 9 -2 -11 14 -13 -10 15 -3 -5 -16 -4 -14 22 -9 -8
right_child=2 11 3 5 -6 -7 20 21 13 10 -12 12 19 -15 17 -17 -18 -19 -20 -21 -22 -23 -24
leaf_value=0.022157391825636103 0.028983677520555331 -0.027952547763795927 -0.0030843580452827308 0.05176036908646528 0.018870978720499736 -0.012327711072338791 0.0085460600380999809 0.002259540252953004 0.036685467378519 -0.0156152506186345 0.013827817121153954 -0.01783649684366299 0.012296304051673404 -0.012053302129674048 -0.0043031222482251223 0.012658294748839154 0.015480097799856932 0.026745464452645334 -0.041579919164731638 0.043086878014668921 0.0026527741732157322 -0.035486201183760988 0.037972678239717367
leaf_weight=9.8493259400129336 4.3531249463558188 20.683507546782497 8.517314441502096 7.6002858728170457 7.8520688042044631 6.1835709065198889 5.2912552654743257 5.205018073320387 6.6224558502435666 89.866190776228905 10.060895025730131 5.7412292063236263 16.682566314935688 4.8808714598417282 20.404374942183498 7.930194027721881 15.83442736417055 8.5025888979434949 6.6525423303246489 6.7120719105005255 5.7208288162946692 5.1685827672481537 20.937644280493259
leaf_count=36 16 86 37 25 31 34 20 20 24 378 37 24 63 20 87 31 59 33 30 24 22 22 77
internal_value=0.00143442 0.00702573 -0.00315804 0.00772633 -0.00680245 0.0191052 0.0175014 0.00223767 -0.00813483 -0.0108188 -0.01261 0.000671204 0.0135343 0.0158214 -0.00580445 -0.016588 0.0275438 0.00478669 -0.0203243 0.0214038 0.0270321 -0.0164199 0.0322053
internal_weight=307.253 138.829 168.424 52.6402 23.0219 29.6183 52.1727 20.2229 115.784 104.28 99.9271 86.6565 29.1359 11.5033 57.5207 28.6137 23.4347 28.907 15.1699 23.3946 31.9497 10.3736 26.2289
internal_count=1236 545 691 216 98 118 197 78 475 431 415 348 111 44 237 117 84 120 67 87 119 42 97
is_linear=0
shrinkage=0.03


Tree=59
num_leaves=9
num_cat=0
split_feature=296 65 65 65 61 99 255 281
split_gain=8.62105 10.4196 10.427 10.4997 10.2597 7.23625 4.57338 5.19294
threshold=1.1552604006831293 20250917.500000004 20240176.000000004 20231019.000000004 3.1850000000000005 0.5565500000000001 0.2615029443206987 -0.60000000000000042
decision_type=2 2 2 2 2 2 2 2
left_child=1 2 3 4 -1 -2 7 -4
right_child=5 -3 6 -5 -6 -7 -8 -9
leaf_value=0.0073719402877991183 -0.039007421784666506 -0.03465377080803967 0.0077465519271469182 -0.034204519861791252 -0.0051977196376353811 0.0010703099731647666 0 0.037067485845215159
leaf_weight=149.72945614159107 8.3900190815329534 6.4948431700468054 9.107304915785793 7.1282624006271353 95.475009381771088 7.4803571328520766 7.8220937550067893 14.838661700487137
leaf_count=559 39 59 38 35 379 29 30 68
internal_value=0.00139844 0.00258612 0.00345992 0.00140442 0.00246535 -0.0200409 0.0196369 0.0261193
internal_weight=306.466 290.596 284.101 252.333 245.204 15.8704 31.7681 23.946
internal_count=1236 1168 1109 973 938 68 136 106
is_linear=0
shrinkage=0.03


Tree=60
num_leaves=16
num_cat=0
split_feature=105 58 257 306 106 298 123 37 199 203 69 272 261 179 149
split_gain=8.42809 8.92664 10.0787 10.6301 10.4839 8.52125 7.30339 6.8729 6.72345 6.62199 6.1873 5.18983 3.12175 2.51724 2.31578
threshold=0.56250000000000011 5.3600000000000003 1.3037335105190133 0.2940517751148885 0.31255000000000005 0.87354247460458267 8.5000000000000018 0.58415000000000006 42.416702232331701 -95.929550083448291 4.666500000000001 -0.010969654640678108 -1.0000000180025095e-35 -1.7033835247000007 -1.0000000180025095e-35
decision_type=2 2 2 2 2 2 2 2 2 2 2 2 2 2 2
left_child=1 9 3 4 -3 -4 -2 10 -5 -1 13 -7 -11 -8 -14
right_child=6 2 5 8 -6 11 7 -9 -10 12 -12 -13 14 -15 -16
leaf_value=-0.015797415284437392 0.041767569231817653 -0.0098144576861534018 0.010589286444603458 0.018400935027232584 0.0043924240709681209 -0.011520322942147831 0.015193075907179384 -0.017858293368228591 -0.017069277167875287 0.0032842333041485459 -0.0088402862616241851 -0.045088871707884538 0.015422945731048507 0.044700042410527822 0.041928254204735865
leaf_weight=4.2096243947744396 7.5449512004852322 98.400732539594173 5.7452137768268612 36.104719832539558 88.564004294574261 7.6307393014431062 5.8067197650671067 6.5883403047919264 5.3793750926852217 4.7457394152879777 5.1156862378120413 10.074147820472712 5.3904775530099913 5.6441733092069617 8.7301898002624405
leaf_count=18 26 416 22 138 349 32 23 27 22 19 23 45 22 20 34
internal_value=0.00135884 -0.000297254 -0.00194649 -7.04287e-06 -0.00306996 -0.0206328 0.0162425 0.00765238 0.0136993 0.0175072 0.018024 -0.0309354 0.0251407 0.0302579 0.0322006
internal_weight=305.675 274.975 251.899 228.449 186.965 23.4501 30.6999 23.1549 41.4841 23.076 16.5666 17.7049 18.8664 11.4509 14.1207
internal_count=1236 1117 1024 925 765 99 119 93 160 93 66 77 75 43 56
is_linear=0
shrinkage=0.03


Tree=61
num_leaves=16
num_cat=0
split_feature=280 43 11 55 274 99 162 273 208 59 279 49 65 47 101
split_gain=8.35158 10.9467 11.5657 15.2951 11.9994 11.2949 8.84509 8.40549 11.8228 8.29499 8.1748 7.78179 8.32568 7.22721 6.87749
threshold=-1.3500000000000003 -0.26059999999999994 21.975000000000005 13.250000000000002 7.6986394800504785 0.11710000000000001 0.15927673905000003 1.0000000180025095e-35 -11.579976363070999 7.705000000000001 -5.5799999999999974 0.5162500000000001 20210730.500000004 0.042400000000000007 0.50835000000000019
decision_type=2 2 2 2 2 2 2 2 2 2 2 2 2 2 2
left_child=6 -2 3 10 13 -5 -1 11 -9 -10 -3 14 -13 -4 -8
right_child=1 2 4 5 -6 -7 7 8 9 -11 -12 12 -14 -15 -16
leaf_value=-0.041174229302150124 0.041300775865513013 -0.0070254075958076931 0.038802800250888496 -0.022247063751492036 -0.017169408926151923 0.0016840237107168508 0.0028748225640844193 0.025953513505059159 0.010157620616091918 -0.021404551039181503 0.014621166989499189 0.023425927696534735 -0.02314722639949526 0.011859075359202598 0.034740721952880485
leaf_weight=5.8285609781742087 7.090581774711608 21.417769618332386 16.445791184902191 36.302274644374847 7.5610457807779303 34.194505624473095 13.678046345710756 6.7992566227912894 8.9201554954051954 41.856487154960632 56.711155965924263 4.7961488962173489 11.388596072793005 20.80091954767704 11.265546649694441
leaf_count=27 26 90 58 159 32 143 53 25 34 181 220 17 51 79 41
internal_value=0.00132213 0.00491323 0.00354324 -0.000468088 0.0168869 -0.0106108 -0.00553608 -0.00336172 -0.0107736 -0.0157919 0.00864737 0.00694242 -0.00910253 0.0239081 0.0174678
internal_weight=305.057 200.524 193.433 148.626 44.8078 70.4968 104.533 98.7042 57.5759 50.7766 78.1289 41.1283 16.1847 37.2467 24.9436
internal_count=1236 807 781 612 169 302 429 402 240 215 310 162 68 137 94
is_linear=0
shrinkage=0.03


Tree=62
num_leaves=15
num_cat=0
split_feature=65 105 277 296 193 308 125 72 2 88 298 129 262 185
split_gain=8.13882 8.96254 11.5112 11.4574 11.2981 13.8309 8.71068 8.2252 5.71593 5.84161 4.99962 4.35802 2.6263 1.58652
threshold=20250973.000000004 0.53750000000000009 -3.5249999999999981 1.1552604006831293 29.094438768388066 0.57916666666666672 51.807375000000008 2.6050000000000004 63.925000000000004 -6.2913244303561973 1.0804820098412797 7.2522791666666668 0.12283771082041571 4.0126499530069379
decision_type=2 2 2 2 2 2 2 2 2 2 2 2 2 2
left_child=1 3 6 4 10 -6 7 -3 9 -4 -1 -8 -10 -5
right_child=-2 2 8 13 5 -7 11 -9 12 -11 -12 -13 -14 -15
leaf_value=0.01043647536236997 -0.032952262102833085 0.010853496623179332 -0.007130734334299298 -0.018358701774058173 0.00032406156681423048 -0.028978520653749722 0.038822436843096178 -0.026342862545261376 0.042569391020442174 0.028958678912304293 0.039307257984770826 0.0026523626372385025 0.015625798426070512 -0.044830391401622413
leaf_weight=21.841325640678409 6.0130117163062087 8.5434012264013308 8.1151635497808439 4.6791431158781034 175.16566920280457 15.687563315033911 5.5799905061721784 13.661379128694533 13.1459176838398 7.6847764104604712 7.3560526371002188 6.7937574684619904 5.0674327462911597 4.9840254783630371
leaf_count=85 59 33 32 21 698 63 20 55 46 29 26 26 20 23
internal_value=0.00128715 0.00199819 0.0115089 -0.000832387 0.000564903 -0.00208273 -0.000602885 -0.0119124 0.0238755 0.0103055 0.017922 0.0193844 0.035363 -0.0326388
internal_weight=304.319 298.306 68.5918 229.714 220.051 190.853 34.5785 22.2048 34.0133 15.7999 29.1974 12.3737 18.2134 9.66317
internal_count=1236 1177 261 916 872 761 134 88 127 61 111 46 66 44
is_linear=0
shrinkage=0.03


Tree=63
num_leaves=15
num_cat=0
split_feature=95 131 305 55 269 93 284 299 49 208 289 260 189 278
split_gain=8.12353 11.2823 9.97542 8.72511 10.4574 8.86455 8.26576 7.78887 8.94237 11.2589 8.56495 7.48111 4.41459 4.01655
threshold=-0.43874999999999992 66.342284141588252 -0.13767711962833909 12.435 1.1895116016261964 9286.7500000000018 -6.2449999999999992 0.78645572338750103 0.58211774076405942 1.1631900395091985 0.89946568421743212 -0.47212263784651914 1.1437078615540079 -6.5099999999999971
decision_type=2 2 2 2 2 2 2 2 2 2 2 2 2 2
left_child=1 11 -3 4 -4 -5 12 13 9 -9 -10 -1 -2 -8
right_child=6 2 3 5 -6 -7 7 8 10 -11 -12 -13 -14 -15
leaf_value=-0.0060634509661569328 -0.0017889156581031599 0.018150226818642843 -0.012996535838532917 -0.033653500491652159 0.034068938194333397 0 0.0039949493190404037 -0.0029952237007465493 0.011963530462163204 0.014283357509186221 -0.016686770092022525 0.034116176290370226 -0.034479210311068827 0.037185096232826967
leaf_weight=7.5173323899507549 8.419421970844267 8.517628535628317 17.58676873147488 27.915532618761063 5.4845988154411307 9.4283937066793424 5.150017485022544 53.798427559435368 13.488022916018961 90.571057371795177 29.794339753687382 8.9094766825437528 6.8826463744044295 10.281463325023649
leaf_count=31 33 35 73 131 21 38 21 214 51 356 129 34 32 37
internal_value=0.00125171 -0.00657687 -0.0119253 -0.0162381 -0.00157977 -0.0251855 0.00432698 0.00594231 0.00423096 0.00782622 -0.00768237 0.015622 -0.0168157 0.0263986
internal_weight=303.745 85.3597 68.9329 60.4153 23.0714 37.3439 218.385 203.083 187.652 144.369 43.2824 16.4268 15.3021 15.4315
internal_count=1236 363 298 263 94 169 873 808 750 570 180 65 65 58
is_linear=0
shrinkage=0.03


Tree=64
num_leaves=12
num_cat=0
split_feature=65 65 107 296 290 65 299 65 17 96 38
split_gain=7.7775 8.60334 9.35512 9.43179 9.38921 5.79839 5.50889 7.27212 4.01283 3.63113 2.99927
threshold=20250973.000000004 20240226.500000004 0.74495000000000011 1.1162854482133975 1.3547978301927937 20210802.500000004 1.0120722158611202 20210707.500000004 18.940000000000001 0.11320000000000001 -0.27689999999999998
decision_type=2 2 2 2 2 2 2 2 2 2 2
left_child=1 2 3 4 -1 -5 -4 -8 9 10 -3
right_child=-2 8 6 5 -6 -7 7 -9 -10 -11 -12
leaf_value=0.0043812909560508092 -0.032774709799193336 0.0054474367654841066 0.034880218331988871 0 -0.0087446020878620412 -0.034564635960320653 0.018965495200266597 -0.024998075909012617 -0.0021029177904067923 -0.001098089154830515 0.033961970563965237
leaf_weight=146.40769600868225 5.830513320863246 4.5911137461662337 9.7904403358697909 6.6840730011463192 73.629779234528542 11.988381639122961 11.569018542766573 4.636447772383689 7.7295444309711447 4.6243318915367118 15.694675013422966
leaf_count=557 59 20 35 25 301 56 41 20 31 19 72
internal_value=0.00121632 0.00190371 9.79206e-05 -0.00175435 0 -0.0221661 0.0171631 0.00612719 0.0164119 0.0222624 0.0277141
internal_weight=303.176 297.346 264.706 238.71 220.037 18.6725 25.9959 16.2055 32.6397 24.9101 20.2858
internal_count=1236 1177 1035 939 858 81 96 61 142 111 92
is_linear=0
shrinkage=0.03


Tree=65
num_leaves=19
num_cat=0
split_feature=280 11 298 55 99 274 279 161 306 192 40 154 49 254 47 107 278 102
split_gain=7.62151 9.5183 12.6937 14.2423 10.7606 10.069 8.73314 7.44595 9.64227 11.0597 9.89985 9.26176 8.48937 8.56948 6.26671 9.41836 3.39507 2.85055
threshold=-1.3500000000000003 21.975000000000005 0.82073357920544343 13.250000000000002 0.11710000000000001 7.6986394800504785 -5.5799999999999974 8.9757771579000032 0.21228244937114069 57.665662630799822 0.43552631578947371 0.5310198919500001 0.5162500000000001 0.064097203945442174 0.042400000000000007 0.26230000000000003 -3.7499999999999996 0.33365000000000006
decision_type=2 2 2 2 2 2 2 2 2 2 2 2 2 2 2 2 2 2
left_child=7 2 17 6 -5 14 -4 8 12 11 -11 -10 13 -1 16 -16 -3 -2
right_child=1 5 3 4 -6 -7 -8 -9 9 10 -12 -13 -14 -15 15 -17 -18 -19
leaf_value=-0.036906123611655323 0.014223793670290899 0.05056125602842941 -0.009010796727823709 -0.022846799839685305 0.00113063192450609 -0.014111855352577364 0.013834756232066156 0.020003317915374279 -0.025401006427828495 0.020611531491829503 -0.026888433873666288 0.017819308030445936 -0.043811005643286723 -0.0007023301276083948 -0.0068021650119060306 0.03321688094351237 0.022522236164272468 0.047291964851801795
leaf_weight=8.2012364789843577 4.6988379880785924 8.2929186820983904 20.480247125029564 35.059439085423946 31.885403946042061 7.7826621681451789 54.991668403148651 9.2911372333765012 5.1575161367654792 4.9438006132841137 17.442653141915798 28.1842887327075 9.6306084319949132 20.83407024294138 11.235494494438173 9.7051401585340482 8.8485878109931928 5.6804803907871246
leaf_count=39 20 29 87 156 134 33 215 36 23 18 76 106 48 83 45 35 33 20
internal_value=0.00118269 0.00463117 0.00100883 -0.0013148 -0.0113971 0.0166051 0.00759191 -0.00539379 -0.00794388 0 -0.0162202 0.0109881 -0.019434 -0.0111229 0.0229817 0.0116722 0.0364759 0.0328865
internal_weight=302.346 198.661 152.796 142.417 66.9448 45.8648 75.4719 103.685 94.3942 55.7283 22.3865 33.3418 38.6659 29.0353 38.0821 20.9406 17.1415 10.3793
internal_count=1236 807 632 592 290 175 302 429 393 223 94 129 170 122 142 80 62 40
is_linear=0
shrinkage=0.03


Tree=66
num_leaves=13
num_cat=0
split_feature=105 133 306 69 107 99 45 187 123 37 69 179
split_gain=7.54296 8.0179 8.40343 10.8595 9.99077 8.62191 6.98848 6.94063 6.76145 6.15326 5.72837 2.3236
threshold=0.56250000000000011 2.6270313630500004 0.2940517751148885 3.5875000000000004 0.74495000000000011 -0.22974999999999998 0.70565000000000011 0.27988879964924923 8.5000000000000018 0.58415000000000006 4.666500000000001 -1.7033835247000007
decision_type=2 2 2 2 2 2 2 2 2 2 2 2
left_child=1 -1 3 5 -5 -3 7 -4 -2 10 11 -10
right_child=8 2 6 4 -6 -7 -8 -9 9 -11 -12 -13
leaf_value=0.037209056396761989 0.040232152967352726 -0.0091204369080835242 -0.011453219289264651 -0.014826506846956541 0.014111937224800046 0.0077601125566334793 -0.020805577205178425 0.020568114912399623 0.014309557048989495 -0.017192432149777739 -0.0090125780255072927 0.04300223358359697
leaf_weight=4.8975132256746283 7.3702916204929378 40.128636188805103 7.2436708435416213 84.222379706799984 12.11856973171234 83.747324734926224 5.4980779588222495 33.508221946656704 5.6965165808796945 6.511066995561122 5.0350163355469695 5.5025655329227439
leaf_count=18 26 167 31 373 47 330 23 128 23 27 23 20
internal_value=0.0011509 -0.000421367 -0.00113795 -0.00359036 -0.0111444 0.00226465 0.0104569 0.0147888 0.0153721 0.00704431 0.0169944 0.0289288
internal_weight=301.48 271.364 266.467 220.217 96.3409 123.876 46.25 40.7519 30.1155 22.7452 16.2341 11.1991
internal_count=1236 1117 1099 917 420 497 182 159 119 93 66 43
is_linear=0
shrinkage=0.03


Tree=67
num_leaves=13
num_cat=0
split_feature=65 65 306 310 296 125 189 57 278 2 46 103
split_gain=7.40537 8.17757 9.20229 11.2838 10.5543 11.4718 9.17274 7.26447 4.04102 3.95943 4.278 4.57021
threshold=20250973.000000004 20240226.500000004 0.27997802381743125 0.20764871907455398 1.1337527167350885 101.86380000000001 2.7158995387237468 19.545000000000005 1.1399999999999972 60.260000000000012 -0.069766779977137691 0.23290000000000002
decision_type=2 2 2 2 2 2 2 2 2 2 2 2
left_child=1 2 4 7 5 -1 -5 -4 -6 -3 -11 -12
right_child=-2 9 3 6 8 -7 -8 -9 -10 10 11 -13
leaf_value=-0.0023820451749961419 -0.032591289971801128 0.038017979863068346 0.032782373379686758 -0.036920708329809385 -0.04400050945914117 0.04028261858691546 0.012604495295638143 0.0072674365430212646 -0.0089760162087204678 -0.0072588174661727478 0.033911693799841325 0.0035429295287618635
leaf_weight=189.93244823813438 5.6438034251332274 6.0023627132177344 18.357072293758392 6.8477980643510801 7.1975741833448392 5.7427138835191718 6.3351729959249496 23.043290108442307 5.5204387456178665 7.9713805019855526 8.999615892767908 9.2794808000326139
leaf_count=754 59 28 67 28 35 20 23 85 23 35 40 39
internal_value=0.0011198 0.00178521 2.28121e-05 0.0109879 -0.00283871 -0.00109465 -0.0129794 0.0187049 -0.0292203 0.0160179 0.0107484 0.0187612
internal_weight=300.873 295.229 262.977 54.5833 208.393 195.675 13.183 41.4004 12.718 32.2528 26.2505 18.2791
internal_count=1236 1177 1035 203 832 774 51 152 58 142 114 79
is_linear=0
shrinkage=0.03


Tree=68
num_leaves=14
num_cat=0
split_feature=56 275 187 306 69 282 49 189 295 287 128 149 290
split_gain=7.34077 8.9258 8.11235 9.79873 9.29483 7.98194 8.34052 6.99439 5.44641 5.07911 4.04643 3.96761 2.33721
threshold=4.495000000000001 0.018137056739739459 0.23385690516193181 0.15222783793632869 3.4793500000000006 -3.9000000000000008 0.33465000000000006 5.8568561840467481 0.107 1.097001404948001 1.8698000000000004 -0.40496665969999995 0.99577820974357845
decision_type=2 2 2 2 2 2 2 2 2 2 2 2 2
left_child=10 8 5 7 -5 11 -7 -4 12 -10 -1 -3 -2
right_child=1 2 3 4 -6 6 -8 -9 9 -11 -12 -13 -14
leaf_value=0.0383621712832551 -0.012982674257401048 -0.012301613581539557 -0.021493161425697349 0.013244383711961495 0.00029933568907465754 0.035205939934332034 -0.010187036563147619 0.016694498915936738 -0.028817691137197947 0.012436480577205469 0.0028628635354920992 -0.050912064117399826 -0.044147336203829282
leaf_weight=7.0744547173380834 3.7668173536658305 4.7209795564413071 20.673721708357338 88.56197502464056 115.37386377155781 4.266355216503146 21.634207352995872 5.2800987288355818 4.2565597593784315 6.8284013718366623 5.1922052949666977 5.5680559724569303 6.8602029979228973
leaf_count=30 17 21 99 342 473 17 88 22 18 29 21 25 34
internal_value=0.00108983 0.000106786 0.00162898 0.00371827 0.00593934 -0.011534 -0.00248785 -0.0135748 -0.018332 -0.00325268 0.0237233 -0.0337739 -0.0336045
internal_weight=300.058 287.791 266.079 229.89 203.936 36.1896 25.9006 25.9538 21.712 11.085 12.2667 10.289 10.627
internal_count=1236 1185 1087 936 815 151 105 121 98 47 51 46 51
is_linear=0
shrinkage=0.03


Tree=69
num_leaves=16
num_cat=0
split_feature=95 131 305 55 269 113 284 299 191 53 179 260 188 278 61
split_gain=7.24205 10.5578 9.31035 7.64741 9.8601 9.21337 7.60903 7.16313 8.35393 10.7299 8.10999 6.89938 5.7127 3.72904 2.06391
threshold=-0.43874999999999992 66.342284141588252 -0.13767711962833909 12.435 1.1895116016261964 7697.9950000000008 -6.2449999999999992 0.78645572338750103 10.001651550289528 30.700000000000006 -0.6605842383749968 -0.47212263784651914 1.6380904701299064 -6.5099999999999971 2.2100000000000004
decision_type=2 2 2 2 2 2 2 2 2 2 2 2 2 2 2
left_child=1 11 -3 4 -4 -5 12 13 10 -10 -9 -1 -2 -8 -14
right_child=6 2 3 5 -6 -7 7 8 9 -11 -12 -13 14 -15 -16
leaf_value=-0.0057499298972315729 0.0045555630431534568 0.017590671012455525 -0.013159184314677493 -0.035096852151993298 0.032857974127322651 -0.0030230457760193319 0.0035832559335148804 -0.0040716342569511359 0.032956631584103807 0 0.010818989839329506 0.033069723446186694 -0.015572679959293803 0.035848374186967409 -0.046763573175801119
leaf_weight=7.4165630936622646 6.4217309057712546 8.417138531804083 17.409491918981079 24.15497162565589 5.3993303403258315 12.423389859497545 5.0720723420381537 100.94705767184496 18.217389993369579 17.411729626357555 48.678551159799099 8.8009937927126867 4.2095983549952489 10.080154612660406 4.4403086230158806
leaf_count=31 25 35 73 117 21 52 21 416 68 71 195 34 19 37 21
internal_value=0.00105804 -0.00639417 -0.0116196 -0.0158328 -0.00203912 -0.0243231 0.00397943 0.00553898 0.00389053 0.0169279 0.000756771 0.0152065 -0.0164599 0.0253389 -0.0322784
internal_weight=299.5 84.0219 67.8043 59.3872 22.8088 36.5784 215.479 200.407 185.255 35.6291 149.626 16.2176 15.0716 15.1522 8.64991
internal_count=1236 363 298 263 94 169 873 808 750 139 611 65 65 58 40
is_linear=0
shrinkage=0.03


Tree=70
num_leaves=12
num_cat=0
split_feature=105 258 4 199 142 299 277 123 37 69 201
split_gain=7.11226 7.35288 8.26406 12.1208 10.1427 10.128 8.70229 6.43472 5.76626 5.34941 1.392
threshold=0.56250000000000011 1.8775807951142154 65.390000000000015 -40.864608056804236 2.4062547741000002 0.81179943076004091 -7.2699999999999987 8.5000000000000018 0.58415000000000006 4.666500000000001 2.5754135365118791
decision_type=2 2 2 2 2 2 2 2 2 2 2
left_child=1 2 4 -4 -1 -6 -5 -2 9 10 -9
right_child=7 -3 3 6 5 -7 -8 8 -10 -11 -12
leaf_value=0.046023866851524077 0.039364139983516649 -0.035065916894337829 -0.028107400904957187 -0.01259093605507015 0.012804201326988085 -0.0072991758034137745 0.016257381614846779 0.040467620789622946 -0.01671754083112581 -0.008697837604602545 0.017254196056906784
leaf_weight=3.5650782436132422 7.2603515386581448 5.3286805152893058 7.3705416470766059 10.882338985800741 26.259859904646873 153.29768859967589 62.44836987555027 4.9139560610055977 6.4820312038063994 4.999648191034793 6.1350720450282097
leaf_count=13 26 24 33 45 104 659 239 18 27 23 25
internal_value=0.00102862 -0.000502216 0.000197552 0.00820058 -0.00331552 -0.00433692 0.0119241 0.0149151 0.00676482 0.0164799 0.0281176
internal_weight=298.944 269.153 263.824 80.7013 183.123 179.558 73.3307 29.7911 22.5307 16.0487 11.049
internal_count=1236 1117 1093 317 776 763 284 119 93 66 43
is_linear=0
shrinkage=0.03


Tree=71
num_leaves=10
num_cat=0
split_feature=66 66 66 63 311 283 295 174 257
split_gain=7.02189 7.73733 8.78955 8.87693 10.8652 4.43244 4.35871 2.46037 1.0924
threshold=20250976.000000004 20240265.000000004 20231022.000000004 0.23410000000000003 1.1162619516581602 2.1300000000000003 0.80995000000000006 3.9691201273500005 -0.040291340227496038
decision_type=2 2 2 2 2 2 2 2 2
left_child=1 2 3 -1 -5 6 7 -3 -4
right_child=-2 5 8 4 -6 -7 -8 -9 -10
leaf_value=0.027636170223129475 -0.03241520539793722 0.03096662844400682 -0.041389181267442392 -0.0032870837770442667 0.013030654785774124 -0.010061456780737979 -0.006236192163424188 0.0058325922929113594 -0.016518016512704053
leaf_weight=10.623896792531012 5.446467511355876 17.659705787897121 4.3715568333864212 197.66990842670202 44.990983307361603 4.9061247557401648 4.4009496569633475 4.8201680928468695 3.6329542398452741
leaf_count=39 59 81 22 785 170 20 19 22 19
internal_value=0.00099972 0.00164177 -4.93091e-05 0.00092289 -0.000245185 0.0155931 0.0204066 0.0257599 -0.0308143
internal_weight=298.523 293.076 261.289 253.285 242.661 31.7869 26.8808 22.4799 8.00451
internal_count=1236 1177 1035 994 955 142 122 103 41
is_linear=0
shrinkage=0.03


Tree=72
num_leaves=10
num_cat=0
split_feature=56 275 142 105 46 277 44 174 127
split_gain=6.89478 8.32956 7.20594 7.18158 8.51769 6.6121 6.51014 4.78142 3.95118
threshold=4.495000000000001 0.016182375165814208 2.4062547741000002 0.53750000000000009 0.33495000000000003 -3.5249999999999981 0.52936186440677979 0.5631229712000001 2.3408206578947373
decision_type=2 2 2 2 2 2 2 2 2
left_child=8 6 -3 4 -4 -5 7 -2 -1
right_child=1 2 3 5 -6 -7 -8 -9 -10
leaf_value=0.03783103644839253 -0.042242996571904966 0.036056946924472984 0.0018872930385219065 5.8192150670261425e-05 -0.011830788793430439 0.019561774967042526 0.0086573272479743956 -0.0061211542766202841 0.0025740834087289448
leaf_weight=6.8921274170279485 9.1303732171654719 5.2086328119039527 139.97173095494509 32.682387292385101 57.213272854685783 30.466186136007309 5.5486401170492163 5.5216427221894255 5.1946735978126526
leaf_count=30 44 19 566 136 246 125 25 24 21
internal_value=0.000970919 1.79027e-05 0.00144384 0.000726219 -0.00208178 0.00953123 -0.0184934 -0.0289675 0.0230699
internal_weight=297.83 285.743 265.542 260.334 197.185 63.1486 20.2007 14.652 12.0868
internal_count=1236 1185 1092 1073 812 261 93 68 51
is_linear=0
shrinkage=0.03


Tree=73
num_leaves=12
num_cat=0
split_feature=296 65 64 99 306 278 131 277 142 296 1
split_gain=6.82439 8.34473 8.49538 12.1824 11.5105 10.2214 7.59958 7.99944 6.56657 5.94791 1.90593
threshold=1.1552604006831293 20250917.500000004 332.50000000000006 -0.13174999999999998 0.25695215083010908 -2.4350000000000054 64.61249888514071 -8.4249999999999989 10.895873353500003 1.0231377171372393 66.365000000000009
decision_type=2 2 2 2 2 2 2 2 2 2 2
left_child=1 2 6 4 -4 -5 9 -8 -2 -1 -10
right_child=8 -3 3 5 -6 -7 7 -9 10 -11 -12
leaf_value=0.035169460596115178 0.0060346927817312617 -0.03383103067819284 -0.021333007589361366 -0.0031308662467010922 0.012230639252797122 0.016566826288491654 -0.013261504685318665 0.008951844212563018 -0.047613054335937856 0.0023072668938067921 -0.018474858501694082
leaf_weight=15.091975763440134 5.8013714030385009 5.6159035675227633 40.378167256712914 64.076203122735023 11.705074310302733 37.352059975266457 17.524614751338959 82.796280063688755 4.7862409800291044 7.680182769894599 4.5859121084213257
leaf_count=57 25 59 178 259 45 142 73 324 22 31 21
internal_value=0.000944574 0.00201053 0.00276102 -0.00193086 -0.0137235 0.00410265 0.00863352 0.00503228 -0.0185686 0.024276 -0.0340177
internal_weight=297.394 282.22 276.605 153.512 52.0832 101.428 123.093 100.321 15.1735 22.7722 9.37215
internal_count=1236 1168 1109 624 223 401 485 397 68 88 43
is_linear=0
shrinkage=0.03


Tree=74
num_leaves=19
num_cat=0
split_feature=131 96 174 131 20 172 71 289 195 54 274 290 188 172 104 290 174 96
split_gain=6.60035 9.52737 8.34524 7.81912 7.37663 7.21524 6.85143 6.82573 7.70099 6.64846 7.27436 6.51769 6.41679 6.61562 7.73005 5.34546 6.67594 4.62485
threshold=69.809271121538487 -0.035549999999999991 0.13806900645000003 190.12491336307974 -1.1949999999999996 -0.84257030264999988 70.205000000000013 0.58935115623940149 8.751090188142836 12.325000000000001 5.4774982651366519 0.58111820728949193 9.068733075920834 0.51561790630000004 0.19525000000000003 1.0355929892738212 0.94202748510000012 -0.055099999999999989
decision_type=2 2 2 2 2 2 2 2 2 2 2 2 2 2 2 2 2 2
left_child=2 4 -1 7 9 -5 -7 11 -9 -2 -11 -3 13 -4 -15 16 -6 -17
right_child=1 3 12 5 15 6 -8 8 -10 10 -12 -13 -14 14 -16 17 -18 -19
leaf_value=-0.021445925239715245 0.02293706468664691 -0.014532685711984596 0.031360131106509329 -0.023733902157798772 0.010726939952044668 0.0079237393562084854 0.032813991440480694 -0.042946765065951617 -0.004454308851855257 0.0068864479278704215 -0.028545822526004856 0.023246990689699511 0.038063862877390234 -0.0028133072043097043 0.032980594402760105 -0.04109073437267953 -0.028210116709796978 -0.0088077001256673913
leaf_weight=6.7607747167348853 8.0650978460907954 5.5422492846846607 9.5250420868396741 5.1132847815752021 8.4165742844343168 52.026135958731174 12.432543091475962 4.9169022664427748 76.52838221937418 11.372026063501837 9.3380999416112882 14.477501630783079 8.14655704051256 31.044517643749714 6.4548802673816672 13.184466473758219 7.2248815968632689 6.1778676025569466
leaf_count=29 32 23 38 21 32 213 48 22 317 49 43 57 31 128 25 66 34 28
internal_value=0.000917096 -0.0013704 0.0096268 0.00230602 -0.0112646 0.0100549 0.0128143 -0.00298233 -0.00686473 0 -0.00900604 0.0126187 0.0135207 0.00913342 0.00333954 -0.0204947 -0.00713269 -0.0310426
internal_weight=296.748 234.816 61.9318 171.037 63.779 69.572 64.4587 101.465 81.4453 28.7752 20.7101 20.0198 55.171 47.0244 37.4994 35.0038 15.6415 19.3623
internal_count=1236 985 251 701 284 282 261 419 339 124 92 80 222 191 153 160 66 94
is_linear=0
shrinkage=0.03


Tree=75
num_leaves=13
num_cat=0
split_feature=56 306 186 283 37 130 176 289 189 65 201 128
split_gain=6.58113 7.76529 8.28418 9.33581 8.30094 8.08986 6.69725 6.39223 6.15484 5.36858 3.9416 3.90763
threshold=4.495000000000001 0.15222783793632869 0.35588039027488372 -4.8749999999999991 0.52605000000000013 2.6441250000000003 0.21245134800000007 0.34273250508053499 6.1318813674891581 20230723.000000004 39.67051271046882 1.8698000000000004
decision_type=2 2 2 2 2 2 2 2 2 2 2 2
left_child=11 7 6 5 -5 -4 10 -2 9 -9 -3 -1
right_child=1 2 3 4 -6 -7 -8 8 -10 -11 -12 -13
leaf_value=0.037384052768632402 0.019797340495400599 -0.016240019913121993 0.0050696815333538398 0.010325071613979634 -0.0028786540327560275 -0.024142253840034961 -0.044973248384737534 -0.03925648558105526 0.010122324848079152 -0.0099657918919977325 0.013817874819015964 0.0021066961903935398
leaf_weight=6.8059645369648916 4.2786249369382849 11.732363931834703 15.286523044109343 131.65259621664882 62.998841501772404 18.738201841711998 5.2382512241601935 12.198216691613203 5.178188979625701 11.181827016174791 5.6930718272924414 5.1244036555290222
leaf_count=30 18 49 62 525 267 81 23 55 22 62 21 21
internal_value=0.000890626 -1.88881e-05 0.00176478 0.00349216 0.006037 -0.0109537 -0.0154715 -0.0137264 -0.0189052 -0.0254777 -0.0062258 0.0226243
internal_weight=296.107 284.177 251.34 228.676 194.651 34.0247 22.6637 32.8369 28.5582 23.38 17.4254 11.9304
internal_count=1236 1185 1028 935 792 143 93 157 139 117 70 51
is_linear=0
shrinkage=0.03


Tree=76
num_leaves=15
num_cat=0
split_feature=65 105 193 47 64 277 187 68 93 62 268 279 123 11
split_gain=6.52871 7.19994 8.57072 10.0886 7.71181 7.45983 6.54428 6.51319 8.00808 6.30674 6.00795 7.09938 5.28949 3.51734
threshold=20250973.000000004 0.54585000000000006 29.493933216824036 0.15845000000000001 331.50000000000006 -3.5249999999999981 0.56690412782077571 44.816500000000005 4000.5800000000004 1.2952000000000001 0.65615070306944756 -3.8799999999999986 10.500000000000002 17.925000000000004
decision_type=2 2 2 2 2 2 2 2 2 2 2 2 2 2
left_child=1 2 7 4 -4 10 -5 12 -9 13 11 -3 -1 -7
right_child=-2 5 3 6 -6 9 -8 8 -10 -11 -12 -13 -14 -15
leaf_value=0.040817431681095695 -0.032166663466841015 0.0049857179514921253 0.010934329643433976 -0.021276239989573096 -0.0036913228542182759 0.015522920649004098 -0.0007625779495013125 -0.033662327374757661 0.016813599345289747 -0.0058188159967239843 0.028107431618371408 -0.03187346840342923 0.010361514318925681 0.04126661935252586
leaf_weight=8.8217203170061129 5.1814300194382659 14.085090413689617 48.791436553001404 36.652426540851593 96.067510738968849 9.1398267149925285 23.119573771953583 4.8933313190937024 6.3678593784570694 5.3031394034624091 5.4183741509914389 6.8737926185131082 13.170287519693373 11.720565885305403
leaf_count=33 59 56 190 158 396 37 96 20 25 21 20 29 53 43
internal_value=0.000864782 0.00147529 -0.000734198 -0.00304326 0.00121834 0.0115184 -0.0134063 0.0133517 -0.00495891 0.0228371 0.000134124 -0.00705432 0.0228436 0.0302582
internal_weight=295.606 290.425 237.884 204.631 144.859 52.5408 59.772 33.2532 11.2612 26.1635 26.3773 20.9589 21.992 20.8604
internal_count=1236 1177 971 840 586 206 254 131 45 101 105 85 86 80
is_linear=0
shrinkage=0.03


Tree=77
num_leaves=17
num_cat=0
split_feature=303 124 69 105 299 127 193 200 99 64 284 165 167 176 203 101
split_gain=6.45336 9.1669 11.0468 8.62967 9.06774 10.7466 8.17292 8.13486 6.80479 9.30551 8.72994 6.53812 4.92733 3.74314 4.8268 3.22487
threshold=0.087141989315513882 75.577727777777795 3.5875000000000004 0.52915000000000012 0.8260351575717928 2.649113888888889 30.628693158079034 0.20558569088552978 -0.22974999999999998 332.50000000000006 -5.7449999999999992 2.6491851766500001 -0.36711657510000001 -0.35382017124999993 0.66733127577361939 0.54165000000000008
decision_type=2 2 2 2 2 2 2 2 2 2 2 2 2 2 2 2
left_child=1 2 8 4 -3 -6 -2 11 9 -1 -10 -4 -5 -8 -15 -14
right_child=6 3 7 12 5 -7 13 -9 10 -11 -12 -13 15 14 -16 -17
leaf_value=0.011009540180083374 0.014212017445635664 0.034363403290412035 -0.01435558564306744 0.0047948525748177989 0.035240778556205936 -0.012869753629718358 -0.046583341379915696 0.027657309359299689 -0.017193108918128999 -0.019598587957085262 0.01411722860257964 0.0077523943488062514 0.01706175154973499 -0.032575363243584225 0.0037120313694756018 0.042459981600998356
leaf_weight=16.469138227403164 6.5958784744143513 6.3719723522663108 73.619953043758869 8.6886705607175845 4.9002080708742168 24.912735551595688 4.9977751821279588 5.1251419186592093 8.9172021821141225 19.165252842009068 67.921346269547939 14.134421065449713 8.343742638826372 6.7724362164735741 6.0549062490463257 11.911059703677891
leaf_count=66 30 24 321 37 18 107 27 19 37 83 266 54 32 38 34 43
internal_value=0.000841419 0.00218624 -0.000911855 0.0119871 0.00211389 -0.00477039 -0.0138793 -0.00857639 0.00539282 -0.00537726 0.010427 -0.0107558 0.0241774 -0.0244627 -0.0153183 0.0322801
internal_weight=294.902 270.481 205.352 65.1284 36.1849 29.8129 24.421 92.8795 112.473 35.6344 76.8385 87.7544 28.9435 17.8251 12.8273 20.2548
internal_count=1236 1107 846 261 149 125 129 394 452 149 303 375 112 99 72 75
is_linear=0
shrinkage=0.03


Tree=78
num_leaves=20
num_cat=0
split_feature=306 99 64 54 123 69 270 158 106 37 202 99 49 116 35 112 283 178 310
split_gain=6.2795 9.64698 8.92096 9.17631 8.73254 11.5873 8.68073 7.63115 8.34376 12.5135 7.66801 6.77461 6.84039 5.82065 11.2036 3.61582 3.19177 2.21451 1.80446
threshold=0.2940517751148885 -0.13174999999999998 332.50000000000006 20.335000000000004 7.5000000000000009 3.1296000000000004 0.18316149966635212 -10.550822932799997 0.30080000000000001 0.30750000000000005 -243.97975811387167 0.72355000000000014 0.53865000000000007 671.50000000000011 5.5000000000000009 3485.9050000000002 -1.3699999999999999 1.0000000180025095e-35 -0.10851363721896623
decision_type=2 2 2 2 2 2 2 2 2 2 2 2 2 2 2 2 2 2 2
left_child=1 2 4 6 15 -6 -4 -3 9 -9 -10 13 -13 17 16 -1 -15 -2 -5
right_child=11 7 3 18 5 -7 -8 8 10 -11 -12 12 -14 14 -16 -17 -18 -19 -20
leaf_value=0.0033374406437512456 0.043669474019239818 0.032233192288578412 -0.025145722900503421 -0.017589331740347058 0.010692389030008843 -0.026426635195571101 0.0058852548699147725 0.013585664482475302 -0.026663932995298758 -0.014571644870880095 0.010750467853845499 0.014681090476652453 -0.023354561636345285 0.0076794455664114013 -0.024909565196973037 0.03967387329590033 0.038936993346700505 0.019931779978448114 -0.043808973944215311
leaf_weight=4.4918918460607511 7.2878291979432133 7.6979526504874221 15.313871547579764 3.7945628762245169 15.588958382606508 14.42240698635578 16.821952365338802 20.180114172399044 5.1415221318602553 46.861788462847471 74.954843953251839 7.9394860267639187 8.8511242866516096 6.3988625407218942 6.5724890679121009 6.0014499202370644 5.9573792666196832 8.7926572114229185 11.09772017598152
leaf_count=20 29 29 70 19 63 67 68 82 22 207 301 32 36 26 28 23 22 37 55
internal_value=0.000820271 -0.00119612 -0.0091598 -0.0180374 0.00109267 -0.0070746 -0.00884119 0.00328959 0.00173408 -0.00604379 0.00828111 0.0102968 -0.00521125 0.0178137 0.00628287 0.0245808 0.0231823 0.0310787 -0.0374902
internal_weight=294.169 242.369 87.5328 47.0281 40.5047 30.0114 32.1358 154.836 147.138 67.0419 80.0964 51.7998 16.7906 35.0092 18.9287 10.4933 12.3562 16.0805 14.8923
internal_count=1236 1026 385 212 173 130 138 641 612 289 323 210 68 142 76 43 48 66 74
is_linear=0
shrinkage=0.03


Tree=79
num_leaves=10
num_cat=0
split_feature=65 65 65 63 311 255 12 126 140
split_gain=6.21752 7.05672 7.93272 7.87789 9.42274 4.23449 4.21202 3.69548 0.895849
threshold=20250973.000000004 20240226.500000004 20231019.000000004 0.23410000000000003 1.1162619516581602 0.3537270925041836 16.125000000000004 64.865182769005443 -0.17153008944999973
decision_type=2 2 2 2 2 2 2 2 2
left_child=1 2 3 -1 -5 6 -3 -8 -4
right_child=-2 5 8 4 -6 -7 7 -9 -10
leaf_value=0.026161952310332096 -0.031998702450583026 0.036839855636801748 -0.039996486361934085 -0.0032562823818215775 0.012072789515811247 -0.011234532993627066 0.022031277285392961 -0.0054677522595586543 -0.016678190187717191
leaf_weight=10.374823987483976 5.0040281154215327 8.5906564220786148 4.1634603440761566 195.07587741315365 44.161587774753571 4.544687718152999 10.665247842669489 7.1360135525465003 3.5638280883431426
leaf_count=39 59 44 22 785 170 18 50 30 19
internal_value=0.000799278 0.0013899 -0.000228304 0.000692216 -0.000410245 0.0149046 0.0195444 0.0108712 -0.0299758
internal_weight=293.28 288.276 257.34 249.612 239.237 30.9366 26.3919 17.8013 7.72729
internal_count=1236 1177 1035 994 955 142 124 80 41
is_linear=0
shrinkage=0.03


Tree=80
num_leaves=18
num_cat=0
split_feature=131 96 305 174 193 165 131 275 38 169 93 185 190 188 172 103 272
split_gain=6.18147 8.5901 9.31079 7.48882 7.21467 10.0515 7.01819 7.2897 10.6627 8.00554 6.61969 6.73924 6.67954 5.8816 6.26211 7.49809 5.3747
threshold=69.809271121538487 -0.035549999999999991 -0.13767711962833909 0.13806900645000003 58.940984798563136 0.11591807840000001 190.12491336307974 0.067544845563821662 0.7461500000000002 4.823725746350001 4126.6400000000003 1.9431054298015609 7.1969494511035919 9.068733075920834 0.51561790630000004 0.36965000000000003 0.033146236550119244
decision_type=2 2 2 2 2 2 2 2 2 2 2 2 2 2 2 2 2
left_child=3 2 -2 -1 16 -6 10 8 -8 -9 12 -12 -3 14 -5 -16 -4
right_child=1 6 4 13 5 -7 7 9 -10 -11 11 -13 -14 -15 15 -17 -18
leaf_value=-0.020390770303090403 0.018910525327488246 -0.0016507868725478252 0.010431382625862738 0.030540055155591501 0.024683121559536999 -0.028021872661082383 0.011710518363710452 0.03721146044944447 -0.03329555176459887 0.0086788500717345472 -0.034522318402783018 -0.0055065390149550749 0.023407672723950626 0.036663634251306441 -0.003101565907039363 0.032140826964379941 -0.026580618246007017
leaf_weight=6.6532710269093505 8.0168561860918981 36.826701141893864 12.892357937991621 9.3799449503421766 3.4691739976406089 33.456871725618839 11.883471719920637 11.73939076811075 7.6920760646462432 37.336729064583778 8.7197495028376562 42.023065231740475 12.747891977429388 8.0245331227779371 30.476494908332825 6.4863360971212378 4.7465853057801715
leaf_count=29 34 154 55 38 14 159 50 44 38 150 38 177 50 31 127 26 22
internal_value=0.000776377 -0.00145184 -0.0109447 0.00926928 -0.0154125 -0.022936 0.0020507 0.00944501 -0.00590117 0.0156269 -0.00298404 -0.0106098 0.00476664 0.0129848 0.00874998 0.00307195 0.000208751
internal_weight=292.572 231.551 62.5818 61.0206 54.565 36.926 168.969 68.6517 19.5755 49.0761 100.317 50.7428 49.5746 54.3673 46.3428 36.9628 17.6389
internal_count=1236 985 284 251 250 173 701 282 88 194 419 215 204 222 191 153 77
is_linear=0
shrinkage=0.03


Tree=81
num_leaves=10
num_cat=0
split_feature=296 65 65 65 49 142 254 19 12
split_gain=6.0432 7.39886 7.74935 8.26564 7.28674 6.17275 4.20735 4.52348 1.52907
threshold=1.1552604006831293 20250917.500000004 20240176.000000004 20231019.000000004 0.54485000000000017 10.895873353500003 0.24483549392908902 15.940000000000003 20.325000000000003
decision_type=2 2 2 2 2 2 2 2 2
left_child=1 2 3 4 -1 -2 7 -4 -7
right_child=5 -3 6 -5 -6 8 -8 -9 -10
leaf_value=0.0051970760450849897 0.0062401713327828586 -0.033432737104378905 0.030162118694621872 -0.032251933631099454 -0.0061464832636849345 -0.044660327039649346 -0.005707565923412229 0 -0.017757803889019777
leaf_weight=162.28311892598867 5.6841157004237166 5.1612773127853862 17.677638478577144 6.5589560419321051 74.02117945253849 4.9621052145957929 5.6332481354475012 5.7669699341058722 4.1819630265235901
leaf_count=633 25 59 89 35 305 24 22 25 19
internal_value=0.000755828 0.00176674 0.00245788 0.000689687 0.00162997 -0.01782 0.0170703 0.0226718 -0.0330064
internal_weight=291.931 277.102 271.941 242.863 236.304 14.8282 29.0779 23.4446 9.14407
internal_count=1236 1168 1109 973 938 68 136 114 43
is_linear=0
shrinkage=0.03


Tree=82
num_leaves=20
num_cat=0
split_feature=280 298 11 55 124 274 279 273 208 282 158 49 105 130 46 306 64 194 168
split_gain=6.0367 8.51084 10.2349 11.8753 9.17473 8.671 7.1305 6.7876 11.1176 7.31432 7.48315 7.28059 6.51814 6.3846 6.33133 5.15301 4.46646 4.27733 0.696375
threshold=-1.3500000000000003 0.84424207872508539 21.975000000000005 13.250000000000002 63.123721071428577 7.6986394800504785 -5.5799999999999974 1.0000000180025095e-35 -11.579976363070999 -0.82499999999999918 -0.8776373961499998 0.5162500000000001 0.4875000000000001 2.59355 0.072250000000000023 0.22444925736065832 332.50000000000006 1.4328294531117487 2017.5000000000002
decision_type=2 2 2 2 2 2 2 2 2 2 2 2 2 2 2 2 2 2 2
left_child=7 16 3 6 -5 14 -3 9 -9 10 -1 -12 13 -10 -4 -11 18 -14 -2
right_child=1 2 5 4 -6 -7 -8 8 12 15 11 -13 17 -15 -16 -17 -18 -19 -20
leaf_value=0.035558220784134342 0.045911180682224551 -0.0090486963450776819 0.037998362713798889 -0.022587526459387726 0.00019627122930953293 -0.015073725601371815 0.012151286715133776 0.024273689435791369 0.011881203294307786 -0.038312137205172861 0.01766906753041057 -0.016081947087240069 -0.045148355554824493 -0.020742718419742991 0.011003319632312276 0.0016753654201036282 0.0032521635951061642 -0.018644860121546633 0.026238988174566193
leaf_weight=8.3117149397730845 5.1441290676593763 19.456127926707268 12.788927748799322 32.556759528815746 30.505824103951454 6.9616096615791312 51.789057020097971 6.592540130019187 10.938636869192125 5.2114515006542188 12.612363129854204 10.366234224289654 7.7762863710522678 10.387743934988974 21.38142266869545 6.0734733417630196 5.7585226148366919 21.824427168816328 4.8156952261924744
leaf_count=30 19 86 47 143 141 31 210 25 46 24 49 49 35 48 84 25 24 98 22
internal_value=0.000732267 0.00386605 0.00194607 -0.00204651 -0.0115358 0.0150291 0.00631523 -0.00522048 -0.0119459 0.00380205 0.0113221 0.00230942 -0.0167317 -0.00389203 0.0212757 -0.0167019 0.0249584 -0.0258371 0.037053
internal_weight=291.253 191.158 175.44 134.308 63.0626 41.132 71.2452 100.095 57.5196 42.5752 31.2903 22.9786 50.9271 21.3264 34.1704 11.2849 15.7183 29.6007 9.95982
internal_count=1236 807 742 580 284 162 296 429 252 177 128 98 227 94 131 49 65 133 41
is_linear=0
shrinkage=0.03


Tree=83
num_leaves=22
num_cat=0
split_feature=306 290 14 60 50 102 184 183 208 99 192 49 63 103 1 116 68 44 206 155 178
split_gain=5.9984 9.58292 9.54585 10.0423 10.0333 9.36424 8.69746 8.5996 6.6811 6.46611 6.39708 6.32875 6.15124 5.78841 7.35245 5.20602 6.66649 6.42127 4.52065 2.8407 2.114
threshold=0.2940517751148885 1.3434841405462512 18.975000000000005 16.390000000000004 -0.13184999999999999 0.32185000000000002 2.3887596144896359 0.68536449889422546 0.50474325702209721 0.72355000000000014 17.017159023374926 0.56530000000000002 0.43760000000000004 -0.13024999999999998 61.090000000000011 671.50000000000011 77.776750000000007 0.4789381355932204 7.1408341468757266 0.28629681138400004 1.0000000180025095e-35
decision_type=2 2 2 2 2 2 2 2 2 2 2 2 2 2 2 2 2 2 2 2 2
left_child=1 2 3 4 -1 7 -5 -3 19 15 -10 -11 -9 18 -15 20 17 -17 -4 -7 -2
right_child=9 5 13 6 -6 8 -8 12 10 11 -12 -13 -14 14 -16 16 -18 -19 -20 -21 -22
leaf_value=0.021967787705251839 0.042722230777542738 0.0083320759336323602 0.013670742495907147 0.0054879350791548365 -0.002044675685920374 -0.036494049179954823 -0.02844779992025331 -0.0096509598652407547 -0.022818966958134224 0.011382511609755619 0.017893090257950568 -0.025516822002507808 -0.0334668182676926 -0.011437408674915632 0.027840752016070298 -0.035095717433476198 0.028340053009150285 0.01051481817318837 -0.024617582091722837 -0.0011703289541394532 0.019245041289269783
leaf_weight=20.601744804531336 7.0690004602074614 9.173047907650469 6.014970585703848 10.265539526939394 63.588249061256647 4.3336329162120801 19.126122392714024 17.459894377738237 4.038804009556773 9.0960335209965724 20.312270507216454 7.5038512200117102 23.702004306018353 4.9244686663150814 26.866655617952347 4.5603477656841296 7.4791860207915297 6.6564827114343643 4.9365376979112625 4.1615682616829872 8.656390428543089
leaf_count=81 29 38 23 42 266 24 91 83 17 37 81 31 116 21 102 20 31 25 23 18 37
internal_value=0.000713463 -0.00126612 0.00309676 -0.00142948 0.0038148 -0.00949526 -0.016515 -0.0176224 0.00288369 0.010049 0.0109523 -0.00517082 -0.0234853 0.0151698 0.0216457 0.0174695 0.00650561 -0.00790991 -0.00338336 -0.0197539 0.0301915
internal_weight=290.527 239.506 156.324 113.582 84.19 83.1812 29.3917 50.3349 32.8463 51.0213 24.3511 16.5999 41.1619 42.7426 31.7911 34.4214 18.696 11.2168 10.9515 8.4952 15.7254
internal_count=1236 1026 649 480 347 377 133 237 140 210 98 68 199 169 123 142 76 45 46 42 66
is_linear=0
shrinkage=0.03


Tree=84
num_leaves=14
num_cat=0
split_feature=303 124 15 200 69 188 193 144 156 255 176 203 98
split_gain=5.73268 8.52719 9.47484 9.37055 10.9412 8.06028 7.54267 7.20622 6.73636 5.9197 3.51704 4.48034 1.66513
threshold=0.087141989315513882 75.577727777777795 18.940000000000001 0.20240372197112375 3.5875000000000004 -3.5977881138281327 30.628693158079034 16.678143036600002 3.4821579200500001 0.018305915860172387 -0.35382017124999993 0.66733127577361939 0.35425000000000006
decision_type=2 2 2 2 2 2 2 2 2 2 2 2 2
left_child=1 3 5 4 7 -3 -2 -1 -6 -7 -8 -12 -4
right_child=6 2 12 -5 8 9 10 -9 -10 -11 11 -13 -14
leaf_value=0.0058886377033350156 0.013787511372135719 -0.020413076792848719 0.021978215900429261 0.032050618435222222 -0.014099263929597091 0.033748327707169082 -0.045573258735382337 -0.027998656882250214 0.0080763996715132059 0.0055841860623717992 -0.031705432041298935 0.0037912968082284087 0.046468396558909483
leaf_weight=102.51368165761232 6.4727445468306568 8.5978812351822835 5.7067172452807409 7.3055765181779853 71.607028242200613 8.3631304204463941 4.8351436667144361 5.8547852262854567 14.636754900217054 34.926942057907581 6.5365079045295662 5.8853997215628624 6.3508550524711609
leaf_count=419 30 38 24 27 319 32 27 25 56 144 38 34 23
internal_value=0.000693565 0.00196618 0.0115081 -0.00104503 -0.00231864 0.00584103 -0.013387 0.00400604 -0.010296 0.0111595 -0.0237731 -0.0147518 0.0354003
internal_weight=289.593 265.863 63.9455 201.918 194.612 51.888 23.7298 108.368 86.2438 43.2901 17.2571 12.4219 12.0576
internal_count=1236 1107 261 846 819 214 129 444 375 176 99 72 47
is_linear=0
shrinkage=0.03


Tree=85
num_leaves=19
num_cat=0
split_feature=306 99 69 270 202 158 38 65 106 132 193 37 149 0 83 199 167 208
split_gain=5.75154 8.96735 7.60207 10.1414 8.39865 6.98795 7.71741 9.65664 6.51004 6.43277 6.12455 7.72898 6.2338 5.55099 5.20791 5.03181 4.53734 2.48557
threshold=0.2940517751148885 -0.13174999999999998 2.8932000000000007 0.099427756874081577 -243.97975811387167 -10.550822932799997 1.2771000000000001 20210809.000000004 0.30080000000000001 58.552659755000008 165.14885599438409 0.48960000000000009 0.58565565650000007 69.840000000000018 98717566.830000013 20.615937551110402 -0.038964120949999993 1.1631900395091985
decision_type=2 2 2 2 2 2 2 2 2 2 2 2 2 2 2 2 2 2
left_child=1 2 3 14 -4 -3 8 -8 -7 -5 11 17 13 -12 -1 -6 -13 -2
right_child=10 5 4 9 15 6 7 -9 -10 -11 12 16 -14 -15 -16 -17 -18 -19
leaf_value=-0.0027730665476340937 0.018598188851139025 0.031041638880408846 0.020758335319038815 0.026601820320854553 -0.026620502730089188 -0.0015276174629129642 0.0090177891123729061 -0.0200505012889544 0.013600886938911099 -0.0038760175210218344 -0.011152124883992084 -0.018318673392876357 -0.030456301367840312 0.023280626245868304 -0.037261859134474835 0.0013537849337181668 0.016890270549638653 0.044045729745259284
leaf_weight=9.3088511601090449 6.9972950369119671 7.5551127269864073 4.4781715869903556 13.267867900431158 33.685917653143406 50.101314131170511 16.377058163285255 26.89099857956171 51.540312878787518 11.354480184614657 7.8481325954198899 5.6103309541940689 5.2081423476338378 8.7295902371406537 7.0318621918559066 6.7283079400658599 7.6371668353676778 8.6856968104839307
leaf_count=41 28 29 17 51 165 216 61 127 208 48 34 25 24 35 34 29 30 34
internal_value=0.000675292 -0.00126687 -0.00902496 0.000252637 -0.0175389 0.00308522 0.00158658 -0.00898349 0.00612007 0.0124669 0.00984525 0.0188783 -0.00204454 0.00683066 -0.0179334 -0.0218973 0.00172895 0.0330716
internal_weight=289.037 238.32 85.8555 40.9631 44.8924 152.465 144.91 43.2681 101.642 24.6223 50.7164 28.9305 21.7859 16.5777 16.3407 40.4142 13.2475 15.683
internal_count=1236 1026 385 174 211 641 612 188 424 99 210 117 93 69 75 194 55 62
is_linear=0
shrinkage=0.03


Tree=86
num_leaves=11
num_cat=0
split_feature=105 258 142 4 199 298 48 70 71 102
split_gain=5.99929 6.36297 7.09029 7.66455 9.27129 9.10161 5.82287 6.55668 3.22959 1.9734
threshold=0.56250000000000011 1.8775807951142154 2.4062547741000002 65.390000000000015 -40.864608056804236 0.94168338027476872 0.4811457983193278 6.0526000000000009 51.485000000000007 0.26645000000000002
decision_type=2 2 2 2 2 2 2 2 2 2
left_child=1 2 -1 5 -5 -4 -2 9 -9 -8
right_child=6 -3 3 4 -6 -7 7 8 -10 -11
leaf_value=0.034269159147539627 -0.013141795799756538 -0.033522965205717216 0.0052765659159938775 -0.025854214248048811 0.01041226124383701 -0.0092329112416015321 0.016853849115260656 -0.01751438723767261 0.017326995139648388 0.042658973216193899
leaf_weight=5.1915621757507315 5.6224160417914417 5.130172222852706 58.467690296471119 6.8471070528030387 69.373125642538071 114.81445367261767 4.8008912652730968 4.3462571799755079 5.0645583122968674 8.637689143419264
leaf_count=20 25 24 250 32 278 513 21 18 22 33
internal_value=0.000657284 -0.000766346 -8.18738e-05 -0.000822101 0.00708541 -0.0043197 0.0137111 0.0204778 0.00090558 0.0338543
internal_weight=288.296 259.824 254.694 249.502 76.2202 173.282 28.4718 22.8494 9.41082 13.4386
internal_count=1236 1117 1093 1073 310 763 119 94 40 54
is_linear=0
shrinkage=0.03


Tree=87
num_leaves=14
num_cat=0
split_feature=105 133 197 50 190 153 65 203 167 123 94 291 38
split_gain=5.68087 6.27041 6.28634 9.72276 8.74113 8.86661 8.49129 8.46773 6.98849 5.62491 4.8866 4.09881 4.28448
threshold=0.56250000000000011 2.6270313630500004 31.646950751500516 0.16115000000000004 -4.1881625220198799 0.11139144945000001 20220766.000000004 -254.23589393806881 0.81282875175000024 8.5000000000000018 0.21505000000000005 0.98808451783060658 0.094800000000000009
decision_type=2 2 2 2 2 2 2 2 2 2 2 2 2
left_child=1 -1 4 8 6 -6 -3 -5 -4 -2 -11 -12 -13
right_child=9 2 3 7 5 -7 -8 -9 -10 10 11 12 -14
leaf_value=0.033369472413624167 0.036860554231744384 -0.034266322786776986 0.018131952174258451 0.032381735307482985 -0.032022212715634581 -0.00011048774318859877 0.003405588581058821 -0.014730421913562303 -0.00532414011828607 0.030302762009738842 0.021398000187690096 0.0060061625901164312 -0.029770980179693467
leaf_weight=4.6537445038557044 6.8774585574865368 15.883811861276628 44.073137015104294 3.8098178580403355 8.2395957931876165 133.11716753616929 7.8884142190217963 26.785060130059719 15.132105901837347 5.306109972298148 4.4660769402980831 5.740276560187338 5.9318027123808861
leaf_count=18 26 71 176 14 39 573 37 122 67 23 18 24 28
internal_value=0.0006389 -0.000744049 -0.0013914 0.00497692 -0.00487367 -0.00201313 -0.021678 -0.00867968 0.0120874 0.0133779 0.00557132 -0.00251199 -0.0120195
internal_weight=287.905 259.583 254.929 89.8001 165.129 141.357 23.7722 30.5949 59.2052 28.3217 21.4443 16.1382 11.6721
internal_count=1236 1117 1099 379 720 612 108 136 243 119 93 70 52
is_linear=0
shrinkage=0.03


Tree=88
num_leaves=14
num_cat=0
split_feature=56 275 187 306 311 282 268 293 200 201 306 128 149
split_gain=5.66001 6.99677 7.87403 7.09078 9.50814 6.21944 6.49031 5.58805 5.18201 6.03058 4.90201 3.82488 3.35996
threshold=4.495000000000001 0.020417335756594719 0.23385690516193181 0.27997802381743125 0.887610798344313 -3.9000000000000008 0.027713749361750733 1.1182440296844176 0.042642606508082798 -36.59238238865624 0.18450467557134267 1.8698000000000004 -0.40496665969999995
decision_type=2 2 2 2 2 2 2 2 2 2 2 2 2
left_child=11 8 5 4 -4 12 -7 -5 9 -2 -11 -1 -3
right_child=1 2 3 7 -6 6 -8 -9 -10 10 -12 -13 -14
leaf_value=0.036355858953505432 -0.035220594689129872 -0.011829629377575951 0.0070621987174835279 0.019498960930530159 -0.0072356229554886055 0.0081760003548259266 -0.023253120789529902 -0.0026704061098868554 -0.040241583672574639 -0.016198903698024125 0.020682993043433628 0.00075821820620959927 -0.048276488655376662
leaf_weight=6.4296565577387792 4.963791072368628 4.5258646830916405 89.60046399384737 36.006764449179173 78.347635347396135 15.202290244400503 9.4797553271055204 13.9352032802999 5.8302720412611952 5.9496169686317426 6.8265794888138771 4.9607264846563339 5.3222930580377561
leaf_count=30 25 21 369 146 349 62 42 59 31 28 28 21 25
internal_value=0.000621922 -0.000226149 0.00122481 0.00334616 0.000374089 -0.0120455 -0.0038192 0.0132602 -0.0158312 -0.0074599 0.00328243 0.021255 -0.0321156
internal_weight=287.381 275.991 252.42 217.89 167.948 34.5302 24.682 49.942 23.5703 17.74 12.7762 11.3904 9.84816
internal_count=1236 1185 1073 923 718 150 104 205 112 81 56 51 46
is_linear=0
shrinkage=0.03


Tree=89
num_leaves=25
num_cat=0
split_feature=280 0 284 170 69 52 158 193 208 111 269 47 103 195 40 274 299 52 143 64 274 131 266 107
split_gain=5.56672 7.87228 7.85737 7.84333 7.5394 9.78737 7.49333 14.3035 7.01559 6.64375 6.36006 6.11324 10.5296 6.06922 5.72645 5.5424 5.11791 5.01304 5.00155 4.62162 5.62158 2.65966 1.61909 1.55256
threshold=-0.37499999999999994 70.110000000000014 -6.2449999999999992 0.39199797790000007 7.2284500000000014 0.51502811244979929 -0.27675184704999994 24.473273686529719 4.9084679992881552 3810.3350000000005 1.0685454702537693 0.12375000000000001 0.19650000000000004 9.3615876069340747 0.41052631578947374 5.8559620816512323 1.1614645183605237 0.51000000000000012 0.71460874540000008 327.50000000000006 1.2328674178179106 122.8830103282143 0.087899468325686056 -0.12224999999999998
decision_type=2 2 2 2 2 2 2 2 2 2 2 2 2 2 2 2 2 2 2 2 2 2 2 2
left_child=1 2 23 16 13 21 7 -2 15 -10 -5 19 18 -3 -15 -9 -4 -14 -13 22 -21 -6 -8 -1
right_child=6 4 3 10 5 -7 11 8 9 -11 -12 12 17 14 -16 -17 -18 -19 -20 20 -22 -23 -24 -25
leaf_value=-0.018804087514092831 0.036668675795235972 -0.018712880694409406 -0.036515959888028915 -0.0057961830800302193 -0.012025847600244641 0.018942405655822944 0.044127754823563667 -0.011286129207642197 0.035631185416886618 -0.0069139651725415854 0.018533957980408605 0.0087475791991750845 0.031458574772495841 0.033403000390832917 0.0079899527703045977 -0.042768508130679575 0 -0.0013350740104374702 -0.027823161114172955 -0.017951742104569787 0.016292904064270489 -0.043585492336060183 0.021440138716297654 -0.047809866755608645
leaf_weight=3.4411966353654861 6.6868257820606223 5.3297114819288245 10.813194308429955 54.736849151551723 4.8107010424137133 5.5538351982831946 6.2504410743713361 23.333785846829418 4.750548753887414 10.063455760478972 11.618182353675364 4.5969788432121268 9.4371789544820803 10.994894206523893 30.625444769859314 6.5459069162607184 5.0848330259323111 7.1745063811540595 11.121770858764647 4.8422110155224791 31.106765478849411 5.7407057546079159 7.2520613521337509 4.9086478240787965
leaf_count=17 27 23 52 233 21 22 23 99 21 46 49 22 39 41 131 31 23 31 51 23 131 28 28 24
internal_value=0.000602398 -0.00327551 -0.00894789 -0.00606593 0.00482879 -0.0127445 0.00509878 -0.00383227 -0.0100271 0.00667567 -0.00146957 0.0107443 0.000498794 0.010935 0.0148392 -0.0184029 -0.0249336 0.0171924 -0.0169506 0.0173675 0.01156 -0.0297262 0.0324102 -0.0365748
internal_weight=286.821 153.658 90.6029 82.2531 63.0553 16.1052 133.162 51.3805 44.6937 14.814 66.355 81.7819 32.3304 46.9501 41.6203 29.8797 15.898 16.6117 15.7187 49.4515 35.949 10.5514 13.5025 8.34984
internal_count=1236 664 398 357 266 71 572 224 197 67 282 348 143 195 172 130 75 70 73 205 154 49 51 41
is_linear=0
shrinkage=0.03


Tree=90
num_leaves=11
num_cat=0
split_feature=65 65 65 41 311 283 254 39 126 257
split_gain=5.54869 6.31405 6.98756 7.52577 8.28111 3.90931 3.53271 3.16686 2.31442 1.11751
threshold=20250973.000000004 20240226.500000004 20231019.000000004 0.23515000000000003 1.1162619516581602 2.1300000000000003 0.24483549392908902 0.0045000000000000014 64.865182769005443 0.086168208112299097
decision_type=2 2 2 2 2 2 2 2 2 2
left_child=1 2 3 7 -5 6 8 -1 -3 -4
right_child=-2 5 9 4 -6 -7 -8 -9 -10 -11
leaf_value=0.0063451534648040252 -0.031656341254717266 0.032751294609002092 -0.039411886655434783 -0.0033863785692850642 0.01120278312318702 -0.010148690401761761 -0.0022898349093172054 0.03900781594407924 0.010554546433564861 -0.013388480400122504
leaf_weight=5.2538156360387784 4.6185904741287223 12.422632224857816 4.2115377783775321 190.15030632913113 42.785829901695251 4.7662160396575919 5.2808120548725119 6.0441065281629562 7.2993197143077841 3.1679550483822823
leaf_count=21 59 66 23 781 169 20 21 23 35 18
internal_value=0.000584723 0.00113564 -0.000400689 0.000461745 -0.000690103 0.0141793 0.0189584 0.024271 0.0247821 -0.0289697
internal_weight=286.001 281.383 251.614 244.234 232.936 29.769 25.0028 11.2979 19.722 7.37949
internal_count=1236 1177 1035 994 950 142 122 44 101 41
is_linear=0
shrinkage=0.03


Tree=91
num_leaves=16
num_cat=0
split_feature=280 43 11 55 311 274 162 273 208 208 54 180 49 66 183
split_gain=5.37351 8.65745 8.45772 10.2341 9.14054 8.21782 6.78115 6.90132 9.29594 6.35472 6.15665 6.02419 5.82848 7.01063 5.3347
threshold=-1.3500000000000003 -0.26059999999999994 21.975000000000005 13.250000000000002 0.85776483632036227 7.6986394800504785 0.15927673905000003 1.0000000180025095e-35 -11.579976363070999 4.9084679992881552 7.0950000000000006 1.3775536692250003 0.5162500000000001 20210802.500000004 1.1341578390194649
decision_type=2 2 2 2 2 2 2 2 2 2 2 2 2 2 2
left_child=6 -2 3 9 -5 11 -1 12 -9 -3 -10 -4 14 -14 -8
right_child=1 2 5 4 -6 -7 7 8 10 -11 -12 -13 13 -15 -16
leaf_value=-0.037940385871081346 0.037817555098829815 0.0011168087512317124 0.02589307978267914 0.003109736901065847 -0.019377752137598292 -0.015161364324745723 0.030150820182633813 0.023189519745335556 0.012053052580193842 0.021226158896392153 -0.019086075876926987 -0.0062097364602260851 0.022568637935844075 -0.021435268633518342 0.0014506390451884284
leaf_weight=5.2693980596959582 6.321907550096511 53.795153267681599 28.721916995942593 28.006781466305256 37.97747989743948 6.9930440038442603 11.621958866715433 6.4662903249263755 6.4446630179882041 19.270506706088781 40.990440487861633 6.219417691230773 4.5427097082138053 10.590176381170748 12.075834333896635
leaf_count=27 26 224 111 121 181 32 44 25 26 86 189 26 17 51 50
internal_value=0.000568204 0.00355521 0.00232161 -0.00122242 -0.00979736 0.0141195 -0.00510795 -0.00317111 -0.0101313 0.00648326 -0.0147759 0.0200919 0.00641454 -0.00796744 0.0157195
internal_weight=285.308 187.306 180.984 139.05 65.9843 41.9344 98.0015 92.7321 53.9014 73.0657 47.4351 34.9413 38.8307 15.1329 23.6978
internal_count=1236 807 781 612 302 169 429 402 240 310 215 137 162 68 94
is_linear=0
shrinkage=0.03


Tree=92
num_leaves=20
num_cat=0
split_feature=306 290 102 14 60 83 184 183 105 99 208 192 49 63 11 283 146 299 125
split_gain=5.25263 8.32733 8.41558 8.15717 8.98146 9.5285 8.2625 7.77032 6.02091 5.94306 5.93503 5.83421 5.76178 5.70912 5.61721 5.1023 6.13571 2.90093 2.8515
threshold=0.2940517751148885 1.3434841405462512 0.32185000000000002 18.975000000000005 16.390000000000004 33991211.470000006 3.3563843107339264 0.68536449889422546 0.45415000000000005 0.72355000000000014 0.50474325702209721 17.017159023374926 0.56530000000000002 0.43760000000000004 18.075000000000003 -4.8749999999999991 0.049888250288000008 1.0186825757247899 41.479725000000009
decision_type=2 2 2 2 2 2 2 2 2 2 2 2 2 2 2 2 2 2 2
left_child=1 3 7 4 5 -1 -6 -3 -5 15 18 -12 -11 -9 -10 -2 -17 -18 -4
right_child=9 2 10 8 6 -7 -8 13 14 12 11 -13 -14 -15 -16 16 17 -19 -20
leaf_value=0.014519991366939712 -0.014180643204105043 0.0079320820632292136 -0.0013291844278428666 -0.014287802154849198 -0.00034688342959420052 -0.0058462683842700229 -0.032633399371776027 -0.0090898606098971189 9.3942043749725118e-05 0.01068878953599774 -0.022170994238223638 0.01705364955652184 -0.024843932757054783 -0.032353436382320584 0.026251476742269818 -0.017562297238626384 0.034839242247711052 0.014072390075594254 -0.03724657538775844
leaf_weight=38.383543007075787 4.0677746236324301 9.0248652920126897 4.3328469768166524 5.6312768831849089 15.175199426710607 44.350323889404535 13.692666534334419 17.033534545451403 10.720765769481657 8.8775784596800822 3.9618578404188183 20.006011001765728 7.3917371556162825 23.001378707587719 25.450460113584995 3.1538420096039799 14.587564967572691 11.766885269433258 3.9015954807400703
leaf_count=158 17 38 20 26 65 189 68 83 44 37 17 81 31 116 99 14 60 51 22
internal_value=0.000554378 -0.00131409 -0.00908142 0.00278415 -0.0014278 0.00357236 -0.0158244 -0.0168994 0.0140771 0.00939602 0.00275174 0.01038 -0.00532489 -0.0225776 0.018603 0.0166128 0.0209926 0.0257688 -0.01895
internal_weight=284.512 234.666 81.2621 153.404 111.602 82.7339 28.8679 49.0598 41.8025 49.8454 32.2023 23.9679 16.2693 40.0349 36.1712 33.5761 29.5083 26.3545 8.23444
internal_count=1236 1026 377 649 480 347 133 237 169 210 140 98 68 199 143 142 125 111 42
is_linear=0
shrinkage=0.03


Tree=93
num_leaves=12
num_cat=0
split_feature=65 65 306 296 99 263 43 2 19 41 68
split_gain=5.27956 6.01083 6.70902 8.01666 7.92832 5.73321 5.57794 3.69806 4.48272 4.67419 3.35763
threshold=20250973.000000004 20240226.500000004 0.27997802381743125 1.1337527167350885 -0.13174999999999998 1.7386593055836974 0.068350000000000008 60.260000000000012 15.940000000000003 0.62665000000000004 38.094250000000009
decision_type=2 2 2 2 2 2 2 2 2 2 2
left_child=1 2 3 4 -1 6 -4 -3 9 -9 -5
right_child=-2 7 5 10 -6 -7 -8 8 -10 -11 -12
leaf_value=-0.0095267944348645418 -0.031494159425620893 0.036438543639253924 0.022869039966413911 -0.0049032554290430316 0.0032803660089756586 -0.021403747990233379 0.001992596509209776 0.024758109708308464 -0.013640652662889196 -0.010088804530972623 -0.039229633843614262
leaf_weight=68.660855546593666 4.4509646706283084 5.333895772695544 23.202796533703804 4.2848829329013807 117.95301885157824 4.8297449201345435 23.498619645833969 13.701499164104467 5.9043478518724433 4.4220995157957068 7.3602102920413017
leaf_count=297 59 28 91 20 477 20 92 69 26 19 38
internal_value=0.000536804 0.00106936 -0.000430409 -0.00294907 -0.00141828 0.00918864 0.0124555 0.0138884 0.00862789 0.0160822 -0.0270037
internal_weight=283.603 279.152 249.79 198.259 186.614 51.5312 46.7014 29.3618 24.0279 18.1236 11.6451
internal_count=1236 1177 1035 832 774 203 183 142 114 88 58
is_linear=0
shrinkage=0.03


Tree=94
num_leaves=19
num_cat=0
split_feature=131 96 305 193 165 174 131 275 38 169 187 24 197 188 105 297 272 108
split_gain=5.13981 7.59821 8.30105 6.45287 7.32702 6.27833 6.20699 6.24151 8.93558 7.21618 5.78669 7.0982 5.70367 5.5039 6.12758 7.41368 4.85626 4.56548
threshold=69.809271121538487 -0.035549999999999991 -0.13767711962833909 58.940984798563136 0.12378544415000002 0.13806900645000003 190.12491336307974 0.067544845563821662 0.7461500000000002 4.823725746350001 0.23725386488992753 -0.22499999999999998 31.369427972943637 5.1705130801812098 0.56250000000000011 0.9842668755712235 0.033146236550119244 0.092600000000000016
decision_type=2 2 2 2 2 2 2 2 2 2 2 2 2 2 2 2 2 2
left_child=5 2 -2 16 -5 -1 10 8 -8 -9 11 -3 -12 14 15 -7 -4 -15
right_child=1 6 3 4 -6 13 7 9 -10 -11 12 -13 -14 17 -16 -17 -18 -19
leaf_value=-0.019255530516604738 0.017976358201622626 -0.039874758833109529 0.0099238464629384411 0.016278761863624709 -0.026985112080968199 0.01666269403167021 0.010725672436116553 0.035640137520398227 -0.031343879871340241 0.0080124243540168547 -0.0050611748286558175 0.0060820259749057226 0.012188425328759181 0.038857425671717689 0.036413267802775887 -0.012358472389828994 -0.025899519599217369 0.0045348940396296653
leaf_weight=6.4010540619492522 7.7615144178271285 7.6311127543449402 12.472075805068018 3.8057042062282553 31.676074631512165 14.164957322180273 11.45762984827161 11.247138977050779 7.3404526710510245 36.319646403193474 61.085486143827438 4.7626616358757001 23.919487364590168 10.023650541901587 4.8596391081809989 17.69911977648735 4.5699573755264273 5.6890832111239424
leaf_count=29 34 35 55 17 156 61 50 44 38 150 267 20 97 38 21 78 22 24
internal_value=0.000520753 -0.00154096 -0.0106444 -0.0149569 -0.0222277 0.00841179 0.00179638 0.00887648 -0.00562223 0.014669 -0.00300119 -0.0220671 -0.000163454 0.0118765 0.00538564 0.000460601 4.7468e-05 0.0267273
internal_weight=282.886 224.049 60.2853 52.5238 35.4818 58.8375 163.764 66.3649 18.7981 47.5668 97.3987 12.3938 85.005 52.4364 36.7237 31.8641 17.042 15.7127
internal_count=1236 985 284 250 173 251 701 282 88 194 419 55 364 222 160 139 77 62
is_linear=0
shrinkage=0.03


Tree=95
num_leaves=12
num_cat=0
split_feature=65 125 296 61 206 208 129 95 54 199 280
split_gain=5.0653 5.9062 7.60789 9.00303 9.80894 7.95054 7.18256 5.83703 4.9986 4.94169 3.73155
threshold=20250973.000000004 73.157375000000002 1.1552604006831293 4.870000000000001 -7.9609690632252166 3.9926812674257897 10.001032142857145 -0.31049999999999994 42.640000000000008 -1.9886971762401335 -0.97499999999999953
decision_type=2 2 2 2 2 2 2 2 2 2 2
left_child=1 2 3 5 -5 -1 10 -8 -9 -4 -3
right_child=-2 6 9 4 -6 -7 7 8 -10 -11 -12
leaf_value=-0.00081052143315467199 -0.031354490828190362 0.0096326408592757231 -0.0022398732027891859 0.014927069416944602 -0.015038796886098568 0.012331011309292539 -0.02759514603126351 -0.0092675661150952507 0.031555825053572725 -0.044184532665945096 0.042091020640179395
leaf_weight=110.00449977070093 4.3143338598310939 5.717373475432395 4.8116736710071564 12.045784220099447 50.092293933033943 65.990465924143791 4.7902102172374734 4.968740046024319 5.5180303752422333 5.6526002809405309 8.2734897062182444
leaf_count=460 59 23 22 50 224 273 23 21 20 28 33
internal_value=0.00050818 0.0010248 -0.000466382 0.000626233 -0.00916691 0.00410415 0.0137513 -0.000301708 0.0120251 -0.0253853 0.0292023
internal_weight=282.179 277.865 248.597 238.133 62.1381 175.995 29.2678 15.277 10.4868 10.4643 13.9909
internal_count=1236 1177 1057 1007 274 733 120 64 41 50 56
is_linear=0
shrinkage=0.03


Tree=96
num_leaves=16
num_cat=0
split_feature=280 43 11 55 311 46 108 162 273 208 279 99 0 195 2
split_gain=5.00867 8.02637 7.78335 9.32743 8.45815 6.44309 10.5488 6.3956 6.46091 8.80835 6.23405 6.14779 6.06686 5.58454 4.6354
threshold=-1.3500000000000003 -0.26059999999999994 21.975000000000005 13.250000000000002 0.85776483632036227 0.27690000000000009 0.26230000000000003 0.15927673905000003 1.0000000180025095e-35 -11.579976363070999 -6.9349999999999978 -0.58624999999999994 58.765000000000008 11.142884274358336 68.260000000000005
decision_type=2 2 2 2 2 2 2 2 2 2 2 2 2 2 2
left_child=7 -2 3 10 -5 14 -7 -1 11 -10 -3 -9 -11 -13 -4
right_child=1 2 5 4 -6 6 -8 8 9 12 -12 13 -14 -15 -16
leaf_value=-0.037267941756081967 0.036906353350591607 -0.010053156458916744 0.0060523839223869573 0.0030137121921929803 -0.018754298431664412 -0.022656832884628907 0.023451646635861141 -0.030290892034183919 0.022678579043325677 0.024723016935014767 0.01094974277563026 -0.022965738736307299 -0.017428469980706039 0.014508363684814908 0.034011566813716469
leaf_weight=5.1537187807261935 6.1282847672700873 16.220402151346207 8.8207435607910174 27.700371958315372 37.395009845495224 9.0336178094148654 8.6372694671154004 3.6202142089605323 6.3985892087221137 3.162336751818656 56.017911572009325 3.9012618362903586 43.663034584373236 30.828658420592546 14.874324128031729
leaf_count=27 26 74 36 121 181 42 34 17 25 13 236 18 202 127 57
internal_value=0.000492707 0.00339654 0.00221058 -0.00120789 -0.00945482 0.0136077 0 -0.00502274 -0.00313661 -0.00991466 0.0061849 0.00619357 -0.0144712 0.0101589 0.0237987
internal_weight=281.556 184.828 178.7 137.334 65.0954 41.366 17.6709 96.7278 91.5741 53.224 72.2383 38.3501 46.8254 34.7299 23.6951
internal_count=1236 807 781 612 302 169 76 429 402 240 310 162 215 145 93
is_linear=0
shrinkage=0.03


Tree=97
num_leaves=12
num_cat=0
split_feature=105 133 155 14 311 99 48 70 268 71 102
split_gain=5.00624 5.908 5.58901 6.26658 8.79823 7.54596 5.1148 5.92957 2.96455 2.82796 1.88795
threshold=0.56250000000000011 2.6270313630500004 0.017580873264000003 18.525000000000002 0.89457603411583941 -0.070899999999999977 0.4811457983193278 6.0526000000000009 -0.26603422270470534 51.485000000000007 0.26645000000000002
decision_type=2 2 2 2 2 2 2 2 2 2 2
left_child=1 -1 8 4 -4 -5 -2 10 -3 -9 -8
right_child=6 2 3 5 -6 -7 7 9 -10 -11 -12
leaf_value=0.032606748067968774 -0.012864074436641119 -0.0071219014125702505 0.0029795441314392841 -0.0046364796250357851 -0.011906483724047642 0.012319974005545494 0.015393472060503482 -0.017040483509456965 -0.041349884016560035 0.016082122439737671 0.041067264844528079
leaf_weight=4.5614029690623275 5.452531777322295 5.0941223055124283 70.019261311739683 39.858190558850765 72.29499888792634 57.066976882517338 4.6577528566122082 4.2579420804977399 4.5193533673882467 4.8502826243638992 8.1942962706089002
leaf_count=18 25 23 305 175 341 230 21 18 25 22 33
internal_value=0.000479694 -0.000828453 -0.00146621 -0.000547407 -0.00456448 0.00531852 0.0126408 0.019139 -0.0237816 0.000255164 0.0321851
internal_weight=280.827 253.414 248.853 239.239 142.314 96.9252 27.4128 21.9603 9.61348 9.10822 12.852
internal_count=1236 1117 1099 1051 646 405 119 94 48 40 54
is_linear=0
shrinkage=0.03


Tree=98
num_leaves=20
num_cat=0
split_feature=306 290 14 60 51 184 137 280 10 65 48 100 105 11 49 283 149 0 287
split_gain=4.91971 7.69793 7.16779 8.16319 8.82191 7.81762 6.82907 6.82053 9.26755 6.27743 7.63478 5.60998 5.54583 5.36783 5.27084 4.79032 5.08941 3.16832 2.96801
threshold=0.2940517751148885 1.3434841405462512 18.975000000000005 16.390000000000004 -0.13184999999999999 3.3563843107339264 1.0077281429680003 -0.6750000000000006 24.375000000000004 20210809.000000004 0.4811457983193278 0.17495000000000002 0.45415000000000005 18.075000000000003 0.56530000000000002 -4.8749999999999991 0.58565565650000007 71.365000000000009 1.8279329004329006
decision_type=2 2 2 2 2 2 2 2 2 2 2 2 2 2 2 2 2 2 2
left_child=1 2 3 4 -1 -5 7 18 -9 -8 -11 15 -4 -14 -13 -2 17 -17 -3
right_child=11 6 12 5 -6 -7 9 8 -10 10 -12 14 13 -15 -16 16 -18 -19 -20
leaf_value=0.020692125007492033 -0.013790622827061085 -0.042271138556968083 -0.014076171973858102 -0.00011116713837292923 -0.0021438994677925056 -0.031759975600460885 0.02826379665518473 -0.012699117911394857 0.028390203096425422 0.010466188773893758 -0.033672458910965306 0.010157330668709247 0 0.02523084684446409 -0.024062328026602117 0.017231551252950325 -0.0039177793496412861 0.040752843043973162 -0.018891205311617178
leaf_weight=20.027251932770014 4.0216296985745421 7.387756027281287 5.5687318444252005 15.037372812628748 61.788597952574492 13.406034927815197 7.1209532320499447 26.728231880813837 5.9303187578916541 9.3861123956739885 5.4737070202827445 8.7277216911315936 10.621204331517218 24.999430269002914 7.3016586527228347 13.906746115535503 5.8880641125142565 9.15485682338476 17.956074185669422
leaf_count=81 17 37 26 65 266 68 26 130 22 41 30 37 44 99 31 62 28 35 91
internal_value=0.000466084 -0.00135201 0.00260894 -0.00135776 0.00342782 -0.0151921 -0.00888346 -0.014287 -0.00508243 0.00523961 -0.00570842 0.00909936 0.0132776 0.0176653 -0.00529686 0.0161838 0.0204842 0.0268341 -0.0259637
internal_weight=280.432 231.432 151.449 110.259 81.8158 28.4434 79.9832 58.0024 32.6586 21.9808 14.8598 49.0007 41.1894 35.6206 16.0294 32.9713 28.9497 23.0616 25.3438
internal_count=1236 1026 649 480 347 133 377 280 152 97 71 210 169 143 68 142 125 97 128
is_linear=0
shrinkage=0.03


Tree=99
num_leaves=15
num_cat=0
split_feature=196 306 100 262 310 49 14 48 2 2 37 208 68 260
split_gain=4.81367 6.09935 8.43057 9.26067 7.73041 7.71579 7.46476 6.44838 6.18453 6.13114 5.96273 6.80606 4.13752 4.11616
threshold=91.499534579346516 0.27997802381743125 -0.024649999999999995 -2.7667679313809725 0.20764871907455398 0.64775000000000016 20.475000000000005 0.5272058823529413 65.310000000000016 77.160000000000011 0.75026298077718934 3.3295371921512777 63.231750000000005 -0.65057367138346545
decision_type=2 2 2 2 2 2 2 2 2 2 2 2 2 2
left_child=1 2 3 8 10 6 -4 12 -1 -5 11 -3 -6 -7
right_child=-2 4 5 9 7 13 -8 -9 -10 -11 -12 -13 -14 -15
leaf_value=0.025283973407780078 0.024854919542363258 0.00654936903772911 0.0001331437972141045 -0.018268913582492 -0.039939966159900718 0.00053135955410868875 0.017694421058492754 0.019988293895057709 -0.0088823188815962909 0.016955357859272054 -0.013389231674205875 0.031969217922435678 -0.0028508913272553373 -0.036262968288462365
leaf_weight=9.4718965776264685 6.9921242892742148 20.065358649939299 90.823325768113136 58.584180921316147 5.6299138441681844 4.3077840059995651 28.706346310675144 4.4868840649723998 9.2557049654424173 4.6466600447893134 5.7438426762819281 18.626669727265835 5.517996434122324 6.7038560397922975
leaf_count=42 28 86 397 275 26 21 117 19 44 20 23 79 26 33
internal_value=0.000451702 -0.000172186 -0.00256947 -0.0101111 0.0082485 0.00214658 0.00438702 -0.00973542 0.0082812 -0.0156103 0.0146512 0.0189149 -0.0220369 -0.0217237
internal_weight=279.563 272.57 212.5 81.9584 60.0707 130.541 119.53 15.6348 18.7276 63.2308 44.4359 38.692 11.1479 11.0116
internal_count=1236 1208 949 381 259 568 514 71 86 295 188 165 52 54
is_linear=0
shrinkage=0.03


Tree=100
num_leaves=15
num_cat=0
split_feature=125 129 70 133 200 1 296 1 95 54 306 16 284 158
split_gain=4.7707 7.93363 7.15627 8.45154 7.93011 7.10159 6.87048 6.90151 6.47278 5.65363 5.03451 3.54232 3.27334 1.72724
threshold=66.658425000000008 10.001032142857145 10.430450000000002 3.1143494560500002 0.20240372197112375 65.710000000000022 1.1552604006831293 79.840000000000018 -0.43874999999999992 42.640000000000008 0.2940517751148885 15.685 0.24500000000000102 0.3860466927000003
decision_type=2 2 2 2 2 2 2 2 2 2 2 2 2 2
left_child=2 5 4 -4 6 -2 7 -1 -3 -10 11 -5 -8 -7
right_child=1 8 3 10 -6 13 12 -9 9 -11 -12 -13 -14 -15
leaf_value=6.7344091155180163e-05 -0.0062268611725853273 -0.029921098204305451 0.023865969448614542 -0.014247831373063617 0.036464993136706564 0.042386657536058872 -0.042383562749968226 0.032419711533196019 -0.010413230603712038 0.02580681979454082 -0.0015643384638512081 -0.0411985467522804 -0.0050092157200627933 0.018080757305511692
leaf_weight=186.33623430132866 4.9956237114965942 5.6393323540687588 4.3616825491189948 8.6549466848373466 5.3888684809207907 9.4792769365012628 4.7907477617263776 6.0363662689924231 7.6659040451049787 7.5300264842808247 9.0181378126144391 10.258472763001917 4.1161267310380936 4.6689721941947928
leaf_count=817 27 30 18 40 20 37 25 26 33 31 38 53 19 22
internal_value=0.000440103 0.0100262 -0.00115466 -0.0142707 0.000886206 0.0239313 -6.90845e-05 0.00111442 -0.00266004 0.00739011 -0.0203969 -0.0291632 -0.0256922 0.0347594
internal_weight=278.941 39.9791 238.962 32.2932 206.668 19.1439 201.279 192.373 20.8353 15.1959 27.9316 18.9134 8.90687 14.1482
internal_count=1236 180 1056 149 907 86 887 843 94 64 131 93 44 59
is_linear=0
shrinkage=0.03


Tree=101
num_leaves=12
num_cat=0
split_feature=65 65 65 41 124 281 99 279 38 184 257
split_gain=4.76012 5.71465 6.29358 6.60448 6.96454 3.62829 4.32692 4.22055 2.91141 1.40844 1.01813
threshold=20250973.000000004 20240226.500000004 20231019.000000004 0.23515000000000003 75.577727777777795 -1.2749999999999992 0.8238000000000002 -8.4650000000000016 0.062550000000000008 2.9306056727229355 0.086168208112299097
decision_type=2 2 2 2 2 2 2 2 2 2 2
left_child=1 2 3 8 -5 7 9 -3 -1 -7 -4
right_child=-2 5 10 4 -6 6 -8 -9 -10 -11 -12
leaf_value=0.0056470714440907625 -0.031163915517916061 0.017777801404094268 -0.038554520942655129 -0.0038429597449618708 0.0082866541426141558 0.015006376349251598 -0.0052341680984225791 -0.019216089901738259 0.037448118788957409 0.036932421767539678 -0.01305343501929713
leaf_weight=5.1504983603954297 4.1222923733294001 5.6588683873414993 4.0019598826766005 171.04208908230066 56.565109916031361 4.7809660285711315 3.9083498418331137 5.2577800676226634 5.7930374592542648 9.0806678757071477 3.0613401755690575
leaf_count=21 59 26 23 716 234 25 19 23 23 49 18
internal_value=0.000427112 0.000923991 -0.000546205 0.000273224 -0.000813009 0.0135741 0.0218987 0 0.0229395 0.0297465 -0.0282573
internal_weight=278.423 274.301 245.614 238.551 227.607 28.6866 17.77 10.9166 10.9435 13.8616 7.0633
internal_count=1236 1177 1035 994 950 142 93 49 44 74 41
is_linear=0
shrinkage=0.03


Tree=102
num_leaves=12
num_cat=0
split_feature=303 125 193 280 298 11 287 61 176 203 103
split_gain=4.76125 6.99387 6.50181 5.37732 8.95298 8.26109 7.56796 6.18625 3.18218 4.0084 1.61804
threshold=0.087141989315513882 105.34610000000002 30.628693158079034 -1.4250000000000005 0.82073357920544343 21.975000000000005 0.56223366007207554 5.4050000000000011 -0.35382017124999993 0.66733127577361939 -0.094349999999999989
decision_type=2 2 2 2 2 2 2 2 2 2 2
left_child=1 3 -2 6 10 -6 -1 -8 -4 -10 -5
right_child=2 -3 8 4 5 -7 7 -9 9 -11 -12
leaf_value=-0.038077795179235104 0.012933734212745376 0.031746223684903908 -0.044180842921968874 0.012815200968143696 -0.0018225393992911336 0.014561859095732451 0.0031871156249184663 -0.014792419503006289 -0.030492554660889775 0.0042120551506568344 0.038064841455109126
leaf_weight=5.8710041791200629 6.1629522182047394 6.64319023489952 4.557348590344195 4.1306847557425499 119.52515574917197 35.868711575865746 50.210084237158298 25.969093084335327 6.1096008569002116 5.4903755038976669 7.2975395470857602
leaf_count=25 30 27 27 20 523 146 217 120 38 34 29
internal_value=0.00041527 0.00158825 -0.012826 0.000758757 0.0038614 0.00194702 -0.00550995 -0.00291404 -0.0228552 -0.0139145 0.029389
internal_weight=277.836 255.515 22.3203 248.872 166.822 155.394 82.0502 76.1792 16.1573 11.6 11.4282
internal_count=1236 1107 129 1080 718 669 362 337 99 72 49
is_linear=0
shrinkage=0.03


Tree=103
num_leaves=14
num_cat=0
split_feature=55 275 187 133 296 51 22 199 0 16 167 176 260
split_gain=4.66941 5.71212 6.42048 6.47646 7.80283 5.15486 4.52819 6.14758 6.11531 4.46843 3.61885 3.34716 1.70147
threshold=4.6750000000000007 0.020417335756594719 0.23385690516193181 6.530532354950001 1.1552604006831293 0.24655000000000002 -0.26499999999999996 3.6327623090124264 61.660000000000004 19.315000000000001 -1.0000000180025095e-35 -0.93477173364999977 -0.92974040491776988
decision_type=2 2 2 2 2 2 2 2 2 2 2 2 2
left_child=10 9 6 5 -5 -4 7 -3 -8 11 -1 -2 -13
right_child=1 2 3 4 -6 -7 8 -9 -10 -11 -12 12 -14
leaf_value=0 -5.6682993274004018e-05 -0.03312130076518572 0.026745643086829054 0.0023986735796728887 -0.024631333399941061 -0.0021989071647081988 -0.029913518423829791 0.003800983733513071 0.012760647625443525 0.0087549839130531271 0.032795553812067939 -0.014642140214412595 -0.039375298357834411
leaf_weight=5.6184122189879417 4.6511769108474317 12.470471590757372 16.642122387886051 174.89506064727902 10.062143616378306 7.9792280420660964 4.07567174732685 5.7625775411725035 10.805333256721495 5.2332876585423937 6.8314789086580259 4.6347364298999345 7.7292205505073017
leaf_count=27 22 59 65 765 49 38 20 26 44 22 33 23 43
internal_value=0.000403618 -0.000432143 0.000892307 0.00284465 0.000899446 0.0172731 -0.0113451 -0.0213312 0.000750956 -0.0149532 0.0182899 -0.0224289 -0.0305364
internal_weight=277.391 264.941 242.693 209.579 184.957 24.6214 33.1141 18.233 14.881 22.2484 12.4499 17.0151 12.364
internal_count=1236 1176 1066 917 814 103 149 85 64 110 60 88 66
is_linear=0
shrinkage=0.03


Tree=104
num_leaves=20
num_cat=0
split_feature=306 130 277 124 299 274 183 275 144 130 185 182 289 195 259 65 271 64 69
split_gain=4.70085 7.07023 8.2859 8.49288 6.65167 6.61108 6.1922 5.85549 5.65627 5.34282 7.62888 7.04393 5.01706 5.94356 4.89599 4.73265 3.51587 3.39776 0.0368024
threshold=0.15222783793632869 2.6789500000000004 -6.8100000000000049 38.015763768115953 0.79024173475611958 12.734750854295319 1.2143563259870225 0.016182375165814208 0.70959317105000019 1.8847750000000001 13.999825126071281 1.3566090138577469 0.36725237889928525 19.296752221100739 -0.15927558534251401 20230806.500000004 0.15810922084105161 332.50000000000006 3.1850000000000005
decision_type=2 2 2 2 2 2 2 2 2 2 2 2 2 2 2 2 2 2 2
left_child=12 7 5 14 -5 6 -3 8 -2 10 -9 -11 -1 15 -4 18 17 -15 -14
right_child=1 2 3 4 -6 -7 -8 9 -10 11 -12 -13 13 16 -16 -17 -18 -19 -20
leaf_value=0.018228062373081388 -0.038917982436884511 -0.0042030402147087299 -0.00026270230938572886 0.028440443570999001 0.0022443976426019139 0.013606513714849892 -0.031489825639466049 -0.0053717782024601838 0.0060988916870072024 0.030112390214610058 0.024547239350123172 0.0053408602686807983 -0.048122553567230136 0.0090049516796596157 -0.038490114225004972 -0.0069057112443398861 0.018885337583355043 -0.02820207498488796 -0.033720155245446137
leaf_weight=4.6240637227892867 4.2302399724721891 13.369187515228989 5.6717690080404282 9.5631988234817964 94.53535071387887 6.1684937477111808 17.866645637899637 27.210409112274647 5.7140127457678318 22.380406633019447 10.529140308499334 19.844307258725166 4.6659367978572863 3.6507340073585492 6.7539695054292661 6.0140476375818244 5.067487806081771 5.0284099988639355 4.0337765067815781
leaf_count=22 22 59 23 39 412 26 88 116 25 90 43 91 21 19 32 37 23 27 21
internal_value=0.000390937 0.00184235 -0.00204629 0.00187696 0.00470472 -0.0143206 -0.0199573 0.00852813 -0.0129492 0.0112493 0.002939 0.0185815 -0.0101891 -0.0149588 -0.021422 -0.028147 -0.000524812 -0.0122856 -0.0422446
internal_weight=276.922 243.837 153.929 116.524 104.099 37.4043 31.2358 89.9085 9.94425 79.9643 37.7395 42.2247 33.0845 28.4604 12.4257 14.7138 13.7466 8.67914 8.69971
internal_count=1236 1066 679 506 451 173 147 387 47 340 159 181 170 148 55 79 69 46 42
is_linear=0
shrinkage=0.03


Tree=105
num_leaves=11
num_cat=0
split_feature=105 258 133 130 306 102 123 37 173 54
split_gain=4.56396 5.33601 5.0052 6.05617 6.85487 6.8279 4.75568 4.27381 4.22295 5.44422
threshold=0.56250000000000011 1.8775807951142154 2.6270313630500004 2.6441250000000003 0.15185821667532318 0.31120000000000009 8.5000000000000018 0.58415000000000006 0.17400625050800003 13.575000000000001
decision_type=2 2 2 2 2 2 2 2 2 2
left_child=1 2 -1 4 -4 -5 -2 8 -8 -10
right_child=6 -3 3 5 -6 -7 7 -9 9 -11
leaf_value=0.030883420427741577 0.034526779407773552 -0.031694659218814758 -0.01116104853984045 -0.012125802357586412 0.008951758896020243 0.00099678380768785258 0.037695843319967011 -0.016101604817520189 0.031132856177059624 -0.014223542769860842
leaf_weight=4.4589831717312327 6.4121844321489361 4.8574139922857276 18.7928869985044 63.186072759330273 77.22291836887598 80.927142327651381 4.4615323096513775 5.9871452674269667 3.6890034377574903 6.2612150870263577
leaf_count=18 26 24 96 295 331 353 18 27 17 31
internal_value=0.000378582 -0.000876164 -0.000239158 -0.00084218 0.00497641 -0.0047404 0.0121239 0.00480131 0.013743 0.00243611
internal_weight=276.256 249.445 244.588 240.129 96.0158 144.113 26.8111 20.3989 14.4118 9.95022
internal_count=1236 1117 1093 1075 427 648 119 93 66 48
is_linear=0
shrinkage=0.03


Tree=106
num_leaves=22
num_cat=0
split_feature=131 96 197 93 128 125 11 280 299 38 174 4 291 288 15 280 197 156 96 304 187
split_gain=4.5242 6.59229 5.81391 6.41573 5.97592 5.7233 7.43277 7.42517 8.64718 5.70196 5.9144 5.35244 6.40069 5.21427 4.86578 4.54193 3.92001 3.72291 3.49382 3.30631 2.61612
threshold=69.809271121538487 -0.035549999999999991 23.024345625717249 3378.1900000000005 3.8089750000000007 67.562000000000012 18.975000000000005 -4.7999999999999989 0.79929540935211885 -0.6580999999999998 0.14231040300000003 62.945000000000007 1.007403290811008 0.78673548084572065 19.815000000000001 -0.6750000000000006 45.899961933229797 1.1825965760000001 0.031650000000000005 -0.016816557867439959 0.3823436905004915
decision_type=2 2 2 2 2 2 2 2 2 2 2 2 2 2 2 2 2 2 2 2 2
left_child=9 2 14 16 -5 7 13 18 -9 17 -11 12 -12 -7 19 -13 -4 -1 -3 -2 -8
right_child=1 5 3 4 -6 6 20 8 -10 10 11 15 -14 -15 -16 -17 -18 -19 -20 -21 -22
leaf_value=0.041633310887880401 0.0012914188142682712 -0.0066266455589774533 -0.037646026956515422 0.020207386059608784 -0.019880058845279894 0.021536216728259866 0.0083466995715397174 0.025564966322795757 -0.001586502164005814 -0.025891751729305128 0.014123427701991483 -0.0044528655545307385 -0.017940396538878349 -0.020577633610402775 0.0079460925679509589 0.028210328542188124 -0.00020334757168246636 0.0055429859900309542 -0.046628096486355762 -0.028785581158947068 0.036894994291441524
leaf_weight=6.5016687363386136 3.6307676061987939 3.9490301311016065 5.0737580358982104 13.674811888486149 4.264647737145423 4.2021341659128684 4.5372888408601275 11.51983020454645 114.43067156895995 5.4247718080878249 10.486864328384401 5.1138884276151684 11.734454188495873 6.6864260993897915 4.7783840559422961 13.362534411251543 5.2196496874094009 4.6175651103258133 4.3427144661545753 22.067264374345541 10.164645299315451
leaf_count=25 19 19 27 60 21 19 21 46 502 26 46 22 58 34 22 53 23 21 21 112 39
internal_value=0.000368761 -0.00158703 -0.0101818 -0.000256581 0.0104539 0.00155562 0.0145355 -0.00090537 0.000891368 0.00787779 0.00313111 0.0071272 -0.00267869 -0.00400388 -0.0192474 0.019033 -0.0191326 0.0270962 -0.0282405 -0.0244313 0.0284031
internal_weight=275.784 218.542 58.7093 28.2329 17.9395 159.833 25.5905 134.242 125.951 57.2417 46.1225 40.6977 22.2213 10.8886 30.4764 18.4764 10.2934 11.1192 8.29174 25.698 14.7019
internal_count=1236 985 284 131 81 701 113 588 548 251 205 179 104 53 153 75 50 46 40 131 60
is_linear=0
shrinkage=0.03


Tree=107
num_leaves=14
num_cat=0
split_feature=56 275 187 306 283 282 49 189 295 19 128 170 256
split_gain=4.49093 5.61287 5.93352 6.48548 6.52641 5.6236 6.5544 5.46667 4.26219 4.1981 3.77904 1.74394 1.46509
threshold=4.495000000000001 0.018137056739739459 0.23385690516193181 0.15222783793632869 -6.6249999999999991 -3.9000000000000008 0.33465000000000006 6.1318813674891581 0.107 14.315000000000003 1.8698000000000004 1.2119223175000002 -0.0068773414691327131
decision_type=2 2 2 2 2 2 2 2 2 2 2 2 2
left_child=10 8 5 7 -5 12 -7 -4 11 -10 -1 -2 -3
right_child=1 2 3 4 -6 6 -8 -9 9 -11 -12 -13 -14
leaf_value=0.035106450599551302 -0.041529705847969264 -0.014960436219307245 -0.019398677022283189 -0.020062010156899554 0.0058200444410426658 0.032119061642912741 -0.010058731635692321 0.016321996659598711 -0.018860207095753749 0.019787617663423775 -0.00013919598692320155 -0.013191156373788237 -0.041058914728936635
leaf_weight=5.9329004660248739 5.4750758688896912 3.9759497679769993 18.801490269601349 9.0774964652955514 179.2286192253232 3.8547347858548191 20.056589629501104 4.6723658069968215 5.7914978489279729 4.3069134578108788 4.7040917426347733 3.7963647246360779 5.3747232183814031
leaf_count=30 30 20 100 42 773 17 88 21 29 18 21 21 26
internal_value=0.000358367 -0.000402707 0.000817162 0.00267988 0.00454646 -0.0109254 -0.00302888 -0.0121223 -0.0159139 -0.00205057 0.0193839 -0.0305107 -0.0305549
internal_weight=275.049 264.412 245.042 211.78 188.306 33.262 23.9113 23.4739 19.3699 10.0984 10.637 9.27144 9.35067
internal_count=1236 1185 1087 936 815 151 105 121 98 47 51 51 46
is_linear=0
shrinkage=0.03


Tree=108
num_leaves=12
num_cat=0
split_feature=284 299 288 277 311 297 256 50 71 69 286
split_gain=4.4112 6.1629 6.54134 6.39017 6.40368 4.61148 4.54391 4.45493 5.48366 3.78532 0.994962
threshold=-6.2449999999999992 0.78285397695735648 5.2515748161726217 5.9850000000000003 0.87936640507688779 1.081362868170715 0.13239315035699278 -0.18444999999999998 25.170000000000005 2.8750500000000003 1.0429844030593378
decision_type=2 2 2 2 2 2 2 2 2 2 2
left_child=6 7 3 4 -3 -5 9 8 -2 -1 -10
right_child=1 2 -4 5 -6 -7 -8 -9 10 -11 -12
leaf_value=0.0094222267980168025 0 0.0049788108081870236 -0.028174096626904566 0.0039890935168166892 -0.0054769494207470553 0.037531653381463755 -0.039070153853067696 -0.0050014283045333287 0.023797376131946563 -0.021664396164471321 0.045069958936313492
leaf_weight=7.4730996526777762 5.3321778103709283 99.962750300765038 7.1204909421503535 8.3276714682579023 111.19377910904586 6.9055317640304557 4.6739397048950186 6.1305080354213706 4.7220925316214544 6.3994387611746788 6.2942089699208736
leaf_count=33 24 440 36 37 513 26 23 27 21 32 24
internal_value=0.000345664 0.00138195 -5.23939e-05 0.000830903 -0.000512916 0.0195359 -0.0137275 0.0163489 0.0245191 -0.00475583 0.0365175
internal_weight=274.536 255.989 233.51 226.39 211.157 15.2332 18.5465 22.479 16.3485 13.8725 11.0163
internal_count=1236 1148 1052 1016 953 63 88 96 69 65 45
is_linear=0
shrinkage=0.03


Tree=109
num_leaves=18
num_cat=0
split_feature=303 124 15 69 144 194 292 93 193 13 199 96 107 176 205 304 115
split_gain=4.43091 6.50205 7.55737 6.99854 6.44618 6.27821 6.24478 6.47955 5.89888 5.45278 5.03879 4.79674 4.06655 3.04911 3.70476 1.7269 1.27168
threshold=0.087141989315513882 75.577727777777795 18.940000000000001 3.5875000000000004 16.678143036600002 1.0361743700100503 0.91906880087260767 12384.260000000002 30.628693158079034 24.675000000000004 -9.9552883316278713 0.066250000000000017 0.061700000000000005 -0.35382017124999993 -8.1224382913021707 0.22701564076690209 0.35425000000000006
decision_type=2 2 2 2 2 2 2 2 2 2 2 2 2 2 2 2 2
left_child=1 3 5 4 9 10 12 -8 -2 -1 -3 -7 -5 -10 15 -15 -4
right_child=8 2 16 6 -6 11 7 -9 13 -11 -12 -13 -14 14 -16 -17 -18
leaf_value=0.0073778584636611929 0.012128989530560345 -0.040090449439374648 0.020063298734294719 -0.030671688592584019 -0.027054694756561293 0.0035718582810364279 0.0028361247838714033 -0.028918041779413803 -0.04338702222097978 -0.024568515584063772 -0.00045894644929986772 0.027295740791203334 -0.0089856808584767665 -0.042513129355322775 0.005225710349603032 -0.0091028486808202129 0.042568412224585815
leaf_weight=94.908634249120951 6.0684126168489483 3.8886268585920325 5.3858521282672864 13.171933099627493 5.5764170512557021 22.180688003078103 46.484681099653244 6.4950289800763121 4.4422065839171418 4.9309842959046355 11.042551096528767 11.956806898117064 20.501031681895256 3.5376129113137722 5.0529789701104129 2.8027674444019794 5.7916653603315353
leaf_count=405 30 19 24 70 25 97 206 30 27 22 50 48 88 21 31 20 23
internal_value=0.000335846 0.00147189 0.0100674 -0.00121247 0.00395942 0.00489465 -0.00753616 -0.00104739 -0.0125613 0.00574703 -0.0111781 0.0120243 -0.0176232 -0.0222279 -0.0134114 -0.0285806 0.0322645
internal_weight=274.219 252.315 60.2462 192.069 105.416 49.0687 86.6527 52.9797 21.904 99.8396 14.9312 34.1375 33.673 15.8356 11.3934 6.34038 11.1775
internal_count=1236 1107 261 846 452 214 394 236 129 427 69 145 158 99 72 41 47
is_linear=0
shrinkage=0.03


Tree=110
num_leaves=14
num_cat=0
split_feature=43 258 63 306 199 298 52 289 280 188 75 65 20
split_gain=4.28219 6.04318 7.17477 6.03325 6.27507 5.44739 6.19897 5.25332 5.19985 4.8588 8.3308 5.18316 1.45812
threshold=-0.25174999999999997 0.72575851042959738 0.63280000000000014 0.15439919567688129 61.903171671155903 1.1850529100529104 0.45891566265060246 0.34273250508053499 -1.5749999999999991 4.7491734013976581 10.025 20210721.500000004 -1.0000000180025095e-35
decision_type=2 2 2 2 2 2 2 2 2 2 2 2 2
left_child=8 2 3 7 -5 6 -3 -2 -1 10 -4 -11 -8
right_child=1 5 9 4 -6 -7 12 -9 -10 11 -12 -13 -14
leaf_value=-0.008189603318238434 0.022032431258502898 0.0037792596140203416 0.015315880733775242 0.00668743526040513 -0.016715175810616153 0.01564849374414044 -0.021625455439711935 -0.014155693331299721 0.033338491061407766 0.025189622539634086 -0.029306139064665993 -0.015403668391555398 -0.043560416129840185
leaf_weight=4.0742534250020981 4.0313872732222107 5.681723438203341 4.608530722558501 164.41653407365084 10.841879740357397 4.073979038745164 6.5850781165063417 26.41714521497488 7.304164305329321 5.3825042396783811 17.742766221985221 5.6925978139042854 6.6655242517590469
leaf_count=18 18 26 19 716 45 18 34 138 32 20 91 27 34
internal_value=0.000323773 -0.000450229 0.000953219 0.0030609 0.00521388 -0.0151089 -0.0219325 -0.00920974 0.0182654 -0.0118985 -0.0199448 0.0041051 -0.0331279
internal_weight=273.518 262.14 239.133 205.707 175.258 23.0063 18.9323 30.4485 11.3784 33.4264 22.3513 11.0751 13.2506
internal_count=1236 1186 1074 917 761 112 94 156 50 157 110 47 68
is_linear=0
shrinkage=0.03


Tree=111
num_leaves=10
num_cat=0
split_feature=56 275 147 187 283 311 42 170 128
split_gain=4.2383 5.17563 5.65191 5.24836 6.3601 5.73455 4.08296 4.3446 3.69854
threshold=4.495000000000001 0.018137056739739459 0.16614813275000004 0.23385690516193181 -5.1249999999999991 1.1731613535726115 0.73445000000000016 0.98401695355000007 1.8698000000000004
decision_type=2 2 2 2 2 2 2 2 2
left_child=8 6 -3 5 -5 -4 7 -2 -1
right_child=1 2 3 4 -6 -7 -8 -9 -10
leaf_value=0.034724549909486598 -0.039175321973782866 0.023980021125578423 -0.018375048715235844 -0.012056939683705498 0.0037125745067857325 0.011295347055296782 0.007690692007313712 -0.0053979476186211536 -0.00037999844669275672
leaf_weight=5.8063890114426595 7.4984006602317113 8.9735098257660848 24.719094026833773 26.33093224093318 175.87499827519059 7.4681918621063224 4.8766787014901629 6.7338896803557873 4.6669679284095764
leaf_count=30 42 39 114 123 779 32 23 33 21
internal_value=0.00031372 -0.000425113 0.000746141 -0.000140399 0.00163932 -0.0113843 -0.0154243 -0.0235523 0.0189424
internal_weight=272.949 262.476 243.367 234.393 202.206 32.1873 19.109 14.2323 10.4734
internal_count=1236 1185 1087 1048 902 146 98 75 51
is_linear=0
shrinkage=0.03


Tree=112
num_leaves=9
num_cat=0
split_feature=41 134 198 68 306 99 294 33
split_gain=4.1806 5.64659 4.84325 6.84783 5.55622 7.33546 5.00226 4.18666
threshold=0.20360000000000003 39.778616969150001 3.2677609781095991 45.842200000000012 0.27997802381743125 -0.13174999999999998 1.2886414946871665 1.0000000180025095e-35
decision_type=2 2 2 2 2 2 2 2
left_child=-1 2 4 7 5 -2 -6 -4
right_child=1 -3 3 -5 6 -7 -8 -9
leaf_value=0.026483732599972262 -0.011407764997942785 -0.031957394934692684 0.041374746819647486 -0.0088948067500086922 0.010730886647875717 0.0010578214593740421 -0.016857977436211702 0.0086152746317742761
leaf_weight=5.2833670005202285 65.798581097275019 4.8514897674322119 7.4916176870465296 7.6688219327479592 49.239703834056854 118.51045551523566 6.554266106337308 7.1733745187520981
leaf_count=25 317 23 30 34 218 526 29 34
internal_value=0.000304361 -0.000211606 0.000375778 0.0137142 -0.000857631 -0.00337991 0.00741191 0.0257205
internal_weight=272.572 267.288 262.437 22.3338 240.103 184.309 55.794 14.665
internal_count=1236 1211 1188 98 1090 843 247 64
is_linear=0
shrinkage=0.03


Tree=113
num_leaves=14
num_cat=0
split_feature=303 124 200 61 15 206 188 255 74 193 176 204 98
split_gain=4.21016 6.14378 8.19029 9.21467 7.11559 6.99806 6.79665 6.09403 7.67707 5.47622 2.93732 3.4943 1.26037
threshold=0.087141989315513882 75.577727777777795 0.20240372197112375 4.5550000000000006 18.940000000000001 -7.9609690632252166 3.1789334916186678 0.018305915860172387 61.810000000000009 30.628693158079034 -0.35382017124999993 0.89883852207780124 0.35425000000000006
decision_type=2 2 2 2 2 2 2 2 2 2 2 2 2
left_child=1 2 3 6 7 -5 -1 -3 -9 -2 -11 -12 -6
right_child=9 4 -4 5 12 -7 -8 8 -10 10 11 -13 -14
leaf_value=-0.0041819483192787376 0.011503269898809331 0.027073077390718903 0.030442697980334967 0.0090942625833045614 0.019416278937581563 -0.01957777501713738 0.0093589729273463405 -0.0070077120088494994 0.025357301483984962 -0.042753939598583604 -0.028857115647844267 0.0039364216962434716 0.041910758138635137
leaf_weight=79.045828871428967 6.0223874710500267 8.8963677883148176 6.9714813381433478 9.3687404319643957 5.3697343841195089 37.989951960742474 57.426280185580254 31.571812160313129 8.229061905294655 4.3496737740933904 5.9116512425243819 5.3810791522264481 5.6562532410025597
leaf_count=350 30 37 27 41 24 183 245 142 35 27 38 34 23
internal_value=0.000296088 0.00140584 -0.00120966 -0.00244223 0.00979997 -0.0138353 0.00149667 0.00477107 -0.000194091 -0.0123464 -0.0217339 -0.01307 0.0314984
internal_weight=272.19 250.526 190.802 183.831 59.7232 47.3587 136.472 48.6972 39.8009 21.6648 15.6424 11.2927 11.026
internal_count=1236 1107 846 819 261 224 595 214 177 129 99 72 47
is_linear=0
shrinkage=0.03


Tree=114
num_leaves=12
num_cat=0
split_feature=43 41 1 200 306 189 108 132 54 103 280
split_gain=4.13927 5.94549 6.40698 6.68313 6.11393 5.85368 7.4153 5.31252 5.01078 5.29386 4.83138
threshold=-0.26059999999999994 0.63675000000000015 79.710000000000022 0.24906744335939415 0.29199464751051613 3.2330592010694299 0.07832500000000002 71.662618167500014 9.8450000000000006 0.86740000000000006 -1.4250000000000005
decision_type=2 2 2 2 2 2 2 2 2 2 2
left_child=10 2 3 4 -2 8 -7 -8 -3 -10 -1
right_child=1 5 -4 -5 -6 6 7 -9 9 -11 -12
leaf_value=-0.0058714615453015042 -0.0027631923336407867 0.0077590332427151998 0.026346893927345308 0.030862028414393616 0.011341061374070682 -0.034075606770936386 0.041942995108831371 -0.0019351752749394535 -0.037346894315740481 -0.00049419450018876984 0.036015084434584524
leaf_weight=3.949978694319725 178.41305445507169 4.2425422668457058 8.7780328728258592 6.1686666905879965 32.608697429299355 3.2643431127071372 4.3032706417143327 5.3964155875146389 13.550670547410848 4.9489827752113333 5.9979473054409009
leaf_count=18 813 18 38 25 144 15 17 26 73 22 27
internal_value=0.000289608 -0.000424586 0.00136267 0.000327438 -0.000565146 -0.0117913 0.00408816 0.0174546 -0.020953 -0.0277051 0.0191919
internal_weight=271.623 261.675 225.968 217.19 211.022 35.7062 12.964 9.69969 22.7422 18.4997 9.94793
internal_count=1236 1191 1020 982 957 171 58 43 113 95 45
is_linear=0
shrinkage=0.03


Tree=115
num_leaves=11
num_cat=0
split_feature=105 264 142 49 131 298 48 70 283 102
split_gain=4.07346 4.79869 5.4053 5.15181 7.04279 5.84787 4.56563 5.25443 2.44198 1.79445
threshold=0.56250000000000011 1.8775807951142154 2.4062547741000002 0.58420000000000016 265.02105493298615 0.92738908913131013 0.4811457983193278 6.0526000000000009 -1.6850000000000003 0.26645000000000002
decision_type=2 2 2 2 2 2 2 2 2 2
left_child=1 2 -1 4 -4 -5 -2 9 -9 -8
right_child=6 -3 3 5 -6 -7 7 8 -10 -11
leaf_value=0.030721433083891057 -0.013145553061609623 -0.030546668055357787 -0.0015373656534846817 0.0044132953880081224 0.013159290342733837 -0.016775794690153181 0.013861494774681661 -0.017449839391331858 0.014083482707503925 0.039430015211942157
leaf_weight=4.8448230996727935 5.1905258335173157 4.7222041375935069 147.91685608588159 17.676901660859585 36.445466730743647 33.419897772371769 4.4808757305145281 3.8834638446569443 4.8652308136224729 7.7107801362872124
leaf_count=20 25 24 671 75 163 164 21 19 21 33
internal_value=0.000281817 -0.000909336 -0.000301991 -0.000965837 0.00135722 -0.00939254 0.0115264 0.0178179 0 0.0304659
internal_weight=271.157 245.026 240.304 235.459 184.362 51.0968 26.1309 20.9404 8.74869 12.1917
internal_count=1236 1117 1093 1073 834 239 119 94 40 54
is_linear=0
shrinkage=0.03


Tree=116
num_leaves=24
num_cat=0
split_feature=131 96 20 311 123 38 186 188 94 192 113 131 170 125 259 56 161 273 311 135 104 105 306
split_gain=4.05531 5.97537 5.37974 5.60564 7.7808 5.26096 5.31282 6.99514 5.35731 5.15036 5.19427 4.96272 5.43618 5.493 5.01801 5.79409 4.93475 4.89719 4.88804 2.73438 2.69329 2.36339 2.10138
threshold=69.809271121538487 -0.035549999999999991 -1.1949999999999996 0.98584401548126166 17.500000000000004 -0.6580999999999998 0.80958797990310016 5.1705130801812098 0.25560000000000005 27.383847302996866 3465.6100000000006 190.12491336307974 -0.84257030264999988 74.232700000000008 0.0061652054884591837 39.165416666666673 0.7720218781 -1.2333126064389675 1.131391705656321 0.5817188553 0.017000000000000005 0.5041500000000001 0.22939046180932524
decision_type=2 2 2 2 2 2 2 2 2 2 2 2 2 2 2 2 2 2 2 2 2 2 2
left_child=5 2 3 4 -2 22 16 8 -8 10 -4 14 -13 -14 15 -3 -7 -16 -5 -11 -9 -18 -1
right_child=1 11 9 18 -6 6 7 20 -10 19 -12 12 13 -15 17 -17 21 -19 -20 -21 -22 -23 -24
leaf_value=0.010667037230809452 0.028548956807292431 -0.0043629093925796284 -0.030401831364093242 -0.039848174182408165 -0.012658903525236884 0.008167610097920882 0.01635245271589425 0.045777495833161493 -0.014811298825019812 -0.0041116753084701335 0.014303719176511734 -0.022794314987456089 0.0058480756455283334 0.029235667418333066 -0.016998739754389258 -0.03108653472786203 -0.0091179454004617407 0.011184465370087503 0.0022710716797189148 -0.032018796403312774 0.013623541392811668 -0.041294075072287363 0.03836332640240623
leaf_weight=5.0080783218145353 9.4548410475254112 49.205631203949451 3.4218677766621131 4.6148024164140207 7.0586933232843867 6.4488390423357478 9.2330756634473854 5.1035516113042814 10.502827923744915 4.2324187420308617 6.8492271937429905 4.6524222791194907 47.533276226371527 11.25900027528405 6.6864522956311694 8.5823183842003328 4.4165832102298719 29.168452002108097 4.9450138360261917 16.93837033957243 5.1176912598311901 4.4468431919813156 5.8800673633813858
leaf_count=22 40 217 17 26 36 31 41 19 50 21 31 21 210 51 32 43 21 127 22 91 22 21 24
internal_value=0.000274386 -0.00159289 -0.00986358 0.000104719 0.010784 0.00745354 0.00285247 0.0102427 -7.17373e-05 -0.0181991 -0.000450428 0.00142056 0.00790503 0.0104199 -0.00294453 -0.00843041 -0.0113839 0.00581258 -0.0179526 -0.0266263 0.0302569 -0.0258762 0.0261103
internal_weight=270.76 214.603 57.5152 26.0734 16.5135 56.1576 45.2694 29.9571 19.7359 31.4419 10.2711 157.088 63.4447 58.7923 93.6429 57.7879 15.3123 35.8549 9.55982 21.1708 10.2212 8.86343 10.8881
internal_count=1236 985 284 124 76 251 205 132 91 160 48 701 282 261 419 260 73 159 48 112 41 42 46
is_linear=0
shrinkage=0.03


Tree=117
num_leaves=12
num_cat=0
split_feature=303 125 193 58 64 132 72 1 99 176 203
split_gain=4.00635 5.88842 5.18673 4.47967 4.9209 7.47947 7.08131 4.74819 3.2276 2.76453 3.2014
threshold=0.087141989315513882 105.34610000000002 30.628693158079034 5.2550000000000008 331.50000000000006 58.552659755000008 1.9550000000000003 66.175000000000026 0.055900000000000012 -0.35382017124999993 0.66733127577361939
decision_type=2 2 2 2 2 2 2 2 2 2 2
left_child=1 3 -2 7 6 -6 -5 8 -1 -4 -11
right_child=2 -3 9 4 5 -7 -8 -9 -10 10 -12
leaf_value=-0.017743924669768804 0.01111679656008455 0.029757340570348054 -0.042007531114203564 -0.012176324726207012 0.0044620192416081209 -0.0088553062234845055 0.011226677843722719 0.032592293114234387 0.017615180782381199 -0.028150147889578179 0.0033736296336730792
leaf_weight=4.3467669412493724 5.9815261438488987 6.3030066788196555 4.2599713057279596 14.636981114745138 63.411406744271517 93.549923423677683 53.857014950364828 7.7391245290637007 4.7540830001235008 5.832284409552809 5.3406441137194633
leaf_count=21 30 27 27 67 279 422 231 38 22 38 34
internal_value=0.000266021 0.0013512 -0.01214 0.000587898 -0.000516919 -0.00345667 0.00617132 0.0154721 0.000391535 -0.0213606 -0.0129194
internal_weight=270.013 248.598 21.4144 242.295 225.455 156.961 68.494 16.84 9.10085 15.4329 11.1729
internal_count=1236 1107 129 1080 999 701 298 81 43 99 72
is_linear=0
shrinkage=0.03


Tree=118
num_leaves=12
num_cat=0
split_feature=66 66 66 41 311 2 19 41 38 134 38
split_gain=3.94882 5.70966 5.69038 5.876 6.51226 3.19307 3.70823 3.04016 2.85458 0.847 0.34942
threshold=20250920.500000004 20240265.000000004 20231022.000000004 0.23515000000000003 1.1162619516581602 60.260000000000012 15.940000000000003 0.62870000000000015 0.062550000000000008 1.4705787332000002 1.3364500000000004
decision_type=2 2 2 2 2 2 2 2 2 2 2
left_child=1 2 3 8 -5 -3 7 -7 -1 -4 -2
right_child=10 5 9 4 -6 6 -8 -9 -10 -11 -12
leaf_value=0.0044447876923704305 -0.032480773287456396 0.035600815834115181 -0.037622860912464785 -0.0034102750853112831 0.0099281013789232642 0.023074600364712306 -0.012383586614274047 -0.0062937667386227698 0.036508633666642511 -0.013396855650649783 -0.0087936510419585594
leaf_weight=4.9525865614414197 3.3429522421210995 4.9380943924188641 3.7547234520316115 180.70264492183924 40.134835541248322 12.518543086946016 5.4262545630335799 3.994229480624198 5.565296083688736 2.9584223702549934 1.2453861758112905
leaf_count=21 45 28 24 781 169 68 25 18 23 17 17
internal_value=0.000258959 0.000752643 -0.000717309 6.54928e-05 -0.000969194 0.0138386 0.00866485 0.0157951 0.0218772 -0.0277403 -0.0270161
internal_weight=269.534 264.946 238.069 231.355 220.837 26.8771 21.939 16.5128 10.5179 6.71315 4.58834
internal_count=1236 1174 1035 994 950 139 111 86 44 41 62
is_linear=0
shrinkage=0.03


Tree=119
num_leaves=17
num_cat=0
split_feature=105 48 46 71 262 64 10 111 116 70 61 70 49 293 299 0
split_gain=3.89043 5.17338 5.31673 4.71332 6.18583 5.77014 7.55592 6.49128 5.63775 6.32477 5.18729 4.04153 3.05267 2.34579 2.97888 1.02125
threshold=0.55415000000000014 0.4811457983193278 -0.024952772100308798 12.460000000000003 -0.70226466349629357 331.50000000000006 15.750000000000002 7531.2300000000005 674.50000000000011 5.5516500000000013 1.1850000000000003 10.192100000000002 0.44075000000000003 0.95060107636541835 1.0791629223896746 66.485000000000014
decision_type=2 2 2 2 2 2 2 2 2 2 2 2 2 2 2 2
left_child=3 2 -2 4 -1 8 10 -8 9 -5 -7 13 -6 14 -3 -15
right_child=1 11 -4 5 12 6 7 -9 -10 -11 -12 -13 -14 15 -16 -17
leaf_value=0.041843545384338474 0.014502818492517283 0.027101186626587215 -0.032145907896445149 0.015548703929589751 0.018217071628255834 -0.0048243067899921121 -0.0063721568045916046 0.0099320078045322599 -0.017970445655552437 -0.0045610770318128459 -0.03526344501099879 -0.0040092563208219897 -0.0164132376990123 0.040709015942877673 -0.0068375376294323538 0.02108721229488791
leaf_weight=5.0423109084367743 3.8787313625216484 4.4183350726962143 4.6945271007716638 38.159933444112539 4.3852059766650182 9.1995789520442504 100.90589205175638 27.890014316886663 8.3196403980255109 21.906816478818655 11.873741559684275 6.8647786714136592 4.5748140215873718 5.6762714534997922 4.5219105780124664 6.5978833772242069
leaf_count=22 18 19 24 171 20 43 460 124 36 104 64 32 20 24 24 31
internal_value=0.000251019 0.00932974 -0.0107712 -0.00117217 0.015611 -0.0022693 -0.00557266 -0.00281334 0.00492379 0.00816926 -0.0222024 0.01559 0.000218375 0.0220619 0.00971763 0.0306595
internal_weight=268.91 36.6524 8.57326 232.258 14.0023 218.256 149.869 128.796 68.3864 60.0667 21.0733 28.0792 8.96002 21.2144 8.94025 12.2742
internal_count=1236 172 42 1064 62 1002 691 584 311 275 107 130 40 98 43 55
is_linear=0
shrinkage=0.03


Tree=120
num_leaves=21
num_cat=0
split_feature=280 305 274 60 254 182 64 292 99 4 53 167 65 49 95 51 72 285 126 51
split_gain=3.83313 6.24704 5.62073 7.17777 7.26496 6.679 5.52318 6.00339 5.42157 9.59755 7.13921 5.27947 5.09297 8.11006 6.73894 5.85401 6.46103 5.63059 4.29119 2.68887
threshold=-0.37499999999999994 -0.18509954193093728 5.9574356326500633 44.445000000000007 0.23949145943930403 1.4298007956037349 331.50000000000006 1.9009237501866683 -0.13174999999999998 65.185000000000016 11.560000000000002 0.060333172400000003 20210809.000000004 0.49855000000000005 -0.82559999999999989 0.75950000000000017 3.0450000000000004 -3.9999999999999987 22.665666809825531 1.1185500000000002
decision_type=2 2 2 2 2 2 2 2 2 2 2 2 2 2 2 2 2 2 2 2
left_child=1 11 6 4 5 -4 7 18 10 -10 -8 -1 15 14 -14 16 -3 -15 -2 -17
right_child=2 12 3 -5 -6 -7 8 -9 9 -11 -12 -13 13 17 -16 19 -18 -19 -20 -21
leaf_value=-0.0016901851203508611 0.038748134908587355 0.0084722782476000999 0.017368612679210787 0.024437519843762908 -0.042243944777190595 -0.026293132372413503 0.0042993295370229731 -0.010578643530702446 -0.0031028067754677647 0.026838022417533851 -0.028809147107767007 0.039078394706136228 -0.032912944851908266 0.00011647780419858464 0.0020272582333841611 0.038406887107540429 -0.013552175925906358 -0.030066268942554764 0.014050497046335706 0.0067752074707590117
leaf_weight=5.5663895606994611 9.4333695620298403 23.50015053153038 6.4957775846123749 4.5006120204925528 6.6448646113276473 5.9050898551940918 13.782373175024988 5.9973148629069319 24.392543848603964 15.651215702295302 9.9144469164311868 5.4846129864454269 5.544174361974 7.1972620412707355 40.657987512648106 4.838171258568762 24.133190415799618 21.744833314791322 21.581665806472301 5.3867408931255341
leaf_count=26 38 96 29 20 35 30 66 30 112 62 52 21 29 38 189 18 103 121 98 23
internal_value=0.00024422 -0.00307348 0.00411268 -0.00900077 -0.0171455 -0.00322643 0.00721298 0.0164241 0.0018 0.00856262 -0.00948962 0.0184432 -0.00489633 -0.0100484 -0.00216274 0.00174899 -0.00262847 -0.0224826 0.0217592 0.0222601
internal_weight=268.353 144.054 124.299 23.5463 19.0457 12.4009 100.753 37.0124 63.7406 40.0438 23.6968 11.051 133.003 75.1443 46.2022 57.8583 47.6333 28.9421 31.015 10.2249
internal_count=1236 664 572 114 94 59 458 166 292 174 118 47 617 377 218 240 199 159 136 41
is_linear=0
shrinkage=0.03


Tree=121
num_leaves=12
num_cat=0
split_feature=284 299 288 105 130 277 50 71 190 295 185
split_gain=4.04051 5.67 5.88944 5.47474 7.11109 6.12998 4.12562 4.89254 4.05721 2.84946 1.00218
threshold=-6.2449999999999992 0.78285397695735648 5.2515748161726217 0.53750000000000009 2.6789500000000004 -3.5249999999999981 -0.18444999999999998 25.170000000000005 2.0686148614661732 -0.23424999999999999 3.855236877290114
decision_type=2 2 2 2 2 2 2 2 2 2 2
left_child=8 6 3 4 -3 -5 7 -2 -1 -10 -9
right_child=1 2 -4 5 -6 -7 -8 10 9 -11 -12
leaf_value=0.002205372845482874 0 0.0052365666263092525 -0.027281597680570556 -0.00075849862137288926 -0.0073085710391538978 0.019245823611968575 -0.0049847550108099645 0.045059177146594277 -0.0029207567962694068 -0.037575074547016009 0.02376553043653172
leaf_weight=7.9679819941520718 5.1915702223777798 70.134073112159967 6.8851151764392844 27.975035265088081 96.077609028667212 26.550721954554319 5.973680466413497 5.4922152124345285 3.457447513937951 6.5671325810253594 5.2047341987490654
leaf_count=37 24 320 36 133 440 123 27 22 16 35 23
internal_value=0.000238475 0.00124177 -0.000149657 0.000695012 -0.00199707 0.00894487 0.0158002 0.0237847 -0.0134373 -0.0260661 0.0352924
internal_weight=267.477 249.485 227.623 220.737 166.212 54.5258 21.8622 15.8885 17.9926 10.0246 10.6969
internal_count=1236 1148 1052 1016 760 256 96 69 88 51 45
is_linear=0
shrinkage=0.03


Tree=122
num_leaves=18
num_cat=0
split_feature=296 142 262 274 20 109 274 99 306 298 275 70 140 72 106 206 1
split_gain=3.84925 5.08387 4.26802 6.58235 5.97995 8.06328 5.6772 5.05207 16.5353 7.80186 7.23111 5.92545 4.32611 4.13388 2.97699 2.2824 1.37338
threshold=1.1552604006831293 10.895873353500003 -2.0547176872203123 6.8249204614646937 -1.5249999999999997 0.52600000000000013 19.642476006298391 -0.10279999999999999 0.25695215083010908 0.94168338027476872 0.20232469943577278 4.3756500000000011 -1.1060355304499996 3.1150000000000007 0.32485000000000003 10.356436902313282 67.065000000000012
decision_type=2 2 2 2 2 2 2 2 2 2 2 2 2 2 2 2 2
left_child=2 -2 3 4 15 -6 14 8 11 12 -11 -4 -9 -10 -5 -1 -3
right_child=1 16 7 6 5 -7 -8 9 13 10 -12 -13 -14 -15 -16 -17 -18
leaf_value=0.017865914732290419 0.0075714005257468938 -0.041617907512008952 -0.010033575981951818 -0.0057901735497487847 -0.0046641413099652463 0.029742329646515624 0.017625552423369269 -0.0057188843025030378 0.03012343282567673 -0.0058362014032936251 0.015482057800216126 -0.03295465906685912 0.022077132227142159 0.0027989235887174112 -0.038762863677996716 0.041480635223051433 -0.01460962620330308
leaf_weight=10.022330887615682 5.0544020533561698 4.4634801223874074 37.156458575278521 5.5469475835561735 20.904043842107061 8.5080003924667817 4.7020042389631262 6.1928799748420742 9.1617380529642123 73.655281711369753 17.636898301541805 14.308842435479162 23.048652216792107 11.423296023160217 4.8024747222661972 6.8422705680131903 3.6584813445806503
leaf_count=45 25 24 172 29 100 36 22 29 40 343 75 77 98 52 23 27 19
internal_value=0.000231246 -0.0155017 0.00106527 0.00795691 0.0135816 0.005254 -0.00911418 -0.00111678 -0.00740684 0.00262133 -0.00167243 -0.016516 0.0160887 0.0151921 -0.0216022 0.0278117 -0.0301427
internal_weight=267.088 13.1764 253.912 61.3281 46.2766 29.412 15.0514 192.584 72.0503 120.534 91.2922 51.4653 29.2415 20.585 10.3494 16.8646 8.12196
internal_count=1236 68 1168 282 208 136 74 886 341 545 418 249 127 92 52 72 43
is_linear=0
shrinkage=0.03


Tree=123
num_leaves=13
num_cat=0
split_feature=284 299 288 125 311 306 127 308 13 71 11 131
split_gain=3.82831 5.28101 5.51478 5.12967 6.84323 4.99141 3.98695 4.00395 3.96021 5.19683 2.50897 0.621634
threshold=-6.2449999999999992 0.78285397695735648 5.2515748161726217 17.109225000000002 0.87936640507688779 0.19551503608927526 2.0606488636363642 0.5458333333333335 22.275000000000002 25.170000000000005 16.725000000000005 134.79158853833337
decision_type=2 2 2 2 2 2 2 2 2 2 2 2
left_child=6 8 3 5 -5 -3 -1 11 9 -2 -11 -8
right_child=1 2 -4 4 -6 -7 7 -9 -10 10 -12 -13
leaf_value=0.010560932398447683 -0.0019357681710536609 -0.00032757578915863669 -0.026464189564588857 0.0052790437472870159 -0.0056378449543009086 0.036400833667993807 -0.043014384175237057 0 -0.0071168565186082253 0.013803601148773626 0.044655493353498943 -0.022711285794243256
leaf_weight=4.5340996980667141 5.1611550599336686 6.1098739169538003 6.8485691994428626 97.976838693022728 109.03245384804904 6.8179476261138916 4.3536859974265081 5.0235587470233432 5.1492799222469321 4.1967665106058103 7.1729558780789375 3.9587793871760368
leaf_count=20 24 29 36 441 517 29 23 23 24 19 29 22
internal_value=0.000224887 0.00120259 -0.00013938 0.000678362 -0.000456377 0.0189429 -0.0131331 -0.0214308 0.0153142 0.0224825 0.0337487 -0.0340866
internal_weight=266.336 248.466 226.786 219.937 207.009 12.9278 17.8701 13.336 21.6802 16.5309 11.3697 8.31247
internal_count=1236 1148 1052 1016 958 58 88 68 96 72 48 45
is_linear=0
shrinkage=0.03


Tree=124
num_leaves=12
num_cat=0
split_feature=65 65 65 41 311 281 279 254 38 158 68
split_gain=3.72944 5.37834 6.04933 5.38149 5.94656 4.49259 4.36204 3.31306 2.72591 0.963573 0.360854
threshold=20250917.500000004 20240176.000000004 20231019.000000004 0.23515000000000003 1.1162619516581602 -1.2749999999999992 -8.4650000000000016 0.21593289346702554 0.062550000000000008 -1.3270083615500001 171.49175000000002
decision_type=2 2 2 2 2 2 2 2 2 2 2
left_child=1 2 3 8 -5 6 -3 9 -1 -7 -2
right_child=10 5 -4 4 -6 7 -8 -9 -10 -11 -12
leaf_value=0.0040109315643015028 -0.032273020360800056 0.016080132547880779 -0.030342559111833919 -0.0033174198488178084 0.0095003941004564631 0.015779046436715568 -0.022673181840768476 -0.00068683660459100077 0.035649681327284979 0.036022221365550999 -0.008003648570634651
leaf_weight=4.8880999833345395 3.245096940547227 5.4095457345247269 5.9572211951017371 178.67528264224529 39.680059440433979 3.9120794832706478 4.8445754200220126 3.8539527207612982 5.4161560088396072 8.9057423025369626 1.1941268071532247
leaf_count=21 45 27 37 781 169 24 23 17 23 52 17
internal_value=0.000217553 0.000696373 -0.000751041 1.97137e-05 -0.00097112 0.0133754 -0.00198134 0.0229551 0.0211121 0.0302461 -0.0267257
internal_weight=265.982 261.543 234.617 228.66 218.355 26.9259 10.2541 16.6718 10.3043 12.8178 4.43922
internal_count=1236 1174 1031 994 950 143 50 93 44 76 62
is_linear=0
shrinkage=0.03


Tree=125
num_leaves=16
num_cat=0
split_feature=306 99 183 174 185 0 279 165 98 99 95 128 186 186 107
split_gain=3.66904 5.59089 6.72225 6.0792 6.93948 5.77183 5.7789 5.14779 4.82977 4.30121 5.02984 4.75178 4.42166 3.50481 3.19145
threshold=0.2940517751148885 -0.25324999999999992 0.44017437811014698 0.8802258823000001 5.1215146480568103 80.265000000000015 -15.854999999999995 4.9660167319500008 0.23095000000000002 -0.21889999999999996 0.09420000000000002 3.0010250000000007 0.99505119854916557 0.89893206560123506 -0.22699999999999995
decision_type=2 2 2 2 2 2 2 2 2 2 2 2 2 2 2
left_child=1 2 -1 4 -4 6 -3 -8 -2 13 11 -11 -12 -10 -5
right_child=8 5 3 14 -6 -7 7 -9 9 10 12 -13 -14 -15 -16
leaf_value=0.017952063280828514 0.037369232009838632 -0.027358929720169685 -0.014887467369832074 -0.0026812219130960043 0.016656956083448946 0.030348092577698795 -0.0010311951622714701 0.013468018840221779 0.035418745227861523 0.0066000400517250328 -0.0014435234272180291 -0.037040567433746244 0.029042453402618872 0.0013157633760488697 -0.02938265229059172
leaf_weight=6.9680470228195182 4.4443643167614928 6.3845534957945338 16.610119495540861 5.4155779331922558 9.9081789031624776 5.9019943736493579 121.71991847641766 26.740216989070177 6.1660226434469205 3.5165513828396815 15.666436892002823 5.5401722602546215 5.7059484347701064 5.1305440813302994 19.532684460282326
leaf_count=32 20 35 82 29 45 25 565 114 25 17 72 28 25 23 99
internal_value=0.000211809 -0.0013965 -0.00934197 -0.0131231 -0.00297035 0.0014772 0.000338534 0.00156748 0.0078982 0.00460556 -0.0011853 -0.0198811 0.00665319 0.0203409 -0.0237401
internal_weight=265.351 219.181 58.4346 51.4666 26.5183 160.747 154.845 148.46 46.17 41.7257 30.4291 9.05672 21.3724 11.2966 24.9483
internal_count=1236 1026 287 255 127 739 714 679 210 190 142 45 97 48 128
is_linear=0
shrinkage=0.03


Tree=126
num_leaves=18
num_cat=0
split_feature=49 52 306 43 208 38 287 262 99 195 262 310 94 278 45 50 42
split_gain=3.65408 6.71511 4.88503 6.17596 5.45527 5.53728 5.44495 5.47958 4.94404 6.83769 6.37193 4.26208 3.88766 3.84077 3.2438 1.8121 0.525283
threshold=0.67795000000000016 0.52505220883534143 0.29199464751051613 0.068350000000000008 2.9583366394095667 1.5733500000000002 2.3947500072127177 3.6372137191178919 -0.10279999999999999 22.31016503117748 -2.8570521912191387 0.17248058415620068 0.24310000000000001 -1.0000000180025095e-35 0.52239517876832109 0.29330537634408599 -0.52754999999999985
decision_type=2 2 2 2 2 2 2 2 2 2 2 2 2 2 2 2 2
left_child=2 12 6 11 5 -5 8 13 10 -10 -1 16 -2 -8 -6 -14 -4
right_child=1 -3 3 4 14 -7 7 -9 9 -11 -12 -13 15 -15 -16 -17 -18
leaf_value=0.012184990129823723 0.0015959927356075248 0.015335136066110774 0.024140234897106271 -0.032905858732143516 0.031256806002685343 0.0081069981029273843 -0.029734947495125834 0.014698686634333491 -0.0012014822238037945 0.013791501986783338 -0.0099477648131625455 0.0041838167651265263 -0.016792211468306756 0.0012194330177950606 -0.0020161692014635389 -0.041968894962856926 0.04155253638012834
leaf_weight=14.747198622673748 4.5481283515691819 5.9976401403546324 4.2234906330704698 6.2162109501659888 5.6287978477776033 5.3471305146813393 13.60206533968449 4.4809431321918956 64.843927029520273 46.856561549007893 53.981790587306023 6.4625409469008437 5.6802774704992753 4.6382388174533853 4.5702031292021275 6.1415935270488262 6.8306524604558954
leaf_count=71 21 26 20 28 27 24 78 20 292 206 257 30 29 22 23 33 29
internal_value=0.000207116 -0.0113537 0.00129038 0.0109647 0.000135737 -0.0137765 -0.000569867 -0.0143865 0.00116043 0.00506771 -0.00514434 0.024171 -0.0213478 -0.0217364 0.016181 -0.0303657 0.0354448
internal_weight=264.797 22.3676 242.43 39.279 21.7623 11.5633 203.151 22.7212 180.429 111.7 68.729 17.5167 16.37 18.2403 10.199 11.8219 11.0541
internal_count=1236 109 1127 181 102 52 946 120 826 498 328 79 83 100 50 62 49
is_linear=0
shrinkage=0.03


Tree=127
num_leaves=13
num_cat=0
split_feature=131 277 96 305 193 270 203 174 149 280 298 107
split_gain=3.74366 5.43202 5.81984 7.34484 5.05768 4.87903 5.40167 4.81857 4.51578 6.68061 4.73342 2.71337
threshold=69.809271121538487 -16.135000000000002 -0.035549999999999991 -0.13767711962833909 58.940984798563136 1.8382323176081725 238.89442471150457 0.13806900645000003 -2.1951615773499995 -1.0499999999999978 0.91839984939759045 0.020950000000000003
decision_type=2 2 2 2 2 2 2 2 2 2 2 2
left_child=7 -2 3 -3 -5 6 -4 -1 -9 10 -10 -11
right_child=1 2 5 4 -6 -7 -8 8 9 11 -12 -13
leaf_value=-0.017913951193276632 -0.041122717463212659 0.018805923995397909 0.0018405216602818875 0.00024687344459758346 -0.020276303274720488 0.023539989902896886 -0.028626206117602079 -0.010374567715324067 0.024324157431167247 0.013218595007916903 -0.013827909159222234 0.032809737774272381
leaf_weight=5.9517502933740607 2.9895118400454512 7.1010824963450423 136.82962023466825 15.712788948789237 32.588900245726109 8.8369543179869634 5.3411283716559401 7.7299146242439738 4.0288910344243041 14.004411712288858 9.8351219743490201 13.238711304962633
leaf_count=29 16 33 624 76 172 38 26 35 18 63 47 59
internal_value=0.000202785 -0.00161286 -0.00100646 -0.00932356 -0.0135513 0.00202927 0.000655532 0.00718703 0.0103377 0.0143211 -0.00243126 0.0229337
internal_weight=264.189 209.4 206.41 55.4028 48.3017 151.008 142.171 54.7888 48.8371 41.1071 13.864 27.2431
internal_count=1236 985 969 281 248 688 650 251 222 187 65 122
is_linear=0
shrinkage=0.03


Tree=128
num_leaves=10
num_cat=0
split_feature=43 258 258 109 0 298 306 280 197
split_gain=3.68139 5.08102 6.07736 5.50779 4.92822 4.88248 4.795 4.4136 1.42143
threshold=-0.26059999999999994 0.72575851042959738 0.59476465896514996 0.46200000000000008 81.015000000000015 1.171718275652702 0.27997802381743125 -1.4250000000000005 33.885295625144664
decision_type=2 2 2 2 2 2 2 2 2
left_child=7 2 4 -3 6 8 -2 -1 -5
right_child=1 3 -4 5 -6 -7 -8 -9 -10
leaf_value=-0.0057077624219859843 -0.0031971950458793454 0.014170529607149205 0.028023678909719327 -0.038153049193025035 0.024473998850609146 0.0069156931672049579 0.0076043730389220836 0.035108432115923772 -0.016006749873907655
leaf_weight=3.8326684087514877 171.06427304446697 4.6444091796875027 7.0611823424696913 8.6182721741497534 7.0407790802419177 3.8670584112405768 47.013051096349955 5.6674354895949346 4.8736029267311087
leaf_count=18 803 21 30 47 31 18 215 27 26
internal_value=0.000196868 -0.000480207 0.000815681 -0.014232 -3.64843e-05 -0.0220406 -0.000852427 0.0184414 -0.0305506
internal_weight=263.683 254.183 232.179 22.0033 225.118 17.3589 218.077 9.5001 13.4919
internal_count=1236 1191 1079 112 1049 91 1018 45 73
is_linear=0
shrinkage=0.03


Tree=129
num_leaves=9
num_cat=0
split_feature=196 284 13 14 194 299 191 197
split_gain=3.61641 4.32766 4.83541 5.31984 6.81727 5.1591 4.37422 2.27356
threshold=91.499534579346516 -6.2449999999999992 25.725000000000005 23.325000000000003 17.957346986942373 0.81179943076004091 2.0686148614661732 18.293788758472676
decision_type=2 2 2 2 2 2 2 2
left_child=1 6 3 5 -5 -3 -1 -8
right_child=-2 2 -4 4 -6 -7 7 -9
leaf_value=0.0010992639090610305 0.022163648517062401 0.012820215996591829 -0.023418831356292413 0.026493042595552924 -0.014955857468240002 -0.001645081027428654 -0.0071006872111798241 -0.040651098159702533
leaf_weight=7.5892661996185806 6.4782347381114951 25.036851689219475 7.1724442243576041 14.645570486783983 4.5401139482855788 189.10580576397479 3.0585797578096372 5.7343633733689785
leaf_count=36 28 113 37 61 21 893 16 31
internal_value=0.000192043 -0.000358786 0.000648157 0.00141054 0.0165023 3.73454e-05 -0.0152376 -0.0295292
internal_weight=263.361 256.883 240.501 233.328 19.1857 214.143 16.3822 8.79294
internal_count=1236 1208 1125 1088 82 1006 83 47
is_linear=0
shrinkage=0.03


Tree=130
num_leaves=14
num_cat=0
split_feature=56 187 306 179 144 158 311 255 103 100 127 147 10
split_gain=3.5845 4.60928 5.85145 5.67544 6.6576 5.96473 5.25422 5.34577 4.7438 4.05412 3.42485 2.89002 2.29383
threshold=4.495000000000001 0.23385690516193181 0.15222783793632869 -0.67452021137499851 0.39028376400000003 0.90852941495000006 1.1731613535726115 0.065415976073685225 -0.23854999999999996 -0.025799999999999997 2.3408206578947373 0.46115747925000006 19.875000000000004
decision_type=2 2 2 2 2 2 2 2 2 2 2 2 2
left_child=10 6 8 4 -4 -5 7 12 -3 -10 -1 -9 -2
right_child=1 2 3 5 -6 -7 -8 11 9 -11 -12 -13 -14
leaf_value=0.033837763269334985 0.015732829901028821 0.013396971820195426 -0.018915080652407917 0.017541574207321074 0.0020525631825167967 -0.0061492541332651999 0.010938189450462377 -0.0026069708252422119 -0.034142182395331511 -0.0068206336547654497 -0.0007609902930945699 -0.033453934149877358 -0.014255758123795835
leaf_weight=5.3600097075104696 4.7330226823687571 4.9621024951338795 15.138359038159249 37.561309959739447 128.7503073848784 12.542052701115606 7.5075718015432349 3.7185310237109688 8.8088301904499584 11.745364177972073 4.5526437759399414 13.43592771142721 4.2396099418401718
leaf_count=30 21 24 77 168 582 58 35 20 50 65 21 65 20
internal_value=0.000185479 -0.000499141 0.00107462 0.00286533 -0.000144188 0.011551 -0.0108316 -0.0172193 -0.0123805 -0.0187836 0.0177989 -0.026995 0.00123147
internal_weight=263.056 253.143 219.508 193.992 143.889 50.1034 33.6347 26.1271 25.5163 20.5542 9.91265 17.1545 8.97263
internal_count=1236 1185 1024 885 659 226 161 126 139 115 51 85 41
is_linear=0
shrinkage=0.03


Tree=131
num_leaves=11
num_cat=0
split_feature=296 99 125 262 274 205 22 130 306 280
split_gain=3.60306 4.33051 4.09741 4.39234 6.29744 6.35698 5.39646 5.07337 7.15699 4.66023
threshold=1.1552604006831293 0.5565500000000001 105.34610000000002 -2.0547176872203123 6.8249204614646937 -56.580920703336865 -0.93999999999999984 2.6789500000000004 0.24957974926304913 -1.1249999999999998
decision_type=2 2 2 2 2 2 2 2 2 2
left_child=2 -2 3 4 6 -6 -1 8 -5 -9
right_child=1 -3 -4 7 5 -7 -8 9 -10 -11
leaf_value=0.032645992957769807 -0.032203942992364593 0.0019221932142400122 0.026027475303186661 -0.00083100227631725202 0.020196889806074619 -0.022513360813528088 0.0073903893626800672 -0.014333018501129759 0.021450881001451077 -0.0014018777273441748
leaf_weight=9.8685497120022756 6.5322049632668477 6.4210667908191681 5.6522753573954096 56.228013660758734 4.3535163775086394 10.208573210984467 34.997429084032774 38.614191085100174 16.67560737580061 73.043063707649708
leaf_count=42 39 29 29 256 19 54 163 183 79 343
internal_value=0.000178786 -0.0151723 0.000993086 0.000390421 0.00748695 -0.00948933 0.0130725 -0.00188121 0.00424695 -0.00590949
internal_weight=262.594 12.9533 249.641 243.989 59.4281 14.5621 44.866 184.561 72.9036 111.657
internal_count=1236 68 1168 1139 278 73 205 861 335 526
is_linear=0
shrinkage=0.03


Tree=132
num_leaves=9
num_cat=0
split_feature=41 134 198 68 131 195 156 33
split_gain=3.49146 5.06064 4.00662 6.24878 4.66621 4.73947 4.69792 4.05096
threshold=0.20360000000000003 39.778616969150001 3.2677609781095991 45.842200000000012 69.809271121538487 19.55588997837787 5.9263609427000006 1.0000000180025095e-35
decision_type=2 2 2 2 2 2 2 2
left_child=-1 2 4 7 6 -6 -2 -4
right_child=1 -3 3 -5 5 -7 -8 -9
leaf_value=0.024999014447618647 0.0040780008171948517 -0.030903472637061519 0.040228884432339927 -0.0092700863507222744 -0.0092666426430813888 0.00067442296132551544 0.034677155851645658 0.0072877390505708996
leaf_weight=4.9045244865119448 43.922072906047106 4.6736075095832339 7.1327540203928965 7.3929706141352645 69.254257682710886 112.9494905360043 4.9970611557364455 6.8652976043522358
leaf_count=25 208 23 30 34 331 532 19 34
internal_value=0.000174259 -0.000297018 0.00026959 0.0126688 -0.000870002 -0.00309065 0.00732925 0.0244521
internal_weight=262.092 257.188 252.514 21.391 231.123 182.204 48.9191 13.9981
internal_count=1236 1211 1188 98 1090 863 227 64
is_linear=0
shrinkage=0.03


Tree=133
num_leaves=11
num_cat=0
split_feature=65 65 65 17 41 124 295 296 283 38
split_gain=3.48487 5.0566 5.6199 5.38054 4.9952 5.14321 2.95211 2.59125 2.05822 0.333744
threshold=20250917.500000004 20240176.000000004 20231019.000000004 19.440000000000001 0.23515000000000003 75.577727777777795 0.53020000000000012 0.99870717031589518 0.44000000000000045 1.3364500000000004
decision_type=2 2 2 2 2 2 2 2 2 2
left_child=1 2 4 6 7 -6 8 -1 -3 -2
right_child=9 3 -4 -5 5 -7 -8 -9 -10 -11
leaf_value=0.003714070976694012 -0.031918291998086004 0.031263970487147505 -0.029742678413083905 -0.019562995391956824 -0.003652231159834137 0.0070900787223632331 0.00082879054302125734 0.034926324219126274 0.004714330662048993 -0.0081839753099596357
leaf_weight=4.7967098355293256 3.0938259698450556 12.498259678483018 5.7742490768432608 3.7260012403130522 162.29896979033947 53.08080942928791 6.3722664266824713 5.2691942155361176 3.7236203253269187 1.1996275447309015
leaf_count=21 45 74 37 18 716 234 31 23 20 17
internal_value=0.000170923 0.000634017 -0.000774103 0.0130739 -5.9833e-06 -0.000988782 0.0186507 0.0205307 0.0254197 -0.0263068
internal_weight=261.834 257.54 231.22 26.3201 225.446 215.38 22.5941 10.0659 16.2219 4.29345
internal_count=1236 1174 1031 143 994 950 125 44 94 62
is_linear=0
shrinkage=0.03


Tree=134
num_leaves=17
num_cat=0
split_feature=303 124 15 69 144 194 292 179 13 193 199 61 194 301 203 95
split_gain=3.57024 5.26044 6.1139 5.6082 5.60449 5.48993 5.30289 5.86513 4.73736 4.67775 4.31086 4.14489 4.02481 2.55382 1.69262 1.13924
threshold=0.087141989315513882 75.577727777777795 18.940000000000001 3.5875000000000004 16.678143036600002 1.0361743700100503 0.91906880087260767 -4.0831530486749958 24.675000000000004 30.628693158079034 -9.9552883316278713 4.9500000000000002 17.762582403910766 0.1812070043777361 2.7740375938425852 0.10115000000000002
decision_type=2 2 2 2 2 2 2 2 2 2 2 2 2 2 2 2
left_child=1 3 5 4 8 10 11 -8 -1 -2 -3 -5 -7 14 -11 -4
right_child=9 2 15 6 -6 12 7 -9 -10 13 -12 -13 -14 -15 -16 -17
leaf_value=0.0067210865365057732 0.010614696670041401 -0.038709290371532264 0.01654751284593883 -0.0088704750216673772 -0.026156724363415727 0.015561732699783917 0.018953585723344279 -0.0062017946693435867 -0.023682312999984238 -0.04114269716026666 -0.00089255781396593381 -0.032242424020881143 -0.014236650396072602 -0.0039174813286704385 -0.012986101609160056 0.038869289559203699
leaf_weight=90.94561930373311 5.7704621031880405 3.6362271159887305 4.4210130721330625 21.635123193264011 5.3107272684574118 27.987456675618887 10.400592528283594 40.259427294135094 4.7245626375079146 5.5223701894283277 10.561535913497208 10.35823569819331 4.5882006138563147 5.513068623840808 3.6901510804891586 5.9668721333146095
leaf_count=405 30 19 21 101 25 125 43 193 22 38 50 57 20 34 27 26
internal_value=0.000166338 0.00120257 0.00914805 -0.00125798 0.00346398 0.00442047 -0.00706046 -0.000951083 0.00516516 -0.0118088 -0.0109907 -0.0166078 0.0112422 -0.0208105 -0.030447 0.0299037
internal_weight=261.292 240.796 57.1613 183.634 100.981 46.7734 82.6534 50.66 95.6702 20.4961 14.1978 31.9934 32.5757 14.7256 9.21252 10.3879
internal_count=1236 1107 261 846 452 214 394 236 427 129 69 158 145 99 65 47
is_linear=0
shrinkage=0.03


Tree=135
num_leaves=16
num_cat=0
split_feature=105 48 46 133 130 102 129 16 140 262 297 13 286 294 256
split_gain=3.48023 4.64427 4.74249 4.13972 4.56194 6.75435 5.79922 5.67605 7.27954 5.17538 4.98341 3.70025 4.45327 3.87492 1.22983
threshold=0.55415000000000014 0.4811457983193278 -0.024952772100308798 2.6270313630500004 2.6964500000000005 0.31120000000000009 4.1398099999999998 18.060000000000006 1.0000000180025095e-35 -2.728733797127822 1.0021853084256709 18.375000000000004 1.4027761422394338 1.0093401807146094 -0.093293707487180189
decision_type=2 2 2 2 2 2 2 2 2 2 2 2 2 2 2
left_child=3 2 -2 -1 7 9 -7 8 -5 -6 -9 14 13 -13 -3
right_child=1 11 -4 4 5 6 -8 10 -10 -11 -12 12 -14 -15 -16
leaf_value=0.028698316186574809 0.013635935934699198 0.039791641858153273 -0.031117001541848571 0.0072298831978404284 0.0059292805296785964 -0.019046421485569637 0.0042880441859605989 0.029125165289699124 -0.013128768548768441 -0.017520819546661733 0.003668658836915755 0.033161025827606064 -0.018070582036591024 -0.0027870816830912488 0.018258407717146857
leaf_weight=3.9795455783605567 3.7720855735242367 4.8083190284669399 4.5125720873475057 35.716062191873789 10.107267547398804 11.261150158941744 60.962459057569504 11.890418801456692 28.116902060806751 46.019171968102455 17.20677338540554 5.5276822410523874 4.9260622039437285 4.8861512541770935 6.9945919476449507
leaf_count=16 18 22 24 170 50 54 276 55 138 226 79 25 24 23 36
internal_value=0.000158079 0.00889495 -0.0104631 -0.00120603 -0.00177011 -0.00544239 0.000586935 0.00327 -0.0016972 -0.0132415 0.0142382 0.0149304 0.00491577 0.0161428 0.0275433
internal_weight=260.687 35.4275 8.28466 225.26 221.28 128.35 72.2236 92.9302 63.833 56.1264 29.0972 27.1428 15.3399 10.4138 11.8029
internal_count=1236 172 42 1064 1048 606 330 442 308 276 134 130 72 48 58
is_linear=0
shrinkage=0.03


Tree=136
num_leaves=16
num_cat=0
split_feature=49 65 306 43 200 56 99 178 208 38 310 164 45 295 42
split_gain=3.44836 5.28579 4.45414 5.84372 5.46426 5.5767 6.75585 5.38759 4.95391 5.08673 3.91251 3.33828 3.04147 0.746144 0.430114
threshold=0.67795000000000016 20210712.500000004 0.29199464751051613 0.068350000000000008 0.25172921721653529 14.770000000000001 0.11710000000000001 1.3401821186499998 2.9583366394095667 1.5733500000000002 0.17248058415620068 0.146870207424 0.52239517876832109 -0.20537455412988107 -0.51164999999999994
decision_type=2 2 2 2 2 2 2 2 2 2 2 2 2 2 2
left_child=2 -2 4 10 5 7 -7 -1 9 -5 14 -3 -10 -13 -4
right_child=1 11 3 8 -6 6 -8 -9 12 -11 -12 13 -14 -15 -16
leaf_value=0.0063389129333277028 0.0065088028583069196 -0.0043679932781040837 0.024330331966590311 -0.031790952180703297 0.029043408407549029 -0.014626673463737729 0.0022236770207163794 -0.010695272039055983 0.03039695068274469 0.0077488908870451444 0.0043179660792247859 -0.020362374268544592 -0.0021840612563123678 -0.04367129570028877 0.040796557367128318
leaf_weight=87.967954998835921 8.8024913147091883 5.4139920696616155 4.3289115950465211 6.1339125894010085 5.346701454371213 47.855279188603163 38.160783100873232 20.431347146630287 5.4504053816199285 5.2818997353315353 6.3424197547137728 2.8648678734898567 4.4938234873116016 4.8696474693715572 6.3430087417364129
leaf_count=395 36 28 21 28 22 249 180 100 27 24 30 17 23 28 28
internal_value=0.000156039 -0.0111806 0.00121788 0.0105689 -0.000567837 -0.00141212 -0.00712233 0.00309372 0 -0.0133276 0.0236309 -0.0232092 0.0154997 -0.0357907 0.0346836
internal_weight=260.087 21.951 238.136 38.3744 199.762 194.415 86.0161 108.399 21.36 11.4158 17.0143 13.1485 9.94423 7.73452 10.6719
internal_count=1236 109 1127 181 946 924 429 495 102 52 79 73 50 45 49
is_linear=0
shrinkage=0.03


Tree=137
num_leaves=11
num_cat=0
split_feature=43 258 258 63 308 125 109 298 281 130
split_gain=3.37183 4.40547 5.74823 5.33044 5.50802 5.27584 5.15762 4.66795 3.53879 1.34172
threshold=-0.26059999999999994 0.72575851042959738 0.59476465896514996 0.63280000000000014 0.5458333333333335 105.34610000000002 0.46200000000000008 1.171718275652702 -1.4250000000000005 2.59355
decision_type=2 2 2 2 2 2 2 2 2 2
left_child=8 2 3 5 -5 -2 -3 9 -1 -8
right_child=1 6 -4 4 -6 -7 7 -9 -10 -11
leaf_value=-0.0026213253447577738 0.00091121802045006351 0.014160977556999093 0.027351585340923898 -0.01986754859536179 0.00753887853893862 0.032411271174083975 -0.012980628534395564 0.0073123528855086918 0.033950469680087698 -0.036056003704231267
leaf_weight=4.0277082696557045 186.00287735462189 4.5755403414368656 6.9658622294664374 21.819824827834967 9.189961224794386 4.8229724541306487 3.8217023201286819 3.7996908724308005 5.2230062559246999 9.2492254897952062
leaf_count=20 872 21 30 114 41 22 22 18 25 51
internal_value=0.00015242 -0.000496631 0.000711858 -0.000123086 -0.0116509 0.00173963 -0.0134723 -0.0211828 0.0178487 -0.0296867
internal_weight=259.498 250.248 228.801 221.836 31.0098 190.826 21.4462 16.8706 9.25071 13.0709
internal_count=1236 1191 1079 1049 155 894 112 91 45 73
is_linear=0
shrinkage=0.03


Tree=138
num_leaves=16
num_cat=0
split_feature=303 124 15 255 74 69 144 292 258 71 193 109 176 203 115
split_gain=3.37044 4.78124 5.73274 5.36216 6.79363 5.17308 5.29309 4.87115 5.28413 4.65744 4.40488 3.90947 2.46439 2.98273 1.17725
threshold=0.087141989315513882 75.577727777777795 18.940000000000001 0.018305915860172387 61.810000000000009 3.5875000000000004 16.678143036600002 0.91906880087260767 0.34818588214202112 12.460000000000003 30.628693158079034 0.50600000000000012 -0.35382017124999993 0.66733127577361939 0.35425000000000006
decision_type=2 2 2 2 2 2 2 2 2 2 2 2 2 2 2
left_child=1 5 3 -3 -5 6 9 11 -9 -1 -2 -7 -12 -14 -4
right_child=10 2 14 4 -6 7 -8 8 -10 -11 12 -13 13 -15 -16
leaf_value=0.025521487655648944 0.010252574966291882 0.02572750399021783 0.017281710925302975 -0.0071489812877063201 0.023969190468913906 -0.029726761276569667 -0.025465957930695442 -0.0072238204724677062 0.014095817743203953 0.0028171636517731087 -0.040553326891795555 -0.0076082596074434766 -0.027343558089582318 0.0039595409683204292 0.03975963804330962
leaf_weight=8.953973785042761 5.7261975184083012 8.4049532338976842 5.1170364022254926 30.048441052436829 7.8810589127242556 11.774816356599333 5.2982746362686148 35.600775178521872 14.675939068198202 86.219357825815678 3.9842482767999181 19.817722029983997 5.4842660166323149 5.0527462027966976 5.0936951488256454
leaf_count=40 30 37 24 142 35 66 25 171 65 387 27 92 38 34 23
internal_value=0.000149169 0.00115847 0.00877813 0.00419043 -0.00055828 -0.00119152 0.0033486 -0.00679714 -0.000925369 0.00500924 -0.0115586 -0.0160145 -0.0203759 -0.0121548 0.0290628
internal_weight=259.134 238.886 56.5452 46.3345 37.9295 182.341 100.472 81.8693 50.2767 95.1733 20.2475 31.5925 14.5213 10.537 10.2107
internal_count=1236 1107 261 214 177 846 452 394 236 427 129 158 99 72 47
is_linear=0
shrinkage=0.03


Tree=139
num_leaves=11
num_cat=0
split_feature=65 65 65 17 14 13 49 254 281 68
split_gain=3.34337 4.84613 5.34445 5.05222 4.55732 7.63086 5.40218 2.4336 2.57892 0.297645
threshold=20250917.500000004 20240176.000000004 20231019.000000004 19.440000000000001 23.325000000000003 24.975000000000005 0.54485000000000017 0.24483549392908902 -1.2749999999999992 171.49175000000002
decision_type=2 2 2 2 2 2 2 2 2 2
left_child=1 2 4 7 6 -6 -1 8 -3 -2
right_child=9 3 -4 -5 5 -7 -8 -9 -10 -11
leaf_value=0.0017631963679902642 -0.031643188144725311 0.0073281875018606293 -0.02929091044660842 -0.018824703693677895 0.025784414198466655 -0.011767244174074043 -0.0089238301972458783 -0.0019798397967177805 0.031672804176644316 -0.0081881943380748626
leaf_weight=140.76925823092461 3.0045699551701537 6.5707417055964532 5.669755019247531 3.6915186867117873 14.250371359288694 7.1729624867439261 60.751555748283863 4.0291845500469199 11.515338949859144 1.1383513081818817
leaf_count=614 45 35 37 18 59 34 287 18 72 17
internal_value=0.000145479 0.000597234 -0.000783586 0.0129011 -3.23505e-05 0.0130757 -0.00144652 0.0183927 0.0230822 -0.0262504
internal_weight=258.564 254.421 228.614 25.8068 222.944 21.4233 201.521 22.1153 18.0861 4.14292
internal_count=1236 1174 1031 143 994 93 901 125 107 62
is_linear=0
shrinkage=0.03


Tree=140
num_leaves=20
num_cat=0
split_feature=197 33 62 288 14 195 176 130 74 52 182 72 278 280 70 193 255 274 55
split_gain=3.35524 6.49451 6.10295 5.57996 5.32349 5.31781 5.06013 4.2251 4.26653 4.07694 6.44657 7.23747 7.04685 5.46412 4.96025 3.85329 3.75839 3.48816 3.10425
threshold=32.846452552119267 1.0000000180025095e-35 -0.30461783148696903 0.49487774917665706 18.075000000000003 8.0779013761400353 -0.31085699459999988 1.1674000000000002 14.515000000000002 0.51000000000000012 1.6993966930904409 1.635 -2.4850000000000025 -2.9999999999999987 2.3950000000000005 38.514007090730409 0.17743450177255463 2.1725612231495988 8.1200000000000028
decision_type=2 2 2 2 2 2 2 2 2 2 2 2 2 2 2 2 2 2 2
left_child=5 7 -3 4 -4 17 -5 -2 18 10 11 -7 -12 16 -15 -10 -11 -1 -9
right_child=1 2 3 6 -6 9 -8 8 15 13 12 -13 -14 14 -16 -17 -18 -19 -20
leaf_value=-0.0027673007976114173 -0.012043382799244988 -0.029558347902378032 0 0.0067984913630341438 0.037294862985786568 0.019291266162590484 -0.019919718045386496 0.015102123595166732 0.021615273840377175 -0.0365655567911264 -0.0055764864536598444 -0.015533315987233193 0.013614419817659115 0.038245035009475632 0.0071731238491001209 -0.0084139254788061068 0.0049228714375656318 -0.039911871586523956 0.039998908638515018
leaf_weight=4.2728468179702741 4.7337230890989295 6.4027343541383734 7.816010903567074 12.428790241479872 6.2523798421025276 5.9030116014182559 12.693230994045736 10.418951645493509 7.0274011120200148 3.6990576386451712 41.902077250182629 47.0300307366997 28.98553578928113 5.6351722292602053 26.562227390706539 8.0982876513153297 3.8029241524636745 5.309972669929266 9.012271046638487
leaf_count=20 23 33 38 57 27 32 65 48 31 22 209 227 131 25 125 40 18 28 37
internal_value=0.000139735 0.00503291 -0.00261506 0.00177448 0.0168954 -0.00224391 -0.00660774 0.0139679 0.0176421 -0.000945049 -0.00364363 -0.0115641 0.00223643 0.00738434 0.0128058 0.00539095 -0.0153514 -0.0238591 0.0269486
internal_weight=257.987 84.8838 45.5931 39.1904 14.0684 173.103 25.122 39.2906 34.5569 163.52 123.821 52.933 70.8876 39.6994 32.1974 15.1257 7.50198 9.58282 19.4312
internal_count=1236 399 220 187 65 837 122 179 156 789 599 259 340 190 150 71 40 48 85
is_linear=0
shrinkage=0.03


Tree=141
num_leaves=10
num_cat=0
split_feature=41 136 197 33 195 194 106 162 0
split_gain=3.27804 4.29947 3.67324 6.27904 5.20156 4.92024 4.15562 3.22615 3.22121
threshold=0.20360000000000003 39.921266969150004 32.846452552119267 1.0000000180025095e-35 8.0779013761400353 21.88544402350287 0.22625000000000003 0.74215873390000009 58.225000000000009
decision_type=2 2 2 2 2 2 2 2 2
left_child=-1 2 4 8 7 -6 -5 -2 -4
right_child=1 -3 3 6 5 -7 -8 -9 -10
leaf_value=0.024525559621502633 -0.0013819618973490645 -0.029263257288491121 0.037985162974869438 0.021601858958057642 0.00037308538818529537 -0.020712329975824395 -0.0063744509720322648 -0.038781943385915417 0.010876333250125358
leaf_weight=4.769426427781581 3.6144034564495069 4.438027210533618 4.5513400249183169 5.393408238887786 149.32853262871504 10.555857904255388 35.524098690599203 5.4188516847789288 33.686568457633257
leaf_count=25 18 22 21 27 721 50 171 28 153
internal_value=0.000136936 -0.000321367 0.000195898 0.00553577 -0.00229043 -0.00101234 -0.00257003 -0.0243248 0.0142719
internal_weight=257.281 252.511 248.073 79.1554 168.918 159.884 40.9175 9.03326 38.2379
internal_count=1236 1211 1189 372 817 771 198 46 174
is_linear=0
shrinkage=0.03


Tree=142
num_leaves=16
num_cat=0
split_feature=105 123 311 125 93 311 266 102 71 183 310 94 294 195 289
split_gain=3.30453 4.12615 4.05483 7.96924 6.87644 7.45308 6.75833 5.55203 10.2345 5.74329 5.03826 3.68804 3.13277 2.95669 3.0841
threshold=0.56250000000000011 8.5000000000000018 0.90081230958738434 17.109225000000002 7675.9500000000007 1.1118182608657612 1.3882817778802672 0.31565000000000004 26.365000000000006 0.67368706273586809 0.1432142585190147 0.21505000000000005 0.80431597538455657 16.92986945212002 0.89946568421743212
decision_type=2 2 2 2 2 2 2 2 2 2 2 2 2 2 2
left_child=2 -2 6 -4 5 -5 7 9 -9 -1 -6 -3 -8 -13 -15
right_child=1 11 3 4 10 -7 12 8 -10 -11 -12 13 -14 14 -16
leaf_value=0.017179985052899267 0.032556557243310254 0.026922168878000131 0.022839833340028638 -0.018119658175075076 0 0 -0.037850917492695549 -0.015673183187792206 0.020599402174101802 -0.0052191123821109684 0.034565310197721522 -0.025925592570262182 -0.0038126361161038495 0.024656359947578151 -0.0085769366936531682
leaf_weight=12.931890327483414 5.7974038645625141 4.4940685629844692 8.4833194203674775 52.070739828050137 17.702636394649748 33.726612942293286 4.7338981926441175 8.5547476597130281 35.269835848361254 48.95729237049818 4.7682044804096213 3.8899474404752246 5.3943453654646873 4.0286934673786146 6.1776113845407963
leaf_count=58 26 23 38 271 89 160 24 39 156 235 20 21 27 18 31
internal_value=0.000132663 0.0106256 -0.00095873 -0.00491202 -0.00713326 -0.0110145 0.00300052 0.00527155 0.013431 -0.000470209 0.00753624 0.00348824 -0.0202298 -0.00390849 0.00436198
internal_weight=256.981 24.3877 232.594 116.752 108.268 85.7974 115.842 105.714 43.8246 61.8892 22.4708 18.5903 10.1282 14.0963 10.2063
internal_count=1236 119 1117 578 540 431 539 488 195 293 109 93 51 70 49
is_linear=0
shrinkage=0.03


Tree=143
num_leaves=11
num_cat=0
split_feature=49 52 296 105 200 280 106 112 15 134
split_gain=3.3078 5.95018 4.26565 4.12027 5.56965 4.80558 3.72476 3.68332 3.47241 2.78287
threshold=0.67795000000000016 0.52505220883534143 1.2026577011708783 0.55415000000000014 0.24906744335939415 -3.6000000000000001 0.23755000000000001 7365.8000000000011 14.56 1.0138745880000002
decision_type=2 2 2 2 2 2 2 2 2 2
left_child=2 8 3 4 7 -5 -7 -1 -2 -10
right_child=1 -3 -4 5 -6 6 -8 -9 9 -11
leaf_value=-0.0027791792033358847 0.0012363910737464949 0.014400979583937303 -0.02282954816635217 -0.018167383612389704 0.028375477080689594 -0.018294157773850253 0.020210509688113627 0.0074285089051909798 -0.010880164361236863 -0.042182063477730534
leaf_weight=151.52756405062973 4.4202044960111406 5.8129714205861083 6.3602870143949977 3.9401247687637833 6.0495934449136248 2.3315162807703045 24.435337468981743 40.104924153536558 4.8021938279271108 6.5473297461867332
leaf_count=726 24 26 34 21 25 12 120 189 24 35
internal_value=0.000129749 -0.0110684 0.00117635 0.00186771 0.000261703 0.0120749 0.0166893 -0.000624503 -0.0206775 -0.0294104
internal_weight=256.332 21.5827 234.749 228.389 197.682 30.707 26.7669 191.632 15.7697 11.3495
internal_count=1236 109 1127 1093 940 153 132 915 83 59
is_linear=0
shrinkage=0.03


Tree=144
num_leaves=13
num_cat=0
split_feature=303 125 193 179 58 170 96 158 151 190 301 203
split_gain=3.23344 4.48584 4.1208 3.66192 6.60589 6.17864 5.96561 7.02812 4.82085 3.88492 2.35869 1.5245
threshold=0.087141989315513882 105.34610000000002 30.628693158079034 -0.92456176547499958 5.7300000000000013 1.4563053582500001 -0.04084999999999999 0.90852941495000006 7.7159495327500016 0.66598346165680744 0.1812070043777361 2.7740375938425852
decision_type=2 2 2 2 2 2 2 2 2 2 2 2
left_child=1 3 -2 4 9 -6 8 -8 -5 -1 11 -4
right_child=2 -3 10 6 5 -7 7 -9 -10 -11 -12 -13
leaf_value=-0.0033380328932078006 0.0097011058143253344 0.027033223918916081 -0.04008952142734603 -0.029257148614493234 -0.0080521684757258218 0.0048952202198741766 0.01806301622142998 -0.0067834774371146956 0.0028711032221659036 0.032047615255857094 -0.0036679390165821348 -0.012686140095241338
leaf_weight=4.1152727231383306 5.6600457802414921 5.7648585364222518 5.2629995383322221 6.4190341159701374 99.914393106475472 49.252007115632296 37.899851858615875 13.760692112147806 11.39661208167672 7.6417095959186554 5.3543291501700869 3.5604707859456539
leaf_count=21 30 27 38 33 480 218 167 65 57 39 34 27
internal_value=0.00012463 0.0011152 -0.0114639 0.000442242 -0.00202897 -0.00375666 0.00620396 0.0113864 -0.00863605 0.0194849 -0.0201322 -0.0296339
internal_weight=256.002 236.164 19.8378 230.4 160.923 149.166 69.4762 51.6605 17.8156 11.757 14.1778 8.82347
internal_count=1236 1107 129 1080 758 698 322 232 90 60 99 65
is_linear=0
shrinkage=0.03


Tree=145
num_leaves=12
num_cat=0
split_feature=65 65 65 41 299 281 279 99 39 256 39
split_gain=3.20285 4.49992 5.02217 4.54116 4.54315 4.06004 3.90452 2.66908 2.49284 0.818612 0.234816
threshold=20250917.500000004 20240176.000000004 20231019.000000004 0.23515000000000003 0.81179943076004091 -1.2749999999999992 -8.4650000000000016 0.77540000000000009 0.0045000000000000014 -0.1023413832751517 0.1057
decision_type=2 2 2 2 2 2 2 2 2 2 2
left_child=1 2 3 8 -5 6 -3 9 -1 -7 -2
right_child=10 5 -4 4 -6 7 -8 -9 -10 -11 -12
leaf_value=0.0031933290052967608 -0.031438038214616729 0.015374767762449438 -0.028785658819209709 0.010729951164192829 -0.0026515199907653237 0.016697739441717759 -0.022078598554193415 0 0.034197944468191716 0.035599861920171193 -0.0095472259765066875
leaf_weight=4.7029580622911435 2.8351501505821934 5.1083288565278053 5.5161544308066359 25.906962379813194 184.91073706746101 4.3154689073562613 4.6897800453007239 3.7752839848399153 5.095307357609272 7.4000309295952311 1.1862275414168832
leaf_count=21 44 27 37 117 833 26 23 21 23 46 18
internal_value=0.000120406 0.000561878 -0.000769849 -4.30416e-05 -0.000988567 0.0125444 -0.00229082 0.0220748 0.0198021 0.0290913 -0.0260969
internal_weight=255.442 251.421 226.132 220.616 210.818 25.2889 9.79811 15.4908 9.79827 11.7155 4.02138
internal_count=1236 1174 1031 994 950 143 50 93 44 72 62
is_linear=0
shrinkage=0.03


Tree=146
num_leaves=18
num_cat=0
split_feature=284 197 33 62 195 194 311 128 71 284 203 167 59 268 127 277 0
split_gain=3.1362 4.40609 6.34677 7.13082 4.99392 6.00678 5.76015 5.60789 5.32646 5.08991 4.35657 3.94703 3.88031 3.84708 3.38787 3.3144 1.14691
threshold=-6.2449999999999992 32.846452552119267 1.0000000180025095e-35 -0.30461783148696903 20.864122495568029 21.88544402350287 0.88276407725749595 2.1804000000000001 33.095000000000006 3.1900000000000008 81.041000371281513 0.81282875175000024 15.225000000000003 -0.059810699156418394 2.0606488636363642 -5.2749999999999977 69.260000000000005
decision_type=2 2 2 2 2 2 2 2 2 2 2 2 2 2 2 2 2
left_child=14 4 11 -4 7 6 -6 8 -2 -9 -5 12 -3 -7 -1 16 -16
right_child=1 2 3 10 5 13 -8 9 -10 -11 -12 -13 -14 -15 15 -17 -18
leaf_value=0.0096935348241953701 -0.0053796873531472512 0.032144016223496337 -0.031914915004139933 0.0083259430018815736 0.01256548546682726 0.0020960469373301725 -0.0022813035483442668 -0.019705444003185843 0.030684725028818093 0.010643462481301713 -0.020919228262633521 -0.0062114789059849471 0.0098965179554067334 -0.034574664962119868 -0.041489374610290876 0.0008971749735467425 -0.016590752948974823
leaf_weight=4.4100765362381962 12.443003043532373 14.120203696191313 5.6730600073933592 30.971288748085499 43.087752785533667 4.1368847861886024 50.996254179626703 33.611536201089621 5.0764981359243384 5.6324900835752478 5.2418243922293177 5.6160717830061904 15.296856412664054 6.0934023559093458 4.6435268484055996 4.1626373417675469 3.7169036269187927
leaf_count=20 63 62 29 147 200 19 253 168 23 26 28 26 73 31 27 22 19
internal_value=0.000117672 0.0010189 0.00692902 -0.000888287 -0.00178728 0.00208645 0.00449237 -0.00894994 0.00501501 -0.0152574 0.00396416 0.0163368 0.0207497 -0.0195787 -0.0123047 -0.0203046 -0.0311014
internal_weight=254.93 237.997 76.9193 41.8862 161.078 104.314 94.084 56.7635 17.5195 39.244 36.2131 35.0331 29.4171 10.2303 16.9331 12.5231 8.36043
internal_count=1236 1148 365 204 783 503 453 280 86 194 175 161 135 50 88 68 46
is_linear=0
shrinkage=0.03


Tree=147
num_leaves=16
num_cat=0
split_feature=49 52 306 43 131 287 262 99 48 310 281 94 22 62 296
split_gain=3.12196 5.7134 4.26329 5.40701 4.88387 4.95593 6.47568 4.8085 4.39398 3.72992 3.69318 3.40999 1.68897 1.34148 0.414155
threshold=0.67795000000000016 0.52505220883534143 0.29199464751051613 0.068350000000000008 881.21533591583341 2.4606954606246565 3.6372137191178919 -0.10279999999999999 0.47699579831932776 0.17248058415620068 -1.7249999999999994 0.24310000000000001 -1.0599999999999998 -0.22499999999999998 0.99054791044080415
decision_type=2 2 2 2 2 2 2 2 2 2 2 2 2 2 2
left_child=2 11 4 9 5 7 -7 -1 -5 14 -10 -2 -13 -14 -4
right_child=1 -3 3 8 -6 6 -8 -9 10 -11 -12 12 13 -15 -16
leaf_value=-0.0061936260838176766 0.0015347149693327939 0.014186929772986388 0.02374518810636787 -0.023094347164662129 0.028721152695010941 -0.024017149114709049 0.019446279094118845 0.0041614543229476723 -0.010195958834808026 0.0039973065524443029 0.019555439322703011 -0.0060969561213521659 -0.015642533463391905 -0.043881240618578898 0.040173463385439916
leaf_weight=64.941838892176747 4.3597701340913799 5.7733717523515216 4.2111518830060977 5.3036775738000896 4.8631967827677718 15.911928011104466 3.6651563569903365 106.16761276125908 5.8301709406077871 6.1574261859059325 9.784839622676369 2.5978724211454383 2.7614782117307177 5.8511980716139069 6.1724333316087723
leaf_count=324 21 26 22 28 22 93 17 490 28 30 46 14 15 33 27
internal_value=0.000113242 -0.0108277 0.00113252 0.0103944 -0.000630774 -0.00140974 -0.0156701 0.000212506 9.72562e-05 0.0231577 0.00826208 -0.0203258 -0.0290309 -0.0354549 0.034087
internal_weight=254.353 21.3437 233.009 37.4597 195.55 190.687 19.5771 171.109 20.9187 16.541 15.615 15.5703 11.2105 8.61268 10.3836
internal_count=1236 109 1127 181 946 924 110 814 102 79 74 83 62 48 49
is_linear=0
shrinkage=0.03


Tree=148
num_leaves=12
num_cat=0
split_feature=58 306 103 186 182 193 189 17 176 282 201
split_gain=3.10268 3.65006 5.31594 4.77076 5.87187 5.76398 3.99426 4.04285 3.91277 3.77861 2.56219
threshold=3.7150000000000003 0.15222783793632869 -0.23854999999999996 0.35588039027488372 7.0838719804112253 4381.9983379593987 6.1318813674891581 14.815000000000003 -0.0054233077500000027 -4.0499999999999989 4.7408329674371057
decision_type=2 2 2 2 2 2 2 2 2 2 2
left_child=-1 2 -2 8 5 -5 7 -4 10 -10 -3
right_child=1 3 6 4 -6 -7 -8 -9 9 -11 -12
leaf_value=0.02349977149953077 0.01408106561015072 -0.01484355519789583 -0.0067756954481227741 0.0022459388182386728 -0.033191251265296901 0.033960988407455553 0.0077858863861115912 -0.035981321908800094 -0.046108372503231521 -0.0099849547251139245 0.017072815033724129
leaf_weight=4.9076863378286353 6.0497961863875416 4.1306269392371195 7.8991044349968496 190.88729720190167 3.9802716299891463 5.221217229962348 4.3951453156769267 10.154207102954386 4.3897355943918228 7.0749548152089101 4.7169410586357117
leaf_count=27 31 21 43 906 22 22 22 67 21 33 21
internal_value=0.000110788 -0.00034759 -0.01044 0.000947911 0.00236892 0.00312249 -0.0172145 -0.0234756 -0.0128459 -0.0243548 0.0018375
internal_weight=253.807 248.899 28.4983 220.401 200.089 196.109 22.4485 18.0533 20.3123 11.4647 8.84757
internal_count=1236 1209 163 1046 950 928 132 110 96 54 42
is_linear=0
shrinkage=0.03


Tree=149
num_leaves=9
num_cat=0
split_feature=296 308 258 142 70 167 0 208
split_gain=3.10967 5.91422 3.51373 3.85654 5.03575 8.70879 6.47469 1.78283
threshold=1.1552604006831293 0.5458333333333335 1.8775807951142154 2.4062547741000002 10.430450000000002 0.34767734885000007 80.265000000000015 -1.3747453988820404
decision_type=2 2 2 2 2 2 2 2
left_child=2 7 3 -1 6 -6 -5 -2
right_child=1 -3 -4 4 5 -7 -8 -9
leaf_value=0.027361984699512319 -0.010473876177358345 0.015766355962592633 -0.024953363559504869 0.001671798177014268 -0.018868452827687773 0.014175129182693161 0.032001143720802948 -0.039884046846659901
leaf_weight=4.9446149580180636 3.5685216821730128 3.8332094401121131 4.537133276462554 189.77467701211572 25.462304141372442 9.7957159206271154 6.4731426313519469 5.0322139784693709
leaf_count=23 22 17 25 909 138 44 29 29
internal_value=0.000106287 -0.0144491 0.000875411 0.00139405 0.000814885 -0.009589 0.00270327 -0.0282869
internal_weight=253.422 12.4339 240.988 236.45 231.506 35.258 196.248 8.60074
internal_count=1236 68 1168 1143 1120 182 938 51
is_linear=0
shrinkage=0.03


Tree=150
num_leaves=17
num_cat=0
split_feature=105 123 94 18 71 262 64 287 195 102 10 111 142 46 295 206
split_gain=3.03585 4.38672 5.13754 4.49252 3.699 5.10815 4.65969 7.30423 8.63214 6.51027 6.50725 5.40213 4.51012 3.37708 2.8762 2.56921
threshold=0.55415000000000014 8.5000000000000018 0.21400000000000005 15.685 12.460000000000003 -0.70226466349629357 331.50000000000006 1.2665333740333742 18.694681702756565 0.32185000000000002 15.750000000000002 7531.2300000000005 27.585344348700001 -0.11129999999999998 -0.10579999999999998 10.356436902313282
decision_type=2 2 2 2 2 2 2 2 2 2 2 2 2 2 2 2
left_child=4 -2 -3 15 5 -1 7 8 -6 -9 12 -12 -8 -5 -7 -4
right_child=1 2 3 13 6 14 10 9 -10 -11 11 -13 -14 -15 -16 -17
leaf_value=0.039350491913612125 0.028133391846494247 0.026927493616063055 -0.0067227648190158413 0.0067553012454413487 -0.0029386414793553892 0.017886881036096987 -0.01012192949828032 -0.02043365098864694 0.02751832833261366 0.0070286974309373305 -0.005950485789257793 0.0093044902702365054 -0.040505729338006613 -0.026911175428893774 -0.016666697295259738 0.026189334938977554
leaf_weight=4.585111614316701 7.7628211230039588 5.8873481675982502 3.5094436109066027 3.6927257589995888 14.640376448631285 4.1590839363634577 12.82977891713381 14.670892778784038 18.922558728605509 16.098352333530784 95.296788930892944 26.545315865427256 6.995380386710166 8.3566791452467388 4.3133075237274161 4.8143609128892422
leaf_count=22 38 30 16 18 71 20 68 78 84 78 460 124 39 45 20 25
internal_value=0.000102965 0.00843739 0.00241666 -0.00461675 -0.00118109 0.0142115 -0.00217774 0.00448817 0.0141744 -0.00599205 -0.00522698 -0.00259743 -0.021143 -0.016376 0 0.0120419
internal_weight=253.08 34.0234 26.2606 20.3732 219.057 13.0575 205.999 64.3322 33.5629 30.7692 141.667 121.842 19.8252 12.0494 8.47239 8.3238
internal_count=1236 172 134 104 1064 62 1002 311 155 156 691 584 107 63 40 41
is_linear=0
shrinkage=0.03


Tree=151
num_leaves=15
num_cat=0
split_feature=131 277 95 305 196 38 186 194 94 171 270 203 156 291
split_gain=3.07444 4.65104 4.91583 6.53758 4.43275 4.42166 4.46764 6.43356 4.46014 4.41793 4.28331 4.83834 2.70875 2.04123
threshold=69.809271121538487 -16.135000000000002 -0.43874999999999992 -0.13767711962833909 39.001321956402016 -0.64829999999999999 0.80958797990310016 9.5460152695082936 0.25560000000000005 0.42671643640000007 1.8382323176081725 238.89442471150457 1.1825965760000001 1.0865140648239533
decision_type=2 2 2 2 2 2 2 2 2 2 2 2 2 2
left_child=5 -2 3 -3 -5 12 9 8 -8 -7 11 -4 -1 -11
right_child=1 2 10 4 -6 6 7 -9 -10 13 -12 -13 -14 -15
leaf_value=0.036564840932941017 -0.039358776213986368 0.018169721517110365 0.0016850747147084547 -0.024524933984628666 -0.0053165667312762444 0.016815384250114973 0.016208156241250743 0.036626551383297228 -0.010990054114099994 -0.0018714064488244424 0.022541959995744966 -0.027794905015778401 0.0044333210075518104 -0.030352201366629503
leaf_weight=6.1917432099580747 2.7945579998195162 6.8580195084214202 130.74142256379128 18.030127469450235 28.303235657513142 3.5682202354073516 9.9614334478974396 5.9466106407344332 11.623199664056299 3.6708798259496671 8.3815911486744863 5.1060217060148707 4.1997329741716385 7.0736122690141201
leaf_count=27 16 33 622 100 150 19 46 26 58 18 38 26 21 36
internal_value=0.000101105 -0.00157842 -0.00100878 -0.00880485 -0.0128926 0.00658664 0.00213609 0.0092542 0.00144059 -0.011317 0.00184972 0.00053533 0.0240308 -0.0210053
internal_weight=252.45 200.215 197.42 53.1914 46.3334 52.2354 41.844 27.5312 21.5846 14.3127 144.229 135.847 10.3915 10.7445
internal_count=1236 985 969 283 250 251 203 130 104 73 686 648 48 54
is_linear=0
shrinkage=0.03


Tree=152
num_leaves=11
num_cat=0
split_feature=65 65 65 17 41 311 295 38 18 125
split_gain=3.02558 4.32451 4.65898 4.60278 4.22963 4.64943 2.67073 2.38841 2.1318 0.256312
threshold=20250917.500000004 20240176.000000004 20231019.000000004 19.440000000000001 0.23515000000000003 1.1162619516581602 0.53020000000000012 0.062550000000000008 14.06 78.440525000000022
decision_type=2 2 2 2 2 2 2 2 2 2
left_child=1 2 4 6 7 -6 8 -1 -3 -2
right_child=9 3 -4 -5 5 -7 -8 -9 -10 -11
leaf_value=0.00291155426004212 -0.031147845043761852 0.0068471031594146544 -0.028246352656874255 -0.018162451622362148 -0.0031171434038546552 0.0085143893142170697 0.00045218117139930123 0.033567171692076 0.032162957574164028 -0.0082146332179216137
leaf_weight=4.6332017853856069 2.792926255613565 4.747097857296473 5.3249941095709792 3.6079583168029776 170.72369422763586 37.601774282753468 6.0691142827272406 4.9669249504804611 10.376188926398752 1.0942275151610372
leaf_count=21 46 27 37 18 781 169 31 23 67 16
internal_value=9.84448e-05 0.000526818 -0.000782838 0.0123925 -8.53618e-05 -0.00100023 0.0177962 0.019264 0.0245107 -0.0258125
internal_weight=251.938 248.051 223.251 24.8004 217.926 208.325 21.1924 9.60013 15.1233 3.88715
internal_count=1236 1174 1031 143 994 950 125 44 94 62
is_linear=0
shrinkage=0.03


Tree=153
num_leaves=14
num_cat=0
split_feature=43 41 308 191 42 42 259 208 13 289 280 14 290
split_gain=3.01871 4.28407 5.36864 5.17475 4.93241 7.85824 6.27575 6.08429 5.87281 4.52897 3.72056 3.29396 4.38293
threshold=-0.26059999999999994 0.63675000000000015 0.5458333333333335 5.088696745489762 0.77575000000000005 0.6039500000000001 1.7976484362118217 8.2487160938261486 24.675000000000004 1.1271277617838422 -1.4250000000000005 22.875000000000004 0.93095956335785301
decision_type=2 2 2 2 2 2 2 2 2 2 2 2 2
left_child=10 4 11 -4 5 8 9 -7 -2 -6 -1 12 -3
right_child=1 2 3 -5 6 7 -8 -9 -10 -11 -12 -13 -14
leaf_value=-0.0054367914453610647 0.0022581102889785002 0.008253320663407962 -0.015248933330484478 0.027542870325024438 0.022578306231856759 -0.040130379498220736 -0.021387123691033773 0.003565152954012061 -0.018959533256749962 0.0027427244097701399 0.033157678087894792 0.0057289883525080644 -0.030176533314217879
leaf_weight=3.6283584237098694 137.42920722998679 3.0242732502520147 4.5946448035538179 5.347505621612072 22.509125061333179 7.8478196635842306 5.1019518598914138 4.276576079428196 12.729613915085791 19.884936470538378 5.2579606547951681 3.8948433324694625 15.85184336081147
leaf_count=18 669 15 23 24 97 39 29 24 63 99 27 18 91
internal_value=9.5994e-05 -0.000524529 -0.0106131 0.00751349 0.0010387 -0.00143508 0.00953933 -0.0245694 0.000428012 0.0133734 0.0171803 -0.0186568 -0.0238503
internal_weight=251.379 242.492 32.7131 9.94215 209.779 162.283 47.496 12.1244 150.159 42.3941 8.88632 22.771 18.8761
internal_count=1236 1191 171 47 1020 795 225 63 732 196 45 124 106
is_linear=0
shrinkage=0.03


Tree=154
num_leaves=8
num_cat=0
split_feature=41 136 263 280 171 158 93
split_gain=2.92877 4.13061 3.43577 4.00686 5.53187 5.49746 2.53783
threshold=0.20360000000000003 39.921266969150004 -4.4633185101721802 -0.37499999999999994 7.2460750608000017 -0.21313016670000007 3968.5200000000004
decision_type=2 2 2 2 2 2 2
left_child=-1 2 6 4 -4 -5 -2
right_child=1 -3 3 5 -6 -7 -8
leaf_value=0.023765181380676174 -0.035954918399277502 -0.029025445931025063 -0.0041036940091014693 -0.003263239917226378 0.026296559750897414 0.010602193703634757 -0.0012383292247178856
leaf_weight=4.5208858288824549 3.9298787266015998 4.3374060168862334 121.53561097197235 42.060484874993563 5.5181569792330256 65.003126248717308 3.9444245547056198
leaf_count=25 22 22 596 208 24 317 22
internal_value=9.30674e-05 -0.000338681 0.000174879 0.000846389 -0.00274012 0.00512913 -0.0191744
internal_weight=250.85 246.329 241.992 234.117 127.054 107.064 7.8743
internal_count=1236 1211 1189 1145 620 525 44
is_linear=0
shrinkage=0.03


Tree=155
num_leaves=16
num_cat=0
split_feature=131 38 96 305 165 193 174 204 280 46 299 188 107 72 156
split_gain=2.90927 4.2275 4.22092 5.90025 4.2448 6.36258 4.2121 3.92963 4.36918 5.51853 5.0745 3.91788 5.68872 3.48653 2.57708
threshold=69.809271121538487 -0.64829999999999999 -0.035549999999999991 -0.13767711962833909 0.11591807840000001 58.940984798563136 0.14231040300000003 238.89442471150457 -3.6750000000000003 0.061550000000000014 0.79024173475611958 5.1705130801812098 0.26230000000000003 2.5950000000000002 1.1825965760000001
decision_type=2 2 2 2 2 2 2 2 2 2 2 2 2 2 2
left_child=1 14 3 -2 -5 -6 -3 8 9 -4 -10 12 -8 -13 -1
right_child=2 6 7 4 5 -7 11 -9 10 -11 -12 13 -14 -15 -16
leaf_value=0.036000327718237184 0.016593013137988506 -0.0236762829664992 -0.030103292398935718 0.017461700149767313 0.00053046683204936522 -0.023835257148135822 -0.0075553913262897026 -0.023512897323369281 0.025784531424641294 0.0064764150550535278 0.0021988460779665325 0.036243474006136679 0.028921980023569674 0.002022964698172139 0.0044420639261486409
leaf_weight=6.0778222233057004 6.9504651799798003 4.892264910042285 7.9705277234315854 3.6716268919408312 14.362134467810391 27.83645411580801 20.832901686429981 5.5116402432322493 8.779077008366583 6.6141224727034569 117.21982490830123 5.8362071514129621 4.6090017706155768 5.2649694792926311 4.1686732694506645
leaf_count=27 34 26 41 17 74 159 102 28 40 34 558 25 25 25 21
internal_value=8.91596e-05 0.00643481 -0.00154688 -0.00881231 -0.0127548 -0.0154899 0.0020667 0.00106364 0.00206453 -0.013379 0.00388513 0.00565016 -0.000742412 0.0204445 0.0236182
internal_weight=250.598 51.6818 198.916 52.8207 45.8702 42.1986 41.4353 146.095 140.584 14.5847 125.999 36.5431 25.4419 11.1012 10.2465
internal_count=1236 251 985 284 250 233 203 701 673 75 598 177 127 50 48
is_linear=0
shrinkage=0.03


Tree=156
num_leaves=19
num_cat=0
split_feature=306 99 64 123 174 0 38 65 270 276 202 99 38 95 149 283 260 50
split_gain=2.89022 4.63761 5.99759 6.3109 5.01969 4.89918 4.93717 8.03504 4.69023 5.74361 4.61412 4.12654 4.04634 3.9275 3.82572 3.28866 1.98998 1.91847
threshold=0.2940517751148885 -0.20889999999999997 333.50000000000006 10.500000000000002 0.98990397140000008 80.265000000000015 1.5733500000000002 20210809.000000004 0.32220365791695288 0.11149029621861663 -95.771519479790825 0.72355000000000014 2.0898000000000008 -0.38219999999999993 0.73478823860000009 -4.8749999999999991 -0.91142040364843779 -0.22989999999999997
decision_type=2 2 2 2 2 2 2 2 2 2 2 2 2 2 2 2 2 2
left_child=1 2 3 4 -1 6 10 -8 17 -10 -3 14 -13 -5 15 -2 -17 -4
right_child=11 5 8 13 -6 -7 7 -9 9 -11 -12 12 -14 -15 -16 16 -18 -19
leaf_value=0.028423201717486777 -0.0083858621343271648 -0.011095509430609172 -0.0080573275793615236 -0.02277599458312143 -0.0086756829332216533 0.028954604087310421 0.0086192755092182032 -0.021678045087126341 0.019568887123081698 -0.029633002832344449 0.0061160708315930006 -0.020946927462341239 0.010835078137281014 0.00067997552915873211 -0.0091827027997896504 0.037905124807281095 0.016578125198894379 -0.038162138507738794
leaf_weight=8.8399336971342546 3.2287777215242413 16.340504590421915 2.7328718900680533 11.821439370512962 4.9657522998750201 5.5281553305685511 12.730294995009897 19.954214964061975 4.4685643985867483 3.8828995451331139 92.048995926976204 7.5374796092510206 6.6148831993341446 13.404282130300999 5.149753473699092 6.1758367419242921 14.206319607794283 10.373951550573112
leaf_count=41 15 81 17 67 29 25 53 112 19 23 437 37 31 64 27 27 73 58
internal_value=8.93756e-05 -0.00136761 -0.00835694 -0.00125698 0.014897 0.00149955 0.000382689 -0.00979573 -0.0210665 -0.00303185 0.00348581 0.00717715 -0.00590958 -0.0102402 0.0137189 0.0188581 0.0233402 -0.0322208
internal_weight=250.005 207.092 60.4897 39.0314 13.8057 146.602 141.074 32.6845 21.4583 8.35146 108.39 42.9131 14.1524 25.2257 28.7607 23.6109 20.3822 13.1068
internal_count=1236 1026 318 201 70 708 683 165 117 42 518 210 68 131 142 115 100 75
is_linear=0
shrinkage=0.03


Tree=157
num_leaves=9
num_cat=0
split_feature=303 125 103 98 49 195 45 192
split_gain=2.88972 3.9482 3.50575 5.68285 3.51207 3.8511 3.12038 2.88595
threshold=0.30622850432010745 105.34610000000002 0.9769000000000001 0.41820000000000007 0.67795000000000016 19.437346754029125 0.70290000000000008 23.480797017325816
decision_type=2 2 2 2 2 2 2 2
left_child=1 2 4 -4 5 -1 -6 -2
right_child=7 -3 3 -5 6 -7 -8 -9
leaf_value=-0.0044082534072906136 0.0041721623486181501 0.02500394894058109 0.035140058808182099 -0.0048227051494042208 -0.027338526306088372 0.0038336806734664019 -0.0018772755132831791 -0.037418200742416113
leaf_weight=90.149165567010641 2.3315102346241465 5.724966272711753 6.3470770940184575 6.0954353213310242 8.0445789359509963 117.18007142469287 9.8780127167701703 3.520569259300828
leaf_count=446 14 30 28 28 43 568 49 30
internal_value=8.56932e-05 0.000602416 0 0.0154412 -0.000854748 0.000235132 -0.0135603 -0.0205526
internal_weight=249.271 243.419 237.694 12.4425 225.252 207.329 17.9226 5.85208
internal_count=1236 1192 1162 56 1106 1014 92 44
is_linear=0
shrinkage=0.03


Tree=158
num_leaves=21
num_cat=0
split_feature=130 125 200 125 274 199 94 194 130 138 83 131 59 278 278 146 69 37 203 293
split_gain=2.88422 5.29469 7.52283 5.20323 6.17048 4.83045 5.32468 4.85314 4.79301 6.93424 7.28538 6.68962 5.18738 5.71028 4.08152 4.9867 4.39362 3.7479 2.58184 1.53427
threshold=2.6964500000000005 45.768200000000007 0.20240372197112375 42.109300000000005 1.2637627213771825 40.919970199819751 0.55270000000000008 4.4134099111670233 1.8421000000000003 1.5004643932500004 19922274.935000006 384.80570671125008 35.930000000000007 -10.625000000000002 -2.5399999999999987 0.52436509204400006 3.2800500000000006 0.36010000000000003 17.1721126940426 0.84174467727436497
decision_type=2 2 2 2 2 2 2 2 2 2 2 2 2 2 2 2 2 2 2 2
left_child=8 2 3 4 -2 6 7 -3 11 10 -10 14 13 -11 16 -16 -1 -12 -7 -5
right_child=1 5 -4 19 -6 18 -8 -9 9 12 17 -13 -14 -15 15 -17 -18 -19 -20 -21
leaf_value=-0.0056107287333492179 0.02255117027033034 0.00056229661719266492 0.027872138050869577 -0.01451714452333955 -0.010612275694943879 -0.037507342145545311 -0.022942726364914075 0.01758060387147125 0.018532812812885352 -0.0099002157813513382 -0.0014194920188353515 0.024499463958792649 -0.011444596470993669 0.027974307379806985 0.022349493797774192 -0.0093659139903549127 -0.032323847616954345 -0.039787620233721524 -0.0022055484693371233 -0.042247675899194953
leaf_weight=17.121366754174236 5.4183952491730443 34.226969473063946 4.7079807817935935 3.4610388800501806 54.682992469519377 3.5798782277852288 5.2346598953008643 27.41618825122714 6.4903012961149207 3.9807946532964698 4.4455875977873784 6.9817203208804122 4.4156388565897933 25.703143075108532 7.5931926183402565 10.398166213184593 8.4045372791588289 5.0494863390922546 4.2019695937633514 5.4894676432013512
leaf_count=83 25 176 19 17 276 20 25 128 31 20 24 34 25 117 33 53 47 32 20 31
internal_value=8.24047e-05 -0.00256266 -0.00826911 -0.0108134 -0.00754012 0.00303841 0.0056834 0.0081961 0.00401387 0.0105917 -0.0055455 -0.00245877 0.0182384 0.0227782 -0.00689887 0.00390319 -0.014615 -0.0223384 -0.0190959 -0.032135
internal_weight=249.003 148.42 73.7599 69.0519 60.1014 74.6597 66.8778 61.6432 100.584 50.085 15.9854 50.499 34.0996 29.6839 43.5173 17.9914 25.5259 9.49507 7.78185 8.95051
internal_count=1236 737 368 349 301 369 329 304 499 249 87 250 162 137 216 86 130 56 40 48
is_linear=0
shrinkage=0.03


Tree=159
num_leaves=11
num_cat=0
split_feature=43 41 310 194 294 1 200 42 278 112
split_gain=2.8714 3.96827 5.66725 7.48157 5.48642 4.76557 5.28701 4.4826 2.79719 2.02761
threshold=-0.26059999999999994 0.63675000000000015 0.1605803781649818 5.1472372296652926 1.3976229360420616 79.710000000000022 0.25172921721653529 0.77575000000000005 -1.6399999999999968 5092.1950000000006
decision_type=2 2 2 2 2 2 2 2 2 2
left_child=8 5 4 -4 9 6 7 -2 -1 -3
right_child=1 2 3 -5 -6 -7 -8 -9 -10 -11
leaf_value=0 -0.0032027598259114004 -0.016269739004569652 -0.020498597644406969 0.032699880775148987 0.0072388759802771629 0.023749332096499123 0.030109216689453801 0.0076538305539997353 0.03341445064492389 -0.038024520956595281
leaf_weight=4.2760794535279274 150.45068828947842 9.1937968917191082 4.130984338000415 5.2514926716685295 5.4512519240379325 7.8552072495222083 5.0374266803264609 44.13872991129756 4.4106487482786161 8.0510327331721765
leaf_count=24 749 50 23 24 27 38 22 211 21 47
internal_value=7.69191e-05 -0.000528519 -0.0103391 0.00899174 -0.0184664 0.000978085 5.55856e-05 -0.000722083 0.016931 -0.0267599
internal_weight=248.247 239.561 32.0786 9.38248 22.6961 207.482 199.627 194.589 8.68673 17.2448
internal_count=1236 1191 171 47 124 1020 982 960 45 97
is_linear=0
shrinkage=0.03


Tree=160
num_leaves=13
num_cat=0
split_feature=58 306 103 130 18 54 280 162 0 123 107 69
split_gain=2.83769 3.37218 4.89921 4.44043 6.8517 5.01967 4.78597 4.22486 4.87551 3.50089 3.03824 1.7848
threshold=3.7150000000000003 0.15222783793632869 -0.23854999999999996 2.6789500000000004 15.940000000000003 80.245000000000019 0.14999999999999949 0.16734823775000005 60.510000000000012 12.500000000000002 -0.019649999999999997 3.0885000000000002
decision_type=2 2 2 2 2 2 2 2 2 2 2 2
left_child=-1 2 -2 7 5 -5 -6 -3 -9 11 -11 -4
right_child=1 3 9 4 6 -7 -8 8 -10 10 -12 -13
leaf_value=0.022851863251302527 0.013539732448104237 -0.017450749617504854 -0.043956787609261888 0.0024632496338097601 -0.013134727143000064 0.035329617011460701 0.0040933961115183493 0.031942787099544123 0.0059280112467848985 0.0090959248843581302 -0.020487390645240765 -0.016294102482947749
leaf_weight=4.7314042150974265 5.9238825291395214 5.9191126860678187 4.6680162511765975 58.347502751275897 54.442476013675332 4.4384886883199206 19.398495614528656 7.198829971253871 65.725298611447215 5.9751302599906948 6.1813768241554454 4.9502235800027847
leaf_count=27 31 34 28 281 274 21 94 32 310 30 39 35
internal_value=7.54481e-05 -0.000364598 -0.0102071 0.000890886 -0.00236436 0.00488684 -0.0085688 0.00656573 0.00857741 -0.016837 -0.00574634 -0.0303425
internal_weight=247.9 243.169 27.6986 215.47 136.627 62.786 73.841 78.8432 72.9241 21.7747 12.1565 9.61824
internal_count=1236 1209 163 1046 670 302 368 376 342 132 69 63
is_linear=0
shrinkage=0.03


Tree=161
num_leaves=17
num_cat=0
split_feature=306 290 14 102 151 196 290 83 192 99 167 192 72 125 306 294
split_gain=2.76874 4.98953 5.2549 5.23513 5.55161 5.0818 4.54341 5.16016 4.05075 7.34473 3.89584 5.35656 5.57372 5.00601 3.17539 2.82735
threshold=0.2940517751148885 1.3434841405462512 23.175000000000004 0.32185000000000002 100.28460397805001 76.899455778708784 1.2827782161163575 32480363.305000003 62.42285941245688 0.43560000000000004 -1.3634044408499999 25.162735567096657 2.9750000000000005 49.382175000000011 0.31087399808252275 0.97039827767611653
decision_type=2 2 2 2 2 2 2 2 2 2 2 2 2 2 2 2
left_child=1 2 6 4 5 -3 7 -1 9 -5 -2 -12 14 -14 -13 -10
right_child=10 3 -4 8 -6 -7 -8 -9 15 -11 11 12 13 -15 -16 -17
leaf_value=0.0068316914492272032 -0.019891773478461498 -0.021941944955203446 0.027802024546954174 -0.024210569419248911 0.017887132221287839 0.013561649840771978 0.027457279960802532 -0.0056557534681443483 0 0.014598603573973322 0.031372357195089767 0.039449596385155557 -0.023199870890943511 0.0068103870888092952 0.0023549768048123083 0.031235083515455515
leaf_weight=50.078136421740055 4.1812117435038081 33.988181529566646 6.6495673507452002 9.5999974571168476 4.1064373664557925 3.8851623944938174 5.3377666398882857 73.041230792179704 4.8649988472461683 7.8369916453957549 8.2852025479078275 5.0223379284143466 7.8138289824128178 13.305396111682056 3.8205601498484612 5.5864719152450562
leaf_count=241 23 199 31 54 21 17 27 350 24 36 38 24 38 67 20 26
internal_value=7.4191e-05 -0.00135825 0.00199022 -0.00786977 -0.0145598 -0.0181948 0.000610149 -0.000550784 0.00210946 -0.00661308 0.00705187 0.0101198 0.00405837 -0.00420863 0.0239639 0.016871
internal_weight=247.403 204.975 135.107 69.8682 41.9798 37.8733 128.457 123.119 27.8885 17.437 42.4285 38.2473 29.9621 21.1192 8.8429 10.4515
internal_count=1236 1026 649 377 237 216 618 591 140 90 210 187 149 105 44 50
is_linear=0
shrinkage=0.03


Tree=162
num_leaves=17
num_cat=0
split_feature=105 48 46 71 262 18 102 98 288 189 70 295 127 275 10 268
split_gain=2.66746 3.92586 4.09476 3.42019 4.72183 4.47701 4.5241 6.61035 5.00417 3.49698 3.39466 2.50231 2.04414 3.10434 0.948945 0.870228
threshold=0.55415000000000014 0.4811457983193278 -0.024952772100308798 12.460000000000003 -0.70226466349629357 20.685000000000006 0.30675000000000002 0.30830000000000007 0.71963408414042995 4.3742812808367324 11.050550000000001 -0.10579999999999998 3.6545527777777784 0.088886444608152371 20.475000000000005 -0.14506034874098364
decision_type=2 2 2 2 2 2 2 2 2 2 2 2 2 2 2 2
left_child=3 2 -2 4 -1 6 8 -8 -5 14 12 -6 13 -3 -7 -14
right_child=1 10 -4 5 11 9 7 -9 -10 -11 -12 -13 15 -15 -16 -17
leaf_value=0.038547784124598777 0.012717600873939888 0.029713529538911196 -0.030059911423146214 0.0015716909726909631 0.017014739635052494 -0.016680415518608289 0.018989588972691183 -0.00037403786447994197 -0.012139198405987459 0.0027041651376704607 -0.0059616139947075899 -0.015639713742636761 0.015757978343740927 -0.0042902492286892155 -0.03857032501733737 0.036973735765077058
leaf_weight=4.4177980422973624 3.5602149181067944 3.9256775118410641 4.2408372014760962 45.962513078004122 4.0427982024848452 4.1652740091085416 20.119496040046215 72.385274594649673 49.135927399620414 4.3711959570646277 5.7257056795060626 4.2038931101560584 3.6046637855470181 5.6901392564177513 4.9792867079377174 6.1281968019902688
leaf_count=22 18 21 24 226 20 23 89 352 262 24 30 20 19 30 26 30
internal_value=7.57367e-05 0.00802922 -0.0102437 -0.0011365 0.0138923 -0.00210421 -0.000881397 0.00382105 -0.00548632 -0.0187258 0.0138515 2.12032e-05 0.0198694 0.00944604 -0.0292125 0.0296615
internal_weight=246.659 32.8754 7.80105 213.783 12.6645 201.119 187.603 92.5048 95.0984 13.5158 25.0744 8.24669 19.3487 9.61582 9.14456 9.73286
internal_count=1236 172 42 1064 62 1002 929 441 488 73 130 40 100 51 49 49
is_linear=0
shrinkage=0.03


Tree=163
num_leaves=9
num_cat=0
split_feature=41 134 280 305 137 256 306 94
split_gain=2.75099 4.05951 3.02135 3.4686 5.04471 3.74556 3.44813 3.14613
threshold=0.20360000000000003 39.778616969150001 3.0749999999999997 -0.13767711962833909 0.16072363336000003 0.16662458478870837 0.22939046180932524 0.30185000000000006
decision_type=2 2 2 2 2 2 2 2
left_child=-1 2 3 4 -2 -5 7 -4
right_child=1 -3 6 5 -6 -7 -8 -9
leaf_value=0.023258946615028395 0.033911265900566361 -0.028585725371575249 -0.01252832532280179 0.0003254417281322183 0.00074244437041385322 -0.0093047780204762783 0.028810269290213547 0.021706637269697113
leaf_weight=4.4253851622343054 6.0144694745540646 4.397822391241788 5.9654593244195002 154.0936126857996 13.309971801936625 47.253273518756032 6.7691330462694159 3.9021494388580322
leaf_count=25 27 23 30 776 68 237 29 21
internal_value=7.44901e-05 -0.00034703 0.000175477 -0.000743417 0.0113417 -0.00192324 0.0124746 0.000790878
internal_weight=246.131 241.706 237.308 220.671 19.3244 201.347 16.6367 9.86761
internal_count=1236 1211 1188 1108 95 1013 80 51
is_linear=0
shrinkage=0.03


Tree=164
num_leaves=15
num_cat=0
split_feature=131 256 96 305 195 97 294 99 144 204 303 259 297 154
split_gain=2.71574 3.87681 3.85148 5.89428 4.00831 3.82498 6.41498 6.00482 4.7746 3.75636 4.65843 3.02114 2.9484 2.90018
threshold=69.809271121538487 -0.90841355905861365 -0.035549999999999991 -0.15426033113474216 37.634511261844267 0.57500000000000007 1.120891292060558 0.63370000000000004 0.30022613435000006 192.56959343574897 0.1307909626444588 0.10510523508472151 1.0070672260513438 1.3867037897000001
decision_type=2 2 2 2 2 2 2 2 2 2 2 2 2 2
left_child=5 -2 3 -3 -5 6 8 12 -1 10 -4 -10 -7 -8
right_child=1 2 9 4 -6 7 13 -9 11 -11 -12 -13 -14 -15
leaf_value=-0.0096682462213444394 -0.028735999547010616 0.019712364419197204 0.0043567184070766726 -0.007523888301377909 -0.03159372210767139 -0.00020995250197543457 0.0039420859737049887 0.017721716427548138 0.017352671926405536 -0.019202443633912766 -0.018202650665448829 0.043178779477708207 -0.037169136748520785 -0.029210498113769856
leaf_weight=4.3432858176529434 4.5064548626542082 5.924264106899499 124.5785982273519 36.683233316987753 7.6072262302041045 3.3899959959089738 5.3779293075203878 5.1823090761899939 17.672475315630439 7.2103640772402278 8.6841461956500989 5.7054552510380736 5.0405372567474842 3.9520580619573593
leaf_count=23 27 29 588 198 48 18 28 25 88 36 59 25 25 19
internal_value=7.40021e-05 -0.00152054 -0.000846922 -0.00797978 -0.0117875 0.00626733 0.0112875 -0.00716048 0.0185511 0.00168537 0.00285158 0.0239405 -0.0228359 -0.00994362
internal_weight=245.858 195.194 190.688 50.2147 44.2905 50.664 37.0512 13.6128 27.7212 140.473 133.263 23.3779 8.43053 9.32999
internal_count=1236 985 958 275 246 251 183 68 136 683 647 113 43 47
is_linear=0
shrinkage=0.03


Tree=165
num_leaves=14
num_cat=0
split_feature=284 299 130 18 276 14 72 185 50 200 190 197 262
split_gain=2.7239 4.16934 4.179 6.08009 7.87884 5.25614 4.47758 5.29316 3.42677 3.96834 3.08268 2.83813 0.958083
threshold=-6.2449999999999992 0.78285397695735648 2.6964500000000005 15.940000000000003 0.12412693285783208 22.875000000000004 5.1450000000000005 14.577166153894069 -0.18444999999999998 0.040140171777364238 2.0686148614661732 18.022373686287782 -0.85844867566679184
decision_type=2 2 2 2 2 2 2 2 2 2 2 2 2
left_child=10 8 6 4 -4 -5 7 -3 9 -2 -1 -12 -11
right_child=1 2 3 5 -6 -7 -8 -9 -10 12 11 -13 -14
leaf_value=0.0023945732201418892 0.00065917422013538225 -0.000926571328662735 -0.0041484166452593757 -0.013791798463130323 0.019393284789690497 0.0086063674239946746 0.031392660516498694 0.018282620155466375 -0.0056194678021754844 0.020532364775541649 0 -0.035570549979157838 0.043288083267587249
leaf_weight=7.2609954513609436 5.3436170294880894 62.236840188503265 40.63348682411015 55.465318497270346 18.484300330281258 11.112174615263937 5.2848625816404811 16.108522031456232 5.4846705570816985 3.9957693517208099 3.0883682779967767 5.8618682231754065 4.9914716333150846
leaf_count=37 28 320 208 288 83 54 22 77 27 21 17 34 20
internal_value=6.94217e-05 0.000924367 -0.000309411 -0.0037793 0.003182 -0.0100011 0.00486825 0.00300304 0.0140444 0.0217648 -0.0117626 -0.0234789 0.0338382
internal_weight=245.352 229.141 209.326 125.695 59.1178 66.5775 83.6302 78.3454 19.8155 14.3309 16.2112 8.95024 8.98724
internal_count=1236 1148 1052 633 291 342 419 397 96 69 88 51 41
is_linear=0
shrinkage=0.03


Tree=166
num_leaves=12
num_cat=0
split_feature=58 306 103 187 311 199 284 283 255 189 123
split_gain=2.66864 3.12668 4.55554 4.24495 4.19565 4.04316 6.49718 4.79369 3.5988 3.41558 3.10863
threshold=3.7150000000000003 0.15222783793632869 -0.23854999999999996 0.23385690516193181 1.2145482375047842 61.903171671155903 -1.5000000000000007 -5.1249999999999991 0.07406603414456904 6.1318813674891581 13.500000000000002
decision_type=2 2 2 2 2 2 2 2 2 2 2
left_child=-1 2 -2 4 8 7 -7 -5 -3 10 -4
right_child=1 3 9 5 -6 6 -8 -9 -10 -11 -12
leaf_value=0.022368043393853822 0.013001788714321392 0.00078953502647935144 -0.03605101689618162 -0.0091544934719297918 0.014351147229697938 0.010432364806453719 -0.031795162826203392 0.0057483819391580988 -0.023383807993854772 0.0070993189291440233 -0.0097937493673324119
leaf_weight=4.6411623209714881 5.8953496888279942 8.1321312636137062 8.0106666982173973 22.11325267329812 5.1382104456424704 5.607095044106245 7.4166991487145406 148.77616088092327 15.823567017912863 4.2272570282220832 9.1560240183025581
leaf_count=27 31 42 54 115 25 25 35 723 81 22 56
internal_value=6.93055e-05 -0.000358026 -0.00990818 0.000855485 -0.00975134 0.00255411 -0.0134455 0.00379816 -0.0150839 -0.016392 -0.022358
internal_weight=244.938 240.296 27.2893 213.007 29.0939 183.913 13.0238 170.889 23.9557 21.3939 17.1667
internal_count=1236 1209 163 1046 148 898 60 838 123 132 110
is_linear=0
shrinkage=0.03


Tree=167
num_leaves=9
num_cat=0
split_feature=296 142 286 142 154 183 208 1
split_gain=2.7159 4.1481 3.13879 3.4853 3.9953 5.21383 3.80678 1.17869
threshold=1.1552604006831293 10.895873353500003 9.8317436961736338 2.4062547741000002 0.19926990515000004 0.65013669076488945 3.9926812674257897 67.065000000000012
decision_type=2 2 2 2 2 2 2 2
left_child=2 -2 3 -1 5 -5 -6 -3
right_child=1 7 -4 4 6 -7 -8 -9
leaf_value=0.02652335923616464 0.0078077953425074445 -0.039087529715468181 -0.021035172607446282 0.016118562758314737 -0.0013528509636508974 -0.020702629620921491 0.0069808457599304782 -0.012576034094854784
leaf_weight=4.7569056674838057 4.6177141182124597 4.0042123347520828 5.663823712617158 4.3272790350019958 119.72988438978791 14.890326183289288 83.256426462903619 3.2743389904499054
leaf_count=22 25 24 34 25 578 86 423 19
internal_value=6.68898e-05 -0.0138397 0.000796594 0.00136364 0.000799845 -0.0122157 0.00205226 -0.0278997
internal_weight=244.521 11.8963 232.625 226.961 222.204 19.2176 202.986 7.27855
internal_count=1236 68 1168 1134 1112 111 1001 43
is_linear=0
shrinkage=0.03


Tree=168
num_leaves=10
num_cat=0
split_feature=41 134 197 33 62 195 133 184 167
split_gain=2.62934 3.7735 2.9864 5.36827 4.57708 4.29341 5.85973 5.03933 3.41277
threshold=0.20360000000000003 39.778616969150001 32.846452552119267 1.0000000180025095e-35 -0.30461783148696903 20.864122495568029 41.100688942900007 5.5545613725015341 0.81282875175000024
decision_type=2 2 2 2 2 2 2 2 2
left_child=-1 2 5 8 -5 7 -7 -2 -4
right_child=1 -3 3 4 -6 6 -8 -9 -10
leaf_value=0.022891568879161578 -0.016458066756456943 -0.027782907827512117 0.017504683294386269 -0.027960274330338548 0.0015111571708794306 -0.0013465907155615327 0.019226723515737572 0.0012402178215723783 -0.0070891559785811915
leaf_weight=4.3621328361332408 32.601007459685206 4.3302081488072863 30.266591360792518 5.3988169692456713 33.504744809120893 88.133651930838823 14.37981755658984 25.430931756272912 5.8490638509392729
leaf_count=25 171 23 146 30 168 449 68 128 28
internal_value=6.35623e-05 -0.000348396 0.000154757 0.00510412 -0.00256301 -0.00214103 0.00152597 -0.00866187 0.0134302
internal_weight=244.257 239.895 235.565 75.0192 38.9036 160.545 102.513 58.0319 36.1157
internal_count=1236 1211 1188 372 198 816 517 299 174
is_linear=0
shrinkage=0.03


Tree=169
num_leaves=11
num_cat=0
split_feature=65 65 65 41 311 281 255 47 296 98
split_gain=2.77259 4.02594 4.22161 3.74077 4.01465 3.68981 4.0768 2.78816 2.26326 0.253043
threshold=20250917.500000004 20240176.000000004 20231019.000000004 0.23515000000000003 1.1162619516581602 -0.60000000000000042 0.23482929498351848 0.0075500000000000012 0.99870717031589518 0.38075000000000009
decision_type=2 2 2 2 2 2 2 2 2 2
left_child=1 2 3 8 -5 7 -7 -3 -1 -2
right_child=9 5 -4 4 -6 6 -8 -9 -10 -11
leaf_value=0.0022629083478304494 -0.030629081538820453 -0.018563963972326965 -0.027628689027503144 -0.0029981308501827886 0.0079883330893751464 0.032615892281996441 -0.0059510418595686192 0.011802533473799158 0.032745643626618602 -0.0069278960927731574
leaf_weight=4.458490312099455 2.6908457837998863 4.4822593331336993 5.0558339469134799 165.80978890508413 36.351132933050394 9.6885622553527337 3.09625320136547 6.5841535180807114 4.7308165580034256 0.97952324897050846
leaf_count=21 48 22 37 781 169 68 15 38 23 14
internal_value=6.11655e-05 0.000473819 -0.000804508 -0.00013588 -0.00100482 0.0121525 0.0230691 -0.00028433 0.0184625 -0.0254511
internal_weight=243.928 240.257 216.406 211.35 202.161 23.8512 12.7848 11.0664 9.18931 3.67037
internal_count=1236 1174 1031 994 950 143 83 60 44 62
is_linear=0
shrinkage=0.03


Tree=170
num_leaves=14
num_cat=0
split_feature=43 41 310 194 69 42 42 259 208 197 200 14 280
split_gain=2.61654 3.70551 5.24591 6.88634 5.79395 4.29483 7.20098 5.45067 5.34165 4.82884 4.13884 3.85897 2.66018
threshold=-0.26059999999999994 0.63675000000000015 0.1605803781649818 5.1472372296652926 2.7674000000000007 0.77575000000000005 0.6039500000000001 1.7976484362118217 8.2487160938261486 26.119496361156703 0.032548978295826377 22.875000000000004 -1.3500000000000003
decision_type=2 2 2 2 2 2 2 2 2 2 2 2 2
left_child=12 5 4 -4 -3 6 9 10 -8 -2 -7 -6 -1
right_child=1 2 3 -5 11 7 8 -9 -10 -11 -12 -13 -14
leaf_value=-0.0016281890397708194 -0.0044555731860595532 0.018232890972195603 -0.019921412948322888 0.031622308677640376 -0.03103118203868727 0.025138282278247742 -0.038706285901811237 -0.020537466026469164 0.0029396539776691271 0.0065219402793115855 0.0052075500364329947 0.0025912447308751516 0.03122643728675956
leaf_weight=3.8036299273371696 80.964271102100611 3.2118683159351411 4.0467361900955421 5.1455174554139376 15.278116948902609 15.032252650707958 7.6006031930446607 4.8598968498408786 4.1104239262640476 64.800726613029838 26.20486256480217 3.619901977479457 4.6946096494793874
leaf_count=19 412 14 23 24 92 65 39 29 24 320 131 18 26
internal_value=5.90518e-05 -0.000523396 -0.0101238 0.008638 -0.018063 0.000942321 -0.00139992 0.0089945 -0.023934 0.000405107 0.0125888 -0.0244532 0.0163246
internal_weight=243.373 234.875 31.3021 9.19225 22.1099 203.573 157.476 46.097 11.711 145.765 41.2371 18.898 8.49824
internal_count=1236 1191 171 47 124 1020 795 225 63 732 196 110 45
is_linear=0
shrinkage=0.03


Tree=171
num_leaves=8
num_cat=0
split_feature=303 103 115 258 0 43 192
split_gain=2.55432 3.27719 4.38974 3.54222 3.27362 3.79235 2.55467
threshold=0.30622850432010745 0.9769000000000001 0.41820000000000007 1.8775807951142154 81.015000000000015 0.56280000000000008 23.480797017325816
decision_type=2 2 2 2 2 2 2
left_child=1 3 -3 4 5 -1 -2
right_child=6 2 -4 -5 -6 -7 -8
leaf_value=0.0003525110660357665 0.0035812622889848851 0.032575557861657674 -0.0021235605403391077 -0.027563554815272694 0.021772775944332561 -0.021598314707174181 -0.036386495707104567
leaf_weight=207.13172194547951 2.2503517903387538 6.4246361851692182 6.2743771597743034 4.1055603474378577 6.0715845301747313 7.2290491610765448 3.2976431008428335
leaf_count=1041 14 30 30 25 29 37 30
internal_value=5.76606e-05 0.000544441 0.0153142 -0.000283974 0.000222774 -0.00038349 -0.0198674
internal_weight=242.785 237.237 12.699 224.538 220.432 214.361 5.54799
internal_count=1236 1192 60 1132 1107 1078 44
is_linear=0
shrinkage=0.03


Tree=172
num_leaves=13
num_cat=0
split_feature=60 306 130 18 299 273 72 183 196 130 16 65
split_gain=2.58458 2.99967 4.23973 5.84094 6.05517 4.34923 3.95377 3.91207 4.16103 3.87624 3.85253 1.73163
threshold=3.6750000000000003 0.15185821667532318 2.6789500000000004 15.940000000000003 0.7580803647151465 1.1865204442922388 5.1450000000000005 1.9596089664576419 52.401429815528793 2.4456250000000006 19.685000000000006 20230806.500000004
decision_type=2 2 2 2 2 2 2 2 2 2 2 2
left_child=-1 7 6 5 -5 -4 10 8 11 -10 -3 -2
right_child=1 2 3 4 -6 -7 -8 -9 9 -11 -12 -13
leaf_value=0.021953302494653684 -0.038508592996470151 0.0012904015847773431 0.00119909201763488 0.019471386191464927 -0.010932044641551649 0.025041436735792628 0.032856254046778083 0.011570218056614094 -0.016123072791935412 0.022781316486126094 0.019208782938373296 -0.010670826734612025
leaf_weight=4.660329818725585 6.786514908075338 60.140578100457788 53.847196135669947 6.3163676075637332 66.102756295353174 7.8572047352790824 4.6960840821266165 5.642900548875331 6.3262861091643554 3.4746858384460211 13.194149088114498 3.4643472414463758
leaf_count=25 37 298 263 29 340 40 19 30 42 20 65 28
internal_value=5.51648e-05 -0.000370337 0.000790711 -0.00242766 -0.00821571 0.00431923 0.00635704 -0.010039 -0.0162963 -0.00193672 0.00457684 -0.0295844
internal_weight=242.509 237.849 212.154 134.124 72.4191 61.7044 78.0308 25.6947 20.0518 9.80097 73.3347 10.2509
internal_count=1236 1211 1054 672 369 303 382 157 127 62 363 65
is_linear=0
shrinkage=0.03


Tree=173
num_leaves=24
num_cat=0
split_feature=311 311 14 305 131 106 41 18 132 202 49 48 278 61 130 176 49 106 193 290 171 283 24
split_gain=2.59244 6.98908 6.68086 7.48826 6.53845 5.36274 7.611 6.65407 6.16597 5.47538 6.18613 5.35633 4.50066 4.43734 7.29543 4.39064 4.20915 4.37866 4.12078 3.2841 2.70968 2.25658 2.04124
threshold=0.89457603411583941 1.1162619516581602 22.125000000000004 -0.21774265960312464 70.910345273400011 0.28745000000000004 0.23515000000000003 17.815000000000001 65.445006700000008 -111.58763308777164 0.68445000000000011 0.52300420168067241 4.0950000000000069 3.8300000000000005 4.8282000000000007 1.0000000180025095e-35 0.43305000000000005 0.25765000000000005 30.628693158079034 1.2728954596269377 0.76481173155000015 -1.6850000000000003 -0.41499999999999992
decision_type=2 2 2 2 2 2 2 2 2 2 2 2 2 2 2 2 2 2 2 2 2 2 2
left_child=5 2 3 -2 -5 6 -1 9 15 -7 -11 -10 18 16 22 -9 17 -3 -8 -4 -16 -18 -15
right_child=1 13 19 4 -6 7 12 8 11 10 -12 -13 -14 14 20 -17 21 -19 -20 -21 -22 -23 -24
leaf_value=0.026851190854862927 0.020279085953936869 0.020165670034376942 0.029939579215837293 0.0020151590610405254 -0.021225931528823842 -0.011452817180719806 0.0076106657774349983 -0.0075392060110027427 -0.031180525178044056 0.021501559939213762 -0.016121646126723465 0.0098691645580395709 0.016920638980686846 -0.0042257538278912396 -0.0038145019532622596 0.029280878123766285 0.0080834366833331013 -0.015063498908142008 -0.019505544476714345 -0.002557090714475207 0.02852967794871766 0.031239888125347528 -0.033534020222989444
leaf_weight=5.6077420450747004 5.5900990888476363 5.4297591038048285 5.1791990697383863 14.080991100519894 44.608269887045026 6.3533081114292136 6.0103131085634223 5.4682679325342196 9.2284202165901643 40.729526314884424 4.1874016672372809 3.9314256981015197 4.591935694217681 3.6515291929244995 4.0127238593995553 5.8394072763621807 6.6230730488896397 7.3571437746286392 26.099771194159985 5.6011533476412296 4.9650353379547596 10.628349393606184 6.2629202827811259
leaf_count=29 25 28 23 73 249 33 29 28 48 187 22 19 22 18 23 26 32 38 144 30 20 57 33
internal_value=5.60568e-05 -0.00295964 -0.00872181 -0.0124109 -0.0156049 0.00324878 -0.00525556 0.00803983 -0.00472768 0.0141886 0.0178995 -0.018709 -0.0103023 0.00581815 -0.00544494 0.0113021 0.012996 0 -0.014329 0.0129112 0.0138598 0.0226205 -0.0231892
internal_weight=242.038 123.99 75.0597 64.2794 58.6893 118.048 42.3098 75.7378 24.4675 51.2702 44.9169 13.1598 36.702 48.9305 18.8922 11.3077 30.0383 12.7869 32.1101 10.7804 8.97776 17.2514 9.91445
internal_count=1236 649 400 347 322 587 224 363 121 242 209 67 195 249 94 54 155 66 173 53 43 89 51
is_linear=0
shrinkage=0.03


Tree=174
num_leaves=16
num_cat=0
split_feature=257 280 62 14 99 167 266 185 305 62 98 295 167 93 99
split_gain=2.54087 3.38709 4.5334 7.02551 5.85804 6.09077 5.84468 5.28021 4.44304 4.87135 5.54063 5.28326 3.6945 2.69431 2.20385
threshold=-4.4633185101721802 -0.37499999999999994 0.59975000000000012 22.125000000000004 -0.13174999999999998 -0.99675570614999975 0.82451027139154554 9.7326868433499385 -0.18509954193093728 0.7672500000000001 0.41390000000000005 -0.16719999999999999 0.060333172400000003 3968.5200000000004 0.57085000000000019
decision_type=2 2 2 2 2 2 2 2 2 2 2 2 2 2 2
left_child=13 8 4 7 5 -3 -6 -4 12 11 -11 -10 -2 -1 -5
right_child=1 2 3 14 6 -7 -8 -9 9 10 -12 -13 -14 -15 -16
leaf_value=-0.034606633988280906 -0.0017078608923204426 -0.024293264618334316 -0.018339074718747975 0.0023250465244561481 0.021103355094929516 0.0064896031784809514 -0.012293901957462321 0.019716371803013385 0.0015305570601514937 0.01332116771082425 -0.01805220423404795 -0.013474394460953993 0.033782903243860254 0 0.03418621100714108
leaf_weight=3.7568156048655501 4.9609687849879247 7.4166802875697604 21.207226937636737 3.9892899543046934 34.432659547775984 24.941767632961273 5.2756171748042098 3.7215416915714732 33.528236012905836 22.671091642230753 6.3586842641234389 55.385948630049825 5.1760639697313309 3.9762084484100342 4.2239847332239151
leaf_count=22 26 39 120 21 167 127 28 18 179 108 34 284 21 23 19
internal_value=5.62736e-05 0.000632703 0.00462919 -0.00448467 0.00886245 -0.000526629 0.0165711 -0.012482 -0.00262776 -0.00429014 0.00630777 -0.00778718 0.016274 -0.0167365 0.0192858
internal_weight=241.023 233.29 105.209 33.142 72.0667 32.3584 39.7083 24.9288 128.081 117.944 29.0298 88.9142 10.137 7.73302 8.21327
internal_count=1236 1191 539 178 361 166 195 138 652 605 142 463 47 45 40
is_linear=0
shrinkage=0.03


Tree=175
num_leaves=21
num_cat=0
split_feature=306 290 102 151 193 14 271 83 98 208 289 133 140 44 196 255 100 307 146 294
split_gain=2.54973 4.50841 4.60967 5.07278 5.01105 4.46794 4.45338 5.47313 3.79473 3.698 3.67068 6.31562 5.4363 4.07359 3.44269 3.38276 3.23796 1.99527 1.50978 0.355437
threshold=0.2940517751148885 1.3434841405462512 0.32185000000000002 100.28460397805001 29.094438768388066 23.175000000000004 1.4786992479078698 32480363.305000003 0.23095000000000002 0.50474325702209721 1.3921793301794627 12.505811079650002 -0.04081161259999995 0.47063813559322037 54.338703353046846 0.23894685224382553 0.024000000000000004 -0.027249121380976734 0.16735746765600004 0.97868881085333803
decision_type=2 2 2 2 2 2 2 2 2 2 2 2 2 2 2 2 2 2 2 2
left_child=1 5 3 4 -3 6 7 -1 -2 17 12 16 18 -14 -11 -8 -12 -4 -10 -13
right_child=8 2 9 -5 -6 -7 15 -9 10 14 11 19 13 -15 -16 -17 -18 -19 -20 -21
leaf_value=0.0064868244995716137 0.03506002240829717 0.006688064373543451 -0.00066483530749197851 0.017501077149251781 -0.022562503130105126 0.026241339130725631 0.024765436488379537 -0.0071067864788505394 0.028824176938085869 0.016895914533801727 0.016269480666043747 0.03930010533494864 -0.040414938241453341 -0.0042841921136944341 -0.0088959194027085995 -0.00504261396549121 -0.021878171459771448 -0.034248836363850496 0.0019348989304139883 0.022174652077953591
leaf_weight=45.009165931493044 3.8159789480268946 6.143267583101987 3.4961367510259151 3.9658192060887805 30.452632494270802 6.3511659353971472 10.867437593638895 64.77980700135231 3.6666492521762857 13.749911542981865 3.494151838123801 4.7305376753211004 4.1885469593107709 8.8810409829020482 6.7725870423018923 4.7200542502105227 4.3330321684479713 3.1524863801896599 4.3029813207685947 3.6255789510905743
leaf_count=224 20 30 20 21 186 31 48 322 17 64 16 23 21 44 34 24 24 22 25 20
internal_value=5.52951e-05 -0.00133406 -0.00762681 -0.0140287 -0.0175657 0.00188218 0.000604384 -0.00150581 0.00686775 0.00183653 0.00381095 0.0145513 -0.00433829 -0.0163101 0.00823707 0.0155734 -0.00447973 -0.017305 0.0148817 0.0325745
internal_weight=240.499 199.46 67.7328 40.5617 36.5959 131.728 125.376 109.789 41.0385 27.1711 37.2225 16.1833 21.0392 13.0696 20.5225 15.5875 7.82718 6.64862 7.96963 8.35612
internal_count=1236 1026 377 237 216 649 618 546 210 140 190 83 107 65 98 72 40 42 42 43
is_linear=0
shrinkage=0.03


Tree=176
num_leaves=17
num_cat=0
split_feature=105 123 94 18 71 262 64 287 195 10 102 111 142 131 163 152
split_gain=2.50239 3.64086 4.60815 3.57428 3.15275 4.38504 3.93399 6.46557 7.95035 5.44465 5.23437 4.76068 3.96631 2.78692 1.89103 1.77292
threshold=0.55415000000000014 8.5000000000000018 0.21400000000000005 15.685 12.460000000000003 -0.70226466349629357 331.50000000000006 1.2665333740333742 18.694681702756565 15.750000000000002 0.31790000000000007 7531.2300000000005 27.585344348700001 93.010826557395845 0.84424131685000015 3.2259384843000003
decision_type=2 2 2 2 2 2 2 2 2 2 2 2 2 2 2 2
left_child=4 -2 -3 14 5 -1 7 8 -6 12 -9 -11 -8 -5 -4 -7
right_child=1 2 3 13 6 15 9 10 -10 11 -12 -13 -14 -15 -16 -17
leaf_value=0.037768478046623422 0.026627417454076333 0.026266353256698988 -0.0050791210326636103 0.003606673342565472 -0.0033338147527518652 0.01375246801803345 -0.0093371442601896237 -0.020183307028463243 0.026695709086107362 -0.0056980898674838364 0.0053264902513030423 0.0089766931929588893 -0.038743293155065417 -0.026612705217300761 0.023780920526129633 -0.014099038459748421
leaf_weight=4.252931982278823 7.1467962153255966 5.5031944103539017 3.4666768498718765 4.1117303334176523 13.819003023207189 4.1769054085016233 12.173871999606492 12.859140232205393 17.981228347867727 90.975542392581701 16.048422617837787 25.248670926317573 6.5444813072681418 7.202103778719902 4.3482729122042656 3.8577410392463207
leaf_count=22 38 30 20 22 71 20 68 73 84 460 83 124 39 41 21 20
internal_value=5.58461e-05 0.00789456 0.00225237 -0.00460091 -0.00113093 0.0135153 -0.00207252 0.00423867 0.0135826 -0.00493505 -0.00594824 -0.00247936 -0.0199291 -0.015432 0.0106973 2.17117e-06
internal_weight=239.717 31.7788 24.632 19.1288 207.938 12.2876 195.65 60.7078 31.8002 134.943 28.9076 116.224 18.7184 11.3138 7.81495 8.03465
internal_count=1236 172 134 104 1064 62 1002 311 155 691 156 584 107 63 41 40
is_linear=0
shrinkage=0.03


Tree=177
num_leaves=16
num_cat=0
split_feature=60 311 311 14 305 106 41 187 294 179 174 278 197 292 101
split_gain=2.46509 3.19189 6.63351 6.22639 7.39372 5.65653 6.78895 5.68419 6.44967 5.84804 4.68308 4.21939 4.21862 3.61763 2.91777
threshold=3.6750000000000003 0.89457603411583941 1.1162619516581602 22.425000000000004 -0.21774265960312464 0.28745000000000004 0.23515000000000003 0.29898565727683196 0.76548197587020705 -0.88139629377499995 2.6165909512500005 4.0950000000000069 24.296700068412346 0.69301907017307429 0.50835000000000019
decision_type=2 2 2 2 2 2 2 2 2 2 2 2 2 2 2
left_child=-1 5 3 4 -3 6 -2 9 -9 -7 12 -8 -4 -12 -5
right_child=1 2 10 14 -6 7 11 8 -10 -11 13 -13 -14 -15 -16
leaf_value=0.021588247718021782 0.025854847607602833 0.019623404354777541 1.4733997159012486e-05 -0.0036690951311998043 -0.016171972488792707 -0.029827834813937193 -0.014385075491752613 -0.0025683565655645608 0.018340660973942723 0.011139020799864773 0.0045359565676136105 0.016011030306841409 0.019953002390409279 -0.034481827994372091 0.028885756579637139
leaf_weight=4.5955903194844714 5.2056045457720748 5.5511348694562903 20.964635046198964 4.6075591035187227 57.448266519233584 6.4677342474460602 31.299088049679995 18.863039344549179 42.758559929206967 5.7906545847654325 3.9512581229209882 4.5552345365285865 17.920645046979189 4.2312189862132072 4.8809101283550262
leaf_count=25 26 25 108 25 320 34 170 93 203 28 20 22 93 22 22
internal_value=5.51945e-05 -0.00036304 -0.0038048 -0.00950806 -0.0129443 0.00319105 -0.00568435 0.00816525 0.0118978 -0.0102995 0.00491659 -0.0104061 0.00930803 -0.0154509 0.012891
internal_weight=239.091 234.496 119.556 72.4879 62.9994 114.94 41.0599 73.88 61.6216 12.2584 47.0678 35.8543 38.8853 8.18248 9.48847
internal_count=1236 1211 635 392 345 576 218 358 296 62 243 192 201 42 47
is_linear=0
shrinkage=0.03


Tree=178
num_leaves=11
num_cat=0
split_feature=296 308 125 262 170 18 208 173 144 208
split_gain=2.55004 4.88999 2.97216 3.43206 5.15249 4.26962 4.2492 5.21676 4.50518 1.54476
threshold=1.1552604006831293 0.5458333333333335 105.34610000000002 -2.0547176872203123 7.5766650280000016 15.940000000000003 3.9926812674257897 0.12099474013200003 15.578811081500001 -1.3747453988820404
decision_type=2 2 2 2 2 2 2 2 2 2
left_child=2 9 3 4 5 -1 8 -8 -5 -2
right_child=1 -3 -4 6 -6 -7 7 -9 -10 -11
leaf_value=0.012602033224573369 -0.0096539756728003905 0.014404174491999787 0.02378692885404763 -0.0044712549522173753 0.036597795907873203 -0.0050285666060392266 0.018834818404409873 -0.00063078925853476465 -0.036555317745555663 -0.038304936291002754
leaf_weight=24.870635390281677 3.3152664862573147 3.624635424464941 4.8419923000037661 94.88264037296176 4.6995109990239134 24.108814608305693 15.922597743570803 53.48099928535521 4.0499374344944945 4.5763261392712575
leaf_count=124 22 17 29 480 23 131 80 279 22 29
internal_value=5.57506e-05 -0.0136401 0.000769934 0.00024396 0.00685392 0.00387016 -0.00184883 0.00381253 -0.00585054 -0.0269154
internal_weight=238.373 11.5162 226.857 222.015 53.679 48.9794 168.336 69.4036 98.9326 7.89159
internal_count=1236 68 1168 1139 278 255 861 359 502 51
is_linear=0
shrinkage=0.03


Tree=179
num_leaves=11
num_cat=0
split_feature=68 296 308 105 262 170 93 59 197 199
split_gain=2.4453 3.05718 3.93783 3.27248 3.54501 4.83231 3.68645 2.80372 2.20022 1.49846
threshold=508.84570000000008 1.1552604006831293 0.5458333333333335 0.56250000000000011 -2.0547176872203123 7.5766650280000016 7170.3800000000001 25.400000000000002 15.838324581568733 -1.9886971762401335
decision_type=2 2 2 2 2 2 2 2 2 2
left_child=1 3 9 4 5 -1 -6 8 -5 -3
right_child=-2 2 -4 7 6 -7 -8 -9 -10 -11
leaf_value=0.0039415063566413085 -0.022661850198651877 -0.0096158097369312186 0.011607929495501232 0.034116440981507783 -0.0047523867446725579 0.035942773376079984 0.0061922286895408291 -0.0051042242283447243 0.0096079861625921938 -0.03796554960647449
leaf_weight=45.009583147242665 4.0849277749657622 3.334659781306982 3.341668177396059 5.7587861269712475 117.01400379836559 4.6442640870809546 35.998934462666512 5.4595176428556433 8.9305754303932172 4.4542779810726625
leaf_count=232 25 22 16 31 602 23 178 31 47 29
internal_value=5.34698e-05 0.000472432 -0.0147794 0.00125408 9.01703e-05 0.0070612 -0.00215552 0.0127548 0.0195848 -0.0264843
internal_weight=238.031 233.946 11.1306 222.816 202.667 49.6538 153.013 20.1489 14.6894 7.78894
internal_count=1236 1211 67 1144 1035 255 780 109 78 51
is_linear=0
shrinkage=0.03


Tree=180
num_leaves=21
num_cat=0
split_feature=130 125 200 128 1 298 124 130 182 131 49 259 94 156 299 105 207 94 195 49
split_gain=2.41151 4.519 6.41349 4.67918 7.36995 6.2787 4.46172 4.06987 6.381 5.68688 4.90222 3.94072 3.76778 3.92951 3.56395 4.68735 3.51391 2.58032 2.46084 1.35249
threshold=2.6964500000000005 45.768200000000007 0.20240372197112375 3.3369000000000004 59.185000000000009 1.1850529100529104 54.482187307692307 1.8421000000000003 1.2826048010662152 384.80570671125008 0.50170305752927791 -0.24266850312924521 0.23115000000000002 0.40328464570000006 0.8260351575717928 0.52915000000000012 -7.243952313973236 0.20675000000000002 22.038870060994224 0.54785000000000006
decision_type=2 2 2 2 2 2 2 2 2 2 2 2 2 2 2 2 2 2 2 2
left_child=7 2 3 5 -5 -2 -3 9 16 12 11 -10 17 -14 -8 -16 -9 -1 -12 -18
right_child=1 6 -4 4 -6 -7 14 8 10 -11 18 -13 13 -15 15 -17 19 -19 -20 -21
leaf_value=-0.0037520980300353845 -0.008771699535007671 0.033198822808285504 0.026396151659176078 0.01445998848059963 -0.032371273726503405 0.027554869833996382 0.019912352167895327 -0.0013161185131872466 -0.0067292063686961619 0.023260108542306007 -0.034894091251419491 0.02228037360805411 0.017049404447424726 -0.018589754171888847 -0.0087542778719978918 0.0082199326329421927 0.032874026737335416 0.020817244540565639 -0.0032823950297389748 0.010819781555904302
leaf_weight=11.477718215435745 42.9014214836061 4.0203631073236457 4.4733365923166266 3.6280377283692387 14.890607025474308 4.6293798536062232 7.8147299177944651 4.3427277505397823 7.1678723618388203 6.5807493403553954 3.978914709761737 9.6061498150229472 3.0280917510390308 21.570110976696014 34.277973972260952 25.310551885515451 13.222838304936888 5.5738413259387007 5.4266546443104744 3.7895433977246276
leaf_count=63 228 17 19 18 81 22 36 22 36 34 24 51 17 111 179 137 61 25 34 21
internal_value=5.23216e-05 -0.00241616 -0.00780934 -0.0102077 -0.0230069 -0.00512018 0.00287053 0.00374118 0.00997364 -0.00234721 0 0.0097398 -0.0065111 -0.0140298 0.000970614 -0.00149244 0.0221025 0.0041788 -0.0171974 0.0282286
internal_weight=237.712 141.946 70.5228 66.0494 18.5186 47.5308 71.4236 95.7652 47.5347 48.2305 26.1796 16.774 41.6498 24.5982 67.4033 59.5885 21.3551 17.0516 9.40557 17.0124
internal_count=1236 737 368 349 99 250 369 499 249 250 145 87 216 128 352 316 104 88 58 82
is_linear=0
shrinkage=0.03


Tree=181
num_leaves=14
num_cat=0
split_feature=60 311 311 274 94 174 192 113 102 71 291 292 307
split_gain=2.34845 2.94694 6.19319 5.9977 5.39136 4.4055 4.37558 4.24249 4.93445 6.53329 4.04761 3.32068 1.92879
threshold=3.6750000000000003 0.89457603411583941 1.1162619516581602 12.409708528264241 0.18825000000000003 2.6165909512500005 22.670332548311062 14243.715000000002 0.31565000000000004 26.365000000000006 2.0131187201320802 0.69301907017307429 0.11118017215628619
decision_type=2 2 2 2 2 2 2 2 2 2 2 2 2
left_child=-1 7 3 4 -3 6 -4 8 10 -10 -2 -7 -9
right_child=1 2 5 -5 -6 11 -8 12 9 -11 -12 -13 -14
leaf_value=0.021178759407547883 0.0031883653463054178 0.0088985637253826411 0.024857472745325338 0.017105690746541891 -0.015586489780566202 0.0041289226770064294 0.0024675258635326719 -0.033735845392687036 -0.01166692720368582 0.01830718261194008 -0.015523528263269203 -0.03344386661409187 -0.0025725089521741735
leaf_weight=4.5481012351810923 51.357490489259362 9.2321671359240991 11.138737954199312 6.8653658516705027 55.797593723982573 3.9077269919216615 27.415617056190968 3.6870092377066603 7.8839286454021922 34.243702001869678 12.925676541402934 4.1762589029967785 3.8500766605138779
leaf_count=25 252 50 58 36 306 20 143 20 40 164 77 22 23
internal_value=5.35946e-05 -0.000355713 -0.00367739 -0.00920975 -0.012056 0.00478825 0.00906139 0.00307353 0.00464225 0.0126123 -0.000545782 -0.0150864 -0.018452
internal_weight=237.029 232.481 118.533 71.8951 65.0298 46.6383 38.5544 113.948 106.411 42.1276 64.2832 8.08399 7.53709
internal_count=1236 1211 635 392 356 243 201 576 533 204 329 42 43
is_linear=0
shrinkage=0.03


Tree=182
num_leaves=16
num_cat=0
split_feature=131 277 96 305 193 38 186 189 280 161 270 204 109 306 97
split_gain=2.40942 3.73825 3.76957 4.85641 3.94999 3.61182 3.80635 5.00309 3.85952 3.8513 3.5655 3.5721 1.94619 1.84904 1.62791
threshold=69.809271121538487 -16.135000000000002 -0.035549999999999991 -0.065066016042491945 141.40862479378842 -0.64829999999999999 0.80958797990310016 5.0946033603459515 -0.6750000000000006 0.7720218781 1.8382323176081725 238.89442471150457 0.50600000000000012 0.20499881469504536 0.37500000000000006
decision_type=2 2 2 2 2 2 2 2 2 2 2 2 2 2 2
left_child=5 -2 3 14 -5 13 9 8 -8 -7 11 -4 -11 -1 -3
right_child=1 2 10 4 -6 6 7 -9 -10 12 -12 -13 -14 -15 -16
leaf_value=0.0045814791359765333 -0.037195368145408629 0 0.0013875417065846536 -0.0046128165783320702 -0.023779973772226543 0.0077022706569824118 -0.015796585945440131 0.031939448734791979 0.011526886158986215 -0.0061216982108176481 0.021254482257102789 -0.024854350256954004 -0.037496395328196472 0.032831467498560717 0.027309488046862767
leaf_weight=3.6691786348819715 2.5051894485950461 3.9634929299354544 123.54494889639318 25.362085543572903 16.137370530515909 5.5535637922584993 7.3860843814909467 6.1981844790279856 12.133442722260956 3.4334891960024834 7.7331624999642363 4.7480602450668803 4.4301385991275311 5.8920748084783554 3.7647015936672688
leaf_count=19 16 23 624 144 96 31 40 29 61 18 38 26 24 29 18
internal_value=5.23159e-05 -0.00147766 -0.000958655 -0.00807351 -0.0121775 0.00600389 0.00185982 0.0086731 0.00100711 -0.0109453 0.0015982 0.000374375 -0.0244229 0.0224605 0.0134551
internal_weight=236.455 187.759 185.254 49.2277 41.4995 48.6962 39.1349 25.7177 19.5195 13.4172 136.026 128.293 7.86363 9.56125 7.72819
internal_count=1236 985 969 281 240 251 203 130 101 73 688 650 42 48 41
is_linear=0
shrinkage=0.03


Tree=183
num_leaves=10
num_cat=0
split_feature=303 104 102 296 307 306 70 193 170
split_gain=2.3543 2.82934 3.88292 3.39951 3.57062 4.44621 2.86178 2.01749 1.42691
threshold=0.30622850432010745 0.46895000000000003 0.443 1.1552604006831293 0.55939222677584099 0.27997802381743125 5.0321500000000006 50.315864330080373 1.0804723236000002
decision_type=2 2 2 2 2 2 2 2 2
left_child=1 3 8 4 5 -1 -5 -2 -3
right_child=7 2 -4 6 -6 -7 -8 -9 -10
leaf_value=-0.00089726655662373199 0.00030018299493118249 0.011343714675715905 -0.0088785725369730055 -0.033627834873062673 -0.022106726741722222 0.010571210160712509 0.0009532421356297522 -0.035469079775061939 0.038217248513399908
leaf_weight=167.03791715204716 2.3279238250106564 3.8109578266739828 4.0375592187046996 4.8493974953889829 6.0015365555882445 37.016121450811625 3.513724647462368 2.9779082722961903 4.3808568716049194
leaf_count=859 15 20 20 33 36 185 19 29 20
internal_value=5.06271e-05 0.000521749 0.0145081 -0.000253904 0.000483023 0.00117262 -0.0189047 -0.0195052 0.0263647
internal_weight=235.954 230.648 12.2294 218.419 210.056 204.054 8.36312 5.30583 8.19181
internal_count=1236 1192 60 1132 1080 1044 52 44 40
is_linear=0
shrinkage=0.03


Tree=184
num_leaves=23
num_cat=0
split_feature=130 18 299 55 125 276 52 298 260 259 257 130 49 131 185 274 158 259 196 69 275 270
split_gain=2.31101 4.28762 5.40841 4.48852 5.26741 3.95247 5.44026 5.40965 4.49658 3.86029 4.43096 4.33717 6.18046 4.3194 4.74019 4.16024 5.21629 3.66532 3.22039 3.18355 3.04771 2.30218
threshold=2.6964500000000005 15.940000000000003 0.7580803647151465 6.0145000000000008 47.197350000000007 0.12412693285783208 0.47895582329317271 1.0361259148613717 -0.70278581896015846 -0.24266850312924521 -0.2238278782597172 1.8421000000000003 0.58080000000000009 434.17284542221751 2.4131014181054984 5.9574356326500633 -0.91141707659999982 0.39489543756642637 46.318407279827625 3.9557000000000007 0.11039925212061261 0.197420176256102
decision_type=2 2 2 2 2 2 2 2 2 2 2 2 2 2 2 2 2 2 2 2 2 2
left_child=9 5 -3 -4 -5 6 17 -8 21 10 15 13 18 14 -11 16 -1 -2 -13 -10 -12 -7
right_child=1 2 3 4 -6 8 7 -9 19 11 20 12 -14 -15 -16 -17 -18 -19 -20 -21 -22 -23
leaf_value=-0.019968672242957924 -0.02558404810871686 0.018205021714761904 0.020992360857358748 -0.019049749312873118 -0.0017250035234228358 0.012069651867276095 0.020941561719620406 -0.0049931445981884984 0.017917156217128857 0.021114839705473384 -0.032866078999269369 0.0092132748984627161 -0.012746127283927685 0.028094298929366362 -0.0097996074535481367 -0.022967355389775505 0.018140557138653965 0.0070597718511928977 0.031794088083377296 -0.015447329152063628 0.0015619288231150117 0.041727250508202994
leaf_weight=4.0621309392154243 10.847622986882923 6.685528475791215 3.873589724302291 37.188324946910143 28.14579658024013 4.9887274056673068 12.189468724653127 17.24107856862247 4.6720273047685605 5.3935014382004764 6.6432170495390874 10.277544729411607 5.2490290440618983 4.3119718022644511 23.090116377919912 4.4055138900876036 13.745753560215237 4.0862602591514579 14.395586036145685 5.4873633235692978 3.2643587812781334 5.3500221371650696
leaf_count=23 58 32 19 203 151 23 64 92 23 24 38 58 33 22 119 27 70 21 68 29 17 22
internal_value=4.82142e-05 -0.0023772 -0.0072258 -0.00974844 -0.0116462 0.00325216 -0.00172624 0.00568138 0.0141287 0.00367823 -0.00471092 0.00802317 0.0162648 0.000385815 -0.00378747 0.00262523 0.00921703 -0.0164648 0.0225844 0 -0.0213207 0.0279568
internal_weight=235.595 140.756 75.8932 69.2077 65.3341 64.8626 44.3644 29.4305 20.4981 94.8387 32.121 62.7177 29.9222 32.7956 28.4836 22.2134 17.8079 14.9339 24.6731 10.1594 9.90758 10.3387
internal_count=1236 737 405 373 354 332 235 156 97 499 175 324 159 165 143 120 93 79 126 52 55 45
is_linear=0
shrinkage=0.03


Tree=185
num_leaves=14
num_cat=0
split_feature=257 255 172 179 153 14 194 13 296 305 197 289 306
split_gain=2.25068 3.52271 4.44484 3.66808 3.92574 3.36415 5.29865 5.37647 3.99392 3.87961 2.49386 2.28373 1.16026
threshold=-4.4633185101721802 -0.028865604801158181 0.87300763445000007 10.598470880400006 2.9232874640500004 23.025000000000002 20.784899950126849 25.125000000000004 1.2098564990372236 -0.15426033113474216 21.805025305737292 4.005359730185627 0.20165391846606825
decision_type=2 2 2 2 2 2 2 2 2 2 2 2 2
left_child=10 2 11 4 -4 8 7 -7 9 -3 -1 12 -2
right_child=1 5 3 -5 -6 6 -8 -9 -10 -11 -12 -13 -14
leaf_value=-0.031196888241435638 0.014660591146874116 0.012945992167710609 0.0040935059247977799 0.02440676963245654 -0.031175038272749631 0.028964675468953045 -0.01984569743865958 -0.0083994876299975825 -0.032210390511909597 -0.0028881029177593477 0.0026971079503818563 0.0011008848731640353 0.03754646231179859
leaf_weight=4.1792570762336245 3.8921615742146987 15.126526087522505 7.2326708771288377 3.7781647592782965 4.436363160610199 11.815831176936632 3.9549399092793456 4.6799424476921549 3.8075293228030196 158.37022442743182 3.2920568212866783 3.6671941429376593 6.5282591432332993
leaf_count=24 20 76 39 19 24 55 23 26 25 832 21 19 33
internal_value=4.91237e-05 0.000597599 0.0102511 -0.000691539 -0.00921103 -0.000833453 0.010633 0.0181967 -0.00217818 -0.00148364 -0.0160277 0.0223817 0.0295041
internal_weight=234.761 227.29 29.5348 15.4472 11.669 197.755 20.4507 16.4958 177.304 173.497 7.47131 14.0876 10.4204
internal_count=1236 1191 154 82 63 1037 104 81 933 908 45 72 53
is_linear=0
shrinkage=0.03


Tree=186
num_leaves=8
num_cat=0
split_feature=41 134 158 298 92 203 105
split_gain=2.29386 3.47674 2.67567 3.49584 5.8027 3.8908 2.11388
threshold=0.20360000000000003 39.778616969150001 -10.550822932799997 0.92738908913131013 1.0000000180025095e-35 238.89442471150457 0.4875000000000001
decision_type=2 2 2 2 2 2 2
left_child=-1 2 6 4 -4 -5 -2
right_child=1 -3 3 5 -6 -7 -8
leaf_value=0.022029499633196854 0.00020830362311879619 -0.027344455248258358 0.024897820256779047 -0.0018532492046135285 0.0010574639222648045 -0.025938139208809694 0.03058374251142338
leaf_weight=4.1004593335092059 4.1370012387633306 4.1134649366140357 11.34519527107477 151.7507788836956 48.231744468212128 6.2197069637477389 4.4582591913640499
leaf_count=25 19 23 58 801 254 34 22
internal_value=4.83716e-05 -0.000339444 0.000150378 -0.000488263 0.00568175 -0.00283632 0.0164792
internal_weight=234.357 230.256 226.143 217.547 59.5769 157.97 8.59526
internal_count=1236 1211 1188 1147 312 835 41
is_linear=0
shrinkage=0.03


Tree=187
num_leaves=11
num_cat=0
split_feature=256 269 113 2 261 131 299 61 0 281
split_gain=2.25218 2.72043 5.41186 4.64018 4.49534 3.61611 3.5826 4.25033 3.81964 3.175
threshold=-0.90841355905861365 1.0473732011311518 12116.835000000001 62.890000000000008 0.31794830037521554 881.21533591583341 0.77578497913292377 2.8450000000000002 79.600000000000009 1.425
decision_type=2 2 2 2 2 2 2 2 2 2
left_child=-1 5 3 9 -5 6 7 -2 -8 -3
right_child=1 2 -4 4 -6 -7 8 -9 -10 -11
leaf_value=-0.019663899540035785 0.031643887851642322 0.039008945858718676 -0.020244509182725707 0.010958784793785962 -0.018354496115650015 0.025803110777419636 -0.0038795611510405786 -0.00077824861344368457 0.020845101460914568 0.0047742711313346923
leaf_weight=4.99580343812704 5.9797194302082053 7.3390702269971353 5.462626911699771 20.880994059145454 5.9238349571824065 4.2856329753994933 160.91374181210995 8.6224625259637815 5.6968357041478148 3.9913303703069687
leaf_count=32 30 35 30 109 36 22 846 46 29 21
internal_value=4.78359e-05 0.000499162 0.00724229 0.0113007 0.00432494 -0.00107257 -0.00173859 0.0124198 -0.00300417 0.0273589
internal_weight=234.092 229.096 43.5979 38.1352 26.8048 185.498 181.213 14.6022 166.611 11.3304
internal_count=1236 1204 231 201 145 973 951 76 875 56
is_linear=0
shrinkage=0.03


Tree=188
num_leaves=24
num_cat=0
split_feature=306 100 123 165 286 290 94 98 41 208 275 98 289 133 272 44 144 160 100 208 311 18 100
split_gain=2.28297 4.11629 4.42903 5.34809 4.30975 4.2215 5.3232 7.59588 4.60328 3.88336 3.79697 3.51142 3.31912 5.67822 5.14685 3.84758 3.31393 2.94464 2.91341 2.88003 2.30895 2.26941 0.365157
threshold=0.2940517751148885 -0.050149999999999993 10.500000000000002 1.2576384850500002 0.56957659026331853 1.3547978301927937 0.22695000000000004 0.26745000000000002 0.34590000000000004 13.4088172066004 0.060262470174850952 0.23095000000000002 1.3921793301794627 12.505811079650002 -0.0091248497201358233 0.47063813559322037 2.3828804316000007 25.139954812650007 0.024000000000000004 34.415719305327244 1.0172984022026421 16.560000000000006 0.063400000000000026
decision_type=2 2 2 2 2 2 2 2 2 2 2 2 2 2 2 2 2 2 2 2 2 2 2
left_child=1 2 3 21 -4 6 8 -8 -3 10 -7 -2 14 18 20 -16 -5 -6 -14 -11 -13 -1 -15
right_child=11 5 4 16 17 9 7 -9 -10 19 -12 12 13 22 15 -17 -18 -19 -20 -21 -22 -23 -24
leaf_value=0.030703559825450866 0.034391460747310136 0.0038967957249680307 0.0060299688355458063 -0.035028045600675801 -0.025317572173771823 -0.018167568211777164 -0.01889034298555315 0.0060993386767140903 0.028726407712258852 -0.035858862090820107 0.0038987016692428405 0.03353272221992714 0.01581694622665732 0.038593029605647276 -0.038846852672475625 -0.0037782863941215089 0.0029417697087457616 -0.0039621390621033866 -0.02079826406490504 -0.00081523427477574379 0 0.0034970977498638024 0.021141150063371607
leaf_weight=5.3130871802568453 3.6361924596130839 13.930552814155819 7.3269888237118712 3.8451833613216868 21.123473571613435 9.1246706414967758 14.009787777438758 48.650260481983423 13.557118661701677 5.7819376289844495 28.951418817043304 3.3164357841014853 3.4060788378119451 4.4644265174865723 4.252508312463763 8.6929468959569913 4.0434055998921394 8.5490968003869039 4.2335932590067387 3.578437864780426 4.2094121295958757 6.2686937414109707 3.5100864544510841
leaf_count=27 20 72 36 25 126 60 75 236 65 33 146 15 16 22 22 44 20 50 24 21 26 34 21
internal_value=4.77633e-05 -0.00128139 -0.00810221 0.00334536 -0.0141999 0.0015002 0.00532756 0.000443046 0.0163114 -0.00570605 -0.00134448 0.00660338 0.00363307 0.014051 -0.00419692 -0.0157376 -0.0153974 -0.0192995 -0.00409265 -0.0229292 0.0152071 0.0163907 0.0316399
internal_weight=233.776 194.054 56.4699 19.4704 36.9996 137.584 90.1477 62.66 27.4877 47.4365 38.0761 39.7217 36.0855 15.6142 20.4713 12.9455 7.88859 29.6726 7.63967 9.36038 7.52585 11.5818 7.97451
internal_count=1236 1026 318 106 212 708 448 311 137 260 206 210 190 83 107 66 45 176 40 54 41 61 43
is_linear=0
shrinkage=0.03


Tree=189
num_leaves=18
num_cat=0
split_feature=131 208 31 290 186 273 256 95 305 198 203 45 299 296 38 71 259
split_gain=2.22844 3.5636 4.69926 3.66105 3.46512 3.70359 3.31049 3.3929 4.5257 3.70667 2.88516 5.39447 3.74818 2.5388 2.35196 1.71792 1.20753
threshold=69.809271121538487 2.2317890627033945 1.0000000180025095e-35 0.89847929491145428 0.82732602038115133 0.9833460175729718 -0.90841355905861365 -0.43874999999999992 -0.13767711962833909 0.68792805362357123 104.11745923378199 0.45575000000000004 0.79929540935211885 0.97553119894049767 0.084050000000000014 32.525000000000006 -0.054713545140024931
decision_type=2 2 2 2 2 2 2 2 2 2 2 2 2 2 2 2 2
left_child=1 2 13 -4 14 15 -2 8 -8 -10 12 -12 -9 -1 -3 -6 -5
right_child=6 4 3 16 5 -7 7 10 9 -11 11 -13 -14 -15 -16 -17 -18
leaf_value=0.032483807364860895 -0.027400404427492871 0.014914172705574831 0.0013184302052896629 -0.039696938348730511 0.011471766027029975 -0.0033355739936418139 0.015678744406770553 0.021034197947609683 -0.021814347850816967 -0.0034626276960476447 -0.038979670122210083 0.0007526453277608904 0.0015770403159221077 0 -0.019599852090381717 0.036343048140443944 -0.013055041571433708
leaf_weight=3.9798265844583511 4.2222713977098456 3.1134817600250271 8.0403573960065824 3.7638891339302054 4.1786851733922985 4.0199766010045996 6.2871403358876696 9.6647832319140417 17.46353754773736 23.911712631583214 4.2360841035842887 10.083357211202381 109.16968718916178 4.5039342381060123 3.7866269834339619 8.9887168854475004 3.5072248280048388
leaf_count=19 27 18 38 23 23 20 32 47 104 141 23 53 558 24 22 45 19
internal_value=4.77705e-05 0.00582167 -0.00230435 -0.0123119 0.0139495 0.0211515 -0.00143248 -0.00079471 -0.00766583 -0.0113147 0.0016462 -0.010982 0.00320107 0.0153408 -0.00360721 0.0288222 -0.0276047
internal_weight=232.921 47.8827 23.7952 15.3115 24.0875 17.1874 185.039 180.816 47.6624 41.3753 133.154 14.3194 118.834 8.48376 6.90011 13.1674 7.27111
internal_count=1236 251 123 80 128 88 985 958 277 245 681 76 605 43 40 68 42
is_linear=0
shrinkage=0.03


Tree=190
num_leaves=11
num_cat=0
split_feature=303 125 269 113 261 277 269 185 185 29
split_gain=2.24296 3.5464 3.29651 5.00944 4.42246 4.22521 3.4902 2.66345 2.60232 1.46506
threshold=0.087141989315513882 105.34610000000002 1.0473732011311518 11985.370000000001 0.30030660866643849 -14.209999999999999 0.55769045259327055 3.9882640353685246 2.1569365411329215 1.0000000180025095e-35
decision_type=2 2 2 2 2 2 2 2 2 2
left_child=1 2 5 4 -4 -1 -7 8 -2 -9
right_child=7 -3 3 -5 -6 6 -8 9 -10 -11
leaf_value=-0.031196218638061896 -0.016249809089785929 0.025342871394741319 0.017967790590827738 -0.018910098218464164 -0.0077530821423748703 0.00084611799318746875 -0.012478138064925268 -0.036385786622883692 0.013343118723975851 -0.0072055240782948372
leaf_weight=4.1162387132644644 4.9498301297426242 5.1169932410120955 26.935819879174232 5.1964368894696227 7.4923110716044894 145.93948373571038 19.999602273106575 3.9737202022224656 5.5713788866996765 3.0770105887204409
leaf_count=24 33 27 135 29 45 742 105 33 37 26
internal_value=4.60082e-05 0.000903679 0.000281172 0.00807445 0.0122772 -0.00152079 -0.000748251 -0.0102141 -0.000318692 -0.0243496
internal_weight=232.369 214.797 209.68 39.6246 34.4281 170.055 165.939 17.5719 10.5212 7.05073
internal_count=1236 1107 1080 209 180 871 847 129 70 59
is_linear=0
shrinkage=0.03


Tree=191
num_leaves=18
num_cat=0
split_feature=56 56 153 96 179 262 298 38 296 50 184 125 298 72 15 10 55
split_gain=2.22306 4.34149 4.2112 4.40068 4.84176 4.73204 3.95372 3.39637 5.00397 5.17321 4.19821 5.51794 4.73425 2.75477 2.13788 1.81425 0.511033
threshold=14.640708333333334 16.310000000000006 0.42397021965000009 -0.04084999999999999 -0.71823521482499963 -1.5894197326293242 1.2116503306155997 -0.84374999999999989 0.96342929826856794 -0.1103 2.138594579363795 32.278250000000007 0.94727163277520299 2.2750000000000004 16.440000000000001 15.975000000000003 15.687583333333334
decision_type=2 2 2 2 2 2 2 2 2 2 2 2 2 2 2 2 2
left_child=7 13 6 5 -5 -4 15 14 9 -9 12 -12 -10 -2 -1 -3 -15
right_child=1 2 3 4 -6 -7 -8 8 10 -11 11 -13 -14 16 -16 -17 -18
leaf_value=0.0043020780578170012 0 -0.0038726061290828249 0.01140558838523807 0.00097277822259232379 0.019861232290400418 -0.018505610165315583 0.015222250516718081 0.0094612302894293929 0.016197313721071301 -0.031173951087655034 -0.0010469691199125957 0.015409303508624465 -0.02069811720893169 -0.020357648380243964 0.034257613042274905 -0.030013841390182511 -0.04057430299696544
leaf_weight=4.3189748246222717 3.9396628662943822 3.6738091725856057 6.453660715371373 58.249863915145397 15.492650903761385 16.569526227191091 2.895964737981557 4.2120225802063942 4.1989728510379782 7.6927163377404195 36.69583403877914 35.91219924017787 10.919228531420229 3.4324276074767113 4.8126136437058449 8.9266194328665716 3.6612755265086889
leaf_count=22 21 28 34 297 76 103 15 19 21 38 192 179 62 19 26 62 22
internal_value=4.20091e-05 -0.00270166 -0.000900778 0.00140111 0.00500323 -0.00997836 -0.0153839 0.00317948 0.00153233 -0.0165878 0.00404154 0.0070611 -0.0102144 -0.0205831 0.0206146 -0.0227188 -0.0316281
internal_weight=232.058 123.295 112.262 96.7657 73.7425 23.0232 15.4964 108.763 99.631 11.9047 87.7262 72.608 15.1182 11.0334 9.13159 12.6004 7.0937
internal_count=1236 677 615 510 373 137 105 559 511 57 454 371 83 62 48 90 41
is_linear=0
shrinkage=0.03


Tree=192
num_leaves=8
num_cat=0
split_feature=68 283 142 164 20 260 1
split_gain=2.18425 2.78918 3.90187 3.53259 3.47817 4.25256 2.94401
threshold=508.84570000000008 3.3100000000000001 2.4062547741000002 0.010094006960000002 -0.95999999999999985 -0.61995876863149213 79.840000000000018
decision_type=2 2 2 2 2 2 2
left_child=1 2 -1 -4 -3 -6 -5
right_child=-2 4 3 6 5 -7 -8
leaf_value=0.02725554117306609 -0.021768316877880185 0.028125943368611555 -0.025937855878905382 -0.0011418246835009772 -0.020969416261205211 0.018708791945787298 0.019112867742552803
leaf_weight=4.3605832867324343 3.9556245021522036 7.0250502228736904 4.9294681362807742 194.98701771721244 4.4053400084376344 5.1751017570495579 6.5724107213318339
leaf_count=22 25 35 33 1037 24 25 35
internal_value=3.98547e-05 0.000441699 -0.000479282 -0.00109241 0.0122484 0.000125659 -0.000457337
internal_weight=231.411 227.455 210.849 206.489 16.6055 9.58044 201.559
internal_count=1236 1211 1127 1105 84 49 1072
is_linear=0
shrinkage=0.03


Tree=193
num_leaves=14
num_cat=0
split_feature=196 187 254 149 49 195 203 1 123 69 62 158 46
split_gain=2.15268 3.01043 6.34982 4.84854 3.80512 2.99206 5.08923 4.64339 4.55827 4.50953 6.64959 3.13666 2.81233
threshold=91.499534579346516 0.2034672017912614 0.15849585682963774 -0.43391231609999997 0.35115000000000007 19.55588997837787 83.618003953847051 79.430000000000021 16.500000000000004 3.0064500000000005 0.42585000000000001 -0.93476738984999985 -0.24519999999999997
decision_type=2 2 2 2 2 2 2 2 2 2 2 2 2
left_child=1 2 3 -1 -5 6 7 -3 -8 10 -7 -11 -4
right_child=-2 5 12 4 -6 9 8 -9 -10 11 -12 -13 -14
leaf_value=0.0256321618179912 0.018140213385941479 -0.0022711572663096508 -0.0044148074015759303 0.014192262916932766 -0.024136490809126398 0.02299581486350533 -0.038756079626093592 0.031637915471024597 0.00012446778524655936 0.012888825410950315 -0.007297374156169256 -0.0024068771444715705 -0.041199952584493757
leaf_weight=4.962089069187642 5.6727360524237147 75.237466860562563 2.9627636596560478 3.4507781639695168 6.3952004052698612 21.434557102620605 6.3075931370258314 3.7152135148644438 4.441879864782095 14.617745470255612 9.1113962754607183 66.610183238983154 6.2486722730100137
leaf_count=26 28 404 15 19 33 109 35 18 25 81 50 355 38
internal_value=3.87338e-05 -0.000411182 -0.010436 0.00156791 -0.0103939 0.00077366 -0.00328684 -0.000599573 -0.0225603 0.00405919 0.0138676 0.000321307 -0.0298651
internal_weight=231.168 225.496 24.0195 14.8081 9.84598 201.476 89.7022 78.9527 10.7495 111.774 30.546 81.2279 9.21144
internal_count=1236 1208 131 78 52 1077 482 422 60 595 159 436 53
is_linear=0
shrinkage=0.03


Tree=194
num_leaves=25
num_cat=0
split_feature=306 99 64 123 270 276 290 94 102 63 174 208 162 18 98 289 133 140 69 125 100 68 258 99
split_gain=2.20329 3.8868 4.88013 5.00796 3.94474 4.55015 3.85655 4.83807 7.19876 4.35329 3.80819 3.67024 4.12978 3.63445 3.34123 3.10816 5.42085 4.41409 3.6797 3.06913 2.68265 2.40389 1.21273 0.34788
threshold=0.2940517751148885 -0.20889999999999997 333.50000000000006 10.500000000000002 0.32220365791695288 0.11149029621861663 1.3547978301927937 0.22695000000000004 0.25495000000000007 0.34570000000000006 0.98990397140000008 13.4088172066004 1.3196509700500003 19.185000000000006 0.23095000000000002 1.3921793301794627 12.505811079650002 -0.04081161259999995 4.9500000000000011 47.197350000000007 0.024000000000000004 32.843100000000007 0.031735312626132391 0.26015000000000005
decision_type=2 2 2 2 2 2 2 2 2 2 2 2 2 2 2 2 2 2 2 2 2 2 2 2
left_child=1 2 3 10 22 -6 7 9 -9 -3 -1 12 -8 -5 -2 17 20 21 -19 -13 -17 -16 -4 -18
right_child=14 6 4 13 5 -7 11 8 -10 -11 -12 19 -14 -15 15 16 23 18 -20 -21 -22 -23 -24 -25
leaf_value=0.026093513302453807 0.034074400147653124 0.003567373843530413 -0.016523781560026835 -0.016233786391802889 0.017814401088159047 -0.027841954907824193 -0.0082311807425590883 -0.025838294677421783 0.0044400547005896476 0.027872266757518496 -0.0076860079892992943 -0.034891648895115715 0.012836230070649414 0.011164659394876906 0.031881043147472324 0.015132939432575808 0.038089270617062049 -0.0014127561148749379 -0.034850017164325578 0.00040905203413942021 -0.02023873612498079 -0.0011175723397668224 -0.038433582609557711 0.020796406364309197
leaf_weight=8.0841591842472535 3.525597319006919 13.822797674685718 4.460073336958887 17.797794567421082 4.1825681105256072 3.5027819462120533 25.328454561531544 8.0252827238291484 53.983585815876722 13.313534911721943 4.5068417452275744 5.9971835128962976 12.349050315096973 5.5474276561290017 3.4633537158370009 3.3663645759224874 4.3593870885670185 7.6794949546456355 4.9456910602748394 3.2187484242022038 4.1589324399828911 4.1006955802440643 7.4823315292596817 3.4662525728344917
leaf_count=41 20 72 26 100 19 23 147 44 267 65 29 34 59 31 18 16 22 38 27 20 24 24 49 21
internal_value=3.72465e-05 -0.00127438 -0.00796089 -0.00128626 -0.0199609 -0.00269957 0.00143849 0.00511763 0.00043779 0.0156605 0.0138007 -0.0054878 -0.00123109 -0.0095754 0.00653369 0.00362952 0.0138038 -0.00398852 -0.0149179 -0.0223685 -0.0040312 0.0138189 -0.0307053 0.0311672
internal_weight=230.668 191.603 55.564 35.9362 19.6278 7.68535 136.039 89.1452 62.0089 27.1363 12.591 46.8934 37.6775 23.3452 39.0658 35.5402 15.3509 20.1892 12.6252 9.21593 7.5253 7.56405 11.9424 7.82564
internal_count=1236 1026 318 201 117 42 708 448 311 137 70 260 206 131 210 190 83 107 65 54 40 42 75 43
is_linear=0
shrinkage=0.03


Tree=195
num_leaves=15
num_cat=0
split_feature=303 124 15 49 61 206 283 167 308 306 193 301 203 115
split_gain=2.16431 3.12897 4.40132 4.20567 3.9793 5.89381 3.75016 3.39233 3.30365 3.52804 2.94836 2.44218 0.96273 0.940548
threshold=0.087141989315513882 75.577727777777795 18.940000000000001 0.4159500000000001 5.3450000000000015 -7.9609690632252166 -4.754999999999999 0.19406098819999995 0.58750000000000013 0.30408123016896554 30.628693158079034 0.1812070043777361 2.7740375938425852 0.35425000000000006
decision_type=2 2 2 2 2 2 2 2 2 2 2 2 2 2
left_child=1 4 3 -3 8 -6 -7 -5 9 -1 -2 12 -12 -4
right_child=10 2 13 7 5 6 -8 -9 -10 -11 11 -13 -14 -15
leaf_value=0.0011423562629335159 0.0087376231368610172 -0.018861173813131644 0.015269007400132224 0.0011377501354409754 0.013815043890147032 -0.037804267902561806 -0.010353672420244417 0.021685974247687548 -0.019231633065257075 0.021672436625734242 -0.037652239074212362 -0.00062540701329526574 -0.013032625500416877 0.037092452768047901
leaf_weight=110.93826339393854 5.0161018874496248 6.3816899582743636 4.495098013430832 24.489354632794857 7.4012968242168418 5.6485023349523571 23.888444572687149 10.37919310107827 6.483166489750146 8.0254563912749273 4.5486731342971307 4.7850655280053616 2.9492144640535116 4.3224875330924988
leaf_count=562 30 34 24 126 38 36 133 54 32 45 38 34 27 23
internal_value=3.62731e-05 0.000881955 0.00743862 0.00321584 -0.00112452 -0.00977518 -0.0158143 0.00738458 0.00140456 0.00256958 -0.0101227 -0.0180754 -0.0286622 0.0265995
internal_weight=229.752 212.453 50.0678 41.2502 162.385 36.9382 29.5369 34.8685 125.447 118.964 17.2991 12.283 7.49789 8.81759
internal_count=1236 1107 261 214 846 207 169 180 639 607 129 99 65 47
is_linear=0
shrinkage=0.03


Tree=196
num_leaves=15
num_cat=0
split_feature=56 187 133 296 203 152 288 256 258 127 22 193 131 149
split_gain=2.14008 3.24638 3.44475 4.24314 4.13343 3.8454 3.73408 3.05146 4.02376 2.67795 2.4095 2.36236 1.99733 0.686707
threshold=4.9365000000000014 0.23385690516193181 6.530532354950001 1.1552604006831293 -36.825004066620039 0.19926990515000004 1.0238148145714128 -0.0023146139414316753 0.10775112533744614 2.3408206578947373 -0.14499999999999999 148.39453548798525 190.12491336307974 -0.43391231609999997
decision_type=2 2 2 2 2 2 2 2 2 2 2 2 2 2
left_child=9 7 4 5 -3 -4 -6 8 -2 -1 13 -10 -5 -9
right_child=1 2 3 12 6 -7 -8 10 11 -11 -12 -13 -14 -15
leaf_value=0.028484887334153955 0.020886821369268352 0.031538086783251505 -0.015395148846633401 -0.033549390498279208 0.020269839563129555 0.0018208909228559483 -0.0094342595143602492 -0.018137159599275251 0 -0.0007465125473402177 -0.0037797593123844227 -0.028691354405152473 -0.0032318570608737087 -0.040061459843295899
leaf_weight=5.1436915472149831 4.9280703049153116 6.6602020002901581 12.57113075815141 4.8908446021378023 6.5108368135988703 147.22516201063991 8.7738037221133691 3.1199924647808075 6.6115702576935274 5.6772919446229935 4.8118606805801374 4.2418515346944332 3.6435749530792236 4.4258506000041962
leaf_count=36 29 32 81 33 34 765 48 18 35 30 24 24 21 26
internal_value=3.48397e-05 -0.000599791 0.00079389 -0.000649225 0.0119523 0.000438966 0.00307338 -0.0100995 -0.00112843 0.0130074 -0.0212141 -0.0114979 -0.0211408 -0.0317445
internal_weight=229.236 218.415 190.276 168.331 21.9448 159.796 15.2846 28.1392 15.7815 10.821 12.3577 10.8534 8.53442 7.54584
internal_count=1236 1170 1014 900 114 846 82 156 88 66 68 59 54 44
is_linear=0
shrinkage=0.03


Tree=197
num_leaves=15
num_cat=0
split_feature=105 48 46 70 200 71 262 64 287 10 288 106 154 206
split_gain=2.11243 3.31149 3.34829 3.00622 2.79206 3.01499 3.73359 3.24334 5.15695 4.69378 1.66841 2.43087 1.51858 0.316278
threshold=0.55415000000000014 0.4811457983193278 -0.024952772100308798 9.6792500000000015 0.24906744335939415 12.460000000000003 -0.70226466349629357 331.50000000000006 1.2665333740333742 15.750000000000002 0.87643569634564178 0.28715000000000007 3.2259384843000003 2.7998521357378743
decision_type=2 2 2 2 2 2 2 2 2 2 2 2 2 2
left_child=4 2 -2 10 5 6 -1 8 -7 -9 11 -3 -8 -12
right_child=1 3 -4 -5 -6 7 12 9 -10 -11 13 -13 -14 -15
leaf_value=0.036375526956126218 0.011327194537622138 -0.0080543935764097671 -0.029064410292594611 -0.0046715805818758303 0.017507911482320906 0.012007695786424017 0.013332229032039334 -0.019933104862307455 -0.006300068374540369 -0.0030521736600433889 0.039362143110717826 0.022325272334347428 -0.013058974254760276 0.021964479574430498
leaf_weight=3.9217975400388241 3.2774549536406994 3.6055060401558929 3.8271359167993095 6.0450468249618998 6.890145815908908 29.014691684395075 3.9711846187710744 17.249048015102744 26.103632193058729 107.91994910500944 3.2401725202798835 6.0540850237011909 3.6738972775638103 3.9959488473832607
leaf_count=22 18 21 24 34 33 149 20 103 149 568 14 35 20 26
internal_value=3.08888e-05 0.00744386 -0.0101162 0.0130326 -0.00107787 -0.00176975 0.0129675 -0.00273855 0.00328724 -0.00541647 0.0195336 0.0107121 0.000257549 0.0305941
internal_weight=228.79 30.0454 7.10459 22.9408 198.744 191.854 11.5669 180.287 55.1183 125.169 16.8957 9.65959 7.64508 7.23612
internal_count=1236 172 42 130 1064 1031 62 969 298 671 96 56 40 40
is_linear=0
shrinkage=0.03


Tree=198
num_leaves=8
num_cat=0
split_feature=303 125 256 65 254 107 192
split_gain=2.08544 3.056 2.56054 2.76142 3.32744 3.3015 2.11278
threshold=0.30622850432010745 105.34610000000002 -0.90841355905861365 20240176.000000004 0.24483549392908902 0.74495000000000011 23.480797017325816
decision_type=2 2 2 2 2 2 2
left_child=1 2 -1 5 -5 -4 -2
right_child=6 -3 3 4 -6 -7 -8
leaf_value=-0.022357144402054371 0.0030057489501891742 0.023312882145328923 -0.0019331374691053014 0.016001922346945113 -0.013118806616871969 0.012378172812587688 -0.034840561770550983
leaf_weight=4.4383283033967009 2.0833618603646746 5.0541729051619759 175.75204975530505 18.155004518106583 4.1851360630244008 15.686412516981362 2.9543653912842274
leaf_count=28 14 30 888 140 28 78 30
internal_value=3.15288e-05 0.000479268 -4.62814e-05 0.000413132 0.0103787 -0.00073896 -0.0188514
internal_weight=228.309 223.271 218.217 213.779 22.3401 191.438 5.03773
internal_count=1236 1192 1162 1134 168 966 44
is_linear=0
shrinkage=0.03


Tree=199
num_leaves=15
num_cat=0
split_feature=43 41 310 194 69 62 62 13 95 176 105 112 208 278
split_gain=2.09454 3.18508 4.66674 5.84474 4.78923 3.87915 6.51979 4.61091 3.61224 3.51607 4.71148 2.65257 2.56732 2.24467
threshold=-0.26059999999999994 0.63675000000000015 0.1605803781649818 5.1472372296652926 2.7674000000000007 0.7672500000000001 0.59975000000000012 24.675000000000004 0.13425000000000001 -0.53210801119999995 0.53750000000000009 3345.5650000000001 2.9583366394095667 -0.57000000000000373
decision_type=2 2 2 2 2 2 2 2 2 2 2 2 2 2
left_child=13 5 4 -4 -3 6 7 -2 -8 12 -11 -6 -7 -1
right_child=1 2 3 -5 11 9 8 -9 -10 10 -12 -13 -14 -15
leaf_value=0.0010716338612531656 0.0019895899072081887 0.016478372962931712 -0.01880408273121369 0.030478875281010957 -0.0067085757335940176 0.0066073021304433885 -0.00083265753749365797 -0.017718770266542991 -0.038724846720707529 -0.0038556171562959076 0.023585549961562674 -0.032177401675358208 0.035953364953753723 0.03427736408113493
leaf_weight=4.6270498707890511 129.82301367074251 2.9916517212987008 3.7312291879206878 4.7860354483127594 5.9899942427873638 5.1966772191226465 3.8212472703307849 11.534590307623146 6.1356392335146666 20.88832746818662 7.5479018893092862 11.413944490253924 6.3272280395030975 3.1723104268312445
leaf_count=27 691 14 23 24 35 26 23 64 35 111 41 75 29 18
internal_value=3.00291e-05 -0.000501084 -0.00977224 0.00857327 -0.0175842 0.000889031 -0.00129047 0.000348817 -0.0246338 0.00919953 0.00338016 -0.0236715 0.0231486 0.0152205
internal_weight=227.987 220.187 28.9129 8.51726 20.3956 191.275 151.314 141.358 9.95689 39.9601 28.4362 17.4039 11.5239 7.79936
internal_count=1236 1191 171 47 124 1020 813 755 58 207 152 110 55 45
is_linear=0
shrinkage=0.03


Tree=200
num_leaves=6
num_cat=0
split_feature=41 134 182 182 269
split_gain=2.06624 3.08119 2.42787 3.73987 2.58747
threshold=0.20360000000000003 39.778616969150001 7.0838719804112253 5.7862294786649242 1.0685454702537693
decision_type=2 2 2 2 2
left_child=-1 2 3 4 -2
right_child=1 -3 -4 -5 -6
leaf_value=0.021165157386015307 -0.0015157267176439647 -0.026205216965344239 -0.019558704335744696 0.029325234096048463 0.0069750098448792888
leaf_weight=3.9926396533846846 170.40081201866269 3.9719479195773593 5.3908032141625872 3.9146525561809531 39.741054937243462
leaf_count=25 919 23 33 19 217
internal_value=2.9501e-05 -0.000344085 0.000122055 0.000640605 7.82866e-05
internal_weight=227.412 223.419 219.447 214.057 210.142
internal_count=1236 1211 1188 1155 1136
is_linear=0
shrinkage=0.03


Tree=201
num_leaves=21
num_cat=0
split_feature=56 56 153 95 262 179 178 106 132 280 195 188 10 310 298 72 106 16 10 55
split_gain=2.04925 4.04982 3.80316 3.99483 4.42874 4.32881 3.72973 5.44768 6.46243 7.48829 4.50943 4.43906 4.63742 4.11637 3.68563 2.64308 2.51097 2.4729 1.68712 0.448194
threshold=14.640708333333334 16.310000000000006 0.42397021965000009 -0.51054999999999995 -1.5894197326293242 -0.71823521482499963 1.3401821186499998 0.30590000000000006 77.70516132500002 -0.4500000000000019 15.89443186645115 7.7751297636831209 20.475000000000005 -0.037458066238664697 1.2116503306155997 2.2750000000000004 0.35610000000000003 17.060000000000006 15.975000000000003 15.687583333333334
decision_type=2 2 2 2 2 2 2 2 2 2 2 2 2 2 2 2 2 2 2 2
left_child=6 15 14 4 -4 -5 7 11 16 -10 17 12 -1 -12 18 -2 -9 -8 -3 -17
right_child=1 2 3 5 -6 -7 10 8 9 -11 13 -13 -14 -15 -16 19 -18 -19 -20 -21
leaf_value=0.0022724582386986513 0 -0.0037163212618876872 0.011184948318944524 0.00093797629679189735 -0.018021751612065581 0.019007721553162802 -0.037766768648191257 0.032243819382680769 -0.034869922108698277 0.012040428916238789 0.02784282970569148 0.026015764791628367 -0.018861023623947256 -0.010563869740655672 0.01495663240989928 -0.020208156249216701 0.010721146752317128 -0.0042287868467849122 -0.029303049212742086 -0.039871336881606823
leaf_weight=32.163045620545745 3.8483467400073987 3.5935759879648677 6.3424380160868195 57.203830281272531 16.174922788515687 15.120321523398159 5.1806292757391947 14.155057597905399 4.1219221800565711 11.025519624352453 4.0246265083551407 4.8986486345529547 12.961067711934446 6.2127100788056833 2.8306063227355471 3.3313523456454277 8.3912908397614938 3.5586279779672623 8.6035254597663862 3.5352428276091814
leaf_count=169 21 28 34 297 103 76 30 67 20 55 21 23 73 34 15 19 47 20 62 22
internal_value=2.83965e-05 -0.00263681 -0.000883205 0.00131459 -0.00964941 0.00477815 0.00306834 0.00569855 0.014299 -0.000673035 -0.0088983 -0.000737889 -0.00375969 0.00436811 -0.014869 -0.0201661 0.0244487 -0.0246518 -0.0221 -0.0311893
internal_weight=227.277 120.584 109.869 94.8415 22.5174 72.3242 106.693 87.7166 37.6938 15.1474 18.9766 50.0228 45.1241 10.2373 15.0277 10.7149 22.5463 8.73926 12.1971 6.8666
internal_count=1236 677 615 510 137 373 559 454 189 75 105 265 242 55 105 62 114 50 90 41
is_linear=0
shrinkage=0.03


Tree=202
num_leaves=21
num_cat=0
split_feature=130 125 200 128 1 298 199 94 94 259 130 49 160 131 129 257 101 196 288 203
split_gain=2.04489 3.85596 5.58826 4.16583 6.57329 5.60215 3.77306 3.99184 3.76169 3.54966 4.02093 5.49251 3.96827 3.87442 4.05851 3.13761 3.11219 2.86116 2.85145 1.92901
threshold=2.6964500000000005 45.768200000000007 0.20240372197112375 3.3369000000000004 59.185000000000009 1.1850529100529104 40.919970199819751 0.55270000000000008 0.47100000000000003 -0.24266850312924521 1.8421000000000003 0.58080000000000009 11.339962818750001 434.17284542221751 2.5232230769230779 -0.093745630589677373 0.49165000000000009 46.318407279827625 0.82375460552624291 17.1721126940426
decision_type=2 2 2 2 2 2 2 2 2 2 2 2 2 2 2 2 2 2 2 2
left_child=9 2 3 5 -5 -2 7 8 -3 12 13 17 16 14 -11 18 -1 -12 -14 -8
right_child=1 6 -4 4 -6 -7 19 -9 -10 10 11 -13 15 -15 -16 -17 -18 -19 -20 -21
leaf_value=0.024863619428936116 -0.0083495446862412413 0.0048873029329378689 0.025303580833547716 0.01386483914532868 -0.031287524398494831 0.026599861557239011 -0.034501901214249085 -0.020773978302335551 0.031988173847125538 0.0010002826757616007 0.0090551935158883247 -0.012084955527509324 0.0084627286865559294 0.027203131142191056 -0.031056071487562099 -0.032673971915837763 -0.0074737899725681334 0.030827727403236058 -0.017290347857113739 -0.0022632960159720459
leaf_weight=5.7384032569825667 40.919932894408703 51.250501276925206 4.2538276612758628 3.484808266162875 14.061402782797812 4.4627158157527438 3.253308391198515 4.7705701962113372 5.0460932180285445 23.600161200389273 9.884418394416576 5.0149562489241353 6.9662872366607216 4.1062341183423987 4.0534268021583548 5.1209737956523886 4.6856939345598221 13.790419571101664 8.2389471754431707 3.7907792925834656
leaf_count=31 228 278 19 18 81 22 20 25 26 122 58 33 42 22 21 29 27 68 46 20
internal_value=2.61814e-05 -0.00230024 -0.00740659 -0.00970195 -0.0221222 -0.0047959 0.00269599 0.00513999 0.00742207 0.00350899 0.00774484 0.015867 -0.00471881 0.000286897 -0.00368537 -0.0124826 0.0101098 0.02194 -0.00531735 -0.0178471
internal_weight=226.494 135.294 67.1827 62.9289 17.5462 45.3826 68.1113 61.0672 56.2966 91.1999 60.4496 28.6898 30.7503 31.7598 27.6536 20.3262 10.4241 23.6748 15.2052 7.04409
internal_count=1236 737 368 349 99 250 369 329 304 499 324 159 175 165 143 117 58 126 88 40
is_linear=0
shrinkage=0.03


Tree=203
num_leaves=15
num_cat=0
split_feature=306 99 294 132 75 56 0 279 174 167 192 0 3 297
split_gain=2.03419 3.67102 4.40147 3.81287 4.34777 3.67852 3.6376 4.32093 3.60302 3.18277 3.52007 2.96564 4.12715 3.48834
threshold=0.2940517751148885 -0.20889999999999997 1.3976229360420616 57.341376072500005 18.755000000000006 4.495000000000001 80.265000000000015 -15.249999999999998 0.94202748510000012 -1.0680628381499999 23.9928326484557 72.075000000000003 65.935000000000016 1.073692180631675
decision_type=2 2 2 2 2 2 2 2 2 2 2 2 2 2
left_child=1 2 3 4 -1 -3 7 -7 -5 -2 -11 12 -12 -13
right_child=9 5 -4 8 -6 6 -8 -9 -10 10 11 13 -14 -15
leaf_value=0.0072632017059599584 -0.015766017086450753 0.025922765029792398 0.023982944331347757 -0.0065586465731611128 -0.022681238193596749 -0.026471014611393152 0.025533465516012082 0.00058083425189872499 -0.028178389347159705 0.029993761195409165 0.010798395084991072 0.0013322395789870877 -0.01963300202794007 0.03563910592285565
leaf_weight=16.232333038002256 4.8986705653369418 5.1966277286410323 3.5097668692469588 14.63918815739453 5.8469048477709284 5.4589968770742408 4.8787432909011832 117.9470129776746 14.061772011220453 6.2258628644049159 8.4045079462230223 6.2478562742471677 7.4171676449477664 4.8303133919835091
leaf_count=82 30 33 18 86 41 33 24 618 91 32 48 34 44 22
internal_value=2.5576e-05 -0.00124324 -0.00782149 -0.0101215 -0.000597772 0.00141368 0.000378067 -0.000612007 -0.0173163 0.00635674 0.00975617 0.00486741 -0.00331306 0.0167441
internal_weight=225.796 187.771 54.29 50.7802 22.0792 133.481 128.285 123.406 28.701 38.0244 33.1257 26.8998 15.8217 11.0782
internal_count=1236 1026 318 300 123 708 675 651 177 210 180 148 92 56
is_linear=0
shrinkage=0.03


Tree=204
num_leaves=14
num_cat=0
split_feature=43 41 310 194 69 42 42 208 259 13 94 14 280
split_gain=2.00941 3.00995 4.30381 5.56574 4.42805 3.61181 5.77554 4.3691 4.27661 4.02147 3.52693 3.09085 2.20448
threshold=-0.26059999999999994 0.63675000000000015 0.1605803781649818 5.1472372296652926 2.7674000000000007 0.77575000000000005 0.6039500000000001 8.2487160938261486 1.7976484362118217 24.675000000000004 0.43350000000000005 22.875000000000004 -1.3500000000000003
decision_type=2 2 2 2 2 2 2 2 2 2 2 2 2
left_child=12 5 4 -4 -3 6 9 -8 10 -2 -7 -6 -1
right_child=1 2 3 -5 11 8 7 -9 -10 -11 -12 -13 -14
leaf_value=-0.0016821207865664923 0.0018831600230924301 0.015811861264743911 -0.018730685138711772 0.029750536239654988 -0.029402755376646703 0.015883858414548611 -0.03613440820459575 0.0028741906027984817 -0.019059228608951543 -0.016836460691533713 -0.0082027750748648858 0.0017658604857005698 0.02962829216111813
leaf_weight=3.5204152390360832 124.45322021469474 2.9422256797552171 3.6745464466512185 4.6998601257801056 13.69768847897649 31.953683419153094 7.0661764573305827 3.8078749645501375 4.3597318716347209 11.155826177448033 6.3551413528621188 3.3746505305171004 4.1479239463806143
leaf_count=19 669 14 23 24 92 163 39 24 29 63 33 18 26
internal_value=2.63421e-05 -0.000495467 -0.00959503 0.00815379 -0.0171742 0.000858745 -0.00136215 -0.0222993 0.00853868 0.00030982 0.011799 -0.0230926 0.0150314
internal_weight=225.209 217.541 28.389 8.37441 20.0146 189.152 146.483 10.8741 42.6686 135.609 38.3088 17.0723 7.66834
internal_count=1236 1191 171 47 124 1020 795 63 225 732 196 110 45
is_linear=0
shrinkage=0.03


Tree=205
num_leaves=12
num_cat=0
split_feature=68 284 99 64 133 152 127 61 184 262 106
split_gain=1.96568 2.40385 3.08181 4.49134 3.04998 3.98712 2.85338 3.10424 2.83248 2.74006 0.528431
threshold=508.84570000000008 -6.2449999999999992 -0.53994999999999982 333.50000000000006 4.1051387405000002 0.36125177285000004 2.0606488636363642 1.3250000000000004 5.0365271664591189 -0.58020573702723921 0.33350000000000007
decision_type=2 2 2 2 2 2 2 2 2 2 2
left_child=1 6 3 8 9 -6 -1 -8 -3 -4 -9
right_child=-2 2 4 -5 5 -7 7 10 -10 -11 -12
leaf_value=0.0097899373038877972 -0.020987100330716997 0.0098258248594652285 0.034310567387821594 -0.029410236341928575 -0.011955494736797422 0.0031128849296904984 0.0027517385247551852 -0.038776848440915918 -0.015600497421409272 0.0036905860156936894 -0.018179983325209242
leaf_weight=3.9362585395574561 3.8317402973771086 9.6721639800816828 4.9234842173755169 6.7576184421777716 17.447716690599918 154.94299883209169 3.510121261700986 4.0781528186053038 6.5018667392432681 6.1044243201613408 2.9731825590133667
leaf_count=20 25 56 25 39 112 817 19 28 38 37 20
internal_value=2.44057e-05 0.00041187 0.00125667 -0.00905958 0.00256702 0.00156437 -0.0113331 -0.019505 -0.000244121 0.0178162 -0.0308874
internal_weight=224.68 220.848 206.35 22.9316 183.419 172.391 14.4977 10.5615 16.174 11.0279 7.05134
internal_count=1236 1211 1124 133 991 929 87 67 94 62 48
is_linear=0
shrinkage=0.03


Tree=206
num_leaves=23
num_cat=0
split_feature=311 311 274 131 281 106 41 18 132 68 202 274 278 83 196 129 298 102 61 57 72 1
split_gain=1.96549 5.39808 4.73881 5.59136 7.0005 3.82778 6.09484 5.38749 4.87728 6.50741 4.51685 4.83556 3.70206 3.68726 3.53264 6.64385 3.32542 3.27131 3.25493 3.08955 2.30721 2.24317
threshold=0.89457603411583941 1.1162619516581602 12.409708528264241 67.077532826717189 4.3500000000000005 0.28745000000000004 0.23515000000000003 17.815000000000001 65.445006700000008 63.231750000000005 -111.58763308777164 1.8268121293459061 4.0950000000000069 83446365.205000028 41.546200889718413 5.9833790000000002 0.9211756115370574 0.29210000000000008 1.7050000000000003 35.20000000000001 3.1250000000000004 66.570000000000007
decision_type=2 2 2 2 2 2 2 2 2 2 2 2 2 2 2 2 2 2 2 2 2 2
left_child=5 2 3 17 -5 6 -1 10 13 -10 -7 -12 16 -9 15 18 -8 -2 -3 20 -16 -17
right_child=1 14 -4 4 -6 7 12 8 9 -11 11 -13 -14 -15 19 21 -18 -19 -20 -21 -22 -23
leaf_value=0.025330201986757835 -0.0054778736972134678 0.00065731216047037479 0.016069315075442063 -0.018780841633515465 0.019647556266038743 -0.011124335855578435 0.0045633556167280695 -0.0079316026499406927 -0.034233924292919791 0.010438248981790165 -0.0058403046024034467 0.020983075582317726 0.016289180637411867 0.026901466011980204 0.022898967802877493 0.031598136586313288 -0.018684337185303043 0.024317004265955997 -0.033359761464164556 -0.0071354556974073625 -0.0017938966383256873 0.00085263763801233551
leaf_weight=5.1664982698857775 7.9241460151970369 3.8106211759150046 6.5003366954624644 45.105042259208858 4.5549742504954329 5.9717892780899993 7.0217009261250523 5.1062547415494937 7.7686366811394674 4.4856627695262432 7.0784903913736335 34.648181712254882 4.2647315934300414 5.482156440615654 16.442606739699848 3.7882184199988824 22.652008440345526 5.4385358095169067 6.5408767089247704 5.3810860663652411 3.9937932491302481 5.2179260179400444
leaf_count=29 46 21 36 269 22 33 41 28 42 25 38 171 22 26 89 20 132 27 37 30 25 27
internal_value=2.20679e-05 -0.00270875 -0.00796779 -0.0105161 -0.0151634 0.00290591 -0.00456851 0.00709248 -0.00477859 -0.0176868 0.0128384 0.016358 -0.00926921 0.00990552 0.00531819 -0.00424372 -0.0130856 0.00651619 -0.0206638 0.0125921 0.017942 0.0143194
internal_weight=224.344 114.698 69.523 63.0227 49.66 109.646 39.1049 70.5412 22.8427 12.2543 47.6985 41.7267 33.9384 10.5884 45.1751 19.3576 29.6737 13.3627 10.3515 25.8175 20.4364 9.00614
internal_count=1236 649 400 364 291 587 224 363 121 67 242 209 195 54 249 105 173 73 58 144 114 47
is_linear=0
shrinkage=0.03


Tree=207
num_leaves=14
num_cat=0
split_feature=257 255 170 179 165 14 194 13 296 305 197 306 198
split_gain=1.96213 2.80383 4.01322 3.07071 3.34498 3.02872 4.33996 5.11666 3.42861 3.45721 2.22696 1.95795 0.33653
threshold=-4.4633185101721802 -0.028865604801158181 0.87300763445000007 10.598470880400006 2.948186341950001 23.025000000000002 18.847013183223346 25.125000000000004 1.2098564990372236 -0.15426033113474216 21.805025305737292 0.20165391846606825 0.88966688284432716
decision_type=2 2 2 2 2 2 2 2 2 2 2 2 2
left_child=10 2 11 4 -4 8 7 -7 9 -3 -1 -2 -13
right_child=1 5 3 -5 -6 6 -8 -9 -10 -11 -12 12 -14
leaf_value=-0.030043571367653916 0.0067151203465480513 0.012555266619561349 0.0023306684599453233 0.022467005479367665 -0.031814210582710181 0.029852453863393386 -0.014433117122610533 -0.0084797670211608934 -0.030918765153451225 -0.0027521539081336753 0.0027917955589148221 0.039093871204118232 0.021933210935921925
leaf_weight=3.97716368921101 5.4242189731448907 14.413159549236296 7.3367681168019754 3.555928084999322 3.7619410865008831 10.385343462228777 4.5775969997048369 4.2644138820469371 3.5327625088393679 151.32665632199496 3.1069009751081467 3.8001086823642254 3.9105675965547562
leaf_count=24 31 76 42 19 21 51 28 25 25 832 21 19 22
internal_value=2.3427e-05 0.000548894 0.00943496 -0.0011789 -0.0091557 -0.000749532 0.0104769 0.0185091 -0.00204787 -0.00139612 -0.0153868 0.021423 0.031167
internal_weight=223.374 216.289 27.7895 14.6546 11.0987 188.5 19.2274 14.6498 169.273 165.74 7.08406 13.1349 7.71068
internal_count=1236 1191 154 82 63 1037 104 76 933 908 45 72 41
is_linear=0
shrinkage=0.03


Tree=208
num_leaves=8
num_cat=0
split_feature=303 125 256 65 65 254 192
split_gain=1.93888 2.82446 2.27915 2.50742 3.1617 3.08833 1.90172
threshold=0.30622850432010745 105.34610000000002 -0.90841355905861365 20240176.000000004 20231019.000000004 0.24483549392908902 23.480797017325816
decision_type=2 2 2 2 2 2 2
left_child=1 2 -1 4 -4 -5 -2
right_child=6 -3 3 5 -6 -7 -8
leaf_value=-0.021484021330350427 0.0023488735566226178 0.022767105066589806 -0.00011248179794278786 0.015542387515534547 -0.026322486125365967 -0.012821869076587254 -0.034182622596232531
leaf_weight=4.2786453887820235 2.0148385539650908 4.8910376355051985 183.12973538413644 17.615233803167943 4.1445958949625483 4.0957936216145745 2.809313703328371
leaf_count=28 14 30 932 140 34 28 30
internal_value=2.36726e-05 0.000457086 -5.09464e-05 0.000383579 -0.000722289 0.0100197 -0.0185779
internal_weight=222.979 218.155 213.264 208.985 187.274 21.711 4.82415
internal_count=1236 1192 1162 1134 966 168 44
is_linear=0
shrinkage=0.03


Tree=209
num_leaves=15
num_cat=0
split_feature=49 52 306 43 200 155 155 0 208 281 94 289 50 193
split_gain=1.94228 4.08382 2.8202 3.92117 3.57576 3.71218 4.50115 4.16935 3.16693 3.81066 2.79143 2.72578 1.25517 0.441257
threshold=0.67795000000000016 0.52505220883534143 0.29199464751051613 0.068350000000000008 0.25172921721653529 0.24780579626400004 0.15445064812400003 57.900000000000013 0.59851050775898407 -1.5749999999999991 0.24310000000000001 0.89530018663400845 0.29330537634408599 167.66765250936294
decision_type=2 2 2 2 2 2 2 2 2 2 2 2 2 2
left_child=2 10 4 11 5 6 -1 -7 -5 -10 -2 -4 -12 -13
right_child=1 -3 3 8 -6 7 -8 -9 9 -11 12 13 -14 -15
leaf_value=-0.002209308075091451 0.0030338517256388226 0.013381582197697278 0.00066862661631580326 -0.016263376879632262 0.024831977689680873 0.019525980153815372 -0.022842266839790799 -0.00034650500202670806 -0.016022187060126005 0.021242560803025785 -0.013649983399657719 0.035830628809912259 -0.037183981342067955 0.018626813684799081
leaf_weight=30.620163576677442 3.813595890998843 4.98819850757718 4.3502452522516277 6.748230583965781 4.7172372601926318 10.250564724206923 13.984215777367352 112.947206299752 3.4191361218690899 7.8005464933812574 4.5856767520308477 5.9511606693267805 5.0264267101883888 3.4676016941666603
leaf_count=178 21 26 26 36 22 54 88 604 20 46 29 34 33 19
internal_value=2.09367e-05 -0.00926974 0.000877306 0.00908737 -0.000620039 -0.00136777 -0.00878182 0.00129713 0 0.00958009 -0.0179441 0.0210718 -0.0265216 0.0300743
internal_weight=222.67 18.4139 204.256 31.7369 172.519 167.802 44.6044 123.198 17.9679 11.2197 13.4257 13.769 9.6121 9.41876
internal_count=1236 109 1127 181 946 924 266 658 102 66 83 79 62 53
is_linear=0
shrinkage=0.03


Tree=210
num_leaves=8
num_cat=0
split_feature=285 285 71 49 299 17 44
split_gain=1.98098 2.80417 2.53841 3.67597 2.91503 4.71158 3.01288
threshold=-7.6899999999999986 -6.9399999999999995 12.460000000000003 0.43970000000000004 0.77954629804468012 19.315000000000001 0.52936186440677979
decision_type=2 2 2 2 2 2 2
left_child=-1 -2 3 -3 5 -4 -6
right_child=1 2 4 -5 6 -7 -8
leaf_value=0.023426590256483512 -0.025231208207905479 0.032742497800997881 0.01887589028607136 -0.0025835046820875951 -0.0041494082416503614 -0.019492278477946042 0.0041777437854413815
leaf_weight=3.1108601689338675 3.8904638551175585 5.0246608238667232 14.066130898892881 5.1676361002027988 132.38386914413422 3.4577065780758849 55.094970870763063
leaf_count=16 22 30 76 27 740 21 304
internal_value=2.08363e-05 -0.000308358 0.000139792 0.0146892 -0.000575754 0.0110674 -0.00168537
internal_weight=222.196 219.085 215.195 10.1923 205.003 17.5238 187.479
internal_count=1236 1220 1198 57 1141 97 1044
is_linear=0
shrinkage=0.03


Tree=211
num_leaves=22
num_cat=0
split_feature=130 18 294 187 60 54 206 41 130 182 131 49 45 108 3 131 187 69 194 182 147
split_gain=1.92275 3.71596 4.17382 3.77822 4.16274 3.41803 4.22577 3.30679 3.26011 5.21527 4.56257 4.2145 3.24094 3.20929 3.09751 4.29864 2.72906 2.30259 2.26995 1.92499 1.79117
threshold=2.6964500000000005 15.940000000000003 1.4133448656670062 0.2034672017912614 13.090000000000002 80.245000000000019 17.088482663909144 0.66365000000000018 1.8421000000000003 1.2826048010662152 384.80570671125008 0.50170305752927791 0.34255000000000008 -0.021599999999999998 63.195000000000007 133.69144360020837 0.29103505046712014 1.8607500000000001 5.9136179464886371 0.99948214199272856 1.4455647491000005
decision_type=2 2 2 2 2 2 2 2 2 2 2 2 2 2 2 2 2 2 2 2 2
left_child=8 5 3 19 -5 6 7 -2 10 16 14 12 -11 -8 17 -16 -10 -1 -13 -3 -18
right_child=1 2 -4 4 -6 -7 13 -9 9 11 -12 18 -14 -15 15 -17 20 -19 -20 -21 -22
leaf_value=0 0.0092482892218122125 -0.006893691120032212 0.023131519391098729 0.0072860933314306264 -0.010658365951887086 0.028487150930147774 -0.032870299306416939 -0.016055187752827903 -0.00048543682005489325 -0.0090895854570395805 0.021754519756915593 -0.028386455381654029 0.019139275489684023 -0.002690804484008838 0.009172916086055357 -0.015301747266491302 0.0082468650423012709 -0.027326767104267641 0.0023533159383136589 -0.037074317670802236 0.032558716338999545
leaf_weight=3.9893049374222747 36.696528248488903 3.2891218736767751 3.787102796137332 15.679257487878202 42.812859641388059 4.3473907262086859 4.6747898757457742 5.1535496003925791 4.0651718266308334 5.410857908427718 6.0593818873167029 5.4499049298465234 10.292696636170147 10.26888156495988 16.626597717404369 10.415315831080077 4.1543153971433631 8.2866554092615825 3.2404373697936535 5.7951462678611279 11.453250914812086
leaf_count=21 184 17 21 82 250 24 27 34 24 33 34 37 54 63 83 59 22 53 21 35 58
internal_value=2.04256e-05 -0.00225948 -0.00691849 -0.00867856 -0.00579279 0.00313192 0.00109166 0.00602998 0.00343019 0.00924585 -0.00215944 0 0.00922687 -0.0124869 -0.00596684 -0.000164728 0.0206963 -0.0184009 -0.0166866 -0.0266676 0.0263722
internal_weight=221.949 132.505 71.3635 67.5764 58.4921 61.1411 56.7937 41.8501 89.4439 44.0666 45.3773 24.3939 15.7036 14.9437 39.3179 27.0419 19.6727 12.276 8.69034 9.08427 15.6076
internal_count=1236 737 405 384 332 332 308 218 499 249 250 145 87 90 216 142 104 74 58 52 80
is_linear=0
shrinkage=0.03


Tree=212
num_leaves=18
num_cat=0
split_feature=105 48 46 70 112 18 307 135 172 184 130 102 259 192 127 280 268
split_gain=1.90239 2.86946 3.35721 2.85145 2.54339 4.09253 3.99632 4.0913 3.8164 4.14116 3.1072 4.89604 3.93821 2.18849 1.69382 2.2249 0.552156
threshold=0.55415000000000014 0.4811457983193278 -0.084949999999999984 11.050550000000001 7365.8000000000011 20.315000000000001 0.42831093327730108 0.36757107305000009 0.12072636880000001 2.1660830992082518 2.6964500000000005 0.31120000000000009 -0.11483167019235156 81.527058946864955 3.6545527777777784 -1.0000000180025095e-35 -0.14506034874098364
decision_type=2 2 2 2 2 2 2 2 2 2 2 2 2 2 2 2 2
left_child=4 2 -2 14 6 8 10 -8 -6 -10 12 -12 -1 -9 15 -3 -16
right_child=1 3 -4 -5 5 -7 7 13 9 -11 11 -13 -14 -15 16 -17 -18
leaf_value=-0.0055169996446437376 0.013138450637045778 -0.0043494816860197485 -0.028324461220019498 -0.0066546690067661477 -0.017598495608838163 -0.021843931028147589 0.010265215258673875 -0.039339289637108782 -0.0030424562953357014 0.018729563183883174 -0.0139771638919375 0.0020018041518627184 0.009163238923062424 -0.0076706360124547046 0.015607410161863403 0.025847707563451745 0.034793778286336972
leaf_weight=27.575019385665655 3.0296176448464394 4.8783328197896534 3.7649708129465607 5.0800355896353713 4.3534976989030829 4.3559213615953913 3.0349410427734247 6.1851965896785241 11.309894748032091 23.996367979794741 34.072224961593747 34.256543971598148 39.936076199635863 3.3208722919225693 3.1490766704082489 3.6771416999399662 5.2003946974873525
leaf_count=162 17 29 25 30 26 29 16 38 63 121 197 178 215 19 19 22 30
internal_value=1.8885e-05 0.00721207 -0.00947916 0.012526 -0.00104471 0.00525642 -0.00293636 -0.0190898 0.00835582 0.0116816 -0.00141003 -0.00593107 0.00312341 -0.0287834 0.0184716 0.00843134 0.0281829
internal_weight=221.176 28.7796 6.79459 21.985 192.397 44.0157 148.381 12.541 39.6598 35.3063 135.84 68.3288 67.5111 9.50607 16.9049 8.55547 8.34947
internal_count=1236 172 42 130 1064 239 825 73 210 184 752 375 377 57 100 51 49
is_linear=0
shrinkage=0.03


Tree=213
num_leaves=24
num_cat=0
split_feature=306 99 64 123 270 153 40 51 254 176 65 41 174 18 41 98 289 133 39 13 100 308 99
split_gain=1.89112 3.37071 4.18875 4.4752 3.68607 3.95232 3.3116 4.97539 4.3631 4.34144 5.13014 4.70338 3.23898 3.19628 3.13771 2.99762 2.77736 4.65027 4.32456 3.673 2.44895 1.4587 0.316751
threshold=0.2940517751148885 -0.20889999999999997 333.50000000000006 10.500000000000002 0.32220365791695288 0.85274147995000016 0.51315789473684215 0.36260000000000009 -0.043827903188305574 -0.13529263949999995 20230107.500000004 0.45060000000000006 0.98990397140000008 19.185000000000006 0.5606500000000002 0.23095000000000002 1.3921793301794627 12.505811079650002 0.12665000000000001 22.275000000000002 0.024000000000000004 0.47083333333333338 0.26015000000000005
decision_type=2 2 2 2 2 2 2 2 2 2 2 2 2 2 2 2 2 2 2 2 2 2 2
left_child=1 2 3 12 21 -6 9 8 -8 10 -3 -11 -1 -5 -9 -2 18 20 19 -17 -18 -4 -19
right_child=15 6 4 13 5 -7 7 14 -10 11 -12 -13 -14 -15 -16 16 17 22 -20 -21 -22 -23 -24
leaf_value=0.024947701503146087 0.033266115409133878 0.021310604651874867 -0.010867886389661708 -0.015669657642967686 0.020221299101525959 -0.023276598238352923 0.013424564672869212 0.018090101437651992 -0.015270366042053677 0.0080797511783419294 -0.0090220953985563433 -0.011011712059252469 -0.0068214224273854956 0.010596695165383609 -0.0063852890377723813 -0.00084429886396241154 0.015171869071014137 0.036903449015014703 0.015878661317196119 -0.03407789701429325 -0.019531536812233116 -0.036717174791207029 0.019680407000899885
leaf_weight=7.6966158263385278 3.2788525670766822 22.466976307332519 3.2214610651135471 17.057614013552669 3.5147599726915351 3.7891426309943199 5.4585767295211545 11.35896058380604 30.510358687490225 26.748185720294714 6.234368957579135 20.360021349973977 4.3340284340083599 5.2889519706368437 7.708007249981164 7.8324121106416005 3.1968214437365514 4.0623846724629402 6.3569810688495627 4.952039510011673 3.9266736023128033 8.0501892641186696 3.2495857365429401
leaf_count=41 20 105 25 100 18 24 31 58 168 141 44 114 29 31 47 47 16 22 33 27 24 50 21
internal_value=1.68601e-05 -0.00121397 -0.00760126 -0.00129035 -0.0190506 -0.00194909 0.00135187 -0.00421454 -0.0108074 0.00543269 0.0146093 -0.000113819 0.0132937 -0.00929981 0.00805748 0.00622281 0.00340196 0.0133397 -0.00396706 -0.0141147 -0.00354789 -0.0297537 0.0300227
internal_weight=220.654 183.798 52.9528 34.3772 18.5756 7.3039 130.845 55.0359 35.9689 75.8096 28.7013 47.1082 12.0306 22.3466 19.067 36.8558 33.5769 14.4355 19.1414 12.7845 7.1235 11.2717 7.31197
internal_count=1236 1026 318 201 117 42 708 304 199 404 149 255 70 131 105 210 190 83 107 74 40 75 43
is_linear=0
shrinkage=0.03


Tree=214
num_leaves=19
num_cat=0
split_feature=195 197 1 94 204 174 262 156 277 281 170 180 152 171 46 49 106 260
split_gain=1.89516 4.16189 4.75664 4.78676 4.22762 5.01442 4.15392 3.90443 3.58529 3.56652 3.58626 4.98757 4.77929 4.70864 4.95635 3.16828 2.59124 1.68884
threshold=19.55588997837787 26.119496361156703 75.27500000000002 0.23255000000000003 96.911621294756642 2.9458249763500004 4.1816117798712371 1.8454971676500003 1.2849999999999968 5.3250000000000002 1.4749650452 0.097613468099999975 1.2352337085000002 1.7047246528500002 0.23455000000000004 0.39600000000000007 0.28435000000000005 -0.2654696244108497
decision_type=2 2 2 2 2 2 2 2 2 2 2 2 2 2 2 2 2 2
left_child=1 2 3 7 5 6 -3 -1 -5 10 11 12 -2 17 -15 -7 -13 -12
right_child=9 4 -4 8 -6 15 -8 -9 -10 -11 13 16 -14 14 -16 -17 -18 -19
leaf_value=-0.013417787093186912 0.00020757223481615258 0.005518250209920637 0.012247768686006005 -0.030772549188723186 -0.023494445169364365 0.0073371002040527262 0.033705216463637416 0.024381565158705557 0.00014660042025163364 -0.023032303310683799 0.012641734062748721 -0.00029605307506666101 -0.020219371894085719 0.012987403568195374 -0.0162015000574262 -0.024839312397002225 0.023188447005622694 0.040710845014277693
leaf_weight=6.5239823609590548 56.066011909395456 35.367837430909276 6.3046502768993369 16.126055143773559 5.2519806697964659 4.1487284079194051 5.4342923387885085 3.8069317117333412 4.0177983567118636 4.6306936740875235 3.7200857251882553 6.4116189051419523 12.454791873693464 18.648108623921875 7.1041164509952059 7.2707477379590273 11.036309469491242 5.4697453938424569
leaf_count=42 320 197 37 94 30 24 25 20 22 25 19 39 74 100 43 40 60 25
internal_value=1.67276e-05 -0.00318263 -0.0110602 -0.0160046 0.00181684 0.0044598 0.00941895 0.000323838 -0.0244871 0.00244321 0.0034619 0.000129134 -0.0034857 0.0115522 0.00478766 -0.0129269 0.0144351 0.0299297
internal_weight=219.794 94.253 36.7794 30.4748 57.4736 52.2216 40.8021 10.3309 20.1439 125.541 120.911 85.9687 68.5208 34.9421 25.7522 11.4195 17.4479 9.18983
internal_count=1236 531 215 178 316 286 222 62 116 705 680 493 394 187 143 64 99 44
is_linear=0
shrinkage=0.03


Tree=215
num_leaves=10
num_cat=0
split_feature=68 296 199 298 41 285 125 64 307
split_gain=1.88812 2.40204 2.75776 2.38701 3.99654 3.99292 3.1475 2.81583 1.86578
threshold=508.84570000000008 1.1552604006831293 -1.9886971762401335 1.1850529100529104 0.51295000000000013 -1.3699999999999999 105.34610000000002 332.50000000000006 0.14259672679785335
decision_type=2 2 2 2 2 2 2 2 2
left_child=1 3 -3 6 8 -6 7 -1 -5
right_child=-2 2 -4 4 5 -7 -8 -9 -10
leaf_value=0.0035557659021906263 -0.020813501240701669 0.0012208911581204551 -0.029528714829046822 0.0086012600026026953 0.018089451240530234 -0.014516591626598413 0.026872272404314296 -0.0039915352065754408 0.037978196452097282
leaf_weight=80.551076732575893 3.7421238757669917 5.06766377389431 4.9619163610041124 3.7551975175738352 6.0169282630085945 7.4546058326959592 3.7376498728990546 98.821289844810963 5.0281544514000416
leaf_count=453 25 31 36 21 31 45 24 546 24
internal_value=1.74537e-05 0.000402769 -0.013837 0.0011192 0.0103737 0 0 -0.000585446 0.0259944
internal_weight=219.137 215.394 10.0296 205.365 22.2549 13.4715 183.11 179.372 8.78335
internal_count=1236 1211 67 1144 121 76 1023 999 45
is_linear=0
shrinkage=0.03


Tree=216
num_leaves=9
num_cat=0
split_feature=303 125 103 98 299 2 190 192
split_gain=1.85416 2.50531 2.18227 3.95706 2.33122 5.23515 3.481 1.74792
threshold=0.30622850432010745 105.34610000000002 0.9769000000000001 0.41820000000000007 0.81179943076004091 74.340000000000018 12.158098002364595 23.480797017325816
decision_type=2 2 2 2 2 2 2 2
left_child=1 2 4 -4 5 -1 -6 -2
right_child=7 -3 3 -5 6 -7 -8 -9
leaf_value=0.013660973988968853 0.0016680076609341885 0.021878394050563955 0.031541135775267015 -0.0045560538449422889 -0.0038113492845197271 -0.021673031694021558 0.0082039523029954001 -0.033746372398730955
leaf_weight=21.8035056963563 1.97603454068303 4.6982694622129193 5.2272666878998262 5.3158805370330811 147.47248377930373 4.4130389913916579 25.229509335011244 2.7046231925487518
leaf_count=119 14 30 28 28 826 29 132 30
internal_value=1.78688e-05 0.000443831 -3.28458e-05 0.0131872 -0.000754886 0.00753944 -0.00203498 -0.0184458
internal_weight=218.841 214.16 209.462 10.5431 198.919 26.2165 172.702 4.68066
internal_count=1236 1192 1162 56 1106 148 958 44
is_linear=0
shrinkage=0.03


Tree=217
num_leaves=14
num_cat=0
split_feature=56 187 311 195 106 69 203 1 123 50 254 18 127
split_gain=1.84962 2.93429 3.19518 2.99841 4.60281 6.39142 4.2824 4.02078 3.78181 3.06811 2.95546 3.90565 2.46515
threshold=4.9365000000000014 0.23385690516193181 1.2145482375047842 19.55588997837787 0.28650000000000003 3.5875000000000004 83.618003953847051 79.060000000000016 17.500000000000004 0.5233000000000001 0.031805326668932342 17.440000000000001 2.3408206578947373
decision_type=2 2 2 2 2 2 2 2 2 2 2 2 2
left_child=12 2 10 6 9 -6 7 -3 -8 -5 -2 -12 -1
right_child=1 3 -4 4 5 -7 8 -9 -10 -11 11 -13 -14
leaf_value=0.027874160814192465 0.0017672451622207984 -0.0026846832793821626 0.01289351944374662 -0.0016314192534034192 0.021983209112493778 0.0023289009039078887 -0.037461912135932134 0.028470431442772313 0.00028156911471847833 -0.030182484984737648 -0.035333522922418634 -0.004654782707426172 -0.00097532097055108926
leaf_weight=4.8003937453031522 6.6590675897896352 67.630241522565484 4.4116720408201209 26.845237221568826 21.732664372771978 48.25276136957109 5.7372643500566465 3.8388359919190398 3.7783427946269512 3.8304036799818268 8.4925309121608716 7.1116885840892783 5.4127579182386398
leaf_count=36 39 375 24 159 112 264 34 20 22 28 52 41 30
internal_value=1.76378e-05 -0.000582291 -0.00986209 0.000768632 0.00423747 0.00849764 -0.00350593 -0.000931881 -0.0223161 -0.0053805 -0.014543 -0.0216613 0.0124324
internal_weight=218.534 208.321 26.675 181.646 100.661 69.9854 80.9847 71.4691 9.51561 30.6756 22.2633 15.6042 10.2132
internal_count=1236 1170 156 1014 563 376 451 395 56 187 132 93 66
is_linear=0
shrinkage=0.03


Tree=218
num_leaves=9
num_cat=0
split_feature=43 174 165 132 99 186 3 54
split_gain=1.8574 2.66681 2.88881 3.38991 5.32692 4.54341 3.19661 2.07708
threshold=-0.26059999999999994 0.034288336900000008 0.085360947800000017 58.552659755000008 -0.19154999999999997 0.76430880438099236 71.790000000000006 24.200000000000006
decision_type=2 2 2 2 2 2 2 2
left_child=7 -2 6 5 -5 -4 -3 -1
right_child=1 2 3 4 -6 -7 -8 -9
leaf_value=0.031295253460429211 -0.022830087761845266 0.03126410831571419 -0.0074307345972885481 -0.014652653101144976 -0.00016555232428703927 0.0087987739474786955 -0.0043438346791635019 0
leaf_weight=3.4643019698560229 4.6012528240680686 5.3208307996392232 21.37891111895442 30.672428963705897 90.344766018912196 54.754144603386521 3.637034185230732 3.8277584463357925
leaf_count=22 30 28 125 192 501 293 22 23
internal_value=1.63656e-05 -0.000488174 6.87871e-06 -0.000739294 -0.00387122 0.00419825 0.0165872 0.0148106
internal_weight=218.001 210.709 206.108 197.15 121.017 76.1331 8.95786 7.29206
internal_count=1236 1191 1161 1111 693 418 50 45
is_linear=0
shrinkage=0.03


Tree=219
num_leaves=14
num_cat=0
split_feature=196 306 114 262 132 12 165 38 20 294 42 44 18
split_gain=1.8477 2.53008 3.31099 3.99279 4.09034 3.65972 3.58513 5.01091 3.32279 2.76854 2.7984 6.09184 3.71287
threshold=91.499534579346516 0.27997802381743125 -0.13174999999999998 -2.7667679313809725 57.341376072500005 17.175000000000004 4.9660167319500008 0.57545000000000013 2.2950000000000004 1.2886414946871665 0.22075275757470686 0.4789381355932204 17.940000000000001
decision_type=2 2 2 2 2 2 2 2 2 2 2 2 2
left_child=1 2 3 5 -5 -1 8 -8 -4 10 12 -12 -3
right_child=-2 9 6 4 -6 -7 7 -9 -10 -11 11 -13 -14
leaf_value=0.02239634378417437 0.017229353087091316 0.028210375603867199 -0.003264506222927972 -0.0022472879561948075 -0.020376901225572713 -0.0093722703035891575 0.024832274315930228 -0.0034780512909155566 0.022083382529406972 -0.014277962934296791 -0.032677813610808258 0.0085666388720168057 -0.00091020990240458968
leaf_weight=6.5512385554611665 5.3787698335945597 10.887534439563753 81.461404568515718 21.358839731663465 24.505963925272226 6.1692979149520397 11.952621877193453 10.208277931436895 4.8176620677113524 5.2323492988944045 3.7451528497040298 19.590375015512109 5.8301431387662879
leaf_count=38 28 64 457 122 157 40 57 54 24 30 21 111 33
internal_value=1.48083e-05 -0.000415094 -0.0021339 -0.00787951 -0.0120226 0.00680205 0.000946953 0.0116995 -0.00179047 0.00584897 0.00858198 0.00170805 0.0179314
internal_weight=217.69 212.311 167.025 58.5853 45.8648 12.7205 108.44 22.1609 86.2791 45.2856 40.0532 23.3355 16.7177
internal_count=1236 1208 949 357 279 78 592 111 481 259 229 132 97
is_linear=0
shrinkage=0.03


Tree=220
num_leaves=24
num_cat=0
split_feature=197 33 298 50 287 130 208 144 269 179 278 69 61 0 149 183 143 130 59 193 50 15 66
split_gain=1.82167 4.26205 3.94655 5.99788 4.55897 3.96805 3.12842 3.05164 4.85963 5.23404 4.12729 3.94395 4.41333 4.19528 3.35654 5.04916 4.37647 2.89712 3.33957 3.67451 2.45121 1.79162 1.41814
threshold=32.846452552119267 1.0000000180025095e-35 1.1202614092093326 0.16115000000000004 1.2002605068122312 2.2257250000000006 -2.8148842581711921 0.40290438155000002 0.19358061710670507 -0.23553253645000008 -2.4350000000000054 2.9178500000000001 13.185000000000002 62.07500000000001 0.62502619564999995 1.309961266342293 3.9959569473000003 1.1674000000000002 15.225000000000003 50.315864330080373 -0.037999999999999992 16.185000000000006 20220302.500000004
decision_type=2 2 2 2 2 2 2 2 2 2 2 2 2 2 2 2 2 2 2 2 2 2 2
left_child=7 17 3 6 -4 -5 -3 8 20 -10 11 13 -13 -9 15 -12 -16 -2 21 -20 -1 -19 -22
right_child=1 2 4 5 -6 -7 -8 10 9 -11 14 12 -14 -15 16 -17 -18 18 19 -21 22 -23 -24
leaf_value=-0.0017860784549597066 -0.01128735793738375 -0.017709642815015057 0.033532998710728783 0 -0.0048398740874077781 -0.037743089706046999 0.011382390099676815 -0.016719565487602107 -0.016572329524159147 0.026313766744022863 -0.0036460772336212519 -0.013135043923939009 0.0093552860008787233 0.011243821824318542 -0.016211670750275686 0.022287894583189843 0.020235275651554953 0.012478916980911971 0.016493802470363684 -0.013813475087184897 -0.038392910286348128 0.035932738034773745 -0.012756405391731694
leaf_weight=3.9650749675929555 4.0222877524793139 4.5509566478431216 4.9014078862965089 3.7223635762929899 5.9916181638836861 7.6401606034487486 11.347057417035105 6.0397125761956003 5.091568885371089 4.9040961563587171 10.081288591027262 41.948494179174304 9.4195657204836589 21.752374984323978 9.3219265881925804 19.191384337842464 4.1850604787468901 5.7681861817836779 9.7930769165977818 5.4802911579608908 6.923655666410923 7.643601018935442 3.4414146244525909
leaf_count=25 23 29 24 21 37 46 63 35 36 24 54 251 54 117 56 95 20 31 54 31 42 40 28
internal_value=1.39333e-05 0.00397224 -0.00277529 -0.00893236 0.0123014 -0.0255024 0.00280835 -0.00188465 -0.0115638 0.00422362 2.95568e-05 -0.00400201 -0.00894245 0.00502117 0.00755152 0.0132723 -0.0046326 0.0119192 0.0153054 0.00540488 -0.0227368 0.0262347 -0.030371
internal_weight=217.127 70.861 38.1536 27.2605 10.893 11.3625 15.898 146.266 24.3258 9.99567 121.94 79.1601 51.3681 27.7921 42.7797 29.2727 13.507 32.7074 28.6852 15.2734 14.3301 13.4118 10.3651
internal_count=1236 399 220 159 61 67 92 837 155 60 682 457 305 152 225 149 76 179 156 85 95 71 70
is_linear=0
shrinkage=0.03


Tree=221
num_leaves=8
num_cat=0
split_feature=271 271 296 68 125 37 10
split_gain=1.82752 3.34529 2.76604 2.63377 2.66147 2.15074 2.14807
threshold=5.2906124987090495 3.3004115442026452 1.1552604006831293 508.84570000000008 105.34610000000002 0.44660000000000005 19.275000000000002
decision_type=2 2 2 2 2 2 2
left_child=1 2 3 4 -1 -2 -4
right_child=5 -3 6 -5 -6 -7 -8
leaf_value=0.00077074680265767188 0 -0.02605092835250503 -0.033809866402096746 -0.024940309865332112 0.026160325790805426 0.03143623253033654 -0.0030172811160524638
leaf_weight=188.45541918091476 4.026627952232956 4.4126125983893862 3.6170971170067769 3.4010791201144448 3.7031775750219813 3.4702260047197342 5.1033120192587376
leaf_count=1057 24 28 28 24 27 16 32
internal_value=1.18533e-05 -0.000500158 4.95569e-05 0.000804984 0.001289 0.0144788 -0.0163682
internal_weight=216.19 208.693 204.28 195.56 192.159 7.49685 8.72041
internal_count=1236 1196 1168 1108 1084 40 60
is_linear=0
shrinkage=0.03


Tree=222
num_leaves=13
num_cat=0
split_feature=303 269 113 261 185 131 297 83 185 311 10 29
split_gain=1.79816 2.50106 4.25849 3.77053 3.27448 3.26907 2.89247 2.77459 2.45424 3.1892 1.87068 1.17689
threshold=0.087141989315513882 1.0473732011311518 11985.370000000001 0.30030660866643849 4.6552766461743298 832.3130384434445 0.80759572489241316 -51142928.489999995 3.9882640353685246 0.93861035348013677 21.075000000000003 1.0000000180025095e-35
decision_type=2 2 2 2 2 2 2 2 2 2 2 2
left_child=1 5 3 4 -3 6 -1 -8 9 -2 -5 -10
right_child=8 2 -4 10 -6 -7 7 -9 11 -11 -12 -13
leaf_value=0.024497160449663345 0.014384124340019658 0.026101157486354207 -0.018405820843017524 0.0058074980621751343 0.0040129452830176037 0.02527238019478642 0.016779464861164186 -0.0030086646156943326 -0.035202416047869438 -0.02033265286620925 -0.024841252881438111 -0.007352305543905804
leaf_weight=3.6431946791708461 5.6464968919754011 14.938714768737556 4.6909772977232924 3.7941995840519658 10.763457685708998 4.1069727689027777 6.5285560339689246 148.44575852621347 3.6148054338991633 3.9668688010424376 3.0748959332704544 2.767423152923584
leaf_count=22 39 76 29 25 62 24 38 811 33 31 20 26
internal_value=9.81351e-06 0.000799677 0.00780702 0.0117188 0.0170188 -0.000790317 -0.00149954 -0.00214543 -0.00962277 0 -0.00764128 -0.0238887
internal_weight=215.982 199.987 37.2622 32.5713 25.7022 162.724 158.618 154.974 15.9956 9.61337 6.8691 6.38223
internal_count=1236 1107 212 183 138 895 871 849 129 70 45 59
is_linear=0
shrinkage=0.03


Tree=223
num_leaves=9
num_cat=0
split_feature=60 203 306 130 18 72 183 196
split_gain=1.77402 2.26892 2.9434 3.09616 3.99789 3.22709 3.04393 2.63549
threshold=3.6750000000000003 -1084.3038860201302 0.15185821667532318 2.6441250000000003 15.940000000000003 5.1450000000000005 1.982800086068196 52.401429815528793
decision_type=2 2 2 2 2 2 2 2
left_child=-1 -2 6 5 -5 -4 7 -3
right_child=1 2 3 4 -6 -7 -8 -9
leaf_value=0.019398187241244414 0.022047015094895192 -0.028206026624982193 0.0038397142692603238 0.0033938593027508187 -0.0075990447109319419 0.031736930870890127 0.0099672376339133457 -0.0039579035177035159
leaf_weight=4.0709425732493392 3.8821078706532708 9.0512276105582767 63.239035557955503 55.087196905165911 64.001908456906676 3.9181813895702353 4.5258457884192458 7.8622887730598441
leaf_count=25 19 66 350 305 370 18 26 57
internal_value=9.67994e-06 -0.000358205 -0.000801855 0.000396642 -0.00249029 0.00555671 -0.0113061 -0.0172001
internal_weight=215.639 211.568 207.686 186.246 119.089 67.1572 21.4394 16.9135
internal_count=1236 1211 1192 1043 675 368 149 123
is_linear=0
shrinkage=0.03


Tree=224
num_leaves=21
num_cat=0
split_feature=195 277 130 107 179 16 83 203 172 171 46 180 152 283 262 37 197 101 113 260
split_gain=1.77389 3.72324 3.94121 4.04671 3.74298 3.24282 4.83812 4.2624 2.78856 4.70974 5.2291 4.17357 4.4721 4.20904 3.76397 2.80438 2.68485 2.4742 2.35565 1.98762
threshold=19.55588997837787 8.7899999999999974 2.6964500000000005 0.74495000000000011 -0.98136639752499932 18.060000000000006 20838665.975000005 -36.563382667612125 1.4749650452 1.7047246528500002 0.23455000000000004 0.097613468099999975 1.2146300799000003 0.55999999999999972 0.47813418790240569 0.35940000000000005 12.244700209587622 0.52500000000000013 4423.2750000000005 -0.2654696244108497
decision_type=2 2 2 2 2 2 2 2 2 2 2 2 2 2 2 2 2 2 2 2
left_child=1 2 5 4 -4 6 -1 -7 11 19 14 12 13 -2 -11 -13 -17 -12 -14 -10
right_child=8 -3 3 -5 -6 7 -8 -9 9 10 17 15 18 -15 -16 16 -18 -19 -20 -21
leaf_value=0.0089702264403127788 0.0029277733898722047 0.026796320870365542 -0.023922332519932178 0.011430621512525791 -0.0017502912614566081 -0.011096302458705796 -0.012833446955343813 0.023106333590634767 0.0099420253104706754 0.021328908928290539 -0.032758273227830259 0.028825081196491336 -0.0047217179878114666 -0.020864255374846194 -0.0061397942346148229 0.021218173045094119 -0.0079122845182965362 0.00087952716049269093 -0.03179395564452752 0.039833752565399769
leaf_weight=15.354601409286259 49.723675511777401 3.4737157598137847 19.899911257438362 5.4370216354727736 10.912953637540342 4.536254469305276 22.11299080401659 10.527607111260293 3.8115136884152889 12.189254920929676 4.2687314935028544 6.0968938581645515 5.5239339135587198 7.6270361095666876 6.7932982649654141 4.582912113517521 7.0139937028288841 3.2656727284193039 6.8548856265842915 5.3256566114723665
leaf_count=85 285 19 123 32 58 28 128 58 20 68 28 32 33 48 35 27 44 18 42 25
internal_value=1.08879e-05 -0.00311823 -0.00435127 -0.0119513 -0.0161978 0.000848956 -0.00381813 0.0126036 0.00238136 0.00944377 0.00287941 -0.000472143 -0.00380963 -0.000214905 0.0113608 0.0124594 0.00342611 -0.017965 -0.0200883 0.027932
internal_weight=215.333 92.2551 88.7813 36.2499 30.8129 52.5315 37.4676 15.0639 123.077 35.6541 26.517 87.4233 69.7295 57.3507 18.9826 17.6938 11.5969 7.5344 12.3788 9.13717
internal_count=1236 531 512 213 181 299 213 86 705 194 149 511 408 333 103 103 71 46 75 45
is_linear=0
shrinkage=0.03


Tree=225
num_leaves=14
num_cat=0
split_feature=41 41 200 38 189 41 152 83 275 171 50 62 281
split_gain=1.74285 3.07119 5.62627 4.43256 4.48611 4.14348 3.90689 3.69276 3.6194 3.51415 3.22266 3.06046 3.03451
threshold=0.23515000000000003 0.34590000000000004 0.039763093838315673 -0.6580999999999998 4.8583847886971379 0.40585000000000004 0.36125177285000004 89893107.320000008 0.060843782999832619 7.2460750608000017 0.41055000000000003 -0.15298428672395967 -6.0749999999999984
decision_type=2 2 2 2 2 2 2 2 2 2 2 2 2
left_child=11 2 3 -2 -5 6 -3 8 -4 12 -8 -1 -7
right_child=1 5 7 4 -6 9 10 -9 -10 -11 -12 -13 -14
leaf_value=-0.0097063690424527387 0.013049723533321686 -0.01277514526970942 -0.011020565273710528 -0.029565326544829917 0.0070815851666420669 0.014995868098162831 0.019054591992839317 -0.018905482711802341 0.023808703955242084 0.022848750047459038 -0.0097144184001694729 0.024117761721639742 -0.003479345512737108
leaf_weight=3.527613315731287 3.4445367194712189 5.2209240421652785 3.6329999417066601 16.432031165808443 3.480294093489646 8.4434665627777559 24.588896239176396 4.1082127606496206 8.8421144392341358 5.1375298276543608 3.8734983317553988 6.6263266839086992 117.24195993226022
leaf_count=24 22 34 22 93 19 48 122 28 45 24 24 37 694
internal_value=1.12952e-05 -0.00057976 -0.00804101 -0.0175286 -0.0230069 0.0012173 0.0105928 0.00516696 0.0134202 -0.00117997 0.015014 0.0120942 -0.00220341
internal_weight=214.6 204.446 39.9402 23.3569 19.9123 164.506 33.6833 16.5833 12.4751 130.823 28.4624 10.1539 125.685
internal_count=1236 1175 229 134 112 946 180 95 67 766 146 61 742
is_linear=0
shrinkage=0.03


Tree=226
num_leaves=11
num_cat=0
split_feature=174 133 95 70 20 296 256 306 10 171
split_gain=1.73204 2.58566 4.53401 3.41344 2.85149 2.52033 2.88509 2.69709 1.90235 0.737842
threshold=0.034288336900000008 6.530532354950001 -0.56029999999999991 7.9370000000000012 -1.4349999999999998 1.1552604006831293 -0.90841355905861365 0.32331654863689929 19.275000000000002 0.43382028720000004
decision_type=2 2 2 2 2 2 2 2 2 2
left_child=-1 2 -2 9 -5 6 -3 -8 -7 -4
right_child=1 5 3 4 -6 8 7 -9 -10 -11
leaf_value=-0.016430184503025209 -0.014999162803413157 -0.026800737016164183 0.040540897683156184 -0.011707002021980979 0.019078974918934344 -0.033287085726352118 0.0012034821609281667 -0.022282269299169748 -0.0030687876812451852 0.019244797102568763
leaf_weight=5.5059204138815394 5.0336396042257574 3.4348343629389992 4.2853151485323924 4.7759475111961391 5.8422272726893381 3.539930770173668 169.00660974811763 4.4117160998284808 4.4217290244996548 3.8599340617656708
leaf_count=35 33 25 21 33 33 28 953 27 27 21
internal_value=1.11356e-05 0.000467112 0.00976192 0.0166079 0.00497182 -0.000718112 1.27115e-05 0.000576225 -0.0171229 0.0311686
internal_weight=214.118 208.612 23.7971 18.7634 10.6182 184.815 176.853 173.418 7.96166 8.14525
internal_count=1236 1201 141 108 66 1060 1005 980 55 42
is_linear=0
shrinkage=0.03


Tree=227
num_leaves=11
num_cat=0
split_feature=275 147 256 292 188 99 255 49 189 258
split_gain=1.71683 2.92965 2.50555 3.25862 3.47192 3.00083 2.44138 2.1557 1.92385 1.54102
threshold=0.018137056739739459 0.16614813275000004 -0.90841355905861365 0.32607483162703127 1.1399160259703016 -0.10939999999999998 0.018305915860172387 0.35560000000000008 1.3998186790719866 0.35361142562656894
decision_type=2 2 2 2 2 2 2 2 2 2
left_child=6 8 -3 4 -4 -5 -1 -8 -2 -9
right_child=1 2 3 5 -6 -7 7 9 -10 -11
leaf_value=0.0077750707162192595 0.033370906904624333 -0.024913528525057144 -0.0039798148688737168 -0.0064863458633337692 0.019744683555613356 0.0020220121470119227 0.001609469667440548 -0.035472138635979165 0.0021233373191252135 -0.0057261643547305442
leaf_weight=4.9303094893693951 3.9193580709397784 3.4465475063771001 8.4892471022903937 57.256208894774318 14.852942931465803 105.9929660204798 3.5311243981122953 5.0973538737744093 3.5917529463768005 2.6845749244093895
leaf_count=29 22 26 45 347 84 582 20 41 20 20
internal_value=8.44829e-06 0.000795137 4.8331e-05 0.000538571 0.0110083 -0.000945894 -0.00932189 -0.0170386 0.019047 -0.025794
internal_weight=213.792 197.549 190.038 186.591 23.3422 163.249 16.2434 11.3131 7.51111 7.78193
internal_count=1236 1126 1084 1058 129 929 110 81 42 61
is_linear=0
shrinkage=0.03


Tree=228
num_leaves=17
num_cat=0
split_feature=257 280 158 193 278 43 260 185 14 107 298 185 182 54 16 93
split_gain=1.69785 2.57342 3.68217 5.97235 4.66987 3.52195 3.26182 4.70724 3.95899 4.79143 3.21853 2.92816 2.82959 2.77632 2.27594 1.99786
threshold=-4.4633185101721802 -0.37499999999999994 -0.21313016670000007 24.473273686529719 -5.5299999999999967 0.31145000000000006 -1.2877316857014256 4.6552766461743298 15.225000000000001 -0.12644999999999998 1.1108472129315607 3.505646010435465 1.8627291894027294 13.385000000000003 15.940000000000003 3968.5200000000004
decision_type=2 2 2 2 2 2 2 2 2 2 2 2 2 2 2 2
left_child=15 6 3 -3 -5 11 7 13 9 -8 -10 -4 -7 -2 -9 -1
right_child=1 2 5 4 -6 12 8 14 10 -11 -12 -13 -14 -15 -16 -17
leaf_value=-0.031157515943890317 0.030880922544223876 0.02726232195355233 0.0028140839918917625 0.019490415994575079 -0.012807030718882667 -0.022691192298492563 0.012935375813935676 0.0054117642273042808 -0.0059031093908889672 -0.03007874918251098 0.0092706099533855901 0.01825177423207398 0.011331583876103926 0.0061447473582871654 -0.025102093249552797 0.00058792101171167962
leaf_weight=3.2704489752650252 6.4698444344103399 4.8869546465575686 18.749593563377857 4.5758972521871355 27.060137685388327 5.0817001573741418 2.8343036845326415 3.6781179904937726 57.903129871934652 10.26465893909335 15.859739694744347 28.925964115187526 3.6119536757469177 12.069903306663035 4.830387819558382 3.4025462418794632
leaf_count=22 31 28 107 25 161 31 15 21 332 64 89 167 20 73 27 23
internal_value=7.97371e-06 0.000505836 0.00422136 -0.00313327 -0.00799424 0.00903684 -0.00249886 0.00653254 -0.00534996 -0.0205167 -0.00259186 0.0122619 -0.00824647 0.0150573 -0.0116532 -0.014758
internal_weight=213.475 206.802 92.8922 36.523 31.636 56.3692 113.91 27.0483 86.8618 13.099 73.7629 47.6756 8.69365 18.5397 8.50851 6.673
internal_count=1236 1191 539 214 186 325 652 152 500 79 421 274 51 104 48 45
is_linear=0
shrinkage=0.03


Tree=229
num_leaves=7
num_cat=0
split_feature=285 285 277 43 41 167
split_gain=1.7785 2.5225 2.24897 2.65603 2.70082 1.77141
threshold=-7.6899999999999986 -6.9399999999999995 -14.209999999999999 -0.24821470588235287 0.63675000000000015 -0.02536753055
decision_type=2 2 2 2 2 2
left_child=-1 -2 -3 5 -5 -4
right_child=1 2 3 4 -6 -7
leaf_value=0.022564057488819542 -0.024437315287213521 -0.018241139602908827 0 0.0013545569489771992 -0.0090821413224661425 0.028893732192940714
leaf_weight=3.0044155791401854 3.7299282848834983 5.720439037308096 3.3336273171007633 166.72793430648744 25.659342079423368 4.7812863625586015
leaf_count=16 22 38 22 947 164 27
internal_value=9.71731e-06 -0.000309341 0.000124152 0.000671911 -2.58305e-05 0.017378
internal_weight=212.957 209.953 206.223 200.502 192.387 8.11491
internal_count=1236 1220 1198 1160 1111 49
is_linear=0
shrinkage=0.03


Tree=230
num_leaves=16
num_cat=0
split_feature=306 200 70 107 178 155 140 171 167 72 3 69 295 255 306
split_gain=1.7743 2.94054 3.27391 4.85691 4.73686 4.32308 3.95481 2.84379 2.79548 2.95537 3.52675 3.79852 2.19439 2.02508 1.62299
threshold=0.2940517751148885 0.25172921721653529 10.192100000000002 0.24700000000000003 1.1296962262250003 0.39677716008400005 -0.084293855450000052 1.4442598495500001 -1.0680628381499999 2.9750000000000005 65.815000000000012 9.647000000000002 0.39400000000000007 0.024273142072184565 0.31087399808252275
decision_type=2 2 2 2 2 2 2 2 2 2 2 2 2 2 2
left_child=1 2 4 13 6 -6 -1 -5 -2 14 12 -12 -11 -4 -10
right_child=8 -3 3 7 5 -7 -8 -9 9 10 11 -13 -14 -15 -16
leaf_value=0.010893571226443351 -0.01526764375347159 0.020619812961251035 -0.0076639483860073887 -0.0085953890886472945 -0.029929351232111757 -0.0040747140412893462 -0.0010831345181714384 0.024826713393593221 0.036547439211814844 0.031817748003858198 -0.020854882038313254 0.013452870664574401 0.0025231634046004215 -0.036479723032291952 0.010070357464772096
leaf_weight=34.80173758789897 4.5741567853838196 5.2675441056489936 3.6861212067306059 7.4303668085485679 7.8203974738717106 23.541109496727586 84.607193111442029 3.178059495985508 4.5266636274755019 4.4966665878891963 7.3895011916756612 4.5547029189765453 5.1367198042571545 7.0429943464696407 4.7204534560441971
leaf_count=188 30 27 24 44 57 136 480 16 26 30 41 25 30 54 28
internal_value=9.32006e-06 -0.0012012 -0.00189806 -0.0128715 -0.000317675 -0.0106919 0.00238857 0.00127535 0.00614578 0.00945948 0.00317817 -0.00752009 0.0166919 -0.0270189 0.0236048
internal_weight=212.774 177.376 172.108 21.3375 150.77 31.3615 119.409 10.6084 35.3989 30.8247 21.5776 11.9442 9.63339 10.7291 9.24712
internal_count=1236 1026 999 138 861 193 668 60 210 180 126 66 60 78 54
is_linear=0
shrinkage=0.03


Tree=231
num_leaves=20
num_cat=0
split_feature=306 290 137 280 10 290 41 60 158 71 293 109 98 149 0 0 267 255 46
split_gain=1.68593 2.83966 3.62087 3.62087 4.9859 3.61634 5.17317 3.76136 5.3152 3.85401 3.38591 3.39482 2.71574 2.49515 2.93045 4.88003 2.33814 1.5531 0.981074
threshold=0.2940517751148885 1.3434841405462512 1.0077281429680003 -0.6750000000000006 24.375000000000004 1.1866006812765797 0.3867000000000001 17.015000000000004 3.4268033919000005 65.470000000000013 1.2036431402980268 0.49400000000000005 0.23095000000000002 0.73478823860000009 65.855000000000004 69.840000000000018 0.42215704242019753 0.18983075846931699 0.32400000000000007
decision_type=2 2 2 2 2 2 2 2 2 2 2 2 2 2 2 2 2 2 2
left_child=1 5 3 16 -5 7 -7 9 -9 -1 11 -4 -2 14 18 -16 -3 -8 -14
right_child=12 2 10 4 -6 6 17 8 -10 -11 -12 -13 13 -15 15 -17 -18 -19 -20
leaf_value=0.00060115601022388493 0.032589922853331781 -0.027618747670220795 0.015562344169960399 -0.010195290009491428 0.023635404995226563 -0.011763878081858914 0.014465977095390206 -0.016270057096917073 0.01948558394342886 0.02220338493834887 0.03091068776283467 -0.014903901151197808 0.033702911630730074 -0.014411055723954496 -0.018969737182081167 0.012454241819834776 -0.0026144826415012514 0.041119325210662201 0.010100996022325575
leaf_weight=70.034882283769548 3.0758495442569247 13.505672769621016 5.638817301020028 19.683424253016714 4.7631608620285979 3.9029854480177155 4.4236730188131315 21.84404289722443 4.3532743453979483 8.2633670605719072 3.5248352140188208 7.5594308543950319 3.879868712276223 5.6865785159170619 6.9244546480476883 11.988498091697691 4.8675952330231658 4.6710616927593946 3.6140705980360508
leaf_count=379 20 95 33 130 22 26 26 129 21 47 18 46 23 34 43 67 33 21 23
internal_value=8.84722e-06 -0.00116962 -0.00651065 -0.011149 -0.00341208 0.00151482 0.0163793 -0.000319317 -0.0101629 0.00294467 0.00518337 -0.00164277 0.00601259 0.0032789 0.00724151 0.000752172 -0.0212068 0.0287798 0.0229985
internal_weight=212.206 177.036 59.5429 42.8199 24.4466 117.493 12.9977 104.496 26.1973 78.2982 16.7231 13.1982 35.1693 32.0935 26.4069 18.913 18.3733 9.09473 7.49394
internal_count=1236 1026 377 280 152 649 73 576 150 426 97 79 210 190 156 110 128 47 46
is_linear=0
shrinkage=0.03


Tree=232
num_leaves=8
num_cat=0
split_feature=285 285 71 49 299 17 105
split_gain=1.68915 2.37729 2.23391 3.13794 2.44214 3.94013 3.21782
threshold=-7.6899999999999986 -6.9399999999999995 12.460000000000003 0.43970000000000004 0.77954629804468012 19.315000000000001 0.54585000000000006
decision_type=2 2 2 2 2 2 2
left_child=-1 -2 3 -3 5 -4 -6
right_child=1 2 4 -5 6 -7 -8
leaf_value=0.022108933513141207 -0.023866058432986406 0.031589271588739865 0.017717645775093147 -0.0020076574261860677 -0.0035971960559749521 -0.018562685001867887 0.0065182379342844628
leaf_weight=2.9720400981605044 3.6837155222892752 4.6661523785442096 13.307020068168642 4.9169325865805149 143.73267250042409 3.2100843489170066 34.995205201208591
leaf_count=16 22 30 76 27 829 21 215
internal_value=1.21253e-05 -0.0002989 0.000121742 0.0141987 -0.000560745 0.0104168 -0.00159726
internal_weight=211.484 208.512 204.828 9.58308 195.245 16.5171 178.728
internal_count=1236 1220 1198 57 1141 97 1044
is_linear=0
shrinkage=0.03


Tree=233
num_leaves=22
num_cat=0
split_feature=311 311 14 305 292 125 189 72 165 125 260 174 197 130 297 112 38 290 198 158 306
split_gain=1.68343 4.55876 4.29379 5.06309 3.32613 4.39947 3.20476 5.19603 4.84947 3.89521 3.66403 3.18214 3.33225 4.3129 3.06151 2.80641 2.35146 2.34434 2.08786 1.48534 0.211939
threshold=0.89457603411583941 1.1162619516581602 22.125000000000004 -0.21774265960312464 2.1334323457070226 34.139875000000011 4.5172181163499108 2.9450000000000007 1.4503560905000004 87.615975000000006 -0.58388935980959544 2.6165909512500005 24.296700068412346 5.2125500000000011 1.0154603856664448 7189.7800000000007 0.64140000000000008 1.2728954596269377 0.43609577412462786 0.70683014900000007 0.21184820034937699
decision_type=2 2 2 2 2 2 2 2 2 2 2 2 2 2 2 2 2 2 2 2 2
left_child=4 2 3 -2 6 20 9 19 -9 10 -1 12 13 -3 -13 -5 -14 -4 -7 -8 -6
right_child=1 11 17 15 5 18 7 8 -10 -11 -12 14 16 -15 -16 -17 -18 -19 -20 -21 -22
leaf_value=0.0083148184706009591 0.017836640684085334 -0.011281121547613529 0.026650180387035389 -0.016944084192126774 -0.037690887451081935 0.020735123350373731 0.041300177358947594 -0.014034496605199138 0.025674156517593038 0.030349234447610687 -0.0061160911532044965 -0.029956879055505932 0.030570173195854769 0.017841072714394821 0.0073060947828013272 0.00062482322887787948 0.0068561890446302027 -0.0029807936400894595 -0.010923187872552835 0.015712392833990878 -0.020600536313110897
leaf_weight=26.956027906388044 4.9213642850518218 11.342622879892589 4.4498410597443563 41.496480410918593 2.9485581666231138 3.5417084544897079 5.6158995628356951 7.098283236846326 4.3866984248161316 3.9070364050567141 38.06266501173377 4.0501646492630234 7.9296563863754255 7.5222227592021218 3.5493663102388382 9.7725374791771156 7.9794792085886002 4.7194592617452145 3.6603792794048786 4.2328987829387188 3.0742972064763308
leaf_count=151 25 68 23 259 20 15 27 43 23 22 216 23 47 42 21 63 48 30 25 25 20
internal_value=1.19994e-05 -0.00259745 -0.00758013 -0.0107138 0.00275743 -0.0111715 0.00484161 0.0149911 0.000963999 0.00163954 -8.35456e-05 0.00501729 0.0089111 0.000205802 -0.0122947 -0.0135421 0.0189806 0.0112078 0.00430506 0.0308729 -0.0299362
internal_weight=211.218 107.733 65.3597 56.1904 103.484 13.2249 90.2595 21.3338 11.485 68.9257 65.0187 42.3735 34.774 18.8648 7.59953 51.269 15.9091 9.1693 7.20209 9.8488 6.02286
internal_count=1236 649 400 347 587 80 507 118 66 389 367 249 205 110 44 322 95 53 40 52 40
is_linear=0
shrinkage=0.03


Tree=234
num_leaves=10
num_cat=0
split_feature=303 125 65 65 106 65 46 192 206
split_gain=1.68425 2.18995 2.09863 2.99185 2.81362 2.56472 2.70495 1.57648 0.158736
threshold=0.30622850432010745 105.34610000000002 20240176.000000004 20231019.000000004 0.18495000000000003 20250914.500000004 -0.069766779977137691 23.480797017325816 11.918594185692141
decision_type=2 2 2 2 2 2 2 2 2
left_child=1 2 3 4 -1 6 -4 -2 -7
right_child=7 -3 5 -5 -6 8 -8 -9 -10
leaf_value=0.024939593734538249 0.0012385824974431726 0.021137890988154766 -0.0027852060732154091 -0.026307273183510615 -0.001054663141210594 -0.028531545963393752 0.020725638628250768 -0.033126758331684721 -0.0064907867951638047
leaf_weight=3.7262211665511122 1.8987846076488484 4.3951091933995476 6.4255955815315309 4.0397838763892642 172.70632665976882 1.2060351297259324 12.472200810909269 2.5372311230748892 1.0399239091202614
leaf_count=21 14 30 43 36 932 22 89 30 19
internal_value=1.4842e-05 0.000427013 -1.98543e-05 -0.00108397 -0.000474859 0.008884 0.012601 -0.0180527 -0.0203167
internal_weight=210.447 206.011 201.616 180.472 176.433 21.1438 18.8978 4.43602 2.24596
internal_count=1236 1192 1162 989 953 173 132 44 41
is_linear=0
shrinkage=0.03


Tree=235
num_leaves=21
num_cat=0
split_feature=131 208 31 116 290 54 96 305 193 280 280 104 270 203 156 178 275 59 173 293
split_gain=1.70217 2.94436 3.79349 2.92662 2.89074 2.66507 2.59281 3.52699 3.06786 3.69385 2.51727 3.58929 3.46695 2.91549 2.51442 2.17052 2.11982 1.79729 1.71117 1.05153
threshold=69.809271121538487 2.2317890627033945 1.0000000180025095e-35 674.50000000000011 0.89847929491145428 18.255000000000006 -0.035549999999999991 -0.065066016042491945 141.40862479378842 -1.4250000000000005 -4.7999999999999989 0.070500000000000021 1.926628335369414 219.73407781720604 1.2014608378500002 -1.0000000180025095e-35 0.093876305864554754 7.1000000000000005 0.20199548810800003 1.0274318114729017
decision_type=2 2 2 2 2 2 2 2 2 2 2 2 2 2 2 2 2 2 2 2
left_child=1 2 18 5 -4 17 7 16 9 -9 11 -8 13 -12 -7 -10 -2 -3 -1 -6
right_child=6 3 4 -5 19 14 10 8 15 -11 12 -13 -14 -15 -16 -17 -18 -19 -20 -21
leaf_value=0 0.028292291626193445 0.0058677993159806183 0.00077553579316844373 -0.011997150563363533 -0.037078292876717864 -0.014965631429497722 0.0010692953723876518 -0.021800219722418232 -0.010053610495150172 0.0040133407483946195 0.0018656382527823122 -0.039771525557016012 0.025025201677085863 -0.021653582509008975 0.021271008791319518 -0.034424536645171422 -0.0036587138397768111 0.033753721728975124 0.028088430082802703 -0.010765023087154916
leaf_weight=3.7003320083022126 3.3917945846915236 3.1786466911435189 7.4128141663968563 3.3113870024681082 3.631756529211998 3.432180266827344 4.4626364409923545 7.2510521411895743 7.2500480730086565 15.081239843741061 105.34491636883467 3.1406499072909355 5.5008217841386786 4.8577168788760892 3.2254414148628712 6.9385859863832575 3.6751105524599552 8.4735892266035062 3.8747981712222099 2.9675448387861252
leaf_count=22 19 20 38 18 23 25 27 51 48 95 593 20 31 30 17 48 23 48 21 19
internal_value=1.26994e-05 0.00532661 -0.00239259 0.0131473 -0.011732 0.0178982 -0.00134746 -0.00763468 -0.0114285 -0.00429412 0.000855096 -0.0157085 0.00198208 0.000783025 0.0022011 -0.0223391 0.0114385 0.0265166 0.0144199 -0.026031
internal_weight=210.103 43.2085 21.5872 21.6212 14.0121 18.3099 166.895 43.5878 36.5209 22.3323 123.307 7.60329 115.703 110.203 6.65762 14.1886 7.06691 11.6522 7.57513 6.5993
internal_count=1236 251 123 128 80 110 985 284 242 146 701 47 654 623 42 96 42 68 43 42
is_linear=0
shrinkage=0.03


Tree=236
num_leaves=8
num_cat=0
split_feature=41 134 158 167 50 203 124
split_gain=1.64585 2.70827 2.17002 2.50366 3.57927 2.8949 2.21771
threshold=0.20360000000000003 39.778616969150001 -10.550822932799997 -3.4992947918999993 -0.14954999999999996 -1084.3038860201302 47.631604166666669
decision_type=2 2 2 2 2 2 2
left_child=-1 2 6 4 -4 -5 -2
right_child=1 -3 3 5 -6 -7 -8
leaf_value=0.019692794347394807 0.031385430358286837 -0.025625779418914876 0.010613799556623661 0.027363424947995728 -0.022068545990747541 -6.4573960658056054e-05 0
leaf_weight=3.6604087278246871 3.8646735027432433 3.6423872411251059 4.0536487959325305 3.4286298230290404 10.198833635076879 176.77934842277318 3.8517523445188999
leaf_count=25 19 23 21 17 59 1050 22
internal_value=1.0777e-05 -0.000334084 0.00011918 -0.000488592 -0.0125549 0.000455518 0.0156296
internal_weight=209.48 205.819 202.177 194.46 14.2525 180.208 7.71643
internal_count=1236 1211 1188 1147 80 1067 41
is_linear=0
shrinkage=0.03


Tree=237
num_leaves=11
num_cat=0
split_feature=174 165 259 132 95 186 61 173 297 116
split_gain=1.63178 2.5302 2.86898 2.63556 4.28169 3.96487 3.80691 3.41296 2.96345 2.72366
threshold=0.034288336900000008 0.085360947800000017 -0.31816063588716614 58.552659755000008 -0.43874999999999992 0.76430880438099236 6.4050000000000002 0.094657982136000018 1.0154603856664448 672.50000000000011
decision_type=2 2 2 2 2 2 2 2 2 2
left_child=-1 2 -2 5 9 8 -7 -6 -3 -5
right_child=1 3 -4 4 7 6 -8 -9 -10 -11
leaf_value=-0.016198892434753011 0.03113149130158455 0.0041631555971315482 -0.0026284698540583753 -0.0036859452304883523 0.012583485813460492 0.011545335118894214 -0.012019716160858528 -0.0025091785748475232 -0.0180565136787742 -0.022173164356792466
leaf_weight=5.334264585748314 4.9183817952871323 10.613842431455852 3.8273753896355611 15.080205372534694 16.373417815193534 47.189179236069322 6.8917344398796549 74.053447479382157 10.500917900353668 14.512489903718231
leaf_count=35 26 66 26 107 96 259 43 420 63 95
internal_value=1.08236e-05 0.000457194 0.0161554 -0.000238646 -0.00301141 0.00414524 0.00847034 0.000201363 -0.00677888 -0.0128974
internal_weight=209.295 203.961 8.74576 195.215 120.02 75.1957 54.0809 90.4269 21.1148 29.5927
internal_count=1236 1201 52 1149 718 431 302 516 129 202
is_linear=0
shrinkage=0.03


Tree=238
num_leaves=18
num_cat=0
split_feature=195 204 83 69 156 143 281 106 53 132 184 127 126 99 123 52 284
split_gain=1.62992 3.59327 3.81996 5.29354 4.25454 3.96877 3.04129 3.06828 4.61503 4.30281 4.0401 3.72959 3.35242 3.0026 2.8952 3.69429 1.80427
threshold=19.55588997837787 74.585541672735005 40731288.260000013 2.1824000000000008 0.30175795795000004 0.16882771645000003 5.3250000000000002 0.28650000000000003 14.490000000000002 75.043007205000023 3.4783020464288623 1.6818422268907565 50.264789289278944 -0.22444999999999996 11.500000000000002 0.48497188755020088 -1.5000000000000007
decision_type=2 2 2 2 2 2 2 2 2 2 2 2 2 2 2 2 2
left_child=1 2 3 16 -4 -5 7 11 9 -9 -10 -2 -13 -6 -3 -16 -1
right_child=6 14 4 5 13 -7 -8 8 10 -11 -12 12 -14 -15 15 -17 -18
leaf_value=0.010304423304050842 0.019134407254608955 -0.037225680347753871 0.022770863785671041 0.024231197948433619 -0.023627951547738623 -0.006034887505230558 -0.021798218284678744 0.02945363973958473 0.0082665089242093433 0.0025032931066232889 -0.0086025286977502828 -0.015155620034390683 0.0043537991467008548 -0.0045133517080391591 -0.029408922397535123 0.010949713079649721 0.037270507693039405
leaf_weight=4.6894692182540894 5.3889228999614707 4.4428000338375551 3.7966032624244681 4.6494847582653192 10.46888225153088 21.574254060164094 4.3979836702346793 12.880695078521969 34.233742905780673 9.5227583777159435 20.149670787155628 20.018004118464887 12.701123707927762 26.790298022329811 3.5058851689100266 4.4900977499783039 5.2267829924821836
leaf_count=28 34 28 21 30 67 128 25 72 194 51 120 129 80 154 22 25 28
internal_value=8.46091e-06 -0.00303208 -0.000571684 0.0064892 -0.0068607 -0.000483061 0.00231882 0.00328622 0.00675069 0.0181935 0.00195696 -0.00361547 -0.00750073 -0.0100132 -0.0179359 -0.00651989 0.0250478
internal_weight=208.927 89.6346 77.1958 36.14 41.0558 26.2237 119.293 114.895 76.7869 22.4035 54.3834 38.1081 32.7191 37.2592 12.4388 7.99598 9.91625
internal_count=1236 531 456 214 242 158 705 680 437 123 314 243 209 221 75 47 56
is_linear=0
shrinkage=0.03


Tree=239
num_leaves=12
num_cat=0
split_feature=43 41 310 194 69 1 14 298 46 19 54
split_gain=1.62522 2.2709 3.65679 4.66943 3.63451 3.0404 2.60826 2.58149 3.26012 3.00452 1.85435
threshold=-0.26059999999999994 0.63675000000000015 0.1605803781649818 5.1472372296652926 2.7674000000000007 79.710000000000022 22.875000000000004 1.123800745871071 0.23455000000000004 14.185 24.200000000000006
decision_type=2 2 2 2 2 2 2 2 2 2 2
left_child=10 5 4 -4 -3 7 -6 8 -2 -9 -1
right_child=1 2 3 -5 6 -7 -8 9 -10 -11 -12
leaf_value=0.030558114532767487 0.00067972858255754452 0.014680547130537623 -0.017529557196800358 0.028642643884185293 -0.027991769421109661 0.021167411156224739 0.0017644528248119814 0.017813249733386001 -0.0102867641857029 -0.00033371761850014154 0
leaf_weight=3.2060604840517035 105.01417391002178 2.7393161505460801 3.3629405461251727 4.3687873221933842 12.345654340460895 6.2223427202552548 3.1182306930422774 14.286219635978339 31.520244830287993 18.388423651456833 3.6822483241558075
leaf_count=22 595 14 23 24 92 38 18 77 201 109 23
internal_value=9.29889e-06 -0.000469649 -0.00874674 0.00820944 -0.0161182 0.00074119 -0.021826 -4.28496e-06 -0.00183571 0.00753923 0.0142461
internal_weight=208.255 201.366 25.9349 7.73173 18.2032 175.431 15.4639 169.209 136.534 32.6746 6.88831
internal_count=1236 1191 171 47 124 1020 110 982 796 186 45
is_linear=0
shrinkage=0.03


Tree=240
num_leaves=12
num_cat=0
split_feature=284 288 114 64 299 13 14 288 188 190 200
split_gain=1.63925 2.9072 2.68338 3.60317 3.30446 3.09265 3.15188 2.31076 3.10463 2.2365 1.05862
threshold=-6.2449999999999992 5.2515748161726217 -0.53994999999999982 333.50000000000006 0.84301077544398018 25.725000000000005 18.525000000000002 0.73427023636609012 1.7811528504685656 2.0025664458648453 0.034132462392927908
decision_type=2 2 2 2 2 2 2 2 2 2 2
left_child=7 2 3 4 -2 6 -4 10 -9 -3 -1
right_child=1 9 5 -5 -6 -7 -8 8 -10 -11 -12
leaf_value=-0.034119469437511499 0.02680386438652169 0 0 -0.027836910957046043 -0.007823291069008708 -0.021531791075507095 0.0085565903692826212 0.022942620458847165 -0.017829034448421113 -0.036350645505711515 -0.0091867687382705451
leaf_weight=3.3723106235265714 3.0313053205609348 2.9626197479665271 98.447565021924675 6.1143761277198783 11.773798501119016 4.4800664559006682 64.273426139727235 3.3027407266199589 3.1854632580652833 3.197128688916564 3.6971011310815811
leaf_count=19 18 23 579 39 76 32 362 18 24 19 27
internal_value=1.0476e-05 0.000730752 0.00141415 -0.00865626 -0.000399937 0.00269647 0.00339477 -0.0100212 0.00250313 -0.0193503 -0.0218088
internal_weight=207.838 194.28 188.121 20.9195 14.8051 167.201 162.721 13.5576 6.4882 6.15975 7.06941
internal_count=1236 1148 1106 133 94 973 941 88 42 42 46
is_linear=0
shrinkage=0.03


Tree=241
num_leaves=12
num_cat=0
split_feature=49 262 105 200 105 123 94 308 46 178 48
split_gain=1.6057 3.31851 3.19294 2.39314 2.42754 2.9637 3.57078 2.69118 4.44849 3.46378 1.47985
threshold=0.67795000000000016 0.78427170280364145 0.5041500000000001 0.24906744335939415 0.55415000000000014 8.5000000000000018 0.21400000000000005 0.57916666666666672 0.61060000000000014 0.83386514940000012 0.49062373949579841
decision_type=2 2 2 2 2 2 2 2 2 2 2
left_child=3 2 -2 4 7 -6 -7 9 -9 -1 -3
right_child=1 10 -4 -5 5 6 -8 8 -10 -11 -12
leaf_value=0.0028749582890479149 -0.020632268020144885 -0.039420127307500434 0.014055198364419692 0.018864743618543359 0.029069375887989215 0.026636381202283278 -0.0039460782439346351 -0.024994448351468936 0.0066515183252357649 -0.0078256608093404175 -0.0096992385435621838
leaf_weight=107.80799849424511 3.5471468642354029 3.2911042626947156 6.7443943824619055 6.2907557785511008 5.1662142388522652 4.3994230628013637 14.08271289989352 10.057365197688343 6.3311678841710082 36.296861151233315 3.4847898092120886
leaf_count=627 26 21 36 32 33 28 91 63 35 218 26
internal_value=6.41376e-06 -0.00876643 0.00172741 0.00081261 0.000169715 0.00913612 0.00327639 -0.00113765 -0.0126209 0.000155345 -0.0249346
internal_weight=207.5 17.0674 10.2915 190.432 184.142 23.6484 18.4821 160.493 16.3885 144.105 6.77589
internal_count=1236 109 62 1127 1095 152 119 943 98 845 47
is_linear=0
shrinkage=0.03


Tree=242
num_leaves=23
num_cat=0
split_feature=197 33 298 50 287 130 40 183 197 194 184 202 48 194 46 50 95 15 193 105 155 196
split_gain=1.61176 3.71173 3.41128 5.2206 4.03071 3.63432 2.89879 2.74095 4.5894 3.33817 2.59035 3.02898 2.36539 3.97282 3.9209 3.79118 4.18867 3.9269 2.31178 1.96923 1.80776 0.782228
threshold=32.846452552119267 1.0000000180025095e-35 1.1202614092093326 0.16115000000000004 1.2002605068122312 2.2257250000000006 0.43552631578947371 0.8423262710283782 28.961081376515693 8.4581074216193688 4.2241254615928918 -37.513797496268602 0.47699579831932776 20.784899950126849 0.083900000000000016 -0.13184999999999999 -0.027299999999999994 17.185000000000006 73.705556512546892 0.53750000000000009 0.45097609740400008 67.023063819474288
decision_type=2 2 2 2 2 2 2 2 2 2 2 2 2 2 2 2 2 2 2 2 2 2
left_child=7 10 3 6 -4 -5 -3 8 9 18 19 -12 15 14 -14 17 -17 -9 -1 21 -13 -2
right_child=1 2 4 5 -6 -7 -8 12 -10 -11 11 20 13 -15 -16 16 -18 -19 -20 -21 -22 -23
leaf_value=-0.022897083870699147 0.017136570131288928 0.020019222681489396 0.032291286724627118 0 -0.0047679120770720328 -0.036517560629765231 -0.0069743444346164925 -0.0071841232388807916 -0.039986149473185933 0.022200418673567708 -0.01475186936412976 -0.0019376496284153773 0.015333179294478453 -0.022367598022473692 6.9985354100465179e-05 0 -0.023385206798635885 0.019863330615297672 0.0076596529766277122 0.00031766513616830744 0.023913734639549059 0.034409659610814429
leaf_weight=6.5258185267448443 6.4993641264736706 5.5060433689504888 4.6387761496007425 3.5939073599874956 5.6596163287758827 7.1996553894132376 9.6429911665618402 10.843847624957563 4.1958714947104445 3.1601798608899108 5.6412433423101893 3.9668293073773366 22.140714321285486 5.0339935235679141 48.752606276422739 12.648883176967503 14.938791681081055 8.4379317015409452 3.1124096307903528 3.8692631786689153 5.4318292960524559 5.7045086175203323
leaf_count=42 34 33 24 21 37 46 59 66 22 19 37 21 125 30 296 82 89 46 20 26 30 31
internal_value=5.63061e-06 0.00382904 -0.00262819 -0.00848882 0.0117864 -0.0243583 0.0027069 -0.00181654 -0.0130748 -0.00377788 0.011431 0.00222673 -0.000224685 0.00302003 0.00489398 -0.00554015 -0.0126839 0.00453879 -0.0127442 0.019791 0.0127814 0.0256685
internal_weight=207.145 67.354 36.241 25.9426 10.2984 10.7936 15.149 139.791 16.9943 12.7984 31.113 15.0399 122.797 75.9273 70.8933 46.8695 27.5877 19.2818 9.63823 16.0731 9.39866 12.2039
internal_count=1236 399 220 159 61 67 92 837 103 81 179 88 734 451 421 283 171 112 62 91 51 65
is_linear=0
shrinkage=0.03


Tree=243
num_leaves=16
num_cat=0
split_feature=257 280 158 62 14 141 95 51 300 52 164 296 99 197 293
split_gain=1.58935 2.29231 3.43509 3.59656 5.01085 3.22043 3.05182 3.50625 2.99176 3.40335 3.34665 3.09233 2.67955 1.8275 1.6839
threshold=-4.4633185101721802 -0.37499999999999994 -0.21313016670000007 0.59975000000000012 22.275000000000002 2021.5000000000002 1.8708000000000002 -0.31669999999999993 -0.054082562464721866 0.52505220883534143 0.13100865135200004 0.95676915990530964 0.32985000000000003 21.805025305737292 1.0316168741157083
decision_type=2 2 2 2 2 2 2 2 2 2 2 2 2 2 2
left_child=13 8 6 5 -5 -4 7 -3 10 11 -2 -10 -11 -1 -12
right_child=1 2 3 4 -6 -7 -8 -9 9 12 14 -13 -14 -15 -16
leaf_value=-0.028289428537343717 0.030338712037590271 0.029936739546553254 0.0192263453141495 -0.012967059169745356 0.022593845939209035 -0.00037870534098977018 0.022202315484723855 -0.0090241690092597894 0.0053022010676363847 -0.0015469024588597325 -0.017548862765899533 -0.0089485310925727177 0.026890373043759245 0.0029712691008128389 0.012154664100468266
leaf_weight=3.6502197105437508 4.9496889561414701 2.1096605360507992 27.619753139093518 12.1475324947387 4.908034771680831 9.945440946146844 3.6695747375488272 29.593597024679184 16.670643769204617 6.424907982349394 3.1733443299308419 70.193328393623233 5.1692633833736181 2.7362024039030075 3.4602187983691692
leaf_count=24 25 11 148 79 27 71 22 181 95 39 23 422 28 21 20
internal_value=5.95389e-06 0.000494137 0.00405539 0.00878061 -0.00248687 0.013969 -0.00316064 -0.00625125 -0.00239211 -0.00411434 0.0119 -0.00617613 0.0109969 -0.0145942 -0.00165888
internal_weight=206.421 200.035 89.9936 54.6208 17.0556 37.5652 35.3728 31.7033 110.041 98.4581 11.5833 86.864 11.5942 6.38642 6.63356
internal_count=1236 1191 539 325 106 219 214 192 652 584 68 517 67 45 43
is_linear=0
shrinkage=0.03


Tree=244
num_leaves=15
num_cat=0
split_feature=303 124 200 61 206 15 201 208 49 199 185 185 123 98
split_gain=1.58365 2.33488 4.08014 4.07382 4.11267 3.4206 3.4126 3.40432 4.66441 3.56493 2.18129 1.92832 0.966331 0.785644
threshold=0.087141989315513882 75.577727777777795 0.19522730022705284 4.3550000000000013 -17.899463803284092 18.940000000000001 -56.062566980098445 1.3824556725957937 0.57290000000000008 -9.9552883316278713 3.9882640353685246 2.1569365411329215 18.500000000000004 0.35425000000000006
decision_type=2 2 2 2 2 2 2 2 2 2 2 2 2 2
left_child=1 2 3 6 -5 7 -1 9 -9 -3 11 -2 -12 -7
right_child=10 5 -4 4 -6 13 -8 8 -10 -11 12 -13 -14 -15
leaf_value=-0.0092809719631479076 -0.014532527454590825 -0.034969007183385178 0.023157595500789184 0.018025843594851532 -0.014121372468382782 0.013742712141066624 0.003852891289849308 0.020702609027461703 -0.0067298319722792037 0 -0.032718160815841162 0.012789404579627116 -0.0060230807087286271 0.035212822595156512
leaf_weight=22.702231185510755 4.2674240972846729 3.3912352435290805 5.8877612799406043 3.8509711772203437 33.089628061279655 3.9976194240152827 80.477170562371612 14.119790971279146 8.9006023183464986 10.572703982703386 3.6904940400272599 4.87109499797225 2.3381175277754664 3.740350965410471
leaf_count=138 33 22 30 19 213 24 446 80 49 63 35 37 24 23
internal_value=7.99411e-06 0.000766347 -0.00105383 -0.00210837 -0.0106495 0.00676483 0.000927854 0.00284954 0.00998314 -0.00868469 -0.00927452 0 -0.0231215 0.0248205
internal_weight=205.897 190.73 146.008 140.12 36.9406 44.7223 103.179 36.9843 23.0204 13.9639 15.1671 9.13852 6.02861 7.73797
internal_count=1236 1107 846 816 232 261 584 214 129 85 129 70 59 47
is_linear=0
shrinkage=0.03


Tree=245
num_leaves=14
num_cat=0
split_feature=56 187 311 275 48 133 296 204 63 291 290 127 196
split_gain=1.5934 2.73856 2.77578 2.55441 2.76299 2.57812 3.09273 2.51438 2.48702 2.41859 2.19859 2.16928 1.0397
threshold=4.9365000000000014 0.23385690516193181 1.2145482375047842 0.020417335756594719 0.4811457983193278 6.530532354950001 1.1552604006831293 -36.825004066620039 0.46643784654941695 0.71058862098311959 1.0261621422805247 2.3408206578947373 60.427905894510623
decision_type=2 2 2 2 2 2 2 2 2 2 2 2 2
left_child=11 2 9 4 12 7 -7 -5 -6 -2 -11 -1 -3
right_child=1 3 -4 5 8 6 -8 -9 -10 10 -12 -13 -14
leaf_value=0.02731249246873069 0.0077419346499812752 -0.036986124310374298 0.012054073498252518 0.029190815108604849 0.014660039483050641 0.0015599716761376858 -0.018781632506084053 0.004581223039726379 -0.018718053095322016 -0.032088790973086624 -0.0096333565729909056 -0.00077679086823368359 -0.010074403624559806
leaf_weight=4.3525977544486505 3.464093327522284 3.5316579546779385 4.1184245832264414 5.603771414607766 4.6095951553434116 132.04352666344494 6.9794768299907437 12.100274275988339 3.3997211242094636 6.9693063534796265 10.360715858638285 5.1114165335893631 2.7428366243839264
leaf_count=36 18 28 24 30 28 764 49 72 27 42 72 30 16
internal_value=7.4371e-06 -0.000561337 -0.00984207 0.000778092 -0.0112923 0.00190379 0.000504417 0.0126595 6.59593e-05 -0.0143593 -0.0189683 0.0119786 -0.0260351
internal_weight=205.387 195.923 24.9125 171.011 14.2838 156.727 139.023 17.704 8.00932 20.7941 17.33 9.46401 6.27449
internal_count=1236 1170 156 1014 99 915 813 102 55 132 114 66 44
is_linear=0
shrinkage=0.03


Tree=246
num_leaves=19
num_cat=0
split_feature=306 100 64 123 270 153 56 194 298 18 100 149 38 174 127 3 37 308
split_gain=1.56896 2.6099 3.64261 3.84083 3.20812 2.9137 2.90011 2.86158 3.55264 2.74556 2.58872 2.64426 2.63893 2.45479 2.29149 2.43217 1.57206 1.29253
threshold=0.2940517751148885 -0.050149999999999993 333.50000000000006 10.500000000000002 0.32220365791695288 0.85274147995000016 4.495000000000001 20.784899950126849 0.94168338027476872 19.185000000000006 0.17495000000000002 0.73478823860000009 2.0898000000000008 0.98990397140000008 4.1990396825396834 65.815000000000012 0.4885000000000001 0.47083333333333338
decision_type=2 2 2 2 2 2 2 2 2 2 2 2 2 2 2 2 2 2
left_child=1 2 3 13 17 -6 -3 8 -8 -5 11 14 -12 -1 16 -16 -2 -4
right_child=10 6 4 9 5 -7 7 -9 -10 -11 12 -13 -14 -15 15 -17 -18 -19
leaf_value=0.023680409447448932 0.034612225759753902 0.024334155607581485 -0.0099262673339904385 -0.014740105147670166 0.018257914736649124 -0.020702527227685969 0.011031580203358721 -0.018612770872111314 -0.001554138950745431 0.010502220439143478 -0.019167229196812557 -0.0095549379686243729 0.0095993255648564469 -0.0050246173474026747 0.023407829426265434 -0.0087793874609930385 0.0082434812388939276 -0.035498441240927464
leaf_weight=7.1131607498973626 6.7616370189935022 4.5822383835911742 2.9454343952238577 15.842771023511888 3.2254954092204562 3.4672273583710194 26.303283184766769 6.714862532913684 84.674278864637017 4.9034778941422692 6.0373026430606824 4.0515477657318106 5.1590921133756638 3.9804354440420866 3.4985434450209123 4.8762349504977465 3.4828086346387863 7.3539841957390308
leaf_count=41 42 33 25 100 18 24 148 39 488 31 37 27 31 29 22 30 21 50
internal_value=6.14723e-06 -0.00114772 -0.007012 -0.000912419 -0.0181937 -0.00149189 0.00117356 0.000226462 0.0014091 -0.00860829 0.00591035 0.0117655 -0.00567892 0.01316 0.0165913 0.0044303 0.026104 -0.0286395
internal_weight=204.974 171.107 48.832 31.8398 16.9921 6.69272 122.275 117.692 110.978 20.7462 33.8672 22.6708 11.1964 11.0936 18.6192 8.37478 10.2444 10.2994
internal_count=1236 1026 318 201 117 42 708 675 636 131 210 142 68 70 115 52 63 75
is_linear=0
shrinkage=0.03


Tree=247
num_leaves=25
num_cat=0
split_feature=311 311 274 131 281 106 41 18 12 3 132 68 201 274 185 197 129 72 132 131 182 205 127 183
split_gain=1.5795 4.11486 3.81236 4.61979 5.59986 3.17056 5.01944 4.34002 4.15932 3.83583 3.83116 5.29236 3.49395 3.76359 3.23036 2.88073 3.79897 4.85739 2.70938 2.65624 2.14469 3.28373 1.8568 1.64228
threshold=0.89457603411583941 1.1162619516581602 12.409708528264241 67.077532826717189 4.3500000000000005 0.28745000000000004 0.23515000000000003 17.815000000000001 16.425000000000004 72.790000000000006 65.445006700000008 63.231750000000005 -117.58569872087433 1.8268121293459061 4.3681999997336414 24.296700068412346 5.9833790000000002 2.9750000000000005 59.994200472500005 57.490922162608705 1.1515233011051424 -24.030366283155143 4.471270416666667 1.1109872035417034
decision_type=2 2 2 2 2 2 2 2 2 2 2 2 2 2 2 2 2 2 2 2 2 2 2 2
left_child=5 2 3 19 -5 6 -1 12 18 -10 14 -12 -7 -14 -9 16 17 -3 -8 -2 21 -17 -18 -22
right_child=1 15 -4 4 -6 7 8 10 9 -11 11 -13 13 -15 -16 20 22 -19 -20 -21 23 -23 -24 -25
leaf_value=0.024167836037457768 -0.0033781180222154355 0.0012793250334702034 0.015150274408896932 -0.017634577858410178 0.018495954626879717 -0.010107399286611776 0.020692189858456195 -0.011448707013127618 -0.023534657184295083 0.0044496553560750508 -0.032069584524294856 0.010067076919558418 -0.0051532348477329676 0.019519039104254163 0.023140984574858855 -0.019934398931256168 -0.0056329214970262812 -0.035820659842731736 -0.012186547694631306 0.02562894297199781 0.034736351500118244 0.016880504822385626 0.022421216987138261 0.0092229164183698208
leaf_weight=4.6475700512528411 8.0966409575194103 8.036694038659336 5.9292304404079905 40.921409545466304 4.1010405644774428 5.3738161474466315 5.6704871542751807 3.8926223441958445 16.065933920443062 5.7922935448586932 7.0890518240630609 4.0776840168982744 6.4731495343148699 31.870674347504973 5.8606672883033752 3.4563858471810818 3.0433529540896398 4.9917716197669497 3.5014086402952671 4.1532860435545436 5.1538367420434934 5.4692311100661772 5.7744544725865126 4.8816107716411352
leaf_count=29 53 50 36 269 22 32 32 24 106 35 42 25 38 172 30 23 18 28 22 20 28 34 35 33
internal_value=5.5703e-06 -0.00256889 -0.00737786 -0.00978476 -0.0142433 0.0027046 -0.0044158 0.0066819 -0.0088572 -0.0159959 -0.00443708 -0.0164638 0.0120691 0.0152733 0.00905539 0.00480564 -0.00250498 -0.0128714 0.00782098 0.00634158 0.013355 0.00222888 0.0124477 0.0228351
internal_weight=204.324 104.009 63.2016 57.2724 45.0225 100.315 35.6777 64.6377 31.0301 21.8582 20.92 11.1667 43.7176 38.3438 9.75329 40.8073 21.8463 13.0285 9.1719 12.2499 18.9611 8.92562 8.81781 10.0354
internal_count=1236 649 400 364 291 587 224 363 195 141 121 67 242 210 54 249 131 78 54 73 118 57 53 61
is_linear=0
shrinkage=0.03


Tree=248
num_leaves=19
num_cat=0
split_feature=193 50 37 259 105 308 171 0 52 46 195 99 189 45 296 258 46 173
split_gain=1.54933 2.48632 5.37994 2.44897 2.32311 4.3457 5.04469 3.33819 3.05905 3.04786 3.14984 2.98592 2.82727 2.62528 1.63569 1.56401 1.1015 0.790531
threshold=29.493933216824036 0.16865000000000005 0.47900707844110491 -0.61306702898204579 0.53750000000000009 0.57916666666666672 0.61090362210000015 69.090000000000018 0.50100401606425715 0.40590000000000004 4.9884446725045253 1.0450500000000003 0.26957475573407091 0.56595000000000006 1.0161746561945175 0.14186380659757372 0.50730000000000008 0.12099474013200003
decision_type=2 2 2 2 2 2 2 2 2 2 2 2 2 2 2 2 2 2
left_child=1 3 -3 -1 5 9 -7 8 11 10 -2 -6 -11 17 -10 -5 -8 -9
right_child=4 2 -4 15 7 6 16 13 14 12 -12 -13 -14 -15 -16 -17 -18 -19
leaf_value=-0.0076909579399786609 -0.020537529465385236 -0.021294358076341485 0.018697103063881833 0.0081552773879299961 -0.021104732235586298 0.0092502234952134468 -0.041632510201273683 0.03597855266318805 0.021446647948220109 -0.026140472955591208 0.0027099531037983382 0.011917553420577221 -0.0041259787544744497 -0.00015695267653142341 -0.0010338822696586536 0.030839518529536529 -0.016714639707220494 0.016845569083047414
leaf_weight=3.2369554433971635 5.4497964009642592 6.7066082209348661 5.313239324837923 5.5436916910111922 8.9832793809473532 3.5341872740536919 5.1681932089850289 4.0081595703959447 5.2603401606902462 7.1037271954119232 90.862149114720523 3.1815989334136239 21.315784450620413 5.5738031044602385 5.8401540387421846 6.5807073302567005 3.3216915056109428 6.354984687641263
leaf_count=22 33 39 28 33 59 22 31 18 36 52 529 23 134 37 37 39 21 43
internal_value=7.33848e-06 0.00664676 -0.00336064 0.0146424 -0.00101198 -0.002872 -0.0200348 0.00539107 -0.00174496 -0.00117876 0.00134344 -0.0121967 -0.00980627 0.0159415 0.00944779 0.0208645 -0.0325407 0.0248055
internal_weight=203.339 27.3812 12.0198 15.3614 175.958 136.756 12.0241 39.2023 23.2654 124.731 96.3119 12.1649 28.4195 15.9369 11.1005 12.1244 8.48988 10.3631
internal_count=1236 161 67 94 1075 822 74 253 155 748 562 82 186 98 73 72 52 61
is_linear=0
shrinkage=0.03


Tree=249
num_leaves=10
num_cat=0
split_feature=174 133 277 95 256 55 200 68 106
split_gain=1.52822 2.14884 3.87416 4.06074 2.37282 2.32061 2.6703 2.23745 1.72688
threshold=0.034288336900000008 6.530532354950001 -8.1399999999999988 -0.31799999999999989 -0.90841355905861365 4.6750000000000007 0.082315144085353092 87.774250000000009 0.3030000000000001
decision_type=2 2 2 2 2 2 2 2 2
left_child=-1 2 -2 -4 -3 8 -7 -5 -6
right_child=1 4 3 7 5 6 -8 -9 -10
leaf_value=-0.015988233018063788 -0.021431519567565498 -0.025451345928566408 -0.008765660830859185 0.03271835916807582 0.027983627959163707 -0.0026197994590523499 0.0075081613687768868 0.0079188006599275503 -0.0022461195114217964
leaf_weight=5.127989822998642 3.0335900671780136 3.3076553940773001 4.8868350051343503 8.1536097452044434 4.3777447193860999 137.16477174311876 28.077187050133944 6.1924730613827697 2.4405343569815159
leaf_count=35 20 26 35 46 35 813 169 40 17
internal_value=6.09804e-06 0.000444148 0.00921033 0.0142845 -0.000656414 -0.000147828 -0.000877256 0.0223502 0.0168535
internal_weight=202.762 197.634 22.2665 19.2329 175.368 172.06 165.242 14.3461 6.81828
internal_count=1236 1201 141 121 1060 1034 982 86 52
is_linear=0
shrinkage=0.03


Tree=250
num_leaves=22
num_cat=0
split_feature=197 193 195 128 107 49 155 2 311 3 18 69 183 41 284 178 41 3 183 203 306
split_gain=1.52301 3.65031 3.01373 3.72823 4.05092 3.39594 3.22552 2.97054 4.40656 5.15915 3.04377 2.96832 3.30904 2.76321 2.73394 2.66645 2.57008 2.21068 1.83848 2.4134 1.7455
threshold=31.646950751500516 156.41675952116597 20.864122495568029 2.0989750000000007 0.057850000000000006 0.54180000000000017 0.12646534018800001 60.465000000000011 1.1357019795983569 62.815000000000005 17.815000000000001 3.4793500000000006 1.0188708862724216 0.4784500000000001 -0.62 0.3768938045999996 0.59815000000000007 56.465000000000011 1.6382429040052084 -3.3833930496376738 0.23342424072549653
decision_type=2 2 2 2 2 2 2 2 2 2 2 2 2 2 2 2 2 2 2 2 2
left_child=2 7 3 18 6 -6 -5 10 9 -9 17 13 -13 15 -14 -4 -15 -2 19 -1 -10
right_child=1 -3 11 4 5 -7 -8 8 20 -11 -12 12 14 16 -16 -17 -18 -19 -20 -21 -22
leaf_value=-0.015856794905253355 0.0036096878061859412 -0.018252476325235918 0.020949131915272805 0.0016985827723583736 0.0056138656441960611 -0.02086163049019563 -0.030751738168153658 -0.020600747381771103 0.0010102802685575179 0.0041693099315130242 -0.0028123899473656067 -0.024358028848604819 -0.005373596325917742 -0.017369220412909184 0.0094824125118223839 -0.0030307064267054958 0.01570546885152399 0.030647281394673265 0.024679349293668128 0.013495838383448302 0.029510940953976984
leaf_weight=4.8546131681650868 4.1528233587741878 6.1111251544207326 16.123345002532012 3.2710173651576069 12.48573946580291 6.5070301974192253 12.849077567458151 10.78182012401521 3.1976141706109029 24.413150276988745 5.5478432625532141 5.5557147301733485 31.347729137167335 5.5400385558605176 17.167000234127045 5.3087420407682648 3.2189788743853569 9.8452049791812879 3.2880635857582083 5.009636001661419 5.8900072798132896
leaf_count=30 26 36 90 22 74 44 80 63 20 150 36 37 201 34 101 30 20 57 19 31 35
internal_value=4.90423e-06 0.00359831 -0.00187014 -0.00784965 -0.0129685 -0.00336142 -0.0240122 0.00576257 0.00137738 -0.00337076 0.0154873 0.00152462 -0.00264012 0.00906655 -4.63765e-05 0.0148835 -0.00483541 0.0229213 0.00558467 -0.000662916 0.0199292
internal_weight=202.466 69.9396 132.527 48.2652 35.1129 18.9928 16.1201 63.8285 44.2826 35.195 19.5459 84.2615 54.0704 30.1911 48.5147 21.4321 8.75902 13.998 13.1523 9.86425 9.08762
internal_count=1236 423 813 300 220 118 102 387 268 213 119 513 339 174 302 120 54 83 80 61 55
is_linear=0
shrinkage=0.03


Tree=251
num_leaves=22
num_cat=0
split_feature=311 311 14 305 131 196 129 113 94 258 130 306 201 61 299 109 290 1 58 199 163
split_gain=1.5263 3.83374 3.58726 4.40457 4.35457 2.87154 5.15231 2.81705 3.06614 2.91112 3.03053 2.51266 2.85613 2.47413 2.44379 2.29455 2.12086 1.70391 1.6647 1.20884 1.2013
threshold=0.89457603411583941 1.1162619516581602 22.125000000000004 -0.21774265960312464 70.910345273400011 41.546200889718413 5.9833790000000002 14243.715000000002 0.34135000000000004 0.70258321347248265 1.3537250000000001 0.22906855110146332 6.096612045555962 1.7050000000000003 1.0443030458542835 0.47000000000000003 1.2728954596269377 66.570000000000007 16.655000000000005 1.068177928000128 0.60040529080000005
decision_type=2 2 2 2 2 2 2 2 2 2 2 2 2 2 2 2 2 2 2 2 2
left_child=7 2 3 -2 -5 6 13 8 9 10 -1 20 -13 -3 15 -7 -4 -8 -16 -9 -10
right_child=1 5 16 4 -6 14 17 19 11 -11 -12 12 -14 -15 18 -17 -18 -19 -20 -21 -22
leaf_value=-0.015139136287917866 0.017030577115529806 0 0.025578435140750033 0.002559240349183629 -0.017951812648006649 -0.0023775048443852045 0.02910525444778354 -0.028345376712722092 0.0094740306543552259 -0.020397330302045939 0.0050832860667895706 -0.013522448011826707 0.019734476142702014 -0.031190545277815788 0.01221410971465472 0.024411627003424346 -0.0032973862488516782 0.00055420990287606033 -0.016133180292526177 -0.00056638323854797689 0.033172282483036747
leaf_weight=7.3266208488494149 4.7173713147640219 3.4236324150115269 4.1947223022580129 12.091174133121966 36.928752409294248 3.4802783653140095 3.3041051588952524 3.430307909846305 3.4842780604958552 5.0876830816268912 61.634017560631037 4.4851673617959005 4.5484079867601395 5.9181203581392765 3.3828840106725684 12.161848891526459 4.5251048691570759 4.713090643286705 3.8266507722437382 2.7325245216488838 6.3427586276084185
leaf_count=42 25 21 23 73 249 20 20 23 23 36 350 28 27 37 19 78 30 27 27 20 38
internal_value=5.38873e-06 -0.00254179 -0.00720764 -0.0101322 -0.0128366 0.00463091 -0.00442957 0.00267517 0.00401009 0.00120791 0.00287253 0.0147891 0.0029267 -0.0196023 0.0116336 0.0182834 0.0103859 0.0129041 -0.00243641 -0.0167132 0.0252521
internal_weight=201.74 102.668 62.4571 53.7373 49.0199 40.2106 17.3589 99.0718 92.9089 74.0483 68.9606 18.8606 9.03358 9.34175 22.8517 15.6421 8.71983 8.0172 7.20953 6.16283 9.82704
internal_count=1236 649 400 347 322 249 105 587 544 428 392 116 55 58 144 98 53 47 46 43 61
is_linear=0
shrinkage=0.03


Tree=252
num_leaves=16
num_cat=0
split_feature=306 310 57 207 208 167 196 22 185 294 63 99 12 24 109
split_gain=1.51766 3.75312 3.31801 3.27972 3.11942 3.03287 2.95431 2.84859 2.68811 2.66744 3.15171 3.49239 2.46295 1.85091 0.437451
threshold=0.27997802381743125 0.20764871907455398 19.545000000000005 6.2504222757220953 3.3295371921512777 -0.84977068619999996 91.499534579346516 -0.83499999999999985 3.4563913140514946 1.4370227035951142 0.65505000000000013 -0.20889999999999997 22.875000000000004 -0.23499999999999996 0.52200000000000013
decision_type=2 2 2 2 2 2 2 2 2 2 2 2 2 2 2
left_child=6 2 5 -3 7 -2 9 -4 -5 10 11 -1 -12 -6 -7
right_child=1 3 4 8 13 14 -8 -9 -10 -11 12 -13 -14 -15 -16
leaf_value=-0.0090024668188007483 -0.0026485779058266629 -0.032295674057034485 0.0065888379898449831 0.023325784433640303 0.02851646960155409 0.035448878878443488 0.022566112553013024 -0.025430556499864924 -0.012752668340099719 0.017981054032346677 -0.024941228949347326 0.0015331059909234571 0.0064359660511699316 0 0.01819672931995326
leaf_weight=39.674753890372813 3.1461452133953562 3.7110811918973905 4.7358663454651833 3.0188458599150181 4.4181985817849636 6.5311907622963208 4.408211611211299 4.8807077575474995 4.4526977464556694 5.6315206661820403 9.2468184512108547 97.247551295906305 2.7358406670391551 3.8751034513115865 3.2554345801472664
leaf_count=261 18 23 26 17 28 42 25 31 32 38 70 562 18 24 21
internal_value=6.29633e-06 0.00508414 0.0105215 -0.00960689 0.00194523 0.022062 -0.00131979 -0.00944772 0.001544 -0.00203469 -0.00282337 -0.00150214 -0.017535 0.0154686 0.0302556
internal_weight=200.97 42.0253 30.8426 11.1826 17.9099 12.9328 158.945 9.61657 7.47154 154.536 148.905 136.922 11.9827 8.2933 9.78663
internal_count=1236 262 190 72 109 81 974 57 49 949 911 823 88 52 63
is_linear=0
shrinkage=0.03


Tree=253
num_leaves=10
num_cat=0
split_feature=303 125 65 65 190 65 188 192 158
split_gain=1.49835 1.94569 1.94228 2.7348 2.5307 2.372 2.53305 1.4107 0.182853
threshold=0.30622850432010745 105.34610000000002 20240176.000000004 20231019.000000004 12.158098002364595 20250914.500000004 6.3527861571493451 23.480797017325816 -0.21313016670000007
decision_type=2 2 2 2 2 2 2 2 2
left_child=1 2 3 4 -1 6 -4 -2 -7
right_child=7 -3 5 -5 -6 8 -8 -9 -10
leaf_value=-0.0019324955615063193 0.00095198139961372803 0.020526471681910401 0.019320830283384466 -0.025854050775134842 0.0089097601933407506 -0.0049723583633840612 -0.0053730218688846035 -0.032483067063744604 -0.028118308986216756
leaf_weight=145.90169187448919 1.7957911454141129 4.1320953518152228 13.106109375134116 3.8217047452926627 22.206954427063465 0.95811535604298148 4.9277786165475836 2.3492558654397726 1.1998200798407186
leaf_count=832 14 30 99 36 121 17 33 30 24
internal_value=8.24942e-06 0.000404415 -2.32096e-05 -0.00107417 -0.000477966 0.00873892 0.0124154 -0.0176098 -0.0198456
internal_weight=200.399 196.254 192.122 171.93 168.109 20.1918 18.0339 4.14505 2.15794
internal_count=1236 1192 1162 989 953 173 132 44 41
is_linear=0
shrinkage=0.03


Tree=254
num_leaves=8
num_cat=0
split_feature=41 134 158 298 306 49 262
split_gain=1.4792 2.39488 2.09324 2.26072 4.16071 3.16225 1.83452
threshold=0.20360000000000003 39.778616969150001 -10.550822932799997 0.92738908913131013 0.22807110959940372 0.58420000000000016 -0.24591299754971235
decision_type=2 2 2 2 2 2 2
left_child=-1 2 6 4 -4 -5 -2
right_child=1 -3 3 5 -6 -7 -8
leaf_value=0.019154855539440276 0.029559415439688097 -0.024847920597298758 -0.002564361805950606 -0.00016682696651285382 0.014762231179078898 -0.011508215169871414 0
leaf_weight=3.4712274298071852 3.8941413536667824 3.4215022493153802 28.420262482017279 107.7149940142408 21.784763775765896 27.933605867438018 3.4428066015243521
leaf_count=25 21 23 176 644 136 191 20
internal_value=5.86904e-06 -0.000326525 0.000104871 -0.000503736 0.00490869 -0.00253117 0.0157245
internal_weight=200.083 196.612 193.191 185.854 50.205 135.649 7.33695
internal_count=1236 1211 1188 1147 312 835 41
is_linear=0
shrinkage=0.03


Tree=255
num_leaves=15
num_cat=0
split_feature=277 105 129 14 88 106 116 296 100 14 19 104 129 63
split_gain=1.48349 1.72549 2.61367 2.45998 2.37988 2.76656 2.22699 2.64402 2.68126 2.46323 4.88792 3.72636 2.18106 0.410338
threshold=-16.135000000000002 0.55415000000000014 8.090128472222224 17.925000000000004 -6.2913244303561973 0.26500000000000007 668.50000000000011 1.0015879560219891 -0.065849999999999978 18.525000000000002 14.56 0.16175000000000003 8.090128472222224 0.51783423398775319
decision_type=2 2 2 2 2 2 2 2 2 2 2 2 2 2
left_child=-1 6 4 -4 5 -3 7 8 -2 10 -8 -11 -9 -6
right_child=1 2 3 -5 13 -7 9 12 -10 11 -12 -13 -14 -15
leaf_value=-0.021157973904587443 -0.02933941975868792 -0.017517397819721527 0.0068763778564475313 -0.027889068220018381 0.033889752842314644 0.014692852710042179 -0.0010131270731287792 0.024245169093807702 0.0073982638905455023 -0.0014901466099936618 -0.017140726769659286 0.015657426163517063 -0.0031278782194476785 0.015172259779636087
leaf_weight=2.8330083470791569 2.6212654039263725 3.3141872808337247 4.2246048822998992 2.9817932732403278 4.3126252852380285 7.6976014189422131 65.856620292179286 9.4193887347355467 4.9337230697274235 47.904721137136221 22.882424298673868 14.774731336161492 3.3317560218274584 2.7287010457366705
leaf_count=20 18 22 29 19 30 48 404 61 35 285 141 81 22 21
internal_value=5.14333e-06 0.000335312 0.00765043 -0.00728276 0.013784 0.00465824 -0.000727058 0.00854966 -0.00517304 -0.00199574 -0.0052202 0.00252258 0.0168907 0.0273703
internal_weight=199.817 196.984 25.2595 7.2064 18.0531 11.0118 171.725 20.3061 7.55499 151.418 88.739 62.6795 12.7511 7.04133
internal_count=1236 1216 169 48 121 70 1047 136 53 911 545 366 83 51
is_linear=0
shrinkage=0.03


Tree=256
num_leaves=13
num_cat=0
split_feature=284 288 100 64 299 277 296 288 190 306 17 106
split_gain=1.47689 2.74677 2.40301 3.04353 3.02041 2.67654 2.49283 2.14125 1.94924 1.77714 1.68012 1.60919
threshold=-6.2449999999999992 5.2515748161726217 -0.12864999999999996 333.50000000000006 0.84301077544398018 5.9850000000000003 1.1552604006831293 0.73427023636609012 2.0025664458648453 0.2356302268647435 20.815000000000001 0.31375000000000003
decision_type=2 2 2 2 2 2 2 2 2 2 2 2
left_child=7 2 3 4 -2 6 -4 9 -3 -1 -9 -7
right_child=1 8 5 -5 -6 11 -8 10 -10 -11 -12 -13
leaf_value=-0.034466161288863456 0.026033771523536111 0 0.0024191647226394254 -0.026493601740832352 -0.007702240141730262 -2.7787449779783463e-05 -0.016909029292553463 -0.011416167161537981 -0.035327176491901299 -0.0022802951175093021 0.019230611586384845 0.025254404951672617
leaf_weight=3.861617621034382 2.8856779076159027 2.7784553635865441 143.97281775716692 5.7838305532932273 11.736669123172758 2.9661955609917623 6.1394319757819167 3.2823196956887841 3.0851252879947424 2.9017124772071838 2.9108114503324032 7.0833468660712242
leaf_count=27 18 23 865 39 78 19 45 23 19 19 19 42
internal_value=4.28042e-06 0.000702046 0.00137841 -0.00825723 -0.000709154 0.00262919 0.00159796 -0.00973464 -0.0192973 -0.0213288 0.002588 0.0175699
internal_weight=199.388 186.432 180.568 20.4062 14.6223 160.162 150.112 12.9565 5.86358 6.76333 6.19313 10.0495
internal_count=1236 1148 1106 135 96 971 910 88 42 46 42 61
is_linear=0
shrinkage=0.03


Tree=257
num_leaves=18
num_cat=0
split_feature=311 125 279 197 169 167 106 41 187 179 294 94 12 3 49 283 182
split_gain=1.47208 3.58767 3.05499 3.0197 5.12505 3.68354 3.00284 4.6773 4.08173 4.47457 3.99176 4.433 3.84336 3.47062 2.84498 2.74878 2.10927
threshold=0.89457603411583941 17.109225000000002 4.9100000000000046 26.119496361156703 19.590335024700003 0.34322555040000008 0.28745000000000004 0.23515000000000003 0.29898565727683196 -0.88139629377499995 0.76548197587020705 0.22935000000000003 16.425000000000004 72.790000000000006 0.47390000000000004 -3.9999999999999987 1.0685627531526098
decision_type=2 2 2 2 2 2 2 2 2 2 2 2 2 2 2 2 2
left_child=6 16 3 5 -5 -3 7 -1 9 -8 15 -12 14 -14 -9 -10 -2
right_child=1 2 -4 4 -6 -7 8 12 10 -11 11 -13 13 -15 -16 -17 -18
leaf_value=0.023579784097627506 0.0010147512043448101 -0.016353305132280071 0.016764736174487455 0.0082961661505255857 -0.014788273127666351 0.0007970008789023621 -0.027674426642669975 -0.0083875258607762435 -0.021069680482765668 0.010441425157781466 0.03660883424317108 0.010121358055999804 -0.022948258097841193 0.0039538746048824987 0.024776943312625459 0.0056733606625690913 0.034317618774330601
leaf_weight=4.5225676894187918 3.6955814324319354 32.443025201559067 5.7502678148448458 26.2195760672912 12.780545977875589 16.733300561085343 5.8688315860927105 4.6201338917017001 4.8037277124822166 4.9557147137820703 7.2389699816703788 28.832777418196201 15.651682976633312 5.6639544293284407 4.3546887151896954 11.437581125646828 3.4460022673010826
leaf_count=29 22 213 38 169 80 108 36 32 30 29 37 167 106 35 22 64 19
internal_value=3.58741e-07 -0.00252331 -0.00411395 -0.00552695 0.000636073 -0.0104669 0.00263487 -0.00437949 0.00655072 -0.0100137 0.010048 0.0156064 -0.00871656 -0.0156747 0.00746938 -0.00213343 0.0177505
internal_weight=199.019 101.068 93.9267 88.1764 39.0001 49.1763 97.9506 34.813 63.1376 10.8245 52.3131 36.0717 30.2905 21.3156 8.97482 16.2413 7.14158
internal_count=1236 649 608 570 249 321 587 224 363 65 298 204 195 141 54 94 41
is_linear=0
shrinkage=0.03


Tree=258
num_leaves=16
num_cat=0
split_feature=303 124 200 70 133 188 179 11 196 282 293 193 123 295 167
split_gain=1.45206 2.17186 3.59277 3.77506 3.29654 3.25238 3.1212 3.54003 3.54909 2.83351 2.74573 1.99465 2.86191 0.891323 0.75878
threshold=0.087141989315513882 75.577727777777795 0.13850250102721559 10.430450000000002 9.5057578036000017 8.3561692746585159 0.38733377202500058 18.975000000000005 33.154343873364702 -1.4250000000000005 1.0064814574200789 85.445369772552127 15.500000000000002 0.053800000000000021 -0.032201015349999994
decision_type=2 2 2 2 2 2 2 2 2 2 2 2 2 2 2
left_child=1 2 3 5 -4 -1 7 9 -9 -3 -5 12 -2 -14 -13
right_child=11 6 4 10 -6 -7 -8 8 -10 -11 -12 14 13 -15 -16
leaf_value=-0.0026590941359980001 -0.022004724208031345 -0.023743987961449831 -0.004755340000157455 -0.030163642838974405 0.029778762797057722 0.012260435639357971 0.028717646619757016 -0.0037430559117221573 0.021038619224051376 0.0020698369446002095 -7.3363622432863091e-06 -0.033364034728850772 0 0.025184245982918851 -0.0096256246387640219
leaf_weight=104.13816666882485 3.1746499855071288 5.6863394528627422 3.8837094530463201 7.0987585298717004 6.1185602992773056 14.921976529061793 5.0219448395073405 8.1050099916756171 13.442892886698244 10.738889910280703 4.687052121385932 2.954084349796176 2.6759560294449329 2.7258763611316681 2.9663397222757331
leaf_count=623 26 36 25 48 32 84 28 49 78 70 34 29 22 18 34
internal_value=3.73465e-06 0.000741556 -0.00104252 -0.00239167 0.0161585 -0.000755312 0.00664452 0.00357879 0.0116044 -0.00677486 -0.0185243 -0.00908844 0 0.0134149 -0.022326
internal_weight=198.34 183.843 140.848 130.846 10.0023 119.06 42.9951 37.9731 21.5479 16.4252 11.7858 14.4969 8.57648 5.40183 5.92042
internal_count=1236 1107 846 789 57 707 261 233 127 106 82 129 66 40 63
is_linear=0
shrinkage=0.03


Tree=259
num_leaves=14
num_cat=0
split_feature=297 49 169 208 125 131 310 125 129 264 208 98 111
split_gain=1.4391 1.84967 3.52247 2.83758 6.3351 4.22715 4.83134 3.77584 3.37713 2.68196 2.9806 2.27737 2.61632
threshold=0.80759572489241316 0.58420000000000016 4.1878506211500008 1.3824556725957937 45.099250000000005 522.38363841995738 -0.037964248939649115 19.667025000000002 8.7150604166666685 -0.056116585738116058 -2.8148842581711921 0.32120000000000004 6396.5350000000008
decision_type=2 2 2 2 2 2 2 2 2 2 2 2 2
left_child=-1 3 11 5 7 6 -2 -5 -6 -4 -11 -3 -13
right_child=1 2 9 4 8 -7 -8 -9 -10 10 -12 12 -14
leaf_value=0.018246951909347272 0.0063211736599630142 0.020867562326984723 0.0064618753379892856 0.017047815064732179 0.025819022828824516 0.027337102952010174 -0.011719766201358773 -0.003693482257943608 0.003954375904896737 0.0036821922951028336 -0.021963384905051113 -0.020635547205137064 0.014721304764753008
leaf_weight=3.7220026403665534 19.834607802331448 5.7377740256488305 5.5268759112805155 9.1591483764350397 15.582487484440209 3.5947130694985381 39.547482353635132 53.297888816334307 11.371064269915221 4.969541389495137 18.205888774245977 3.9399391487240791 3.3645312488079071
leaf_count=25 123 31 36 58 93 21 244 329 69 35 127 25 20
internal_value=2.06682e-06 -0.000341503 -0.00594046 0.00117548 0.00462394 -0.00367245 -0.00564286 -0.000581484 0.0167545 -0.0118404 -0.0163431 0.00680677 -0.0039657
internal_weight=197.854 194.132 41.7446 152.387 89.4106 62.9768 59.3821 62.457 26.9536 28.7023 23.1754 13.0422 7.30447
internal_count=1236 1211 274 937 549 388 367 387 162 198 162 76 45
is_linear=0
shrinkage=0.03


Tree=260
num_leaves=16
num_cat=0
split_feature=306 310 105 57 208 167 196 203 287 262 1 178 262 205 201
split_gain=1.43937 3.55176 3.27996 3.07163 2.83644 2.82488 2.77597 2.60748 2.44516 3.59648 2.82608 2.77889 2.65996 1.64292 0.42549
threshold=0.27997802381743125 0.20764871907455398 0.52085000000000015 19.545000000000005 3.3295371921512777 -0.84977068619999996 91.499534579346516 -20.393427789923418 2.3073920426977197 3.6372137191178919 79.710000000000022 0.6173371166499998 -1.3295462786399914 1.5087902607462105 -18.812703449477979
decision_type=2 2 2 2 2 2 2 2 2 2 2 2 2 2 2
left_child=6 3 -3 5 7 -2 8 -5 10 12 11 -1 -10 -6 -7
right_child=1 2 -4 4 13 14 -8 -9 9 -11 -12 -13 -14 -15 -16
leaf_value=0.0013564224234625917 -0.002226713321366158 -0.025641518137051931 0.0066458541361706569 0.0050233817355015507 0.027016190167404103 0.018367658708778364 0.022095211870538915 -0.025972062410305783 -0.0024077825655150764 0.012125783016738039 0.023737580783287943 -0.0086340871046589451 -0.0279768325984052 0 0.035357832198016463
leaf_weight=93.551925330422819 3.1101531386375418 5.5112756416201574 5.4316302482038736 5.1541027147322893 4.4913631081581098 3.4299030546098939 4.3177751861512652 4.3009959720075148 6.2879713810980364 4.2907288875430813 4.0905461721122256 33.969041757285595 9.767235136590898 3.6389435119926929 6.0251865014433887
leaf_count=562 18 33 39 31 29 25 25 26 45 25 27 210 80 23 38
internal_value=5.78287e-06 0.00500986 -0.00942861 0.0103632 0.0020487 0.0216546 -0.00129325 -0.00888631 -0.00199164 -0.0116499 -0.000468069 -0.00128602 -0.0182254 0.0150835 0.0297652
internal_weight=197.369 41.0936 10.9429 30.1506 17.5854 12.5652 156.275 9.4551 151.957 20.3459 131.612 127.521 16.0552 8.13031 9.45509
internal_count=1236 262 72 190 109 81 974 57 949 150 799 772 125 52 63
is_linear=0
shrinkage=0.03


Tree=261
num_leaves=10
num_cat=0
split_feature=19 196 306 310 74 105 4 158 132
split_gain=1.40892 1.902 2.14057 2.95378 3.31929 3.17059 2.57949 3.61298 3.10142
threshold=12.625000000000002 93.947926657904233 0.27997802381743125 0.20764871907455398 21.475000000000005 0.52915000000000012 65.390000000000015 10.647888135300002 38.544246960000002
decision_type=2 2 2 2 2 2 2 2 2
left_child=-1 2 6 4 -4 -5 8 -8 -2
right_child=1 -3 3 5 -6 -7 7 -9 -10
leaf_value=0.015891386465881466 -0.018441270728570481 0.022101281441607522 0.0226899686381111 -0.021751200259921243 0.0018633763999292572 0.011161253526592604 0.00084339753810949128 0.031922340262201664 -0.0030303559732707082
leaf_weight=4.8098270297050467 13.624978411942719 3.2186210341751567 11.632614107802512 6.2293585166335088 17.583981258794665 4.2989920116961002 42.836148958653212 3.5786245912313452 88.994258146733046
leaf_count=29 89 19 76 38 109 32 259 19 566
internal_value=7.67165e-06 -0.000382688 -0.000793414 0.00536057 0.0103069 -0.00805138 -0.00245719 0.00336759 -0.00512166
internal_weight=196.807 191.998 188.779 39.7449 29.2166 10.5284 149.034 46.4148 102.619
internal_count=1236 1207 1188 255 185 70 933 278 655
is_linear=0
shrinkage=0.03


Tree=262
num_leaves=11
num_cat=0
split_feature=193 294 192 183 10 170 156 174 290 69
split_gain=1.41152 2.38739 2.02827 2.73903 1.91683 3.09888 3.13409 2.74934 2.79295 2.37745
threshold=4381.9983379593987 1.0727606061366386 199.52647046485126 4.6003552282993478 24.525000000000002 0.67890618555000015 5.7425812424000009 0.034288336900000008 1.3434841405462512 6.6295500000000009
decision_type=2 2 2 2 2 2 2 2 2 2
left_child=2 -2 4 -4 7 9 -7 -1 -9 -6
right_child=1 -3 3 -5 5 6 -8 8 -10 -11
leaf_value=-0.026553376229069475 -0.0032598217394359192 0.028395832647342179 -0.034540208082603101 0.0034168454931203331 0.034825916962373492 -0.0082496833990023249 0.023954398776163597 0.0022126111326191225 -0.006489522482374846 0.0021571805647306922
leaf_weight=3.633076135069131 4.1190932877361757 4.0247985497117043 3.5060093291103831 2.9772088602185249 5.2145787999033946 11.083099441602824 3.4905611574649802 106.91269673872739 47.941210617311299 3.5721520856022835
leaf_count=26 28 20 23 21 28 70 21 643 334 22
internal_value=1.00832e-05 0.0121755 -0.000506242 -0.0168668 6.95062e-05 0.0080885 -0.000221301 -0.0010979 -0.000464571 0.0220561
internal_weight=196.474 8.14389 188.331 6.48322 181.847 23.3604 14.5737 158.487 154.854 8.78673
internal_count=1236 48 1188 44 1144 141 91 1003 977 50
is_linear=0
shrinkage=0.03


Tree=263
num_leaves=23
num_cat=0
split_feature=195 204 183 278 128 293 260 205 285 279 106 53 56 260 183 173 57 193 178 297 295 130
split_gain=1.42778 3.26036 3.15732 3.93802 3.58932 3.06647 4.43805 3.82577 2.88764 3.21196 2.36058 4.3046 3.55014 3.26109 2.89752 3.87492 2.77854 2.68041 2.52904 2.43964 2.13704 2.01214
threshold=19.55588997837787 74.585541672735005 1.1448200789547089 2.3899999999999975 2.5229500000000002 0.85702536666233231 0.50190889513065906 1.9700953423597478 -2.5000000000000004 -3.085000000000004 0.28650000000000003 15.385000000000003 17.210500000000003 -1.1526208405200522 2.4291616008129124 1.2714374430120003 18.615000000000006 170.85773286381195 1.0000000180025095e-35 1.044457818142029 0.14603993383150057 4.533850000000001
decision_type=2 2 2 2 2 2 2 2 2 2 2 2 2 2 2 2 2 2 2 2 2 2
left_child=1 2 5 4 -4 6 -1 -7 -3 -10 13 17 -13 19 15 -15 -14 21 -19 20 -2 -12
right_child=10 8 3 -5 -6 7 -8 -9 9 -11 11 12 16 14 -16 -17 -18 18 -20 -21 -22 -23
leaf_value=-0.017323860027043961 0.0042312708085415649 0.0060087721708055545 -0.0013752348665688394 0.013896664173967468 -0.027885408314306703 0.0017896712471434783 0.023140720094441458 0.023415512570345735 -0.042249319793809345 -0.0038675259564814736 0.031379824958540768 -0.023548122070150442 0.025929225951830882 -0.020125768501460035 0.0098857387774332253 0.013363494877983542 0.00066731645755356962 0.021769782983969359 -0.012944346088027218 -0.0097135726234421141 0.040101135706121692 0.0080892760817859594
leaf_weight=10.621044892817734 3.4166143834590894 3.1520549729466429 8.8458393048495108 4.935624085366725 10.093582428991793 24.022176427766681 3.0149054601788512 10.758319374173878 4.9171259663999072 3.5622317194938651 9.8541840091347712 4.893711805343627 4.2405798584222785 17.894628944806762 5.347743969410657 3.5738317230716339 43.55649658665061 3.094264354556798 4.4890629351139069 3.1918018236756325 2.9346429072320461 5.7604145258665076
leaf_count=71 28 25 58 30 73 143 18 63 28 22 56 31 23 123 35 26 268 22 25 22 14 32
internal_value=1.0131e-05 -0.00293247 -0.000508365 -0.00945051 -0.0157334 0.00384973 -0.00805541 0.00861295 -0.0176102 -0.0267076 0.00223754 0.00526382 0.000456292 -0.00399373 -0.00940718 -0.0143756 0.00302066 0.0160058 0.000928767 0.0108469 0.0216349 0.0230847
internal_weight=196.171 83.9229 72.2915 23.875 18.9394 48.4164 13.636 34.7805 11.6314 8.47936 112.248 75.8887 52.6908 36.3593 26.8162 21.4685 47.7971 23.1979 7.58333 9.54306 6.35126 15.6146
internal_count=1236 531 456 161 131 295 89 206 75 50 705 457 322 248 184 149 291 135 47 64 42 88
is_linear=0
shrinkage=0.03


Tree=264
num_leaves=21
num_cat=0
split_feature=311 311 274 131 281 106 41 187 179 12 49 195 49 101 174 174 277 102 297 192
split_gain=1.40955 3.48976 3.37096 4.11675 4.76036 2.75992 4.27817 3.84795 4.13455 3.63444 2.89599 3.66996 2.65185 2.63345 2.51876 2.78703 3.34652 2.49938 2.4428 1.61645
threshold=0.89457603411583941 1.1162619516581602 12.409708528264241 67.077532826717189 4.3500000000000005 0.28745000000000004 0.23515000000000003 0.29898565727683196 -0.88139629377499995 16.425000000000004 0.68445000000000011 17.770178309874087 0.47390000000000004 0.44165000000000004 2.6165909512500005 0.91256911645000016 -3.4349999999999947 0.29210000000000008 1.0154603856664448 52.6389568237296
decision_type=2 2 2 2 2 2 2 2 2 2 2 2 2 2 2 2 2 2 2 2
left_child=5 2 3 17 -5 6 -1 8 -7 12 11 -9 -8 -11 15 16 -3 -2 -16 -17
right_child=1 14 -4 4 -6 7 9 10 -10 13 -12 -13 -14 -15 18 19 -18 -19 -20 -21
leaf_value=0.022935134558711733 -0.0049465805768492644 -0.0084337065254138019 0.014573288532554707 -0.016822504430889222 0.017435570179649949 -0.027097577389303507 -0.0079229914096657326 0.0011293024467058435 0.0099191420300521714 -0.035153822803922624 -0.009984480883524079 0.018887150769147789 0.024303365740431793 -0.0091504740307579886 -0.027902430624976899 0.033749358231456812 0.014075700208206445 0.022636634510821613 0.0065952275456311431 0.0052885161803387969
leaf_weight=4.3973803631961337 7.0267939474433643 11.740036424249412 5.7075327318161717 39.12994721531868 3.8596093207597724 5.7186301201581955 4.5562806762754935 17.061918631196022 4.8659349828958494 4.6407643705606487 5.6700852178037158 28.719108931720257 4.2906660474836826 16.209068279713392 3.7379920203238717 5.0046437755227071 11.7132709864527 4.8254429399967194 3.2905120924115181 3.2660021148622036
leaf_count=29 46 71 36 269 22 36 32 105 29 34 36 157 22 107 23 34 80 27 21 20
internal_value=1.27115e-05 -0.00247737 -0.00699152 -0.00931287 -0.0136439 0.00261603 -0.00417988 0.00639999 -0.00986591 -0.00835914 0.00981706 0.0123513 0.00746806 -0.0152217 0.00449846 0.00815437 0.00269281 0.00612791 -0.011465 0.0230663
internal_weight=195.432 99.3018 60.5493 54.8418 42.9896 96.1298 34.0942 62.0357 10.5846 29.6968 51.4511 45.781 8.84695 20.8498 38.7525 31.724 23.4533 11.8522 7.0285 8.27065
internal_count=1236 649 400 364 291 587 224 363 65 195 298 262 54 141 249 205 151 73 44 54
is_linear=0
shrinkage=0.03


Tree=265
num_leaves=9
num_cat=0
split_feature=205 60 187 306 311 199 281 193
split_gain=1.38363 1.97195 2.29228 2.7823 2.51552 2.47959 2.45297 2.29441
threshold=-1334.0835533142547 3.6750000000000003 0.23385690516193181 0.15222783793632869 1.2145482375047842 61.903171671155903 0.45000000000000023 342.66093394722071
decision_type=2 2 2 2 2 2 2 2
left_child=-1 -2 4 7 6 -5 -3 -4
right_child=1 2 3 5 -6 -7 -8 -9
leaf_value=0.017702948239747628 0.021908479921238715 -0.021143394885222096 -0.015740678105319074 0.0030262276056578306 0.011762481614650577 -0.01177161435372772 0.001408395444341067 0.0097524618300308518
leaf_weight=3.8064011707901946 3.4130205921828738 13.411197701469069 14.887085429392757 134.50751315336674 3.9155123177915803 10.866939935833214 6.0235115662217131 3.8050570357590905
leaf_count=20 24 97 116 831 25 60 39 24
internal_value=1.40462e-05 -0.000332161 -0.000764649 0.000471664 -0.0095443 0.00189211 -0.0140288 -0.0103673
internal_weight=194.636 190.83 187.417 164.067 23.3502 145.374 19.4347 18.6921
internal_count=1236 1216 1192 1031 161 891 136 140
is_linear=0
shrinkage=0.03


Tree=266
num_leaves=13
num_cat=0
split_feature=299 2 22 0 189 94 71 270 153 53 61 306
split_gain=1.42242 4.16803 4.34014 2.17859 2.22473 2.91977 3.61842 3.13004 2.80451 2.88986 1.99229 1.67894
threshold=0.81179943076004091 74.340000000000018 -0.054999999999999993 80.265000000000015 1.848572271797946 0.23585000000000003 46.785000000000004 1.5093719710652589 0.12935605720000001 14.985000000000001 2.8450000000000002 0.23143342513834822
decision_type=2 2 2 2 2 2 2 2 2 2 2 2
left_child=1 2 10 4 5 6 -2 -7 -6 -10 -1 -12
right_child=3 -3 -4 -5 8 7 -8 -9 9 -11 11 -13
leaf_value=0.033855809546279383 0.0076846026635424168 -0.020110012978934898 -0.0090221742737744033 0.01657184422445989 -0.020140792614114951 -0.011308075426038301 -0.017990761971610258 0.017944576689395027 0.011297943511276302 -0.00082928543499791673 -0.00387860685373292 0.024624059639584729
leaf_weight=6.6603061109781301 23.833838401362303 4.0361589863896361 5.5256278738379487 6.0518169887363902 4.7696726173162451 49.150060212239623 6.0921031376346937 3.3642613291740409 26.552931187674403 51.351845245808363 3.5226566269993782 3.4689405038952827
leaf_count=40 139 31 36 38 36 321 43 22 162 325 23 20
internal_value=1.46987e-05 0.00698186 0.0129141 -0.0009162 -0.00158498 -0.00507919 0.00231538 -0.00934648 0.00186502 0.00327486 0.022012 0.00998801
internal_weight=194.38 23.2137 19.1775 171.167 165.115 82.4403 29.9259 52.5143 82.6744 77.9048 13.6519 6.9916
internal_count=1236 150 119 1086 1048 525 182 343 523 487 83 43
is_linear=0
shrinkage=0.03


Tree=267
num_leaves=14
num_cat=0
split_feature=263 255 268 83 280 14 194 124 69 254 184 93 39
split_gain=1.36976 1.89477 3.24097 5.05822 2.74915 2.01651 3.06936 2.86695 2.38004 3.99436 2.9355 1.54842 0.615458
threshold=-4.4633185101721802 -0.028865604801158181 0.043262215003438055 19922274.935000006 -0.6750000000000006 23.025000000000002 20.784899950126849 52.036854166666679 2.8932000000000007 -0.095368969675744514 7.9246235597126962 3968.5200000000004 0.029000000000000005
decision_type=2 2 2 2 2 2 2 2 2 2 2 2 2
left_child=11 2 4 -4 -2 8 7 -7 9 -3 -10 -1 -6
right_child=1 5 3 -5 12 6 -8 -9 10 -11 -12 -13 -14
leaf_value=-0.029067275800753786 -0.0030062476646540194 -0.02780670519045227 0.016021326678714084 -0.024335162585773427 0.015165413288895145 -0.0011875941887359838 -0.016542860191380813 0.026663158875678179 -0.0027531472195803422 0.0045316811691441137 -0.018861505143456928 0.00033618004214505459 0.033775160110372425
leaf_weight=2.9565161392092696 3.5848051346838465 3.5330894365906707 5.6118800006806833 5.3273456078022718 3.6350968126207608 5.2315338701009777 3.1612896211445323 8.1393902301788312 73.069672583602369 59.124506216496229 11.898486541584132 2.9910236336290836 5.6891672313213348
leaf_count=22 27 23 37 33 25 31 23 50 479 349 82 23 32
internal_value=1.41165e-05 0.000481349 0.0083736 -0.00340272 0.018533 -0.000651345 0.00922339 0.0156156 -0.00178299 0.002619 -0.00506366 -0.0140231 0.0270763
internal_weight=193.954 188.006 23.8483 10.9392 12.9091 164.158 16.5322 13.3709 147.626 62.6576 84.9682 5.94754 9.32426
internal_count=1236 1191 154 70 84 1037 104 81 933 372 561 45 57
is_linear=0
shrinkage=0.03


Tree=268
num_leaves=13
num_cat=0
split_feature=19 208 199 260 208 133 202 162 125 72 49 95
split_gain=1.36699 1.77693 5.11338 2.792 2.66126 4.04489 3.84163 2.73635 2.52502 5.87788 4.61119 0.315901
threshold=12.625000000000002 -15.392249916449787 -9.9552883316278713 -0.42225862825439914 1.3824556725957937 12.637486109400003 -405.20824556334145 0.57029680010000006 45.768200000000007 2.8950000000000005 0.58211774076405942 -0.083299999999999985
decision_type=2 2 2 2 2 2 2 2 2 2 2 2
left_child=-1 2 -2 11 5 7 -7 -3 9 -6 -10 -4
right_child=1 4 3 -5 8 6 -8 -9 10 -11 -12 -13
leaf_value=0.015766619763899536 -0.016407015343473188 -0.0073141276256711288 0.020131663980896202 -0.0010209075581179743 0.0036763362297438824 0.022857801916884638 -0.014459043671344899 0.013951237753791996 0.015476652723888982 -0.014983595334216098 -0.0056786745226872761 0.037154019703778719
leaf_weight=4.7418816052377215 4.7086393423378459 9.8798134643584508 3.3019063156098118 3.4877244867384425 50.987042635679245 2.5121446195989838 37.268586006946862 11.643154811114071 24.744530536234379 21.461462816223502 14.468993047252296 4.2956778220832348
leaf_count=29 32 68 21 25 322 14 243 67 151 144 97 23
internal_value=1.20835e-05 -0.000375944 0.0092013 0.0203964 -0.00127261 -0.00629878 -0.0119759 0.00406225 0.00146313 -0.00182299 0.00759987 0.0305035
internal_weight=193.502 188.76 15.7939 11.0853 172.966 61.3037 39.7807 21.523 111.662 72.4485 39.2135 7.59758
internal_count=1236 1207 101 69 1106 392 257 135 714 466 248 44
is_linear=0
shrinkage=0.03


Tree=269
num_leaves=14
num_cat=0
split_feature=43 280 41 310 189 294 42 42 3 98 190 197 113
split_gain=1.3787 2.09478 1.8745 3.2459 3.92115 2.77774 2.712 4.34996 3.38149 3.97991 3.09398 3.0476 1.11751
threshold=-0.26059999999999994 -1.4250000000000005 0.63675000000000015 0.1605803781649818 2.6004944248012749 1.3976229360420616 0.77575000000000005 0.6039500000000001 57.82500000000001 0.41980000000000006 2.6217487523169756 26.119496361156703 4639.9150000000009
decision_type=2 2 2 2 2 2 2 2 2 2 2 2 2
left_child=1 -1 6 5 -5 12 7 11 -8 -10 -9 -2 -4
right_child=2 -3 3 4 -6 -7 8 10 9 -11 -12 -13 -14
leaf_value=-0.0050337626013629028 -0.004099567601215064 0.028930896024405777 -0.013279721892524016 -0.016773797341686825 0.027390017262130837 0.0054545470518909409 -0.015846602308318712 -0.038780995619453668 0.015996976980873556 -0.011785723732766862 -0.0035748828599370935 0.0056530548043911277 -0.032673560051469382
leaf_weight=2.7070000469684601 65.331458230502903 3.5073089376091948 6.799554327502852 3.01363740582019 4.0945078283548355 3.9910601787269107 4.5646092779934397 4.4714509993791562 27.126587681472301 5.3906447812914839 4.8709624204784632 51.42553931940347 5.7446327991783619
leaf_count=18 412 27 49 23 24 27 29 31 160 36 32 320 48
internal_value=1.30084e-05 0.0138151 -0.000437184 -0.00832291 0.00827676 -0.0156459 0.000691406 -0.00138685 0.00782408 0.0112772 -0.0209751 0.000171458 -0.0225866
internal_weight=193.039 6.21431 186.825 23.6434 7.10815 16.5352 163.181 126.099 37.0818 32.5172 9.34241 116.757 12.5442
internal_count=1236 45 1191 171 47 124 1020 795 225 196 63 732 97
is_linear=0
shrinkage=0.03


Tree=270
num_leaves=19
num_cat=0
split_feature=195 204 83 69 156 143 281 155 149 184 113 123 52 132 281 187 97 17
split_gain=1.37318 3.02651 3.19096 4.70643 3.39165 3.05611 2.71033 2.85837 3.28649 2.97751 2.61902 2.40153 2.94978 2.32719 3.66282 2.3665 2.01858 1.36375
threshold=19.55588997837787 74.585541672735005 40731288.260000013 2.1824000000000008 0.30175795795000004 0.16882771645000003 5.3250000000000002 0.37969056143200003 0.8810930589 3.3904022873493913 1948.3650000000002 11.500000000000002 0.48497188755020088 74.246357752500018 0.45000000000000201 0.4915241746592604 0.47500000000000003 16.315000000000001
decision_type=2 2 2 2 2 2 2 2 2 2 2 2 2 2 2 2 2 2
left_child=1 2 3 17 -4 -5 7 8 9 -2 -6 -3 -13 15 -15 -9 -10 -1
right_child=6 11 4 5 10 -7 -8 13 16 -11 -12 12 -14 14 -16 -17 -18 -19
leaf_value=0.035140745681294015 0.0074468373789689079 -0.035695320264050819 0.021081104017564502 0.022356888938683789 0.0062334245162300028 -0.0057354113148915557 -0.021502233831421039 0.0057655439117868549 0 -0.006387033385548694 -0.013736193603633071 -0.027637711805441192 0.0099319505238923654 -0.0082942142066709107 0.020961774110622368 0.026996929347233231 -0.027752121048786133 0.01023843072339531
leaf_weight=4.992735452949999 37.450490176677704 4.0311672352254373 3.4744881801307193 4.119640156626704 7.2502560261636964 19.742175935767591 4.0445132739841929 9.6821309793740529 4.3318054899573308 22.053951445966959 27.192689472809434 3.2192214652895927 4.1118951253592968 11.159021313302221 5.7288230024278155 10.170652676373718 5.7142603695392609 4.1174735501408577
leaf_count=30 240 28 21 30 45 128 25 63 28 136 176 22 25 76 39 54 44 26
internal_value=9.10172e-06 -0.00290723 -0.000550059 0.00621909 -0.00651612 -0.000687135 0.00221096 0.00316084 -0.000375991 0.00226719 -0.00943986 -0.0172188 -0.00631175 0.00992038 0.0015186 0.0168736 -0.0161957 0.0244449
internal_weight=192.587 82.2517 70.8895 32.972 37.9174 23.8618 110.336 106.291 69.5505 59.5044 34.4429 11.3623 7.33112 36.7406 16.8878 19.8528 10.0461 9.11021
internal_count=1236 531 456 214 242 158 705 680 448 376 221 75 47 232 115 117 72 56
is_linear=0
shrinkage=0.03


Tree=271
num_leaves=18
num_cat=0
split_feature=306 310 288 57 167 208 22 196 65 296 297 65 277 72 68 64 109
split_gain=1.32597 3.20121 2.98 2.73733 2.65569 2.61263 2.54865 2.44956 2.36594 2.99662 3.62348 2.45555 2.06544 1.65164 1.63287 0.480327 0.424729
threshold=0.27997802381743125 0.20764871907455398 0.89534942473991797 19.545000000000005 -0.84977068619999996 3.3295371921512777 -0.83499999999999985 91.499534579346516 20240176.000000004 1.1337527167350885 1.2018303092865368 20250830.500000004 -0.27500000000000208 2.9050000000000007 36.25180000000001 334.50000000000006 0.52200000000000013
decision_type=2 2 2 2 2 2 2 2 2 2 2 2 2 2 2 2 2
left_child=7 3 -3 4 -2 6 -5 8 9 10 -1 12 -10 -7 -11 -13 -6
right_child=1 2 -4 5 16 13 -8 -9 11 14 -12 15 -14 -15 -16 -17 -18
leaf_value=-0.0030242482265155353 -0.0022821727698651979 -0.023631592074569878 0.0076181583562633139 0.0069015394406477847 0.034496870651101699 0.033979646886090439 -0.024039800886693437 0.021175114800850443 0.022520698860480214 -0.0014690970345308159 0.027714118183775699 -0.027461331985078056 -0.0030584137997486578 0.00432410355854306 -0.033304637393648168 0 0.016911753388342072
leaf_weight=122.29051536135375 3.043448954820632 5.7328688371926528 4.923786535859108 4.5525334086269149 5.9621863160282391 2.6232992485165587 4.6472750809043655 4.1399637199938288 8.9707711003720743 2.4605899900197974 3.4377186223864546 1.4310092674568289 3.824100110679864 5.3252393789589405 4.3772119600325823 1.224404741078615 3.0301446840167046
leaf_count=733 18 39 33 26 42 17 31 25 71 18 16 41 25 35 37 8 21
internal_value=9.28523e-06 0.00488981 -0.00897751 0.0100693 0.0210031 0.0021441 -0.00849629 -0.00125131 -0.00191269 -0.00322591 -0.00213859 0.00911026 0.0146786 0.0147848 -0.0224673 -0.0161904 0.0291523
internal_weight=191.997 39.8408 10.6567 29.1841 12.0358 17.1483 9.19981 152.156 148.016 132.566 125.728 15.4503 12.7949 7.94854 6.8378 2.65541 8.99233
internal_count=1236 262 72 190 81 109 57 974 949 804 749 145 96 52 55 49 63
is_linear=0
shrinkage=0.03


Tree=272
num_leaves=10
num_cat=0
split_feature=265 53 187 282 311 19 106 127 299
split_gain=1.39264 1.67781 2.12357 2.31867 2.43654 2.12322 2.31649 1.51972 1.1232
threshold=-10.887947948932107 4.8850000000000007 0.23385690516193181 -3.6000000000000001 1.1731613535726115 12.625000000000002 0.31255000000000005 2.5206841750841757 1.0170355942125087
decision_type=2 2 2 2 2 2 2 2 2
left_child=-1 7 3 8 -5 -4 -7 -2 -3
right_child=1 2 5 4 -6 6 -8 -9 -10
leaf_value=-0.019865857909223201 0.026752468129061943 -0.01115413264447191 0.024105688085613534 -0.0085101239394400549 0.019342306636826082 -0.0033484928063501323 0.0040149987038070514 0.00040111922249872292 -0.03650188838856467
leaf_weight=3.0159354973584405 3.9387194458395225 4.3334195539355305 3.4032420907169572 12.130249099805949 3.5510313604027024 73.990745751187205 79.617145292460918 4.3157894015312195 3.0920472629368305
leaf_count=28 37 31 21 79 25 478 488 28 21
internal_value=9.96372e-06 0.000354475 -0.000238646 -0.00872282 -0.00193023 0.000995601 0.000448721 0.0135037 -0.0224527
internal_weight=191.388 188.372 180.118 23.1067 15.6813 157.011 153.608 8.25451 7.42547
internal_count=1236 1208 1143 156 104 987 966 65 52
is_linear=0
shrinkage=0.03


Tree=273
num_leaves=22
num_cat=0
split_feature=311 125 106 41 18 12 202 100 185 282 48 295 311 13 50 131 281 102 49 195 291
split_gain=1.3503 3.1832 2.62442 3.9464 3.57534 3.30613 3.10069 3.33394 2.90094 3.89517 3.22382 2.70567 2.60362 3.21882 3.83652 3.10397 3.44165 2.75681 2.42709 2.06359 1.58341
threshold=0.89457603411583941 17.109225000000002 0.28745000000000004 0.23515000000000003 17.815000000000001 16.425000000000004 -111.58763308777164 -0.043799999999999999 3.4312407507785783 0.89999999999999958 0.50210084033613456 0.46770000000000006 1.1162619516581602 22.425000000000004 -0.20964999999999998 67.077532826717189 4.3500000000000005 0.29210000000000008 0.47390000000000004 25.31116078046681 1.2575605838976187
decision_type=2 2 2 2 2 2 2 2 2 2 2 2 2 2 2 2 2 2 2 2 2
left_child=2 20 3 -1 6 18 -4 -8 10 -10 -6 -7 15 14 -14 17 -17 -3 -5 -15 -2
right_child=1 12 4 5 8 11 7 -9 9 -11 -12 -13 13 19 -16 16 -18 -19 -20 -21 -22
leaf_value=0.022244698069542806 0.00051993259836315912 -0.0067258875314629022 -0.010018749428971314 -0.0078610265063790638 -0.03480865307697182 -0.021839777898024861 -0.0014373274677678225 0.019591500461757203 0.017280102765225354 -0.018688287210134703 0.0030559085884095706 0.0017317985450840132 -0.014107974758479858 -0.033431770448801003 0.01274996923712673 -0.014082524985951028 0.01713320633463368 0.022610325736227718 0.023332007008925331 0 0.030328764091104531
leaf_weight=4.2806809842586508 3.18179559521377 6.5055449325591308 5.1170526370406142 4.4306893721222895 4.4420389384031322 14.387980751693251 8.6461178138852102 27.407575022429228 7.9461378529667837 3.936162956058979 3.3803252074867487 5.9381229598075143 5.9196464754641083 3.119853798300027 22.095909431576729 40.762428130023181 3.2789456434547892 4.9016497172415257 4.1990981958806515 3.6027711406350136 3.6414307132363319
leaf_count=29 18 45 33 32 29 100 54 155 43 27 22 41 39 20 149 287 19 28 22 21 23
internal_value=9.16129e-06 -0.00245748 0.00258351 -0.00413419 0.00630119 -0.00820029 0.0113416 0.0144755 -0.00408275 0.00505822 -0.0182353 -0.0148319 -0.00398536 0.00238439 0.00693823 -0.00802709 -0.011657 0.00570606 0.00706669 -0.0159769 0.01707
internal_weight=191.122 97.01 94.112 33.2366 60.8754 28.9559 41.1707 36.0537 19.7047 11.8823 7.82236 20.3261 90.1867 34.7382 28.0156 55.4486 44.0414 11.4072 8.62979 6.72262 6.82323
internal_count=1236 649 587 224 363 195 242 209 121 70 51 141 608 229 188 379 306 73 54 41 41
is_linear=0
shrinkage=0.03


Tree=274
num_leaves=9
num_cat=0
split_feature=259 53 187 19 306 311 255 127
split_gain=1.32639 1.60237 1.97625 2.04056 2.20408 1.924 2.30042 1.45564
threshold=-10.887947948932107 4.8850000000000007 0.23385690516193181 12.625000000000002 0.15222783793632869 1.2145482375047842 0.065415976073685225 2.5206841750841757
decision_type=2 2 2 2 2 2 2 2
left_child=-1 7 5 -4 -5 6 -3 -2
right_child=1 2 3 4 -6 -7 -8 -9
leaf_value=-0.019496195474666939 0.026405669772486942 0.00145847875750113 0.023715650801971057 -0.0098209253292088575 0.0016997238114791686 0.010661951769531922 -0.019924846775971092 0.00045757917592404639
leaf_weight=2.9817645074799648 3.8638937920331937 6.6599051821976962 3.37151339277625 16.661212946288288 136.25536385457963 3.7135785222053519 12.493529548868535 4.306422047317028
leaf_count=28 37 45 21 126 840 24 87 28
internal_value=8.83965e-06 0.000345555 -0.000233855 0.000955859 0.000419274 -0.00846452 -0.0123648 0.0132626
internal_weight=190.307 187.325 179.155 156.288 152.917 22.867 19.1534 8.17032
internal_count=1236 1208 1143 987 966 156 132 65
is_linear=0
shrinkage=0.03


Tree=275
num_leaves=19
num_cat=0
split_feature=195 203 83 69 72 123 262 262 202 281 170 180 171 46 48 144 17 22
split_gain=1.34663 2.78823 3.03728 4.47082 3.60374 2.82018 2.64839 3.7457 2.99364 2.54565 2.69071 3.84812 3.65412 3.75148 3.17204 1.67877 1.25553 1.014
threshold=19.55588997837787 83.618003953847051 20838665.975000005 2.2794500000000002 2.2250000000000005 16.500000000000004 2.3139053917373995 -3.5460925753115222 -11.667021304362999 5.3250000000000002 1.4749650452 0.097613468099999975 1.7047246528500002 0.23455000000000004 0.4811457983193278 0.41959298065 16.315000000000001 -0.18999999999999997
decision_type=2 2 2 2 2 2 2 2 2 2 2 2 2 2 2 2 2 2
left_child=1 2 3 16 -5 -3 7 -4 -8 10 11 14 17 -14 -2 -13 -1 -12
right_child=9 5 6 4 -6 -7 8 -9 -10 -11 12 15 13 -15 -16 -17 -18 -19
leaf_value=0.036056125919325319 -0.013034425542686379 -0.031591255477819748 0.0092359213386286904 -0.023796488426661745 0.0063547665549028255 0.00071347931982880639 -0.0092423711500743896 -0.015578013620409076 0.020240847943668427 -0.020876431328345657 0.014208790300883855 0 0.01180762230062915 -0.015505419572291767 0.0015202458785028735 0.021012813363314155 0.010010811546037139 0.038019983179203097
leaf_weight=4.619356237351897 20.126785304397345 5.5918009765446168 6.7429990395903543 4.573155730962756 14.896280257962642 3.9298202898353338 5.722892789170146 25.327849909663204 6.3550341278314573 4.0072785615921012 3.6183569170534611 5.321778154000639 16.293545878492299 6.0913036279380313 39.480749968439341 9.641253946349023 3.3293288350105286 4.3999755792319792
leaf_count=27 140 38 48 31 97 27 36 169 36 25 22 38 100 43 254 61 22 22
internal_value=9.77779e-06 -0.00289975 -0.000816147 0.00696215 -0.000659541 -0.0180776 -0.00571939 -0.0102551 0.00606327 0.00220282 0.00313143 2.06112e-05 0.010638 0.00420594 -0.00335757 0.0136102 0.0257796 0.0279518
internal_weight=190.07 81.0885 71.5669 27.4181 19.4694 9.52162 44.1488 32.0708 12.0779 108.981 104.974 74.5706 30.4032 22.3848 59.6075 14.963 7.94869 8.01833
internal_count=1236 531 466 177 128 65 289 217 72 705 680 493 187 143 394 99 49 44
is_linear=0
shrinkage=0.03


Tree=276
num_leaves=12
num_cat=0
split_feature=299 2 22 72 0 194 270 18 50 53 193
split_gain=1.31661 3.76698 4.10406 1.9759 1.97048 1.98333 3.07933 2.95031 2.26298 2.47393 0.717779
threshold=0.81179943076004091 74.340000000000018 -0.054999999999999993 2.1950000000000007 80.265000000000015 3.2409367086328831 1.5093719710652589 20.060000000000006 -0.27859999999999996 14.705000000000002 88.240432902185162
decision_type=2 2 2 2 2 2 2 2 2 2 2
left_child=1 2 3 -1 5 6 7 -2 -7 -10 -5
right_child=4 -3 -4 10 -6 8 -8 -9 9 -11 -12
leaf_value=0.0021794650054406599 -0.0045672140748622423 -0.019322579321872393 -0.0089727656992518983 0.037374871390560289 0.016002995058816222 -0.019714933901013868 0.018536791469064944 -0.024624955135598633 0.009263867854456374 -0.0013229365700710115 0.017990141970229676
leaf_weight=3.7295278962701603 60.586834914982319 3.9033064953982821 5.3848170489072809 5.0192565023899061 5.8626178819686166 4.1959888897836199 4.4429864436388007 7.4481541365385047 31.203795118257403 53.290470734238625 4.3969079107046127
leaf_count=27 401 31 36 28 38 25 29 51 197 345 28
internal_value=1.19537e-05 0.0068346 0.0125796 0.0216356 -0.000889984 -0.00153262 -0.00521963 -0.00683999 0.00144911 0.00255764 0.0289225
internal_weight=189.465 22.4338 18.5305 13.1457 167.031 161.168 72.478 68.035 88.6903 84.4943 9.41616
internal_count=1236 150 119 83 1086 1048 481 452 567 542 56
is_linear=0
shrinkage=0.03


Tree=277
num_leaves=10
num_cat=0
split_feature=68 65 65 283 65 142 295 65 134
split_gain=1.29888 1.66264 2.46806 2.64658 2.35359 2.09709 1.63098 0.943059 0.352844
threshold=508.84570000000008 20250830.500000004 20240226.500000004 2.1300000000000003 20231019.000000004 2.4062547741000002 0.59746724365462123 20250917.500000004 1.2282026033500002
decision_type=2 2 2 2 2 2 2 2 2
left_child=1 2 4 6 5 -1 -4 -3 -6
right_child=-2 7 3 -5 8 -7 -8 -9 -10
leaf_value=0.023897888196016563 -0.018916620460800039 0.0001004744743099178 0.023397244095957274 -0.012808116383771778 -0.032148872714494507 -0.00024491677005368225 0 -0.029791428340034329 -0.0099390898806639618
leaf_weight=3.202928513288497 3.1018997207283965 1.2022022716701024 10.22939830645919 3.0074217095971099 2.0817637965083118 158.66353503242135 3.3542503304779521 2.4448981136083603 1.8102588243782518
leaf_count=19 25 10 85 17 22 958 25 57 18
internal_value=1.17362e-05 0.000353524 0.000775419 0.011776 -0.000313992 0.000228746 0.0174919 -0.0193977 -0.0230779
internal_weight=189.099 185.997 182.35 16.5911 165.758 161.866 13.5836 3.6471 3.89202
internal_count=1236 1211 1144 127 1017 977 110 67 40
is_linear=0
shrinkage=0.03


Tree=278
num_leaves=10
num_cat=0
split_feature=297 68 49 10 294 296 310 278 299
split_gain=1.29855 1.66808 1.67334 2.35078 2.38712 1.85263 2.18305 2.14802 1.26666
threshold=0.80759572489241316 508.84570000000008 0.68445000000000011 20.625000000000004 0.76548197587020705 1.1552604006831293 -0.03430281666205743 1.1399999999999972 1.1098717836356322
decision_type=2 2 2 2 2 2 2 2 2
left_child=-1 2 5 8 -5 6 -2 -7 -4
right_child=1 -3 3 4 -6 7 -8 -9 -10
leaf_value=0.017798686704704064 0.0064485306097639781 -0.022633341625067267 -0.034000317683154639 0.021407884327441125 -0.014374048402751473 -0.028465250121993933 -0.00091654514434297795 0.0037370517325882018 -0.0050959056218301832
leaf_weight=3.5278582312166682 53.870116516947746 2.8683785814791909 3.8347999770194274 3.0393164157867432 3.4594995304942131 3.9761198963969937 108.53104791976511 3.1291976645588875 2.5668011922389269
leaf_count=25 337 24 27 16 25 36 705 20 21
internal_value=8.24162e-06 -0.000323745 2.28489e-05 -0.0103329 0.00197637 0.000834299 0.00151053 -0.0140119 -0.0231288
internal_weight=188.803 185.275 182.407 12.9004 6.49882 169.506 162.401 7.10532 6.4016
internal_count=1236 1211 1187 89 41 1098 1042 56 48
is_linear=0
shrinkage=0.03


Tree=279
num_leaves=18
num_cat=0
split_feature=306 290 137 290 178 11 95 17 293 109 307 115 99 95 193 124 186
split_gain=1.2899 2.33802 3.20204 2.91655 2.68091 3.25031 2.60539 2.88881 2.58378 2.5462 2.47654 2.15405 2.06924 2.40939 1.98777 1.98041 1.71282
threshold=0.2940517751148885 1.3434841405462512 1.0077281429680003 1.2827782161163575 0.6173371166499998 18.525000000000002 -0.069049999999999986 14.185 1.2063037157612015 0.49400000000000005 0.28737919473595558 0.23095000000000002 -0.21889999999999996 0.0089000000000000017 180.35773409485626 49.750261666666667 0.89893206560123506
decision_type=2 2 2 2 2 2 2 2 2 2 2 2 2 2 2 2 2
left_child=1 3 6 4 5 -1 15 -8 9 -4 -6 -2 16 -14 -15 -3 -13
right_child=11 2 8 -5 10 -7 7 -9 -10 -11 -12 12 13 14 -16 -17 -18
leaf_value=-0.0026838588511764665 0.03111940953645639 -0.034322078733289269 0.015504298093596108 0.024889938691624244 -0.011463836345227399 0.0098301193650129747 0.019475946926019869 -0.0090213959834756288 0.030964338917667582 -0.012158252381872658 0.014769356481755071 0.028720501000514306 -0.019533405673910566 0.013196245170816495 -0.0084250496584097993 -0.011526442862409874 0
leaf_weight=38.162356070242822 2.6464285347610739 5.7648072950541964 5.0160915572196227 4.4896849505603305 22.877489970996979 35.937027294188738 3.7388802841305759 18.217783760279417 2.7790112271904936 7.0975296860560775 3.5903889480978242 4.2553816363215509 5.1233526039868584 8.9282007515430433 6.3973885215818873 10.19999047461897 3.3638364300131798
leaf_count=232 20 48 33 29 150 216 20 129 16 48 22 25 38 58 46 83 23
internal_value=5.35239e-06 -0.00107395 -0.00622787 0.00149195 0.000393892 0.00334986 -0.0108755 -0.00396643 0.0053999 -0.00042477 -0.00775017 0.00563574 0.00302454 -0.00183135 0.00398024 -0.020107 0.0163006
internal_weight=188.586 157.871 52.8141 105.057 100.567 74.0994 37.9215 21.9567 14.8926 12.1136 26.4679 30.7146 28.0682 20.4489 15.3256 15.9648 7.61922
internal_count=1236 1026 377 649 620 448 280 149 97 81 172 210 190 142 104 131 48
is_linear=0
shrinkage=0.03


Tree=280
num_leaves=25
num_cat=0
split_feature=311 311 14 305 131 106 41 187 12 3 293 99 289 196 129 195 104 299 61 109 101 199 290 58
split_gain=1.31498 2.93546 2.80059 3.61686 3.54331 2.50563 3.70251 3.36336 3.10145 3.0076 2.59204 3.03987 2.49527 2.31839 4.50352 2.27461 2.18216 2.13952 2.02099 2.00621 1.94068 1.48916 1.41231 1.32934
threshold=0.89457603411583941 1.1162619516581602 22.125000000000004 -0.21774265960312464 67.989655592683832 0.28745000000000004 0.23515000000000003 0.29898565727683196 16.425000000000004 72.790000000000006 0.79091179582333804 0.26885000000000003 1.3051966389245695 41.546200889718413 5.9833790000000002 15.89443186645115 1.0000000180025095e-35 1.0443030458542835 1.7050000000000003 0.47000000000000003 0.50835000000000019 -1.8832943216548186 1.1159531376369638 16.655000000000005
decision_type=2 2 2 2 2 2 2 2 2 2 2 2 2 2 2 2 2 2 2 2 2 2 2 2
left_child=5 2 3 -2 -5 6 -1 12 16 -10 11 -9 21 14 18 -12 -8 19 -3 -15 -4 -7 -16 -19
right_child=1 13 20 4 -6 7 8 10 9 -11 15 -13 -14 17 22 -17 -18 23 -20 -21 -22 -23 -24 -25
leaf_value=0.021816951847071962 0.016075365792784322 0 -0.0033488822824601122 0.0033557648977471806 -0.016380497450542694 -0.0041188977689723787 -0.013851434342526277 -0.015927076148345036 -0.021549211945250252 0.004189799523681109 0.0018199924884481271 0.01742870663977392 0.010143570799415583 -0.0026509326066942963 0.028005468875897502 0.017769541132988433 0.017664084975584322 0.010666971982147843 -0.029702909817641648 0.02331845036561388 0.025475615270271937 -0.033882239536519948 0.00093491399256819538 -0.015600268120031548
leaf_weight=4.17566318437457 4.4085479900240889 3.1907409019768256 4.4002515748143178 10.288692640140651 35.462694452144206 3.1633151359856129 2.8151573464274424 6.6524744816124421 14.613648904487492 5.3671623338013879 12.039086680859326 3.720604732632637 3.5776484310626984 3.2370295003056553 3.018905881792306 27.363507926464081 5.6997271068394184 3.1058599315583697 5.5586798377335072 11.039494525641201 3.6444974988698959 3.4171139784157258 4.4747008718550205 3.5564867630600929
leaf_count=29 25 21 31 65 257 20 20 43 106 35 80 22 23 20 20 153 34 19 37 78 22 22 27 27
internal_value=6.71405e-06 -0.00244819 -0.00666968 -0.00933539 -0.0118791 0.00256763 -0.00405267 0.00622722 -0.00801147 -0.0144995 0.0094665 -0.00362443 -0.00929068 0.00407984 -0.00428071 0.0129892 0.00685648 0.0106975 -0.0189372 0.0172441 0.00949355 -0.0202994 0.0124609 -0.00293468
internal_weight=187.992 95.3866 58.2047 50.1599 45.7514 92.6051 32.6714 59.9338 28.4957 19.9808 49.7757 10.3731 10.1581 37.1819 16.243 39.4026 8.51488 20.9389 8.74942 14.2765 8.04475 6.58043 7.49361 6.66235
internal_count=1236 649 400 347 322 587 224 363 195 141 298 65 65 249 105 233 54 144 58 98 53 42 47 46
is_linear=0
shrinkage=0.03


Tree=281
num_leaves=18
num_cat=0
split_feature=208 199 162 208 169 278 106 299 125 72 49 186 200 306 54 311 2
split_gain=1.26194 4.10614 2.52676 2.19344 3.27999 4.68712 3.70281 2.74748 2.38276 4.74262 4.43117 4.47599 4.21221 3.3416 2.6556 2.24113 0.962094
threshold=-15.392249916449787 -9.9552883316278713 0.55278763920000007 1.3824556725957937 5.1831789124000016 -2.4350000000000054 0.23000000000000001 0.81179943076004091 45.768200000000007 2.8950000000000005 0.58211774076405942 0.44902633198562886 0.013573331689758012 0.25695215083010908 71.060000000000016 0.97272491165514807 60.660000000000004
decision_type=2 2 2 2 2 2 2 2 2 2 2 2 2 2 2 2 2
left_child=1 -1 -3 4 5 15 -6 -8 9 13 11 -10 -11 -5 -12 -2 -4
right_child=3 2 16 8 6 -7 7 -9 10 12 14 -13 -14 -15 -16 -17 -18
leaf_value=-0.015684478652944103 0.0054951819430455288 -0.0027484953205328747 0.037585404823766384 -0.00071880511441893211 0.012932534689447783 0.028536787167705805 0.0065897229364737173 -0.015988599643161114 -0.018356087168882786 0.016679705882339607 -0.014921990549530547 0.020158459350315381 -0.019133335763751955 0.017304384093126738 0.012283332859904362 -0.022543628314919472 0.014503469970936534
leaf_weight=4.5019429102540043 6.2823021654039604 3.5347763132303944 4.0507001243531686 38.401802660897374 5.5805382877588263 5.4769971817731848 5.3998113162815562 33.793292254209518 2.9398395344615009 3.3647951316088465 9.3065700121223909 21.800499709323049 17.967029020190239 11.982514165341852 4.7222534529864779 4.0848015211522579 3.9719404429197311
leaf_count=32 40 29 21 249 37 29 38 222 20 19 66 136 128 81 31 34 24
internal_value=8.74782e-06 0.0080383 0.0175916 -0.00073162 -0.00532496 0.00626444 -0.00949779 -0.0127927 0.00176392 -0.00144098 0.00775806 0.0154056 -0.0132929 0.00353387 -0.00552993 -0.00537577 0.0268463
internal_weight=187.162 16.0594 11.5574 171.103 60.6177 15.8441 44.7736 39.1931 110.485 71.7161 38.7692 24.7403 21.3318 50.3843 14.0288 10.3671 8.02264
internal_count=1236 106 74 1130 400 103 297 260 730 477 253 156 147 330 97 74 45
is_linear=0
shrinkage=0.03


Tree=282
num_leaves=11
num_cat=0
split_feature=303 125 200 125 61 286 188 193 301 203
split_gain=1.26877 1.95701 1.77521 2.76297 2.08433 3.6442 3.06146 1.70574 1.79706 0.630506
threshold=0.087141989315513882 105.34610000000002 0.19522730022705284 50.591300000000011 4.2550000000000008 0.81819161349680447 3.2075584694880157 30.628693158079034 0.1812070043777361 2.7740375938425852
decision_type=2 2 2 2 2 2 2 2 2 2
left_child=1 2 4 -4 6 -6 -1 -2 9 -9
right_child=7 -3 3 -5 5 -7 -8 8 -10 -11
leaf_value=-0.0022419565582762822 0.0070304450075348761 0.021987973988751758 0.028061625755874672 -0.0043193661033117167 -0.020929308386858695 -0.0011257260671903074 0.0078490122209590174 -0.034403701255876142 0 -0.010963807740639663
leaf_weight=68.438868823461235 3.9959112890064707 3.7112048268318167 4.9464585185050947 4.1698415149003267 10.907125744968651 36.445182007737458 44.342207711189985 3.5202862285077554 3.7373824287205935 2.2681671790778637
leaf_count=437 30 27 27 30 77 240 269 38 34 27
internal_value=1.02181e-05 0.000720119 0.000223347 0.0130387 -0.000495185 -0.005785 0.00170238 -0.00878873 -0.0157403 -0.0260706
internal_weight=186.483 172.961 169.25 9.1163 160.133 47.3523 112.781 13.5217 9.52584 5.78845
internal_count=1236 1107 1080 57 1023 317 706 129 99 65
is_linear=0
shrinkage=0.03


Tree=283
num_leaves=21
num_cat=0
split_feature=197 144 269 179 278 69 268 69 182 149 284 50 287 165 295 208 3 299 141 254
split_gain=1.2631 2.48809 3.44825 3.45889 2.81853 3.09046 3.34757 3.09523 2.67582 4.27033 2.31549 3.00312 4.04803 2.2901 1.98668 2.53884 2.14747 1.89287 1.34322 0.757422
threshold=32.846452552119267 0.40290438155000002 0.19358061710670507 -0.59969562380000052 -2.4350000000000054 2.9178500000000001 -0.34199856796634148 2.4514000000000005 1.6341955014620768 0.73478823860000009 -6.2449999999999992 -0.11234999999999999 1.1880550983540747 2.3689220825500006 1.0000000180025095e-35 1.1631900395091985 60.090000000000011 0.87233509966210088 2021.5000000000002 0.1150033749352161
decision_type=2 2 2 2 2 2 2 2 2 2 2 2 2 2 2 2 2 2 2 2
left_child=1 2 17 -4 5 7 -7 -3 13 -10 -2 12 19 -6 16 -16 -13 -1 -19 -12
right_child=10 4 3 -5 8 6 -8 -9 9 -11 11 14 -14 -15 15 -17 -18 18 -20 -21
leaf_value=0.0009742813297829759 -0.016496472075209066 -0.002165521999080185 -0.019146732427850685 0.019554670443340635 -0.013923471244495314 0.0027305197748033624 -0.014234162351068872 0.020485048470033854 0.020903627975281589 -0.0066089952671972031 0.01547829325530415 0.0098615317259076844 -0.0033712121686824948 0.011596414723891901 -0.002873653807602228 0.016387642609961783 -0.013489472055516514 -0.034327517554363245 -0.0066933448228163779 0.03609032070600942
leaf_weight=2.4060619026422527 4.5880738329142323 16.387432368472222 3.4256612341850996 4.8881105370819551 8.0420219488441926 15.976260742172597 28.735803917981684 7.8737111575901499 17.006476849317554 6.9598797578364602 3.422571696341036 4.7689849492162493 5.2756136283278456 4.9853358538821331 11.989158231765034 12.059922771528361 12.081563359126447 7.0319743901491147 2.4804542567580938 5.78242152556777
leaf_count=18 34 111 29 31 49 110 195 41 99 47 25 32 36 30 76 79 88 51 26 29
internal_value=8.51981e-06 -0.00167856 -0.0112932 0.0032133 0.000137801 -0.00341549 -0.00811293 0.00511626 0.00683499 0.012795 0.0036057 0.0053519 0.0170569 -0.003915 0.00110306 0.00668897 -0.00668457 -0.0216045 -0.0275783 0.0289975
internal_weight=186.167 126.199 20.2323 8.31377 105.967 68.9732 44.7121 24.2611 36.9937 23.9664 59.9683 55.3802 14.4806 13.0274 40.8996 24.0491 16.8505 11.9185 9.51243 9.20499
internal_count=1236 837 155 60 682 457 305 152 225 146 399 365 90 79 275 155 120 95 77 54
is_linear=0
shrinkage=0.03


Tree=284
num_leaves=18
num_cat=0
split_feature=105 123 94 18 113 72 115 61 307 200 277 127 24 83 131 282 259
split_gain=1.26047 2.31593 2.94831 2.27477 2.05956 3.37786 3.20592 2.7205 2.63308 2.52459 2.94174 2.81152 1.99638 1.73497 1.45652 1.21706 0.912239
threshold=0.55415000000000014 8.5000000000000018 0.21400000000000005 15.685 6900.1550000000007 6.7500000000000009 0.19870000000000002 1.635 0.42831093327730108 0.058992332941488257 0.51500000000000068 2.5912869047619052 -0.17499999999999996 25729846.065000001 93.010826557395845 -1.9500000000000017 -0.13869551443911596
decision_type=2 2 2 2 2 2 2 2 2 2 2 2 2 2 2 2 2
left_child=4 -2 -3 15 8 6 -6 -8 9 11 -11 -1 -7 -10 -5 -4 -15
right_child=1 2 3 14 5 12 7 -9 13 10 -12 -13 -14 16 -16 -17 -18
leaf_value=0.0013437674008962464 0.0235779147057282 0.023200734126153422 0.021889095240721117 0.00021082617495823971 -0.018803488804292293 0.0017161749373164298 0.030315196352611026 0.0074767906940601606 -0.0011224402543178317 0.010314364991581578 -0.014629690036865315 -0.0096908267828855876 -0.028536226371422758 -0.012137711468733881 -0.024453194274974919 -0.0043235710114436195 -0.037515586515419697
leaf_weight=40.595838591456413 5.3899264410138157 4.1813862808048752 3.0445959027856588 3.163904592394827 3.1191924102604416 3.7424625474959612 6.0877877296879914 22.695373268797994 4.099375391378997 24.57406487129629 4.965728558599948 41.566715253517032 3.6431206241250029 2.8779346216470003 5.3634465523064137 2.8701828680932513 3.5010941401124001
leaf_count=270 38 30 21 22 23 24 38 148 29 162 34 268 24 20 41 20 24
internal_value=7.82588e-06 0.00642182 0.00119696 -0.00508316 -0.000930873 0.00500834 0.00929582 0.0124993 -0.00286773 -0.00148219 0.00598477 -0.00420725 -0.0129877 -0.0172007 -0.015058 0.00881006 -0.0268933
internal_weight=185.482 24.0134 18.6235 14.4421 161.469 39.2879 31.9024 28.7832 122.181 111.702 29.5398 82.1626 7.38558 10.4784 8.52735 5.91478 6.37903
internal_count=1236 172 134 104 1064 257 209 186 807 734 196 538 48 73 63 41 44
is_linear=0
shrinkage=0.03


Tree=285
num_leaves=17
num_cat=0
split_feature=306 310 48 74 112 196 99 270 292 129 280 42 274 271 288 104
split_gain=1.28064 2.82136 2.94049 2.45049 2.56421 2.24243 2.27617 3.09995 2.96059 3.00898 2.92433 2.35974 1.85984 2.8524 1.78532 0.507142
threshold=0.27997802381743125 0.20764871907455398 0.5272058823529413 21.475000000000005 2002.1850000000002 91.499534579346516 -0.13174999999999998 2.3459687304731736 0.32607483162703127 2.8668777777777783 -0.59999999999999865 -1.0000000180025095e-35 12.409708528264241 -0.23572738539991298 0.99420519755302694 0.076550000000000021
decision_type=2 2 2 2 2 2 2 2 2 2 2 2 2 2 2 2
left_child=5 3 14 4 -2 6 8 10 11 -10 -8 -1 13 -5 -3 -6
right_child=1 2 -4 12 15 -7 7 -9 9 -11 -12 -13 -14 -15 -16 -17
leaf_value=-0.0052995154563034632 -0.004026815815381655 -0.030537239279664855 0.016311150409840363 -0.027990007182416642 0.034323018301342594 0.020618809569013945 -0.0067489497188013819 0.027489729449162625 0 -0.016892283680366344 0.004255106009027022 0.024933266628699869 0.02209557028283457 0.0047330452319039118 0 0.015298107880902054
leaf_weight=4.8883923990651965 2.6480092033743885 4.3804128989577276 2.8979952894151211 2.9784174934029588 5.7422137223184091 3.9796729907393447 36.858962728641927 3.6720311753451815 15.379065796732901 25.308026973158121 52.589783567003906 4.0865795053541643 3.3584609031677237 10.463426619768143 2.9618655312806368 2.8302857801318169
leaf_count=37 18 31 19 21 41 25 241 22 109 189 329 22 19 70 22 21
internal_value=6.5331e-06 0.00490341 -0.0083589 0.00986932 0.0206956 -0.00125213 -0.00189672 0.000841642 -0.00708305 -0.0105528 -0.000248285 0.00825887 0.00238155 -0.00244928 -0.0185876 0.0286365
internal_weight=185.024 38.2611 10.2403 28.0208 11.2205 146.763 142.783 93.1208 49.6621 40.6871 89.4487 8.97497 16.8003 13.4418 7.34228 8.5725
internal_count=1236 262 72 190 80 974 949 592 357 298 570 59 110 91 53 62
is_linear=0
shrinkage=0.03


Tree=286
num_leaves=12
num_cat=0
split_feature=193 294 192 158 311 274 0 193 275 275 294
split_gain=1.26714 2.09074 1.71027 2.86422 1.62524 3.26997 3.35624 2.99532 3.57018 3.38781 1.42971
threshold=4381.9983379593987 1.0727606061366386 199.52647046485126 0.2383788936 0.90081230958738434 13.421433693898882 57.900000000000013 327.58274718994215 0.088447739135295897 0.07278581831082917 0.92138985614806879
decision_type=2 2 2 2 2 2 2 2 2 2 2
left_child=2 -2 4 -4 7 6 -6 8 -1 -9 -7
right_child=1 -3 3 -5 5 10 -8 9 -10 -11 -12
leaf_value=0.0079298556569242767 -0.0030073965785219581 0.027336397758723527 0.0054930615128776245 -0.034578705297693545 0.019428960752827809 0.028533011055456824 -0.0064074510816895759 -0.0038469229075161599 -0.0052384176176347025 0.027909449492796442 0.00023649254379727133
leaf_weight=33.273515674285591 3.8882294297218314 3.8371455371379852 2.7822113670408717 3.3069142736494541 4.6846246281638733 3.8481546677649012 71.676146088168025 4.5096783563494673 41.457058820873499 8.1121779046952707 3.0807823892682791
leaf_count=218 28 20 20 24 36 22 500 32 267 44 25
internal_value=8.34432e-06 0.0118375 -0.000498177 -0.0159917 4.61593e-05 -0.00293246 -0.00475985 0.00292065 0.000587379 0.0163863 0.0165608
internal_weight=184.457 7.72537 176.731 6.08913 170.642 83.2897 76.3608 87.3524 74.7306 12.6219 6.92894
internal_count=1236 48 1188 44 1144 583 536 561 485 76 47
is_linear=0
shrinkage=0.03


Tree=287
num_leaves=19
num_cat=0
split_feature=195 204 183 278 128 262 1 281 170 180 152 171 46 37 123 52 22 45
split_gain=1.23222 2.56898 2.80235 3.38655 3.1437 2.96359 2.99781 2.28192 2.56114 3.57407 3.5696 3.40605 3.44689 2.72947 2.19118 2.61052 0.937589 0.801298
threshold=19.55588997837787 74.585541672735005 1.1448200789547089 2.3899999999999975 2.5229500000000002 4.1816117798712371 73.875000000000014 5.3250000000000002 1.4749650452 -0.080816503799999925 1.2352337085000002 1.7047246528500002 0.23455000000000004 0.39810000000000006 11.500000000000002 0.48497188755020088 -0.18999999999999997 0.4351000000000001
decision_type=2 2 2 2 2 2 2 2 2 2 2 2 2 2 2 2 2 2
left_child=1 2 5 4 -4 6 -1 8 9 10 -2 16 -13 -11 -3 -16 -10 -7
right_child=7 14 3 -5 -6 17 -8 -9 11 13 -12 12 -14 -15 15 -17 -18 -19
leaf_value=-0.0025535075210897239 -0.00053764759966375413 -0.034615927021114712 -0.0014795509680539606 0.013103501547980055 -0.027214015261311317 0.031946237526900012 0.023561609410400652 -0.020162999191221727 0.013917845857993034 0.022252447130940399 -0.021151116258182862 0.011559420414270601 -0.014974849234541449 0.00071740953007728243 -0.026259349806942243 0.0098357378460365557 0.037315558008579566 0.0090376991607899089
leaf_weight=34.547489897347987 40.812601175159216 3.7806578129529935 8.2870904095470959 4.5742296054959288 9.3591379821300489 3.5426607094705096 4.3616721108555785 3.8406035192310801 3.5001780223101377 9.337214872241022 9.275543022900818 15.838881322182717 5.9257890861481419 12.779556058347223 3.0801821388304234 3.9367219358682632 4.2627056837081936 3.1211611144244671
leaf_count=227 273 28 58 30 73 21 28 25 22 61 67 100 43 92 22 25 22 19
internal_value=9.83739e-06 -0.00281591 -0.000595768 -0.00934486 -0.015374 0.00361555 0.000349958 0.00214245 0.00303296 0 -0.00444925 0.0104603 0.00416237 0.0100033 -0.0163466 -0.00573359 0.0274586 0.0219523
internal_weight=184.164 78.591 67.7934 22.2205 17.6462 45.573 38.9092 105.573 101.732 72.2049 50.0881 29.5276 21.7647 22.1168 10.7976 7.0169 7.76288 6.66382
internal_count=1236 531 456 161 131 295 255 705 680 493 340 187 143 153 75 47 44 40
is_linear=0
shrinkage=0.03


Tree=288
num_leaves=10
num_cat=0
split_feature=303 125 66 66 260 46 107 192 50
split_gain=1.21372 1.71363 1.62235 2.24312 1.99113 2.55362 1.98138 1.16548 0.532783
threshold=0.30622850432010745 105.34610000000002 20240213.500000004 20231022.000000004 -1.2506957771520593 -0.069766779977137691 0.74495000000000011 23.480797017325816 0.13785000000000003
decision_type=2 2 2 2 2 2 2 2 2
left_child=1 2 3 6 8 -6 -1 -2 -4
right_child=7 -3 4 -5 5 -7 -8 -9 -10
leaf_value=-0.0015223328453711042 0.00049596594174087648 0.020123623999039088 0.031235022071967138 -0.024853428100765552 -0.01601287776679633 0.011599004044527524 0.010755493562188441 -0.031407308257385705 0.0084369311678175723
leaf_weight=141.6100546605885 1.6344658657908433 3.7718484271317712 3.359924882650378 3.3857662528753272 4.5131741557270297 8.4824327947571838 12.783956147730349 2.044061379507184 1.9665780030190942
leaf_count=873 14 30 31 36 37 85 80 30 20
internal_value=9.96853e-06 0.000379554 -3.74906e-05 -0.00103743 0.0083695 0.00173169 -0.000479996 -0.0167999 0.0236813
internal_weight=183.552 179.874 176.102 157.78 18.3221 12.9956 154.394 3.67853 5.3265
internal_count=1236 1192 1162 989 173 122 953 44 51
is_linear=0
shrinkage=0.03


Tree=289
num_leaves=19
num_cat=0
split_feature=132 174 50 307 199 95 270 200 140 15 203 270 200 116 203 133 311 42
split_gain=1.22662 3.30619 2.99493 3.17317 3.47082 2.84697 3.04935 3.18672 3.35815 2.55079 2.56998 2.5276 2.35821 3.54793 2.56396 2.32498 1.86514 1.43883
threshold=58.552659755000008 0.06604174245000001 -0.030499999999999996 -0.26605751258329208 -38.268051873452016 -0.43874999999999992 1.8382323176081725 0.098582599712211186 0.52837071720000039 16.185000000000006 -30.94888070208437 0.33063125986796998 0.03086624250531457 672.50000000000011 55.737938584104519 6.9667565267500011 1.0714130937399153 0.26315000000000005
decision_type=2 2 2 2 2 2 2 2 2 2 2 2 2 2 2 2 2 2
left_child=1 -1 9 -4 -5 12 7 15 -9 10 -3 -11 13 17 16 -7 -14 -2
right_child=5 2 3 4 -6 6 -8 8 -10 11 -12 -13 14 -15 -16 -17 -18 -19
leaf_value=-0.021528037371878927 0.0010115554209574064 0.016895804845914277 -0.027925528203372508 0.03285060198512222 -0.00064027191332932817 0.012959706708734446 0.022314134244417937 0.018501073658599723 -0.015851555161242727 0.027118587498209064 -0.012097201359928787 0.001762561158892667 -0.030367250352083448 -0.016850922250015936 0.0042366571365145943 -0.0057699969286017037 -0.004251771527206038 0.032886978882803938
leaf_weight=4.4700448028743258 2.7457451745867747 4.8582166451960802 3.3767815213650456 2.9243708550930014 33.434325991198421 6.4976987559348336 5.4325193241238585 12.323369424790142 3.0515541601926079 11.82947187498212 6.0578078553080577 5.4232497513294211 9.5566146001219767 5.1380144264549017 3.6617914084345093 56.076632618904114 3.7321327412500969 2.6747539397329092
leaf_count=33 24 32 25 17 219 47 34 78 24 71 41 35 83 35 26 365 30 17
internal_value=1.03924e-05 0.00306223 0.00475436 -0.000482225 0.00205387 -0.00195536 0.000775106 -0.000714243 0.0114307 0.0122229 0.000570153 0.0193771 -0.0103131 0.000550408 -0.0172194 -0.00375967 -0.0233433 0.0175948
internal_weight=183.265 72.3743 67.9042 39.7355 36.3587 110.891 83.3818 77.9493 15.3749 28.1687 10.916 17.2527 27.5091 10.5585 16.9505 62.5743 13.2887 5.4205
internal_count=1236 473 440 261 236 763 548 514 102 179 73 106 215 76 139 412 113 41
is_linear=0
shrinkage=0.03


Tree=290
num_leaves=16
num_cat=0
split_feature=306 310 206 57 167 208 22 185 200 1 113 297 24 268 185
split_gain=1.20567 2.6749 2.62772 2.39667 2.46346 2.28489 2.24575 2.16465 2.0268 2.09188 2.47645 2.50784 1.54596 1.24527 0.37559
threshold=0.27997802381743125 0.20764871907455398 6.2504222757220953 19.545000000000005 -0.84977068619999996 3.3295371921512777 -0.83499999999999985 3.4563913140514946 0.25172921721653529 79.710000000000022 14279.950000000003 0.80759572489241316 -0.23499999999999996 -0.0028824861587169455 5.2378495458354069
decision_type=2 2 2 2 2 2 2 2 2 2 2 2 2 2 2
left_child=8 3 -3 4 -2 6 -5 -4 9 10 11 -1 -7 -12 -6
right_child=1 2 7 5 14 12 -8 -9 -10 -11 13 -13 -14 -15 -16
leaf_value=0.028354681201063027 -0.0026062763237535971 -0.029976825972499184 0.022304995383789595 0.0065994402023827649 0.033387990759991507 0.026649026577992885 -0.023161398715070822 -0.011458906331594017 0.019156870426120548 0.016377909337886735 -0.0036835593500349488 -0.0023112162767898871 0 -0.03376486095782516 0.015720501853808116
leaf_weight=2.334986198693513 2.903291603550314 3.262432359158991 2.7889277935028076 4.3424699138849983 5.7609538547694701 4.0316627994179726 4.3930821027606735 4.0157066863030195 4.1418540049344292 5.3070357255637637 2.3863168731331825 127.57023628242314 3.4764986000955096 3.2745098732411853 2.6571613177657127
leaf_count=17 18 23 17 26 44 28 31 32 24 37 22 845 24 29 19
internal_value=1.07528e-05 0.00480431 -0.00821466 0.00967992 0.0202429 0.00205547 -0.0081204 0.0020676 -0.00121498 -0.00184839 -0.00259555 -0.00171555 0.0142403 -0.0218889 0.0284135
internal_weight=182.647 37.6322 10.0671 27.5651 11.3214 16.2437 8.73555 6.80463 145.015 140.873 135.566 129.905 7.50816 5.66083 8.41812
internal_count=1236 262 72 190 81 109 57 49 974 950 913 862 52 51 63
is_linear=0
shrinkage=0.03


Tree=291
num_leaves=12
num_cat=0
split_feature=296 308 68 105 277 112 307 278 195 202 208
split_gain=1.19882 2.54062 1.80353 1.82363 2.6842 2.64194 3.36833 3.27984 1.88478 1.339 1.1659
threshold=1.1552604006831293 0.5458333333333335 508.84570000000008 0.55415000000000014 -3.2349999999999954 7365.8000000000011 0.42831093327730108 -4.7600000000000007 38.372730134321934 -28.82047836204373 -1.3747453988820404
decision_type=2 2 2 2 2 2 2 2 2 2 2
left_child=2 10 3 5 8 6 -1 -7 -5 -6 -2
right_child=1 -3 -4 4 9 7 -8 -9 -10 -11 -12
leaf_value=-0.0007211157420719624 -0.0043899992599126464 0.011587425828917978 -0.023157837421880156 0.0070184553084755314 0.0031545253423163823 0.01878099229185037 -0.01903283763890893 -0.00040033917272179866 -0.019524635395283794 0.029728127149756606 -0.034219199362121269
leaf_weight=107.6508307363838 2.2603421900421381 2.73346440307796 2.7284597996622315 9.2167150285094994 2.7766560986638069 13.26274407468736 9.8190812915563566 19.329410037025809 3.1458965316414824 5.9988888725638372 3.2597872968763095
leaf_count=708 22 17 24 66 21 79 71 132 22 45 29
internal_value=1.14965e-05 -0.0110729 0.000560794 0.000969615 0.00920028 -0.000175156 -0.00229216 0.00734694 0 0.0217883 -0.0228342
internal_weight=182.182 8.25359 173.929 171.2 21.1382 150.062 117.47 32.5922 12.3626 8.77554 5.52013
internal_count=1236 68 1168 1144 154 990 779 211 88 66 51
is_linear=0
shrinkage=0.03


Tree=292
num_leaves=14
num_cat=0
split_feature=193 294 197 193 2 311 48 294 310 50 149 61 69
split_gain=1.19357 1.88698 1.67943 2.9315 2.51229 3.11576 2.50352 2.47145 3.11402 3.08905 2.4417 3.17447 2.28232
threshold=4381.9983379593987 1.0727606061366386 31.646950751500516 156.41675952116597 60.125000000000007 1.1357019795983569 0.47699579831932776 1.0195267666412617 -0.088529952952001653 0.75950000000000017 -2.6247743787499993 3.2750000000000004 4.1477500000000012
decision_type=2 2 2 2 2 2 2 2 2 2 2 2 2
left_child=2 -2 6 4 12 -6 10 8 -8 -9 -1 -12 -4
right_child=1 -3 3 -5 5 -7 7 9 -10 -11 11 -13 -14
leaf_value=-0.029127987355680656 -0.0025282063502685228 0.026532096850425759 0.024764196284355933 -0.019916665646185251 -0.0026785580224426 0.018092274629632567 0.024721637640618035 -0.012485833850176915 0.0017991934604826025 0.012610984802176551 0.0013500779722048291 -0.015840071537531919 0.001271646408880534
leaf_weight=4.5080585218965998 3.8321542292833319 3.74476258456707 9.4638927001506108 4.3210564609616986 33.039618622511625 7.9572721198201171 6.1752062551677218 19.14560618810356 38.431808260269463 5.5317901531234375 22.852909149602056 16.290842778980732 6.570826298557221
leaf_count=30 28 20 61 30 222 55 34 143 252 38 153 121 49
internal_value=9.1545e-06 0.0116021 -0.00048399 0.00348692 0.00534438 0.00131416 -0.0026689 0.000838582 0.00508778 -0.00671075 -0.00829377 -0.0057498 0.0153907
internal_weight=181.866 7.57692 174.289 61.3527 57.0316 40.9969 112.936 69.2844 44.607 24.6774 43.6518 39.1438 16.0347
internal_count=1236 48 1188 417 387 277 771 467 286 181 304 274 110
is_linear=0
shrinkage=0.03


Tree=293
num_leaves=8
num_cat=0
split_feature=41 134 170 183 174 310 197
split_gain=1.19536 1.9507 1.66412 3.12147 2.11378 2.69483 2.65313
threshold=0.20360000000000003 39.778616969150001 7.8804034188000012 0.66342326885196889 3.1493186992000006 -0.003470181287258056 25.729508706885611
decision_type=2 2 2 2 2 2 2
left_child=-1 2 4 -4 6 -6 -2
right_child=1 -3 3 -5 5 -7 -8
leaf_value=0.018207539147546175 -0.0025526155169351204 -0.02367831835081631 -0.0087908618970361369 0.02748689338738209 -0.021770857002292334 0 0.0056999173899060229
leaf_weight=3.0970527101308098 87.482416876591742 3.0564155522733918 3.3518112972378713 5.1850645653903484 8.9729544110596198 12.103183701634405 58.189066220074892
leaf_count=25 604 23 23 33 61 79 388
internal_value=1.00039e-05 -0.000299227 0.000104594 0.012959 -0.000542899 -0.00940965 0.000724961
internal_weight=181.438 178.341 175.284 8.53688 166.748 21.0761 145.671
internal_count=1236 1211 1188 56 1132 140 992
is_linear=0
shrinkage=0.03


Tree=294
num_leaves=17
num_cat=0
split_feature=195 197 1 70 203 174 262 280 270 281 155 149 184 10 131 97
split_gain=1.19847 2.36872 3.0794 3.00876 2.70157 3.20958 2.76996 2.69851 2.45626 2.1374 2.59563 2.89112 2.55856 2.02708 2.42403 1.84626
threshold=19.55588997837787 26.119496361156703 75.27500000000002 1.4227000000000003 104.11745923378199 2.9458249763500004 4.1816117798712371 1.4250000000000009 0.10167634456631504 5.3250000000000002 0.37969056143200003 0.8810930589 3.4783020464288623 15.525 131.35996051219581 0.47500000000000003
decision_type=2 2 2 2 2 2 2 2 2 2 2 2 2 2 2 2
left_child=1 2 3 -1 5 6 -3 -5 -7 10 11 12 -2 -12 -15 -13
right_child=9 4 -4 7 -6 8 -8 -9 -10 -11 13 15 -14 14 -16 -17
leaf_value=0.004379395274956086 0.0069825217709743037 0.0045782684794261133 0.011296528940686378 -0.025057592087401749 -0.020964949485151214 0.0048481407567525763 0.030295120541730763 0.0032685029473886918 -0.025202401934801579 -0.019630773985917113 -0.0077989220667037057 0 -0.0062459794202821949 0.022487519057022728 0.0048998787406041994 -0.02731453797746573
leaf_weight=5.9243401046842399 35.494393087923527 29.206236314959824 5.1243961602449408 15.41805990226567 4.301614496856927 4.2174994237720949 4.3347846493124953 3.508880164474248 5.2313615642488003 3.7773440368473521 4.8788201734423629 4.1049044113606197 20.602864744141698 12.782123079523446 16.996961547061801 5.3123309463262558
leaf_count=39 243 198 37 116 29 30 25 23 34 25 38 28 133 81 113 44
internal_value=8.37915e-06 -0.00280269 -0.00939793 -0.0138136 0.00132541 0.00366891 0.00807122 -0.0196589 -0.0115649 0.0021274 0.00299654 -0.000474899 0.00206823 0.00962747 0.0125994 -0.0158018
internal_weight=181.217 77.2672 29.9757 24.8513 47.2915 42.9899 33.541 18.9269 9.44886 103.95 100.172 65.5145 56.0973 34.6579 29.7791 9.41724
internal_count=1236 531 215 178 316 287 223 139 64 705 680 448 376 232 194 72
is_linear=0
shrinkage=0.03


Tree=295
num_leaves=13
num_cat=0
split_feature=277 105 123 94 173 113 72 99 307 131 24 179
split_gain=1.18076 1.42532 2.67911 2.88287 1.82681 1.81983 3.20945 2.51366 2.20511 2.31819 1.8636 1.64169
threshold=-16.135000000000002 0.55415000000000014 8.5000000000000018 0.21400000000000005 0.086674549304000023 6900.1550000000007 6.7500000000000009 0.48190000000000005 0.42831093327730108 770.12634359835681 -0.17499999999999996 -1.9405502860499995
decision_type=2 2 2 2 2 2 2 2 2 2 2 2
left_child=-1 5 -3 -4 -5 8 7 -7 9 -2 -8 -10
right_child=1 2 3 4 -6 6 10 -9 11 -11 -12 -13
leaf_value=-0.019808760566283914 -0.0020276273339563953 0.026620511791185558 0.024239220341535847 0.014985957438094024 -0.010643693335505857 0.0042199445621224525 0.0016132278680302697 0.024442671303555034 -0.032200200508742068 0.024637458122326039 -0.028143914108724577 -0.006149133339589768
leaf_weight=2.5617344230413428 104.6559611056 4.9663208201527622 3.8903641030192402 3.0888747610151759 10.724424194544552 23.363526603206996 3.5860689226537943 7.4067655168473712 3.5731076281517744 2.9077658988535395 3.5151400566101065 6.4451357107609493
leaf_count=20 701 37 29 22 81 161 24 45 30 20 24 42
internal_value=7.30481e-06 0.000320083 0.00734159 0.00164572 -0.00463035 -0.000688648 0.00499592 0.00924838 -0.00254775 -0.00125671 -0.0128864 -0.0159634
internal_weight=180.685 178.123 22.67 17.7037 13.8133 155.453 37.8715 30.7703 117.582 107.564 7.10121 10.0182
internal_count=1236 1216 169 132 103 1047 254 206 793 721 48 72
is_linear=0
shrinkage=0.03


Tree=296
num_leaves=15
num_cat=0
split_feature=303 124 200 61 206 201 133 179 11 198 22 101 307 279
split_gain=1.18735 1.83733 2.73238 3.51723 3.59825 2.94958 2.86693 2.58003 2.79562 2.82535 2.23162 1.60871 2.23328 1.36492
threshold=0.087141989315513882 75.577727777777795 0.13850250102721559 4.2550000000000008 -7.9609690632252166 -56.062566980098445 9.5057578036000017 0.38733377202500058 18.975000000000005 0.50262921047358255 0.020000000000000004 0.54165000000000008 0.26768665319602941 -2.7600000000000011
decision_type=2 2 2 2 2 2 2 2 2 2 2 2 2 2
left_child=1 2 3 5 -5 -1 -4 8 10 -10 -3 13 -13 -2
right_child=11 7 6 4 -6 -7 -8 -9 9 -11 -12 12 -14 -15
leaf_value=-0.0094218766642869788 -0.030396090960504857 -0.014365335434632712 -0.0055346098002560448 0.010733629831754162 -0.015783409693911604 0.003713598801817113 0.028157063809373353 0.027561454373775853 -0.0033683622399006429 0.019851457210025611 0.0098134446542054946 -0.011712311866627481 0.024493566180977925 -0.0021750997252288902
leaf_weight=19.649549061432481 3.8217502934858203 9.9957816358655673 3.5520741380751115 5.413529701530936 25.257839187979698 68.98409117385745 5.5233641043305397 4.521632842719554 7.3058835379779365 12.152581706643103 4.977754393592476 3.8150317799299955 2.3947475012391806 2.9728492200374586
leaf_count=136 45 69 25 37 183 433 32 28 49 78 37 32 24 28
internal_value=7.60246e-06 0.000704816 -0.00100759 -0.00224095 -0.010986 0.000760397 0.0147268 0.00641338 0.00347755 0.0110073 -0.00611662 -0.00867179 0.00194162 -0.0186943
internal_weight=180.338 167.334 128.38 119.305 30.6714 88.6336 9.07544 38.9536 34.432 19.4585 14.9735 13.0044 6.20978 6.7946
internal_count=1236 1107 846 789 220 569 57 261 233 127 106 129 56 73
is_linear=0
shrinkage=0.03


Tree=297
num_leaves=18
num_cat=0
split_feature=306 310 48 57 167 208 203 196 99 270 165 292 185 42 288 72 131
split_gain=1.16347 2.44868 2.6485 2.26988 2.47326 2.17952 2.14266 2.02483 2.0929 2.76226 3.268 2.73036 3.56654 2.03921 1.63983 1.52164 0.359866
threshold=0.27997802381743125 0.20764871907455398 0.5272058823529413 19.545000000000005 -1.0292809811999999 3.3295371921512777 -20.393427789923418 91.499534579346516 -0.13174999999999998 2.3459687304731736 4.9660167319500008 0.32607483162703127 4.1536896563646826 -0.09959999999999998 0.99420519755302694 2.9050000000000007 88.959220616500005
decision_type=2 2 2 2 2 2 2 2 2 2 2 2 2 2 2 2 2
left_child=7 3 14 4 -2 6 -5 8 11 10 -10 13 -13 -1 -3 -7 -6
right_child=1 2 -4 5 16 15 -8 -9 9 -11 -12 12 -14 -15 -16 -17 -18
leaf_value=-0.0070730035341013114 -0.005329000071694053 -0.029690063789197453 0.015911579030321588 0.0051437337150266075 0.015751598412796664 0.033176992218107555 -0.024311860568315927 0.01996130471632715 -0.0032405887136193975 0.026554844547326605 0.010920886578792447 -0.018757739257717173 -0.00058688296613771231 0.02135283948338508 0 0.0036135281158757443 0.032638708486277597
leaf_weight=3.9998042015358806 2.4779692143201819 4.1376245226711017 2.7965602315962315 4.6659235302358839 2.8855683356523532 2.4156963117420664 3.8968123793601999 3.8344428353011599 68.760795908980072 3.5113982968032351 18.524595381692052 20.83710284344852 18.817534862086177 4.7361091990023834 2.8785085342824459 4.9789665751159191 5.672658272087574
leaf_count=31 14 31 19 31 22 17 26 25 459 22 111 158 140 28 22 35 45
internal_value=7.0109e-06 0.00477278 -0.00784015 0.00948056 0.0199082 0.00200287 -0.0080408 -0.00120096 -0.00181941 0.000837738 -0.000191707 -0.00685842 -0.0102337 0.00806558 -0.0178195 0.0139854 0.0275391
internal_weight=179.828 36.8063 9.81269 26.9936 11.0362 15.9574 8.56274 143.022 139.187 90.7968 87.2854 48.3906 39.6546 8.73591 7.01613 7.39466 8.55823
internal_count=1236 262 72 190 81 109 57 974 949 592 570 357 298 59 53 52 67
is_linear=0
shrinkage=0.03


Tree=298
num_leaves=12
num_cat=0
split_feature=296 308 68 105 277 70 112 310 278 63 208
split_gain=1.18477 2.36492 1.70034 1.61061 2.48111 2.67204 2.42823 3.10959 3.04152 1.17952 1.10204
threshold=1.1552604006831293 0.5458333333333335 508.84570000000008 0.55415000000000014 -3.2349999999999954 9.6792500000000015 7365.8000000000011 -0.042054705238660096 -4.7600000000000007 0.5525000000000001 -1.3747453988820404
decision_type=2 2 2 2 2 2 2 2 2 2 2
left_child=2 10 3 6 5 -5 7 -1 -8 -6 -2
right_child=1 -3 -4 4 9 -7 8 -9 -10 -11 -12
leaf_value=0.0052655179761599063 -0.0045541127276831316 0.010936055281002164 -0.022689464457407868 0.0079906592266355617 0.029444428622641957 -0.0245132564352641 0.018282223371528242 -0.0054066187331383237 -0.00034857437176151051 0.0046801852705941017 -0.033950835626147813
leaf_weight=34.938784679397941 2.2304942887276411 2.6690439600497484 2.6754585374146691 9.2171502932906169 5.4690119959413988 2.912026021629571 13.007115885615347 80.935948312282562 19.023049408569932 3.0338547136634588 3.1565523799508792
leaf_count=236 22 17 24 67 42 21 79 543 132 24 29
internal_value=9.58939e-06 -0.0111443 0.000558124 0.000958196 0.00879117 0 -0.000119399 -0.0021611 0.00715718 0.0211143 -0.0226308
internal_weight=179.268 8.05609 171.212 168.537 20.632 12.1292 147.905 115.875 32.0302 8.50287 5.38705
internal_count=1236 68 1168 1144 154 88 990 779 211 66 51
is_linear=0
shrinkage=0.03


Tree=299
num_leaves=12
num_cat=0
split_feature=284 288 288 188 100 64 299 13 14 190 306
split_gain=1.18032 2.06115 1.86253 2.61888 1.81277 2.42534 2.41924 2.25058 2.10801 1.64688 1.46712
threshold=-6.2449999999999992 5.2515748161726217 0.73427023636609012 1.6380904701299064 -0.12864999999999996 333.50000000000006 0.84301077544398018 25.725000000000005 18.525000000000002 2.0025664458648453 0.2356302268647435
decision_type=2 2 2 2 2 2 2 2 2 2 2
left_child=2 4 10 -4 5 6 -2 8 -6 -3 -1
right_child=1 9 3 -5 7 -7 -8 -9 -10 -11 -12
leaf_value=-0.033206474793497746 0.024829870805513819 0 0.023820954003709201 -0.01653379992656601 7.58101553918952e-05 -0.02497775809206074 -0.0071132962316600374 -0.020247459065142234 0.0076404805359058291 -0.033203477676002305 -0.0020059004684833941
leaf_weight=3.4612000267952663 2.5678642466664341 2.4584023524075738 2.7313799038529396 2.8156960150226951 85.405558880418539 5.0770214460790148 10.478480910882352 3.7023023758083573 54.952345609664917 2.7511510923504829 2.5624548587948084
leaf_count=27 18 23 17 25 579 39 78 32 360 19 19
internal_value=8.57472e-06 0.000668041 -0.00919881 0.00287558 0.00128667 -0.00759001 -0.000456792 0.0024287 0.00306219 -0.0176877 -0.0206732
internal_weight=178.964 167.393 11.5707 5.54708 162.184 18.1234 13.0463 144.06 140.358 5.20955 6.02365
internal_count=1236 1148 88 42 1106 135 96 971 939 42 46
is_linear=0
shrinkage=0.03


end of trees

feature_importances:
邀请日=160
市场波动率_120d=104
市场波动率比值=64
波动率_60d=61
波动率_250d=59
行业年化收益_60d=57
盈利能力_delta_1y=55
行业胜率_120d=54
个股PB=53
净资产增长=50
同行市值_均值=49
同行PE_中位=48
现金利息负债比=47
price_vs_MA20=45
price_vs_MA250=42
同行PS_中位=39
总分_delta_1y=39
年化收益_20d=38
同行公司数=38
price_vs_MA120=37
资本支出_T4=36
利息资本化率=35
盈利能力_T=34
行业波动率_250d=34
毛利率=34
最新交易日=33
净利增长=33
数据天数=32
营收_YoY=32
研发费用率=31
盈利能力_delta_2y=31
成长能力_delta_1y=31
成长能力_delta_2y=31
MA120=30
价格标准差=30
行业年化收益_20d=30
FCF_加速=30
capex_intensity=30
PB_vs_同行均值=29
总资产周转率=28
行业PB_120d增长=28
总分_T-4=27
区间收益_60d=27
年化收益_250d=27
行业PB=27
净利润=27
行业波动率_20d=27
市场距离MA250=27
成长能力_T-1=26
年化收益_120d=26
个股PE=26
行业波动率_120d=26
净利率=26
总分_T-3=25
capex_to_dep=25
总分_delta_2y=25
vol_ratio_60_250=25
FCF_T3=24
速动比率=24
应收账款周转率=24
营收_T=23
营收_3年斜率=23
资产负债率=23
总分_T-2=22
盈利能力_T-4=22
成长能力_T-2=22
胜率_120d=22
行业年化收益_250d=22
同行PE_均值=22
FCF_T2=22
营收_CAGR2=22
市场胜率_120d=22
同行PB_均值=21
已获利息倍数=21
资本支出_CAGR2=21
return_acceleration=21
行业PB_250d增长=21
波动率_20d=20
胜率_250d=20
个股PS=20
行业PE=20
同行市值_中位=20
现金流动负债比=20
盈利能力_T-3=19
行业区间收益_60d=19
ROA=19
NOPAT_CAGR2=19
PE_vs_同行均值=19
price_vs_MA60=19
盈利能力_T-1=18
年化收益_60d=18
行业区间收益_20d=18
行业波动率_60d=18
行业年化收益_120d=18
FCF_T1=18
总资产净利率=18
ROE=18
MA60=17
波动率=17
NOPAT_加速=17
成长能力_T=16
当前价=16
同行PB_中位=16
FCF_T4=16
FCF_YoY=16
总分_delta_4y=16
PE_vs_同行中位=16
市场年化收益_120d=16
成长能力_T-4=15
MA30=15
营业利润_T4=15
流动比率=15
存货周转率=15
总营收增长=15
PB_vs_行业=15
漂移率=14
报价日价格=14
同行PS_均值=14
营收_T1=14
净利润_fcf_T1=14
资本支出_T3=14
营收_加速=14
资本支出_YoY=14
总分_T-1=13
行业胜率_250d=13
行业MA250=13
流动资产周转率=13
NOPAT_YoY=13
盈利能力_斜率=12
MA20=12
行业级别=12
营业利润_T=12
资本支出_T2=12
净利润_fcf_T4=12
FCF_3年斜率=12
vol_ratio_20_60=12
中位价=11
行业胜率_60d=11
FCF_T=11
净利润_fcf_T3=11
FCF_conversion=11
盈利能力_T-2=10
MA250=10
行业MA120=10
利润增长=10
扣非净利增长=10
净利润_fcf_加速=10
盈利能力_delta_4y=10
PS_vs_同行均值=10
区间收益_120d=9
折旧_T2=9
产权比率=9
营收增长=9
成长能力_delta_4y=9
成长能力_T-3=8
蒙特卡洛_通过=8
区间收益_20d=8
胜率_60d=8
波动率_120d=8
行业总天数=8
同行PE_标准差=8
折旧_T=8
折旧_T4=8
PB_vs_同行中位=8
总分_斜率=7
成长能力_斜率=7
行业区间收益_120d=7
营业利润_T2=7
净利润_fcf_T2=7
PE_vs_行业=7
总分_T=6
区间收益_250d=6
均价_all=6
报价日MA20=6
行业MA60=6
行业波动率_总=6
折旧_T1=6
营收_T4=6
NOPAT_T4=6
ROE摊薄=6
ROE增长=6
资本支出_加速=6
营业利润_T1=5
折旧_T3=5
NOPAT_3年斜率=5
FCF_CAGR2=5
FCF_margin=5
胜率_20d=4
行业胜率_20d=4
行业区间收益_250d=4
行业漂移率=4
资本支出_T1=4
营收_T2=4
NOPAT_T2=4
NOPAT_margin=4
行业PB_60d增长=4
锁定价当前价=3
FCF年份_T=3
营收_T3=3
营业利润_T3=3
营收增长2=3
营业利润_YoY=3
营业利润_CAGR2=3
净利润_fcf_YoY=3
个股PE_通过=2
修正PE估值_通过=2
子场景通过数=2
溢价率上限=2
step1通过=2
净利润_fcf_T=2
NOPAT_T=2
资本支出_T=2
NOPAT_T3=2
净利润_fcf_CAGR2=2
行业PE_250d增长=2
step3通过=1
FCF年份_T3=1
营业利润_加速=1
行业PE_60d增长=1

parameters:
[boosting: gbdt]
[objective: binary]
[metric: binary_logloss]
[tree_learner: serial]
[device_type: cpu]
[data_sample_strategy: bagging]
[data: ]
[valid: ]
[num_iterations: 300]
[learning_rate: 0.03]
[num_leaves: 31]
[num_threads: 4]
[seed: 42]
[deterministic: 0]
[force_col_wise: 0]
[force_row_wise: 0]
[histogram_pool_size: -1]
[max_depth: 5]
[min_data_in_leaf: 20]
[min_sum_hessian_in_leaf: 0.001]
[bagging_fraction: 0.8]
[pos_bagging_fraction: 1]
[neg_bagging_fraction: 1]
[bagging_freq: 0]
[bagging_seed: 400]
[bagging_by_query: 0]
[feature_fraction: 0.8]
[feature_fraction_bynode: 1]
[feature_fraction_seed: 30056]
[extra_trees: 0]
[extra_seed: 12879]
[early_stopping_round: 0]
[early_stopping_min_delta: 0]
[first_metric_only: 0]
[max_delta_step: 0]
[lambda_l1: 0.1]
[lambda_l2: 0.1]
[linear_lambda: 0]
[min_gain_to_split: 0]
[drop_rate: 0.1]
[max_drop: 50]
[skip_drop: 0.5]
[xgboost_dart_mode: 0]
[uniform_drop: 0]
[drop_seed: 17869]
[top_rate: 0.2]
[other_rate: 0.1]
[min_data_per_group: 100]
[max_cat_threshold: 32]
[cat_l2: 10]
[cat_smooth: 10]
[max_cat_to_onehot: 4]
[top_k: 20]
[monotone_constraints: ]
[monotone_constraints_method: basic]
[monotone_penalty: 0]
[feature_contri: ]
[forcedsplits_filename: ]
[refit_decay_rate: 0.9]
[cegb_tradeoff: 1]
[cegb_penalty_split: 0]
[cegb_penalty_feature_lazy: ]
[cegb_penalty_feature_coupled: ]
[path_smooth: 0]
[interaction_constraints: ]
[verbosity: -1]
[saved_feature_importance_type: 0]
[use_quantized_grad: 0]
[num_grad_quant_bins: 4]
[quant_train_renew_leaf: 0]
[stochastic_rounding: 1]
[linear_tree: 0]
[max_bin: 255]
[max_bin_by_feature: ]
[min_data_in_bin: 3]
[bin_construct_sample_cnt: 200000]
[data_random_seed: 175]
[is_enable_sparse: 1]
[enable_bundle: 1]
[use_missing: 1]
[zero_as_missing: 0]
[feature_pre_filter: 1]
[pre_partition: 0]
[two_round: 0]
[header: 0]
[label_column: ]
[weight_column: ]
[group_column: ]
[ignore_column: ]
[categorical_feature: ]
[forcedbins_filename: ]
[precise_float_parser: 0]
[parser_config_file: ]
[objective_seed: 16083]
[num_class: 1]
[is_unbalance: 1]
[scale_pos_weight: 1]
[sigmoid: 1]
[boost_from_average: 1]
[reg_sqrt: 0]
[alpha: 0.9]
[fair_c: 1]
[poisson_max_delta_step: 0.7]
[tweedie_variance_power: 1.5]
[lambdarank_truncation_level: 30]
[lambdarank_norm: 1]
[label_gain: ]
[lambdarank_position_bias_regularization: 0]
[eval_at: ]
[multi_error_top_k: 1]
[auc_mu_weights: ]
[num_machines: 1]
[local_listen_port: 12400]
[time_out: 120]
[machine_list_filename: ]
[machines: ]
[gpu_platform_id: -1]
[gpu_device_id: -1]
[gpu_use_dp: 0]
[num_gpu: 1]

end of parameters

pandas_categorical:[]
