tree
version=v4
num_class=1
num_tree_per_iteration=1
label_index=0
max_feature_idx=13
objective=regression
feature_names=总分_斜率 盈利能力_斜率 成长能力_斜率 市场指数 行业PE 个股PE DCF估值 修正PE估值 参数构造 蒙特卡洛 反向推算 子场景通过数 一级行业 定增建议参与
feature_infos=[-7.1900000000000004:5.7800000000000002] [-3.1400000000000001:3.4199999999999999] [-2.2599999999999998:1.8999999999999999] [0:1] [0:1] [0:1] [0:1] [0:1] none [0:1] none [0:8] -1:19:18:7:14:4:15:24:6:2:12:26:3:10:0:30:17:25:29:21:1:8:22:13:5:9:11:20:16:28:27 none
tree_sizes=1215 1924 1346 1654 2017 1250 1650 1691 1161 1246 2658 2155 2317 1977 1597 2005 1929 1236 1240 1949 2320 2322 1933 1836 1908 1918 1752 1958 1681 1930 1329 1744 1488 1420 1756 1501 1424 1492 1430 1841 1936 1427 1339 2022 1938 1423 1607 1515 1849 1504 1586 1427 1674 1582 1412 1693 1660 1586 1959 1418 1679 1755 1172 1585 1279 910 1337 1344 1588 1162 1787 1158 1698 1672 1672 1311 1764 1189 994 1254 1525 1339 1419 911 1246 1514 1801 1264 1847 1427 1094 1587 1420 1429 1776 1435 1697 1609 2116 1356 1347 1616 2367 1935 1072 1268 1353 2014 943 1351 1072 1431 1072 1093 1169 1353 1161 1094 1029 1619 1605 1321 1330 1598 1863 1403 1682 1500 1412 912 1353 947 1505 1189 1405 1601 1365 1267 1526 1503 1667 1262 1424 1100 1517 1511 1171 1071 1091 1099 1527 1110 1867 1250 1253 1434 1941 1655 1241 1329 1590 1096 1347 2057 1510 1515 1235 1593 1089 1325 1252 1515 1108 1966 1658 1406 1259 1436 1864 1689 1163 1967 1966 1336 1185 1102 1175 1520 1163 1164 1244 1691 1033 1945 1604 1974 1606 833 781 1335 1247 781 1618 1863 833 1018 1008 1835 1329 1443 1489 1025 1028 1446 827 1332 1330 1602 1332 834 1110 1026 938 937 1324 1648 756 780 1340 754 1176 780 910 1178 1419 1436 1089 1830 1192 1108 1439 1177 1100 910 1620 1077 756 911 911 911 1164 780 1268 1684 1529 987 1342 2026 1331 1775 1608 1342 1102 1077 910 1106 915 1332 917 1103 1767 1834 1164 1230 1090 911 1346 1172 1100 1079 1091 1442 902 1089 2028 942 1162 913 998 742 1020 1442 1012 1693 1951 1455 1115 911 1181 779

Tree=0
num_leaves=13
num_cat=0
split_feature=3 1 0 7 9 0 1 1 0 5 1 0
split_gain=25257.9 7778.33 6339.59 6133.06 7040.8 4278.31 2566.9 1910.63 1571.79 1372.85 690.19 475.056
threshold=1.0000000180025095e-35 1.7300000000000002 -3.8249999999999997 1.0000000180025095e-35 1.0000000180025095e-35 -2.1249999999999996 -0.83499999999999985 -1.8099999999999998 -3.4999999999999996 1.0000000180025095e-35 -0.18999999999999997 -0.52999999999999992
decision_type=2 2 2 2 2 2 2 2 2 2 2 2
left_child=6 2 7 5 -5 -4 8 -2 -1 10 -8 -11
right_child=1 -3 3 4 -6 -7 9 -9 -10 11 -12 -13
leaf_value=-7.2783014302396918 -6.4725642610638285 -6.4294130921663868 -7.2373904964982163 -6.9715210898111541 -6.7910843569684225 -6.9680807524925283 -7.2088052847422235 -6.837157614771086 -7.6388683090250327 -7.0152064876596762 -7.450650211465331 -7.2021097793783637
leaf_weight=21 38 32 72 362 420 199 24 20 27 27 23 23
leaf_count=21 38 32 72 362 420 199 24 20 27 27 23 23
internal_value=-6.93428 -6.88691 -6.90031 -6.91721 -6.87459 -7.04007 -7.30657 -6.59633 -7.48636 -7.21519 -7.33141 -7.10304
internal_weight=1288 1143 1111 1053 782 271 145 58 48 97 47 50
internal_count=1288 1143 1111 1053 782 271 145 58 48 97 47 50
is_linear=0
shrinkage=1


Tree=1
num_leaves=21
num_cat=3
split_feature=12 3 9 12 11 11 12 0 0 0 0 11 5 11 11 5 3 3 0 0
split_gain=29729.9 20824.4 10682.1 15820.3 9256.57 6608.72 5569.86 3802.56 3494.87 3344.7 3045.03 2823.16 2917.52 2604.35 2352.12 2298.22 1717.23 1698.97 1371.46 253.06
threshold=0 1.0000000180025095e-35 1.0000000180025095e-35 1 6.5000000000000009 6.5000000000000009 2 -2.7649999999999992 -2.0449999999999995 -2.1249999999999996 -3.8249999999999997 7.5000000000000009 1.0000000180025095e-35 6.5000000000000009 5.5000000000000009 1.0000000180025095e-35 1.0000000180025095e-35 1.0000000180025095e-35 -3.2749999999999995 -0.35499999999999993
decision_type=9 2 2 9 2 2 9 2 2 2 2 2 2 2 2 2 2 2 2 2
left_child=1 8 5 13 -5 10 7 18 -1 -9 -3 12 17 -4 -14 -10 -11 -8 -2 -7
right_child=6 2 3 4 -6 19 11 9 15 16 -12 -13 14 -15 -16 -17 -18 -19 -20 -21
leaf_value=-0.665645042746566 -0.14051189190370064 0.47661862984498338 -0.076189706273435603 0.73162674053165966 0.25416335248106564 -0.17849053741082913 -0.25089296150207518 -0.57093951182801961 -0.42436337147398684 -0.49749946072896317 0.10680689210403621 0.22261144307104208 -0.35594610770364821 0.20799755542022044 -0.10664293458708951 0.012096974068499626 -0.21469984371417036 0.03192074035587518 0.15166257440249126 -0.33527328327496847
leaf_weight=21 40 22 63 102 58 20 21 35 20 22 190 29 44 53 149 23 160 172 22 22
leaf_count=21 40 22 63 102 58 20 21 35 20 22 190 29 44 53 149 23 160 172 22 22
internal_value=-1.38025e-05 0.154328 0.218701 0.347751 0.527057 0.0780547 -0.132452 -0.235598 -0.352349 -0.303115 0.146229 -0.0589978 -0.0819498 0.0496982 -0.164267 -0.193383 -0.25017 0.000563974 -0.0364052 -0.263664
internal_weight=1288 594 530 276 160 254 694 279 64 217 212 415 386 116 193 43 182 193 62 42
internal_count=1288 594 530 276 160 254 694 279 64 217 212 415 386 116 193 43 182 193 62 42
cat_boundaries=0 1 2 3
cat_threshold=284365 17421 88115490
is_linear=0
shrinkage=0.03


Tree=2
num_leaves=14
num_cat=2
split_feature=12 3 1 12 9 3 0 1 1 0 1 5 9
split_gain=28021.5 17847.4 13068 11087.4 7947.8 4625.27 3772.02 3654.59 2813.46 2172.7 2120.79 1675.03 1568.9
threshold=0 1.0000000180025095e-35 1.7300000000000002 1 1.0000000180025095e-35 1.0000000180025095e-35 -2.2349999999999999 0.66500000000000015 0.38000000000000006 -2.7949999999999995 -1.4199999999999997 1.0000000180025095e-35 1.0000000180025095e-35
decision_type=9 2 2 9 2 2 2 2 2 2 2 2 2
left_child=5 6 3 10 -5 12 -2 8 9 -7 -3 -8 -1
right_child=1 2 -4 4 -6 7 11 -9 -10 -11 -12 -13 -14
leaf_value=-0.28562977038096571 -0.60165870208249372 -0.23061568033218383 0.8223310393024893 0.086922901468081321 0.34582782709408721 0.0032053978854803731 -0.33135158689686506 -0.42759501868712746 0.16348233802695022 -0.18511498043142682 0.011882470778796984 -0.026694746339824837 -0.61484286495424667
leaf_weight=29 25 37 25 196 235 69 30 39 28 273 241 35 26
leaf_count=29 25 37 25 196 235 69 30 39 28 273 241 35 26
internal_value=-3.24043e-05 0.104631 0.154826 0.130722 0.223162 -0.184108 -0.291737 -0.152952 -0.123457 -0.147163 -0.020019 -0.168807 -0.445449
internal_weight=1288 824 734 709 431 464 90 409 370 342 278 65 55
internal_count=1288 824 734 709 431 464 90 409 370 342 278 65 55
cat_boundaries=0 1 2
cat_threshold=660769074 1074290688
is_linear=0
shrinkage=0.03


Tree=3
num_leaves=18
num_cat=2
split_feature=12 3 1 12 0 0 0 2 0 0 3 0 0 0 2 0 2
split_gain=25703.1 17398.5 8979.76 6235.62 4823.08 4306.07 3877.01 4199.29 3495.83 3406.02 2901.16 2381.46 2401.71 2146.36 1756.04 1320.86 1157.26
threshold=0 1.0000000180025095e-35 1.7300000000000002 1 -3.8249999999999997 -2.0649999999999995 -2.7949999999999995 -0.94499999999999984 -2.0449999999999995 -2.1249999999999996 1.0000000180025095e-35 -2.9649999999999994 -3.4499999999999997 -0.83499999999999985 -0.105 -1.6649999999999998 -0.20499999999999999
decision_type=9 2 2 9 2 2 2 2 2 2 2 2 2 2 2 2 2
left_child=1 8 4 6 -3 -6 7 -2 -1 -8 16 12 -12 -11 -10 -13 -5
right_child=3 2 -4 10 5 -7 9 -9 14 13 11 15 -14 -15 -16 -17 -18
leaf_value=-0.64619073109510461 -0.29340776659313 0.56381673332264548 0.8123386571629102 -0.37097615688208668 -0.018769132611639209 0.20840895520459971 -0.53566184027989705 0.19255380791466531 0.037745250934507785 -0.11812450023882649 -0.023576456896464027 -0.14572113154245458 0.42165305646907447 -0.31910462805696205 -0.35639685634287394 -0.0062391436628719205 -0.079051658932552768
leaf_weight=20 28 28 21 30 95 356 40 36 20 86 22 80 21 110 20 254 21
leaf_count=20 28 28 21 30 95 356 40 36 20 86 22 80 21 110 20 254 21
internal_value=-4.6285e-05 0.151201 0.211873 -0.116889 0.184722 0.160581 -0.220654 -0.0206342 -0.32693 -0.284056 -0.0406083 -0.0126791 0.19614 -0.23146 -0.161219 -0.0398249 -0.252765
internal_weight=1288 560 500 728 479 451 300 64 60 236 428 377 43 196 40 334 51
internal_count=1288 560 500 728 479 451 300 64 60 236 428 377 43 196 40 334 51
cat_boundaries=0 1 2
cat_threshold=283341 90212642
is_linear=0
shrinkage=0.03


Tree=4
num_leaves=22
num_cat=2
split_feature=12 3 9 2 11 7 11 3 12 1 0 0 2 7 2 0 2 9 0 1 0
split_gain=24847.8 17535.8 9528.59 15107.8 10019.2 7559.59 6330.31 4757.93 3606.82 3253.07 2945.03 2914.57 3051.89 2237.31 3290.86 2297.63 2093.95 1154.7 869.186 379.921 270.013
threshold=0 1.0000000180025095e-35 1.0000000180025095e-35 0.21500000000000002 6.5000000000000009 1.0000000180025095e-35 6.5000000000000009 1.0000000180025095e-35 1 -0.66499999999999992 -2.0449999999999995 -0.66499999999999992 -0.60499999999999987 1.0000000180025095e-35 -0.48499999999999993 -2.9649999999999994 -0.084999999999999978 1.0000000180025095e-35 -0.084999999999999978 -0.41499999999999992 -0.35499999999999993
decision_type=9 2 2 2 2 2 2 2 9 2 2 2 2 2 2 2 2 2 2 2 2
left_child=1 10 6 5 -5 -4 9 17 11 -3 -1 12 -9 14 -10 -15 -12 19 -13 -2 -8
right_child=7 2 3 4 -6 -7 20 8 13 -11 16 18 -14 15 -16 -17 -18 -19 -20 -21 -22
leaf_value=-0.61151582931917758 -0.32122283923869227 0.28139989328167653 -0.20720092732938999 0.9570551924705506 0.24833295256717772 0.27059636648873431 -0.17942189109616163 -0.26224402501366351 -0.31617809844017031 0.040326872973606501 0.027072895558675127 -0.50226960605733528 0.086873789195554801 0.2118339299449214 -0.028176877850696849 -0.031376880778141915 -0.38854629647454547 -0.47203679759346917 -0.28082280998140852 -0.14528722458570562 -0.34094463804562886
leaf_weight=21 24 82 36 46 30 164 20 49 58 130 22 25 41 40 92 255 21 34 53 23 22
leaf_count=21 24 82 36 46 30 164 20 49 58 130 22 25 41 40 92 255 21 34 53 23 22
internal_value=-5.31242e-05 0.141049 0.200112 0.321991 0.680787 0.184276 0.0672917 -0.121129 -0.0941435 0.134029 -0.32391 -0.208463 -0.103567 -0.0451005 -0.140238 0.00189334 -0.177968 -0.338349 -0.354585 -0.237625 -0.267115
internal_weight=1288 594 530 276 76 200 254 694 613 212 64 168 90 445 150 295 43 81 78 47 42
internal_count=1288 594 530 276 76 200 254 694 613 212 64 168 90 445 150 295 43 81 78 47 42
cat_boundaries=0 1 2
cat_threshold=284365 604012834
is_linear=0
shrinkage=0.03


Tree=5
num_leaves=13
num_cat=0
split_feature=3 1 1 7 9 1 1 11 9 2 11 1
split_gain=19043.2 6287.05 5324.55 4095.81 5890.35 2694.77 2090.06 2060.8 1213.22 1668.26 176.753 159.044
threshold=1.0000000180025095e-35 1.7300000000000002 -2.0799999999999996 1.0000000180025095e-35 1.0000000180025095e-35 -0.30999999999999994 -0.83499999999999985 4.5000000000000009 1.0000000180025095e-35 -0.13499999999999998 4.5000000000000009 -0.18999999999999997
decision_type=2 2 2 2 2 2 2 2 2 2 2 2
left_child=6 2 7 5 -5 -4 10 -2 9 -8 -1 -10
right_child=1 -3 3 4 -6 -7 8 -9 11 -11 -12 -13
leaf_value=-0.41375552239634772 0.11358936789830526 0.45236069097879983 -0.18348043780080203 -0.039212298333397545 0.12558443602593122 0.003792714040966357 0.010427820100622662 0.50662313372872092 -0.28761686869365416 -0.31544811363003467 -0.56570205192787693 -0.42940829156997584
leaf_weight=27 22 32 130 361 424 147 29 27 20 27 21 21
leaf_count=27 22 32 130 361 424 147 29 27 20 27 21 21
internal_value=-7.47401e-05 0.0410548 0.0290072 0.0148212 0.0498184 -0.0842586 -0.323337 0.333149 -0.241012 -0.148039 -0.485441 -0.364613
internal_weight=1288 1143 1111 1062 785 277 145 49 97 56 48 41
internal_count=1288 1143 1111 1062 785 277 145 49 97 56 48 41
is_linear=0
shrinkage=0.03


Tree=6
num_leaves=18
num_cat=4
split_feature=12 1 0 0 12 12 0 2 2 9 5 0 0 0 12 0 0
split_gain=23239.8 9838.77 4603.36 6819.9 4514.72 4287.75 3015.91 3054.18 4291.59 2120.56 1347.33 2727.23 2519.69 2456.63 1970.58 1078.48 614.321
threshold=0 1.7300000000000002 1.7450000000000003 1.2850000000000004 1 2 -0.68999999999999984 -0.60499999999999987 -0.16499999999999998 1.0000000180025095e-35 1.0000000180025095e-35 -2.7949999999999995 -1.8499999999999999 0.85500000000000009 3 -0.084999999999999978 0.56000000000000016
decision_type=9 2 2 2 9 9 2 2 2 2 2 2 2 2 9 2 2
left_child=1 2 3 4 -1 6 7 9 -9 -2 13 -12 -13 14 -7 -8 -17
right_child=5 -3 -4 -5 -6 10 15 8 -10 -11 11 12 -14 -15 -16 16 -18
leaf_value=0.25766060408300184 -0.14397843374971483 0.768977886665699 -0.24407126323512346 0.67203813213255348 0.055909286859336868 0.042792008403642674 -0.55160390092558775 0.27863704193763011 -0.27824228467332557 -0.5329070228656132 0.16333015448830343 -0.37512349978979526 -0.10919963492464357 0.29163920109446456 -0.12496744952724727 -0.17787143768915317 -0.41452856241861974
leaf_weight=134 30 21 30 20 389 111 29 26 23 22 27 38 198 20 128 20 22
leaf_count=134 30 21 30 20 389 111 29 26 23 22 27 38 198 20 128 20 22
internal_value=-8.43978e-05 0.136376 0.114914 0.13496 0.113793 -0.117177 -0.245447 -0.153099 0.0170139 -0.31209 -0.0708995 -0.120026 -0.152733 -0.0235998 -0.050546 -0.409113 -0.305324
internal_weight=1288 594 573 543 523 694 172 101 49 52 522 263 236 259 239 71 42
internal_count=1288 594 573 543 523 694 172 101 49 52 522 263 236 259 239 71 42
cat_boundaries=0 1 2 3 4
cat_threshold=284365 4224 67143938 524304
is_linear=0
shrinkage=0.03


Tree=7
num_leaves=18
num_cat=2
split_feature=12 3 1 1 1 3 12 2 1 2 7 2 5 5 2 1 2
split_gain=21914.4 15712.3 7738.26 4121.19 7138.16 4099.28 3218.12 2558.93 2136.24 2041.02 1993.7 3032.99 1979.29 1891.15 839.656 639.415 766.752
threshold=0 1.0000000180025095e-35 1.7300000000000002 0.62000000000000011 0.48500000000000004 1.0000000180025095e-35 1 0.065000000000000016 -0.084999999999999978 -0.60499999999999987 1.0000000180025095e-35 -0.48499999999999993 1.0000000180025095e-35 1.0000000180025095e-35 -0.054999999999999993 -0.54499999999999993 -0.25499999999999995
decision_type=9 2 2 2 2 2 9 2 2 2 2 2 2 2 2 2 2
left_child=1 12 3 4 -3 15 8 -5 9 -7 11 -8 -1 -12 -10 -2 -17
right_child=5 2 -4 7 -6 6 10 -9 14 -11 13 -13 -14 -15 -16 16 -18
leaf_value=-0.45820604069467996 -0.41104099079680767 0.16992089115533596 0.74644502099724697 -0.30085558872320217 0.73115504817075494 -0.28225583004689481 -0.30110257787276534 0.085903256014168983 -0.18803843129553446 -0.019218528115472127 0.082841256653627751 -0.024630742702613007 -0.12117050282429839 -0.069130623733997337 -0.43448385590541205 -0.36594254057282621 -0.11539828415306247
leaf_weight=35 36 423 21 24 21 45 58 41 20 64 138 92 29 157 39 21 24
leaf_count=35 36 423 21 24 21 45 58 41 20 64 138 92 29 157 39 21 24
internal_value=-3.29687e-05 0.132478 0.188369 0.164629 0.197265 -0.113738 -0.0887067 -0.0580607 -0.196684 -0.128632 -0.0423939 -0.132198 -0.307657 0.00197103 -0.353276 -0.315387 -0.235121
internal_weight=1288 594 530 509 444 694 613 65 168 109 445 150 64 295 59 81 45
internal_count=1288 594 530 509 444 694 613 65 168 109 445 150 64 295 59 81 45
cat_boundaries=0 1 2
cat_threshold=284365 604012834
is_linear=0
shrinkage=0.03


Tree=8
num_leaves=12
num_cat=0
split_feature=3 1 0 7 9 0 0 1 0 9 0
split_gain=16816.9 5195.4 5149.43 4751.17 5167.45 3753.18 1975.1 1478.23 1270.4 1047.5 627.133
threshold=1.0000000180025095e-35 1.7300000000000002 -3.8249999999999997 1.0000000180025095e-35 1.0000000180025095e-35 -2.1249999999999996 -1.8499999999999999 -1.8099999999999998 -3.4999999999999996 1.0000000180025095e-35 -0.52999999999999992
decision_type=2 2 2 2 2 2 2 2 2 2 2
left_child=6 2 7 5 -5 -4 8 -2 -1 10 -8
right_child=1 -3 3 4 -6 -7 9 -9 -10 -11 -12
leaf_value=-0.26906073970794675 0.4104948793014922 0.41250136717833003 -0.28052656463954984 -0.033105096734669701 0.12147278135938751 -0.028297344257620941 -0.023257714559447088 0.089622006741965674 -0.57942335131129274 -0.33440963808695467 -0.22940272368517789
leaf_weight=22 38 32 72 362 420 199 26 20 30 40 27
leaf_count=22 38 32 72 362 420 199 26 20 30 40 27
internal_value=-4.73141e-05 0.0386032 0.0276505 0.0124217 0.049937 -0.0957145 -0.303827 0.301612 -0.451986 -0.218979 -0.129494
internal_weight=1288 1143 1111 1053 782 271 145 58 52 93 53
internal_count=1288 1143 1111 1053 782 271 145 58 52 93 53
is_linear=0
shrinkage=0.03


Tree=9
num_leaves=13
num_cat=0
split_feature=3 1 0 7 9 0 1 0 1 5 2 1
split_gain=15838.3 4893.23 4849.7 4471.58 4862.43 3532.96 1900.85 1543.4 1391.64 1128.94 1123.25 625.438
threshold=1.0000000180025095e-35 1.7300000000000002 -3.8249999999999997 1.0000000180025095e-35 1.0000000180025095e-35 -2.1249999999999996 -0.83499999999999985 -3.4999999999999996 -1.8099999999999998 1.0000000180025095e-35 -0.13499999999999998 -0.18999999999999997
decision_type=2 2 2 2 2 2 2 2 2 2 2 2
left_child=6 2 8 5 -5 -4 7 -1 -2 11 -11 -8
right_child=1 -3 3 4 -6 -7 9 -9 -10 10 -12 -13
leaf_value=-0.2473498001542202 0.39833996560976098 0.40031670759641202 -0.27216880675595378 -0.032113312779310448 0.11783293303019865 -0.027450551290597234 -0.20724445635445263 -0.59894688673886387 0.086998931931286327 0.03251371347660921 -0.25010670413273689 -0.43385839826756334
leaf_weight=21 38 32 72 362 420 199 24 27 20 24 26 23
leaf_count=21 38 32 72 362 420 199 24 27 20 24 26 23
internal_value=-5.47571e-05 0.0374542 0.0268247 0.0120456 0.0484405 -0.0928605 -0.294862 -0.449321 0.292693 -0.216486 -0.115411 -0.321603
internal_weight=1288 1143 1111 1053 782 271 145 48 58 97 50 47
internal_count=1288 1143 1111 1053 782 271 145 48 58 97 50 47
is_linear=0
shrinkage=0.03


Tree=10
num_leaves=30
num_cat=5
split_feature=12 9 12 2 12 2 6 2 2 2 2 2 12 0 2 2 2 9 7 2 0 12 2 9 11 11 0 0 11
split_gain=20329.2 8696.07 15385.5 9456.48 6561.15 7352.42 6809.8 5909.13 14429.6 10298.4 4555.2 5783.87 3868.3 2854.85 2792.78 4027.47 2660.87 2044.75 1640.27 2484.99 2258.11 1779.27 3504.3 1710.97 1629.19 1354.64 1023.01 587.875 465.316
threshold=0 1.0000000180025095e-35 1 0.68000000000000005 2 -0.40499999999999997 1.0000000180025095e-35 0.21500000000000002 0.75500000000000012 -0.34499999999999992 -0.30499999999999994 0.20500000000000004 3 -0.68999999999999984 -0.60499999999999987 -0.16499999999999998 -0.56499999999999984 1.0000000180025095e-35 1.0000000180025095e-35 -0.48499999999999993 -0.89499999999999991 4 -0.49499999999999994 1.0000000180025095e-35 5.5000000000000009 5.5000000000000009 -0.084999999999999978 0.56000000000000016 4.5000000000000009
decision_type=9 2 9 2 9 2 2 2 2 2 2 2 9 2 2 2 2 2 2 2 2 9 2 2 2 2 2 2 2
left_child=1 4 7 24 5 6 -1 9 -9 -3 16 -12 13 14 17 -16 -6 -2 19 23 -21 25 -23 -14 -4 -20 -15 -28 -7
right_child=12 2 3 -5 10 28 -8 8 -10 -11 11 -13 18 26 15 -17 -18 -19 21 20 -22 22 -24 -25 -26 -27 27 -29 -30
leaf_value=0.4230802950546389 -0.12834794226630789 0.62383248795841051 -0.24728653225691419 0.62184664828602865 0.10845215122803398 -0.45353250053950711 -0.17719781563189121 1.3278072343926095 0.21581297556189602 0.021292895747769262 0.55910832353234741 0.0066789680254661426 -0.18268323861999608 -0.52868441264912225 0.27492570245490883 -0.26454987534056318 -0.27636349188486736 -0.50985544823805484 0.0055581639555736355 0.18381666433160956 -0.13434274456480003 0.25061591531208582 -0.071300245323417513 -0.51396217925374099 -0.0090123888228250577 -0.14236345876193843 -0.16493518526088899 -0.39588443775176996 -0.28376306858109035
leaf_weight=30 30 57 34 20 57 24 38 21 21 46 41 29 48 29 26 23 22 22 95 27 74 52 72 20 103 134 20 22 51
leaf_count=30 30 57 34 20 57 24 38 21 21 46 41 29 48 29 26 23 22 22 95 27 74 52 72 20 103 134 20 22 51
internal_value=-6.52837e-05 0.127564 0.24244 0.0195683 0.0128934 -0.12799 0.0887421 0.450529 0.780961 0.356169 0.146839 0.331958 -0.109581 -0.231312 -0.141091 0.0215275 0.000186417 -0.293131 -0.0656938 -0.143675 -0.0487741 -0.0300594 0.0593685 -0.283202 -0.0688521 -0.0777206 -0.390081 -0.289213 -0.340773
internal_weight=1288 594 302 157 292 143 68 145 42 103 149 70 694 172 101 49 79 52 522 169 101 353 124 68 137 229 71 42 75
internal_count=1288 594 302 157 292 143 68 145 42 103 149 70 694 172 101 49 79 52 522 169 101 353 124 68 137 229 71 42 75
cat_boundaries=0 1 2 3 4 5
cat_threshold=284365 266368 266368 67143938 591921152
is_linear=0
shrinkage=0.03


Tree=11
num_leaves=24
num_cat=4
split_feature=12 3 9 12 2 12 2 1 12 0 2 2 0 0 9 5 3 0 0 0 2 0 0
split_gain=19146.3 13386 7700.03 13796.8 10142 4904.61 7261 3899.4 3645.54 2689.13 2630.95 3794.15 2621.88 2520.27 1926.74 1918.24 1799.5 1661.38 2619.37 2254.77 1027.58 962.992 553.778
threshold=0 1.0000000180025095e-35 1.0000000180025095e-35 1 0.21500000000000002 2 -0.40499999999999997 0.57500000000000007 3 -0.68999999999999984 -0.60499999999999987 -0.16499999999999998 -2.0449999999999995 -1.8049999999999999 1.0000000180025095e-35 1.0000000180025095e-35 1.0000000180025095e-35 -2.7649999999999992 -2.1249999999999996 -3.1749999999999994 -0.20499999999999999 -0.084999999999999978 0.56000000000000016
decision_type=9 2 2 9 2 9 2 2 9 2 2 2 2 2 2 2 2 2 2 2 2 2 2
left_child=1 12 5 7 -5 6 -3 -4 9 10 14 -12 -1 -7 -2 -14 20 19 -19 -18 -10 -11 -23
right_child=8 2 3 4 -6 13 -8 -9 16 21 11 -13 15 -15 -16 -17 17 18 -20 -21 -22 22 -24
leaf_value=-0.55358391227278592 -0.12456062631919736 0.16520163772624469 -0.072188639999073462 0.31674935824029588 0.83322970462553569 0.026733850833281728 -0.29212330308447787 0.36010089263510192 -0.32342299372713329 -0.51309270000457763 0.26683354263485604 -0.25678223158958113 -0.3561778049120089 0.29795545941097717 -0.49489968895117431 0.042007841333429857 -0.070191522658423142 -0.26332610647831489 -0.039044541582928756 0.25756693670783243 -0.056893020534238142 -0.16010782247490998 -0.38427183631261186
leaf_weight=21 30 57 93 110 50 51 68 23 35 29 26 23 20 78 22 23 40 54 337 35 21 20 22
leaf_count=21 30 57 93 110 50 51 68 23 35 29 26 23 20 78 22 23 40 54 337 35 21 20 22
internal_value=-6.19185e-05 0.123798 0.175411 0.284972 0.452093 0.0560234 -0.0775524 0.0135157 -0.106343 -0.224516 -0.136952 0.020883 -0.282427 0.177558 -0.284521 -0.145091 -0.0637402 -0.0455111 -0.0703239 0.0834155 -0.224915 -0.378609 -0.280737
internal_weight=1288 594 530 276 160 254 125 116 694 172 101 49 64 129 52 43 522 466 391 75 56 71 42
internal_count=1288 594 530 276 160 254 125 116 694 172 101 49 64 129 52 43 522 466 391 75 56 71 42
cat_boundaries=0 1 2 3 4
cat_threshold=284365 17421 262336 67143938
is_linear=0
shrinkage=0.03


Tree=12
num_leaves=26
num_cat=4
split_feature=12 9 12 2 12 2 6 2 2 2 2 2 12 2 11 5 2 0 2 2 11 6 11 11 2
split_gain=18025.5 7710.02 13907.9 8714.83 5988.01 6663.32 6388.93 5172.05 13614.8 9718.51 4244.39 6116.72 3828.12 2188.25 1759.58 2037.12 2224.59 2130.72 1745.94 5217.34 1474.05 1126.51 643.75 422.537 27.5578
threshold=0 1.0000000180025095e-35 1 0.68000000000000005 2 -0.40499999999999997 1.0000000180025095e-35 0.21500000000000002 0.75500000000000012 -0.34499999999999992 -0.25499999999999995 0.20500000000000004 3 -1.2049999999999998 7.5000000000000009 1.0000000180025095e-35 -1.2449999999999999 1.0150000000000003 -0.15499999999999997 -0.62499999999999989 5.5000000000000009 1.0000000180025095e-35 5.5000000000000009 4.5000000000000009 0.14500000000000005
decision_type=9 2 9 2 9 2 2 2 2 2 2 2 9 2 2 2 2 2 2 2 2 2 2 2 2
left_child=1 4 7 20 5 6 -1 9 -9 -3 13 -12 18 -6 15 16 -14 -17 19 21 -4 -2 -20 -7 -24
right_child=12 2 3 -5 10 23 -8 8 -10 -11 11 -13 14 -15 -16 17 -18 -19 22 -21 -22 -23 24 -25 -26
leaf_value=0.40769279587855101 -0.4380128771561842 0.59810854746964959 -0.23808312946817148 0.59470576464257585 0.25199790422459867 -0.43252628762381412 -0.17373035748593219 1.2666919012735054 0.18728165790646575 0.012867719065758489 0.58107604109764099 0.00076036233417058389 -0.26346151686969554 -0.089113446613973829 0.16219454979212558 -0.10076088405946575 0.01797912557773142 -0.36715543908164611 -0.41890126114975973 0.12575667389133308 -0.011417887813263181 -0.18210705968416654 -0.2780338997579202 -0.27071213039611147 -0.20524528861600297
leaf_weight=30 32 57 34 20 23 24 38 21 21 46 37 29 28 60 30 197 223 31 41 39 103 32 20 51 21
leaf_count=30 32 57 34 20 23 24 38 21 21 46 37 29 28 60 30 197 223 31 41 39 103 32 20 51 21
internal_value=-7.6642e-05 0.120104 0.228271 0.0166558 0.0121293 -0.122447 0.0838396 0.426103 0.73561 0.338093 0.140103 0.328057 -0.1032 0.00631841 -0.0577653 -0.0729072 -0.0138661 -0.137718 -0.218375 -0.14673 -0.0683536 -0.31251 -0.333368 -0.325054 -0.243746
internal_weight=1288 594 302 157 292 143 68 145 42 103 149 66 694 83 509 479 251 228 185 103 137 64 82 75 41
internal_count=1288 594 302 157 292 143 68 145 42 103 149 66 694 83 509 479 251 228 185 103 137 64 82 75 41
cat_boundaries=0 1 2 3 4
cat_threshold=284365 266368 266368 71338242
is_linear=0
shrinkage=0.03


Tree=13
num_leaves=22
num_cat=4
split_feature=12 3 9 12 1 12 12 0 1 0 0 0 0 0 5 0 0 5 0 6 7
split_gain=16977.2 12506.2 6851.58 12392.4 5893.35 4639.25 4548.03 6132.68 3583.1 3543.23 3413.4 3372.24 2940.36 2448.79 2339.26 1790.88 3105.94 1762.51 1702.73 1596.34 1177.29
threshold=0 1.0000000180025095e-35 1.0000000180025095e-35 1 0.17000000000000001 2 3 -0.7649999999999999 0.57500000000000007 -2.7649999999999992 -2.1249999999999996 -3.1749999999999994 -0.54499999999999993 -2.0449999999999995 1.0000000180025095e-35 -0.25499999999999995 -1.325 1.0000000180025095e-35 -3.7149999999999994 1.0000000180025095e-35 1.0000000180025095e-35
decision_type=9 2 2 9 2 9 9 2 2 2 2 2 2 2 2 2 2 2 2 2 2
left_child=1 13 6 8 -5 15 7 -3 -4 11 20 18 -8 -1 -12 16 19 -15 -7 -2 -11
right_child=5 2 3 4 -6 9 12 -9 -10 10 14 -13 -14 17 -16 -17 -18 -19 -20 -21 -22
leaf_value=-0.53820711787911346 -0.54933171355724331 0.10468313456459279 -0.069649693083675468 0.31116072023804509 0.68964215035477938 0.11133855450739626 0.096282695333419308 -0.2940686478017529 0.344735888501431 -0.4933165763994542 0.012602886509879346 0.31421384713619566 0.42418036714318674 -0.34567125733887277 -0.12890358934232168 -0.527245446256837 -0.0098643436846525788 0.036073019940802385 -0.21125115063002237 -0.20509687359894022 -0.21032857472335587
leaf_weight=21 25 81 93 100 60 30 77 60 23 20 186 39 36 20 241 24 34 23 28 25 42
leaf_count=21 25 81 93 100 60 30 77 60 23 20 186 39 36 20 241 24 34 23 28 25 42
internal_value=-6.58235e-05 0.116568 0.166405 0.269754 0.428141 -0.100146 0.0537839 -0.0610989 0.0125379 -0.0637806 -0.0977216 0.100376 0.18581 -0.276124 -0.0673141 -0.274302 -0.231766 -0.143346 -0.0448176 -0.381008 -0.304879
internal_weight=1288 594 530 276 160 694 254 141 116 586 489 97 113 64 427 108 84 43 58 50 62
internal_count=1288 594 530 276 160 694 254 141 116 586 489 97 113 64 427 108 84 43 58 50 62
cat_boundaries=0 1 2 3 4
cat_threshold=284365 17421 71305506 266432
is_linear=0
shrinkage=0.03


Tree=14
num_leaves=17
num_cat=2
split_feature=12 3 1 1 1 12 3 2 2 2 1 11 1 1 5 9
split_gain=15983 11780.5 6456.47 4358.4 6331.97 4201.4 2431.19 2358.62 3813.87 2108.8 1799.27 2461.07 1964.65 1514.51 1477.77 1382.28
threshold=0 1.0000000180025095e-35 1.7300000000000002 0.62000000000000011 0.48500000000000004 1 1.0000000180025095e-35 -0.084999999999999978 -0.53499999999999992 -0.024999999999999998 -0.99999999999999989 6.5000000000000009 -0.53499999999999992 -0.89499999999999991 1.0000000180025095e-35 1.0000000180025095e-35
decision_type=9 2 2 2 2 9 2 2 2 2 2 2 2 2 2 2
left_child=1 14 3 4 -3 7 15 8 13 -5 11 -8 -12 -2 -1 -7
right_child=5 2 -4 9 -6 6 10 -9 -10 -11 12 -13 -14 -15 -16 -17
leaf_value=-0.39813847396071528 -0.52027182182973741 0.14762382446023622 0.67115644874129177 -0.32443608162999149 0.67611226279236547 -0.11221273337788396 0.00037792012575196051 -0.47411934654235832 0.063877219730348739 0.033630837177408147 -0.20015870779538583 0.36063504298140364 -0.035815320619194478 -0.17897494309289116 -0.10683047559705831 -0.39093716699198672
leaf_weight=35 24 423 21 22 21 38 102 37 33 43 83 20 305 24 29 28
leaf_count=35 24 423 21 22 21 38 102 37 33 43 83 20 305 24 29 28
internal_value=-7.71669e-05 0.11309 0.161459 0.139787 0.173359 -0.0971826 -0.0608491 -0.255052 -0.183947 -0.0890667 -0.0396084 0.0606919 -0.0711913 -0.35329 -0.268037 -0.232555
internal_weight=1288 594 530 509 444 694 576 118 81 65 510 122 388 48 64 66
internal_count=1288 594 530 509 444 694 576 118 81 65 510 122 388 48 64 66
cat_boundaries=0 1 2
cat_threshold=284365 73402626
is_linear=0
shrinkage=0.03


Tree=15
num_leaves=22
num_cat=2
split_feature=12 9 3 2 2 2 12 1 1 1 3 3 6 1 1 2 4 1 1 1 2
split_gain=15265.8 17831.5 8896.15 8077.92 13568.9 8800.38 5538.5 5085.17 11371.4 2511.83 1827 1733.86 2284 3599.05 2474.7 2013.31 1437.6 1450.15 1177.91 1122.28 686.068
threshold=0 1.0000000180025095e-35 1.0000000180025095e-35 0.21500000000000002 0.89500000000000013 -0.34499999999999992 1 -0.7599999999999999 -1.2999999999999998 -1.5849999999999997 1.0000000180025095e-35 1.0000000180025095e-35 1.0000000180025095e-35 0.66500000000000015 0.57500000000000007 -0.41499999999999992 1.0000000180025095e-35 0.15500000000000003 0.12500000000000003 0.60500000000000009 -0.65499999999999992
decision_type=9 2 2 2 2 2 9 2 2 2 2 2 2 2 2 2 2 2 2 2 2
left_child=1 7 -3 5 -5 -4 9 8 -1 20 -11 15 14 -14 -13 -8 18 -18 -9 -12 -2
right_child=6 2 3 4 -6 -7 11 16 -10 10 19 12 13 -15 -16 -17 17 -19 -20 -21 -22
leaf_value=-0.25578045038317071 -0.085966090434935041 -0.24649538908448329 0.48171271950371408 0.9802486762671635 0.077365676404313841 -0.0078329609563528007 -0.33350688283784047 -0.16495558670448932 0.55119684298588678 -0.44142875648799695 -0.16121497613162741 -0.090393823350831765 0.11265945428525699 -0.24647647110411994 0.17793673740642171 0.0068421725942975006 -0.11019033244619003 -0.38765937301635739 0.10753459532717441 -0.37405888237672691 0.15670173836863319
leaf_weight=30 20 21 73 43 23 60 31 36 32 28 206 241 212 28 35 31 32 37 23 25 21
leaf_count=30 20 21 73 43 23 60 31 36 32 28 206 241 212 28 35 31 32 37 23 25 21
internal_value=-8.41699e-05 0.148836 0.336015 0.397964 0.6686 0.26164 -0.0705651 -0.0603813 0.161753 -0.173299 -0.21355 -0.0150973 0.002709 0.0703225 -0.0560953 -0.164591 -0.168212 -0.26074 -0.0586692 -0.185021 0.0386454
internal_weight=1288 410 220 199 66 133 878 190 62 300 259 578 516 240 276 62 128 69 59 231 41
internal_count=1288 410 220 199 66 133 878 190 62 300 259 578 516 240 276 62 128 69 59 231 41
cat_boundaries=0 1 2
cat_threshold=266437 90212642
is_linear=0
shrinkage=0.03


Tree=16
num_leaves=21
num_cat=2
split_feature=12 9 3 6 1 12 0 1 1 1 3 1 0 1 0 1 1 1 0 1
split_gain=14371.4 16787.2 8378.18 6404.16 14447.2 5542.83 4944.7 4652.01 3975.98 10623.5 2668.84 1880.94 1567.83 2854.14 2229.58 2219.2 1719.34 1023.39 613.871 474.915
threshold=0 1.0000000180025095e-35 1.0000000180025095e-35 1.0000000180025095e-35 0.11000000000000001 1 -0.35499999999999993 -0.35499999999999993 -1.2999999999999998 -0.7599999999999999 1.0000000180025095e-35 -1.5849999999999997 -1.6849999999999998 -2.0799999999999996 -1.4649999999999996 -1.6349999999999998 -0.18999999999999997 0.74500000000000011 1.3400000000000003 0.25500000000000006
decision_type=9 2 2 2 2 9 2 2 2 2 2 2 2 2 2 2 2 2 2 2
left_child=1 6 -3 4 -4 10 8 -5 -1 -10 -2 -12 13 -7 -14 -15 -16 -13 19 -8
right_child=5 2 3 7 -6 12 18 -9 9 -11 11 17 14 15 16 -17 -18 -19 -20 -21
leaf_value=-0.24823282466950963 -0.402063001518008 -0.23927249379490698 0.2701451916727986 0.54971317476921888 0.97245990583756392 0.21529974729874554 -0.29797160140479478 0.054534814926348339 0.59700189263480052 -0.073782077583647868 0.060675677223205562 -0.14817091762249832 0.33021009384713523 -0.41832870853237986 0.11350076528245479 -0.083917945484562606 -0.034160303599184205 -0.36203535798390701 -0.39269696447800612 -0.089013796439984944
leaf_weight=30 39 21 71 23 42 25 20 63 31 65 37 226 20 20 99 143 247 22 24 20
leaf_count=30 39 21 71 23 42 25 20 63 31 65 37 226 20 20 99 143 247 22 24 20
internal_value=-8.48089e-05 0.144407 0.326022 0.386141 0.534343 -0.0684699 -0.0585908 0.189413 0.0505591 0.144765 -0.165368 -0.138113 -0.00977301 -0.0802537 0.0262154 -0.126122 0.0081837 -0.167845 -0.272252 -0.195956
internal_weight=1288 410 220 199 113 878 190 86 126 96 324 285 554 188 366 163 346 248 64 40
internal_count=1288 410 220 199 113 878 190 86 126 96 324 285 554 188 366 163 346 248 64 40
cat_boundaries=0 1 2
cat_threshold=266437 123767074
is_linear=0
shrinkage=0.03


Tree=17
num_leaves=13
num_cat=0
split_feature=3 1 1 1 0 0 0 2 2 2 0 5
split_gain=11572.9 4081.5 4604.65 5972.92 4186.99 1639.09 1218.85 1196.41 2900.13 1100.87 942.137 290.815
threshold=1.0000000180025095e-35 1.7300000000000002 0.63500000000000012 0.54500000000000015 -3.8249999999999997 -1.8499999999999999 -3.4999999999999996 0.90500000000000014 0.17500000000000002 -0.084999999999999978 -0.94499999999999984 1.0000000180025095e-35
decision_type=2 2 2 2 2 2 2 2 2 2 2 2
left_child=5 2 3 4 -2 6 -1 8 -4 10 -7 -11
right_child=1 -3 7 -5 -6 9 -8 -9 -10 11 -12 -13
leaf_value=-0.2098991146405538 0.27569485830649348 0.36338337638194745 -0.25458489467830298 0.44327558405949513 0.013792858988522345 -0.18587353201779452 -0.51093366203151769 -0.35263383630116774 0.077709239660992344 -0.36676411889529809 0.083153881334676966 -0.20517456774891549
leaf_weight=22 58 32 53 32 904 27 30 22 42 20 20 26
leaf_count=22 58 32 53 32 904 27 30 22 42 20 20 26
internal_value=-7.80512e-05 0.0319845 0.0222774 0.0432541 0.0297213 -0.252082 -0.386842 -0.155335 -0.108007 -0.175034 -0.0716604 -0.278684
internal_weight=1288 1143 1111 994 962 145 52 117 95 93 47 46
internal_count=1288 1143 1111 994 962 145 52 117 95 93 47 46
is_linear=0
shrinkage=0.03


Tree=18
num_leaves=13
num_cat=0
split_feature=3 1 1 1 0 1 0 5 0 9 0 1
split_gain=10901.1 3844.11 4336.06 5625.52 3941.72 1568.04 1462.89 1119.53 1212.3 1063.94 461.011 195.318
threshold=1.0000000180025095e-35 1.7300000000000002 0.63500000000000012 0.54500000000000015 -3.8249999999999997 -0.83499999999999985 -3.4999999999999996 1.0000000180025095e-35 1.6450000000000002 1.0000000180025095e-35 -0.52999999999999992 -0.18999999999999997
decision_type=2 2 2 2 2 2 2 2 2 2 2 2
left_child=5 2 3 4 -2 6 -1 -4 -9 10 -7 -11
right_child=1 -3 7 -5 -6 9 -8 8 -10 11 -12 -13
leaf_value=-0.1901235150999801 0.2674947035740583 0.35264957947364217 -0.30753821238533391 0.43018189949622515 0.013379303317228221 -0.0037408533581232617 -0.52979185232682657 -0.013333493639075236 -0.2478591652229184 -0.21165535162716378 -0.17536443656574596 -0.35604593977540039
leaf_weight=21 58 32 30 32 904 29 27 57 30 20 27 21
leaf_count=21 58 32 30 32 904 29 27 57 30 20 27 21
internal_value=-8.53581e-05 0.0310326 0.0216119 0.0419678 0.0288343 -0.244665 -0.384741 -0.150743 -0.0951929 -0.173701 -0.0873607 -0.289082
internal_weight=1288 1143 1111 994 962 145 48 117 87 97 56 41
internal_count=1288 1143 1111 994 962 145 48 117 87 97 56 41
is_linear=0
shrinkage=0.03


Tree=19
num_leaves=21
num_cat=2
split_feature=12 3 6 5 7 1 12 1 1 4 3 2 1 6 1 1 3 5 2 11
split_gain=13505.7 10493.5 8988.49 13727.8 9038.42 5805.56 5188.06 3644.03 3065.95 2324.71 2174.68 2042.64 3995.33 1395.5 3402.73 2552.34 1714.01 1600.03 1193.85 340.824
threshold=0 1.0000000180025095e-35 1.0000000180025095e-35 1.0000000180025095e-35 1.0000000180025095e-35 0.18500000000000003 1 -0.35499999999999993 -0.96999999999999986 1.0000000180025095e-35 1.0000000180025095e-35 -1.0549999999999999 -1.5849999999999997 1.0000000180025095e-35 0.92000000000000015 0.57500000000000007 1.0000000180025095e-35 1.0000000180025095e-35 -1.2949999999999997 4.5000000000000009
decision_type=9 2 2 2 2 2 9 2 2 2 2 2 2 2 2 2 2 2 2 2
left_child=1 19 3 4 -3 -5 10 8 -4 -9 -2 18 -13 15 16 17 -15 -8 -12 -1
right_child=6 2 7 5 -6 -7 13 9 -10 -11 11 12 -14 14 -16 -17 -18 -19 -20 -21
leaf_value=-0.3555410933812459 -0.37421616120813295 0.074328593883108571 0.022452234368575245 -0.08464834284782409 0.75876513542964541 0.38241796283288432 -0.022714369747396244 0.075293798997338887 0.47769992676903217 -0.19694582490280138 -0.14910536166241295 0.24465356036099523 -0.14116042750881999 -0.14601062671291201 -0.33006329502128973 0.17708638054847717 0.10199728505429646 -0.17353483418017757 -0.42471086977348949 -0.18893109384883533
leaf_weight=22 39 23 28 63 72 38 147 56 25 56 28 27 200 28 20 37 211 111 30 27
leaf_count=22 39 23 28 63 72 38 147 56 25 56 28 27 200 28 20 37 211 111 30 27
internal_value=-9.43893e-05 0.139978 0.199342 0.336428 0.594348 0.0920682 -0.0663876 0.0359571 0.239705 -0.0610697 -0.160136 -0.135835 -0.0948206 -0.00959599 0.0409974 -0.0543444 0.0726853 -0.087824 -0.294123 -0.266632
internal_weight=1288 410 361 196 95 101 878 165 53 112 324 285 227 554 259 295 239 258 58 49
internal_count=1288 410 361 196 95 101 878 165 53 112 324 285 227 554 259 295 239 258 58 49
cat_boundaries=0 1 2
cat_threshold=266437 123767074
is_linear=0
shrinkage=0.03


Tree=20
num_leaves=26
num_cat=2
split_feature=12 9 2 2 2 0 12 0 1 1 0 0 0 2 0 3 0 2 0 2 1 1 1 0 1
split_gain=12714.6 15575.1 7923.84 10406.6 8391.96 6904.81 4883.26 4604.94 3694.82 9891.4 3180.14 2797.52 2309.17 3760 2409.72 1652.03 1493.14 2895.49 2124.2 1704.64 1638.35 1385.26 798.972 632.588 418.044
threshold=0 1.0000000180025095e-35 0.21500000000000002 0.89500000000000013 -0.34499999999999992 -1.095 1 -0.35499999999999993 -1.2999999999999998 -0.7599999999999999 0.75500000000000012 -0.20999999999999999 -2.7949999999999995 -0.94499999999999984 -2.1249999999999996 1.0000000180025095e-35 -1.6849999999999998 -0.56499999999999984 -1.4649999999999996 -0.25499999999999995 -0.18999999999999997 -1.4949999999999999 -0.89499999999999991 1.3400000000000003 0.25500000000000006
decision_type=9 2 2 2 2 2 9 2 2 2 2 2 2 2 2 2 2 2 2 2 2 2 2 2 2
left_child=1 7 4 10 5 -3 12 8 -1 -10 -4 -6 13 -2 22 -16 17 21 -18 -19 -20 -8 -14 24 -9
right_child=6 2 3 -5 11 -7 16 23 9 -11 -12 -13 14 -15 15 -17 18 19 20 -21 -22 -23 -24 -25 -26
leaf_value=-0.24246218734491065 -0.23557418655459558 0.21993638212139865 0.57574520328093548 0.064454858447824198 0.096485091632955225 0.84080117785135899 0.19527850144764161 -0.28455877063332535 0.57276003556024457 -0.074480533615323419 1.0990729629516602 -0.29193648007132789 -0.520548314006961 0.20456923229563728 -0.38110159768136037 -0.12672734155110271 0.32252952980413674 -0.4189770062597174 0.11101094784437859 -0.095362687360672729 -0.033130135341304719 -0.047809343848107519 -0.25252657672108669 -0.38803005450112477 -0.088261005346367993
leaf_weight=30 33 59 24 24 42 22 26 20 31 65 22 27 24 36 26 185 20 28 99 31 247 103 20 24 20
leaf_count=30 33 59 24 24 42 22 26 20 31 65 22 27 24 36 26 185 20 28 99 31 247 103 20 24 20
internal_value=-9.48744e-05 0.135813 0.31067 0.573334 0.186575 0.392727 -0.0644172 -0.0597909 0.0455523 0.136378 0.835224 -0.0564696 -0.15537 -0.00607134 -0.201747 -0.158913 -0.00931872 -0.0780963 0.0258056 -0.251223 0.00820456 0.00172674 -0.402994 -0.265977 -0.188785
internal_weight=1288 410 220 70 150 81 878 190 126 96 46 69 324 69 255 211 554 188 366 59 346 129 44 64 40
internal_count=1288 410 220 70 150 81 878 190 126 96 46 69 324 69 255 211 554 188 366 59 346 129 44 64 40
cat_boundaries=0 1 2
cat_threshold=266437 123767074
is_linear=0
shrinkage=0.03


Tree=21
num_leaves=26
num_cat=2
split_feature=12 9 2 2 2 0 12 0 5 0 0 0 0 2 0 0 0 2 0 0 2 6 0 0 0
split_gain=11975.1 14672.5 7466.86 9804.63 7904.63 6507.62 4631.16 4338.79 2999.12 5343.51 2996.58 2634.9 2629.29 3090.83 2952.6 2552.05 1957.29 2150.23 1618.93 1380.79 1177.68 1127.13 1065.14 595.736 35.997
threshold=0 1.0000000180025095e-35 0.21500000000000002 0.89500000000000013 -0.34499999999999992 -1.095 1 -0.35499999999999993 1.0000000180025095e-35 -1.8749999999999998 0.75500000000000012 -0.20999999999999999 -2.7949999999999995 -0.94499999999999984 -2.1249999999999996 -1.5049999999999997 -1.6849999999999998 -0.56499999999999984 -0.83499999999999985 -1.4649999999999996 -0.25499999999999995 1.0000000180025095e-35 -2.8349999999999995 1.3400000000000003 0.42500000000000004
decision_type=9 2 2 2 2 2 9 2 2 2 2 2 2 2 2 2 2 2 2 2 2 2 2 2 2
left_child=1 7 4 10 5 -3 12 8 9 -1 -4 -6 13 -2 -14 -10 17 22 -16 -18 -19 -21 -8 24 -9
right_child=6 2 3 -5 11 -7 16 23 15 -11 -12 -13 14 -15 18 -17 19 20 -20 21 -22 -23 -24 -25 -26
leaf_value=-0.07687839705467224 -0.21840026307419724 0.21339373203085249 0.55882534740409073 0.062560681629545825 0.093624590610055361 0.81613768310546864 0.06466639286172475 -0.21590028836087485 0.078823626819409826 0.44120014363786447 1.0668335093180339 -0.28333762175820087 -0.4346277704459649 0.19851622227038423 -0.057574939824457542 -0.32686483294747093 0.27167266761965869 -0.36864539346856584 -0.22368609075765397 -0.034465912554571383 -0.10532822247227627 0.075035562534704794 -0.10265564583142599 -0.37662671301316236 -0.14600769803872923
leaf_weight=37 28 59 24 24 42 22 69 20 28 34 22 27 40 36 91 27 20 29 127 176 33 162 67 24 20
leaf_count=37 28 59 24 24 42 22 69 20 28 34 22 27 40 36 91 27 20 29 127 176 33 162 67 24 20
internal_value=-8.26779e-05 0.131814 0.301528 0.556507 0.181065 0.381141 -0.0625067 -0.0580384 0.0442147 0.172524 0.810709 -0.0548164 -0.151504 0.0157897 -0.198826 -0.121429 -0.00910705 -0.0848437 -0.15465 0.0325783 -0.230505 0.0180415 -0.0178164 -0.258178 -0.183262
internal_weight=1288 410 220 70 150 81 878 190 126 71 46 69 322 64 258 55 556 198 218 358 62 338 136 64 40
internal_count=1288 410 220 70 150 81 878 190 126 71 46 69 322 64 258 55 556 198 218 358 62 338 136 64 40
cat_boundaries=0 1 2
cat_threshold=266437 627083554
is_linear=0
shrinkage=0.03


Tree=22
num_leaves=21
num_cat=3
split_feature=12 12 6 5 1 3 12 1 1 1 1 1 1 1 9 3 1 1 9 1
split_gain=11400.9 5995.97 4568.25 7255.96 4260.41 4179.42 3014.16 6139.4 2418.27 1696.33 1644.23 1428.29 2382.04 1417.86 1591.39 1345.68 982.875 879.925 365.963 131.78
threshold=0 1 1.0000000180025095e-35 1.0000000180025095e-35 -0.38499999999999995 1.0000000180025095e-35 2 -1.5699999999999998 -1.3299999999999998 -1.5849999999999997 0.18500000000000003 0.54500000000000015 -0.35499999999999993 -0.83499999999999985 1.0000000180025095e-35 1.0000000180025095e-35 0.66500000000000015 -1.0000000180025095e-35 1.0000000180025095e-35 -1.8849999999999996
decision_type=9 9 2 2 2 2 9 2 2 2 2 2 2 2 2 2 2 2 2 2
left_child=2 9 3 4 -1 13 8 -8 -7 19 18 12 -4 -3 -15 -11 -17 -14 -5 -2
right_child=1 5 11 10 -6 6 7 -9 -10 15 -12 -13 17 14 -16 16 -18 -19 -20 -21
leaf_value=0.30585498610871731 -0.028642958059543516 -0.41703104412264935 0.16834385635279403 0.080931143272213818 0.83132946723591195 -0.21993205752121772 0.52555846661228245 0.061687245098562757 0.008653156622039207 -0.34545721418155378 0.28846563951474313 0.21441464827811879 -0.2936079600438839 0.0049916535045789632 -0.32461102974830675 -0.13053049060054447 -0.32431208090287328 -0.040947999954452877 -0.092510807443172374 0.075525509225561269
leaf_weight=30 20 20 39 20 27 47 29 200 338 36 26 36 20 34 21 241 26 32 23 23
leaf_count=30 20 20 39 20 27 47 29 200 338 36 26 36 20 34 21 241 26 32 23 23
internal_value=-6.89727e-05 -0.0445178 0.176287 0.310874 0.559881 0.00714586 0.0331287 0.116389 -0.0190005 -0.144586 0.102582 0.0558662 -0.00765236 -0.203392 -0.122593 -0.173748 -0.149983 -0.140053 -0.0117682 0.0272338
internal_weight=1288 1035 253 126 57 689 614 229 385 346 69 127 91 75 55 303 267 52 43 43
internal_count=1288 1035 253 126 57 689 614 229 385 346 69 127 91 75 55 303 267 52 43 43
cat_boundaries=0 1 2 3
cat_threshold=4292 660637986 1074421776
is_linear=0
shrinkage=0.03


Tree=23
num_leaves=20
num_cat=3
split_feature=12 3 12 9 1 11 1 1 1 5 12 2 2 4 1 9 1 1 2
split_gain=10737.1 5560.62 4775.08 4550.87 12568.8 16492.2 4352.32 3742.01 3178.56 3364.9 2264.12 2219.76 2351.26 2049.17 1639.18 1017.19 1382.38 407.719 372.349
threshold=0 1.0000000180025095e-35 1 1.0000000180025095e-35 0.11000000000000001 6.5000000000000009 -2.2099999999999995 -0.20499999999999999 -0.11499999999999998 1.0000000180025095e-35 2 -0.084999999999999978 -1.0249999999999997 1.0000000180025095e-35 -0.66499999999999992 1.0000000180025095e-35 -0.41499999999999992 -0.36999999999999994 0.50500000000000012
decision_type=9 2 9 2 2 2 2 2 2 2 9 2 2 2 2 2 2 2 2
left_child=3 15 11 8 7 -6 -4 14 9 -1 -8 12 -3 -10 -5 16 -2 -17 -13
right_child=1 2 6 4 5 -7 10 -9 13 -11 -12 18 -14 -15 -16 17 -18 -19 -20
leaf_value=0.39384286318742306 -0.29693791297596434 -0.3715518836190061 0.33778662341573962 0.063501709012223073 1.1794754250364483 0.17786085970505422 -0.051887579266172622 -0.21064197923597833 0.075573250319740992 -0.091455154729443933 0.050197718691366147 -0.4655391520182291 0.01092598742698178 -0.27686601879413308 0.41299853049254992 -0.24315711676947613 -0.028778731272254186 -0.43013729815272722 -0.27539170888264974
leaf_weight=32 34 20 34 30 26 34 429 31 27 21 342 22 49 32 20 23 35 25 22
leaf_count=32 34 20 34 30 26 34 429 31 27 21 342 22 49 32 20 23 35 25 22
internal_value=-6.2709e-05 -0.0431983 -0.0187296 0.171082 0.290928 0.618104 0.00802421 0.0462337 0.034762 0.202441 -0.00661944 -0.192307 -0.101769 -0.11625 0.206065 -0.237938 -0.162144 -0.344035 -0.374695
internal_weight=1288 1035 918 253 141 60 805 81 112 53 771 113 69 59 50 117 69 48 44
internal_count=1288 1035 918 253 141 60 805 81 112 53 771 113 69 59 50 117 69 48 44
cat_boundaries=0 1 2 3
cat_threshold=4292 606077218 1095271440
is_linear=0
shrinkage=0.03


Tree=24
num_leaves=21
num_cat=3
split_feature=12 3 12 6 5 0 0 1 0 12 0 0 0 0 1 0 0 0 0 0
split_gain=10114.7 5237.73 4502.25 4258.17 6612.35 6353.08 3353.03 2900.18 2607.96 2904.36 2165.73 2335.28 1831.03 2036.47 1297.2 1202.47 730.208 729.937 698.545 460.241
threshold=0 1.0000000180025095e-35 1 1.0000000180025095e-35 1.0000000180025095e-35 -0.90499999999999992 -0.7649999999999999 0.27500000000000008 1.8350000000000002 2 -2.7649999999999992 -2.1249999999999996 -1.4349999999999998 0.85500000000000009 -1.5849999999999997 -1.8499999999999999 -2.2849999999999997 -3.2149999999999994 -0.60499999999999987 -0.52999999999999992
decision_type=9 2 9 2 2 2 2 2 2 9 2 2 2 2 2 2 2 2 2 2
left_child=3 15 10 4 5 -1 -6 -8 9 -4 14 -12 16 18 -3 17 -5 -2 -14 -17
right_child=1 2 8 12 6 -7 7 -9 -10 -11 11 -13 13 -15 -16 19 -18 -19 -20 -21
leaf_value=0.25699811041933385 -0.23120095733006793 0.19755366962360887 -0.02829464372996247 0.011196941840939407 0.36253578094266492 0.90062338583809975 -0.3260125928739222 0.16240897623021552 -0.22013098888527854 0.10178396978535839 -0.40356470297631758 -0.1235541072731309 0.36922146951861495 -0.082930909357572857 -0.087340629095122926 -0.082066330618672564 -0.24318774081439506 -0.49078996889329535 0.14885463215806816 -0.23206537239074704
leaf_weight=33 22 26 289 20 26 24 20 23 36 317 31 188 20 28 31 38 20 20 39 37
leaf_count=33 22 26 289 20 26 24 20 23 36 317 31 188 20 28 31 38 20 20 39 37
internal_value=-6.17589e-05 -0.0419285 -0.0181808 0.166048 0.29582 0.533525 0.0969863 -0.065831 0.0257766 0.0409843 -0.117003 -0.164033 0.0496428 0.126689 0.0431468 -0.23093 -0.117353 -0.359205 0.226081 -0.157152
internal_weight=1288 1035 918 253 126 57 69 43 642 606 276 219 127 87 57 117 40 42 59 75
internal_count=1288 1035 918 253 126 57 69 43 642 606 276 219 127 87 57 117 40 42 59 75
cat_boundaries=0 1 2 3
cat_threshold=4292 627081506 1107959824
is_linear=0
shrinkage=0.03


Tree=25
num_leaves=21
num_cat=2
split_feature=12 12 2 0 1 0 1 2 2 0 0 7 0 0 2 0 11 3 1 0
split_gain=9525.61 4951.16 4116.17 6041.75 5956.71 5399.17 4284.34 3780.34 5059.94 2960.72 5497.15 2616.99 2430.78 1837.41 3269.39 2042.71 1790.43 1431.42 734.848 482.311
threshold=0 1 0.46500000000000002 0.80500000000000016 0.11000000000000001 1.2100000000000002 -0.80499999999999994 -1.1049999999999998 -1.4249999999999996 -1.7349999999999997 -1.4949999999999999 1.0000000180025095e-35 -2.7199999999999993 -2.7949999999999995 -0.94499999999999984 -2.1249999999999996 6.5000000000000009 1.0000000180025095e-35 -0.89499999999999991 -3.1249999999999996
decision_type=9 9 2 2 2 2 2 2 2 2 2 2 2 2 2 2 2 2 2 2
left_child=2 13 3 4 6 -4 -1 8 19 11 -11 -9 -10 14 -2 18 -6 -17 -15 -3
right_child=1 7 5 -5 16 -7 -8 9 12 10 -12 -13 -14 15 -16 17 -18 -19 -20 -21
leaf_value=0.2727346662775092 -0.21682331669152671 0.042590248825415122 0.077862037115237301 -0.32726723956009918 0.67116453279450883 0.68380575521368725 -0.072679880259171978 -0.33354216174421636 0.63026690752622549 0.48335953710245533 -0.008313175872353494 -0.060908041602448573 0.21122176955057229 -0.4748462771444904 0.19360172992209865 -0.34464890689669908 0.27042377957632374 -0.10799724387937799 -0.21936260308288946 -0.14223567449803257
leaf_weight=54 33 26 25 25 21 28 79 43 20 21 425 118 34 24 36 26 21 185 20 24
leaf_count=54 33 26 25 25 21 28 79 43 20 21 425 118 34 24 36 26 21 185 20 24
internal_value=-4.34024e-05 -0.0406731 0.161157 0.104662 0.16714 0.401438 0.0680374 0.00412582 0.170856 -0.0244851 0.015346 -0.134549 0.370837 -0.136034 -0.00279306 -0.177324 0.476403 -0.137918 -0.362554 -0.0465967
internal_weight=1288 1035 253 200 175 53 133 711 104 607 446 161 54 324 69 255 42 211 44 50
internal_count=1288 1035 253 200 175 53 133 711 104 607 446 161 54 324 69 255 42 211 44 50
cat_boundaries=0 1 2
cat_threshold=4292 123767074
is_linear=0
shrinkage=0.03


Tree=26
num_leaves=19
num_cat=2
split_feature=12 3 1 12 6 5 2 0 2 0 2 2 2 2 2 0 2 0
split_gain=8971.4 4833.59 4183.96 4334.34 4046.72 6151.36 6226.73 5956.86 5254.11 2253.07 1712.63 1391.74 1228.41 2870.7 2470.54 1139.75 924.097 651.903
threshold=0 1.0000000180025095e-35 -2.2099999999999995 1 1.0000000180025095e-35 1.0000000180025095e-35 -0.29499999999999993 -0.90499999999999992 0.21500000000000002 1.8350000000000002 0.39500000000000007 -1.1849999999999998 -0.5149999999999999 -0.17499999999999996 -0.78499999999999992 -1.8499999999999999 -0.064999999999999988 -3.2149999999999994
decision_type=9 2 2 9 2 2 2 2 2 2 2 2 2 2 2 2 2 2
left_child=4 15 -3 11 5 7 -7 -1 12 -5 -8 -4 14 -14 -6 17 -17 -2
right_child=1 2 3 9 8 6 10 -9 -10 -11 -12 -13 13 -15 -16 16 -18 -19
leaf_value=0.2442939892669222 -0.22460764482816059 0.30270482975328472 -0.30506145674806751 0.029628552532728364 -0.17141099606003873 0.46423344649988058 -0.30002376736985875 0.86739502184731609 0.37210179984019348 -0.21337153976420831 0.071314341611640394 -0.10498497581881014 -0.37875155583728437 0.055744295234978196 0.28900949132733228 -0.041453504724502564 -0.25218958192367058 -0.47036873053341371
leaf_weight=33 22 35 36 580 21 25 23 24 32 36 21 231 27 27 20 37 38 20
leaf_count=33 22 35 36 580 21 25 23 24 32 36 21 231 27 27 20 37 38 20
internal_value=-2.77998e-05 -0.0394581 -0.0166374 -0.0294629 0.156412 0.282701 0.0909446 0.511966 0.0427448 0.0150173 -0.123917 -0.127718 -0.0695324 -0.16293 0.0538881 -0.221013 -0.149229 -0.345864
internal_weight=1288 1035 918 883 253 126 69 57 127 616 44 267 95 54 41 117 75 42
internal_count=1288 1035 918 883 253 126 69 57 127 616 44 267 95 54 41 117 75 42
cat_boundaries=0 1 2
cat_threshold=4292 627081506
is_linear=0
shrinkage=0.03


Tree=27
num_leaves=22
num_cat=2
split_feature=12 9 2 2 2 0 0 12 1 1 1 0 0 1 1 11 2 0 6 0 1
split_gain=8510.49 13425.8 6544.91 9368.33 6888.57 5799.85 4021.31 3842.2 3583.4 8814.93 3111.93 2602.38 2561.42 2420.61 3570.17 2347.7 1919.99 4730.08 1544.43 531.888 419.395
threshold=0 1.0000000180025095e-35 0.21500000000000002 0.89500000000000013 -0.34499999999999992 -1.095 -0.35499999999999993 1 -1.2999999999999998 -0.7599999999999999 -2.2099999999999995 -0.064999999999999988 0.75500000000000012 -1.3299999999999998 -0.99999999999999989 5.5000000000000009 -0.084999999999999978 -1.325 1.0000000180025095e-35 1.3400000000000003 0.25500000000000006
decision_type=9 2 2 2 2 2 2 9 2 2 2 2 2 2 2 2 2 2 2 2 2
left_child=1 6 4 12 5 -3 8 16 -1 -10 -9 -6 -4 15 -15 -12 17 18 -2 20 -8
right_child=7 2 3 -5 11 -7 19 10 9 -11 13 -13 -14 14 -16 -17 -18 -19 -20 -21 -22
leaf_value=-0.25582858404566028 -0.48825996552681439 0.18897569569419409 0.52693625318030912 0.029709937808464981 0.066585127619693152 0.75776292319297789 -0.2881143215574869 0.26402672735850014 0.52920354374249778 -0.08175051955126568 -0.28971413101387022 -0.3252003477757176 0.9973774444580078 0.19417765691712147 -0.042755410276257094 0.019692008412402606 -0.41753056984362391 0.17896802317871238 -0.1450979444737337 -0.37577121606165043 -0.09135272831487945
leaf_weight=30 24 59 24 24 47 22 20 31 31 65 62 22 22 63 580 34 34 26 24 24 20
leaf_count=30 24 59 24 24 47 22 20 31 31 65 62 22 22 63 580 34 34 26 24 24 20
internal_value=-2.42384e-05 0.111166 0.273153 0.511841 0.160415 0.347199 -0.0707716 -0.0526501 0.0277192 0.117225 -0.0276671 -0.0597297 0.7603 -0.0404516 -0.0194036 -0.180567 -0.21251 -0.144626 -0.320006 -0.263434 -0.19215
internal_weight=1288 410 220 70 150 81 190 878 126 96 770 69 46 739 643 96 108 74 48 64 40
internal_count=1288 410 220 70 150 81 190 878 126 96 770 69 46 739 643 96 108 74 48 64 40
cat_boundaries=0 1 2
cat_threshold=266437 71305506
is_linear=0
shrinkage=0.03


Tree=28
num_leaves=18
num_cat=2
split_feature=12 3 9 1 11 1 12 2 1 1 4 6 2 2 9 4 1
split_gain=8039.14 4536 3892.64 11348.6 15005.2 3794.72 3868.82 4108.38 3302.09 2806.58 1785.07 1739.78 1547.05 1212.68 951.997 1350.27 430.497
threshold=0 1.0000000180025095e-35 1.0000000180025095e-35 0.11000000000000001 6.5000000000000009 -2.2099999999999995 1 0.90500000000000014 -0.20499999999999999 -0.11499999999999998 1.0000000180025095e-35 1.0000000180025095e-35 -0.24499999999999997 -0.57499999999999984 1.0000000180025095e-35 1.0000000180025095e-35 -0.36999999999999994
decision_type=9 2 2 2 2 2 9 2 2 2 2 2 2 2 2 2 2
left_child=2 14 9 8 -5 -3 13 -8 12 11 -11 -1 -4 -7 15 -2 -16
right_child=1 5 3 4 -6 6 7 -9 -10 10 -12 -13 -14 -15 16 -17 -18
leaf_value=0.33356834991149981 -0.022781870715225798 0.2889014928978933 0.032676481780359298 1.1047891712908473 0.14980047072534974 -0.19668125368928693 0.036938245312537962 -0.30038235490218446 -0.21506063585621971 0.059003791826963421 -0.27006467410601098 -0.010085233065546775 0.36924848854056624 -0.070262221475497585 -0.21385406932171355 -0.28966049349112588 -0.40324136140767264
leaf_weight=29 39 35 29 26 34 111 559 34 31 27 32 24 21 179 23 30 25
leaf_count=29 39 35 29 26 34 111 559 34 31 27 32 24 21 179 23 30 25
internal_value=-1.23589e-05 -0.0373381 0.148076 0.258512 0.569389 -0.0152229 -0.0274378 0.0170684 0.0261152 0.0216505 -0.120193 0.179256 0.176352 -0.114958 -0.213206 -0.140108 -0.315695
internal_weight=1288 1035 253 141 60 918 883 593 81 112 59 53 50 290 117 69 48
internal_count=1288 1035 253 141 60 918 883 593 81 112 59 53 50 290 117 69 48
cat_boundaries=0 1 2
cat_threshold=4292 1700823330
is_linear=0
shrinkage=0.03


Tree=29
num_leaves=21
num_cat=2
split_feature=12 3 12 9 7 1 1 0 1 0 0 0 11 1 0 0 9 4 0 0
split_gain=7899.97 6150.79 6381.48 7235.46 6809.74 6182.43 2341.2 2227.81 1894.63 1660.56 1636.88 2146.82 1754.28 2279.94 1180.77 1687.84 1113.14 3334.28 871.367 337.152
threshold=0 1.0000000180025095e-35 1 1.0000000180025095e-35 1.0000000180025095e-35 -0.66499999999999992 -1.3299999999999998 -2.2349999999999999 -0.23499999999999996 -3.0349999999999997 -2.7649999999999992 -2.1249999999999996 5.5000000000000009 -1.5849999999999997 -0.83499999999999985 -1.075 1.0000000180025095e-35 1.0000000180025095e-35 -0.35499999999999993 -2.4649999999999994
decision_type=9 2 9 2 2 2 2 2 2 2 2 2 2 2 2 2 2 2 2 2
left_child=10 7 6 5 -5 -4 9 -2 -8 -3 12 19 13 -1 15 -13 17 -9 -16 -12
right_child=1 2 3 4 -6 -7 8 16 -10 -11 11 14 -14 -15 18 -17 -18 -19 -20 -21
leaf_value=0.30679554217202321 -0.41021625868441919 -0.060446689068187363 0.24091354344384419 -0.093825326442718501 0.32806876151274433 -0.10321987375367976 0.093889983509206604 0.2784276218525199 -0.050387937786591758 -0.42007060833675103 -0.26079618052549142 -0.10891032928959014 -0.23203015778704386 -0.088234731203631359 -0.31292391945532894 0.18630435581207275 -0.21725537934510603 -0.24401428718566898 -0.1345531889176721 -0.44815125899198571
leaf_weight=24 26 27 72 41 208 133 138 21 200 20 21 77 20 28 33 22 34 22 101 20
leaf_count=24 26 27 72 41 208 133 138 21 200 20 21 77 20 28 33 22 34 22 101 20
internal_value=-7.60051e-06 0.0450783 0.0724398 0.146807 0.258539 0.017924 -0.0186492 -0.172688 0.00856124 -0.216352 -0.120476 -0.157348 0.00329907 0.0952153 -0.121592 -0.0426704 -0.0903153 0.0113304 -0.179503 -0.356559
internal_weight=1288 942 839 454 249 205 385 103 338 47 346 274 72 52 233 99 77 43 134 41
internal_count=1288 942 839 454 249 205 385 103 338 47 346 274 72 52 233 99 77 43 134 41
cat_boundaries=0 1 2
cat_threshold=660637986 1074421776
is_linear=0
shrinkage=0.03


Tree=30
num_leaves=14
num_cat=2
split_feature=12 1 3 1 12 1 2 1 1 2 2 5 2
split_gain=7436.42 5792.2 5130.34 5310.69 6005.34 2012.79 1464.86 3173.48 1371.35 2350.08 1204.33 1125.32 790.518
threshold=0 1.7300000000000002 1.0000000180025095e-35 0.63500000000000012 1 -0.83499999999999985 -1.0549999999999999 -1.5849999999999997 -1.345 -0.40499999999999997 0.63500000000000012 1.0000000180025095e-35 -1.2949999999999997
decision_type=9 2 2 2 9 2 2 2 2 2 2 2 2
left_child=6 2 5 4 -4 -2 12 -8 -9 -10 -5 -7 -1
right_child=1 -3 3 10 -6 11 7 8 9 -11 -12 -13 -14
leaf_value=-0.1425691849763577 -0.36989772571836194 0.45088146405654844 0.20470549519503875 -0.066214288612382599 0.020365914869815521 -0.2175070098814417 0.18845211687821609 -0.35080313876469921 0.043116012221705309 -0.16682116389948146 -0.28508601044989251 0.024090249820991796 -0.35825537573155897
leaf_weight=32 31 30 233 56 484 30 32 22 68 161 38 40 31
leaf_count=32 31 30 233 56 484 30 32 22 68 161 38 40 31
internal_value=-2.83112e-05 0.0437151 0.0305575 0.0556954 0.0835118 -0.170543 -0.116909 -0.0908414 -0.126764 -0.104511 -0.155766 -0.0802171 -0.250733
internal_weight=1288 942 912 811 717 101 346 283 251 229 94 70 63
internal_count=1288 942 912 811 717 101 346 283 251 229 94 70 63
cat_boundaries=0 1 2
cat_threshold=660637986 266376
is_linear=0
shrinkage=0.03


Tree=31
num_leaves=19
num_cat=2
split_feature=12 3 12 3 0 7 6 0 11 0 0 0 0 0 0 6 9 4
split_gain=7011.45 3913.35 3881.77 3783.09 4670.48 3814.5 3364.22 3053.31 2286.26 2992.6 1842.07 3207.36 1704.5 1474.85 2682.81 1430.02 1296.22 1879.64
threshold=0 1.0000000180025095e-35 1 1.0000000180025095e-35 -2.9649999999999994 1.0000000180025095e-35 1.0000000180025095e-35 -2.1249999999999996 7.5000000000000009 0.66000000000000014 -0.48499999999999993 -2.0449999999999995 0.66000000000000014 -0.25499999999999995 -1.325 1.0000000180025095e-35 1.0000000180025095e-35 1.0000000180025095e-35
decision_type=9 2 9 2 2 2 2 2 2 2 2 2 2 2 2 2 2 2
left_child=1 -1 13 16 5 -5 10 -6 9 -8 11 -3 -12 14 15 -2 17 -4
right_child=2 6 3 4 7 -7 8 -9 -10 -11 12 -13 -14 -15 -16 -17 -18 -19
leaf_value=-0.1840175876010548 -0.44952005627576042 0.13883499079526856 0.054653896995212711 -0.07343583555624518 -0.15893769699410545 0.30146253436016585 -0.11475631421623023 0.007382388687996456 0.34896165186613792 0.26574275600259956 -0.029313798737962068 0.6108812326226436 0.35465903415790823 -0.41887948783563106 0.053067314781572505 -0.12646585705701044 -0.31611175697821159 -0.26900749064273521
leaf_weight=27 25 21 34 35 118 79 57 614 22 27 20 35 21 24 34 25 40 30
leaf_count=27 25 21 34 35 118 79 57 614 22 27 20 35 21 24 34 25 40 30
internal_value=8.27526e-06 0.146358 -0.0329297 -0.012556 0.00833864 0.186518 0.19785 -0.0195149 0.0803857 0.00836021 0.325113 0.436712 0.169186 -0.195125 -0.152152 -0.290904 -0.182983 -0.0979251
internal_weight=1288 230 1058 950 846 114 203 732 106 84 97 56 41 108 84 50 104 64
internal_count=1288 230 1058 950 846 114 203 732 106 84 97 56 41 108 84 50 104 64
cat_boundaries=0 1 2
cat_threshold=4229 71305506
is_linear=0
shrinkage=0.03


Tree=32
num_leaves=16
num_cat=2
split_feature=12 1 0 3 12 0 0 0 11 1 0 0 0 0 0
split_gain=6743.4 5357.6 4558.74 4621.64 7272.32 2249.8 1470.51 1935.06 1637.86 2036.12 1400.24 1079.04 1564.45 861.211 319.061
threshold=0 1.7300000000000002 1.7450000000000003 1.0000000180025095e-35 1 -2.2349999999999999 -2.7649999999999992 -2.1249999999999996 5.5000000000000009 -1.5849999999999997 2.3250000000000006 -0.83499999999999985 -1.075 -0.35499999999999993 -2.4649999999999994
decision_type=9 2 2 2 9 2 2 2 2 2 2 2 2 2 2
left_child=6 2 3 5 -5 -2 8 14 9 -1 -4 12 -9 -13 -8
right_child=1 -3 10 4 -6 -7 7 11 -10 -11 -12 13 -14 -15 -16
leaf_value=0.29481041575451289 -0.38497392947268932 0.43325621547659887 -0.43998191443154971 -0.017567080512366422 0.16644573197700849 -0.061612735461215588 -0.24274568034327307 -0.10058857013871592 -0.22131520641140823 -0.078540275310215207 -0.10354131083585778 -0.30009065319820122 0.18361559171676634 -0.12297913719691667 -0.42397695818179987
leaf_weight=24 26 30 21 414 354 73 21 77 20 28 24 33 22 101 20
leaf_count=24 26 30 21 414 354 73 21 77 20 28 24 33 22 101 20
internal_value=7.83306e-06 0.041667 0.0290088 0.0443492 0.0692378 -0.148074 -0.11129 -0.146154 0.00608959 0.0948849 -0.263722 -0.112217 -0.0367966 -0.167572 -0.335267
internal_weight=1288 942 912 867 768 99 346 274 72 52 45 233 99 134 41
internal_count=1288 942 912 867 768 99 346 274 72 52 45 233 99 134 41
cat_boundaries=0 1 2
cat_threshold=660637986 1074422352
is_linear=0
shrinkage=0.03


Tree=33
num_leaves=15
num_cat=2
split_feature=12 1 0 3 12 0 0 2 0 0 2 2 2 0
split_gain=6352.02 5045.55 4295.85 4353.83 6854.56 2119.59 1384.6 2036.86 1824.41 1319.4 1196.57 1710.95 1470.13 300.629
threshold=0 1.7300000000000002 1.7450000000000003 1.0000000180025095e-35 1 -2.2349999999999999 -2.7649999999999992 -0.94499999999999984 -2.1249999999999996 2.3250000000000006 -0.14499999999999999 0.17500000000000002 -0.56499999999999984 -2.4649999999999994
decision_type=9 2 2 2 9 2 2 2 2 2 2 2 2 2
left_child=6 2 3 5 -5 -2 7 -1 13 -4 12 -12 -10 -8
right_child=1 -3 9 4 -6 -7 8 -9 10 -11 11 -13 -14 -15
leaf_value=-0.1614973335110623 -0.37364262108982726 0.42047160676659129 -0.4270894257745077 -0.017053106544157589 0.16159619792940197 -0.059776932594727501 -0.23563266796289489 0.15591306982411968 -0.13552600737377604 -0.10049847104598064 -0.30836348659703222 -0.083645260189208509 0.090936993162255536 -0.41156787753686669
leaf_weight=34 26 30 21 414 354 73 21 38 56 24 49 81 47 20
leaf_count=34 26 30 21 414 354 73 21 38 56 24 49 81 47 20
internal_value=2.51013e-05 0.0404571 0.0281732 0.0430647 0.0672216 -0.1437 -0.107995 0.00590338 -0.141825 -0.255992 -0.108873 -0.169227 -0.0322194 -0.325452
internal_weight=1288 942 912 867 768 99 346 72 274 45 233 130 103 41
internal_count=1288 942 912 867 768 99 346 72 274 45 233 130 103 41
cat_boundaries=0 1 2
cat_threshold=660637986 1074422352
is_linear=0
shrinkage=0.03


Tree=34
num_leaves=19
num_cat=0
split_feature=3 7 9 1 1 1 1 2 2 2 9 6 2 1 9 2 6 1
split_gain=5924.02 2979.69 4069.15 4670.27 4298.18 5280.56 2857.08 2399.78 5108.36 1740.34 1523.82 3670.54 2666.74 1150.16 843.633 1224.27 239.647 227.102
threshold=1.0000000180025095e-35 1.0000000180025095e-35 1.0000000180025095e-35 -0.099999999999999992 1.4300000000000002 0.64500000000000013 -1.3299999999999998 0.17500000000000002 0.56500000000000006 -0.41499999999999992 1.0000000180025095e-35 1.0000000180025095e-35 -0.5149999999999999 -0.83499999999999985 1.0000000180025095e-35 -0.13499999999999998 1.0000000180025095e-35 -0.18999999999999997
decision_type=2 2 2 2 2 2 2 2 2 2 2 2 2 2 2 2 2 2
left_child=13 7 3 6 5 -4 -3 10 -9 -5 11 -2 -12 16 15 -15 -1 -16
right_child=1 2 4 9 -6 -7 -8 8 -10 -11 12 -13 -14 14 17 -17 -18 -19
leaf_value=-0.38309173895673049 -0.15817262971445412 -0.12251329176002573 0.12459208850371313 0.013080489996940857 0.49939352816951516 -0.23143039969363841 0.1288680820021112 0.39636712064581398 -0.13475925111117429 -0.20492365555174938 -0.36785205324764908 0.15480882356144965 -0.050265668164903875 0.091337278731798727 -0.14380343987302083 -0.18698751890009099 -0.23485620708214611 -0.2918899779596994
leaf_weight=20 88 53 391 46 24 41 170 29 36 115 43 54 53 29 20 27 28 21
leaf_count=20 88 53 391 46 24 41 170 29 36 115 43 54 53 29 20 27 28 21
internal_value=4.01539e-05 0.0229837 0.052071 -0.0198697 0.112615 0.0905675 0.0689689 -0.0575976 0.103376 -0.142771 -0.101698 -0.0390049 -0.193718 -0.180255 -0.119737 -0.0432692 -0.299996 -0.222328
internal_weight=1288 1143 840 384 456 432 223 303 65 161 238 142 96 145 97 56 48 41
internal_count=1288 1143 840 384 456 432 223 303 65 161 238 142 96 145 97 56 48 41
is_linear=0
shrinkage=0.03


Tree=35
num_leaves=16
num_cat=2
split_feature=12 2 0 1 0 1 3 1 12 0 0 11 0 2 0
split_gain=6061.69 3553.31 5658.34 5411.19 4943.71 3914.18 3227.91 3187.82 3229.79 4056.65 1945.95 1865.11 895.482 727.751 609.298
threshold=0 0.46500000000000002 0.80500000000000016 0.11000000000000001 1.2100000000000002 -0.80499999999999994 1.0000000180025095e-35 -2.2099999999999995 1 1.8350000000000002 -3.3049999999999993 6.5000000000000009 -1.8499999999999999 -0.064999999999999988 -3.2149999999999994
decision_type=9 2 2 2 2 2 2 2 9 2 2 2 2 2 2
left_child=1 2 3 5 -3 -1 12 -8 10 -10 -9 -5 14 -14 -2
right_child=6 4 -4 11 -6 -7 7 8 9 -11 -12 -13 13 -15 -16
leaf_value=0.23724180275365844 -0.17583056109348932 0.042059753319796389 -0.34247627275130321 0.62857481355445322 0.62110197082318752 -0.092861537807392633 0.26501089526230176 -0.38697672823270157 0.030225630631517827 -0.28357293553291996 -0.093298317292412669 0.22248386674703552 -0.021875611991882322 -0.20862377478240371 -0.41075949803212786
leaf_weight=54 22 25 25 21 28 79 35 22 604 39 218 21 37 38 20
leaf_count=54 22 25 25 21 28 79 35 22 604 39 218 21 37 38 20
internal_value=2.57006e-05 0.128621 0.0753706 0.135886 0.350971 0.0415295 -0.0323822 -0.0137338 -0.0249297 0.0108145 -0.11615 0.430606 -0.18075 -0.117289 -0.291288
internal_weight=1288 253 200 175 53 133 1035 918 883 643 240 42 117 75 42
internal_count=1288 253 200 175 53 133 1035 918 883 643 240 42 117 75 42
cat_boundaries=0 1 2
cat_threshold=4292 1700791586
is_linear=0
shrinkage=0.03


Tree=36
num_leaves=15
num_cat=2
split_feature=12 1 0 3 12 0 0 2 0 0 2 2 2 0
split_gain=5731.35 4648.29 3937.33 3710.65 6351.62 1959.05 1360.74 1880.93 1699.16 1239.38 1135.79 1594.88 1377.27 278.86
threshold=0 1.7300000000000002 1.7450000000000003 1.0000000180025095e-35 1 -2.2349999999999999 -2.7649999999999992 -0.94499999999999984 -2.1249999999999996 2.3250000000000006 -0.14499999999999999 0.17500000000000002 -0.56499999999999984 -2.4649999999999994
decision_type=9 2 2 2 9 2 2 2 2 2 2 2 2 2
left_child=6 2 3 5 -5 -2 7 -1 13 -4 12 -12 -10 -8
right_child=1 -3 9 4 -6 -7 8 -9 10 -11 11 -13 -14 -15
leaf_value=-0.15046618277417578 -0.35256544851638233 0.40317428184728149 -0.41122036676628643 -0.017863712455169052 0.15404924422085531 -0.050896003779099912 -0.22669370466054872 0.15455364371584607 -0.12951928826770953 -0.094775046309646296 -0.29732420837879175 -0.080364968939061532 0.089670865393939772 -0.39613640038560072
leaf_weight=34 26 30 21 414 354 73 21 38 56 24 49 81 47 20
leaf_count=34 26 30 21 414 354 73 21 38 56 24 49 81 47 20
internal_value=2.50727e-05 0.038431 0.0266364 0.0408933 0.0631943 -0.131526 -0.102581 0.0104308 -0.135991 -0.245412 -0.104192 -0.162991 -0.0295215 -0.313198
internal_weight=1288 942 912 867 768 99 346 72 274 45 233 130 103 41
internal_count=1288 942 912 867 768 99 346 72 274 45 233 130 103 41
cat_boundaries=0 1 2
cat_threshold=660637986 1074422352
is_linear=0
shrinkage=0.03


Tree=37
num_leaves=16
num_cat=2
split_feature=12 2 0 0 12 3 2 3 0 0 2 0 2 0 0
split_gain=5478.85 3359.21 5377.25 4697.01 2966.33 2919.52 3182.46 2836.11 2883.02 2325.43 2108.22 3592.47 1304.98 1041.86 649.894
threshold=0 0.46500000000000002 0.80500000000000016 1.2100000000000002 1 1.0000000180025095e-35 -0.8849999999999999 1.0000000180025095e-35 -3.8249999999999997 -3.5649999999999995 -0.084999999999999978 -2.1249999999999996 -1.095 -1.8499999999999999 -0.52999999999999992
decision_type=9 2 2 2 9 2 2 2 2 2 2 2 2 2 2
left_child=1 2 5 -3 10 -1 -7 13 12 -10 11 -2 -9 -6 -15
right_child=4 3 -4 -5 7 6 -8 8 9 -11 -12 -13 -14 14 -16
leaf_value=-0.16156320207973696 -0.32335483766892059 0.037341957821565512 -0.33689920196813689 0.60167115979445596 -0.27950242928443131 -0.10606472507276034 0.24710609000994832 0.37881546349385198 -0.32340914223833778 0.0003915098405261037 -0.38365762717827506 0.10175764857484149 0.061620790632565807 0.014727769715445382 -0.1755688798107318
leaf_weight=26 33 25 25 28 40 28 121 25 20 759 34 38 22 31 33
leaf_count=26 33 25 25 28 40 28 121 25 20 759 34 38 22 31 33
internal_value=3.90984e-05 0.122296 0.0704199 0.338371 -0.0307716 0.129419 0.180586 -0.012778 0.00570687 -0.00811999 -0.174467 -0.0966674 0.232616 -0.160167 -0.0839478
internal_weight=1288 253 200 53 1035 175 149 930 826 779 105 71 47 104 64
internal_count=1288 253 200 53 1035 175 149 930 826 779 105 71 47 104 64
cat_boundaries=0 1 2
cat_threshold=4292 69208322
is_linear=0
shrinkage=0.03


Tree=38
num_leaves=15
num_cat=1
split_feature=12 1 1 1 3 5 0 2 0 1 2 2 2 0
split_gain=5168.98 4371.59 3836.35 5393.15 3051.2 1391.14 1335.68 1754.89 1568.06 1301.42 1005.04 1489.92 1286.2 258.223
threshold=0 1.7300000000000002 0.63500000000000012 0.54500000000000015 1.0000000180025095e-35 1.0000000180025095e-35 -2.7649999999999992 -0.94499999999999984 -2.1249999999999996 0.98000000000000009 -0.14499999999999999 0.17500000000000002 -0.56499999999999984 -2.4649999999999994
decision_type=9 2 2 2 2 2 2 2 2 2 2 2 2 2
left_child=6 2 3 4 -2 -4 7 -1 13 -7 12 -12 -10 -8
right_child=1 -3 5 -5 -6 9 8 -9 10 -11 11 -13 -14 -15
leaf_value=-0.14079430662549061 -0.12832628912912969 0.39021517157945473 -0.33597467283482818 0.46775805813411497 0.05426442333465234 0.058368878207989597 -0.21741327477610387 0.15383138437085339 -0.12622166031968279 -0.19198233984778906 -0.28498701924266234 -0.075315603860316827 0.085599878806189481 -0.38041800450115665
leaf_weight=34 93 30 26 26 692 33 21 38 56 42 49 81 47 20
leaf_count=34 93 30 26 26 692 33 21 38 56 42 49 81 47 20
internal_value=3.03275e-05 0.0365034 0.0250575 0.0467963 0.0325609 -0.14884 -0.0974122 0.0146497 -0.130392 -0.082131 -0.0998441 -0.155158 -0.0295897 -0.300625
internal_weight=1288 942 912 811 785 101 346 72 274 75 233 130 103 41
internal_count=1288 942 912 811 785 101 346 72 274 75 233 130 103 41
cat_boundaries=0 1
cat_threshold=660637986
is_linear=0
shrinkage=0.03


Tree=39
num_leaves=20
num_cat=3
split_feature=12 3 12 2 2 1 1 0 2 3 12 0 0 2 0 5 0 6 2
split_gain=5406.37 3178.46 3987.33 5314.36 4764.86 2458.41 2995.57 1805.55 1532.42 1350.41 1236.14 2264.77 2416.17 2001.87 3447.08 907.857 594.959 503.772 334.831
threshold=0 1.0000000180025095e-35 1 1.1400000000000001 0.46500000000000002 -1.3299999999999998 0.63500000000000012 -2.2349999999999999 -0.54499999999999993 1.0000000180025095e-35 2 0.10500000000000002 -2.7649999999999992 -0.084999999999999978 -2.1249999999999996 1.0000000180025095e-35 -0.47499999999999992 1.0000000180025095e-35 0.50500000000000012
decision_type=9 2 9 2 2 2 2 2 2 2 9 2 2 2 2 2 2 2 2
left_child=9 7 5 4 -4 8 -7 -2 -3 17 11 12 -11 14 -12 -9 -17 -1 -15
right_child=1 2 3 -5 -6 6 -8 15 -10 10 13 -13 -14 18 -16 16 -18 -19 -20
leaf_value=-0.35724575386396268 -0.33125215853610124 -0.038447662736094269 0.10114602310094715 -0.34026233548896256 0.37919002943548535 0.049899405770908199 -0.2336775438383028 -0.16242534814278284 -0.39228510560380647 0.11663709363435444 -0.27575264098219671 0.18627156238079071 -0.13053671221937002 -0.39715927213303581 0.12404185702930015 0.16645967902788303 -0.059637958038684928 -0.15420562144192781 -0.22209107680320742
leaf_weight=20 26 21 368 21 65 259 38 31 23 47 36 37 142 23 41 20 21 27 22
leaf_count=20 26 21 368 21 65 259 38 31 23 47 36 37 142 23 41 20 21 27 22
internal_value=2.13221e-05 0.040868 0.0612126 0.117963 0.143281 -0.0173429 0.013275 -0.119466 -0.225805 -0.0909834 -0.0726645 -0.0256661 -0.0689088 -0.145287 -0.0634095 -0.0411888 0.051258 -0.24352 -0.315017
internal_weight=1288 893 795 454 433 341 297 98 44 395 348 226 189 122 77 72 41 47 45
internal_count=1288 893 795 454 433 341 297 98 44 395 348 226 189 122 77 72 41 47 45
cat_boundaries=0 1 2 3
cat_threshold=1734510882 548880 1128431616
is_linear=0
shrinkage=0.03


Tree=40
num_leaves=21
num_cat=2
split_feature=12 3 12 9 7 11 0 3 0 0 2 2 2 2 5 7 11 0 2 0
split_gain=4860.06 2606.78 4164.15 6764.01 5909.03 5233.19 1853.72 1725.29 1516.37 4113.91 3514.83 1260.4 5091.35 2005 873.614 869.985 1414.51 956.823 569.793 512.883
threshold=0 1.0000000180025095e-35 1 1.0000000180025095e-35 1.0000000180025095e-35 6.5000000000000009 -2.2349999999999999 1.0000000180025095e-35 -2.1249999999999996 -0.92499999999999993 -0.56499999999999984 -0.57499999999999984 -0.40499999999999997 0.17500000000000002 1.0000000180025095e-35 1.0000000180025095e-35 5.5000000000000009 -2.4249999999999994 -0.064999999999999988 -1.2149999999999996
decision_type=9 2 9 2 2 2 2 2 2 2 2 2 2 2 2 2 2 2 2 2
left_child=7 6 8 5 -5 -4 -2 19 10 -10 -3 15 -13 -14 -8 17 -17 -9 -16 -1
right_child=1 2 3 4 -6 -7 14 11 9 -11 -12 12 13 -15 18 16 -18 -19 -20 -21
leaf_value=-0.16834959008742351 -0.3215020899660182 0.0023564274005400832 0.057137600510878045 -0.10621020720952964 0.2866325592182094 -0.34780737912654874 -0.14685941526889801 -0.37972860638638756 0.18965880300565199 -0.063546515614800639 -0.40443267661646792 0.33665233700331598 -0.17238906998634337 0.039573169430677041 0.17390408001876459 0.053997051223531947 -0.1856970122848238 -0.097713388348734651 -0.042801278327373744 -0.37971150349407656
leaf_weight=24 26 58 171 41 208 34 32 23 82 192 28 30 97 68 20 38 52 21 23 20
leaf_count=24 26 58 171 41 208 34 32 23 82 192 28 30 97 68 20 38 52 21 23 20
internal_value=0 0.0372102 0.0554666 0.114428 0.221852 -0.0106922 -0.105779 -0.0898008 -0.0215151 0.0124268 -0.131624 -0.0683579 -0.0195564 -0.0851612 -0.0293209 -0.139016 -0.0847205 -0.247808 0.0587633 -0.267678
internal_weight=1288 915 814 454 249 205 101 373 360 274 86 329 195 165 75 134 90 44 43 44
internal_count=1288 915 814 454 249 205 101 373 360 274 86 329 195 165 75 134 90 44 43 44
cat_boundaries=0 1 2
cat_threshold=1197639970 537419792
is_linear=0
shrinkage=0.03


Tree=41
num_leaves=15
num_cat=0
split_feature=3 0 7 9 1 1 1 0 11 1 5 6 1 0
split_gain=4159.64 2473.13 2969.52 3713.07 4105.74 3887.04 3143.99 2468.42 2184.22 943.346 826.117 748.21 551.503 332.825
threshold=1.0000000180025095e-35 -3.8249999999999997 1.0000000180025095e-35 1.0000000180025095e-35 1.4300000000000002 -0.099999999999999992 -0.30999999999999994 -0.92499999999999993 4.5000000000000009 -1.4049999999999996 1.0000000180025095e-35 1.0000000180025095e-35 -0.23499999999999996 -0.8849999999999999
decision_type=2 2 2 2 2 2 2 2 2 2 2 2 2 2
left_child=9 11 6 5 -5 -4 8 -8 -3 -1 12 -2 -11 -12
right_child=1 2 3 4 -6 -7 7 -9 -10 10 13 -13 -14 -15
leaf_value=-0.31366513204349655 0.31240388936097502 -0.084749986187511714 0.053831046406099259 0.074906839543757125 0.4749211404080293 -0.14223916056429267 0.23065863501862302 -0.050947641466663092 -0.34238070137211768 -0.10599940027361331 -0.1123838207581464 0.095002613092723648 -0.28771258758243762 0.032477021202674275
leaf_weight=26 30 75 208 412 24 161 36 120 49 34 25 28 28 32
leaf_count=26 30 75 208 412 24 161 36 120 49 34 25 28 28 32
internal_value=-1.79561e-05 0.0192034 0.00895179 0.0382244 0.0974516 -0.0317858 -0.0751145 0.0145486 -0.187546 -0.151101 -0.114394 0.209212 -0.189757 -0.031431
internal_weight=1288 1143 1085 805 436 369 280 156 124 145 119 58 62 57
internal_count=1288 1143 1085 805 436 369 280 156 124 145 119 58 62 57
is_linear=0
shrinkage=0.03


Tree=42
num_leaves=14
num_cat=2
split_feature=12 2 2 0 12 2 0 0 2 2 2 2 0
split_gain=4781.59 2360.11 6252.47 2361.61 3062.59 1066.28 1055.85 1946.54 1685.17 504.748 2020.2 878.515 411.45
threshold=0 0.90500000000000014 0.79500000000000015 1.8350000000000002 1 1.1050000000000002 -2.7949999999999995 -2.1399999999999992 -0.94499999999999984 -0.14499999999999999 0.17500000000000002 -0.47499999999999992 -2.4649999999999994
decision_type=9 2 2 2 9 2 2 2 2 2 2 2 2
left_child=6 2 3 4 -2 -3 8 12 -1 11 -11 -9 -8
right_child=1 5 -4 -5 -6 -7 7 9 -10 10 -12 -13 -14
leaf_value=-0.12798959943771362 -0.0090162333997761586 -0.31442596089562702 0.55660590851584135 -0.21240241386707012 0.10920435783713862 -0.046499323309284364 -0.1955275915230022 -0.099713264731844511 0.15642031662881373 -0.26060412069913497 -0.029736500453682587 0.059783772336626517 -0.37921981667457738
leaf_weight=37 410 21 21 32 373 36 25 78 37 55 89 51 23
leaf_count=37 410 21 21 32 373 36 25 78 37 55 89 51 23
internal_value=-1.93478e-05 0.0383908 0.0515834 0.0382336 0.0486095 -0.147137 -0.085608 -0.111291 0.0142705 -0.0799875 -0.118532 -0.0366458 -0.286611
internal_weight=1288 893 836 815 783 57 395 321 74 273 144 129 48
internal_count=1288 893 836 815 783 57 395 321 74 273 144 129 48
cat_boundaries=0 1 2
cat_threshold=1734510882 549968
is_linear=0
shrinkage=0.03


Tree=43
num_leaves=22
num_cat=3
split_feature=12 3 12 9 7 1 1 1 2 3 12 2 1 2 1 1 9 2 2 6 2
split_gain=4504.04 2692.63 3383.33 6169.11 5428.36 5362.46 2267.36 2846.64 1375.2 1110.29 1189.82 1867.02 2411.39 1830.25 1586.23 947.143 736.593 805.768 514.541 468.264 290.326
threshold=0 1.0000000180025095e-35 1 1.0000000180025095e-35 1.0000000180025095e-35 -0.66499999999999992 -1.3299999999999998 -0.23499999999999996 -0.54499999999999993 1.0000000180025095e-35 2 -0.084999999999999978 -0.71499999999999986 0.17500000000000002 -1.5849999999999997 -0.83499999999999985 1.0000000180025095e-35 -0.13499999999999998 0.43500000000000005 1.0000000180025095e-35 0.50500000000000012
decision_type=9 2 9 2 2 2 2 2 2 2 9 2 2 2 2 2 2 2 2 2 2
left_child=9 15 6 5 -5 -4 8 -8 -3 19 13 12 -12 14 -11 -2 17 -17 -15 -1 -13
right_child=1 2 3 4 -6 -7 7 -9 -10 10 11 20 -14 18 -16 16 -18 -19 -20 -21 -22
leaf_value=-0.33080549365718193 -0.25270061958038198 -0.038971835158592046 0.19647695009215124 -0.10357636146085808 0.27293334583927403 -0.12402235268742851 0.12960682329651596 -0.060708481914213255 -0.37425245399678003 0.14102022186626087 -0.21046556407844316 -0.37798207423027524 0.12459848911325697 0.25115337133989102 -0.10732434640457317 0.16542202569217215 -0.16977673806277188 -0.094635545126597082 0.05723492323802068 -0.13571589572212914 -0.21429833963712058
leaf_weight=20 29 21 72 41 208 133 115 182 23 27 42 23 35 20 147 20 27 22 32 27 22
leaf_count=20 29 21 72 41 208 133 115 182 23 27 42 23 35 20 147 20 27 22 32 27 22
internal_value=-5.0233e-06 0.0372735 0.0559953 0.108273 0.210842 -0.011238 -0.0163458 0.0130665 -0.216535 -0.0830728 -0.0664744 -0.137576 -0.0583037 -0.0208647 -0.0684773 -0.110301 -0.0490217 0.02962 0.133558 -0.221404 -0.301259
internal_weight=1288 893 795 454 249 205 341 297 44 395 348 122 77 226 174 98 69 42 52 47 45
internal_count=1288 893 795 454 249 205 341 297 44 395 348 122 77 226 174 98 69 42 52 47 45
cat_boundaries=0 1 2 3
cat_threshold=1734510882 548880 1128431616
is_linear=0
shrinkage=0.03


Tree=44
num_leaves=21
num_cat=3
split_feature=12 3 12 9 1 1 1 1 0 2 3 12 0 0 2 0 9 4 6 1
split_gain=4239.44 2535.14 3184.6 5804.76 5176.53 5047.31 2136.13 2736.95 1523.74 1295.57 1046.54 1121.6 2054.45 2120.53 1759.37 3034.76 799.479 2873.09 441.341 277.215
threshold=0 1.0000000180025095e-35 1 1.0000000180025095e-35 -1.5699999999999998 -0.66499999999999992 -1.3299999999999998 0.63500000000000012 -2.2349999999999999 -0.54499999999999993 1.0000000180025095e-35 2 0.10500000000000002 -2.7649999999999992 -0.084999999999999978 -2.1249999999999996 1.0000000180025095e-35 1.0000000180025095e-35 1.0000000180025095e-35 -0.084999999999999978
decision_type=9 2 9 2 2 2 2 2 2 2 2 9 2 2 2 2 2 2 2 2
left_child=10 8 6 5 -5 -4 9 -8 -2 -3 18 12 13 -12 15 -13 17 -10 -1 -16
right_child=1 2 3 4 -6 -7 7 -9 16 -11 11 14 -14 -15 19 -17 -18 -19 -20 -21
leaf_value=-0.32112338517351846 -0.30159791521756152 -0.037829874898112091 0.19062329506010844 0.66194488444560906 0.16320962258725386 -0.12031561964214517 0.047685872782517028 -0.22337323500274062 0.29335543558209443 -0.36326376628875728 0.11258009760881725 -0.25582432236083563 0.18181259217977522 -0.11896558638183694 -0.20390365794335688 0.11928688149962081 -0.14894225849424092 -0.20313259305605075 -0.13171844987869261 -0.3640048274020759
leaf_weight=20 26 21 72 20 229 133 259 38 21 23 47 36 37 142 21 41 31 20 27 24
leaf_count=20 26 21 72 20 229 133 259 38 21 23 47 36 37 142 21 41 31 20 27 24
internal_value=-1.98537e-05 0.0361472 0.0543131 0.105032 0.204527 -0.0108951 -0.0158703 0.0126777 -0.107047 -0.210181 -0.0806106 -0.0644944 -0.0202159 -0.0612245 -0.133526 -0.0565701 -0.0351553 0.0515644 -0.214911 -0.292419
internal_weight=1288 893 795 454 249 205 341 297 98 44 395 348 226 189 122 77 72 41 47 45
internal_count=1288 893 795 454 249 205 341 297 98 44 395 348 226 189 122 77 72 41 47 45
cat_boundaries=0 1 2 3
cat_threshold=1734510882 548880 1128431616
is_linear=0
shrinkage=0.03


Tree=45
num_leaves=15
num_cat=2
split_feature=12 2 0 1 0 0 1 12 2 2 0 11 1 3
split_gain=3980.74 3034.48 4980.77 5098.4 4484.97 3876.09 2697.15 1950.1 2674.17 4130.7 3983.97 1949.45 881.825 1093.76
threshold=0 0.46500000000000002 0.80500000000000016 0.11000000000000001 1.2100000000000002 -0.50499999999999989 -2.5899999999999994 1 -1.1049999999999998 -1.2699999999999998 -1.7349999999999997 6.5000000000000009 0.64500000000000013 1.0000000180025095e-35
decision_type=9 2 2 2 2 2 2 9 2 2 2 2 2 2
left_child=1 2 3 5 -3 -1 -2 12 9 -9 -10 -5 13 -8
right_child=6 4 -4 11 -6 -7 7 8 10 -11 -12 -13 -14 -15
leaf_value=0.094097990726453681 0.30597862479853077 0.015325299319098977 -0.33751542961071518 0.59917871794589728 0.56630225372314447 -0.3301892932222244 -0.23601350554613998 -0.018126712263131339 -0.16140108801280936 0.37807722748382178 0.017545966661312751 0.18603800050602404 -0.25190791691410336 -0.058382729060569044
leaf_weight=110 21 25 25 21 28 23 35 59 150 39 437 21 29 265
leaf_count=110 21 25 25 21 28 23 35 59 150 39 437 21 29 265
internal_value=-3.14508e-05 0.104176 0.0544334 0.111245 0.309036 0.0197407 -0.0262973 -0.0335883 -0.00396261 0.140635 -0.0282749 0.397298 -0.0922426 -0.0794745
internal_weight=1288 253 200 175 53 133 1035 1014 685 98 587 42 329 300
internal_count=1288 253 200 175 53 133 1035 1014 685 98 587 42 329 300
cat_boundaries=0 1 2
cat_threshold=4292 90212650
is_linear=0
shrinkage=0.03


Tree=46
num_leaves=17
num_cat=3
split_feature=12 6 5 1 1 12 1 1 12 1 5 9 1 5 9 9
split_gain=3748.22 3029.12 5240.46 3699.59 2541.12 1994.07 2585.82 5949.94 5755.23 1308.8 1109.93 3005.1 1106.43 556.538 489.358 415.244
threshold=0 1.0000000180025095e-35 1.0000000180025095e-35 -0.38499999999999995 -2.5899999999999994 1 -0.23499999999999996 -0.53499999999999992 2 0.18500000000000003 1.0000000180025095e-35 1.0000000180025095e-35 0.40500000000000008 1.0000000180025095e-35 1.0000000180025095e-35 1.0000000180025095e-35
decision_type=9 2 2 2 2 9 2 2 9 2 2 2 2 2 2 2
left_child=1 2 3 -1 -2 12 7 -7 -8 14 15 -12 13 -6 -4 -3
right_child=4 10 9 -5 5 6 8 -9 -10 -11 11 -13 -14 -15 -16 -17
leaf_value=0.18628138106768247 0.29701273436324538 -0.00095404734109577377 0.039053327374342008 0.67257417755126947 -0.16179634210556446 -0.016327693244290224 -0.13854240852550306 0.27146542388800332 0.10029733767384481 0.19846781893608706 -0.13532252520221774 0.27465182538099686 0.065538202728404368 -0.065469527907454209 -0.16195179358949052 -0.15559314917846465
leaf_weight=30 21 28 20 27 150 275 260 84 129 26 29 35 30 86 23 35
leaf_count=30 21 28 20 27 150 275 260 84 129 26 29 35 30 86 23 35
internal_value=-2.14166e-05 0.101096 0.208992 0.420528 -0.0255088 -0.0325857 -0.00664561 0.0512866 -0.0602856 0.0324334 0.00155591 0.0892267 -0.101318 -0.12692 -0.0690178 -0.0874606
internal_weight=1288 253 126 57 1035 1014 748 359 389 69 127 64 266 236 43 63
internal_count=1288 253 126 57 1035 1014 748 359 389 69 127 64 266 236 43 63
cat_boundaries=0 1 2 3
cat_threshold=4292 1163921706 820240
is_linear=0
shrinkage=0.03


Tree=47
num_leaves=16
num_cat=2
split_feature=12 1 1 1 2 6 5 11 11 12 2 2 5 1 1
split_gain=3694.39 4042.51 2953.21 5300.02 5006.07 2934.16 2096.06 1915.06 1448.92 1138.58 2079.11 2379.94 1855.79 1202.45 1031.26
threshold=0 1.7300000000000002 0.63500000000000012 0.29000000000000009 0.58000000000000007 1.0000000180025095e-35 1.0000000180025095e-35 6.5000000000000009 7.5000000000000009 1 -0.054999999999999993 -0.53499999999999992 1.0000000180025095e-35 -1.2049999999999998 0.42500000000000004
decision_type=9 2 2 2 2 2 2 2 2 9 2 2 2 2 2
left_child=8 2 3 4 -2 -5 -4 -8 9 10 11 -1 13 -11 -14
right_child=1 -3 6 5 -6 -7 7 -9 -10 12 -12 -13 14 -15 -16
leaf_value=-0.2531733561548693 0.036774174783192719 0.41479536560603542 -0.38768764403661088 0.46286027423858639 -0.28577507282072495 0.11310159902572632 0.12102042654582433 -0.1909709581798977 0.14833789634643768 -0.13636290893981706 -0.40005896283812437 0.075706036341619001 -0.090169483997182137 0.068400793433586737 -0.2981582499243996
leaf_weight=43 630 24 22 37 46 52 31 40 24 33 29 36 102 112 27
leaf_count=43 630 24 22 37 46 52 31 40 24 33 29 36 102 112 27
internal_value=-1.47607e-05 0.0344123 0.0239342 0.0433647 0.0146261 0.260314 -0.135242 -0.0548137 -0.0737936 -0.0898622 -0.169211 -0.103733 -0.0503262 0.0214703 -0.134708
internal_weight=1288 882 858 765 676 89 93 71 406 382 108 79 274 145 129
internal_count=1288 882 858 765 676 89 93 71 406 382 108 79 274 145 129
cat_boundaries=0 1 2
cat_threshold=1717733682 102762498
is_linear=0
shrinkage=0.03


Tree=48
num_leaves=20
num_cat=2
split_feature=12 3 12 9 2 11 0 0 2 0 0 0 0 2 3 5 0 0 0
split_gain=3484.21 2355.06 2861.51 5418.3 4949.03 4611.1 1564.25 3195.49 2960.12 1450.67 976.524 1748.38 1550.61 1563.39 923.932 785.55 600.1 523.605 392.501
threshold=0 1.0000000180025095e-35 1 1.0000000180025095e-35 0.21500000000000002 6.5000000000000009 -2.1249999999999996 -0.92499999999999993 -0.56499999999999984 -2.2349999999999999 -2.7949999999999995 -2.1399999999999992 -3.1549999999999998 -0.95499999999999985 1.0000000180025095e-35 1.0000000180025095e-35 -0.82499999999999984 -0.47499999999999992 -2.4649999999999994
decision_type=9 2 9 2 2 2 2 2 2 2 2 2 2 2 2 2 2 2 2
left_child=10 9 6 5 -5 -4 8 -8 -3 -2 12 18 13 -1 -13 -11 -16 -17 -12
right_child=1 2 3 4 -6 -7 7 -9 -10 15 11 14 -14 -15 16 17 -18 -19 -20
leaf_value=-0.20891347800675086 -0.29509957294868971 -0.0038354586148873354 0.049953582685907792 0.10516303076421148 0.39546148656396302 -0.33016241863499513 0.17856157067586789 -0.050504344303952391 -0.37729930064552702 -0.14790424621672857 -0.17536479574091296 -0.21561298746137475 0.24546378400849134 0.11199449876827353 0.010386635479331016 0.15890500906618632 -0.086139719246935337 -0.053224351328472752 -0.35376447234255198
leaf_weight=29 26 58 171 173 76 34 79 176 28 31 25 33 20 25 97 20 143 21 23
leaf_count=29 26 58 171 173 76 34 79 176 28 31 25 33 20 25 97 20 143 21 23
internal_value=-2.12492e-05 0.0327663 0.050253 0.0983381 0.194395 -0.0137254 -0.0162127 0.02066 -0.126941 -0.105268 -0.073082 -0.097551 0.0231533 -0.0606255 -0.0679027 -0.0351139 -0.047174 0.0508489 -0.263676
internal_weight=1288 893 795 454 249 205 341 255 86 98 395 321 74 54 273 72 240 41 48
internal_count=1288 893 795 454 249 205 341 255 86 98 395 321 74 54 273 72 240 41 48
cat_boundaries=0 1 2
cat_threshold=1734510882 548880
is_linear=0
shrinkage=0.03


Tree=49
num_leaves=16
num_cat=2
split_feature=12 2 0 1 0 1 1 11 12 2 2 2 2 2 0
split_gain=3296.38 2748.39 4783.02 4792.22 4064.14 3709.07 2381.87 1875.87 1784.95 2786.12 4069.99 3358.37 1088.79 2189.24 1216.79
threshold=0 0.46500000000000002 0.80500000000000016 0.11000000000000001 1.2100000000000002 -0.80499999999999994 -2.5899999999999994 6.5000000000000009 1 -1.1049999999999998 -1.2699999999999998 -0.97499999999999987 0.20500000000000004 -0.084999999999999978 0.29500000000000004
decision_type=9 2 2 2 2 2 2 2 9 2 2 2 2 2 2
left_child=1 2 3 5 -3 -1 -2 -5 12 10 -10 -11 13 -8 -14
right_child=6 4 -4 7 -6 -7 8 -9 9 11 -12 -13 14 -15 -16
leaf_value=0.20488441438521812 0.28832251954078675 0.010073903476490694 -0.33676546970009802 0.57824530466212776 0.53447431177841986 -0.11642653274985977 -0.084649592924166489 0.17338924439008846 -0.009706154376983642 -0.30869581296958332 0.38288527475084572 -0.012464363591085145 0.20630637335195773 -0.33950184846904174 -0.10417592314411613
leaf_weight=54 21 25 25 21 28 79 184 21 62 36 38 613 20 36 25
leaf_count=54 21 25 25 21 28 79 184 21 62 36 38 613 20 36 25
internal_value=-3.2951e-05 0.0947944 0.0472963 0.102983 0.289578 0.0142868 -0.0239347 0.380309 -0.0307794 -0.00629735 0.140611 -0.0291259 -0.0959705 -0.127042 0.034501
internal_weight=1288 253 200 175 53 133 1035 42 1014 749 100 649 265 220 45
internal_count=1288 253 200 175 53 133 1035 42 1014 749 100 649 265 220 45
cat_boundaries=0 1 2
cat_threshold=4292 90310954
is_linear=0
shrinkage=0.03


Tree=50
num_leaves=17
num_cat=2
split_feature=3 12 9 1 1 0 1 1 1 12 1 1 0 9 1 6
split_gain=3205.18 4424.83 10036 7150.29 9038.82 3423.67 4273.37 2254.14 1669.75 2363.09 2339.2 808.218 677.262 575.883 1118.19 684.842
threshold=1.0000000180025095e-35 0 1.0000000180025095e-35 -0.7599999999999999 -1.2699999999999998 1.7450000000000003 0.11000000000000001 -2.3349999999999995 -0.53499999999999992 1 -0.23499999999999996 -1.4049999999999996 -1.325 1.0000000180025095e-35 -0.36999999999999994 1.0000000180025095e-35
decision_type=2 9 2 2 2 2 2 2 2 9 2 2 2 2 2 2
left_child=11 2 3 4 -2 6 -4 -3 9 -9 -10 -1 -5 15 -15 -13
right_child=1 7 5 12 -6 -7 -8 8 10 -11 -12 13 -14 14 -16 -17
leaf_value=-0.28303732121215674 -0.23783137612808042 0.27132648364533768 0.2123884800715341 -0.38111025499716034 0.60958365232804246 -0.066126927566528326 0.56640956536343212 0.025057260339327581 0.13335163952460127 -0.14283420605547079 -0.025628058047286809 -0.13425359221327471 -0.18057152081050459 -0.008117013232652532 -0.29488618517730192 0.05353159243127574
leaf_weight=26 20 23 90 20 25 22 47 122 104 191 410 35 69 21 29 34
leaf_count=26 20 23 90 20 25 22 47 122 104 191 410 35 69 21 29 34
internal_value=-1.94797e-05 0.0168528 0.115117 -0.072094 0.234414 0.279861 0.335481 -0.0182033 -0.0266382 -0.0812058 0.00663154 -0.132641 -0.227547 -0.0987098 -0.175775 -0.0419592
internal_weight=1288 1143 293 134 45 159 137 850 827 313 514 145 89 119 50 69
internal_count=1288 1143 293 134 45 159 137 850 827 313 514 145 89 119 50 69
cat_boundaries=0 1 2
cat_threshold=266372 2654224
is_linear=0
shrinkage=0.03


Tree=51
num_leaves=15
num_cat=2
split_feature=12 1 1 1 2 6 9 11 12 2 2 2 2 2
split_gain=3084.15 3764.74 2913.5 4798.85 4834.34 2720.82 1671.8 1360.88 1013.18 1923.24 2212.98 900.357 1470.76 646.001
threshold=0 1.7300000000000002 0.63500000000000012 0.29000000000000009 0.58000000000000007 1.0000000180025095e-35 1.0000000180025095e-35 7.5000000000000009 1 -0.054999999999999993 -0.53499999999999992 -1.1249999999999998 -0.73499999999999988 0.70500000000000007
decision_type=9 2 2 2 2 2 2 2 9 2 2 2 2 2
left_child=7 2 3 4 -2 -5 -4 8 9 10 -1 -10 -13 -8
right_child=1 -3 6 5 -6 -7 13 -9 11 -11 -12 12 -14 -15
leaf_value=-0.23837285380527889 0.035000331981339498 0.39847004489509419 0.012904694505884676 0.44204548732757565 -0.28196776414686631 0.10530160362890788 -0.15072261454945521 0.14789064404185936 0.098404792123766086 -0.37917523083444366 0.078717808259954072 -0.23769978763530777 -0.035291946375280325 -0.3640288828078736
leaf_weight=43 630 24 39 37 46 52 31 24 33 29 36 38 203 23
leaf_count=43 630 24 39 37 46 52 31 24 33 29 36 38 203 23
internal_value=-4.50923e-05 0.0314107 0.0212796 0.0405803 0.0132346 0.247017 -0.13682 -0.0674554 -0.082932 -0.157651 -0.0942518 -0.0458235 -0.0676454 -0.244137
internal_weight=1288 882 858 765 676 89 93 406 382 108 79 274 241 54
internal_count=1288 882 858 765 676 89 93 406 382 108 79 274 241 54
cat_boundaries=0 1 2
cat_threshold=1717733682 102762498
is_linear=0
shrinkage=0.03


Tree=52
num_leaves=18
num_cat=3
split_feature=3 12 9 1 1 1 1 1 1 1 12 12 2 1 5 1 2
split_gain=2997.09 4095.62 9488.27 6774.55 8521.55 3305 8340.56 4223.69 2116.4 1553.05 2293.55 2237.7 1298.64 766.118 678.017 546.457 392.044
threshold=1.0000000180025095e-35 0 1.0000000180025095e-35 -0.7599999999999999 -1.2699999999999998 -0.35499999999999993 0.11000000000000001 -0.74499999999999988 -2.3349999999999995 -0.53499999999999992 1 2 -0.41499999999999992 -1.4049999999999996 1.0000000180025095e-35 -0.23499999999999996 -0.13499999999999998
decision_type=2 9 2 2 2 2 2 2 2 2 9 9 2 2 2 2 2
left_child=13 2 3 4 -2 7 -7 -4 -3 11 -11 -10 -5 -1 15 -15 -16
right_child=1 8 5 12 -6 6 -8 -9 9 10 -12 -13 -14 14 16 -17 -18
leaf_value=-0.27471172735826027 -0.23143099067269302 0.26308584515591887 0.24883043546196235 -0.064287798115185327 0.59137110923318292 -0.18157342321222478 0.37080277380456017 0.80335240579814438 0.025046798668155131 -0.056850540940898982 0.067417384657082621 -0.13824088677453344 -0.30584681142293491 -0.080717731683150593 0.056610201328487715 -0.26078473382247119 -0.099423967938674127
leaf_weight=26 20 23 33 31 25 38 68 20 122 253 261 191 58 34 29 28 28
leaf_count=26 20 23 33 31 25 38 68 20 122 253 261 191 58 34 29 28 28
internal_value=-4.78903e-05 0.0162675 0.110806 -0.07126 0.227091 0.270953 0.17283 0.463692 -0.0174603 -0.0256316 0.00645423 -0.0782579 -0.222571 -0.128293 -0.0952612 -0.163522 -0.020184
internal_weight=1288 1143 293 134 45 159 106 53 850 827 514 313 89 145 119 62 57
internal_count=1288 1143 293 134 45 159 106 53 850 827 514 313 89 145 119 62 57
cat_boundaries=0 1 2 3
cat_threshold=266372 537429018 2654224
is_linear=0
shrinkage=0.03


Tree=53
num_leaves=17
num_cat=2
split_feature=3 12 9 1 1 0 1 1 1 1 12 1 0 5 1 0
split_gain=2822.4 3859.37 8933.95 6379.44 8028.37 3253.57 3871.3 1994.27 1465.54 2209.17 2112.86 721.699 653.394 638.606 514.734 306.565
threshold=1.0000000180025095e-35 0 1.0000000180025095e-35 -0.7599999999999999 -1.2699999999999998 1.7450000000000003 0.11000000000000001 -2.3349999999999995 -0.53499999999999992 -0.23499999999999996 1 -1.4049999999999996 -1.325 1.0000000180025095e-35 -0.23499999999999996 -0.8849999999999999
decision_type=2 9 2 2 2 2 2 2 2 2 9 2 2 2 2 2
left_child=11 2 3 4 -2 6 -4 -3 10 -10 -9 -1 -5 14 -13 -15
right_child=1 7 5 12 -6 -7 -8 8 9 -11 -12 13 -14 15 -16 -17
leaf_value=-0.2666258740547412 -0.22465740317833133 0.25536118545938047 0.20002732227899092 -0.36662411216410196 0.57397783716987161 -0.074161491266886384 0.53695412496140127 0.024354940228079852 0.12941489495700625 -0.025082917116083264 -0.1343097678958704 -0.078331289104793381 -0.16991868580588335 -0.097345936782219825 -0.2530984493556776 0.041630912986168486
leaf_weight=26 20 23 90 20 25 22 47 122 104 410 191 34 69 25 28 32
leaf_count=26 20 23 90 20 25 22 47 122 104 410 191 34 69 25 28 32
internal_value=-6.18892e-05 0.0157708 0.107542 -0.0691241 0.220395 0.262941 0.317169 -0.0169693 -0.0249016 0.0062669 -0.0760236 -0.124513 -0.215957 -0.0924523 -0.1587 -0.0195881
internal_weight=1288 1143 293 134 45 159 137 850 827 514 313 145 89 119 62 57
internal_count=1288 1143 293 134 45 159 137 850 827 514 313 145 89 119 62 57
cat_boundaries=0 1 2
cat_threshold=266372 2654224
is_linear=0
shrinkage=0.03


Tree=54
num_leaves=15
num_cat=2
split_feature=12 1 0 0 12 0 6 0 0 0 0 2 0 0
split_gain=2641.58 3539.47 2758.74 2910.34 3909.86 2223.23 1694 1178.58 1541.91 1204.36 1863.42 1802.3 1187.2 852.421
threshold=0 1.7300000000000002 -3.8249999999999997 -2.1249999999999996 1 -2.3649999999999998 1.0000000180025095e-35 -2.9949999999999997 -2.1399999999999992 -0.81499999999999984 -1.075 0.6150000000000001 -3.5649999999999995 -2.4649999999999994
decision_type=9 2 2 2 9 2 2 2 2 2 2 2 2 2
left_child=7 2 6 5 -5 -4 -2 12 13 10 -10 -11 -1 -9
right_child=1 -3 3 4 -6 -7 -8 8 9 11 -12 -13 -14 -15
leaf_value=-0.073822652136792941 0.38617296919389205 0.38380413530310803 -0.046864153359123466 -0.059599370468121304 0.09137065605657782 -0.30082678295690801 0.072060339356121952 -0.13153487694458882 -0.057452682878611223 -0.16342642837861276 0.21838141296632954 0.057799691902117784 0.22494735431671142 -0.38286859343772706
leaf_weight=24 27 24 146 243 391 39 36 30 79 131 30 44 23 21
leaf_count=24 27 24 146 243 391 39 36 30 79 131 30 44 23 21
internal_value=-8.49383e-05 0.0278034 0.018216 0.00344066 0.0340014 -0.101085 0.208708 -0.0652082 -0.0866523 -0.0591295 0.0190881 -0.107781 0.0731496 -0.237796
internal_weight=1288 906 882 819 634 185 63 382 335 284 109 175 47 51
internal_count=1288 906 882 819 634 185 63 382 335 284 109 175 47 51
cat_boundaries=0 1 2
cat_threshold=1684179250 50594888
is_linear=0
shrinkage=0.03


Tree=55
num_leaves=18
num_cat=1
split_feature=3 12 2 2 0 11 0 0 0 0 6 0 0 2 11 6 2
split_gain=2647.1 3583.36 3717.81 3563.71 7121.12 6582.5 1990.25 2983.13 2177.81 1494.72 870.807 687.506 1038.79 565.523 901.094 250.234 210.713
threshold=1.0000000180025095e-35 0 1.1400000000000001 0.17500000000000002 0.23500000000000001 6.5000000000000009 -2.1249999999999996 -2.5949999999999993 -1.9949999999999999 -1.6849999999999998 1.0000000180025095e-35 -1.8499999999999999 -3.4999999999999996 -0.084999999999999978 4.5000000000000009 1.0000000180025095e-35 -0.58499999999999985
decision_type=2 9 2 2 2 2 2 2 2 2 2 2 2 2 2 2 2
left_child=11 6 3 4 -3 -5 7 10 -8 -10 -2 12 -1 14 -13 -15 -9
right_child=1 2 -4 5 -6 -7 8 16 9 -11 -12 13 -14 15 -16 -17 -18
leaf_value=-0.049093107210596398 -0.1078373631497363 0.084588453547990411 -0.25890897906836813 0.35663573791344133 -0.33035679127365708 -0.093025742407406076 0.29857625330948251 -0.26078772327774452 -0.22029636359019358 -0.0016014180623457348 0.061270240978243642 0.14657777079870535 -0.32102756313026926 -0.075656500719031503 -0.11480785053181199 -0.21765955880482993 -0.40369260518143812
leaf_weight=22 71 361 29 95 41 42 20 28 30 362 44 21 30 24 26 22 20
leaf_count=22 71 361 29 95 41 42 20 28 30 362 44 21 30 24 26 22 20
internal_value=-7.2454e-05 0.0152606 0.0679866 0.087064 0.0419029 0.218925 -0.0373642 -0.126575 -0.00285755 -0.0186052 -0.0431242 -0.120597 -0.207599 -0.0710686 0.00223187 -0.145246 -0.323941
internal_weight=1288 1143 568 539 402 137 575 163 412 392 115 145 52 93 47 46 48
internal_count=1288 1143 568 539 402 137 575 163 412 392 115 145 52 93 47 46 48
cat_boundaries=0 1
cat_threshold=1701462322
is_linear=0
shrinkage=0.03


Tree=56
num_leaves=18
num_cat=3
split_feature=3 12 9 1 1 1 1 1 1 1 12 12 1 0 6 0 1
split_gain=2492.74 3404.21 8448.63 5978.53 7559.9 3160.17 7761.26 4014.46 1832.99 1331.75 2151.15 1977.53 676.218 604.565 533.735 1657.3 1441.83
threshold=1.0000000180025095e-35 0 1.0000000180025095e-35 -0.7599999999999999 -1.2699999999999998 -0.35499999999999993 0.11000000000000001 -0.74499999999999988 -2.3349999999999995 -0.53499999999999992 1 2 -1.4049999999999996 -1.325 1.0000000180025095e-35 -0.8849999999999999 -0.36999999999999994
decision_type=2 9 2 2 2 2 2 2 2 2 9 9 2 2 2 2 2
left_child=12 2 3 4 -2 7 -7 -4 -3 11 -11 -10 -1 -5 15 -14 -16
right_child=1 8 5 13 -6 6 -8 -9 9 10 -12 -13 14 -15 16 -17 -18
leaf_value=-0.25457337393400803 -0.22242780345823707 0.24513198475127526 0.23115595623984261 -0.35811537871128174 0.55250187750423652 -0.18565473152755144 0.34712971740243209 0.77139252430636707 0.024654654833280814 -0.055151302601739165 0.065196540179461734 -0.12870062725978068 -0.2977934938647917 -0.16870329907214898 0.14942053250705495 0.028707740334903489 -0.14144849522082836
leaf_weight=26 20 23 33 20 25 38 68 20 122 253 261 191 31 69 25 25 38
leaf_count=26 20 23 33 20 25 38 68 20 122 253 261 191 31 69 25 25 38
internal_value=-8.83143e-05 0.0147909 0.100981 -0.070931 0.209363 0.251981 0.156128 0.440379 -0.0159574 -0.0235588 0.00615256 -0.0722917 -0.117046 -0.213064 -0.0860334 -0.153017 -0.0257093
internal_weight=1288 1143 293 134 45 159 106 53 850 827 514 313 145 89 119 56 63
internal_count=1288 1143 293 134 45 159 106 53 850 827 514 313 145 89 119 56 63
cat_boundaries=0 1 2 3
cat_threshold=266372 537429018 2654224
is_linear=0
shrinkage=0.03


Tree=57
num_leaves=17
num_cat=2
split_feature=12 0 0 12 0 2 3 2 6 0 0 0 0 2 0 0
split_gain=2357.51 2335.61 3176.55 3309.29 3330.84 2823.32 2577.13 1991.92 1597.62 1111.54 1392.43 1138.79 1733.86 1719.5 1110.1 765.67
threshold=0 -3.8249999999999997 -2.0449999999999995 1 -0.52999999999999992 0.89500000000000013 1.0000000180025095e-35 -0.59499999999999986 1.0000000180025095e-35 -2.9949999999999997 -2.1399999999999992 -0.81499999999999984 -1.075 0.6150000000000001 -3.5649999999999995 -2.4649999999999994
decision_type=9 2 2 9 2 2 2 2 2 2 2 2 2 2 2 2
left_child=9 8 6 4 -4 -5 -3 -8 -2 14 15 12 -12 -13 -1 -11
right_child=1 2 3 5 -6 -7 7 -9 -10 10 11 13 -14 -15 -16 -17
leaf_value=-0.069369746147369848 0.37433713026913729 -0.41030053307951947 0.26678452713903855 0.017790419639344236 0.037874432286996947 -0.25517142621994016 0.024174658201398892 -0.18179269459299796 0.069302156709644902 -0.12530273340178319 -0.054033113465556559 -0.1579125794171154 0.21204016459183614 0.058159001907605805 0.21955273217850543 -0.3635414166561392
leaf_weight=24 27 20 102 376 130 37 110 68 36 30 79 131 30 44 23 21
leaf_count=24 27 20 102 376 130 37 110 68 36 30 79 131 30 44 23 21
internal_value=-0.000100465 0.0262459 0.0133071 0.0455774 0.133159 -0.00677175 -0.0916507 -0.0547815 0.201997 -0.0616224 -0.0824045 -0.056249 0.0198045 -0.103558 0.0727775 -0.226036
internal_weight=1288 906 843 645 232 413 198 178 63 382 335 284 109 175 47 51
internal_count=1288 906 843 645 232 413 198 178 63 382 335 284 109 175 47 51
cat_boundaries=0 1 2
cat_threshold=1684179250 20612
is_linear=0
shrinkage=0.03


Tree=58
num_leaves=21
num_cat=1
split_feature=3 12 6 7 5 1 1 7 0 1 1 0 1 7 1 0 1 0 5 1
split_gain=2297.64 3087.64 3254 12077.2 5321.83 4779.43 3421.25 2225.54 1530.88 2288.32 3504.09 2233.96 1618.04 938.379 620.672 1193.06 563.435 1648.56 527.286 163.824
threshold=1.0000000180025095e-35 0 1.0000000180025095e-35 1.0000000180025095e-35 1.0000000180025095e-35 -1.5099999999999998 -1.0000000180025095e-35 1.0000000180025095e-35 -2.1249999999999996 0.63500000000000012 0.36500000000000005 -2.5949999999999993 -1.9549999999999998 1.0000000180025095e-35 -0.83499999999999985 -3.4999999999999996 -0.36999999999999994 -0.94499999999999984 1.0000000180025095e-35 -0.90999999999999992
decision_type=2 9 2 2 2 2 2 2 2 2 2 2 2 2 2 2 2 2 2 2
left_child=14 8 3 6 -5 -4 -3 -7 11 10 -10 12 -2 -11 15 -1 -16 -18 -19 -13
right_child=1 2 5 4 -6 7 -8 -9 9 13 -12 19 -14 -15 16 -17 17 18 -20 -21
leaf_value=-0.029076423473829445 0.19223238865164824 -0.34780738033216024 0.3604267796340741 0.38653714370727538 0.093119262220632965 0.15341889124606028 0.077348460053497894 -0.085854867481945346 -0.013486931526116307 -0.34547628224477533 0.27207440359137031 -0.22318452310075565 -0.096752025326844793 -0.08787139562150123 0.047621151820096096 -0.33029123265526505 -0.32468122425874074 -0.12447725193999533 0.073840074348449705 -0.34909500660287568
leaf_weight=21 21 48 28 113 110 41 26 223 295 20 44 24 92 35 27 27 22 21 27 23
leaf_count=21 21 48 28 113 110 41 26 223 295 20 44 24 92 35 27 27 22 21 27 23
internal_value=-0.000101239 0.0141837 0.0613832 0.132255 0.242347 -0.00869578 -0.198871 -0.0484638 -0.0364519 -0.00527953 0.0239144 -0.115211 -0.0424103 -0.183868 -0.112389 -0.20023 -0.0680862 -0.11278 -0.0132507 -0.28789
internal_weight=1288 1143 589 297 223 292 74 264 554 394 339 160 113 55 145 48 97 70 48 47
internal_count=1288 1143 589 297 223 292 74 264 554 394 339 160 113 55 145 48 97 70 48 47
cat_boundaries=0 1
cat_threshold=1701331250
is_linear=0
shrinkage=0.03


Tree=59
num_leaves=15
num_cat=2
split_feature=12 2 2 1 1 12 1 1 1 1 1 1 2 6
split_gain=2164.69 2223.6 5700.97 2322.65 9193.39 6413.01 2103.75 906.771 570.535 2096.74 1418.37 2081.96 1114.19 490.756
threshold=0 0.90500000000000014 0.79500000000000015 -0.23499999999999996 -0.39999999999999997 1 0.62000000000000011 -1.845 -0.53499999999999992 -0.38499999999999995 -1.0449999999999997 -1.3299999999999998 0.72500000000000009 1.0000000180025095e-35
decision_type=9 2 2 2 2 9 2 2 2 2 2 2 2 2
left_child=7 2 3 4 -2 -5 -3 -1 10 -10 11 -9 -11 -12
right_child=1 6 -4 5 -6 -7 -8 8 9 12 13 -13 -14 -15
leaf_value=0.11101097628649544 0.023504514272907312 0.026826443656016205 0.51946064292552852 -0.11697650475580001 0.46413076332180769 0.11063689236642486 -0.33247837109484912 -0.15706348201130213 0.23878752162844638 -0.10659165076719652 -0.27040840415201689 0.16473159866645687 0.10121643554514105 -0.1049984431986539
leaf_weight=25 352 29 21 257 48 181 29 44 21 151 47 30 27 26
leaf_count=25 352 29 21 257 48 181 29 44 21 151 47 30 27 26
internal_value=-0.000106508 0.0246352 0.0370749 0.0246803 0.0769006 -0.0230359 -0.154081 -0.0602604 -0.0745256 -0.0412293 -0.119287 -0.0263357 -0.0748582 -0.212651
internal_weight=1288 917 859 838 400 438 58 371 346 199 147 74 178 73
internal_count=1288 917 859 838 400 438 58 371 346 199 147 74 178 73
cat_boundaries=0 1 2
cat_threshold=1700956450 34341972
is_linear=0
shrinkage=0.03


Tree=60
num_leaves=18
num_cat=1
split_feature=3 12 9 2 2 2 2 1 1 2 0 0 0 1 5 1 2
split_gain=2153.96 2943.55 7817.12 5806.93 3202.44 11873.2 6206.95 3195.56 1584.86 1456.19 1254.51 3438.19 2043.6 607.229 575.826 447.565 370.856
threshold=1.0000000180025095e-35 0 1.0000000180025095e-35 -0.40499999999999997 0.21500000000000002 0.68000000000000005 -0.34499999999999992 -0.7599999999999999 -2.3349999999999995 0.065000000000000016 -3.4499999999999997 -3.0649999999999995 -4.1149999999999993 -1.4049999999999996 1.0000000180025095e-35 -0.23499999999999996 -0.13499999999999998
decision_type=2 9 2 2 2 2 2 2 2 2 2 2 2 2 2 2 2
left_child=13 2 3 7 6 -6 -4 -2 -3 -5 12 -12 -10 -1 15 -15 -16
right_child=1 8 4 9 5 -7 -8 -9 10 -11 11 -13 -14 14 16 -17 -18
leaf_value=-0.23912161159515383 0.36912256433195983 0.22791727358229619 0.35133347712344482 -0.42482340160716664 0.97218411121811976 0.047534767510461026 -0.10374582898978031 -0.062840662693977367 0.06097489164873611 -0.14599778822929627 0.27185098431616606 -0.026404240136694131 -0.32222772907429054 -0.067507156413534428 0.064267956722717151 -0.2303181320993524 -0.087471532156592924
leaf_weight=26 29 23 59 27 21 30 49 32 21 46 36 740 30 34 29 28 28
leaf_count=26 29 23 59 27 21 30 49 32 21 46 36 740 30 34 29 28 28
internal_value=-9.66886e-05 0.0137344 0.0938812 -0.0715818 0.23902 0.434073 0.145308 0.143802 -0.0148573 -0.251354 -0.021926 -0.0123977 -0.16532 -0.108817 -0.0794401 -0.142337 -0.010331
internal_weight=1288 1143 293 134 159 51 108 61 850 73 827 776 51 145 119 62 57
internal_count=1288 1143 293 134 159 51 108 61 850 73 827 776 51 145 119 62 57
cat_boundaries=0 1
cat_threshold=266372
is_linear=0
shrinkage=0.03


Tree=61
num_leaves=19
num_cat=3
split_feature=3 12 9 2 6 2 2 2 1 2 1 12 12 1 0 9 2 1
split_gain=2029.22 2771.97 7362.46 5469.2 7374.4 3018.87 11187.7 5843.33 1493 1371.96 1206.23 1959.26 1852.71 576.181 1133.73 605.17 914.333 186.568
threshold=1.0000000180025095e-35 0 1.0000000180025095e-35 -0.40499999999999997 1.0000000180025095e-35 0.21500000000000002 0.68000000000000005 -0.34499999999999992 -2.3349999999999995 0.065000000000000016 -0.53499999999999992 1 2 -0.83499999999999985 -3.4999999999999996 1.0000000180025095e-35 -0.13499999999999998 -0.18999999999999997
decision_type=2 9 2 2 2 2 2 2 2 2 2 9 9 2 2 2 2 2
left_child=13 2 3 4 -2 7 -7 -4 -3 -5 12 -12 -10 14 -1 16 -15 -17
right_child=1 8 5 9 -6 6 -8 -9 10 -11 11 -13 -14 15 -16 17 -18 -19
leaf_value=-0.023511478695065473 0.50519176791364484 0.22122524594246074 0.34088204417734586 -0.41231042071255769 -0.15381997387823851 0.94369686179937318 0.046132096486013442 -0.10066488395676469 0.025888919808167331 -0.14166494678681896 -0.051546489073440734 0.063317197056147592 -0.12228784031226822 0.11737984865802831 -0.31700828825777222 -0.0808926401836116 -0.1230739189754833 -0.2118170767939368
leaf_weight=21 27 23 59 27 34 21 30 49 122 46 253 261 191 29 27 20 27 21
leaf_count=21 27 23 59 27 34 21 30 49 122 46 253 261 191 29 27 20 27 21
internal_value=-8.62355e-05 0.0133383 0.091114 -0.0694645 0.139561 0.231969 0.42135 0.140982 -0.0144077 -0.243931 -0.0212684 0.00700703 -0.0676482 -0.105611 -0.190231 -0.0629456 0.00133049 -0.149768
internal_weight=1288 1143 293 134 61 159 51 108 850 73 827 514 313 145 48 97 56 41
internal_count=1288 1143 293 134 61 159 51 108 850 73 827 514 313 145 48 97 56 41
cat_boundaries=0 1 2 3
cat_threshold=266372 537429018 2654224
is_linear=0
shrinkage=0.03


Tree=62
num_leaves=12
num_cat=2
split_feature=12 2 0 1 0 0 0 0 2 12 2
split_gain=1913.72 2614.49 4364.2 4167.93 4019.94 3365.46 1710.83 2883.84 2859.31 1987.34 1778.56
threshold=0 0.46500000000000002 0.80500000000000016 0.17000000000000001 1.2100000000000002 -0.50499999999999989 1.9350000000000003 1.6050000000000002 0.90500000000000014 1 0.87500000000000011
decision_type=9 2 2 2 2 2 2 2 2 9 2
left_child=1 2 3 5 -3 -1 7 8 9 -2 -8
right_child=6 4 -4 -5 -6 -7 10 -9 -10 -11 -12
leaf_value=0.076819772550713109 -0.12693093307519798 -0.015926091558793012 -0.34169301288268139 0.36866091639559029 0.50486494330355991 -0.29308280106457796 -0.40594745151008044 0.33317042165578797 -0.31415389251708981 0.0067680021952947079 -0.017009544881184897
leaf_weight=113 103 25 25 35 28 27 20 21 28 841 22
leaf_count=113 103 25 25 35 28 27 20 21 28 841 22
internal_value=-9.73791e-05 0.072156 0.0250901 0.0783289 0.2613 0.00467094 -0.0183085 -0.0104992 -0.0180947 -0.00914845 -0.204886
internal_weight=1288 253 200 175 53 140 1035 993 972 944 42
internal_count=1288 253 200 175 53 140 1035 993 972 944 42
cat_boundaries=0 1 2
cat_threshold=4292 1145047042
is_linear=0
shrinkage=0.03


Tree=63
num_leaves=17
num_cat=2
split_feature=3 12 9 1 1 0 1 1 0 0 12 0 1 5 1 0
split_gain=1914.18 2498.09 6934.66 5196.93 7129.73 3023.74 3746.18 1399.41 1170.38 4048.76 1836.78 577.966 565.482 535.809 422.382 262.946
threshold=1.0000000180025095e-35 0 1.0000000180025095e-35 -0.7599999999999999 -1.2699999999999998 1.7450000000000003 0.11000000000000001 -2.3349999999999995 -1.2149999999999996 -0.83499999999999985 1 -1.325 -1.4049999999999996 1.0000000180025095e-35 -0.23499999999999996 -0.52999999999999992
decision_type=2 9 2 2 2 2 2 2 2 2 9 2 2 2 2 2
left_child=12 2 3 4 -2 6 -4 -3 10 -10 -9 -5 -1 14 -14 -15
right_child=1 7 5 11 -6 -7 -8 8 9 -11 -12 -13 13 15 -16 -17
leaf_value=-0.22833939265979911 -0.22694004294930434 0.21470165341965697 0.16077294231251457 -0.3433403998235377 0.52549397345150217 -0.10107903467814128 0.49168628721111696 0.038698818099121797 0.21586435845676732 -0.026894460407108429 -0.10364241949929667 -0.15837590562418211 -0.062322376002436099 0.047001558479088455 -0.22039617453123395 -0.082313170997463936
leaf_weight=26 20 23 90 20 25 22 47 116 73 389 249 69 34 33 28 24
leaf_count=26 20 23 90 20 25 22 47 116 73 389 249 69 34 33 28 24
internal_value=-0.000125118 0.0129133 0.0867446 -0.0691508 0.192194 0.22339 0.275695 -0.0134314 -0.0200679 0.0116489 -0.0601828 -0.20166 -0.102615 -0.0742806 -0.134951 -0.00763688
internal_weight=1288 1143 293 134 45 159 137 850 827 462 365 89 145 119 62 57
internal_count=1288 1143 293 134 45 159 137 850 827 462 365 89 145 119 62 57
cat_boundaries=0 1 2
cat_threshold=266372 2654216
is_linear=0
shrinkage=0.03


Tree=64
num_leaves=13
num_cat=1
split_feature=1 12 1 1 1 1 11 1 7 3 6 6
split_gain=1886.94 2334.52 4280.82 2091.74 4330.55 3229.04 3721.84 1771.59 2982.71 1151.54 1140.82 32.0623
threshold=1.9100000000000001 0 0.60500000000000009 0.29000000000000009 0.39500000000000007 0.20500000000000004 7.5000000000000009 -1.5699999999999998 1.0000000180025095e-35 1.0000000180025095e-35 1.0000000180025095e-35 1.0000000180025095e-35
decision_type=2 9 2 2 2 2 2 2 2 2 2 2
left_child=1 2 7 5 -5 6 -3 8 -1 -9 -6 -4
right_child=-2 3 11 4 10 -7 -8 9 -10 -11 -12 -13
leaf_value=-0.11269414946864893 0.27855761492529579 -0.0048163137170379056 -0.29921451649554937 0.43496698097955605 0.14747934431253476 -0.33782508004639217 0.32568302512077185 -0.19017225030786108 0.34830265893069173 -0.032340142576152864 -0.015562191016933461 -0.39237085796565535
leaf_weight=23 21 543 21 31 64 24 32 47 27 339 96 20
leaf_count=23 21 543 21 31 64 24 32 47 27 339 96 20
internal_value=-0.000134988 -0.00486463 -0.0565505 0.0267326 0.113379 -0.000516568 0.0138385 -0.0299786 0.137169 -0.051787 0.049892 -0.348909
internal_weight=1288 1267 477 790 191 599 575 436 50 386 160 41
internal_count=1288 1267 477 790 191 599 575 436 50 386 160 41
cat_boundaries=0 1
cat_threshold=1699121442
is_linear=0
shrinkage=0.03


Tree=65
num_leaves=9
num_cat=0
split_feature=1 1 1 0 0 9 1 0
split_gain=1795.39 2407.59 4199.33 2217.1 4909.58 1371.66 1181.24 497.207
threshold=1.7300000000000002 0.63500000000000012 0.54500000000000015 1.1150000000000004 0.47000000000000003 1.0000000180025095e-35 0.8600000000000001 1.3400000000000003
decision_type=2 2 2 2 2 2 2 2
left_child=1 2 3 4 -1 6 -3 -7
right_child=-2 5 -4 -5 -6 7 -8 -9
leaf_value=0.0060518945667951164 0.21336929323362266 -0.19571376472566185 0.33876988775605582 0.25434114511134259 -0.27894362663393435 -0.29878313108112498 0.091821495153333835 -0.13775479680841618
leaf_weight=1009 34 20 33 29 57 34 34 38
leaf_count=1009 34 20 33 29 57 34 34 38
internal_value=-0.000129331 -0.0060031 0.00790871 -0.00220977 -0.0093079 -0.13011 -0.0154365 -0.215373
internal_weight=1288 1254 1128 1095 1066 126 54 72
internal_count=1288 1254 1128 1095 1066 126 54 72
is_linear=0
shrinkage=0.03


Tree=66
num_leaves=14
num_cat=1
split_feature=12 1 0 0 2 0 0 0 1 5 0 0 0
split_gain=1820.27 3080.76 3246.8 2843.43 3788.34 1247.74 2939.08 1059.77 1132.81 617.974 1686.46 1542.36 600.199
threshold=0 1.7300000000000002 1.7450000000000003 1.2850000000000004 0.58000000000000007 -2.6149999999999998 -2.1399999999999992 -3.1549999999999998 -1.5699999999999998 1.0000000180025095e-35 -0.66499999999999992 0.7350000000000001 2.3800000000000003
decision_type=9 2 2 2 2 2 2 2 2 2 2 2 2
left_child=5 2 3 4 -2 7 -7 8 -1 11 -11 -8 -4
right_child=1 -3 12 -5 -6 6 9 -9 -10 10 -12 -13 -14
leaf_value=0.1024732699810334 0.040256875831187873 0.35829829613043335 -0.35616354986516441 0.33634212111414596 -0.2094910385147864 -0.31726039826794511 -0.036276118088394121 0.16568989751074048 -0.1724487824767828 0.024361903044448536 -0.16019764949273371 0.2433479539999148 -0.1257101242652163
leaf_weight=26 672 24 20 26 59 39 132 40 27 78 103 20 22
leaf_count=26 672 24 20 26 59 39 132 40 27 78 103 20 22
internal_value=-0.000125393 0.0265946 0.016742 0.031051 0.0199659 -0.0469635 -0.072531 0.0500924 -0.037828 -0.0434273 -0.0807992 0.00117408 -0.23842
internal_weight=1288 823 799 757 731 465 372 93 53 333 181 152 42
internal_count=1288 823 799 757 731 465 372 93 53 333 181 152 42
cat_boundaries=0 1
cat_threshold=1700956466
is_linear=0
shrinkage=0.03


Tree=67
num_leaves=14
num_cat=1
split_feature=12 1 0 0 2 0 0 0 1 5 0 0 0
split_gain=1712.94 2902.63 3059.02 2678.76 3566.04 1174.5 2767.95 997.949 1067.08 581.907 1587.3 1453.16 565.579
threshold=0 1.7300000000000002 1.7450000000000003 1.2850000000000004 0.58000000000000007 -2.6149999999999998 -2.1399999999999992 -3.1549999999999998 -1.5699999999999998 1.0000000180025095e-35 -0.66499999999999992 0.7350000000000001 2.3800000000000003
decision_type=9 2 2 2 2 2 2 2 2 2 2 2 2
left_child=5 2 3 4 -2 7 -7 8 -1 11 -11 -8 -4
right_child=1 -3 12 -5 -6 6 9 -9 -10 10 -12 -13 -14
leaf_value=0.099457065124908151 0.039050067072752243 0.34776872973539386 -0.34573925504451841 0.3264422366799048 -0.20325912511849603 -0.30786306933058966 -0.035191942911018737 0.16078056248912104 -0.16736938027658246 0.023635704947884674 -0.15541493547826574 0.23622556934124087 -0.12202263046503066
leaf_weight=26 672 24 20 26 59 39 132 40 27 78 103 20 22
leaf_count=26 672 24 20 26 59 39 132 40 27 78 103 20 22
internal_value=-0.000122805 0.0257974 0.0162337 0.0301227 0.0193633 -0.0455591 -0.0703649 0.048605 -0.0367111 -0.042121 -0.0783859 0.00115863 -0.231439
internal_weight=1288 823 799 757 731 465 372 93 53 333 181 152 42
internal_count=1288 823 799 757 731 465 372 93 53 333 181 152 42
cat_boundaries=0 1
cat_threshold=1700956466
is_linear=0
shrinkage=0.03


Tree=68
num_leaves=17
num_cat=0
split_feature=3 7 1 1 2 1 2 2 0 0 1 0 1 1 0 2
split_gain=1695.3 1709.74 2707.54 11777.6 3533.15 3188.73 1906.33 4585.37 1809.64 1754.27 2239.33 571.713 1005.72 1384.93 1100.38 987.054
threshold=1.0000000180025095e-35 1.0000000180025095e-35 -0.35499999999999993 -0.39999999999999997 -0.71499999999999986 1.7300000000000002 0.17500000000000002 0.56500000000000006 -1.7349999999999997 0.23500000000000001 -0.12999999999999998 -0.94499999999999984 -0.27499999999999997 -0.83499999999999985 -3.4999999999999996 -0.084999999999999978
decision_type=2 2 2 2 2 2 2 2 2 2 2 2 2 2 2 2
left_child=11 6 3 4 -3 8 9 -8 -4 10 -2 12 13 14 -1 -13
right_child=1 2 5 -5 -6 -7 7 -9 -10 -11 -12 15 -14 -15 -16 -17
leaf_value=-0.020916431045809456 -0.11944827048680821 0.17038900801763737 -0.22719430297535734 0.79442804726740202 -0.025461784398133128 0.3279682553879758 0.37218041778014871 -0.13100351809148919 -0.012178041186259717 -0.31371525741056955 0.097622866281942167 0.14559577811636576 -0.3285798653509559 0.10054380407231919 -0.31486095031569983 -0.11455740443974326
leaf_weight=21 152 139 38 20 204 23 29 36 416 27 59 20 20 23 25 36
leaf_count=21 152 139 38 20 204 23 29 36 416 27 59 20 20 23 25 36
internal_value=-0.000120254 0.0121499 0.0341859 0.0958682 0.0540301 -0.0127998 -0.0488856 0.0945755 -0.0304117 -0.0881948 -0.0586492 -0.0965732 -0.143629 -0.0879982 -0.182401 -0.0211262
internal_weight=1288 1143 840 363 343 477 303 65 454 238 211 145 89 69 46 56
internal_count=1288 1143 840 363 343 477 303 65 454 238 211 145 89 69 46 56
is_linear=0
shrinkage=0.03


Tree=69
num_leaves=12
num_cat=1
split_feature=12 1 1 11 0 0 0 0 0 9 1
split_gain=1670.5 2668.93 2632.22 1934.08 1923.73 2407.9 1623.29 1351.5 1315.6 1010.27 243.774
threshold=0 1.7300000000000002 0.92000000000000015 4.5000000000000009 -3.8249999999999997 -3.5649999999999995 -0.29499999999999993 -1.325 -4.1149999999999993 1.0000000180025095e-35 1.2050000000000003
decision_type=9 2 2 2 2 2 2 2 2 2 2
left_child=3 2 4 -1 8 -6 7 -5 -2 -4 -11
right_child=1 -3 9 6 5 -7 -8 -9 -10 10 -12
leaf_value=-0.33579318057840518 0.081286501216366117 0.28296332429704207 -0.021842018249083536 -0.079146956763846768 -0.28980925438233784 0.011245705330302861 -0.27232579705046445 0.21420883217263728 0.36975806767475311 -0.34346870296466642 -0.19065917505101956
leaf_weight=27 48 31 24 35 24 993 20 23 20 20 23
leaf_count=27 48 31 24 35 24 993 20 23 20 20 23
internal_value=-0.00011212 0.0104301 0.00306463 -0.109055 0.0143692 0.00399929 -0.0427833 0.0379691 0.168255 -0.178707 -0.264933
internal_weight=1288 1183 1152 105 1085 1017 78 58 68 67 43
internal_count=1288 1183 1152 105 1085 1017 78 58 68 67 43
cat_boundaries=0 1
cat_threshold=73402370
is_linear=0
shrinkage=0.03


Tree=70
num_leaves=19
num_cat=1
split_feature=3 12 2 2 0 9 0 0 0 0 9 0 0 0 9 2 2 9
split_gain=1594.94 2359.6 3187.57 3372.3 6382.91 6045.86 1526.24 1964.19 3842.08 1778.11 1708.39 810.324 557.196 789.212 544.552 848.935 119.445 112.432
threshold=1.0000000180025095e-35 0 1.1400000000000001 0.17500000000000002 0.23500000000000001 1.0000000180025095e-35 -2.1249999999999996 -0.83499999999999985 -1.2149999999999996 -2.5949999999999993 1.0000000180025095e-35 -3.9549999999999996 -1.8499999999999999 -3.4999999999999996 1.0000000180025095e-35 -0.084999999999999978 -1.0000000180025095e-35 1.0000000180025095e-35
decision_type=2 9 2 2 2 2 2 2 2 2 2 2 2 2 2 2 2 2
left_child=12 6 3 4 -3 -5 9 8 -8 11 -9 -2 13 -1 15 -14 -16 -11
right_child=1 2 -4 5 -6 -7 7 10 -10 17 -12 -13 14 -15 16 -17 -18 -19
leaf_value=-0.033984122188886003 0.12415773084832402 0.066100979946030688 -0.24480271969076065 -0.031450908958172992 -0.3258782590218337 0.36506429940791213 -0.019173041281390649 0.031150895333234452 0.31484546091792348 -0.21752455516131419 -0.12363184649380771 -0.085057385303787675 0.12635756331995912 -0.27076720806809718 -0.18374652912558578 -0.11191089001823874 -0.076955957389459373 -0.32693133485607984
leaf_weight=22 20 377 30 60 41 81 97 120 45 26 137 89 28 30 20 25 20 20
leaf_count=22 20 377 30 60 41 81 97 120 45 26 137 89 28 30 20 25 20 20
internal_value=-0.000115503 0.0117859 0.0530553 0.0701986 0.0273027 0.196798 -0.032465 -0.00196896 0.0873902 -0.112777 -0.0514279 -0.0462503 -0.09367 -0.171925 -0.0491972 0.0139152 -0.132035 -0.268161
internal_weight=1288 1143 589 559 418 141 554 399 142 155 257 109 145 52 93 53 40 46
internal_count=1288 1143 589 559 418 141 554 399 142 155 257 109 145 52 93 53 40 46
cat_boundaries=0 1
cat_threshold=1697145138
is_linear=0
shrinkage=0.03


Tree=71
num_leaves=12
num_cat=2
split_feature=12 1 1 12 1 2 2 2 1 9 1
split_gain=1577.14 2562.78 2454.55 1850.47 4472.01 1594.44 1088.81 2296.3 1250.91 960.097 218.875
threshold=0 1.7300000000000002 0.92000000000000015 1 0.17000000000000001 0.35500000000000004 -0.105 -0.53499999999999992 -0.89499999999999991 1.0000000180025095e-35 1.2050000000000003
decision_type=9 2 2 9 2 2 2 2 2 2 2
left_child=6 2 3 4 -2 -5 7 8 -1 -4 -11
right_child=1 -3 9 5 -6 -7 -8 -9 -10 10 -12
leaf_value=-0.33078267316763499 0.015468000255637432 0.27717684100923079 -0.019741453886032101 0.016280994501209744 0.40027191847085952 -0.085944646719339726 -0.26058549709992052 0.15433626763295319 -0.010596243774018636 -0.33129097490085335 -0.1860142417461314
leaf_weight=24 99 31 24 783 37 166 32 29 20 20 23
leaf_count=24 99 31 24 783 37 166 32 29 20 20 23
internal_value=-0.00012438 0.0101192 0.0029008 0.0138173 0.112985 -0.00161608 -0.105978 -0.0512718 -0.187065 -0.172629 -0.256685
internal_weight=1288 1183 1152 1085 136 949 105 73 44 67 43
internal_count=1288 1183 1152 1085 136 949 105 73 44 67 43
cat_boundaries=0 1 2
cat_threshold=73402370 4224
is_linear=0
shrinkage=0.03


Tree=72
num_leaves=18
num_cat=1
split_feature=3 12 2 2 0 9 0 1 1 0 1 1 1 5 1 2 1
split_gain=1503.14 2160.59 2985.58 3214.16 6092.19 5732.68 1439.55 1844.63 2730.79 1688.81 1337.43 569.533 551.739 464.247 380.662 277.699 159.218
threshold=1.0000000180025095e-35 0 1.1400000000000001 0.17500000000000002 0.23500000000000001 1.0000000180025095e-35 -2.1249999999999996 0.63500000000000012 0.36500000000000005 -2.5949999999999993 -1.9549999999999998 1.1600000000000001 -1.4049999999999996 1.0000000180025095e-35 -0.23499999999999996 -0.13499999999999998 -0.90999999999999992
decision_type=2 9 2 2 2 2 2 2 2 2 2 2 2 2 2 2 2
left_child=12 6 3 4 -3 -5 9 8 -8 10 -2 -9 -1 14 -14 -15 -11
right_child=1 2 -4 5 -6 -7 7 11 -10 16 -12 -13 13 15 -16 -17 -18
leaf_value=-0.21503871569543515 0.16839330948230832 0.063530960552660831 -0.23735386233740163 -0.031156503914801539 -0.31941665994402868 0.35494746472352851 -0.0075255391099559726 -0.24581893449170247 0.2467472525465077 -0.19846545469274327 -0.095476399496450245 -0.05035745643109691 -0.050713930150736927 0.063435032538438255 -0.20054913234710692 -0.067870718955993656 -0.32178550739288331
leaf_weight=26 21 377 30 60 41 81 301 31 43 24 88 24 34 29 28 28 22
leaf_count=26 21 377 30 60 41 81 301 31 43 24 88 24 34 29 28 28 22
internal_value=-0.000124926 0.0114288 0.0509176 0.067502 0.0256252 0.191097 -0.0309181 -0.00129036 0.0245618 -0.108905 -0.0440749 -0.161803 -0.090947 -0.0630231 -0.119492 -0.00104317 -0.260335
internal_weight=1288 1143 589 559 418 141 554 399 344 155 109 55 145 119 62 57 46
internal_count=1288 1143 589 559 418 141 554 399 344 155 109 55 145 119 62 57 46
cat_boundaries=0 1
cat_threshold=1697145138
is_linear=0
shrinkage=0.03


Tree=73
num_leaves=18
num_cat=0
split_feature=3 7 1 1 1 11 0 1 0 0 5 0 0 1 1 0 4
split_gain=1415.45 1528.21 2591.84 10961.3 2894.02 1799.81 1673.62 1446.44 2108.03 2076.75 1992.48 1114.65 529.683 954.651 1266.41 995.266 786.738
threshold=1.0000000180025095e-35 1.0000000180025095e-35 -0.35499999999999993 -0.39999999999999997 1.7300000000000002 5.5000000000000009 -1.7349999999999997 -0.30999999999999994 -3.8249999999999997 -0.99499999999999988 1.0000000180025095e-35 1.5050000000000001 -0.94499999999999984 -0.27499999999999997 -0.83499999999999985 -3.4999999999999996 1.0000000180025095e-35
decision_type=2 2 2 2 2 2 2 2 2 2 2 2 2 2 2 2 2
left_child=12 7 3 5 6 -3 -4 8 -2 -9 -10 -11 13 14 15 -1 -14
right_child=1 2 4 -5 -6 -7 -8 9 10 11 -12 -13 16 -15 -16 -17 -18
leaf_value=-0.016221583685209585 0.14737870592259344 0.12229436703875882 -0.22008034523160425 0.76617759725524159 0.31058197262946591 -0.01503787442645 -0.013298518270146805 0.22645094453754708 -0.06484650962558014 0.0094122310627193333 -0.31071820446577936 -0.20443206877457468 0.0743995947630509 -0.31369259698216506 0.10081019757149068 -0.29568022113687847 -0.15362506949106852
leaf_weight=21 23 167 38 20 23 176 416 33 75 95 49 28 34 20 23 25 22
leaf_count=21 23 167 38 20 23 176 416 33 75 95 49 28 34 20 23 25 22
internal_value=-0.000134991 0.0110766 0.0319102 0.0922607 -0.0140592 0.0518985 -0.0308359 -0.0466274 -0.113987 0.0169882 -0.162887 -0.0398741 -0.0882684 -0.133556 -0.0794183 -0.169712 -0.0156952
internal_weight=1288 1143 840 363 477 343 454 303 147 156 124 123 145 89 69 46 56
internal_count=1288 1143 840 363 477 343 454 303 147 156 124 123 145 89 69 46 56
is_linear=0
shrinkage=0.03


Tree=74
num_leaves=18
num_cat=1
split_feature=12 1 2 2 2 2 0 0 0 0 2 2 1 1 0 0 1
split_gain=1418.26 2325.82 2883.28 3713.44 2116.46 4764.48 4063.64 2003.25 941.688 1826.15 1271.57 1386.5 1471.09 1005.4 954.429 2312.11 204.796
threshold=0 1.7300000000000002 0.6150000000000001 0.80500000000000016 0.14500000000000005 0.22500000000000003 0.23500000000000001 1.2100000000000002 -2.7949999999999995 -3.1549999999999998 0.17500000000000002 0.31500000000000006 -0.14499999999999999 -1.5699999999999998 -0.25499999999999995 -1.2149999999999996 0.39500000000000007
decision_type=9 2 2 2 2 2 2 2 2 2 2 2 2 2 2 2 2
left_child=8 2 4 -4 6 -6 -2 -5 9 13 14 -12 -13 -1 15 -10 -16
right_child=1 -3 3 7 5 -7 -8 -9 10 -11 11 12 -14 -15 16 -17 -18
leaf_value=0.082669136169603322 0.036227975152761105 0.31174131547188272 -0.37148573204994201 -0.16734692019507999 0.53478106992549079 0.057256125874544317 -0.25912778622763494 0.16589950830545 -0.14753018438521323 0.26708234823966509 0.24237696634336958 -0.20763943869579921 0.059923049619767521 -0.16509603689686728 -0.27427830446467683 0.045600568347507059 -0.14781965310168718
leaf_weight=29 533 24 37 31 23 95 45 33 136 24 21 27 56 29 25 94 26
leaf_count=29 533 24 37 31 23 95 45 33 136 24 21 27 56 29 25 94 26
internal_value=-0.000129266 0.0235343 0.0149569 -0.134429 0.0367202 0.152222 0.0130239 0.00439078 -0.0413368 0.0498415 -0.0618762 0.0276237 -0.0278016 -0.0415144 -0.0950015 -0.0686578 -0.211928
internal_weight=1288 821 797 101 696 118 578 64 467 82 385 104 83 58 281 230 51
internal_count=1288 821 797 101 696 118 578 64 467 82 385 104 83 58 281 230 51
cat_boundaries=0 1
cat_threshold=1197639986
is_linear=0
shrinkage=0.03


Tree=75
num_leaves=14
num_cat=0
split_feature=0 1 1 2 2 0 0 2 0 1 1 2 2
split_gain=1346.76 2399.73 2739.86 7189.49 2570.27 3083.14 3728.97 2133.63 3560.57 1960.72 5979.35 3590.46 1523.2
threshold=-3.8249999999999997 -1.345 -1.0149999999999999 -0.054999999999999993 0.12500000000000003 -3.5649999999999995 -3.1249999999999996 -0.70499999999999985 -4.464999999999999 -0.53499999999999992 -0.35499999999999993 -0.59499999999999986 -0.79499999999999993
decision_type=2 2 2 2 2 2 2 2 2 2 2 2 2
left_child=7 4 3 12 5 -2 -7 8 -1 11 -11 -4 -3
right_child=1 2 9 -5 -6 6 -8 -9 -10 10 -12 -13 -14
leaf_value=-0.013542988326332786 -0.40421247389839915 -0.093218568744330571 0.062071173810810773 0.65764856958389273 -0.43687647921864575 0.26213027673868033 -0.13515271100765319 -0.13536282227388241 0.48042931180841775 0.25982936378694932 -0.014573755618708713 -0.19816140680528699 0.16770681662082673
leaf_weight=27 20 43 80 20 20 32 61 20 25 79 707 117 37
leaf_count=27 20 43 80 20 20 32 61 20 25 79 707 117 37
internal_value=-0.000124442 -0.00761276 0.00717495 0.156376 -0.127625 -0.0711807 0.00218548 0.125484 0.2262 -0.00807192 0.01315 -0.0925784 0.0277143
internal_weight=1288 1216 1083 100 133 113 93 72 52 983 786 197 80
internal_count=1288 1216 1083 100 133 113 93 72 52 983 786 197 80
is_linear=0
shrinkage=0.03


Tree=76
num_leaves=19
num_cat=0
split_feature=3 7 2 2 11 2 2 2 2 0 2 0 6 0 0 9 4 2
split_gain=1342.06 1412.32 1905.29 7220.45 3367.82 4531.7 1793.44 4058.33 1480.74 1460.04 1455.15 1131.3 1069.77 506.198 714.092 489.232 996.776 112.704
threshold=1.0000000180025095e-35 1.0000000180025095e-35 -0.34499999999999992 -0.23499999999999996 5.5000000000000009 -0.41499999999999992 0.17500000000000002 0.56500000000000006 -0.19499999999999998 0.23500000000000001 -0.45499999999999996 -0.80499999999999994 1.0000000180025095e-35 -1.8499999999999999 -3.4999999999999996 1.0000000180025095e-35 1.0000000180025095e-35 -1.0000000180025095e-35
decision_type=2 2 2 2 2 2 2 2 2 2 2 2 2 2 2 2 2 2
left_child=13 6 4 11 12 -6 9 -8 -5 10 -2 -4 -3 14 -1 16 -15 -17
right_child=1 2 3 8 5 -7 7 -9 -10 -11 -12 -13 -14 15 -16 17 -18 -19
leaf_value=-0.029367454401652015 -0.11663145466885476 0.24738951049098151 -0.48912402245683484 0.26741292066574096 -0.03407995257175056 0.42378710833261174 0.35560816722805216 -0.11780344357555859 0.017271020024015295 -0.28855564013827928 0.045794078384930229 -0.19080119829575221 0.064968936281031869 0.12927060663113829 -0.25452151070266471 -0.17221287422645384 -0.13071014189212879 -0.06884573573600955
leaf_weight=22 132 102 26 22 204 21 29 36 402 27 79 22 41 30 30 20 23 20
leaf_count=22 132 102 26 22 204 21 29 36 402 27 79 22 41 30 30 20 23 20
internal_value=-0.000115439 0.0108015 0.0308296 -0.00906548 0.0819504 0.00948591 -0.0446712 0.0944674 0.0305568 -0.0828022 -0.0558394 -0.355831 0.195517 -0.0859334 -0.160508 -0.0435683 0.0162255 -0.122091
internal_weight=1288 1143 840 472 368 225 303 65 424 238 211 48 143 145 52 93 53 40
internal_count=1288 1143 840 472 368 225 303 65 424 238 211 48 143 145 52 93 53 40
is_linear=0
shrinkage=0.03


Tree=77
num_leaves=12
num_cat=1
split_feature=12 2 2 2 2 1 2 0 2 2 6
split_gain=1352.36 1982.89 6445.15 2330.49 3192.52 1884.33 1013 2253.49 808.866 3042.8 1243.09
threshold=0 0.90500000000000014 0.80500000000000016 0.70500000000000007 0.17500000000000002 0.66500000000000015 0.72500000000000009 0.25500000000000006 -0.62499999999999989 -0.39499999999999996 1.0000000180025095e-35
decision_type=9 2 2 2 2 2 2 2 2 2 2
left_child=6 2 3 4 -2 -3 7 8 10 -10 -1
right_child=1 5 -4 -5 -6 -7 -8 -9 9 -11 -12
leaf_value=-0.22633469867706296 -0.0034573589182551267 -0.0064206311016866604 0.55270568833700029 -0.26791258997075701 0.1421123257223573 -0.33992197754697978 0.12710137507256042 -0.35866529352360582 0.24063266019587928 -0.088542357690750584 -0.0062384489524749016
leaf_weight=46 750 36 20 25 165 26 23 23 34 94 46
leaf_count=46 750 36 20 25 165 26 23 23 34 94 46
internal_value=-0.000116086 0.0156632 0.0264659 0.0149783 0.0228529 -0.147925 -0.059041 -0.0793212 -0.0493564 -0.000485806 -0.116948
internal_weight=1288 1022 960 940 915 62 266 243 220 128 92
internal_count=1288 1022 960 940 915 62 266 243 220 128 92
cat_boundaries=0 1
cat_threshold=1147308322
is_linear=0
shrinkage=0.03


Tree=78
num_leaves=10
num_cat=0
split_feature=1 1 1 0 0 2 2 2 2
split_gain=1276.52 1379.54 3765.54 2000.69 4443.8 1662.09 2666.94 943.792 286.32
threshold=1.9100000000000001 0.63500000000000012 0.54500000000000015 1.1150000000000004 0.47000000000000003 1.0950000000000004 0.17500000000000002 0.70500000000000007 -0.35499999999999993
decision_type=2 2 2 2 2 2 2 2 2
left_child=1 2 3 4 -1 6 8 -8 -3
right_child=-2 5 -4 -5 -6 -7 7 -9 -10
leaf_value=0.005284039086608263 0.2291075794974039 -0.096019706719326525 0.32030180867394403 0.24112219978591143 -0.26585550158127491 -0.34262847630570575 0.21759786494833525 -0.036139543289833875 -0.22685206759417495
leaf_weight=1009 21 26 33 29 57 20 30 23 40
leaf_count=1009 21 26 33 29 57 20 30 23 40
internal_value=-0.000115549 -0.00400607 0.00699492 -0.00258635 -0.00932907 -0.0930069 -0.0497705 0.108121 -0.176467
internal_weight=1288 1267 1128 1095 1066 139 119 53 66
internal_count=1288 1267 1128 1095 1066 139 119 53 66
is_linear=0
shrinkage=0.03


Tree=79
num_leaves=13
num_cat=2
split_feature=12 2 0 1 0 0 11 0 0 2 2 12
split_gain=1297.61 2468.86 4201.57 3875.41 3482.81 3301.17 2282.91 1535.38 2654.96 2397.11 1922.68 1533.38
threshold=0 0.46500000000000002 0.80500000000000016 0.11000000000000001 1.2100000000000002 -0.50499999999999989 6.5000000000000009 1.9350000000000003 1.6050000000000002 0.92000000000000015 0.87500000000000011 1
decision_type=9 2 2 2 2 2 2 2 2 2 2 9
left_child=1 2 3 5 -3 -1 -5 8 9 11 -9 -2
right_child=7 4 -4 6 -6 -7 -8 10 -10 -11 -12 -13
leaf_value=0.05460152549549465 -0.11057128398140095 -0.015273362321012158 -0.34659301367927997 0.53246267715720241 0.46946155914507409 -0.33695399921498398 0.089901705015537348 -0.40086916351318352 0.32205949398528699 -0.29639471886742785 0.0027476808547973628 0.0068405746699217538
leaf_weight=110 103 25 25 21 28 23 21 20 21 26 22 843
leaf_count=110 103 25 25 21 28 23 21 20 21 26 22 843
internal_value=-0.000111479 0.059385 0.0132557 0.0655207 0.242751 -0.014097 0.314914 -0.0151072 -0.00768857 -0.0149778 -0.191835 -0.0070876
internal_weight=1288 253 200 175 53 133 42 1035 993 972 42 946
internal_count=1288 253 200 175 53 133 42 1035 993 972 42 946
cat_boundaries=0 1 2
cat_threshold=4292 1145047042
is_linear=0
shrinkage=0.03


Tree=80
num_leaves=16
num_cat=1
split_feature=3 12 1 1 2 2 1 1 2 1 4 6 1 1 7
split_gain=1265.99 1845.88 3103.22 2592.48 3509.77 1955.84 1952.22 3395.33 1699.41 501.929 474.686 394.062 1205.95 1204.31 339.343
threshold=1.0000000180025095e-35 0 1.7300000000000002 -1.5699999999999998 -0.55499999999999994 1.1400000000000001 0.63500000000000012 0.36500000000000005 0.77500000000000013 -1.4049999999999996 1.0000000180025095e-35 1.0000000180025095e-35 -0.51999999999999991 -0.36999999999999994 1.0000000180025095e-35
decision_type=2 9 2 2 2 2 2 2 2 2 2 2 2 2 2
left_child=9 6 3 4 -3 -5 7 8 -2 -1 -9 12 -11 -13 -8
right_child=1 2 -4 5 -6 -7 14 10 -10 11 -12 13 -14 -15 -16
leaf_value=-0.20181569205590014 -0.02303555140529339 0.42741631636619565 0.37031548587013691 0.024863968114497738 -0.061910544904073078 -0.24437780544337107 -0.29900192014182486 0.13016468544893486 -0.29087084423700965 -0.29807529891991036 0.33184408622092387 0.15471205672095806 -0.0095863834668512213 -0.11110053956044184 -0.13963242532895959
leaf_weight=26 411 32 25 508 22 25 20 21 22 20 23 25 36 38 34
leaf_count=26 411 32 25 508 22 25 20 21 22 20 23 25 36 38 34
internal_value=-0.000132479 0.0104706 0.0455466 0.0321817 0.229267 0.0120125 -0.0302432 -0.0113588 -0.0369705 -0.083483 0.238199 -0.0568674 -0.114397 -0.00518446 -0.200915
internal_weight=1288 1143 612 587 54 533 531 477 433 145 44 119 56 63 54
internal_count=1288 1143 612 587 54 533 531 477 433 145 44 119 56 63 54
cat_boundaries=0 1
cat_threshold=623403314
is_linear=0
shrinkage=0.03


Tree=81
num_leaves=14
num_cat=1
split_feature=0 1 1 2 2 0 0 12 1 1 2 0 0
split_gain=1215.77 2240.43 2552.93 6690.73 2435.95 2904.1 3494.81 2336.51 2399.08 2171.72 1953.21 3343.79 1491.81
threshold=-3.8249999999999997 -1.345 -1.0149999999999999 -0.054999999999999993 0.12500000000000003 -3.5649999999999995 -3.1249999999999996 0 0.03500000000000001 -0.27499999999999997 -0.70499999999999985 -4.464999999999999 -2.8349999999999995
decision_type=2 2 2 2 2 2 2 9 2 2 2 2 2
left_child=10 4 3 12 5 -2 -7 9 -9 -4 11 -1 -3
right_child=1 2 7 -5 -6 6 -8 8 -10 -11 -12 -13 -14
leaf_value=-0.016683952747691761 -0.39148022474893707 0.19249013041277402 0.031533856122689406 0.63463637224639324 -0.42426501957963147 0.2545838258303128 -0.13002268774916484 -0.020976432297150432 0.10946811886258928 -0.10363456771327077 -0.13034575122740211 0.46195191650881484 -0.073250316130052701
leaf_weight=27 20 30 164 20 20 32 61 285 228 306 20 25 50
leaf_count=27 20 30 164 20 20 32 61 285 228 306 20 25 50
internal_value=-0.000131509 -0.00724647 0.00704188 0.151063 -0.123207 -0.0682623 0.00293667 -0.00767563 0.0363356 -0.0553042 0.119212 0.21558 0.0269417
internal_weight=1288 1216 1083 100 133 113 93 983 513 470 72 52 80
internal_count=1288 1216 1083 100 133 113 93 983 513 470 72 52 80
cat_boundaries=0 1
cat_threshold=53380362
is_linear=0
shrinkage=0.03


Tree=82
num_leaves=15
num_cat=0
split_feature=3 0 7 1 1 11 1 0 1 0 1 1 0 2
split_gain=1191.96 1345.1 1534.83 2111.63 10387.5 2715.71 1915.07 1975.61 1439.4 498.987 910.244 1180.91 893.275 858.38
threshold=1.0000000180025095e-35 -4.7399999999999993 1.0000000180025095e-35 -0.35499999999999993 -0.39999999999999997 6.5000000000000009 -0.30999999999999994 -0.99499999999999988 -0.93999999999999984 -0.94499999999999984 -0.27499999999999997 -0.83499999999999985 -3.4999999999999996 -0.084999999999999978
decision_type=2 2 2 2 2 2 2 2 2 2 2 2 2 2
left_child=9 -2 6 4 -4 -5 8 -8 -3 10 11 12 -1 -11
right_child=1 2 3 5 -6 -7 7 -9 -10 13 -12 -13 -14 -15
leaf_value=-0.013967396303664807 0.25099091504259807 -0.05495573505988488 0.041835275376813981 0.046396626362285094 0.7378512415129963 -0.098510530263111171 0.22350269975413137 -0.03625822461182289 -0.25234402980031195 0.14477570705879025 -0.30080278833319501 0.10183750363613697 -0.27869028509715021 -0.097814429185161852
leaf_weight=21 20 84 331 277 20 200 33 123 55 20 20 23 25 36
leaf_count=21 20 84 331 277 20 200 33 123 55 20 20 23 25 36
internal_value=-0.000123046 0.0101652 0.00576381 0.0267001 0.082496 -0.0143943 -0.0529354 0.0192105 -0.133705 -0.081 -0.124952 -0.0721399 -0.159353 -0.0106075
internal_weight=1288 1143 1123 828 351 477 295 156 139 145 89 69 46 56
internal_count=1288 1143 1123 828 351 477 295 156 139 145 89 69 46 56
is_linear=0
shrinkage=0.03


Tree=83
num_leaves=9
num_cat=0
split_feature=1 1 1 0 0 1 1 11
split_gain=1158.27 1283.54 3457.03 1873.4 4092.52 1048.09 1219.93 2177.02
threshold=1.9100000000000001 0.63500000000000012 0.54500000000000015 1.1150000000000004 0.47000000000000003 0.77000000000000013 0.92000000000000015 5.5000000000000009
decision_type=2 2 2 2 2 2 2 2
left_child=1 2 3 4 -1 -3 -7 -8
right_child=-2 5 -4 -5 -6 6 7 -9
leaf_value=0.0051089704566334906 0.21823370666559352 -0.25961149924656129 0.30698889657988471 0.23343851411140573 -0.25509318094875499 0.11678560273526079 0.10172570828057953 -0.21762516826874501
leaf_weight=1009 21 26 33 29 57 29 29 55
leaf_count=1009 21 26 33 29 57 29 29 55
internal_value=-0.000114537 -0.0038206 0.00679062 -0.0023897 -0.00891454 -0.0896689 -0.0495693 -0.107388
internal_weight=1288 1267 1128 1095 1066 139 113 84
internal_count=1288 1267 1128 1095 1066 139 113 84
is_linear=0
shrinkage=0.03


Tree=84
num_leaves=13
num_cat=0
split_feature=1 2 1 2 0 1 1 6 2 2 0 1
split_gain=1127.12 1367.49 5496.66 6891.94 3551.13 2544.65 3654.66 2522.39 1722.35 1603.31 522.971 796.591
threshold=-2.5899999999999994 0.17500000000000002 1.7300000000000002 0.35500000000000004 0.23500000000000001 0.095000000000000015 0.63500000000000012 1.0000000180025095e-35 0.45500000000000007 -0.35499999999999993 1.0750000000000004 0.48500000000000004
decision_type=2 2 2 2 2 2 2 2 2 2 2 2
left_child=-1 4 3 7 5 9 -7 -3 -5 -2 11 -6
right_child=1 2 -4 8 10 6 -8 -9 -10 -11 -12 -13
leaf_value=0.20575258303703145 0.0046990310091820971 0.11248718604200027 0.51234881982415215 -0.23627916252893558 -0.26522964385770398 0.18514537634651734 -0.20614283676867215 0.46644358703173122 -0.025204028093537618 -0.08981541678449044 -0.31673195487765943 -0.023225425296641407
leaf_weight=23 472 42 21 42 26 114 26 32 193 245 29 23
leaf_count=23 472 42 21 42 26 114 26 32 193 245 29 23
internal_value=-0.000107912 -0.00393301 0.0485228 0.0162141 -0.0224661 -0.00476972 0.111981 0.267693 -0.0633624 -0.0276326 -0.215592 -0.153078
internal_weight=1288 1265 330 309 935 857 140 74 235 717 78 49
internal_count=1288 1265 330 309 935 857 140 74 235 717 78 49
is_linear=0
shrinkage=0.03


Tree=85
num_leaves=16
num_cat=1
split_feature=12 0 1 2 2 2 2 2 11 0 6 2 1 2 1
split_gain=1152.9 2262.53 3448.41 1833.42 4976.67 3803.2 1162.61 1856.42 1188.62 1515.49 825.374 798.601 761.046 665.35 419.731
threshold=0 -3.8249999999999997 -1.6349999999999998 -0.95499999999999985 -1.0449999999999997 -0.71499999999999986 -0.62499999999999989 -0.40499999999999997 5.5000000000000009 -0.81499999999999984 1.0000000180025095e-35 -0.87499999999999989 -1.9549999999999998 0.075000000000000025 -0.7599999999999999
decision_type=9 2 2 2 2 2 2 2 2 2 2 2 2 2 2
left_child=6 10 12 4 -4 -5 11 -8 13 -10 -2 14 -3 -9 -1
right_child=1 2 3 5 -6 -7 7 8 9 -11 -12 -13 -14 -15 -16
leaf_value=0.0052036885079883395 0.31030563538952871 -0.11042202125711643 0.0020172480700852034 0.23088751974461239 -0.4611926866559421 0.012592996175878066 0.18534795264878745 -0.23173877711363239 0.23139176414875273 -0.057660984304463751 0.087828226431092213 -0.25418124232084854 -0.34999263298286576 -0.058677800356714355 -0.14892684659957886
leaf_weight=31 28 23 115 80 25 668 35 35 23 53 33 34 26 47 32
leaf_count=31 28 23 115 80 25 668 35 35 23 53 33 34 26 47 32
internal_value=-0.0001009 0.0152669 0.00384503 0.0174231 -0.0820244 0.0360826 -0.0516795 -0.0107557 -0.054663 0.0307169 0.19169 -0.137902 -0.239853 -0.133538 -0.0735938
internal_weight=1288 998 937 888 140 748 290 193 158 76 61 97 49 82 63
internal_count=1288 998 937 888 140 748 290 193 158 76 61 97 49 82 63
cat_boundaries=0 1
cat_threshold=1147308298
is_linear=0
shrinkage=0.03


Tree=86
num_leaves=19
num_cat=1
split_feature=3 12 7 6 2 2 6 2 9 2 2 6 11 2 11 2 6 2
split_gain=1133.48 1644.67 2577.59 7696.46 5764.56 5662.92 3818.2 3246.64 1043.3 1556.73 1437.66 1067.01 1508.71 709.242 301.782 388.95 484.809 1215.63
threshold=1.0000000180025095e-35 0 1.0000000180025095e-35 1.0000000180025095e-35 -0.29499999999999993 0.095000000000000015 1.0000000180025095e-35 0.48500000000000004 1.0000000180025095e-35 -1.2699999999999998 -0.84499999999999986 1.0000000180025095e-35 5.5000000000000009 0.15500000000000003 3.5000000000000004 -0.86499999999999988 1.0000000180025095e-35 -0.084999999999999978
decision_type=2 9 2 2 2 2 2 2 2 2 2 2 2 2 2 2 2 2
left_child=14 8 5 4 -4 6 -3 -5 11 -10 -11 12 -2 -13 -1 -16 -17 -18
right_child=1 2 3 7 -6 -7 -8 -9 9 10 -12 13 -14 -15 15 16 17 -19
leaf_value=0.0022696047072227185 0.0070183360906660762 -0.35570820326418484 0.36836789743130532 0.0080499688287338934 0.07390401933334842 0.26335514883261457 0.031189131966120078 -0.26668579511516971 -0.32702899801149604 0.13434707507633029 -0.085211942821986048 0.040827892637252804 -0.21474424537886744 0.22522121724303887 -0.21107933958033298 -0.16357654246287559 0.086031766235011894 -0.19833858177273772
leaf_weight=32 138 55 99 209 151 32 39 47 20 31 182 82 34 24 23 33 36 21
leaf_count=32 138 55 99 209 151 32 39 47 20 31 182 82 34 24 23 33 36 21
internal_value=-0.000104872 0.00992777 0.0419038 0.0727956 0.191026 -0.078615 -0.19584 -0.0427996 -0.0298519 -0.0771878 -0.0530035 0.00880641 -0.0372964 0.0834669 -0.0789728 -0.101915 -0.0729716 -0.0194977
internal_weight=1288 1143 632 506 250 126 94 256 511 233 213 278 172 106 145 113 90 57
internal_count=1288 1143 632 506 250 126 94 256 511 233 213 278 172 106 145 113 90 57
cat_boundaries=0 1
cat_threshold=621306162
is_linear=0
shrinkage=0.03


Tree=87
num_leaves=13
num_cat=1
split_feature=12 1 0 1 1 1 0 1 1 0 0 1
split_gain=1077 1895.22 2103.93 1734.73 4302.88 3457.76 1733.89 1940.58 1252.55 998.031 809.08 601.673
threshold=0 1.7300000000000002 1.7450000000000003 0.27500000000000008 0.20500000000000004 0.33500000000000008 -0.81499999999999984 -0.65499999999999992 -1.0299999999999998 -0.044999999999999991 2.3250000000000006 -1.4649999999999996
decision_type=9 2 2 2 2 2 2 2 2 2 2 2
left_child=6 2 3 4 -2 -5 7 8 11 -8 -4 -1
right_child=1 -3 10 5 -6 -7 9 -9 -10 -11 -12 -13
leaf_value=-0.10956782503680486 0.0069865520836989176 0.23991237281830538 -0.31076769651685443 0.43592933070778522 -0.37439307861328119 0.046581310821702783 -0.32326279371875827 0.19542360214453475 -0.27584411285852273 -0.086054167799753681 -0.063822616732850362 0.11758740658538287
leaf_weight=20 836 31 24 23 27 164 29 32 21 36 24 21
leaf_count=20 836 31 24 23 27 164 29 32 21 36 24 21
internal_value=-0.000108218 0.0103863 0.00389162 0.0128114 -0.00515178 0.0955198 -0.0706644 0.00740325 -0.0903786 -0.193591 -0.189288 0.00672262
internal_weight=1288 1129 1098 1050 863 187 159 94 62 65 48 41
internal_count=1288 1129 1098 1050 863 187 159 94 62 65 48 41
cat_boundaries=0 1
cat_threshold=67143682
is_linear=0
shrinkage=0.03


Tree=88
num_leaves=20
num_cat=2
split_feature=3 12 9 12 1 1 1 1 1 0 0 1 2 0 0 1 1 0 2
split_gain=1064.38 1642 3501.79 6368.69 5251.27 4678.95 3126.36 2264.84 2761.34 2133.81 1415.26 1300.53 1295.72 1021.7 484.627 851.109 1146.67 827.418 774.652
threshold=1.0000000180025095e-35 0 1.0000000180025095e-35 1 -1.4199999999999997 -0.7599999999999999 -1.2699999999999998 -1.3299999999999998 -1.5849999999999997 -3.8249999999999997 1.3400000000000003 -1.1349999999999996 -0.60499999999999987 -2.1249999999999996 -0.94499999999999984 -0.27499999999999997 -0.83499999999999985 -3.4999999999999996 -0.084999999999999978
decision_type=2 9 2 9 2 2 2 2 2 2 2 2 2 2 2 2 2 2 2
left_child=14 7 5 12 -5 6 -3 8 9 -2 -7 -9 -4 -13 15 16 17 -1 -16
right_child=1 2 3 4 -6 10 -8 11 -10 -11 -12 13 -14 -15 18 -17 -18 -19 -20
leaf_value=-0.014775873150936392 0.1930567027722917 -0.041484312718914403 -0.28267148767685407 0.64870450095243226 0.15492880016406571 -0.09218402447922755 0.30506191493586488 0.21049283838272095 -0.42496864398020612 -0.18595115561299511 -0.33114893886728103 -0.12856127489893887 -0.033360080888666259 0.0042355060105884312 0.14038454239542891 -0.28988578663221221 0.102617901974536 -0.26959594611034676 -0.090068905209841787
leaf_weight=21 20 46 24 21 206 147 47 24 26 38 26 60 81 377 20 20 23 25 36
leaf_count=21 20 46 24 21 206 147 47 24 26 38 26 60 81 377 20 20 23 25 36
internal_value=-0.000110809 0.00961117 0.0435094 0.109151 0.193444 -0.0368262 0.134315 -0.0278706 -0.171161 -0.0546745 -0.128966 -0.00220147 -0.0835264 -0.0141167 -0.0765371 -0.119849 -0.0687893 -0.154739 -0.00719703
internal_weight=1288 1143 598 332 227 266 93 545 84 58 173 461 105 437 145 89 69 46 56
internal_count=1288 1143 598 332 227 266 93 545 84 58 173 461 105 437 145 89 69 46 56
cat_boundaries=0 1 2
cat_threshold=1695048498 33797
is_linear=0
shrinkage=0.03


Tree=89
num_leaves=15
num_cat=2
split_feature=2 1 2 0 1 1 12 2 0 9 1 12 0 1
split_gain=1075.71 5091.89 6382.62 3562.45 2151.32 3356.63 2123.94 3575.74 3572.71 2118.55 1682.11 2331.85 497.987 729.99
threshold=0.17500000000000002 1.7300000000000002 0.22500000000000003 0.23500000000000001 0.095000000000000015 0.63500000000000012 0 0.35500000000000004 1.5850000000000002 1.0000000180025095e-35 -2.5899999999999994 1 1.0750000000000004 0.48500000000000004
decision_type=2 2 2 2 2 2 9 2 2 2 2 9 2 2
left_child=3 2 -2 4 10 9 7 -4 -8 -6 -1 -12 13 -5
right_child=1 -3 6 12 5 -7 8 -9 -10 -11 11 -13 -14 -15
leaf_value=0.24204942312905953 0.47026651195918806 0.49288221096957835 0.21600075627346427 -0.25627144564322707 0.036833567871366227 -0.19624775637320752 0.12856358976878565 -0.18398860982441168 -0.23985800369715288 0.29648741492700575 -0.082316025414089153 0.024803225524326292 -0.30858909459841449 -0.024535839469191873
leaf_weight=21 25 21 24 26 52 26 120 113 29 62 343 374 29 23
leaf_count=21 25 21 24 26 52 26 120 113 29 62 343 374 29 23
internal_value=-0.000112642 0.0463674 0.0154646 -0.0162732 0.00103455 0.108638 -0.0250317 -0.105679 0.0527467 0.178753 -0.0194337 -0.0272598 -0.2099 -0.148905
internal_weight=1288 332 311 956 878 140 286 137 149 114 738 717 78 49
internal_count=1288 332 311 956 878 140 286 137 149 114 738 717 78 49
cat_boundaries=0 1 2
cat_threshold=537690116 1164333065
is_linear=0
shrinkage=0.03


Tree=90
num_leaves=11
num_cat=1
split_feature=12 11 0 4 0 11 0 0 0 0
split_gain=1132.7 2269.35 1401.35 6200.34 3409.7 1759.43 1617.51 1215.43 1084.4 1569.08
threshold=0 4.5000000000000009 1.7450000000000003 1.0000000180025095e-35 1.2100000000000002 5.5000000000000009 0.80500000000000016 -3.8249999999999997 -0.83499999999999985 -1.8049999999999999
decision_type=9 2 2 2 2 2 2 2 2 2
left_child=1 -1 4 -4 6 -6 7 -2 9 -3
right_child=2 8 3 -5 5 -7 -8 -9 -10 -11
leaf_value=-0.33664325840518156 0.13515010381441045 -0.070866457047916595 0.15074642741529248 -0.38452349797200841 0.066145509158863733 0.4126948896458274 -0.18497842545942828 0.0042260696639882765 -0.1423441820671032 0.25735670013427736
leaf_weight=26 68 31 39 38 25 28 38 935 38 22
leaf_count=26 68 31 39 38 25 28 38 935 38 22
internal_value=-0.000115343 -0.0850672 0.00905158 -0.114151 0.0178567 0.25143 0.00584695 0.0131682 -0.0210057 0.0664529
internal_weight=1288 117 1171 77 1094 53 1041 1003 91 53
internal_count=1288 117 1171 77 1094 53 1041 1003 91 53
cat_boundaries=0 1
cat_threshold=1142949890
is_linear=0
shrinkage=0.03


Tree=91
num_leaves=17
num_cat=1
split_feature=12 0 1 6 1 0 3 2 2 1 6 7 1 0 0 1
split_gain=1042.18 1984.91 3170.76 1863.54 1757.08 2080.82 1024.35 1002.53 2570.75 1643.43 1352.59 2776.03 1239.95 705.644 682.37 554.449
threshold=0 -3.8249999999999997 -1.6349999999999998 1.0000000180025095e-35 1.7300000000000002 1.4350000000000003 1.0000000180025095e-35 -0.62499999999999989 -0.40499999999999997 -1.0849999999999997 1.0000000180025095e-35 1.0000000180025095e-35 -0.15999999999999998 -1.2149999999999996 -1.325 -1.9149999999999998
decision_type=9 2 2 2 2 2 2 2 2 2 2 2 2 2 2 2
left_child=6 3 15 -2 5 -4 13 10 14 -10 11 -8 -12 -1 -9 -3
right_child=1 2 4 -5 -6 -7 7 8 9 -11 12 -13 -14 -15 -16 -17
leaf_value=-0.041262479080344146 0.38934146159035815 -0.12331817359924316 0.029222174613438238 0.03035432014967266 0.27239739512180794 -0.15593910879147152 -0.4637674084707748 0.10777233401564665 0.22109407644493637 -0.055919356433060459 0.077367042886281226 -0.04555370821623967 -0.19633391029078787 -0.25507564763944651 0.35510161516724564 -0.33760347029503351
leaf_weight=26 24 22 666 28 24 59 21 21 21 186 54 43 20 30 20 23
leaf_count=26 24 22 666 28 24 59 21 21 21 186 54 43 20 30 20 23
internal_value=-0.000112826 0.0193433 0.00775028 0.198228 0.0225109 0.0140527 -0.0369413 -0.020276 0.0157918 -0.027337 -0.0849381 -0.185358 0.00253233 -0.157102 0.231318 -0.235414
internal_weight=1288 846 794 52 749 725 442 386 248 207 138 64 74 56 41 45
internal_count=1288 846 794 52 749 725 442 386 248 207 138 64 74 56 41 45
cat_boundaries=0 1
cat_threshold=1180863770
is_linear=0
shrinkage=0.03


Tree=92
num_leaves=15
num_cat=2
split_feature=2 1 2 1 12 2 1 12 1 2 2 2 1 11
split_gain=1044.79 4766 5986.11 2684.14 2032.67 3357.62 2462.42 1500.1 2181.25 2099.71 3677.22 2668.41 799.807 201.447
threshold=0.17500000000000002 1.7300000000000002 0.22500000000000003 0.89000000000000012 0 0.35500000000000004 0.40500000000000008 1 -1.825 -0.34499999999999992 -0.50499999999999989 -0.23499999999999996 -0.60499999999999987 6.5000000000000009
decision_type=2 2 2 2 9 2 2 9 2 2 2 2 2 2
left_child=3 2 -2 7 5 -4 -6 8 -1 10 -9 -11 -10 -5
right_child=1 -3 4 13 6 -7 -8 9 12 11 -12 -13 -14 -15
leaf_value=0.17151469257322408 0.45624372958435727 0.47768613512294233 0.20934632007443177 -0.17426126961497701 0.14910148201291523 -0.17825016525453408 -0.10272772281234328 0.019529516754648871 -0.16894038019956101 -0.25942735859587945 0.25634627728132492 -0.0040078227432199225 -0.05099345622502683 -0.30869802860881007
leaf_weight=29 25 21 24 25 94 113 55 363 94 45 70 193 116 21
leaf_count=29 25 21 24 25 94 113 55 363 94 45 70 193 116 21
internal_value=-0.000111678 0.0456955 0.0157962 -0.0160383 -0.0234231 -0.102369 0.0525749 -0.00467214 -0.0675187 0.0184724 0.0580724 -0.0527566 -0.104079 -0.238358
internal_weight=1288 332 311 956 286 137 149 910 239 671 433 238 210 46
internal_count=1288 332 311 956 286 137 149 910 239 671 433 238 210 46
cat_boundaries=0 1 2
cat_threshold=537690116 1159856201
is_linear=0
shrinkage=0.03


Tree=93
num_leaves=15
num_cat=2
split_feature=2 1 2 0 1 1 6 12 0 2 1 12 1 1
split_gain=984.822 4490.47 5638.73 3224.82 2052.03 3078.26 2488.76 1912.55 3164.11 3161.76 1487.83 2129.44 500.435 716.084
threshold=0.17500000000000002 1.7300000000000002 0.22500000000000003 0.23500000000000001 0.095000000000000015 0.63500000000000012 1.0000000180025095e-35 0 1.5850000000000002 0.35500000000000004 -2.5899999999999994 1 0.39500000000000007 0.95500000000000007
decision_type=2 2 2 2 2 2 2 9 2 2 2 9 2 2
left_child=3 2 -2 4 10 6 -6 9 -9 -4 -1 -12 -5 -14
right_child=1 -3 7 12 5 -7 -8 8 -10 -11 11 -13 13 -15
leaf_value=0.2268313235238541 0.44282478167028988 0.46368883421809171 0.20319410069134769 -0.32897964934604923 0.32516964680041582 -0.18599195874412106 0.043990211892843245 0.12243935487923284 -0.22427817933034089 -0.17292621864726365 -0.096209483172898194 0.011386641350810753 -0.030465769936056698 -0.24347611054466731
leaf_weight=21 25 21 24 20 52 26 62 120 29 113 244 473 25 33
leaf_count=21 25 21 24 20 52 26 62 120 29 113 244 473 25 33
internal_value=-0.000102595 0.0443705 0.015348 -0.0155655 0.000901547 0.105993 0.173134 -0.022716 0.0510015 -0.099294 -0.0190887 -0.0264486 -0.199789 -0.152758
internal_weight=1288 332 311 956 878 140 114 286 149 137 738 717 78 58
internal_count=1288 332 311 956 878 140 114 286 149 137 738 717 78 58
cat_boundaries=0 1 2
cat_threshold=537690116 1157779465
is_linear=0
shrinkage=0.03


Tree=94
num_leaves=19
num_cat=3
split_feature=12 0 0 0 6 12 0 5 0 3 7 6 1 12 11 11 0 9
split_gain=995.26 1816.53 3241.39 2015.15 1769.14 1736.01 2392.17 1757.45 1525.96 1232.66 809.651 1811.12 1401.49 1365.43 3007.65 663.831 637.084 459.271
threshold=0 -3.8249999999999997 -2.1249999999999996 -2.3649999999999998 1.0000000180025095e-35 1 -0.52999999999999992 1.0000000180025095e-35 -3.3049999999999993 1.0000000180025095e-35 1.0000000180025095e-35 1.0000000180025095e-35 -0.11499999999999998 2 5.5000000000000009 5.5000000000000009 -1.2149999999999996 1.0000000180025095e-35
decision_type=9 2 2 2 2 9 2 2 2 2 2 2 2 9 2 2 2 2
left_child=9 4 3 8 -2 6 -4 -7 -3 16 11 17 -13 14 -12 -15 -1 -11
right_child=1 2 5 -5 -6 7 -8 -9 -10 10 13 12 -14 15 -16 -17 -18 -19
leaf_value=-0.059971712224623733 0.37618681336422355 -0.23357721890302804 0.21059878365086834 -0.3108329042783925 0.026473642048082852 0.068383953927287147 0.01871842939826264 -0.058570720575285284 0.0035921294734562715 -0.29106125329350524 0.31171909572601314 0.20229379202688441 -0.13101195088828482 -0.11576806256722429 -0.016477056774438593 0.0039827750025635553 -0.26918239181920101 -0.1209592509995336
leaf_weight=25 24 32 106 35 28 179 130 216 98 26 37 25 20 73 76 96 28 34
leaf_count=25 24 32 106 35 28 179 130 216 98 26 37 25 20 73 76 96 28 34
internal_value=-0.000112638 0.0188363 0.00777637 -0.110405 0.189982 0.0387472 0.100911 -0.00099295 -0.0554363 -0.0362244 -0.0183538 -0.0892556 0.0542801 0.00814639 0.0844208 -0.0452458 -0.172037 -0.196516
internal_weight=1288 848 796 165 52 631 236 395 130 440 387 105 45 282 113 169 53 60
internal_count=1288 848 796 165 52 631 236 395 130 440 387 105 45 282 113 169 53 60
cat_boundaries=0 1 2 3
cat_threshold=1180863546 20612 35782680
is_linear=0
shrinkage=0.03


Tree=95
num_leaves=15
num_cat=1
split_feature=12 11 2 2 2 2 0 0 11 11 2 2 2 0
split_gain=1029.78 1500.17 1422.22 2710.02 1174.02 3696.76 2800.89 2908.69 2035.06 2028.59 1763.9 1172.77 543.322 88.4931
threshold=0 4.5000000000000009 -0.054999999999999993 -0.52499999999999991 0.17500000000000002 0.22500000000000003 0.23500000000000001 0.075000000000000025 4.5000000000000009 6.5000000000000009 -0.39499999999999996 0.50500000000000012 -0.18499999999999997 0.7350000000000001
decision_type=9 2 2 2 2 2 2 2 2 2 2 2 2 2
left_child=1 -1 3 -3 6 -6 7 10 11 -10 -2 -7 -8 -14
right_child=4 2 -4 -5 5 8 12 -9 9 -11 -12 -13 13 -15
leaf_value=-0.28432614309571003 0.030937674703374725 -0.1149420016261179 -0.22187711708596411 0.31085145627843835 0.39682962827412582 0.04418163327838099 -0.27767481078001166 0.35097350518925241 0.12400524073538428 -0.067663074941901893 -0.063828413419059052 -0.23618070114475406 -0.15873149700862604 -0.069807858421447419
leaf_weight=27 496 33 23 22 26 21 32 21 163 71 274 36 20 23
leaf_count=27 496 33 23 22 26 21 32 21 163 71 274 36 20 23
internal_value=-0.000113748 -0.0856492 -0.0263759 0.0565874 0.00816331 0.0575819 -0.0098515 0.00680428 0.0266321 0.0658164 -0.00279993 -0.133351 -0.184436 -0.112586
internal_weight=1288 105 78 55 1183 317 866 791 291 234 770 57 75 43
internal_count=1288 105 78 55 1183 317 866 791 291 234 770 57 75 43
cat_boundaries=0 1
cat_threshold=73402370
is_linear=0
shrinkage=0.03


Tree=96
num_leaves=18
num_cat=1
split_feature=3 12 9 2 2 6 2 6 0 0 0 4 0 0 9 4 2
split_gain=936.159 1332.99 4088.12 3195.8 10623.2 3947.93 3022.59 4600.03 1308.29 1704.55 2766.92 835.728 507.365 536.739 438.982 981.455 148.698
threshold=1.0000000180025095e-35 0 1.0000000180025095e-35 0.21500000000000002 0.68000000000000005 1.0000000180025095e-35 -0.40499999999999997 1.0000000180025095e-35 -4.2049999999999992 -3.5649999999999995 -3.0649999999999995 1.0000000180025095e-35 -1.8499999999999999 -3.4999999999999996 1.0000000180025095e-35 1.0000000180025095e-35 -1.0000000180025095e-35
decision_type=2 9 2 2 2 2 2 2 2 2 2 2 2 2 2 2 2
left_child=12 2 6 5 -5 -4 7 -2 -3 -10 -11 -8 13 -1 15 -14 -16
right_child=1 8 3 4 -6 -7 11 -9 9 10 -12 -13 14 -15 16 -17 -18
leaf_value=-0.032494886747996006 0.36738085354509809 0.21689311896582936 0.20571184372024301 0.82927368030142268 0.0090446759854277518 -0.11580443667964775 -0.086932989610944478 -0.093015644135984413 -0.23296993800676785 0.23326688151118119 -0.025023413607937143 -0.27010920482211642 0.13915384455196195 -0.22792967041887219 -0.16093818045825492 -0.11884575517126854 -0.044162726379022361
leaf_weight=22 31 21 81 23 36 59 52 51 32 39 678 40 30 30 20 23 20
leaf_count=22 31 21 81 23 36 59 52 51 32 39 678 40 30 30 20 23 20
internal_value=-0.000113238 0.00900423 0.054678 0.148853 0.333127 0.0702644 -0.0499955 0.082172 -0.0136703 -0.0204615 -0.0108172 -0.167637 -0.0717886 -0.1464 -0.0294786 0.0270713 -0.103891
internal_weight=1288 1143 373 199 59 140 174 82 770 749 717 92 145 52 93 53 40
internal_count=1288 1143 373 199 59 140 174 82 770 749 717 92 145 52 93 53 40
cat_boundaries=0 1
cat_threshold=33821836
is_linear=0
shrinkage=0.03


Tree=97
num_leaves=17
num_cat=1
split_feature=3 12 2 2 0 0 0 0 0 0 2 0 0 2 11 6
split_gain=882.211 1424.71 2821.4 2658.46 9937.25 5572.23 1814.11 5536.09 1826.7 2111.47 1255.01 477.748 505.47 309.838 865.062 273.261
threshold=1.0000000180025095e-35 0 1.1400000000000001 0.46500000000000002 1.2100000000000002 0.80500000000000016 -1.2149999999999996 -0.92499999999999993 -4.1149999999999993 -3.3049999999999993 0.14500000000000005 -1.8499999999999999 -3.4999999999999996 -0.084999999999999978 4.5000000000000009 1.0000000180025095e-35
decision_type=2 9 2 2 2 2 2 2 2 2 2 2 2 2 2 2
left_child=11 6 3 5 -5 -3 8 -8 -2 -10 -9 12 -1 14 -13 -15
right_child=1 2 -4 4 -6 -7 7 10 9 -11 -12 13 -14 15 -16 -17
leaf_value=-0.031541703414916987 0.16890393948174537 0.062349671952991528 -0.24351460692134955 -0.086383229387217556 0.59087894602896451 -0.30580616241914255 0.38801837172437065 -0.07971585436782451 -0.35104845783584993 -0.075270811642245417 0.048336006770338065 0.16661395447753197 -0.22120388191645263 -0.012746935187553873 -0.089521826262743978 -0.15871101048787434
leaf_weight=22 23 428 29 43 35 40 33 148 28 208 128 21 30 24 26 22
leaf_count=22 23 428 29 43 35 40 33 148 28 208 128 21 30 24 26 22
internal_value=-0.000103152 0.00874764 0.0416064 0.0577259 0.219306 0.0305842 -0.0248135 0.023819 -0.0837364 -0.108676 -0.0203386 -0.0696827 -0.142084 -0.0286249 0.0254078 -0.0835763
internal_weight=1288 1143 575 546 78 468 568 309 259 236 276 145 52 93 47 46
internal_count=1288 1143 575 546 78 468 568 309 259 236 276 145 52 93 47 46
cat_boundaries=0 1
cat_threshold=1695048499
is_linear=0
shrinkage=0.03


Tree=98
num_leaves=23
num_cat=1
split_feature=12 7 2 1 0 1 2 0 4 0 1 1 1 4 4 1 1 2 2 0 1 11
split_gain=917.82 2222.11 3841.84 2800.02 3666.22 3062.78 2408.27 1849.19 1731.59 1507.35 1201.24 3596.35 2782.27 5004.04 4608.48 7224.24 3244.17 3055.27 2370.19 3055.93 1862.1 850.272
threshold=0 1.0000000180025095e-35 -0.58499999999999985 -0.32499999999999996 1.3400000000000003 -0.44499999999999995 -0.38499999999999995 -2.5749999999999997 1.0000000180025095e-35 -0.20999999999999999 -0.53499999999999992 -0.74499999999999988 -0.23499999999999996 1.0000000180025095e-35 1.0000000180025095e-35 0.15500000000000003 1.4700000000000002 -0.35499999999999993 0.34500000000000003 -2.2649999999999992 -0.65499999999999992 4.5000000000000009
decision_type=9 2 2 2 2 2 2 2 2 2 2 2 2 2 2 2 2 2 2 2 2 2
left_child=1 2 7 5 8 6 -3 -1 -5 -4 11 18 13 21 15 -14 -16 -15 19 -2 -13 -12
right_child=10 3 9 4 -6 -7 -8 -9 -10 -11 12 20 14 17 16 -17 -18 -19 -20 -21 -22 -23
leaf_value=-0.17669685713634936 -0.022246518514626799 0.11995490701884438 0.15520754838617223 -0.22667971013750349 0.23887826900482179 0.40946189764340718 -0.1171807404759833 -0.58363879701567856 -0.030651599598865886 -0.15333816618668406 0.10144048617748505 -0.45387593383789054 -0.046738674182950711 0.17999920061022737 -0.044155722397678294 0.29447898500034775 -0.42588145783742265 0.70093451625544845 -0.26999700287183126 0.2209950920416249 -0.10381541673777855 -0.16295017181954732
leaf_weight=21 149 109 28 87 27 22 59 20 76 28 23 22 121 21 185 103 22 20 22 67 36 20
leaf_count=21 149 109 28 87 27 22 59 20 76 28 23 22 121 21 185 103 22 20 22 67 36 20
internal_value=-0.000103018 -0.0327134 -0.161162 -0.000608328 -0.0819431 0.0807123 0.0365567 -0.379918 -0.135672 0.000889865 0.0192478 -0.0286377 0.0471506 0.204562 0.0162633 0.110454 -0.0856685 0.43957 0.0231043 0.0535257 -0.239393 -0.0219225
internal_weight=1288 477 97 380 190 190 168 41 163 56 811 296 515 84 431 224 207 41 238 216 58 43
internal_count=1288 477 97 380 190 190 168 41 163 56 811 296 515 84 431 224 207 41 238 216 58 43
cat_boundaries=0 1
cat_threshold=1181126154
is_linear=0
shrinkage=0.03


Tree=99
num_leaves=14
num_cat=1
split_feature=12 3 1 1 1 1 1 1 1 1 9 1 1
split_gain=858.312 805.006 977.823 1502.11 991.246 765.891 1580.66 1659.83 3957.58 3468.96 1225.68 463.332 140.824
threshold=0 1.0000000180025095e-35 -1.0449999999999997 -0.81999999999999995 -1.2999999999999998 1.7300000000000002 0.92000000000000015 0.29000000000000009 0.39500000000000007 0.20500000000000004 1.0000000180025095e-35 0.53000000000000014 1.2350000000000001
decision_type=9 2 2 2 2 2 2 2 2 2 2 2 2
left_child=1 -1 4 -4 -3 6 7 9 -9 -2 -8 -5 -12
right_child=5 2 3 11 -6 -7 10 8 -10 -11 12 -13 -14
leaf_value=-0.1832101886894392 0.013089253556306914 -0.012474800593852997 -0.2974423289354457 -0.054385110950118061 0.24735486016622404 0.16353228888673299 0.045987350197725513 0.38122588141650365 0.022156955811654638 -0.31862949710175142 -0.29402036490091465 0.075079271523678895 -0.17085059509626249
leaf_weight=34 742 37 21 135 20 29 21 36 114 29 20 30 20
leaf_count=34 742 37 21 135 20 29 21 36 114 29 20 30 20
internal_value=-0.000104823 -0.0458958 -0.0282189 -0.0615243 0.0799995 0.0127822 0.00837638 0.0182028 0.109334 0.000409852 -0.13888 -0.0306723 -0.235379
internal_weight=1288 277 243 186 57 1011 982 921 150 771 61 165 40
internal_count=1288 277 243 186 57 1011 982 921 150 771 61 165 40
cat_boundaries=0 1
cat_threshold=1147308042
is_linear=0
shrinkage=0.03


Tree=100
num_leaves=14
num_cat=1
split_feature=12 1 2 2 2 2 2 2 1 1 1 1 1
split_gain=817.86 1568.18 1347.08 2846.8 1990.86 2588.1 1851.69 964.063 1625.57 757.409 1561.29 1245.08 217.118
threshold=0 1.7300000000000002 0.6150000000000001 0.80500000000000016 0.45500000000000007 0.36500000000000005 1.2500000000000002 0.88500000000000012 0.64500000000000013 -0.38499999999999995 -0.56499999999999984 0.39500000000000007 -1.0000000180025095e-35
decision_type=9 2 2 2 2 2 2 2 2 2 2 2 2
left_child=7 2 4 12 5 -2 -5 8 9 10 -1 -11 -4
right_child=1 -3 3 6 -6 -7 -8 -9 -10 11 -12 -13 -14
leaf_value=-0.019736284428667799 0.024148814344183624 0.25291679685699697 -0.20848195268468162 0.15244314273006945 0.24947398106019883 -0.27257671883322976 -0.18556511328816414 0.14676157961572919 -0.23784517629832436 -0.1087284666050212 0.2373805546687574 0.12768396958898992 -0.36091350634505109
leaf_weight=160 696 24 20 41 33 27 22 24 36 138 24 23 20
leaf_count=160 696 24 20 41 33 27 22 24 36 138 24 23 20
internal_value=-0.000106063 0.016064 0.0094866 -0.0920235 0.0233723 0.0128829 0.0338295 -0.0348805 -0.0474221 -0.0272277 0.0143369 -0.0746459 -0.288287
internal_weight=1288 883 859 103 756 723 63 405 381 345 184 161 40
internal_count=1288 883 859 103 756 723 63 405 381 345 184 161 40
cat_boundaries=0 1
cat_threshold=1147309082
is_linear=0
shrinkage=0.03


Tree=101
num_leaves=17
num_cat=1
split_feature=3 12 1 1 6 7 1 1 0 1 0 1 1 5 1 0
split_gain=809.12 1390.78 3684.54 2885.3 2867.89 9068.41 2437.03 1905.61 3349.94 1005.15 1008.13 735.816 476.835 438.166 309.343 224.278
threshold=1.0000000180025095e-35 0 -1.5699999999999998 -1.9549999999999998 1.0000000180025095e-35 1.0000000180025095e-35 -0.20499999999999999 -1.3299999999999998 -4.1149999999999993 -1.1649999999999998 -1.2149999999999996 -1.5849999999999997 -1.4049999999999996 1.0000000180025095e-35 -0.23499999999999996 -0.78499999999999992
decision_type=2 9 2 2 2 2 2 2 2 2 2 2 2 2 2 2
left_child=12 7 3 -3 5 -4 -6 8 -2 -9 -11 -10 -1 14 -14 -15
right_child=1 2 4 -5 6 -7 -8 9 11 10 -12 -13 13 15 -16 -17
leaf_value=-0.1819722074652618 0.16886909178098042 0.076642844705020682 -0.23698879112093901 0.55258543522413384 0.065073949886457566 0.17961701866498231 -0.1245316119661955 0.18600657980539359 -0.1709856515239267 -0.075065770371303103 0.020058909422529886 -0.37508599164702672 -0.033981873387875762 -0.041067801425331514 -0.16876518383779024 0.076955179828708462
leaf_weight=26 22 25 60 21 98 211 160 24 42 149 304 27 34 28 28 29
leaf_count=26 22 25 60 21 98 211 160 24 42 149 304 27 34 28 28 29
internal_value=-0.000105174 0.00837095 0.0408397 0.297591 0.0190191 0.0871019 -0.0525127 -0.0247821 -0.150625 -0.00115442 -0.011271 -0.253018 -0.0667402 -0.0408823 -0.0957629 0.0190738
internal_weight=1288 1143 575 46 529 271 258 568 91 477 453 69 145 119 62 57
internal_count=1288 1143 575 46 529 271 258 568 91 477 453 69 145 119 62 57
cat_boundaries=0 1
cat_threshold=1695048499
is_linear=0
shrinkage=0.03


Tree=102
num_leaves=26
num_cat=1
split_feature=12 1 9 1 2 2 1 1 1 1 1 1 2 0 5 5 1 1 5 1 2 1 11 2 1
split_gain=885.99 2599.22 2514.21 4237.37 2354.85 2162.09 2157.49 1881.76 3395.03 1900.61 3765.15 2842.09 1621.32 3417.87 2335.58 1826.64 4907.75 1944.44 1536.21 1490.24 1283.69 1182.15 1086.16 1238.56 894.954
threshold=0 -0.32499999999999996 1.0000000180025095e-35 -0.70499999999999985 -0.5149999999999999 -0.39499999999999996 -1.0149999999999999 -0.53499999999999992 -0.7599999999999999 -1.3299999999999998 -1.5849999999999997 -1.1949999999999996 0.15500000000000003 0.23500000000000001 1.0000000180025095e-35 1.0000000180025095e-35 0.30500000000000005 0.065000000000000016 1.0000000180025095e-35 0.53000000000000014 -1.1049999999999998 -0.039999999999999994 3.5000000000000004 -0.70499999999999985 0.64500000000000013
decision_type=9 2 2 2 2 2 2 2 2 2 2 2 2 2 2 2 2 2 2 2 2 2 2 2 2
left_child=1 2 22 6 20 -6 -4 8 9 10 -2 -11 13 14 -9 16 -14 -17 -10 -7 -3 -22 -1 -24 -15
right_child=7 4 3 -5 5 19 -8 12 18 11 -12 -13 15 24 -16 17 -18 -19 -20 -21 21 -23 23 -25 -26
leaf_value=-0.24939713352555182 0.033650596008641377 -0.047652224363282668 0.11290395996420402 0.39889611345723069 0.24299848947968591 -0.12800400982844873 -0.21851479589209266 -0.032285970521480481 -0.063743389205056789 0.42466216070477553 -0.34895166121210369 0.028487102790648894 0.015749367895580471 -0.35663478895513023 0.15183969287455307 0.28363616371154782 0.57213684071234938 -0.021054998830577425 -0.38194122452369095 0.046325596720673316 -0.49685759303736132 -0.1896768720239963 0.088340656334420911 -0.10245968918945954 -0.10018550449518057
leaf_weight=20 87 21 63 38 21 140 24 117 24 20 31 80 31 20 131 25 26 72 32 64 21 26 57 65 32
leaf_count=20 87 21 63 38 21 140 24 117 24 20 31 80 31 20 131 25 26 72 32 64 21 26 57 65 32
internal_value=-0.000102982 -0.0281847 0.0389762 0.136839 -0.0903185 -0.0433086 0.0207176 0.0215893 -0.0401478 0.0135205 -0.0678865 0.109471 0.0593339 0.0186265 0.0650717 0.138298 0.272361 0.0584947 -0.247395 -0.0733182 -0.244371 -0.330776 -0.0473275 -0.0132941 -0.201334
internal_weight=1288 560 267 125 293 225 87 728 274 218 118 100 454 300 248 154 57 97 56 204 68 47 142 122 52
internal_count=1288 560 267 125 293 225 87 728 274 218 118 100 454 300 248 154 57 97 56 204 68 47 142 122 52
cat_boundaries=0 1
cat_threshold=1181125658
is_linear=0
shrinkage=0.03


Tree=103
num_leaves=21
num_cat=1
split_feature=12 7 1 0 1 0 1 4 1 1 1 1 1 9 1 0 0 1 9 0
split_gain=834.266 2757.59 3062.37 2614.69 2519.83 2099.95 1801.3 4921.54 6640.67 5915.37 4115.62 1918.84 2438.33 2696.48 1581.35 1304.74 2218.64 1431.11 1027.53 955.936
threshold=0 1.0000000180025095e-35 -0.32499999999999996 1.1150000000000004 -0.53499999999999992 -2.8349999999999995 0.29000000000000009 1.0000000180025095e-35 0.59000000000000008 0.98000000000000009 0.92000000000000015 0.20500000000000004 0.11000000000000001 1.0000000180025095e-35 0.66500000000000015 -1.7549999999999997 -0.80499999999999994 -1.2849999999999999 1.0000000180025095e-35 -1.095
decision_type=9 2 2 2 2 2 2 2 2 2 2 2 2 2 2 2 2 2 2 2
left_child=1 14 4 19 5 -3 11 8 -8 -10 18 12 13 -2 15 17 -17 -1 -9 -4
right_child=6 2 3 -5 -6 -7 7 10 9 -11 -12 -13 -14 -15 -16 16 -18 -19 -20 -21
leaf_value=-0.036612649425547171 0.056680981032937928 0.18181542485906876 -0.25061923372268674 0.16303693352006887 0.33555420962113602 -0.032974597622270452 0.7243251134872436 -0.003562668193941531 -0.19416865431612187 0.47033310641244397 -0.27762633352100846 -0.28319164581631501 0.25769003178889932 -0.082606035538711889 -0.36827500807985342 0.25051990029870008 -0.12410582095961416 -0.35833313853523946 0.2286885020214578 -0.079658024102763125
leaf_weight=23 259 65 37 36 32 109 22 34 27 21 37 21 32 241 23 20 46 27 34 142
leaf_count=23 259 65 37 36 32 109 22 34 27 21 37 21 32 241 23 20 46 27 34 142
internal_value=-0.000103893 -0.0273536 0.0104438 -0.0686712 0.0929961 0.0475369 0.0209456 0.104973 0.298863 0.0983407 -0.025063 -0.00533214 0.00588598 -0.0104648 -0.143443 -0.0974491 -0.00950771 -0.212229 0.113341 -0.115613
internal_weight=1288 560 421 215 206 174 728 175 70 48 105 553 532 500 139 116 66 50 68 179
internal_count=1288 560 421 215 206 174 728 175 70 48 105 553 532 500 139 116 66 50 68 179
cat_boundaries=0 1
cat_threshold=1181125658
is_linear=0
shrinkage=0.03


Tree=104
num_leaves=11
num_cat=0
split_feature=0 2 0 0 2 2 2 0 2 11
split_gain=815.94 4715.28 4673.98 3139.48 2986.81 2642.62 4991.14 2114.98 1905.64 1148.68
threshold=1.7450000000000003 0.64500000000000013 2.6300000000000003 1.2100000000000002 0.59500000000000008 0.55500000000000016 0.46500000000000002 -0.094999999999999987 0.36500000000000005 5.5000000000000009
decision_type=2 2 2 2 2 2 2 2 2 2
left_child=3 -2 -3 5 -5 6 8 -7 -1 -9
right_child=1 2 -4 4 -6 7 -8 9 -10 -11
leaf_value=0.0068195630786982092 -0.35252831095037324 -0.19876498825245714 0.3937728314302405 0.0043100627920844336 0.44870063641288055 -0.34670547288211423 0.46191000941742294 0.078714965264002484 -0.24630147732821375 -0.17198337297854216
leaf_weight=1006 35 23 24 27 27 33 21 31 27 34
leaf_count=1006 35 23 24 27 27 33 21 31 27 34
internal_value=-9.42004e-05 -0.0913733 0.104704 0.00614498 0.228638 -0.00437646 0.00950371 -0.15298 8.47601e-05 -0.0526856
internal_weight=1288 82 47 1206 54 1152 1054 98 1033 65
internal_count=1288 82 47 1206 54 1152 1054 98 1033 65
is_linear=0
shrinkage=0.03


Tree=105
num_leaves=13
num_cat=1
split_feature=12 1 0 1 1 1 0 1 1 0 0 1
split_gain=776.341 1549.98 1630.06 1522.39 3715.05 2941.08 1388.07 1750.15 1016.72 861.482 725.474 611.558
threshold=0 1.7300000000000002 1.7450000000000003 0.27500000000000008 0.20500000000000004 0.33500000000000008 -0.81499999999999984 -0.65499999999999992 -1.0299999999999998 -0.084999999999999978 2.3250000000000006 -1.4649999999999996
decision_type=9 2 2 2 2 2 2 2 2 2 2 2
left_child=6 2 3 4 -2 -5 7 8 11 -8 -4 -1
right_child=1 -3 10 5 -6 -7 9 -9 -10 -11 -12 -13
leaf_value=-0.11256055585349478 0.0052448187726240846 0.21638421446936471 -0.28206653207418869 0.40222401459673612 -0.34912742584835393 0.043138023186237252 -0.29795335214138025 0.18858082780838012 -0.24993160764006681 -0.075946292009446525 -0.04859464283378756 0.11645335821772732
leaf_weight=20 836 31 24 23 27 164 27 32 21 38 24 21
leaf_count=20 836 31 24 23 27 164 27 32 21 38 24 21
internal_value=-9.03271e-05 0.00881936 0.00294088 0.0107927 -0.00603441 0.0882745 -0.0599944 0.0100381 -0.0828364 -0.169781 -0.167097 0.00465677
internal_weight=1288 1129 1098 1050 863 187 159 94 62 65 48 41
internal_count=1288 1129 1098 1050 863 187 159 94 62 65 48 41
cat_boundaries=0 1
cat_threshold=67143682
is_linear=0
shrinkage=0.03


Tree=106
num_leaves=14
num_cat=1
split_feature=2 1 2 0 0 12 2 0 1 1 1 1 0
split_gain=761.681 3988.47 4989.86 2555.31 1875.38 1715.42 2968.99 2935.17 1561.14 3080.25 1437.86 452.682 593.946
threshold=0.17500000000000002 1.7300000000000002 0.22500000000000003 0.23500000000000001 0.075000000000000025 0 0.35500000000000004 1.5850000000000002 0.095000000000000015 0.20500000000000004 -1.5849999999999997 0.39500000000000007 1.0750000000000004
decision_type=2 2 2 2 2 9 2 2 2 2 2 2 2
left_child=3 2 -2 4 8 6 -4 -7 10 -10 -1 -5 -13
right_child=1 -3 5 11 -6 7 -8 -9 9 -11 -12 12 -14
leaf_value=0.071443596326892886 0.41380399461353523 0.43420131561922465 0.19656484032650381 -0.3002982474594581 0.25975697697911942 0.11450778919235798 -0.16791014662503145 -0.2194202110969414 0.31058969908801815 -0.0093550928286734326 -0.041974368553324447 -0.039130550235998429 -0.23130949512280916
leaf_weight=120 25 21 24 20 24 120 113 29 39 86 609 30 28
leaf_count=120 25 21 24 20 24 120 113 29 39 86 609 30 28
internal_value=-9.27883e-05 0.0390185 0.0116704 -0.0136918 0.000966078 -0.0241315 -0.0965353 0.0459078 -0.00645096 0.0912835 -0.0232645 -0.17768 -0.133142
internal_weight=1288 332 311 956 878 286 137 149 854 125 729 78 58
internal_count=1288 332 311 956 878 286 137 149 854 125 729 78 58
cat_boundaries=0 1
cat_threshold=537690116
is_linear=0
shrinkage=0.03


Tree=107
num_leaves=22
num_cat=2
split_feature=3 12 7 9 12 11 2 0 9 0 0 0 2 4 0 2 0 0 11 2 2
split_gain=735.013 1174.6 3786.48 4784.64 6250.88 5402.08 3166.98 3730.7 2598.41 1675.27 3512.92 1310.94 1600.58 1228.64 1067.74 860.86 471.162 669.16 520.402 803.791 739.807
threshold=1.0000000180025095e-35 0 1.0000000180025095e-35 1.0000000180025095e-35 1 4.5000000000000009 -0.30499999999999994 -2.3849999999999993 1.0000000180025095e-35 -1.5449999999999997 -0.89499999999999991 -1.075 -0.73499999999999988 1.0000000180025095e-35 -0.68999999999999984 -1.2449999999999999 -2.0449999999999995 -3.4999999999999996 4.5000000000000009 0.065000000000000016 -0.13499999999999998
decision_type=2 9 2 2 9 2 2 2 2 2 2 2 2 2 2 2 2 2 2 2 2
left_child=16 8 6 5 -5 -4 7 -3 11 15 -11 12 -2 -13 -8 -10 17 -1 20 -20 -18
right_child=1 2 3 4 -6 -7 14 -9 9 10 -12 13 -14 -15 -16 -17 18 -19 19 -21 -22
leaf_value=-0.029136566352844236 0.078286211106416995 0.015511094922888765 0.27287554391973157 -0.042533194441982752 0.24514616064968947 -0.10249290642507719 0.23384969214695256 -0.38389711634003287 -0.38750356335140934 0.19798764803502467 -0.13521594163122239 0.027400530821800231 -0.1246029074750048 0.2317184707387801 -0.02025830377624669 -0.1539040000361781 0.16531516179632635 -0.26539740870719736 -0.17028276491284369 0.05701745910644531 -0.08146725291740603
leaf_weight=22 69 36 42 104 193 183 20 50 21 38 109 62 70 46 54 46 23 21 37 22 20
leaf_count=22 69 36 42 104 193 183 20 50 21 38 109 62 70 46 54 46 23 21 37 22 20
internal_value=-8.07205e-05 0.00799781 0.032741 0.0723521 0.151308 -0.0319611 -0.0942543 -0.217545 -0.0286843 -0.105709 -0.0486822 0.0369569 -0.023947 0.115119 0.0494878 -0.229494 -0.0635911 -0.146313 -0.0281452 -0.0857094 0.0508466
internal_weight=1288 1143 682 522 297 225 160 86 461 214 147 247 139 108 74 67 145 43 102 59 43
internal_count=1288 1143 682 522 297 225 160 86 461 214 147 247 139 108 74 67 145 43 102 59 43
cat_boundaries=0 1 2
cat_threshold=621306659 1073775628
is_linear=0
shrinkage=0.03


Tree=108
num_leaves=9
num_cat=1
split_feature=1 12 1 2 2 2 2 1
split_gain=750.468 1103.18 1264.72 1076.32 1405.81 997.104 2742.73 764.152
threshold=-2.5899999999999994 0 1.7300000000000002 1.2500000000000002 1.0800000000000003 -0.064999999999999988 -0.39499999999999996 -0.96999999999999986
decision_type=2 9 2 2 2 2 2 2
left_child=-1 5 3 4 -3 6 7 -2
right_child=1 2 -4 -5 -6 -7 -8 -9
leaf_value=0.16794235592700066 -0.28675806824952127 0.00031683723168064764 0.19009403313490059 -0.18174627664214688 0.25109465800262082 -0.23905582978427409 0.23687484203974407 -0.049383857772035418
leaf_weight=23 23 1082 32 28 20 32 22 26
leaf_count=23 23 1082 32 28 20 32 22 26
internal_value=-3.55204e-05 -0.00315718 0.00553663 0.000274788 0.00498269 -0.0924239 -0.0380112 -0.162636
internal_weight=1288 1265 1162 1130 1102 103 71 49
internal_count=1288 1265 1162 1130 1102 103 71 49
cat_boundaries=0 1
cat_threshold=67110922
is_linear=0
shrinkage=0.03


Tree=109
num_leaves=14
num_cat=1
split_feature=0 4 0 1 9 12 6 1 5 0 0 0 1
split_gain=753.658 4078.19 2961.04 2489.61 1590.74 1460.77 1354.91 922.471 903.535 887.979 1422.58 1234.21 51.4646
threshold=1.7450000000000003 1.0000000180025095e-35 1.2100000000000002 1.2350000000000001 1.0000000180025095e-35 0 1.0000000180025095e-35 -0.56499999999999984 1.0000000180025095e-35 -3.8249999999999997 -4.1149999999999993 -2.1249999999999996 1.6800000000000002
decision_type=2 2 2 2 2 9 2 2 2 2 2 2 2
left_child=2 3 5 -2 -4 6 7 -1 -8 10 -7 -11 -3
right_child=1 12 4 -5 -6 9 8 -9 -10 11 -12 -13 -14
leaf_value=-0.31760404074819465 -0.11517456017470941 -0.24614324363848056 0.03834250195172368 0.34759999406060504 0.36586376028129308 0.022920275336073843 -0.09860591298028043 -0.10191332345787842 0.14984212411179837 -0.057222270812194359 0.32181225844127376 0.020817213846437522 -0.33970005216154936
leaf_weight=28 20 20 24 21 30 48 28 50 24 245 20 709 21
leaf_count=28 20 20 24 21 30 48 28 50 24 245 20 709 21
internal_value=-3.32746e-05 -0.0877596 0.00596294 0.123116 0.222041 -0.00425505 -0.09495 -0.180909 0.0163403 0.00816807 0.112581 0.000753008 -0.29765
internal_weight=1288 82 1206 41 54 1152 130 78 52 1022 68 954 41
internal_count=1288 82 1206 41 54 1152 130 78 52 1022 68 954 41
cat_boundaries=0 1
cat_threshold=1140852802
is_linear=0
shrinkage=0.03


Tree=110
num_leaves=11
num_cat=0
split_feature=0 2 0 0 2 2 2 0 2 11
split_gain=710.204 4435.57 4215.88 2788.93 2794.63 2478.32 4638.53 1971.47 1774.16 1073.75
threshold=1.7450000000000003 0.64500000000000013 2.6300000000000003 1.2100000000000002 0.59500000000000008 0.55500000000000016 0.46500000000000002 -0.094999999999999987 0.36500000000000005 5.5000000000000009
decision_type=2 2 2 2 2 2 2 2 2 2
left_child=3 -2 -3 5 -5 6 8 -7 -1 -9
right_child=1 2 -4 4 -6 7 -8 9 -10 -11
leaf_value=0.0067315560128101207 -0.33849535967598499 -0.18333486910069241 0.37945313626892713 -0.001179829482598738 0.42835625246871595 -0.33507705463090937 0.44544668652151903 0.075842207125255037 -0.23750176356489006 -0.16654199405338452
leaf_weight=1006 35 23 24 27 27 33 21 31 27 34
leaf_count=1006 35 23 24 27 27 33 21 31 27 34
internal_value=-3.23131e-05 -0.0851922 0.104952 0.00578841 0.215493 -0.0041281 0.00931353 -0.148038 0.0002332 -0.0512011
internal_weight=1288 82 47 1206 54 1152 1054 98 1033 65
internal_count=1288 82 47 1206 54 1152 1054 98 1033 65
is_linear=0
shrinkage=0.03


Tree=111
num_leaves=15
num_cat=3
split_feature=1 0 0 12 12 0 4 4 5 0 12 0 0 1
split_gain=707.705 997.045 3612.51 2574.59 2221.22 2146.65 2401.75 2084.58 1419.99 3653.49 2757.18 1231.53 779.215 542.672
threshold=-2.5899999999999994 -2.1249999999999996 -2.3649999999999998 0 1 -0.52999999999999992 1.0000000180025095e-35 1.0000000180025095e-35 1.0000000180025095e-35 1.0150000000000003 2 -4.1149999999999993 -2.2649999999999992 -1.3299999999999998
decision_type=2 2 2 9 9 2 2 2 2 2 9 2 2 2
left_child=-1 2 3 13 5 7 -7 -3 9 -6 -10 -5 -4 -2
right_child=1 4 12 11 8 6 -8 -9 10 -11 -12 -13 -14 -15
leaf_value=0.1630912326548962 -0.19007884099631181 0.082607054463521692 -0.38748079361105864 -0.13625244159698485 -0.005989995814899709 0.13278611319270922 -0.12460333134779117 0.35360995446402449 -0.11141262763432443 0.30219153121604192 0.052245366092932177 0.1021416860554706 -0.15744824472524352 -0.048726967676302024
leaf_weight=23 56 63 26 22 280 69 61 43 245 39 140 148 29 44
leaf_count=23 56 63 26 22 280 69 61 43 245 39 140 148 29 44
internal_value=-3.04855e-05 -0.00306197 -0.0483177 -0.0029887 0.0125991 0.0900451 0.0119734 0.193714 -0.0144767 0.0320919 -0.0534371 0.0670325 -0.268756 -0.11684
internal_weight=1288 1265 325 270 940 236 130 106 704 319 385 170 55 100
internal_count=1288 1265 325 270 940 236 130 106 704 319 385 170 55 100
cat_boundaries=0 1 2 3
cat_threshold=84426752 20612 17596496
is_linear=0
shrinkage=0.03


Tree=112
num_leaves=11
num_cat=0
split_feature=0 2 0 0 2 2 2 0 2 1
split_gain=691.833 4130.03 3978.89 2597.85 2641.44 2348.95 4367.88 1863.66 1650.71 1016.58
threshold=1.7450000000000003 0.64500000000000013 2.6300000000000003 1.2100000000000002 0.65500000000000014 0.55500000000000016 0.46500000000000002 -0.094999999999999987 0.36500000000000005 0.080000000000000016
decision_type=2 2 2 2 2 2 2 2 2 2
left_child=3 -2 -3 5 -5 6 8 -7 -1 -9
right_child=1 2 -4 4 -6 7 -8 9 -10 -11
leaf_value=0.0066737004206717104 -0.32851166213398242 -0.18063125035103331 0.3660907477067441 0.03880098604800096 0.46689969282372051 -0.32582621941726592 0.4324354391929715 0.056416158507948053 -0.22890918685522946 -0.18051880471181062
leaf_weight=1006 35 23 24 33 21 33 21 36 27 29
leaf_count=1006 35 23 24 33 21 33 21 36 27 29
internal_value=-4.3037e-05 -0.0840942 0.0993977 0.00570188 0.208095 -0.00386885 0.00921711 -0.143973 0.000405493 -0.0498185
internal_weight=1288 82 47 1206 54 1152 1054 98 1033 65
internal_count=1288 82 47 1206 54 1152 1054 98 1033 65
is_linear=0
shrinkage=0.03


Tree=113
num_leaves=11
num_cat=1
split_feature=12 11 1 0 0 2 0 0 1 2
split_gain=770.203 1873.8 1266.38 1509.13 4220.87 2377.14 1060.3 2560.66 708.599 769.31
threshold=0 4.5000000000000009 1.7300000000000002 1.4350000000000003 1.2100000000000002 0.55500000000000016 -0.29499999999999993 -1.1649999999999998 1.1350000000000002 0.75500000000000012
decision_type=9 2 2 2 2 2 2 2 2 2
left_child=1 -1 3 4 5 -2 7 -3 9 -5
right_child=2 6 -4 8 -6 -7 -8 -9 -10 -11
leaf_value=-0.28372769697389355 0.016658561095219519 -0.08744878370285035 0.19195230753971981 -0.31922134321293932 0.41797421283721919 -0.14339863508255754 -0.18363346553680507 0.32335769495853156 -0.011727990786234538 -0.077851572485531081
leaf_weight=29 956 37 32 23 22 91 21 21 31 25
leaf_count=29 956 37 32 23 22 91 21 21 31 25
internal_value=-4.0175e-05 -0.0729808 0.00721836 0.0020479 0.0114234 0.00268252 -0.00346237 0.0627327 -0.124055 -0.195668
internal_weight=1288 108 1180 1148 1069 1047 79 58 79 48
internal_count=1288 108 1180 1148 1069 1047 79 58 79 48
cat_boundaries=0 1
cat_threshold=71436290
is_linear=0
shrinkage=0.03


Tree=114
num_leaves=12
num_cat=2
split_feature=12 11 2 2 1 9 1 12 1 1 2
split_gain=726.315 1863.83 1842.17 4720.46 2076.83 1538.61 1286.84 4737.7 3730.78 1243.1 2388.53
threshold=0 4.5000000000000009 0.90500000000000014 0.80500000000000016 0.77000000000000013 1.0000000180025095e-35 -0.23499999999999996 1 -0.44499999999999995 -0.81999999999999995 -0.105
decision_type=9 2 2 2 2 2 2 9 2 2 2
left_child=1 -1 3 6 5 -4 8 -8 -2 -3 -11
right_child=2 9 4 -5 -6 -7 7 -9 -10 10 -12
leaf_value=-0.2808118687282174 0.0056814970565665073 -0.18564202403007671 -0.21134734041690825 0.42861230546600965 -0.36360259662355693 0.12053582978248596 -0.11862889770839212 0.057914614200744868 0.21926094585963657 0.23171819834087204 -0.16063930481862515
leaf_weight=29 464 23 22 24 24 28 248 282 87 34 23
leaf_count=29 464 23 22 24 24 28 248 282 87 34 23
internal_value=-4.09367e-05 -0.0705463 0.00704038 0.0168303 -0.137293 -0.0260801 0.0074913 -0.0258672 0.0395782 -0.00178054 0.0733262
internal_weight=1288 109 1179 1105 74 50 1081 530 551 80 57
internal_count=1288 109 1179 1105 74 50 1081 530 551 80 57
cat_boundaries=0 1 2
cat_threshold=1145047042 820244
is_linear=0
shrinkage=0.03


Tree=115
num_leaves=14
num_cat=1
split_feature=2 1 2 0 0 1 1 1 1 12 2 2 2
split_gain=713.647 3665.3 4626.44 2340 1767.96 1608.66 2438.54 1430.94 2806.79 1456.23 1065.92 415.601 512.247
threshold=0.17500000000000002 1.7300000000000002 0.22500000000000003 0.23500000000000001 0.075000000000000025 0.45500000000000007 0.29000000000000009 0.095000000000000015 0.20500000000000004 0 0.56500000000000006 -0.30499999999999994 -0.084999999999999978
decision_type=2 2 2 2 2 2 2 2 2 9 2 2 2
left_child=3 2 -2 4 7 6 -4 9 -9 -1 -7 -5 -13
right_child=1 -3 5 11 -6 10 -8 8 -10 -11 -12 12 -14
leaf_value=-0.11548613924064127 0.39879579725686237 0.41663601573677944 -0.016619620344610012 -0.28385371717464092 0.25207667319628657 -0.27032477127137733 0.28846418409347535 0.29652099212815486 -0.0088906024918390825 -0.0030605920582079142 -0.054145684863245766 -0.01973713814786502 -0.20191588518245895
leaf_weight=115 25 21 165 21 24 30 27 39 86 614 64 24 33
leaf_count=115 25 21 165 21 24 30 27 39 86 614 64 24 33
internal_value=-5.67666e-05 0.0378012 0.0115833 -0.0132201 0.000806568 -0.0228903 0.026905 -0.00639474 0.0871756 -0.0224919 -0.124236 -0.170148 -0.1261
internal_weight=1288 332 311 956 878 286 192 854 125 729 94 78 57
internal_count=1288 332 311 956 878 286 192 854 125 729 94 78 57
cat_boundaries=0 1
cat_threshold=1073893376
is_linear=0
shrinkage=0.03


Tree=116
num_leaves=12
num_cat=0
split_feature=3 2 2 0 0 2 1 1 7 2 6
split_gain=673.722 876.9 3509.3 2780.36 1823.36 1574.97 1913.32 479.647 350.823 748.205 1841.29
threshold=1.0000000180025095e-35 0.90500000000000014 0.80500000000000016 1.8550000000000002 1.2850000000000004 1.1050000000000002 0.66500000000000015 -1.4049999999999996 1.0000000180025095e-35 0.045000000000000005 1.0000000180025095e-35
decision_type=2 2 2 2 2 2 2 2 2 2 2
left_child=7 2 3 4 -2 -3 -7 -1 -9 10 -10
right_child=1 5 -4 -5 -6 6 -8 8 9 -11 -12
leaf_value=-0.17641540561532076 0.0077405565498670755 -0.28318330248664403 0.36936340836116238 -0.24752177345275875 0.22372191610115846 0.18629992378283949 -0.19791479640783263 0.061554021727364017 -0.31700002406625183 0.066574430365311479 0.0090356804551901641
leaf_weight=26 975 25 24 37 36 25 21 26 25 28 40
leaf_count=26 975 25 24 37 36 25 21 26 25 28 40
internal_value=-7.49751e-05 0.0076593 0.0144402 0.00613705 0.015541 -0.0940657 0.010591 -0.0608798 -0.0349791 -0.0621838 -0.117779
internal_weight=1288 1143 1072 1048 1011 71 46 145 119 93 65
internal_count=1288 1143 1072 1048 1011 71 46 145 119 93 65
is_linear=0
shrinkage=0.03


Tree=117
num_leaves=11
num_cat=1
split_feature=12 11 1 1 1 1 5 1 2 1
split_gain=693.425 1794.17 1699.89 1426.57 1494.21 2292.03 1894.1 1351.67 1082.5 397.484
threshold=0 4.5000000000000009 -0.83499999999999985 1.7300000000000002 0.63500000000000012 0.54500000000000015 1.0000000180025095e-35 -0.35499999999999993 -0.105 0.78500000000000014
decision_type=9 2 2 2 2 2 2 2 2 2
left_child=1 -1 -3 4 5 7 -6 -2 -4 -8
right_child=3 2 8 -5 6 -7 9 -9 -10 -11
leaf_value=-0.26168488616576557 0.038798685182416082 -0.19601142651818015 0.18799313500642778 0.20637121923764545 -0.30289433653628239 0.26130833334555992 -0.14055869130409041 -0.031413986649399712 -0.072140493119016602 0.0076057886719703661
leaf_weight=32 516 27 37 31 30 32 21 472 23 67
leaf_count=32 516 27 37 31 30 32 21 472 23 67
internal_value=-7.59829e-05 -0.065974 -0.00040998 0.00715789 0.00170315 0.0134139 -0.0991299 0.00525383 0.0884536 -0.0283121
internal_weight=1288 119 87 1169 1138 1020 118 988 60 88
internal_count=1288 119 87 1169 1138 1020 118 988 60 88
cat_boundaries=0 1
cat_threshold=71436802
is_linear=0
shrinkage=0.03


Tree=118
num_leaves=10
num_cat=1
split_feature=1 12 1 11 1 1 1 1 1
split_gain=665.928 906.369 1149.98 774.316 3774.4 963.663 755.747 1057.54 94.109
threshold=-2.5899999999999994 0 1.7300000000000002 7.5000000000000009 -0.32499999999999996 0.60500000000000009 -0.96999999999999986 0.03500000000000001 -0.35499999999999993
decision_type=2 9 2 2 2 2 2 2 2
left_child=-1 6 3 5 -5 -3 -2 8 -8
right_child=1 2 -4 4 -6 -7 7 -9 -10
leaf_value=0.15815650527020719 -0.22365406356516637 0.0035261702520673326 0.18084748343687793 0.39659339440598773 -0.065538927712283285 -0.087916290025675942 -0.0020386125895441795 -0.19446885017179094 0.080569458237465696
leaf_weight=23 28 945 32 24 45 116 24 26 25
leaf_count=23 28 945 32 24 45 116 24 26 25
internal_value=-7.72262e-05 -0.00301792 0.00486465 -0.000151028 0.0968564 -0.00650518 -0.0839294 -0.0417066 0.0404359
internal_weight=1288 1265 1162 1130 69 1061 103 75 49
internal_count=1288 1265 1162 1130 69 1061 103 75 49
cat_boundaries=0 1
cat_threshold=67110922
is_linear=0
shrinkage=0.03


Tree=119
num_leaves=17
num_cat=1
split_feature=3 12 1 1 6 7 1 1 0 1 0 1 1 5 9 0
split_gain=630.672 1153.25 3254.07 2796.31 2563.2 8107.27 2205.31 1595.35 2975.32 937.941 899.23 606.577 467.865 388.704 282.801 238.267
threshold=1.0000000180025095e-35 0 -1.5699999999999998 -1.9549999999999998 1.0000000180025095e-35 1.0000000180025095e-35 -0.20499999999999999 -1.3299999999999998 -4.1149999999999993 -1.1649999999999998 -1.2149999999999996 -1.5849999999999997 -1.4049999999999996 1.0000000180025095e-35 1.0000000180025095e-35 -0.52999999999999992
decision_type=2 9 2 2 2 2 2 2 2 2 2 2 2 2 2 2
left_child=12 7 3 -3 5 -4 -6 8 -2 -9 -11 -10 -1 14 -14 -15
right_child=1 2 4 -5 6 -7 -8 9 11 10 -12 -13 13 15 -16 -17
leaf_value=-0.17300368487160162 0.1631247865130504 0.061060875892639151 -0.22561160085812085 0.52921962281160573 0.060687440297627807 0.16829461481469743 -0.11968067944495477 0.17963938089536161 -0.15983388489414663 -0.071179046197579449 0.01866073780547222 -0.34534513737559314 -0.027915477638513268 0.074974076804830064 -0.15710135407772932 -0.048163439088938186
leaf_weight=26 22 25 60 21 98 211 160 24 42 149 304 27 35 33 27 24
leaf_count=26 22 25 60 21 98 211 160 24 42 149 304 27 35 33 27 24
internal_value=-7.19763e-05 0.00741103 0.0369804 0.278242 0.0164509 0.080817 -0.0511723 -0.0227736 -0.137919 -0.00115583 -0.0109285 -0.234431 -0.0589021 -0.0333277 -0.0850286 0.0231066
internal_weight=1288 1143 575 46 529 271 258 568 91 477 453 69 145 119 62 57
internal_count=1288 1143 575 46 529 271 258 568 91 477 453 69 145 119 62 57
cat_boundaries=0 1
cat_threshold=1695048499
is_linear=0
shrinkage=0.03


Tree=120
num_leaves=17
num_cat=2
split_feature=2 1 2 6 12 1 1 1 2 6 1 12 2 1 9 11
split_gain=670.017 3349.31 4406.4 2629.33 2135.61 2251.55 1702.99 1149.56 2057.51 2487.64 1396.66 2775.24 895.537 880.101 756.593 195.445
threshold=0.17500000000000002 1.7300000000000002 0.35500000000000004 1.0000000180025095e-35 0 0.40500000000000008 0.89000000000000012 0.095000000000000015 0.015000000000000001 1.0000000180025095e-35 -0.23499999999999996 1 0.77500000000000013 -0.14499999999999999 1.0000000180025095e-35 6.5000000000000009
decision_type=2 2 2 2 9 2 2 2 2 2 2 9 2 2 2 2
left_child=6 2 3 14 12 -6 7 10 9 -9 11 -1 -4 -12 -2 -8
right_child=1 -3 4 -5 5 -7 15 8 -10 -11 13 -13 -14 -15 -16 -17
leaf_value=-0.11745263347922595 0.17209903645261804 0.39874950273646859 -0.25480050661888987 0.41480197853675255 0.12592428295887431 -0.12425052409172058 -0.12870168182078531 0.24542720105993837 -0.20521774687254152 -0.0067625103312380173 -0.19137427531335954 0.041059259704762346 -0.07452373600932001 -0.049076733292955338 -0.077510913499971704 -0.25795177733343699
leaf_weight=118 23 21 49 32 84 52 25 65 21 76 53 429 51 148 20 21
leaf_count=118 23 21 49 32 84 52 25 65 21 76 53 429 51 148 20 21
internal_value=-7.06568e-05 0.0366117 0.0115482 0.211078 -0.0521613 0.028085 -0.0128253 -0.00377108 0.0685536 0.10993 -0.0194743 0.00538791 -0.148901 -0.0869946 0.0563759 -0.189911
internal_weight=1288 332 311 75 236 136 956 910 162 141 748 547 100 201 43 46
internal_count=1288 332 311 75 236 136 956 910 162 141 748 547 100 201 43 46
cat_boundaries=0 1 2
cat_threshold=819204 1141002240
is_linear=0
shrinkage=0.03


Tree=121
num_leaves=14
num_cat=0
split_feature=1 2 2 2 2 1 1 1 1 1 1 1 2
split_gain=633.416 2986.63 4704.7 2859.17 5704.04 4325.58 2274.45 1970.83 2999.12 1379.75 1518.8 458.516 883.418
threshold=0.29000000000000009 0.56500000000000006 0.45500000000000007 0.65500000000000014 0.89500000000000013 1.4700000000000002 0.77000000000000013 0.23000000000000001 0.15500000000000003 0.35500000000000004 0.47000000000000003 -0.084999999999999978 0.74500000000000011
decision_type=2 2 2 2 2 2 2 2 2 2 2 2 2
left_child=1 2 7 5 -5 9 -6 8 -1 -2 -11 12 -3
right_child=3 11 -4 4 6 -7 -8 -9 -10 10 -12 -13 -14
leaf_value=-0.0088008691050865933 0.26182682947701835 -0.29540457599628261 0.45352805689922188 0.51436518526858965 0.22106792943976644 -0.35550857004876857 -0.19081199913024902 -0.25615422680594702 0.29402901939095039 -0.16742629899441355 0.054825810373066906 -0.29444359407619553 -0.050074189430320423
leaf_weight=841 21 20 20 30 21 29 27 27 30 35 125 24 38
leaf_count=841 21 20 20 30 21 29 27 27 30 35 125 24 38
internal_value=-8.76463e-05 -0.0113828 0.00415029 0.039073 0.193551 -0.0186139 -0.0101313 -0.0061016 0.00178882 0.0361779 0.00581935 -0.184285 -0.136524
internal_weight=1288 1000 918 288 78 210 48 898 871 181 160 82 58
internal_count=1288 1000 918 288 78 210 48 898 871 181 160 82 58
is_linear=0
shrinkage=0.03


Tree=122
num_leaves=14
num_cat=0
split_feature=2 1 2 0 0 1 1 1 4 1 2 1 0
split_gain=615.075 3231.77 4214.34 2042.37 1660.69 1391.76 2211.86 1290.44 2517.66 1327.25 1016.96 418.792 502.589
threshold=0.17500000000000002 1.7300000000000002 0.22500000000000003 0.23500000000000001 0.075000000000000025 0.45500000000000007 0.29000000000000009 0.095000000000000015 1.0000000180025095e-35 -1.5849999999999997 0.56500000000000006 0.39500000000000007 1.0750000000000004
decision_type=2 2 2 2 2 2 2 2 2 2 2 2 2
left_child=3 2 -2 4 7 6 -4 9 -9 -1 -7 -5 -13
right_child=1 -3 5 11 -6 10 -8 8 -10 -11 -12 12 -14
leaf_value=0.069525411418271996 0.38001096906206183 0.39078884643732109 -0.01758470231159576 -0.27662167074331423 0.24432802811447452 -0.25939538524189931 0.27297057375474409 0.24919192263213072 -0.025566027664670758 -0.039441930247854265 -0.048304232539825666 -0.029889277849041045 -0.20653415476962139
leaf_weight=120 25 21 165 20 24 30 27 49 76 609 64 30 28
leaf_count=120 25 21 165 20 24 30 27 49 76 609 64 30 28
internal_value=-8.29795e-05 0.0350631 0.0104447 -0.0123036 0.000800445 -0.0224564 0.0238619 -0.00617887 0.0826789 -0.0214654 -0.116722 -0.158912 -0.116254
internal_weight=1288 332 311 956 878 286 192 854 125 729 94 78 58
internal_count=1288 332 311 956 878 286 192 854 125 729 94 78 58
is_linear=0
shrinkage=0.03


Tree=123
num_leaves=17
num_cat=1
split_feature=12 2 2 0 0 0 6 2 2 11 9 6 0 2 11 4
split_gain=642.828 1713.37 4990.13 2151.84 1641.12 1938.51 1575.61 1177.57 1650.5 1655.66 1165 1290.43 965.925 793.49 744.027 722.445
threshold=0 0.90500000000000014 0.79500000000000015 1.2550000000000001 -3.8249999999999997 -3.3049999999999993 1.0000000180025095e-35 -0.60499999999999987 -0.40499999999999997 5.5000000000000009 1.0000000180025095e-35 1.0000000180025095e-35 -0.85499999999999987 0.31500000000000006 5.5000000000000009 1.0000000180025095e-35
decision_type=9 2 2 2 2 2 2 2 2 2 2 2 2 2 2 2
left_child=7 2 4 -3 6 -6 -2 10 -9 12 11 -1 -10 -11 -13 -12
right_child=1 3 -4 -5 5 -7 -8 8 9 13 15 14 -14 -15 -16 -17
leaf_value=-0.17679352692022163 0.34388787517828096 0.057063367394840012 0.47517610425727308 -0.31732068894730237 -0.20897281403064727 0.012009686917781552 0.014650862112912265 0.18598905520315293 -0.24352527248600253 0.11908405624910164 -0.29913010181280281 0.20024900296529136 -0.046567157128840006 -0.058852134212203651 -0.047041630168293797 -0.088797654252303279
leaf_weight=29 25 25 21 30 37 755 27 38 34 65 32 22 65 34 21 28
leaf_count=29 25 25 21 30 37 755 27 38 34 65 32 22 65 34 21 28
internal_value=-7.23705e-05 0.0133348 0.0238373 -0.148111 0.012329 0.00155689 0.174763 -0.0330363 0.00622586 -0.0286406 -0.105507 -0.0237407 -0.115123 0.0579558 0.0802576 -0.20257
internal_weight=1288 920 865 55 844 792 52 368 236 198 132 72 99 99 43 60
internal_count=1288 920 865 55 844 792 52 368 236 198 132 72 99 99 43 60
cat_boundaries=0 1
cat_threshold=1717734922
is_linear=0
shrinkage=0.03


Tree=124
num_leaves=20
num_cat=1
split_feature=12 3 0 0 1 1 1 1 4 4 1 1 0 5 1 0 1 1 1
split_gain=632.299 2007.42 1696.79 4122.96 2112.77 947.979 3199.57 2538.15 4425.59 3963.94 6034.39 2853.36 2681.39 2216.96 1594.82 3128.75 1487.4 782.77 319.814
threshold=0 1.0000000180025095e-35 1.8350000000000002 1.2100000000000002 -0.32499999999999996 -0.53499999999999992 -0.74499999999999988 -0.23499999999999996 1.0000000180025095e-35 1.0000000180025095e-35 0.15500000000000003 1.4700000000000002 -1.1949999999999996 1.0000000180025095e-35 -1.3299999999999998 -4.3049999999999988 -1.2149999999999996 -0.36999999999999994 -0.27499999999999997
decision_type=9 2 2 2 2 2 2 2 2 2 2 2 2 2 2 2 2 2 2
left_child=1 18 3 4 -3 6 14 8 17 10 -9 -11 -10 -8 15 -2 -16 -7 -1
right_child=5 2 -4 -5 -6 7 13 9 12 11 -12 -13 -14 -15 16 -17 -18 -19 -20
leaf_value=-0.1233601590032163 0.25729012563380793 0.051877722177898045 -0.26359524436329684 0.4243492898548521 -0.091043658482289944 -0.14538680020173389 -0.018387813820029204 -0.045026956813570898 0.16892497104822204 -0.044319642463944986 0.26681972530268239 -0.4023354125340779 0.65697486270346284 -0.39054666657081011 0.32669083605533422 -0.12802987008046376 0.050179628307955249 0.1077685132193011 -0.26486753396987917
leaf_weight=34 23 206 21 20 169 22 26 121 21 185 103 22 20 32 21 98 96 21 27
leaf_count=34 23 206 21 20 169 22 26 121 21 185 103 22 20 32 21 98 96 21 27
internal_value=-7.11167e-05 -0.0271386 -0.00404391 0.0100632 -0.0125597 0.0159896 -0.0265615 0.0407641 0.191109 0.0112682 0.0986284 -0.0832619 0.412117 -0.225351 0.0222414 -0.0540051 0.101014 -0.0218662 -0.187688
internal_weight=1288 477 416 395 375 811 296 515 84 431 224 207 41 58 238 121 117 43 61
internal_count=1288 477 416 395 375 811 296 515 84 431 224 207 41 58 238 121 117 43 61
cat_boundaries=0 1
cat_threshold=1181126154
is_linear=0
shrinkage=0.03


Tree=125
num_leaves=15
num_cat=0
split_feature=2 2 2 2 0 2 2 0 2 1 2 1 1 6
split_gain=586.935 2796.6 2396.15 1357.97 1877.75 925.439 1040.73 796.361 1196.61 3447.5 3265.15 777.249 576.376 387.052
threshold=-0.94499999999999984 -0.85499999999999987 -1.1049999999999998 -1.2149999999999996 -2.4649999999999994 -1.5349999999999999 -1.4249999999999996 -3.7849999999999997 -0.40499999999999997 -1.5849999999999997 -0.23499999999999996 -1.075 -0.32499999999999996 1.0000000180025095e-35
decision_type=2 2 2 2 2 2 2 2 2 2 2 2 2 2
left_child=2 -2 3 5 -5 11 -7 -3 9 -9 -10 -1 13 -4
right_child=1 7 12 4 -6 6 -8 8 10 -11 -12 -13 -14 -15
leaf_value=-0.035149483320258912 0.27952191205522903 -0.16805561049130496 -0.21661319165026888 0.36874841210900283 -0.011766166929765181 -0.23948092062998627 -0.018361448336291959 0.42436556163776751 -0.16013602521900452 0.027446310564151023 0.01322454366644411 0.19308693305482255 -0.32572329294404317 -0.038083090981771775
leaf_weight=31 33 24 23 20 27 29 55 21 116 236 608 23 21 21
leaf_count=31 33 24 23 20 27 29 55 21 116 236 608 23 21 21
internal_value=-6.44674e-05 0.00987561 -0.041285 0.0138726 0.152269 -0.0336203 -0.0957012 0.000883976 0.00510362 0.0606521 -0.0146387 0.0628869 -0.197225 -0.132858
internal_weight=1288 1038 250 185 47 138 84 1005 981 257 724 54 65 44
internal_count=1288 1038 250 185 47 138 84 1005 981 257 724 54 65 44
is_linear=0
shrinkage=0.03


Tree=126
num_leaves=18
num_cat=1
split_feature=12 2 2 0 0 0 2 4 0 0 2 2 0 6 2 2 0
split_gain=598.141 1395.52 4364.7 9549.02 2899.58 2250.6 1868.73 1408.64 759.541 1436.41 1038.92 1512.62 1195.36 905.056 757.739 282.331 276.271
threshold=0 0.90500000000000014 0.65500000000000014 1.2100000000000002 0.47000000000000003 1.2550000000000001 0.46500000000000002 1.0000000180025095e-35 -0.044999999999999991 -0.26499999999999996 0.31500000000000006 0.88500000000000012 0.25500000000000006 1.0000000180025095e-35 -0.60499999999999987 0.6150000000000001 -2.7949999999999995
decision_type=9 2 2 2 2 2 2 2 2 2 2 2 2 2 2 2 2
left_child=8 2 4 -4 6 -3 -2 -6 9 13 12 15 -10 14 -1 -12 -15
right_child=1 5 3 -5 7 -7 -8 -9 10 -11 11 -13 -14 16 -16 -17 -18
leaf_value=-0.15653989740705837 0.021172891313516476 0.077413610462023288 -0.1226182698635168 0.78496929204173194 -0.013341334192841139 -0.31548813056945796 0.31217667472653271 -0.24895200963555095 0.31674507452801959 -0.24801504401300772 -0.22500256933999616 0.15639045277436575 0.017019809943134501 0.091294509516133895 -0.022250901448099235 -0.065801523580783741 -0.0026166156722471049
leaf_weight=68 644 24 21 20 40 28 20 53 20 30 21 22 29 38 85 20 105
leaf_count=68 644 24 21 20 40 28 20 53 20 30 21 22 29 38 85 20 105
internal_value=-6.15894e-05 0.0145777 0.0245947 0.324158 0.00816276 -0.135081 0.0301709 -0.148259 -0.0281526 -0.051936 0.0384681 -0.042011 0.141381 -0.0316683 -0.0822699 -0.149144 0.022549
internal_weight=1288 850 798 41 757 52 664 93 438 326 112 63 49 296 153 41 143
internal_count=1288 850 798 41 757 52 664 93 438 326 112 63 49 296 153 41 143
cat_boundaries=0 1
cat_threshold=1684180506
is_linear=0
shrinkage=0.03


Tree=127
num_leaves=16
num_cat=2
split_feature=11 0 0 12 0 5 0 12 6 0 0 0 9 11 4
split_gain=593.729 2680.14 2125.12 1474.66 1734.99 1419.47 3155.41 2314.4 1138 650.43 1212.13 2627.88 678.323 503.116 277.528
threshold=7.5000000000000009 -0.024999999999999998 -1.1949999999999996 0 -3.8249999999999997 1.0000000180025095e-35 1.2100000000000002 1 1.0000000180025095e-35 -2.1399999999999992 -0.83499999999999985 -1.075 1.0000000180025095e-35 4.5000000000000009 1.0000000180025095e-35
decision_type=2 2 2 9 2 2 2 9 2 2 2 2 2 2 2
left_child=3 2 -2 9 8 6 -6 -7 -5 13 11 -11 -12 -1 -15
right_child=1 -3 -4 4 5 7 -8 -9 -10 10 12 -13 -14 14 -16
leaf_value=-0.23246353090784766 0.04029665040969848 -0.16244515529979361 0.42416728916962937 0.32727752001145299 0.020024468310177321 -0.12531728527189109 0.33228351801066169 0.02321753736459432 0.046652399370887054 -0.029803444570424609 -0.021990934132840593 0.35440980490242563 -0.14336220359635649 -0.033087625224938556 -0.15660824521982447
leaf_weight=27 31 27 22 25 388 146 31 235 27 73 86 20 80 44 26
leaf_count=27 31 27 22 25 388 146 31 235 27 73 86 20 80 44 26
internal_value=-5.56607e-05 0.0788306 0.20217 -0.00531286 0.0161991 0.0054181 0.0435028 -0.0364594 0.183457 -0.0556488 -0.0322583 0.0542444 -0.080756 -0.123295 -0.0797946
internal_weight=1288 80 53 1208 852 800 419 381 52 356 259 93 166 97 70
internal_count=1288 80 53 1208 852 800 419 381 52 356 259 93 166 97 70
cat_boundaries=0 1 2
cat_threshold=1713380890 786496
is_linear=0
shrinkage=0.03


Tree=128
num_leaves=15
num_cat=2
split_feature=1 12 4 0 1 1 0 9 0 1 11 0 0 12
split_gain=587.184 3366.84 5707.36 9634.48 3334.79 2769.37 2677.06 2486.76 2423.5 1894.46 2454.09 2126.52 1368.51 1333.4
threshold=0.29000000000000009 0 1.0000000180025095e-35 0.75500000000000012 1.0250000000000001 0.20500000000000004 1.9350000000000003 1.0000000180025095e-35 1.2850000000000004 0.15500000000000003 7.5000000000000009 -1.345 0.80500000000000016 1
decision_type=2 9 2 2 2 2 2 2 2 2 2 2 2 9
left_child=5 2 3 -2 7 9 8 -4 12 10 13 -12 -3 -1
right_child=1 6 4 -5 -6 -7 -8 -9 -10 -11 11 -13 -14 -15
leaf_value=-0.10608723596651175 -0.067336181965280087 -0.0014349511223454628 -0.074321923577055637 0.74439950590153203 -0.30005525105340136 -0.26745048926627796 -0.27344436915199472 0.36857129194570137 0.24546203941009084 0.23972030698625665 0.016713973045349124 0.43327169898661166 -0.27219067748757297 -0.0037819797769045138
leaf_weight=125 23 77 24 30 24 36 38 21 30 28 24 20 21 767
leaf_count=125 23 77 24 30 24 36 38 21 30 28 24 20 21 767
internal_value=-6.99723e-05 0.0376343 0.149946 0.394744 -0.0179562 -0.0109452 -0.051033 0.134075 0.0118077 -0.00122936 -0.0085646 0.208867 -0.0605717 -0.0194043
internal_weight=1288 288 122 53 69 1000 166 45 128 964 936 44 98 892
internal_count=1288 288 122 53 69 1000 166 45 128 964 936 44 98 892
cat_boundaries=0 1 2
cat_threshold=540868 1142952000
is_linear=0
shrinkage=0.03


Tree=129
num_leaves=9
num_cat=0
split_feature=1 0 0 2 2 0 1 5
split_gain=565.875 1061.74 3794.88 2096.03 3882.37 1760 1115.18 1006.35
threshold=1.7300000000000002 1.4350000000000003 1.2100000000000002 0.55500000000000016 0.46500000000000002 -0.094999999999999987 1.1350000000000002 1.0000000180025095e-35
decision_type=2 2 2 2 2 2 2 2
left_child=1 2 3 4 -1 -5 7 -3
right_child=-2 6 -4 5 -6 -7 -8 -9
leaf_value=0.00040473506773571703 0.11977384647079137 -0.054303572005413948 0.38974385161399838 -0.31270594340118008 0.40772053654665164 -0.044529416280848381 0.025991506064116064 -0.32956604516856808
leaf_weight=1032 34 23 22 33 21 65 33 25
leaf_count=1032 34 23 22 33 21 65 33 25
internal_value=-8.56528e-05 -0.00338427 0.00388649 -0.00365215 0.00872034 -0.135993 -0.10809 -0.199651
internal_weight=1288 1254 1173 1151 1053 98 81 48
internal_count=1288 1254 1173 1151 1053 98 81 48
is_linear=0
shrinkage=0.03


Tree=130
num_leaves=14
num_cat=3
split_feature=1 0 0 12 12 0 0 5 6 12 0 0 6
split_gain=568.576 900.257 3311.69 2197.97 1804.82 3459.4 4267.32 1537.68 3406.8 2282.02 1213.98 766.922 528.84
threshold=-2.5899999999999994 -2.1249999999999996 -2.3649999999999998 0 1 1.5850000000000002 0.66000000000000014 1.0000000180025095e-35 1.0000000180025095e-35 2 -4.1149999999999993 -2.2649999999999992 1.0000000180025095e-35
decision_type=2 2 2 9 9 2 2 2 2 9 2 2 2
left_child=-1 2 3 12 5 6 -3 8 -6 -9 -5 -4 -2
right_child=1 4 11 10 7 -7 -8 9 -10 -11 -12 -13 -14
leaf_value=0.14613005521956912 -0.17089114399594585 0.078896488096087389 -0.37451969027969068 -0.13977314157485962 0.11339604620365587 -0.26365923439661659 0.51825103770270942 -0.10498457908560384 -0.083831468803081732 0.042301558617062085 0.096885854627748916 -0.14671390891637084 -0.027667643804550168
leaf_weight=23 63 175 26 22 201 22 22 245 129 146 148 29 37
leaf_count=23 63 175 26 22 201 22 22 245 129 146 148 29 37
internal_value=-8.0586e-05 -0.00279802 -0.0458012 -0.002401 0.0120834 0.0852926 0.129164 -0.0112197 0.0362788 -0.0515974 0.0622695 -0.256862 -0.107621
internal_weight=1288 1265 325 270 940 219 197 721 330 391 170 55 100
internal_count=1288 1265 325 270 940 219 197 721 330 391 170 55 100
cat_boundaries=0 1 2 3
cat_threshold=84426752 67129472 17596496
is_linear=0
shrinkage=0.03


Tree=131
num_leaves=9
num_cat=1
split_feature=1 0 0 12 0 1 1 0
split_gain=557.252 973.709 3555.87 1074.79 1217.79 1056.68 777.554 627.064
threshold=1.7300000000000002 1.4350000000000003 1.2100000000000002 0 -1.0000000180025095e-35 1.1350000000000002 -0.35499999999999993 1.8350000000000002
decision_type=2 2 2 9 2 2 2 2
left_child=1 2 3 4 -1 7 -5 -3
right_child=-2 5 -4 6 -6 -7 -8 -9
leaf_value=-0.046770625451656236 0.11884619902787001 -0.29553547749799841 0.37710207091967257 0.032916741613081488 -0.29421531644532845 0.026853766124639938 -0.019420486319047404 -0.077030802932191403
leaf_weight=109 34 25 22 516 21 33 505 23
leaf_count=109 34 25 22 516 21 33 505 23
internal_value=-9.65142e-05 -0.00336991 0.00359286 -0.00370436 -0.0814948 -0.103641 0.00696213 -0.192771
internal_weight=1288 1254 1173 1151 130 81 1021 48
internal_count=1288 1254 1173 1151 130 81 1021 48
cat_boundaries=0 1
cat_threshold=1140852802
is_linear=0
shrinkage=0.03


Tree=132
num_leaves=16
num_cat=1
split_feature=2 2 2 12 0 0 2 1 2 0 2 2 1 1 6
split_gain=560.199 2623.42 2279.56 1388.81 2179.59 2458.59 2144.6 1359.41 1278.61 1754.25 873.82 950.993 730.714 557.175 359.95
threshold=-0.94499999999999984 -0.85499999999999987 -1.1049999999999998 0 1.9350000000000003 1.4550000000000003 -0.7649999999999999 0.30500000000000005 -1.2149999999999996 -2.4649999999999994 -1.5349999999999999 -1.4249999999999996 -1.075 -0.32499999999999996 1.0000000180025095e-35
decision_type=2 2 2 9 2 2 2 2 2 2 2 2 2 2 2
left_child=2 -2 8 6 5 -5 -3 -8 10 -10 12 -12 -1 14 -4
right_child=1 3 13 4 -6 -7 7 -9 9 -11 11 -13 -14 -15 -16
leaf_value=-0.033931025828633984 0.2707792428905394 0.34026843634538534 -0.2099817206951532 -0.031136554034733224 -0.27771720706830255 0.27664525814688939 -0.0080574566671188855 0.10922707308995057 0.35696251616826874 -0.01083085977380926 -0.23042082215163667 -0.019028536561373117 0.1873671595390807 -0.31878249543212184 -0.037771286221437675
leaf_weight=31 33 20 23 501 30 24 305 125 20 27 29 55 23 21 21
leaf_count=31 33 20 23 501 30 24 305 125 20 27 29 55 23 21 21
internal_value=-9.56822e-05 0.00961531 -0.0403664 0.000906414 -0.0306057 -0.016811 0.0395699 0.0261172 0.0134323 0.147724 -0.0326512 -0.0929763 0.0611248 -0.192465 -0.129206
internal_weight=1288 1038 250 1005 555 525 450 430 185 47 138 84 54 65 44
internal_count=1288 1038 250 1005 555 525 450 430 185 47 138 84 54 65 44
cat_boundaries=0 1
cat_threshold=50860236
is_linear=0
shrinkage=0.03


Tree=133
num_leaves=12
num_cat=1
split_feature=1 12 1 11 1 1 1 2 2 1 1
split_gain=541.066 1071.06 3925.1 2457.18 1464.63 2790.14 1786.02 1536.79 1481.06 1372.1 662.801
threshold=1.9100000000000001 0 0.33500000000000008 4.5000000000000009 0.29000000000000009 0.20500000000000004 0.39500000000000007 0.54500000000000015 0.35500000000000004 -0.12999999999999998 -0.7599999999999999
decision_type=2 9 2 2 2 2 2 2 2 2 2
left_child=1 2 3 10 5 7 -6 -3 -8 -5 -1
right_child=-2 4 -4 9 6 -7 8 -9 -10 -11 -12
leaf_value=-0.081688574522313942 0.14914522767621416 0.017986882560347035 -0.34580210651763493 0.10692696362966066 0.27807633313925367 -0.28883395029286862 0.11293103399316469 -0.12830276874353835 -0.056902154723550105 -0.073546551109415229 -0.2784434806924117
leaf_weight=35 21 672 36 115 34 30 112 71 78 56 28
leaf_count=35 21 672 36 115 34 30 112 71 78 56 28
internal_value=-8.87879e-05 -0.00262251 -0.0544338 -0.0112746 0.0118528 -0.00761074 0.0794279 0.00392674 0.0432279 0.0477649 -0.170686
internal_weight=1288 1267 270 234 997 773 224 743 190 171 63
internal_count=1288 1267 270 234 997 773 224 743 190 171 63
cat_boundaries=0 1
cat_threshold=1145310210
is_linear=0
shrinkage=0.03


Tree=134
num_leaves=15
num_cat=0
split_feature=2 1 2 6 0 0 2 1 11 0 2 9 2 2
split_gain=577.776 3135.22 4068.33 2496.13 1915.44 1559.86 1237.65 1306.06 1166.02 1915.15 675.274 674.657 420.231 483.704
threshold=0.17500000000000002 1.7300000000000002 0.35500000000000004 1.0000000180025095e-35 0.23500000000000001 0.075000000000000025 0.115 0.095000000000000015 4.5000000000000009 -0.61499999999999988 0.75500000000000012 1.0000000180025095e-35 -0.30499999999999994 -0.084999999999999978
decision_type=2 2 2 2 2 2 2 2 2 2 2 2 2 2
left_child=4 2 3 11 5 6 7 -1 10 -10 -4 -2 -6 -14
right_child=1 -3 8 -5 12 -7 -8 -9 9 -11 -12 -13 13 -15
leaf_value=-0.015338499351082755 0.16006792769026251 0.38434200179299638 -0.28964311988213481 0.39993507332435019 -0.26794042419416958 0.23677214532968949 -0.21187096528445973 0.090760407542452515 0.2135364008318294 -0.057178981396601748 -0.060857076756159457 -0.075613736646931343 -0.0068168542567564518 -0.1835452698095521
leaf_weight=707 23 21 25 32 21 24 25 122 27 162 22 20 24 33
leaf_count=707 23 21 25 32 21 24 25 122 27 162 22 20 24 33
internal_value=-9.30451e-05 0.0339706 0.00972355 0.201449 -0.0119374 0.00075284 -0.00601117 0.000317253 -0.0514906 -0.0180281 -0.184383 0.0507705 -0.153917 -0.109892
internal_weight=1288 332 311 75 956 878 854 829 236 189 47 43 78 57
internal_count=1288 332 311 75 956 878 854 829 236 189 47 43 78 57
is_linear=0
shrinkage=0.03


Tree=135
num_leaves=17
num_cat=1
split_feature=2 2 2 12 2 2 0 0 2 2 0 2 2 1 1 6
split_gain=548.021 2450.91 2155.34 1372.21 3509.42 2374.63 1949.06 5213.09 1234.06 1200.48 1664.48 818.975 891.755 682.378 537.596 336.935
threshold=-0.94499999999999984 -0.85499999999999987 -1.1049999999999998 0 -0.70499999999999985 0.17500000000000002 -1.7349999999999997 -1.4949999999999999 -0.16499999999999998 -1.2149999999999996 -2.4649999999999994 -1.5349999999999999 -1.4249999999999996 -1.075 -0.32499999999999996 1.0000000180025095e-35
decision_type=2 2 2 9 2 2 2 2 2 2 2 2 2 2 2 2
left_child=2 -2 9 4 -3 -6 8 -8 -5 11 -11 13 -13 -1 15 -4
right_child=1 3 14 6 5 -7 7 -9 -10 10 -12 12 -14 -15 -16 -17
leaf_value=-0.033315589677719838 0.26194921723158276 0.39824666056584335 -0.20385295354812702 -0.067613991108876226 -0.039554480255993986 0.13766654813205689 0.42289055911232437 -0.016716025894980321 -0.26376655743803296 0.34633857410710034 -0.011896253221685237 -0.22375148040157253 -0.019039152454685519 0.18053103353463587 -0.31187286909790929 -0.037208544964014094
leaf_weight=31 33 24 23 118 188 106 25 506 38 20 27 29 55 23 21 21
leaf_count=31 33 24 23 118 188 106 25 506 38 20 27 29 55 23 21 21
internal_value=-8.67077e-05 0.00951813 -0.0399174 0.00110023 0.0516363 0.0244566 -0.0227286 0.0043538 -0.116104 0.0123962 0.142522 -0.0322549 -0.0906549 0.0585328 -0.187814 -0.125697
internal_weight=1288 1038 250 1005 318 294 687 531 156 185 47 138 84 54 65 44
internal_count=1288 1038 250 1005 318 294 687 531 156 185 47 138 84 54 65 44
cat_boundaries=0 1
cat_threshold=50335948
is_linear=0
shrinkage=0.03


Tree=136
num_leaves=14
num_cat=2
split_feature=1 0 2 12 0 0 5 6 12 1 7 0 3
split_gain=551.982 860.763 3176.98 1638.66 3428.4 3959.39 1521.62 3268.08 2102.94 1362.92 1231.18 1758.17 1265.23
threshold=-2.5899999999999994 -2.1249999999999996 -0.41499999999999992 0 1.5850000000000002 0.66000000000000014 1.0000000180025095e-35 1.0000000180025095e-35 1 -1.5849999999999997 1.0000000180025095e-35 -2.5949999999999993 1.0000000180025095e-35
decision_type=2 2 2 9 2 2 2 2 9 2 2 2 2
left_child=-1 2 10 4 5 -3 7 -5 -8 -4 11 -2 -12
right_child=1 3 9 6 -6 -7 8 -9 -10 -11 12 -13 -14
leaf_value=0.14398288519331751 -0.008579212964967239 0.076655103415505493 -0.080506646138971502 0.1123731162298607 -0.26596304276784261 0.49986794192790984 -0.10604223942019339 -0.080798212075555639 0.033242457202155108 -0.36898911698896486 -0.17633108962454447 -0.30754943179111094 0.074305167035261785
leaf_weight=23 64 175 27 201 22 22 230 129 161 33 20 24 157
leaf_count=23 64 175 27 201 22 22 230 129 161 33 20 24 157
internal_value=-7.83439e-05 -0.00275586 -0.0448053 0.0117954 0.0815505 0.125078 -0.0104159 0.0368436 -0.0505724 -0.24096 -1.14646e-05 -0.0914273 0.0455509
internal_weight=1288 1265 325 940 219 197 721 330 391 60 265 88 177
internal_count=1288 1265 325 940 219 197 721 330 391 60 265 88 177
cat_boundaries=0 1 2
cat_threshold=67129472 950352
is_linear=0
shrinkage=0.03


Tree=137
num_leaves=13
num_cat=2
split_feature=1 0 0 12 12 0 0 1 1 0 0 6
split_gain=520.21 810.538 2956.77 2031.74 1543.59 3229.57 3731.31 1414.66 1702.18 1138.18 699.782 507.923
threshold=-2.5899999999999994 -2.1249999999999996 -2.3649999999999998 0 1 1.5850000000000002 0.66000000000000014 1.6350000000000002 -0.20499999999999999 -4.1149999999999993 -2.2649999999999992 1.0000000180025095e-35
decision_type=2 2 2 9 9 2 2 2 2 2 2 2
left_child=-1 2 3 11 5 6 -3 8 -6 -5 -4 -2
right_child=1 4 10 9 7 -7 -8 -9 -10 -11 -12 -13
leaf_value=0.1397553147204379 -0.16546404838749743 0.074361998942163249 -0.35529474778445258 -0.13596309219996133 0.042026955533864596 -0.25816144390106199 0.48520515874226883 0.21378963731259715 -0.054616803678522105 0.093182552624230419 -0.13777735347869033 -0.025136073417663572
leaf_weight=23 63 175 26 22 263 22 22 24 434 148 29 37
leaf_count=23 63 175 26 22 263 22 22 24 434 148 29 37
internal_value=-9.83012e-05 -0.00269768 -0.0435019 -0.00249216 0.0114226 0.0791242 0.12137 -0.010134 -0.0181418 0.0596977 -0.242932 -0.103643
internal_weight=1288 1265 325 270 940 219 197 721 697 170 55 100
internal_count=1288 1265 325 270 940 219 197 721 697 170 55 100
cat_boundaries=0 1 2
cat_threshold=84426752 67129472
is_linear=0
shrinkage=0.03


Tree=138
num_leaves=16
num_cat=3
split_feature=12 0 5 12 6 12 6 11 0 6 0 0 0 4 0
split_gain=514.055 1145.73 1058.61 5376.42 4085.14 4231.5 1585.56 1407.07 1055.51 1096.51 951.861 763.383 504.653 503.167 924.964
threshold=0 -3.8249999999999997 1.0000000180025095e-35 1 1.0000000180025095e-35 2 1.0000000180025095e-35 4.5000000000000009 -1.9249999999999996 1.0000000180025095e-35 -4.1149999999999993 -1.0049999999999997 -4.7399999999999993 1.0000000180025095e-35 -0.40499999999999997
decision_type=9 2 2 9 2 9 2 2 2 2 2 2 2 2 2
left_child=8 10 4 7 5 -3 -5 -4 9 -1 12 -6 -2 14 -10
right_child=1 2 3 6 11 -7 -8 -9 13 -11 -12 -13 -14 -15 -16
leaf_value=-0.3272277453112048 0.14567893886058889 0.22065882873493034 -0.31817068280492505 0.0022678668867817239 -0.017341961034536363 -0.0023246337635587431 0.17027483176720606 -0.082441845228045971 0.087623136276894428 -0.047356241226196284 0.29834193762337285 -0.13165713632346396 -0.055655797337376786 0.10685384756619813 -0.17341734559395736
leaf_weight=21 23 131 24 90 112 176 115 347 23 31 20 99 21 30 25
leaf_count=21 23 131 24 90 112 176 115 347 23 31 20 99 21 30 25
internal_value=-9.63312e-05 0.00642187 -0.00076374 -0.0287402 0.0303372 0.100119 0.0922273 -0.0955353 -0.0543137 -0.162478 0.129347 -0.0711766 0.0499743 0.0114146 -0.0486598
internal_weight=1288 1158 1094 576 518 307 205 371 130 52 64 211 44 78 48
internal_count=1288 1158 1094 576 518 307 205 371 130 52 64 211 44 78 48
cat_boundaries=0 1 2 3
cat_threshold=71305738 19824848 786628
is_linear=0
shrinkage=0.03


Tree=139
num_leaves=16
num_cat=0
split_feature=2 1 2 6 0 0 1 4 1 11 1 2 9 2 2
split_gain=546.402 2971.22 3865.5 2385.34 1841.35 1470.45 1200.8 2332.89 1200.66 1143.79 1826.33 637.315 624.614 435.344 237.909
threshold=0.17500000000000002 1.7300000000000002 0.35500000000000004 1.0000000180025095e-35 0.23500000000000001 0.075000000000000025 0.095000000000000015 1.0000000180025095e-35 -1.5849999999999997 4.5000000000000009 0.45500000000000007 0.75500000000000012 1.0000000180025095e-35 -0.21499999999999997 -0.064999999999999988
decision_type=2 2 2 2 2 2 2 2 2 2 2 2 2 2 2
left_child=4 2 3 12 5 6 8 -8 -1 11 -11 -4 -2 -6 -15
right_child=1 -3 9 -5 13 -7 7 -9 -10 10 -12 -13 -14 14 -16
leaf_value=0.066108782967591179 0.15423727781721888 0.37416658920465512 -0.28408474553332608 0.3903923126908449 -0.25043203106916179 0.23003471027101788 0.24031452041322535 -0.024170377585233424 -0.037531782718444082 0.061870950477695037 -0.12668019660014027 -0.061723264487584424 -0.072534746315421117 -0.025867122568982711 -0.15542605770240395
leaf_weight=120 23 21 25 32 26 24 49 76 609 110 79 22 20 23 29
leaf_count=120 23 21 25 32 26 24 49 76 609 110 79 22 20 23 29
internal_value=-4.4119e-05 0.0330817 0.00947703 0.196362 -0.0115625 0.000879763 -0.00568751 0.0800282 -0.0204339 -0.0501914 -0.0170519 -0.181809 0.0490716 -0.150769 -0.0989704
internal_weight=1288 332 311 75 956 878 854 125 729 236 189 47 43 78 52
internal_count=1288 332 311 75 956 878 854 125 729 236 189 47 43 78 52
is_linear=0
shrinkage=0.03


Tree=140
num_leaves=18
num_cat=1
split_feature=2 2 2 12 0 0 2 2 1 1 2 0 2 2 1 1 6
split_gain=531.627 2316.54 2020.08 1338.3 3637.15 2830.22 2282.3 3063.63 2241.43 1773.34 1141.96 1537.67 749.333 823.209 658.814 494.499 316.115
threshold=-0.94499999999999984 -0.85499999999999987 -1.1049999999999998 0 -1.325 -0.94499999999999984 -0.70499999999999985 -0.77499999999999991 -0.44499999999999995 0.29000000000000009 -1.2149999999999996 -2.4649999999999994 -1.5349999999999999 -1.4249999999999996 -1.075 -0.32499999999999996 1.0000000180025095e-35
decision_type=2 2 2 9 2 2 2 2 2 2 2 2 2 2 2 2 2
left_child=2 -2 10 4 8 -6 7 -5 -3 -8 12 -12 14 -14 -1 16 -4
right_child=1 3 15 6 5 -7 9 -9 -10 -11 11 -13 13 -15 -16 -17 -18
leaf_value=-0.035531551037515915 0.25483670196559893 -0.11705517220973967 -0.19853330078784456 -0.008912416409938893 0.24663394563286389 -0.023298608044705512 -0.020777432094681608 0.48314011815388996 -0.4485793427254291 0.097677652158333586 0.33419301836083576 -0.010142487508600409 -0.21590842180736994 -0.01920706927454149 0.17456449592874404 -0.30147293656925822 -0.037075958507005562
leaf_weight=31 33 87 23 23 40 255 396 22 23 159 20 27 29 55 23 21 21
leaf_count=31 33 87 23 23 40 255 396 22 23 159 20 27 29 55 23 21 21
internal_value=-3.72929e-05 0.00942274 -0.0392677 0.00123867 -0.0403154 0.0136476 0.0294833 0.234246 -0.188117 0.0132103 0.0113788 0.138296 -0.032168 -0.0880271 0.0546793 -0.182448 -0.122824
internal_weight=1288 1038 250 1005 405 295 600 45 110 555 185 47 138 84 54 65 44
internal_count=1288 1038 250 1005 405 295 600 45 110 555 185 47 138 84 54 65 44
cat_boundaries=0 1
cat_threshold=1678132499
is_linear=0
shrinkage=0.03


Tree=141
num_leaves=13
num_cat=2
split_feature=12 1 1 1 1 0 12 11 1 4 0 0
split_gain=543.894 1831.53 1202.49 1026.11 7048.17 5716.76 4927.43 3222.95 1704.8 886.923 803.229 715.592
threshold=0 -0.96999999999999986 1.8950000000000002 -0.35499999999999993 -0.44499999999999995 -1.325 1 6.5000000000000009 -0.96999999999999986 1.0000000180025095e-35 0.25500000000000006 -0.40499999999999997
decision_type=9 2 2 2 2 2 9 2 2 2 2 2
left_child=1 -1 3 4 8 -6 10 -8 -2 11 -5 -3
right_child=2 9 -4 6 5 -7 7 -9 -10 -11 -12 -13
leaf_value=-0.25545708150496843 0.04882307062672573 0.037511109702991985 0.23382506571746456 -0.10543079631783515 0.051060099869239615 0.76550612458950129 0.092205291848712206 -0.081699237088153229 -0.065812212375769924 0.14631577318593078 -0.23285050170045146 -0.19886372892449541
leaf_weight=32 281 26 20 141 20 20 293 142 199 28 66 20
leaf_count=32 281 26 20 141 20 20 293 142 199 28 66 20
internal_value=-3.47244e-05 -0.0619057 0.00600778 0.00203687 0.0333463 0.413398 -0.0233244 0.0346063 0.00127192 0.0145951 -0.139798 -0.0662293
internal_weight=1288 106 1182 1162 520 40 642 435 480 74 207 46
internal_count=1288 106 1182 1162 520 40 642 435 480 74 207 46
cat_boundaries=0 1 2
cat_threshold=71305762 1074038028
is_linear=0
shrinkage=0.03


Tree=142
num_leaves=15
num_cat=0
split_feature=2 1 2 1 1 1 1 2 6 1 7 1 2 11
split_gain=514.548 2711.05 3628.39 1334.4 1305.86 2070.19 886.401 1881.42 2246.29 1122.16 1438.65 863.478 816.945 165.888
threshold=0.17500000000000002 1.7300000000000002 0.22500000000000003 0.89000000000000012 0.45500000000000007 -0.62499999999999989 0.095000000000000015 0.015000000000000001 1.0000000180025095e-35 -0.23499999999999996 1.0000000180025095e-35 -0.14499999999999999 0.56500000000000006 6.5000000000000009
decision_type=2 2 2 2 2 2 2 2 2 2 2 2 2 2
left_child=3 2 -2 6 5 -4 9 8 -8 10 -1 -11 -6 -5
right_child=1 -3 4 13 12 -7 7 -9 -10 11 -12 -13 -14 -15
leaf_value=-0.071233158116113568 0.35248235522999477 0.35792700177569714 -0.14343814236061139 -0.11182811644322732 -0.24018338491095872 0.081567371407452349 0.22865578906408701 -0.20143610931274503 -0.010960778439746183 -0.18086388953601087 0.036174349164115632 -0.039984653237191109 -0.050866491348244426 -0.23049089615289556
leaf_weight=157 25 21 49 25 30 143 65 21 76 53 390 148 64 21
leaf_count=157 25 21 49 25 30 143 65 21 76 53 390 148 64 21
internal_value=-2.84771e-05 0.0321172 0.00956837 -0.0112061 -0.020959 0.0239051 -0.0031911 0.0603174 0.0998972 -0.0169807 0.00530386 -0.0775034 -0.11227 -0.167961
internal_weight=1288 332 311 956 286 192 910 162 141 748 547 201 94 46
internal_count=1288 332 311 956 286 192 910 162 141 748 547 201 94 46
is_linear=0
shrinkage=0.03


Tree=143
num_leaves=11
num_cat=1
split_feature=12 1 1 0 0 2 1 5 4 2
split_gain=519.135 1721.87 1091.59 1123.18 1435.07 1909.8 1037.08 1099.21 838.704 734.345
threshold=0 -0.96999999999999986 1.7300000000000002 1.4350000000000003 1.2100000000000002 0.55500000000000016 1.1350000000000002 1.0000000180025095e-35 1.0000000180025095e-35 -0.25499999999999995
decision_type=9 2 2 2 2 2 2 2 2 2
left_child=1 -1 3 4 5 -2 7 -5 9 -3
right_child=2 8 -4 6 -6 -7 -8 -9 -10 -11
leaf_value=-0.24818664266879739 0.016675801571336531 0.065002673398616706 0.1801568944624492 -0.043624308101336162 0.25174461359755934 -0.12604529282337909 0.024797937495367867 -0.33707695720633679 0.14175182207007159 -0.17333280033223769
leaf_weight=32 961 21 31 22 21 92 31 24 28 25
leaf_count=32 961 21 31 22 21 92 31 24 28 25
internal_value=-3.05163e-05 -0.060477 0.00587274 0.00115094 0.00910852 0.00414959 -0.109146 -0.198773 0.0136577 -0.064934
internal_weight=1288 106 1182 1151 1074 1053 77 46 74 46
internal_count=1288 106 1182 1151 1074 1053 77 46 74 46
cat_boundaries=0 1
cat_threshold=71305762
is_linear=0
shrinkage=0.03


Tree=144
num_leaves=16
num_cat=2
split_feature=2 1 2 6 12 1 0 0 12 0 1 2 9 2 2
split_gain=514.239 2471.69 3451.7 2265.33 1898.42 2013.14 1734.21 1367.96 1199.14 2726.42 1767.03 809.065 564.065 434.538 425.941
threshold=0.17500000000000002 1.7300000000000002 0.35500000000000004 1.0000000180025095e-35 0 0.40500000000000008 0.23500000000000001 0.075000000000000025 1 -2.7199999999999993 0.095000000000000015 0.80500000000000016 1.0000000180025095e-35 -0.30499999999999994 -0.084999999999999978
decision_type=2 2 2 2 9 2 2 2 9 2 2 2 2 2 2
left_child=6 2 3 12 11 -6 7 8 9 -1 -10 -4 -2 -8 -15
right_child=1 -3 4 -5 5 -7 13 -9 10 -11 -12 -13 -14 14 -16
leaf_value=0.096256876286232113 0.14364651099671708 0.34319994818887045 -0.22752162999075812 0.37624388171526096 0.12216857019225519 -0.11439470744643893 -0.26208261641513469 0.22189344087912113 -0.009001551760355931 -0.17683380807837859 0.12207365565757228 -0.055440763015013481 -0.071826911530843598 -0.0049855481167228859 -0.17080162409882046
leaf_weight=49 23 21 55 32 84 52 21 24 598 98 109 45 20 24 33
leaf_count=49 23 21 55 32 84 52 21 24 598 98 109 45 20 24 33
internal_value=-3.23494e-05 0.0321037 0.0105704 0.187168 -0.045816 0.0294507 -0.0112067 0.000868083 -0.00546609 -0.0803201 0.0111173 -0.137131 0.0436837 -0.146303 -0.101687
internal_weight=1288 332 311 75 236 136 956 878 854 147 707 100 43 78 57
internal_count=1288 332 311 75 236 136 956 878 854 147 707 100 43 78 57
cat_boundaries=0 1 2
cat_threshold=819204 1090650121
is_linear=0
shrinkage=0.03


Tree=145
num_leaves=16
num_cat=1
split_feature=2 2 2 12 1 2 2 2 1 2 2 2 1 1 6
split_gain=505.282 2187.13 1924.6 1182.36 2657.99 2038.56 2913.44 1456.35 1447.2 1084.19 706.209 771.118 617.566 481.782 471.001
threshold=-0.94499999999999984 -0.85499999999999987 -1.1049999999999998 0 -1.4799999999999998 -0.70499999999999985 -0.78499999999999992 -0.5149999999999999 0.29000000000000009 -1.2149999999999996 -1.5349999999999999 -1.4349999999999998 -1.075 -0.61499999999999988 1.0000000180025095e-35
decision_type=2 2 2 9 2 2 2 2 2 2 2 2 2 2 2
left_child=2 -2 9 4 -3 6 -5 -6 -7 10 12 -12 -1 -11 -4
right_child=1 3 14 5 7 8 -8 -9 -10 13 11 -13 -14 -15 -16
leaf_value=-0.034299176329658142 0.24765575144184168 -0.32537634289156303 -0.26215130039056139 -0.059229833998652386 -0.14756900530637693 -0.019162282164786614 0.40173483806545446 0.010373246788584365 0.085704804484037472 0.24467702799308588 -0.2273760149235628 -0.027287098693453575 0.16911248893687067 0.050376291951266201 -0.098555221759754688
leaf_weight=31 33 27 31 21 64 416 29 283 165 20 24 60 23 27 34
leaf_count=31 33 27 31 21 64 416 29 283 165 20 24 60 23 27 34
internal_value=-2.75767e-05 0.00919502 -0.0382737 0.00124272 -0.0403777 0.026154 0.209401 -0.0189191 0.0106622 0.011161 -0.0312698 -0.085498 0.0530407 0.134826 -0.178029
internal_weight=1288 1038 250 1005 374 631 50 347 581 185 138 84 54 47 65
internal_count=1288 1038 250 1005 374 631 50 347 581 185 138 84 54 47 65
cat_boundaries=0 1
cat_threshold=1611023635
is_linear=0
shrinkage=0.03


Tree=146
num_leaves=12
num_cat=0
split_feature=3 2 2 2 1 2 2 1 5 9 4
split_gain=491.927 752.252 2754.27 1408.2 1672.74 850.285 2508.21 475.14 332.562 291.391 278.315
threshold=1.0000000180025095e-35 0.90500000000000014 0.80500000000000016 1.1050000000000002 0.66500000000000015 0.74500000000000011 0.65500000000000014 -1.4049999999999996 1.0000000180025095e-35 1.0000000180025095e-35 1.0000000180025095e-35
decision_type=2 2 2 2 2 2 2 2 2 2 2
left_child=7 2 5 -3 -5 6 -2 -1 9 -9 -10
right_child=1 3 -4 4 -6 -7 -8 8 10 -11 -12
leaf_value=-0.16693405005616962 0.0026344685446790497 -0.26646245328117818 0.32729514492287926 0.17558905902329613 -0.18365910367078558 -0.18580255477021379 0.33783536883970583 -0.016321304536201585 0.11465980230889669 -0.14719507412910462 -0.022860074729919432
leaf_weight=26 1008 25 24 25 21 20 20 35 20 27 37
leaf_count=26 1008 25 24 25 21 20 20 35 20 27 37
internal_value=-2.67187e-05 0.00658183 0.0128627 -0.0876356 0.0113086 0.00550647 0.00931987 -0.0519845 -0.026251 -0.0740843 0.0259178
internal_weight=1288 1143 1072 71 46 1048 1028 145 119 62 57
internal_count=1288 1143 1072 71 46 1048 1028 145 119 62 57
is_linear=0
shrinkage=0.03


Tree=147
num_leaves=11
num_cat=0
split_feature=0 2 0 0 2 2 2 0 9 2
split_gain=518.469 3437.23 3498.64 1987.64 2099.6 1863.13 3649.51 1701.84 1316.66 1295.7
threshold=1.7450000000000003 0.64500000000000013 2.6300000000000003 1.2100000000000002 0.65500000000000014 0.55500000000000016 0.46500000000000002 -0.094999999999999987 1.0000000180025095e-35 0.36500000000000005
decision_type=2 2 2 2 2 2 2 2 2 2
left_child=3 -2 -3 5 -5 6 9 -7 -9 -1
right_child=1 2 -4 4 -6 7 -8 8 -10 -11
leaf_value=0.0057287252088550665 -0.29578146207836309 -0.168027757766399 0.3446460201472652 0.03109365270564805 0.41271296060916984 -0.30195577590679051 0.39508269579465993 0.098002774572372442 -0.17007286673517372 -0.20298986515565351
leaf_weight=1006 35 23 24 33 21 33 21 32 33 27
leaf_count=1006 35 23 24 33 21 33 21 32 33 27
internal_value=-2.63496e-05 -0.0727887 0.0945721 0.00494664 0.181981 -0.0034246 0.00822951 -0.128202 -0.0383107 0.000174882
internal_weight=1288 82 47 1206 54 1152 1054 98 65 1033
internal_count=1288 82 47 1206 54 1152 1054 98 65 1033
is_linear=0
shrinkage=0.03


Tree=148
num_leaves=11
num_cat=1
split_feature=12 4 1 0 0 1 5 1 0 0
split_gain=501.427 1693.86 980.4 1053.58 1738.24 994.329 1070.42 975.71 932.425 448.215
threshold=0 1.0000000180025095e-35 1.7300000000000002 1.4350000000000003 1.2100000000000002 1.1350000000000002 1.0000000180025095e-35 -0.23499999999999996 -1.825 -0.35499999999999993
decision_type=9 2 2 2 2 2 2 2 2 2
left_child=1 8 3 4 7 6 -5 -2 -1 -10
right_child=2 -3 -4 5 -6 -7 -8 -9 9 -11
leaf_value=-0.32452525380762615 0.029566547296500757 0.096298979784250255 0.17089784577630815 -0.043994322133064263 0.28250714372425539 0.024257303839638117 -0.33649957700485872 -0.028360595033177269 0.026721986479875514 -0.15923355157158592
leaf_weight=20 583 37 31 22 20 31 23 474 20 27
leaf_count=20 583 37 31 22 20 31 23 474 20 27
internal_value=-2.36931e-05 -0.0599972 0.00572302 0.00125693 0.00889687 -0.10632 -0.195618 0.00358579 -0.155317 -0.080592
internal_weight=1288 104 1184 1153 1077 76 45 1057 67 47
internal_count=1288 104 1184 1153 1077 76 45 1057 67 47
cat_boundaries=0 1
cat_threshold=603982338
is_linear=0
shrinkage=0.03


Tree=149
num_leaves=11
num_cat=1
split_feature=0 4 0 11 1 1 1 12 2 11
split_gain=488.316 3320.11 1895.27 5224.61 1672.95 1046.86 3459.14 1394.2 761.055 664.809
threshold=1.7450000000000003 1.0000000180025095e-35 1.2850000000000004 5.5000000000000009 1.2350000000000001 0.63500000000000012 0.54500000000000015 0 0.6150000000000001 6.5000000000000009
decision_type=2 2 2 2 2 2 2 9 2 2
left_child=2 4 5 -4 -2 6 7 -1 -3 -7
right_child=1 8 3 -5 -6 9 -8 -9 -10 -11
leaf_value=-0.05641487999520902 -0.076107899596051465 -0.38473033692115954 -0.1380519052979558 0.51720803979237862 0.30347437939532967 -0.20147050303936004 0.35700308155526916 0.018210929001056024 -0.12281213691176439 -0.0099003648798344501
leaf_weight=307 20 21 21 22 21 37 24 766 20 29
leaf_count=307 20 21 21 22 21 37 24 766 20 29
internal_value=-2.58953e-05 -0.0706408 0.00480025 0.19922 0.119554 -0.00246804 0.00453361 -0.00350996 -0.260057 -0.118048
internal_weight=1288 82 1206 43 41 1163 1097 1073 41 66
internal_count=1288 82 1206 43 41 1163 1097 1073 41 66
cat_boundaries=0 1
cat_threshold=1180715081
is_linear=0
shrinkage=0.03


Tree=150
num_leaves=16
num_cat=1
split_feature=2 2 2 12 11 2 11 11 1 0 0 1 0 1 6
split_gain=482.049 2050.16 1813.72 1122.49 3570.22 3821.04 2133.88 1548.35 1253.61 1096.9 2996.55 1049.39 1200.98 452.464 287.628
threshold=-0.94499999999999984 -0.85499999999999987 -1.1049999999999998 0 6.5000000000000009 -0.5149999999999999 7.5000000000000009 4.5000000000000009 0.15500000000000003 -3.6849999999999996 -4.3049999999999988 -0.93999999999999984 -2.4249999999999994 -0.32499999999999996 1.0000000180025095e-35
decision_type=2 2 2 9 2 2 2 2 2 2 2 2 2 2 2
left_child=2 -2 9 4 5 -3 7 -5 -6 10 -1 -11 -13 14 -4
right_child=1 3 13 6 8 -7 -8 -9 -10 11 -12 12 -14 -15 -16
leaf_value=-0.063570257954678286 0.2398493699920711 -0.21681348764787023 -0.18826087466452984 0.09670215892300163 -0.10965969409770572 0.061826802939365579 0.23945262074678003 -0.015954105878525606 -0.34483251816269056 -0.17360335203459565 0.40931424504954639 0.17349604851300601 -0.051353476962009516 -0.28689195970324582 -0.034279815574024992
leaf_weight=29 33 54 23 145 48 236 39 447 36 35 20 30 71 21 21
leaf_count=29 33 54 23 145 48 236 39 447 36 35 20 30 71 21 21
internal_value=-3.17513e-05 0.00897627 -0.0373883 0.00127688 -0.0392774 0.00964786 0.0255481 0.0116923 -0.211928 0.0106014 0.131568 -0.0332825 0.0159296 -0.173058 -0.116048
internal_weight=1288 1038 250 1005 374 290 631 592 84 185 49 136 101 65 44
internal_count=1288 1038 250 1005 374 290 631 592 84 185 49 136 101 65 44
cat_boundaries=0 1
cat_threshold=1611023635
is_linear=0
shrinkage=0.03


Tree=151
num_leaves=11
num_cat=1
split_feature=12 4 1 2 2 1 1 2 1 2
split_gain=482.571 1319.94 954.29 965.865 2161.92 1453.09 1196.03 927.554 728.155 811.592
threshold=0 1.0000000180025095e-35 1.8950000000000002 0.90500000000000014 0.80500000000000016 0.62000000000000011 -0.23499999999999996 -0.46499999999999991 -0.71499999999999986 -0.084999999999999978
decision_type=9 2 2 2 2 2 2 2 2 2
left_child=1 8 3 4 6 -5 -2 -3 -1 -10
right_child=2 7 -4 5 -6 -7 -8 -9 9 -11
leaf_value=-0.25552041944077136 0.033648752503050029 -0.063589446369991739 0.20883656836719047 0.0089192164728913118 0.30696699265858463 -0.27566012753573332 -0.029924375279589396 0.21885129763440389 0.075024050341096035 -0.17546952685187844
leaf_weight=28 554 21 20 39 21 27 512 20 21 25
leaf_count=28 554 21 20 39 21 27 512 20 21 25
internal_value=-3.40883e-05 -0.0559722 0.00589572 0.00233501 0.00912348 -0.108652 0.00311204 0.075091 -0.136158 -0.0614722
internal_weight=1288 115 1173 1153 1087 66 1066 41 74 46
internal_count=1288 115 1173 1153 1087 66 1066 41 74 46
cat_boundaries=0 1
cat_threshold=603982370
is_linear=0
shrinkage=0.03


Tree=152
num_leaves=20
num_cat=2
split_feature=3 12 9 12 1 1 7 1 1 9 6 1 1 2 5 1 5 4 9
split_gain=475.245 996.409 2819.4 5423.73 3942.38 3968.41 3481.13 1872.89 1212.26 1179.65 1924 1601.02 1429.7 1031.65 891.942 466.861 315.934 273.822 263.322
threshold=1.0000000180025095e-35 0 1.0000000180025095e-35 1 -0.7599999999999999 -1.2699999999999998 1.0000000180025095e-35 0.56000000000000016 0.17000000000000001 1.0000000180025095e-35 1.0000000180025095e-35 -1.2149999999999996 -0.7599999999999999 0.15500000000000003 1.0000000180025095e-35 -1.4049999999999996 1.0000000180025095e-35 1.0000000180025095e-35 1.0000000180025095e-35
decision_type=2 9 2 9 2 2 2 2 2 2 2 2 2 2 2 2 2 2 2
left_child=15 9 4 7 5 -3 -5 -4 -6 10 14 -11 -13 -12 -2 -1 18 -18 -17
right_child=1 2 3 6 8 -7 -8 -9 -10 11 13 12 -14 -15 -16 16 17 -19 -20
leaf_value=-0.16504348993751239 0.017971182563658535 -0.083134577660725031 -0.149383544482423 -0.077324536070431743 -0.063801231826471197 0.32018374275893308 0.2466950700313118 0.17057083726556202 -0.23512977383827621 -0.2540347802840488 0.063328510590599782 0.13505585291940872 -0.068586073394855812 0.26975499996386071 -0.11273160388157294 -0.017272693392256615 0.11327715121245965 -0.023125450153350827 -0.14172451357841492
leaf_weight=26 104 43 84 36 98 44 168 20 60 35 95 36 207 28 85 35 20 37 27
leaf_count=26 104 43 84 36 98 44 168 20 60 35 95 36 207 28 85 35 20 37 27
internal_value=-3.23193e-05 0.00646317 0.035018 0.0960018 -0.0402483 0.121472 0.180619 -0.0796787 -0.129418 -0.0205478 0.0191306 -0.0657821 -0.0381892 0.111246 -0.040937 -0.0511016 -0.0255952 0.0252518 -0.0722177
internal_weight=1288 1143 553 308 245 87 204 104 158 590 312 278 243 123 189 145 119 57 62
internal_count=1288 1143 553 308 245 87 204 104 158 590 312 278 243 123 189 145 119 57 62
cat_boundaries=0 1 2
cat_threshold=621306739 33804
is_linear=0
shrinkage=0.03


Tree=153
num_leaves=13
num_cat=0
split_feature=1 0 2 1 1 1 1 2 1 2 2 0
split_gain=490.215 746.195 2928.22 1427.15 1472.58 1371.42 4495.95 2467.54 1316.28 1026.56 5620.59 3303.28
threshold=-2.5899999999999994 -2.1249999999999996 -0.41499999999999992 -1.0149999999999999 -1.2999999999999998 -0.53499999999999992 -0.35499999999999993 -0.59499999999999986 -1.5849999999999997 -0.78499999999999992 -0.67499999999999993 -3.8249999999999997
decision_type=2 2 2 2 2 2 2 2 2 2 2 2
left_child=-1 2 9 4 -3 7 -7 -5 -4 11 -11 -2
right_child=1 3 8 5 -6 6 -8 -9 -10 10 -12 -13
leaf_value=0.13572961315702886 0.21257884649796918 -0.023280101888830011 -0.07249803376631303 0.16555864791870117 0.2652039096603146 0.25407625437874826 -0.0061942742402825227 -0.15375104858524991 -0.35581630619960042 0.50522689972367385 -0.067792503887907085 -0.098432861922449252
leaf_weight=23 38 27 27 27 38 65 678 105 33 21 54 152
leaf_count=23 38 27 27 27 38 65 678 105 33 21 54 152
internal_value=-3.21931e-05 -0.00255561 -0.0417069 0.0109925 0.146063 0.000877563 0.0167265 -0.0880368 -0.230025 0.00127292 0.0948965 -0.0358201
internal_weight=1288 1265 325 940 65 875 743 132 60 265 75 190
internal_count=1288 1265 325 940 65 875 743 132 60 265 75 190
is_linear=0
shrinkage=0.03


Tree=154
num_leaves=13
num_cat=2
split_feature=12 1 1 1 1 12 2 11 2 2 2 2
split_gain=472.715 1480.07 907.12 894.671 6319.47 3928.5 2253.6 2040.86 2013.93 1815.38 790.418 610.834
threshold=0 -0.96999999999999986 1.7300000000000002 -0.35499999999999993 -0.44499999999999995 1 -0.105 6.5000000000000009 -0.59499999999999986 -0.62499999999999989 -0.084999999999999978 -0.5149999999999999
decision_type=9 2 2 2 2 9 2 2 2 2 2 2
left_child=1 -1 3 4 8 9 -6 -7 -2 -5 11 -3
right_child=2 10 -4 5 6 7 -8 -9 -10 -11 -12 -13
leaf_value=-0.23188652429666656 0.06379460890356202 -0.0099569238213931804 0.16448989399274189 -0.26394101546116921 0.15883754762789098 0.094711625117971904 0.61209595026621 -0.059302887308545507 -0.059063768203965639 -0.070536634089595276 -0.11009990702645253 0.21066979786826343
leaf_weight=32 231 25 31 54 20 239 20 114 249 224 29 20
leaf_count=32 231 25 31 54 20 239 20 114 249 224 29 20
internal_value=-2.23717e-05 -0.0577033 0.00561057 0.00130801 0.0304307 -0.022692 0.3903 0.0437146 6.04408e-05 -0.10476 0.0108843 0.089271
internal_weight=1288 106 1182 1151 520 631 40 353 480 278 74 45
internal_count=1288 106 1182 1151 520 631 40 353 480 278 74 45
cat_boundaries=0 1 2
cat_threshold=71305762 1074562060
is_linear=0
shrinkage=0.03


Tree=155
num_leaves=15
num_cat=1
split_feature=2 2 2 12 11 0 11 11 1 2 0 1 0 6
split_gain=480.212 1943.11 1713.78 1069.78 3351.8 3690.93 1921.88 1430.49 1141.37 1012.18 1409.54 699.728 1237.68 463.044
threshold=-0.94499999999999984 -0.85499999999999987 -1.1049999999999998 0 6.5000000000000009 -1.325 7.5000000000000009 4.5000000000000009 0.15500000000000003 -1.2149999999999996 -2.4649999999999994 -0.21999999999999997 -2.5749999999999997 1.0000000180025095e-35
decision_type=2 2 2 9 2 2 2 2 2 2 2 2 2 2
left_child=2 -2 9 4 5 -3 7 -5 -6 11 -11 12 -1 -4
right_child=1 3 13 6 8 -7 -8 -9 -10 10 -12 -13 -14 -15
leaf_value=-0.012723177550055764 0.23374009680747984 -0.16650580752721636 -0.25251681371600854 0.09374289967227227 -0.10776760569798577 0.074218979052007195 0.22818597098241875 -0.014540717995133479 -0.33224322839469123 0.31640330108782139 -0.013212484775890003 0.090325038741643618 -0.25585666868638018 -0.090550846244977862
leaf_weight=82 33 78 31 145 48 212 39 447 36 20 27 32 24 34
leaf_count=82 33 78 31 145 48 212 39 447 36 20 27 32 24 34
internal_value=-1.58837e-05 0.00897494 -0.0373012 0.00147905 -0.0381165 0.00928684 0.0251691 0.0120331 -0.205404 0.00934953 0.128841 -0.0316432 -0.0687432 -0.16918
internal_weight=1288 1038 250 1005 374 290 631 592 84 185 47 138 106 65
internal_count=1288 1038 250 1005 374 290 631 592 84 185 47 138 106 65
cat_boundaries=0 1
cat_threshold=1611023635
is_linear=0
shrinkage=0.03


Tree=156
num_leaves=21
num_cat=2
split_feature=3 12 9 12 0 1 1 1 1 9 6 11 1 0 11 1 7 6 9 1
split_gain=472.601 961.375 2644.71 5124.22 4394.07 3621.61 3753.38 1775.8 1157.73 1084.86 1876.14 1856.83 1493.43 1420.87 1135.09 433.724 303.418 640.924 740.861 117.698
threshold=1.0000000180025095e-35 0 1.0000000180025095e-35 1 1.7450000000000003 -0.7599999999999999 -1.2699999999999998 0.56000000000000016 0.17000000000000001 1.0000000180025095e-35 1.0000000180025095e-35 6.5000000000000009 -1.2149999999999996 -0.89499999999999991 5.5000000000000009 -1.4049999999999996 1.0000000180025095e-35 1.0000000180025095e-35 1.0000000180025095e-35 -0.23499999999999996
decision_type=2 9 2 9 2 2 2 2 2 2 2 2 2 2 2 2 2 2 2 2
left_child=15 9 5 7 -5 6 -3 -4 -7 10 14 -12 -11 -14 -2 -1 -17 19 -19 -18
right_child=1 2 3 4 -6 8 -8 -9 -10 12 11 -13 13 -15 -16 16 17 18 -20 -21
leaf_value=-0.16077704324362413 -0.0048384019632808492 -0.082351488446367194 -0.14505266256551064 0.23284934527971973 -0.21237402648925782 -0.059740419190849749 0.3098766711481501 0.16649340312873445 -0.227145196859009 -0.24527717704840107 0.19704044630345263 -0.0442054608130193 0.0543254208947931 -0.094314305911444893 -0.18916873008728027 0.063370307193612141 -0.083970562385349737 0.1303334676814529 -0.09400313213636291 -0.18928274102543677
leaf_weight=26 152 43 84 182 22 98 44 20 60 35 78 45 94 149 37 26 20 26 26 21
leaf_count=26 152 43 84 182 22 98 44 20 60 35 78 45 94 149 37 26 20 26 26 21
internal_value=-1.79839e-05 0.0064594 0.0345062 0.0935811 0.175821 -0.0383808 0.11662 -0.0772125 -0.123847 -0.0200748 0.0179701 0.108934 -0.0634599 -0.03681 -0.041344 -0.050945 -0.0263507 -0.0516708 0.018281 -0.139614
internal_weight=1288 1143 553 308 204 245 87 104 158 590 312 123 278 243 189 145 119 93 52 41
internal_count=1288 1143 553 308 204 245 87 104 158 590 312 123 278 243 189 145 119 93 52 41
cat_boundaries=0 1 2
cat_threshold=621306739 33804
is_linear=0
shrinkage=0.03


Tree=157
num_leaves=18
num_cat=0
split_feature=1 1 6 2 2 2 11 2 2 1 1 0 2 2 0 2 2
split_gain=502.597 2425.96 2376.69 5087.84 5040.83 3750.65 2574.61 1997.53 3752 3394.07 1830.89 1652.42 1041.38 5150.81 1181.93 342.662 204.28
threshold=0.29000000000000009 0.20500000000000004 1.0000000180025095e-35 0.58000000000000007 -0.084999999999999978 0.89500000000000013 5.5000000000000009 0.56500000000000006 0.45500000000000007 0.15500000000000003 1.5800000000000003 -0.014999999999999998 -0.014999999999999998 0.32500000000000007 -0.14499999999999999 0.96500000000000008 0.25500000000000006
decision_type=2 2 2 2 2 2 2 2 2 2 2 2 2 2 2 2 2
left_child=1 7 3 4 6 -5 -2 8 9 -1 12 -9 14 -14 -4 -13 -6
right_child=2 -3 10 5 16 -7 -8 11 -10 -11 -12 15 13 -15 -16 -17 -18
leaf_value=-0.0079836600793661699 -0.020214495252038157 -0.25016254043252495 0.055571111130264562 0.65985390206500882 -0.30578440589904787 0.1175175631094952 0.44106550068855277 -0.29754453319395091 0.41298814506647058 0.34332839709169721 -0.30106645714959435 0.061359790039062494 0.45197616993586215 -0.087672129248260358 -0.21134024389541667 -0.10614686006584834 -0.16451959049410936
leaf_weight=841 21 36 26 22 22 24 22 35 20 25 21 22 22 54 34 21 20
leaf_count=841 21 36 26 22 22 24 22 35 20 25 21 22 22 54 34 21 20
internal_value=-2.57588e-05 -0.0100874 0.034857 0.128969 -0.00896419 0.381267 0.218077 -0.000993792 0.0118476 0.00234694 -0.0438108 -0.146043 -0.00310821 0.0704357 -0.0961257 -0.0206566 -0.241313
internal_weight=1288 1000 288 131 85 46 43 964 886 866 157 78 136 76 60 43 42
internal_count=1288 1000 288 131 85 46 43 964 886 866 157 78 136 76 60 43 42
is_linear=0
shrinkage=0.03


Tree=158
num_leaves=13
num_cat=0
split_feature=2 2 2 0 0 0 2 11 2 0 0 6
split_gain=479.717 1826.53 1628.46 970.056 2811.09 763.849 1179.05 3017.1 2969.18 706.282 1406.73 446.383
threshold=-0.94499999999999984 -0.85499999999999987 -1.1049999999999998 -3.6849999999999996 -4.3049999999999988 -3.7849999999999997 -0.40499999999999997 4.5000000000000009 -0.23499999999999996 -1.345 -2.0049999999999994 1.0000000180025095e-35
decision_type=2 2 2 2 2 2 2 2 2 2 2 2
left_child=2 -2 3 4 -1 -3 7 -7 -8 10 -5 -4
right_child=1 5 11 9 -6 6 8 -9 -10 -11 -12 -13
leaf_value=-0.066964349245620988 0.22688883909894458 -0.16375235901073532 -0.2476576250734783 -0.0059831962125343179 0.39099237112955343 0.24046464706218149 -0.15250895805727258 0.0022017165511310256 0.012807587452196104 0.10950474836984102 -0.25640020908499661 -0.08863777388178784
leaf_weight=29 33 24 31 85 20 63 116 194 608 25 26 34
leaf_count=29 33 24 31 85 20 63 116 194 608 25 26 34
internal_value=-1.58442e-05 0.00897035 -0.0372819 0.0081946 0.121957 0.00170257 0.00583481 0.0609737 -0.0137624 -0.0330681 -0.0655531 -0.165835
internal_weight=1288 1038 250 185 49 1005 981 257 724 136 111 65
internal_count=1288 1038 250 185 49 1005 981 257 724 136 111 65
is_linear=0
shrinkage=0.03


Tree=159
num_leaves=14
num_cat=0
split_feature=1 0 2 1 2 1 1 1 2 1 2 2 0
split_gain=489.503 714.65 2621.07 1368.27 1393.12 3948.89 1286.85 4057.22 2257.6 1277.03 1016.37 5194 3120.13
threshold=-2.5899999999999994 -2.1249999999999996 -0.41499999999999992 -1.0149999999999999 -0.41499999999999992 -1.2699999999999998 -0.53499999999999992 -0.35499999999999993 -0.59499999999999986 -1.5849999999999997 -0.78499999999999992 -0.67499999999999993 -3.8249999999999997
decision_type=2 2 2 2 2 2 2 2 2 2 2 2 2
left_child=-1 2 10 4 -3 -6 8 -8 -5 -4 12 -12 -2
right_child=1 3 9 6 5 -7 7 -9 -10 -11 11 -13 -14
leaf_value=0.13564781689136585 0.20432998140446548 -0.06416005353229802 -0.064030982260270555 0.15726335844560102 -0.029021529487201145 0.53010545240446572 0.24164207167024829 -0.0056035569209822332 -0.14816601426029904 -0.34289135767808598 0.4874214584661084 -0.063430879429939691 -0.097939740606800441
leaf_weight=23 38 20 27 27 24 21 65 678 105 33 21 54 152
leaf_count=23 38 20 27 27 24 21 65 678 105 33 21 54 152
internal_value=-1.53572e-05 -0.00253695 -0.0408517 0.0107217 0.142976 0.234796 0.000817556 0.0161702 -0.0853115 -0.21902 -0.000163946 0.0929745 -0.0370924
internal_weight=1288 1265 325 940 65 45 875 743 132 60 265 75 190
internal_count=1288 1265 325 940 65 45 875 743 132 60 265 75 190
is_linear=0
shrinkage=0.03


Tree=160
num_leaves=17
num_cat=1
split_feature=1 12 6 2 2 1 2 2 1 2 2 2 2 2 1 9
split_gain=476.949 2570.01 3321.98 6986.06 3302 2277.31 1893.61 3516.74 3197.21 1631.57 3837.12 931.833 2870.3 822.397 462.7 645.338
threshold=0.29000000000000009 0 1.0000000180025095e-35 0.60500000000000009 -0.094999999999999987 0.20500000000000004 0.56500000000000006 0.45500000000000007 0.15500000000000003 0.36500000000000005 -0.014999999999999998 1.0350000000000004 0.63500000000000012 0.015000000000000001 -0.14499999999999999 1.0000000180025095e-35
decision_type=2 9 2 2 2 2 2 2 2 2 2 2 2 2 2 2
left_child=5 11 3 4 -3 6 7 8 -1 10 -4 12 13 -2 15 -8
right_child=1 2 9 -5 -6 -7 14 -9 -10 -11 -12 -13 -14 -15 -16 -17
leaf_value=-0.0077166647550229936 -0.017859022839502855 0.33387820904199467 -0.07208173465585134 0.74265725179997877 -0.18619706244468689 -0.24240926502012225 -0.3297642766033731 0.39986843002133249 0.33325494481535517 -0.17090248098827546 0.4298702326402431 -0.24721039772588152 0.2899751117156773 -0.19735662766160633 -0.055569043785778441 -0.09947454441294952
leaf_weight=841 49 21 41 20 22 36 20 20 25 31 20 21 20 43 33 25
leaf_count=841 49 21 41 20 22 36 20 20 25 31 20 21 20 43 33 25
internal_value=-4.01008e-06 0.033977 0.112676 0.286826 0.0686425 -0.00980564 -0.000994921 0.0115079 0.00230978 0.00466508 0.0946008 -0.0616207 -0.0313293 -0.1024 -0.142221 -0.204391
internal_weight=1288 288 155 63 43 1000 964 886 866 92 61 133 112 92 78 45
internal_count=1288 288 155 63 43 1000 964 886 866 92 61 133 112 92 78 45
cat_boundaries=0 1
cat_threshold=823312
is_linear=0
shrinkage=0.03


Tree=161
num_leaves=11
num_cat=2
split_feature=12 1 1 0 0 1 0 12 4 0
split_gain=471.933 1390.53 894.819 925.527 1094.05 930.466 1052.11 798.388 700.997 613.179
threshold=0 -0.96999999999999986 1.7300000000000002 1.4350000000000003 1.2100000000000002 1.1350000000000002 1.8350000000000002 1 1.0000000180025095e-35 -0.40499999999999997
decision_type=9 2 2 2 2 2 2 9 2 2
left_child=1 -1 3 4 7 6 -5 -2 9 -3
right_child=2 8 -4 5 -6 -7 -8 -9 -10 -11
leaf_value=-0.22661718488106361 -0.026260739156660041 0.032935170097171132 0.16343322211220149 -0.32491201639682687 0.22044060162888016 0.028044329166412352 -0.038380662119134941 0.026167723187813779 0.12583786352057205 -0.1858868553347704
leaf_weight=32 440 26 31 23 21 31 23 613 28 20
leaf_count=32 440 26 31 23 21 31 23 613 28 20
internal_value=1.68595e-06 -0.0576273 0.00563417 0.00136136 0.008585 -0.0987611 -0.183664 0.0042545 0.00870444 -0.0631161
internal_weight=1288 106 1182 1151 1074 77 46 1053 74 46
internal_count=1288 106 1182 1151 1074 77 46 1053 74 46
cat_boundaries=0 1 2
cat_threshold=71305762 1090683085
is_linear=0
shrinkage=0.03


Tree=162
num_leaves=14
num_cat=3
split_feature=1 12 1 1 1 4 12 4 1 12 4 5 6
split_gain=464.828 586.699 1871.16 1573.7 5204.08 6365.39 2926.93 3977.11 1646.85 1452.91 499.41 750.842 251.799
threshold=-2.5899999999999994 0 0.47000000000000003 -0.23499999999999996 -0.44499999999999995 1.0000000180025095e-35 1 1.0000000180025095e-35 1.1600000000000001 2 1.0000000180025095e-35 1.0000000180025095e-35 1.0000000180025095e-35
decision_type=2 9 2 2 2 2 9 2 2 9 2 2 2
left_child=-1 2 10 4 9 -6 8 -8 -5 -3 11 -2 -12
right_child=1 3 -4 6 5 -7 7 -9 -10 -11 12 -13 -14
leaf_value=0.13220362767767399 -0.068835116108186822 -0.080179024837635171 0.16627882242538561 -0.11746253971020693 0.030976878649071799 0.60486210518791561 0.17958824080049735 -0.06627483566927711 0.09574148520946503 0.045708098252390895 -0.16484905901636396 0.076682336060397607 -0.066170526722174008
leaf_weight=23 138 111 35 254 39 31 116 120 37 247 52 41 44
leaf_count=23 138 111 35 254 39 31 116 120 37 247 52 41 44
internal_value=0 -0.0024534 -0.0375901 0.00925927 0.0520603 0.287656 -0.0253365 0.0524662 -0.0872335 0.00564877 -0.065167 -0.0353668 -0.12023
internal_weight=1288 1265 310 955 428 70 527 236 291 358 275 179 96
internal_count=1288 1265 310 955 428 70 527 236 291 358 275 179 96
cat_boundaries=0 1 2 3
cat_threshold=1700923946 820244 20609
is_linear=0
shrinkage=0.03


Tree=163
num_leaves=22
num_cat=1
split_feature=3 12 7 6 5 1 6 1 9 5 1 1 1 1 1 1 1 11 9 4 1
split_gain=454.481 798.003 3209.26 6170.8 4368.67 3438.26 3176.76 3491.95 2215.67 2215.53 1931.28 4031.71 1767.99 1037.8 2566.15 1369.29 409.83 423.778 269.358 629.243 48.9978
threshold=1.0000000180025095e-35 0 1.0000000180025095e-35 1.0000000180025095e-35 1.0000000180025095e-35 -0.20499999999999999 1.0000000180025095e-35 0.39500000000000007 1.0000000180025095e-35 1.0000000180025095e-35 -0.59499999999999986 -0.23499999999999996 -1.1949999999999996 -0.14499999999999999 -0.49499999999999994 0.63500000000000012 -0.83499999999999985 4.5000000000000009 1.0000000180025095e-35 1.0000000180025095e-35 -0.18999999999999997
decision_type=2 9 2 2 2 2 2 2 2 2 2 2 2 2 2 2 2 2 2 2 2
left_child=16 8 6 4 -4 -5 9 -8 10 -3 12 -12 -2 14 -10 -15 17 -1 19 -18 -20
right_child=1 2 3 5 -6 -7 7 -9 13 -11 11 -13 -14 15 -16 -17 18 -19 20 -21 -22
leaf_value=-0.041039861401644617 0.046150079353165084 -0.059365513205806783 0.28189537567007844 0.084054847883865816 0.035494972431902978 -0.13474172914590724 0.24285404838456046 -0.23788807759052369 -0.076390355772950169 -0.34226938390355355 0.38768419994770642 0.015413332748768932 -0.19433840387369455 0.030879495250095021 -0.41724477649184888 -0.22067084132923798 0.11795215870085217 -0.22067935070880623 -0.036986858123686253 -0.082555635739775271 -0.10398294612973236
leaf_weight=27 65 53 138 114 122 148 40 20 81 47 35 100 47 82 26 25 31 21 20 25 21
leaf_count=27 65 53 138 114 122 148 40 20 81 47 35 100 47 82 26 25 31 21 20 25 21
internal_value=2.36046e-07 0.00635684 0.026755 0.0631747 0.166578 -0.03955 -0.0902054 0.0819154 -0.0238722 -0.193401 0.0367943 0.113025 -0.0551577 -0.0949434 -0.160798 -0.0286191 -0.0499364 -0.121159 -0.0142209 0.0284482 -0.0722136
internal_weight=1288 1143 682 522 260 262 160 60 461 100 247 135 112 214 107 107 145 48 97 56 41
internal_count=1288 1143 682 522 260 262 160 60 461 100 247 135 112 214 107 107 145 48 97 56 41
cat_boundaries=0 1
cat_threshold=621306659
is_linear=0
shrinkage=0.03


Tree=164
num_leaves=16
num_cat=1
split_feature=1 12 4 0 1 9 0 1 1 2 1 2 0 2 2
split_gain=492.325 2486.4 4951.52 8688.84 3078.64 2452.31 2347.46 2419.24 2111.76 1764.87 2263.37 2697.68 1607.15 989.371 562.256
threshold=0.29000000000000009 0 1.0000000180025095e-35 0.75500000000000012 1.0250000000000001 1.0000000180025095e-35 1.9350000000000003 1.0250000000000001 0.20500000000000004 0.55500000000000016 0.15500000000000003 0.26500000000000007 -0.014999999999999998 0.51500000000000012 0.89500000000000013
decision_type=2 9 2 2 2 2 2 2 2 2 2 2 2 2 2
left_child=8 2 3 -2 5 -4 7 13 9 10 11 -1 -11 -3 -14
right_child=1 6 4 -5 -6 -7 -8 -9 -10 12 -12 -13 14 -15 -16
leaf_value=-0.012953749199670744 -0.080235014220501513 0.011730983108858907 -0.08667641380490089 0.69033991610808443 -0.29707742567451634 0.35298294752697612 -0.24978773564796938 0.29253869325429838 -0.23395457923738922 -0.28689538883827098 0.28382638283945477 0.18736339227684581 0.10045315786687339 -0.19506960338040402 -0.1105730271619909
leaf_weight=793 23 77 24 30 24 21 38 23 36 35 26 65 20 28 25
leaf_count=793 23 77 24 30 24 21 38 23 36 35 26 65 20 28 25
internal_value=-6.24112e-06 0.0345182 0.130951 0.358259 -0.026084 0.120056 -0.0418669 0.0173099 -0.00996457 -0.00147974 0.0107574 0.00231858 -0.135964 -0.0440505 -0.0166444
internal_weight=1288 288 122 53 69 45 166 128 1000 964 884 858 80 105 45
internal_count=1288 288 122 53 69 45 166 128 1000 964 884 858 80 105 45
cat_boundaries=0 1
cat_threshold=540868
is_linear=0
shrinkage=0.03


Tree=165
num_leaves=16
num_cat=1
split_feature=1 12 4 2 1 9 2 2 2 2 1 1 1 1 2
split_gain=463.728 2341.56 4663.31 3969.84 2900.53 2310.65 1989.34 3295.09 1594.98 2780.6 1492.37 1337.88 2880.47 431.099 560.149
threshold=0.29000000000000009 0 1.0000000180025095e-35 0.21500000000000002 1.0250000000000001 1.0000000180025095e-35 0.56500000000000006 0.45500000000000007 1.0450000000000002 0.65500000000000014 1.1850000000000003 0.20500000000000004 0.15500000000000003 -0.099999999999999992 0.75500000000000012
decision_type=2 9 2 2 2 2 2 2 2 2 2 2 2 2 2
left_child=6 2 3 -2 5 -4 7 11 9 10 -3 12 -1 14 -8
right_child=1 8 4 -5 -6 -7 13 -9 -10 -11 -12 -13 -14 -15 -16
leaf_value=-0.0079977427998594204 0.012748560678668138 -0.0045291977277168863 -0.084129198508603231 0.54735986081877741 -0.288346979841894 0.34263973012081411 -0.21010941513548506 0.37909008215694889 -0.27211363426421548 0.31818416305286129 -0.25861670247113933 -0.19453746630618207 0.31564419558118367 -0.24585591983795169 -0.015517278137661159
leaf_weight=841 20 97 24 33 24 21 23 20 23 20 26 32 25 28 31
leaf_count=841 20 97 24 33 24 21 23 20 23 20 26 32 25 28 31
internal_value=-1.8623e-06 0.0335049 0.127087 0.34768 -0.0253081 0.11654 -0.00966672 0.00301002 -0.0406223 -0.00538093 -0.0590926 -0.00556888 0.00151855 -0.150779 -0.0996214
internal_weight=1288 288 122 53 69 45 1000 918 166 143 123 898 866 82 54
internal_count=1288 288 122 53 69 45 1000 918 166 143 123 898 866 82 54
cat_boundaries=0 1
cat_threshold=540868
is_linear=0
shrinkage=0.03


Tree=166
num_leaves=13
num_cat=0
split_feature=2 2 2 2 0 1 0 2 1 0 1 0
split_gain=452.742 1710.77 1571.78 940.051 1287.14 742.36 2841.06 1048.05 690.802 1129.22 436.76 50.47
threshold=-0.94499999999999984 -0.85499999999999987 -1.1049999999999998 -1.2149999999999996 -2.4649999999999994 -2.2099999999999995 -3.3299999999999996 -0.40499999999999997 -0.21999999999999997 -2.5749999999999997 -0.32499999999999996 -3.1249999999999996
decision_type=2 2 2 2 2 2 2 2 2 2 2 2
left_child=2 -2 3 8 -5 -3 -7 -8 9 -1 11 -4
right_child=1 5 10 4 -6 6 7 -9 -10 -11 -12 -13
leaf_value=-0.014366158059239386 0.21963141728159208 0.16481303831022615 -0.13926349857648215 0.30286636718744187 -0.012117655303261497 -0.33559708900451657 0.058624449985677542 -0.013033452870563456 0.090157272444550809 -0.246622876079715 -0.27421872310721601 -0.071488059870402007
leaf_weight=82 33 24 22 20 27 22 247 712 32 24 21 22
leaf_count=82 33 24 22 20 27 22 247 712 32 24 21 22
internal_value=0 0.00873168 -0.0362014 0.0084753 0.123632 0.00169786 -0.00237159 0.00544056 -0.0310278 -0.0678917 -0.162498 -0.106627
internal_weight=1288 1038 250 185 47 1005 981 959 138 106 65 44
internal_count=1288 1038 250 185 47 1005 981 959 138 106 65 44
is_linear=0
shrinkage=0.03


Tree=167
num_leaves=17
num_cat=1
split_feature=1 12 11 9 1 1 2 1 2 0 0 2 0 1 2 1
split_gain=443.175 2300.82 3008.69 2136.97 5227.31 1891.24 1556.63 1987.42 2472.44 1507.95 1194.14 1473.75 695.152 673.895 530.884 197.364
threshold=0.29000000000000009 0 5.5000000000000009 1.0000000180025095e-35 0.64500000000000013 0.20500000000000004 0.55500000000000016 0.15500000000000003 0.26500000000000007 -0.014999999999999998 1.7450000000000003 0.58000000000000007 -0.12499999999999999 0.77000000000000013 0.89500000000000013 1.3700000000000003
decision_type=2 9 2 2 2 2 2 2 2 2 2 2 2 2 2 2
left_child=5 10 -3 13 -5 6 7 8 -1 -8 11 12 -2 -4 -11 -12
right_child=1 2 3 4 -6 -7 9 -9 -10 14 15 -13 -14 -15 -16 -17
leaf_value=-0.012456220884235232 0.065536710553327382 0.34821263756275173 -0.21864423768025523 0.44881597522355743 -0.069009953877021524 -0.22142200153494532 -0.27391656414220028 0.26595441320482294 0.17931609572754559 0.10154669596509236 -0.12627605499777683 0.2227871772486989 -0.13078478846599145 0.011619957865738287 -0.10350030733557308 -0.26353333272439677
leaf_weight=793 24 37 26 29 43 36 35 26 65 20 21 20 48 20 25 20
leaf_count=793 24 37 26 29 43 36 35 26 65 20 21 20 48 20 25 20
internal_value=-1.47605e-06 0.0327543 0.107192 0.0394876 0.141174 -0.00944978 -0.00142001 0.0100723 0.00216446 -0.127722 -0.0577536 -0.00177595 -0.0653022 -0.119416 -0.0121879 -0.195672
internal_weight=1288 288 155 118 72 1000 964 884 858 80 133 92 72 46 45 41
internal_count=1288 288 155 118 72 1000 964 884 858 80 133 92 72 46 45 41
cat_boundaries=0 1
cat_threshold=823312
is_linear=0
shrinkage=0.03


Tree=168
num_leaves=11
num_cat=1
split_feature=12 1 1 1 5 1 0 0 4 0
split_gain=437.538 1280 933.59 862.21 2177.64 1960.82 1432.85 1097.43 687.477 585.91
threshold=0 -0.96999999999999986 1.7300000000000002 0.60500000000000009 1.0000000180025095e-35 0.51500000000000012 1.1150000000000004 1.0150000000000003 1.0000000180025095e-35 -0.40499999999999997
decision_type=9 2 2 2 2 2 2 2 2 2
left_child=1 -1 3 5 -5 6 -2 -6 9 -3
right_child=2 8 -4 4 7 -7 -8 -9 -10 -11
leaf_value=-0.21764599337394422 -0.0029364432268411864 0.030917434674388955 0.16659830515725271 -0.26455065984249115 0.11663944425356798 0.24725650023632362 0.22066612988597942 -0.088939654668663992 0.12413092691019961 -0.18299651946091069
leaf_weight=32 965 26 31 37 43 30 26 50 28 20
leaf_count=32 965 26 31 37 43 30 26 50 28 20
internal_value=0 -0.0554925 0.00542004 0.00105302 -0.0715578 0.0103317 0.00303532 0.0061964 0.00812906 -0.0629918
internal_weight=1288 106 1182 1151 130 1021 991 93 74 46
internal_count=1288 106 1182 1151 130 1021 991 93 74 46
cat_boundaries=0 1
cat_threshold=71305762
is_linear=0
shrinkage=0.03


Tree=169
num_leaves=14
num_cat=0
split_feature=1 0 0 2 0 0 1 2 1 2 1 1 6
split_gain=434.116 624.082 2547.63 1871.64 2098.64 1896.02 1353.51 1338.63 3743.96 1161.61 1148.27 3699.56 2114.14
threshold=-2.5899999999999994 -2.1249999999999996 -2.3649999999999998 -0.70499999999999985 -2.8649999999999998 -3.8249999999999997 -1.0149999999999999 -0.41499999999999992 -1.2699999999999998 -0.54499999999999993 -0.53499999999999992 -0.35499999999999993 1.0000000180025095e-35
decision_type=2 2 2 2 2 2 2 2 2 2 2 2 2
left_child=-1 2 3 5 -5 -2 7 -3 -9 -4 12 -12 -8
right_child=1 6 9 4 -6 -7 10 8 -10 -11 11 -13 -14
leaf_value=0.12776070526812938 0.24036570181122308 -0.061511965007316774 -0.099257095393680397 -0.22129951200485226 0.069956417103336291 0.0046009444714883597 -0.17757193379113392 -0.025373603578732935 0.51910124962274418 -0.37809243725757208 0.22997561468604866 -0.0061202641411923974 0.067308997423308231
leaf_weight=23 39 20 31 57 36 138 80 24 21 24 65 678 52
leaf_count=23 39 20 31 57 36 138 80 24 21 24 65 678 52
internal_value=0 -0.00237178 -0.0381767 -0.000113259 -0.108752 0.0570968 0.0100181 0.141558 0.231561 -0.223295 0.000167887 0.0146709 -0.0811911
internal_weight=1288 1265 325 270 93 177 940 65 45 55 875 743 132
internal_count=1288 1265 325 270 93 177 940 65 45 55 875 743 132
is_linear=0
shrinkage=0.03


Tree=170
num_leaves=13
num_cat=0
split_feature=2 2 2 2 0 1 0 2 1 0 1 0
split_gain=457.565 1603.09 1487.97 890.124 1224.52 720.983 2592.57 1023.07 655.761 1044.52 414.338 49.8995
threshold=-0.94499999999999984 -0.85499999999999987 -1.1049999999999998 -1.2149999999999996 -2.4649999999999994 -2.2099999999999995 -3.3299999999999996 -0.40499999999999997 -0.21999999999999997 -2.5749999999999997 -0.32499999999999996 -3.1249999999999996
decision_type=2 2 2 2 2 2 2 2 2 2 2 2
left_child=2 -2 3 8 -5 -3 -7 -8 9 -1 11 -4
right_child=1 5 10 4 -6 6 7 -9 -10 -11 -12 -13
leaf_value=-0.015773847041346808 0.21293735643398407 0.16272269334598463 -0.13725464172363283 0.29396481286316378 -0.013235854651711204 -0.32035717474619546 0.057971530351855531 -0.012827122767724486 0.086723797939373903 -0.23916923180404975 -0.26810545024345084 -0.069947559388478589
leaf_weight=82 33 24 22 20 27 22 247 712 32 24 21 22
leaf_count=82 33 24 22 20 27 22 247 712 32 24 21 22
internal_value=1.71565e-06 0.00878257 -0.0363892 0.00708263 0.119143 0.00197344 -0.00203709 0.00542536 -0.0313535 -0.0672675 -0.159272 -0.104833
internal_weight=1288 1038 250 185 47 1005 981 959 138 106 65 44
internal_count=1288 1038 250 185 47 1005 981 959 138 106 65 44
is_linear=0
shrinkage=0.03


Tree=171
num_leaves=16
num_cat=1
split_feature=2 2 2 12 11 2 11 11 1 2 0 1 2 1 0
split_gain=430.999 1509.78 1402.12 964.583 3123.74 3779.55 1875.8 1433.63 1044.12 838.724 1153.89 617.646 1002.44 390.388 46.9951
threshold=-0.94499999999999984 -0.85499999999999987 -1.1049999999999998 0 6.5000000000000009 -0.5149999999999999 7.5000000000000009 4.5000000000000009 0.15500000000000003 -1.2149999999999996 -2.4649999999999994 -0.21999999999999997 -1.5349999999999999 -0.32499999999999996 -3.1249999999999996
decision_type=2 2 2 9 2 2 2 2 2 2 2 2 2 2 2
left_child=2 -2 9 4 5 -3 7 -5 -6 11 -11 12 -1 14 -4
right_child=1 3 13 6 8 -7 -8 -9 -10 10 -12 -13 -14 -15 -16
leaf_value=0.050461688346173393 0.2066445825584789 -0.21881906517573763 -0.13322850222587584 0.091710699486991634 -0.10396051581925952 0.063455108859541628 0.22458239813695977 -0.015413700282639418 -0.31868643781420303 0.28536095942520517 -0.012846010624278675 0.084162115458341735 -0.13817012386649619 -0.26024933164757347 -0.067895765574773156
leaf_weight=41 33 52 22 149 48 228 39 453 36 20 27 32 65 21 22
leaf_count=41 33 52 22 149 48 228 39 453 36 20 27 32 65 21 22
internal_value=0 0.00852055 -0.0353203 0.00191247 -0.0364904 0.0107255 0.0239319 0.0111496 -0.197363 0.00687828 0.115655 -0.0304312 -0.0652862 -0.154605 -0.101759
internal_weight=1288 1038 250 1005 364 280 641 602 84 185 47 138 106 65 44
internal_count=1288 1038 250 1005 364 280 641 602 84 185 47 138 106 65 44
cat_boundaries=0 1
cat_threshold=1611023379
is_linear=0
shrinkage=0.03


Tree=172
num_leaves=11
num_cat=2
split_feature=12 1 1 1 1 1 12 0 2 2
split_gain=434.445 1222.79 888.451 803.806 1972.45 1632.45 1500.53 840.826 677.896 537.998
threshold=0 -0.96999999999999986 1.8950000000000002 -0.96999999999999986 -0.87999999999999989 -1.0449999999999997 1 -2.7949999999999995 -0.084999999999999978 -0.66499999999999992
decision_type=9 2 2 2 2 2 9 2 2 2
left_child=1 -1 3 5 -5 7 -6 -2 9 -3
right_child=2 8 -4 4 6 -7 -8 -9 -10 -11
leaf_value=-0.21388395240123456 0.06790846835814815 -0.031207488115443736 0.20122471139779904 -0.27211090978629449 -0.054599649520552969 0.29127190123200419 0.026340099598758271 -0.042692387246145991 -0.10522319484969317 0.17498469681946599
leaf_weight=32 158 21 20 25 321 22 535 101 29 24
leaf_count=32 158 21 20 25 321 22 535 101 29 24
internal_value=-2.30514e-07 -0.0552974 0.00539946 0.00198774 -0.0121045 0.0461237 -0.0043529 0.0247677 0.00679302 0.0794102
internal_weight=1288 106 1182 1162 881 281 856 259 74 45
internal_count=1288 106 1182 1162 881 281 856 259 74 45
cat_boundaries=0 1 2
cat_threshold=71305762 1629782028
is_linear=0
shrinkage=0.03


Tree=173
num_leaves=21
num_cat=1
split_feature=3 12 7 6 2 1 2 0 9 0 6 1 9 2 1 0 0 9 4 2
split_gain=428.116 815.626 2991.63 5061.46 8308.03 3080.3 2487.92 2601.02 1639.3 2460.17 2059.8 1099.11 1019.37 804.036 779.793 374.535 578.3 368.277 1122.84 304.216
threshold=1.0000000180025095e-35 0 1.0000000180025095e-35 1.0000000180025095e-35 -0.29499999999999993 -0.20499999999999999 -0.30499999999999994 -2.3849999999999993 1.0000000180025095e-35 1.2850000000000004 1.0000000180025095e-35 -0.53499999999999992 1.0000000180025095e-35 -1.2699999999999998 -0.23499999999999996 -2.0449999999999995 -3.4999999999999996 1.0000000180025095e-35 1.0000000180025095e-35 -0.21499999999999997
decision_type=2 9 2 2 2 2 2 2 2 2 2 2 2 2 2 2 2 2 2 2
left_child=15 8 6 4 -4 -5 7 -3 10 13 11 -2 -8 -10 -12 16 -1 18 -17 -19
right_child=1 2 3 5 -6 -7 12 -9 9 -11 14 -13 -14 -15 -16 17 -18 19 -20 -21
leaf_value=-0.013610383939743042 -0.11729784796752543 -0.0046985360237017069 0.37519570740164843 0.087463965668678284 0.014431880677865301 -0.12421573013695802 -0.088514530359688454 -0.34294459896589574 -0.27862857101318683 0.19938522552041446 0.21377211507388522 0.038557854558121073 0.14342850933030798 -0.091798695642783174 0.049938389098532848 0.15058236531477709 -0.23287574491389962 -0.16679955416190917 -0.11257337209076251 -0.0090914500294899461
leaf_weight=22 80 36 98 112 138 137 29 47 23 25 52 82 40 191 53 32 21 20 26 24
leaf_count=22 80 36 98 112 138 137 29 47 23 25 52 82 40 191 53 32 21 20 26 24
internal_value=-6.31467e-06 0.00615857 0.0284926 0.0653319 0.16473 -0.0290059 -0.0869947 -0.197178 -0.0220786 -0.0795111 0.0285469 -0.0385136 0.0459666 -0.112495 0.131732 -0.0484774 -0.122208 -0.016921 0.0326108 -0.0819131
internal_weight=1288 1143 637 485 236 249 152 83 506 239 267 162 69 214 105 145 43 102 58 44
internal_count=1288 1143 637 485 236 249 152 83 506 239 267 162 69 214 105 145 43 102 58 44
cat_boundaries=0 1
cat_threshold=621306723
is_linear=0
shrinkage=0.03


Tree=174
num_leaves=18
num_cat=0
split_feature=1 1 2 11 1 2 1 2 2 1 0 0 1 1 1 1 11
split_gain=430.463 2071.52 2120.81 4573.51 3004.76 1787.49 1620.08 1508.55 1409.61 3301.31 6353.9 1079.11 952.044 1958.76 1515.1 844.402 723.786
threshold=0.29000000000000009 0.33500000000000008 0.65500000000000014 6.5000000000000009 1.4700000000000002 0.55500000000000016 0.47000000000000003 0.90500000000000014 0.17500000000000002 -0.26499999999999996 -0.73499999999999988 -0.014999999999999998 -1.5849999999999997 -1.7499999999999998 -1.3299999999999998 -0.099999999999999992 5.5000000000000009
decision_type=2 2 2 2 2 2 2 2 2 2 2 2 2 2 2 2 2
left_child=5 -2 4 7 6 8 -3 -4 12 10 -10 -7 13 -1 -14 -13 -11
right_child=1 2 3 -5 -6 11 -8 -9 9 16 -12 15 14 -15 -16 -17 -18
leaf_value=0.0096283938025460009 0.30222805524633289 -0.16688163659095764 0.51322096671127682 -0.17410158420958607 -0.3230125581652431 -0.26739977326527448 0.057839078387653682 0.16944136763246437 -0.0021661915152759873 0.050492829825518261 0.68772422776571118 0.062560748082941223 -0.16459230349776147 0.32010259050577877 -0.0097571405619382868 -0.18540117537180581 -0.17364162433848662
leaf_weight=98 23 37 20 26 29 35 125 28 29 26 20 27 62 22 634 22 25
leaf_count=98 23 37 20 26 29 35 125 28 29 26 20 27 62 22 634 22 25
internal_value=-9.87676e-06 0.0322726 0.00830617 0.144113 -0.0445333 -0.00932171 0.00613996 0.316559 0.00285262 0.108872 0.283464 -0.141347 -0.010195 0.0676656 -0.0236625 -0.0494567 -0.0599379
internal_weight=1288 288 265 74 191 1000 162 48 916 100 49 84 816 120 696 49 51
internal_count=1288 288 265 74 191 1000 162 48 916 100 49 84 816 120 696 49 51
is_linear=0
shrinkage=0.03


Tree=175
num_leaves=15
num_cat=3
split_feature=11 0 2 12 0 0 12 12 2 2 0 0 2 2
split_gain=432.536 2302.53 2409.12 1179.21 1364.55 1228.9 3294.5 2167.05 1157.68 1026.22 772.432 2526.93 622.141 577.408
threshold=7.5000000000000009 -0.024999999999999998 -0.99499999999999988 0 -3.8249999999999997 -0.15499999999999997 1 2 -1.095 -1.2149999999999996 -0.83499999999999985 -1.075 -1.4449999999999996 -0.37499999999999994
decision_type=2 2 2 9 2 2 9 9 2 2 2 2 2 2
left_child=3 2 -2 9 8 7 -7 -6 -5 12 11 -11 -1 -12
right_child=1 -3 -4 4 5 6 -8 -9 -10 10 13 -13 -14 -15
leaf_value=-0.075575222921371449 -0.077001664673409798 -0.15624447456706655 0.33735260055936978 0.3029971621891237 -0.078253205180803365 0.16518072734404879 -0.043625952403222097 0.040904438723037069 0.020673358804774732 -0.031519230877960124 -0.21116367316246032 0.31839699487907941 -0.3078282823562622 -0.053152414680635841
leaf_weight=22 20 27 33 26 271 121 137 260 26 136 24 21 20 144
leaf_count=22 20 27 33 26 271 121 137 260 26 136 24 21 20 144
internal_value=-1.2891e-06 0.0673299 0.181678 -0.0044888 0.0151534 0.00547158 0.0591235 -0.0206221 0.163434 -0.0485584 -0.0316862 0.016128 -0.188563 -0.0763029
internal_weight=1288 80 53 1208 841 789 258 531 52 367 325 157 42 168
internal_count=1288 80 53 1208 841 789 258 531 52 367 325 157 42 168
cat_boundaries=0 1 2 3
cat_threshold=1713380922 16826560 16826560
is_linear=0
shrinkage=0.03


Tree=176
num_leaves=13
num_cat=2
split_feature=11 1 1 12 1 1 0 1 1 12 6 0
split_gain=406.923 2568.07 1464.05 1111.39 2084.64 1442.65 1427.89 1316.28 1303.69 1085 1022.26 768.662
threshold=7.5000000000000009 -0.074999999999999997 0.47000000000000003 0 1.6350000000000002 0.92000000000000015 -3.8249999999999997 0.17000000000000001 -1.6349999999999998 1 1.0000000180025095e-35 0.56000000000000016
decision_type=2 2 2 9 2 2 2 2 2 9 2 2
left_child=3 -2 -3 5 6 7 10 9 -8 -1 -5 -9
right_child=1 2 -4 4 -6 -7 8 11 -10 -11 -12 -13
leaf_value=0.006772483079993682 0.25154666749296117 -0.27447211559807383 0.069553475238838966 0.29488827031500198 0.30652305733880331 -0.24602557524696722 -0.14888423134053794 0.17941892077445984 0.0073783163274206767 -0.11243220604325903 0.029278337027809836 -0.02994103214849125
leaf_weight=131 36 20 24 25 21 30 51 37 717 142 27 27
leaf_count=131 36 20 24 25 21 30 51 37 717 142 27 27
internal_value=1.53171e-05 0.0653271 -0.0880813 -0.00433273 0.0147357 -0.0471167 0.00725681 -0.0304586 -0.00308471 -0.0591759 0.158625 0.0915013
internal_weight=1288 80 44 1208 841 367 820 337 768 273 52 64
internal_count=1288 80 44 1208 841 367 820 337 768 273 52 64
cat_boundaries=0 1 2
cat_threshold=1713380922 1082
is_linear=0
shrinkage=0.03


Tree=177
num_leaves=15
num_cat=1
split_feature=2 2 2 12 0 11 1 11 11 2 0 1 0 6
split_gain=409.155 1409.34 1337.62 911.127 3023.87 3509.83 1886.47 1767.89 1376.72 765.629 1041.04 642.724 912.212 457.636
threshold=-0.94499999999999984 -0.85499999999999987 -1.1049999999999998 0 -1.325 6.5000000000000009 -0.44499999999999995 7.5000000000000009 4.5000000000000009 -1.2149999999999996 -2.4649999999999994 -0.21999999999999997 -2.5749999999999997 1.0000000180025095e-35
decision_type=2 2 2 9 2 2 2 2 2 2 2 2 2 2
left_child=2 -2 9 4 6 -6 -3 8 -5 11 -11 12 -1 -4
right_child=1 3 13 7 5 -7 -8 -9 -10 10 -12 -13 -14 -15
leaf_value=-0.016274979822202159 0.19971863723868755 -0.10608002485948449 -0.23362658389409383 0.08985049450183194 0.076271652558030575 -0.18061157576036452 -0.42012527270317074 0.21810826218882692 -0.015126007091775619 0.27192002433683815 -0.011338360769098456 0.088036037118618307 -0.22505929618952225 -0.073143874427546635
leaf_weight=82 33 76 31 149 204 62 22 39 453 20 27 32 24 34
leaf_count=82 33 76 31 149 204 62 22 39 453 20 27 32 24 34
internal_value=-1.06211e-06 0.00829778 -0.0344176 0.00191315 -0.0354115 0.0161588 -0.178385 0.0233128 0.0109046 0.00679832 0.110727 -0.0288481 -0.0644098 -0.150927
internal_weight=1288 1038 250 1005 364 266 98 641 602 185 47 138 106 65
internal_count=1288 1038 250 1005 364 266 98 641 602 185 47 138 106 65
cat_boundaries=0 1
cat_threshold=1611023379
is_linear=0
shrinkage=0.03


Tree=178
num_leaves=20
num_cat=2
split_feature=3 12 9 12 0 1 1 1 0 9 6 0 11 1 2 1 5 0 1
split_gain=401.556 806.432 2582.84 4323.06 5108.42 2580.09 4337.03 1740.9 1594.46 1397.93 2414.88 2207.8 1336.23 859.835 786.573 354.293 279.627 271.018 218.342
threshold=1.0000000180025095e-35 0 1.0000000180025095e-35 1 1.7450000000000003 -0.7599999999999999 -1.2699999999999998 0.56000000000000016 -1.4349999999999998 1.0000000180025095e-35 1.0000000180025095e-35 1.2850000000000004 5.5000000000000009 -0.23499999999999996 -1.2699999999999998 -1.4049999999999996 1.0000000180025095e-35 -0.52999999999999992 -0.23499999999999996
decision_type=2 9 2 9 2 2 2 2 2 2 2 2 2 2 2 2 2 2 2
left_child=15 9 5 7 -5 6 -3 -4 -7 10 12 14 -2 -12 -11 -1 18 -18 -17
right_child=1 2 3 4 -6 8 -8 -9 -10 11 13 -13 -14 -15 -16 16 17 -19 -20
leaf_value=-0.1462217389907477 -0.0037470288167144573 -0.10637483960641057 -0.14249640532463964 0.20634953063133885 -0.23593478431847859 -0.25980057145603769 0.30600327145115708 0.16596447446578885 -0.053187912632064564 -0.26916543994051345 0.21718952818174619 0.19040402653638056 -0.21363972831809 0.047577570974269762 -0.084728431552876043 -0.016867609459420906 0.07845022481235106 -0.052873135043650252 -0.12985644775942751
leaf_weight=26 131 47 84 212 26 43 44 20 150 23 55 25 34 53 196 34 33 24 28
leaf_count=26 131 47 84 212 26 43 44 20 150 23 55 25 34 53 196 34 33 24 28
internal_value=-5.09952e-06 0.00596542 0.0286058 0.0845411 0.151284 -0.0377672 0.0935666 -0.0754207 -0.0997887 -0.0215794 0.0246183 -0.0741072 -0.0475305 0.134585 -0.104681 -0.0469486 -0.0247126 0.0231251 -0.0685735
internal_weight=1288 1143 626 342 238 284 91 104 193 517 273 244 165 108 219 145 119 57 62
internal_count=1288 1143 626 342 238 284 91 104 193 517 273 244 165 108 219 145 119 57 62
cat_boundaries=0 1 2
cat_threshold=625501027 33804
is_linear=0
shrinkage=0.03


Tree=179
num_leaves=18
num_cat=2
split_feature=1 12 11 9 1 1 12 7 11 0 0 0 11 11 0 1 1
split_gain=382.015 2087.49 2764.18 2020.59 4946.66 1749.49 1287.12 2761.01 2511.64 1159.48 1896.86 1076.39 978.146 1204.59 883.915 612.429 170.764
threshold=0.29000000000000009 0 5.5000000000000009 1.0000000180025095e-35 0.64500000000000013 0.20500000000000004 1 1.0000000180025095e-35 4.5000000000000009 0.23500000000000001 -0.12499999999999999 1.7450000000000003 5.5000000000000009 6.5000000000000009 -1.0000000180025095e-35 0.77000000000000013 1.3700000000000003
decision_type=2 9 2 2 2 2 9 2 2 2 2 2 2 2 2 2 2
left_child=5 11 -3 15 -5 6 9 14 -9 10 -1 12 -2 -14 -8 -4 -13
right_child=1 2 3 4 -6 -7 7 8 -10 -11 -12 16 13 -15 -16 -17 -18
leaf_value=-0.046279518529005061 -0.12102877968072891 0.33226510952234267 -0.21273445010635089 0.43452055295039027 -0.069196218659137859 -0.21265737662903247 -0.098348554407684377 0.25913248912873471 0.042838815322776856 -0.23600378048069337 0.19256324652891893 -0.1219581130826196 0.24048541320638453 -0.041781882344759422 0.096871826677906267 0.0068636672293267602 -0.24999147542220793
leaf_weight=378 37 37 26 29 43 36 143 57 305 25 32 21 23 32 24 20 20
leaf_count=378 37 37 26 29 43 36 143 57 305 25 32 21 23 32 24 20 20
internal_value=-1.11507e-05 0.0304003 0.101338 0.0363592 0.135246 -0.00878347 -0.00106052 0.0301218 0.0772148 -0.0387802 -0.027419 -0.0557352 -0.00264955 0.0773062 -0.0700696 -0.118145 -0.186745
internal_weight=1288 288 155 118 72 1000 964 529 362 435 410 133 92 55 167 46 41
internal_count=1288 288 155 118 72 1000 964 529 362 435 410 133 92 55 167 46 41
cat_boundaries=0 1 2
cat_threshold=823312 1147814081
is_linear=0
shrinkage=0.03


Tree=180
num_leaves=12
num_cat=0
split_feature=1 0 2 0 2 4 2 1 2 2 0
split_gain=383.457 565.078 2317.88 1384.66 1314.9 2087.73 1705.7 1195.72 1100.76 4673.21 2632.47
threshold=-2.5899999999999994 -2.1249999999999996 -0.41499999999999992 -2.0149999999999992 -0.8849999999999999 1.0000000180025095e-35 -0.80499999999999994 -1.5849999999999997 -0.78499999999999992 -0.67499999999999993 -3.8249999999999997
decision_type=2 2 2 2 2 2 2 2 2 2 2
left_child=-1 2 8 -3 5 -5 -6 -4 10 -10 -2
right_child=1 3 7 4 6 -7 -8 -9 9 -11 -12
leaf_value=0.12006334733963013 0.18527606979902689 0.22332931660706143 -0.054061586275967681 -0.28451761220878274 0.27834065923025436 0.02144095585807677 0.0076005999410473386 -0.32369377519123588 0.47299339198260454 -0.049569413587587693 -0.092372238139441759
leaf_weight=23 38 26 27 35 21 46 812 33 21 54 152
leaf_count=23 38 26 27 35 21 46 812 33 21 54 152
internal_value=-8.60803e-06 -0.00224068 -0.0363111 0.00954882 0.00334548 -0.111661 0.0145925 -0.203858 0.00192538 0.0988719 -0.0364863
internal_weight=1288 1265 325 940 914 81 833 60 265 75 190
internal_count=1288 1265 325 940 914 81 833 60 265 75 190
is_linear=0
shrinkage=0.03


Tree=181
num_leaves=21
num_cat=1
split_feature=3 12 7 2 6 2 2 6 9 6 2 2 11 9 11 2 7 2 6 11
split_gain=396.932 739.765 2923.9 5243.69 8119.72 3554.05 2383.88 2202.53 1348.65 2296.78 2043.36 1435.4 1250.51 932.345 391.138 340.68 663.89 593.945 351.643 221.075
threshold=1.0000000180025095e-35 0 1.0000000180025095e-35 -0.34499999999999992 1.0000000180025095e-35 -0.23499999999999996 -0.30499999999999994 1.0000000180025095e-35 1.0000000180025095e-35 1.0000000180025095e-35 0.59500000000000008 0.34500000000000003 5.5000000000000009 1.0000000180025095e-35 6.5000000000000009 -0.30499999999999994 1.0000000180025095e-35 -0.054999999999999993 1.0000000180025095e-35 4.5000000000000009
decision_type=2 9 2 2 2 2 2 2 2 2 2 2 2 2 2 2 2 2 2 2
left_child=15 8 6 4 -4 -5 7 -3 9 12 11 -10 -2 -8 -11 16 -1 -17 -19 -18
right_child=1 2 3 5 -6 -7 13 -9 10 14 -12 -13 -14 -15 -16 17 19 18 -20 -21
leaf_value=0.049645248444875077 -0.0030729621890153267 -0.32866613645553588 0.38318301354892675 -0.35223375977660121 0.0047603210069138901 0.013540357624826256 -0.085534478066331257 -0.01471651818047107 -0.079380096120716073 0.17156911349783138 0.14977013842325945 -0.33852099283351456 -0.20612063762416011 0.13628099185559484 0.048679497513972533 0.13793142691472682 -0.067117456944783521 0.021654953949591688 -0.14136531952222187 -0.1913081862822823
leaf_weight=22 131 47 94 26 111 244 29 35 191 73 32 21 34 40 35 20 22 25 22 34
leaf_count=22 131 47 94 26 111 244 29 35 191 73 32 21 34 40 35 20 22 25 22 34
internal_value=-2.26421e-06 0.00593377 0.0276151 0.0646078 0.178806 -0.0222572 -0.086739 -0.195601 -0.0204526 0.0249367 -0.0720326 -0.1058 -0.0454275 0.0430664 0.132179 -0.0466748 -0.0890861 0.00294927 -0.0552741 -0.143598
internal_weight=1288 1143 626 475 205 270 151 82 517 273 244 212 165 69 108 145 78 67 47 56
internal_count=1288 1143 626 475 205 270 151 82 517 273 244 212 165 69 108 145 78 67 47 56
cat_boundaries=0 1
cat_threshold=625501027
is_linear=0
shrinkage=0.03


Tree=182
num_leaves=21
num_cat=1
split_feature=3 12 7 6 1 5 6 1 1 9 6 0 1 1 0 1 0 0 0 5
split_gain=373.654 696.09 2752.28 4599.52 2926.74 2360.81 1902.8 2774.93 1682.97 1269.4 2162.32 2046.83 1001.03 797.689 689.185 341.285 451.416 262.685 461.113 385.126
threshold=1.0000000180025095e-35 0 1.0000000180025095e-35 1.0000000180025095e-35 -0.20499999999999999 1.0000000180025095e-35 1.0000000180025095e-35 0.39500000000000007 0.11000000000000001 1.0000000180025095e-35 1.0000000180025095e-35 1.2850000000000004 -0.53499999999999992 -0.23499999999999996 0.47000000000000003 -0.83499999999999985 -3.4999999999999996 -0.52999999999999992 -0.024999999999999998 1.0000000180025095e-35
decision_type=2 9 2 2 2 2 2 2 2 2 2 2 2 2 2 2 2 2 2 2
left_child=15 9 6 5 -5 -4 8 -8 -3 10 12 14 -2 -12 -11 16 -1 19 -19 -17
right_child=1 2 3 4 -6 -7 7 -9 -10 11 13 -13 -14 -15 -16 17 -18 18 -20 -21
leaf_value=-0.0052773240333379694 -0.11901255951483555 -0.24480260354090128 0.24749989229368877 0.087814751543410827 -0.12040684056347543 0.054490845971963776 0.20534328262329099 -0.22882597024702445 0.037936687811365666 -0.08020913478981731 0.20780568452783532 0.18478680851880241 0.02840931715573785 0.044455821833877925 -0.24974699388231547 -0.048433635000749063 -0.19027253088517623 -0.17115686472450814 0.023967516287844232 0.11040535285689615
leaf_weight=21 81 68 124 109 136 106 37 20 26 195 55 25 84 53 24 27 27 20 23 27
leaf_count=21 81 68 124 109 136 106 37 20 26 195 55 25 84 53 24 27 27 20 23 27
internal_value=-1.02398e-05 0.00574903 0.0267808 0.0626713 -0.0277671 0.158872 -0.0841664 0.0522859 -0.166779 -0.0198464 0.0241889 -0.069888 -0.0440842 0.128245 -0.0993289 -0.0452936 -0.110288 -0.0127001 -0.0676432 0.0312151
internal_weight=1288 1143 626 475 245 230 151 57 94 517 273 244 165 108 219 145 48 97 43 54
internal_count=1288 1143 626 475 245 230 151 57 94 517 273 244 165 108 219 145 48 97 43 54
cat_boundaries=0 1
cat_threshold=625501027
is_linear=0
shrinkage=0.03


Tree=183
num_leaves=14
num_cat=1
split_feature=11 1 1 12 1 2 2 0 0 0 2 1 5
split_gain=397.706 2475.52 1365.05 1088.92 1804.71 1576.51 3572.5 1339.3 1097.85 2782.09 1334.27 1318.93 1870.12
threshold=7.5000000000000009 -0.074999999999999997 0.47000000000000003 0 1.6800000000000002 0.36500000000000005 0.17500000000000002 1.2100000000000002 -0.42499999999999993 -1.075 -0.52499999999999991 1.0000000180025095e-35 1.0000000180025095e-35
decision_type=2 2 2 9 2 2 2 2 2 2 2 2 2
left_child=3 -2 -3 8 5 6 -5 -7 9 10 -1 -10 -13
right_child=1 2 -4 4 -6 7 -8 -9 11 -11 -12 12 -14
leaf_value=-0.14624110373279503 0.2473827553909935 -0.26604429414214154 0.06615436481456366 0.0031167220874349193 0.2892968421796473 -0.136057907883223 0.23187537092367808 0.037423863931400021 -0.31520700674057001 0.21521696543812749 0.063024701648288314 0.1092264197634869 -0.20037695873142722
leaf_weight=85 36 20 24 685 20 115 67 61 27 37 40 30 41
leaf_count=85 36 20 24 685 20 115 67 61 27 37 40 30 41
internal_value=-1.24167e-05 0.0645509 -0.0860702 -0.00431555 0.010758 0.00471511 0.0236427 -0.075978 -0.0574119 -0.0115352 -0.0792678 -0.138603 -0.0696677
internal_weight=1288 80 44 1208 948 928 752 176 260 162 125 98 71
internal_count=1288 80 44 1208 948 928 752 176 260 162 125 98 71
cat_boundaries=0 1
cat_threshold=1176508434
is_linear=0
shrinkage=0.03


Tree=184
num_leaves=12
num_cat=1
split_feature=11 1 1 12 1 2 2 2 1 1 2
split_gain=374.276 2331.64 1286.26 1032.23 1859.6 1475.69 2593.66 1952.36 1313.65 1250.93 943.548
threshold=7.5000000000000009 -0.074999999999999997 0.47000000000000003 0 1.6350000000000002 0.36500000000000005 0.17500000000000002 0.75500000000000012 0.92000000000000015 0.53000000000000014 -1.2149999999999996
decision_type=2 2 2 9 2 2 2 2 2 2 2
left_child=3 -2 -3 8 5 6 -5 -7 9 10 -1
right_child=1 2 -4 4 -6 7 -8 -9 -10 -11 -12
leaf_value=-0.17858616309280853 0.24006294169164683 -0.25825762928113705 0.064210237902037948 0.0077375676012701455 0.28978467151730558 -0.1855059961033183 0.21373529266917016 0.02831921974337025 -0.23523791009370909 0.18166082811355591 -0.024952408566355871
leaf_weight=41 36 20 24 607 21 75 60 78 30 23 273
leaf_count=41 36 20 24 607 21 75 60 78 30 23 273
internal_value=-9.37951e-06 0.0626232 -0.0835535 -0.00418391 0.0141929 0.00713213 0.0264188 -0.0767404 -0.045416 -0.0295312 -0.0452744
internal_weight=1288 80 44 1208 841 820 667 153 367 337 314
internal_count=1288 80 44 1208 841 820 667 153 367 337 314
cat_boundaries=0 1
cat_threshold=1713380922
is_linear=0
shrinkage=0.03


Tree=185
num_leaves=11
num_cat=1
split_feature=0 2 0 0 11 1 1 4 12 9
split_gain=376.103 2712.07 2964.36 1509.69 4907.97 924.63 2959.23 1344.97 1153.37 149.826
threshold=1.7450000000000003 0.64500000000000013 2.6300000000000003 1.2850000000000004 5.5000000000000009 0.63500000000000012 0.54500000000000015 1.0000000180025095e-35 0 1.0000000180025095e-35
decision_type=2 2 2 2 2 2 2 2 9 2
left_child=3 -2 -3 5 -5 6 8 -7 -1 -9
right_child=1 2 -4 4 -6 7 -8 9 -10 -11
leaf_value=-0.087504628265138842 -0.26007051090455385 -0.15505021991121007 0.31685034366773096 -0.14886643924546797 0.4860297460476557 -0.31301148013952301 0.33032865332583988 0.035550705722967778 0.0081760326658796602 -0.071707029834085584
leaf_weight=118 35 23 24 21 22 20 24 22 955 24
leaf_count=118 35 23 24 21 22 20 24 22 955 24
internal_value=-7.22462e-06 -0.06198 0.0866559 0.00422797 0.177748 -0.0022587 0.00432134 -0.110882 -0.0031182 -0.0205147
internal_weight=1288 82 47 1206 43 1163 1097 66 1073 46
internal_count=1288 82 47 1206 43 1163 1097 66 1073 46
cat_boundaries=0 1
cat_threshold=1075841096
is_linear=0
shrinkage=0.03


Tree=186
num_leaves=12
num_cat=1
split_feature=0 2 2 0 12 2 2 2 2 2 2
split_gain=353.887 2557.82 3893.84 1422.68 860.52 898.692 1752.56 793.476 2202.13 1175.25 729.331
threshold=1.7450000000000003 0.6150000000000001 1.0450000000000002 1.2850000000000004 0 0.15500000000000003 -0.34499999999999992 0.48500000000000004 0.21500000000000002 0.88500000000000012 0.59500000000000008
decision_type=2 2 2 2 9 2 2 2 2 2 2
left_child=3 -2 -3 4 5 6 -1 8 -6 -9 -5
right_child=1 2 -4 10 7 -7 -8 9 -10 -11 -12
leaf_value=-0.14960595306372029 -0.26231596845655297 0.39422067948085504 -0.14424958212042258 0.05506408772760249 0.0020760353582876699 -0.25653173235821169 0.1018862675962777 -0.13513654765895769 0.1681506659029775 0.07006499940872192 0.30283128871278064
leaf_weight=58 33 20 29 23 850 21 43 76 78 37 20
leaf_count=58 33 20 29 23 850 21 43 76 78 37 20
internal_value=-2.38395e-05 -0.0601385 0.0772356 0.0040843 -0.00221258 -0.0742289 -0.042531 0.00690251 0.0161212 -0.0679076 0.17253
internal_weight=1288 82 49 1206 1163 122 101 1041 928 113 43
internal_count=1288 82 49 1206 1163 122 101 1041 928 113 43
cat_boundaries=0 1
cat_threshold=1073743946
is_linear=0
shrinkage=0.03


Tree=187
num_leaves=16
num_cat=1
split_feature=2 2 2 12 0 11 11 9 11 2 0 9 2 2 6
split_gain=344.215 1280.67 1255.9 887.738 2876.72 3260.66 1681.89 1586.19 1317.94 673.022 949.348 579.148 980.368 829.014 426.633
threshold=-0.94499999999999984 -1.1049999999999998 -0.85499999999999987 0 -1.325 6.5000000000000009 7.5000000000000009 1.0000000180025095e-35 4.5000000000000009 -1.2149999999999996 -2.4649999999999994 1.0000000180025095e-35 -1.4249999999999996 -1.4449999999999996 1.0000000180025095e-35
decision_type=2 2 2 9 2 2 2 2 2 2 2 2 2 2 2
left_child=1 9 -2 4 7 -6 8 -4 -5 11 -11 13 -13 -1 -3
right_child=2 14 3 6 5 -7 -8 -9 -10 10 -12 12 -14 -15 -16
leaf_value=0.12163365911575687 0.18829016690734607 -0.22544193893103373 -0.28980951111525005 0.087831879047645764 0.072949774531196707 -0.17464683491957186 0.21269033324039432 -0.048084706660320886 -0.014879349930291993 0.26010047474140074 -0.010398106904463335 -0.19274528848308406 0.047481441412331918 -0.075877897444745185 -0.070488779876543131
leaf_weight=41 33 31 51 149 204 62 39 47 453 20 27 36 26 35 34
leaf_count=41 33 31 51 149 204 62 39 47 453 20 27 36 26 35 34
internal_value=-2.12089e-05 -0.0315888 0.00759043 0.00156334 -0.0352721 0.0150086 0.0226928 -0.174743 0.0105893 0.00873476 0.106171 -0.0246918 -0.0923831 0.0307337 -0.145592
internal_weight=1288 250 1038 1005 364 266 641 98 602 185 47 138 62 76 65
internal_count=1288 250 1038 1005 364 266 641 98 602 185 47 138 62 76 65
cat_boundaries=0 1
cat_threshold=1611023379
is_linear=0
shrinkage=0.03


Tree=188
num_leaves=12
num_cat=0
split_feature=1 0 2 0 2 4 2 1 2 2 0
split_gain=372.098 530.602 2206.78 1317.57 1200.53 1950.82 1559.39 1136.13 1032.02 4333.44 2480.71
threshold=-2.5899999999999994 -2.1249999999999996 -0.41499999999999992 -2.0149999999999992 -0.8849999999999999 1.0000000180025095e-35 -0.7649999999999999 -1.5849999999999997 -0.78499999999999992 -0.67499999999999993 -3.8249999999999997
decision_type=2 2 2 2 2 2 2 2 2 2 2
left_child=-1 2 8 -3 5 -5 -6 -4 10 -10 -2
right_child=1 3 7 4 6 -7 -8 -9 9 -11 -12
leaf_value=0.11825822744470961 0.18015326847813345 0.21774080841496304 -0.052698473219438033 -0.27383323025031825 0.21761674285301796 0.021911126255989073 0.0056261201769076362 -0.31552996961394347 0.45620670937382896 -0.047003903664580182 -0.089372512741948726
leaf_weight=23 38 26 27 35 32 46 801 33 21 54 152
leaf_count=23 38 26 27 35 32 46 801 33 21 54 152
internal_value=-2.1941e-05 -0.00222073 -0.0352354 0.0092034 0.00315218 -0.106739 0.0138991 -0.198718 0.00207278 0.0959435 -0.0351202
internal_weight=1288 1265 325 940 914 81 833 60 265 75 190
internal_count=1288 1265 325 940 914 81 833 60 265 75 190
is_linear=0
shrinkage=0.03


Tree=189
num_leaves=12
num_cat=0
split_feature=1 0 0 2 2 0 0 2 4 2 2
split_gain=350.536 499.184 2144.55 1523.47 2059.15 1490.27 1241.18 1130.53 1837.12 1476.52 1042.32
threshold=-2.5899999999999994 -2.1249999999999996 -2.3649999999999998 -0.70499999999999985 -0.57499999999999984 -3.8249999999999997 -2.0149999999999992 -0.8849999999999999 1.0000000180025095e-35 -0.80499999999999994 -0.54499999999999993
decision_type=2 2 2 2 2 2 2 2 2 2 2
left_child=-1 2 3 5 -5 -2 -3 8 -8 -9 -4
right_child=1 6 10 4 -6 -7 7 9 -10 -11 -12
leaf_value=0.1147859624649616 0.21484376682812653 0.21133182928697117 -0.08667553618692217 -0.32717820380715762 -0.010926656881388086 0.0058117447893542068 -0.26573393605460582 0.25887657817574439 0.02126086357716591 0.0069808318082478183 -0.35059728051205069
leaf_weight=23 39 26 31 25 68 138 35 21 46 812 24
leaf_count=23 39 26 31 25 68 138 35 21 46 812 24
internal_value=-1.59614e-05 -0.00215017 -0.0341726 0.000727302 -0.0972676 0.052362 0.00893051 0.00305724 -0.103582 0.0134862 -0.204016
internal_weight=1288 1265 325 270 93 177 940 914 81 833 55
internal_count=1288 1265 325 270 93 177 940 914 81 833 55
is_linear=0
shrinkage=0.03


Tree=190
num_leaves=13
num_cat=0
split_feature=3 2 2 0 1 2 1 1 0 2 2 2
split_gain=357.292 587.209 1965.56 1567.95 1552.16 1213.06 1695.14 333.072 415.146 281.903 471.53 319.303
threshold=1.0000000180025095e-35 0.90500000000000014 0.80500000000000016 1.8550000000000002 1.1350000000000002 1.1050000000000002 0.66500000000000015 -0.83499999999999985 -3.4999999999999996 -0.30499999999999994 -0.61499999999999988 0.27500000000000008
decision_type=2 2 2 2 2 2 2 2 2 2 2 2
left_child=7 2 3 4 -2 -3 -7 8 -1 10 -9 -11
right_child=1 5 -4 -5 -6 6 -8 9 -10 11 -12 -13
leaf_value=-0.0077276248488315309 0.0066597529524844278 -0.24360748840780821 0.27678855430593297 -0.18553753511428833 0.27040183363018966 0.17951092638688929 -0.18213636895113211 0.027735881450564361 -0.18521299490495161 0.088684085236295424 -0.17385688988755388 -0.056657452803850171
leaf_weight=21 991 25 24 37 20 25 21 21 27 34 20 22
leaf_count=21 991 25 24 37 20 25 21 21 27 34 20 22
internal_value=-1.76852e-05 0.00561404 0.0111637 0.00494871 0.0120113 -0.0776279 0.0141634 -0.0442985 -0.108505 -0.0121019 -0.0714396 0.0315364
internal_weight=1288 1143 1072 1048 1011 71 46 145 48 97 41 56
internal_count=1288 1143 1072 1048 1011 71 46 145 48 97 41 56
is_linear=0
shrinkage=0.03


Tree=191
num_leaves=18
num_cat=2
split_feature=1 12 11 9 1 1 12 7 11 0 0 0 11 11 0 1 1
split_gain=339.184 1956.35 2603.95 1919.56 4638.3 1575.63 1148.78 2349.28 2214.63 1036.33 1768.71 924.506 920.737 1100.03 812.718 581.364 161.112
threshold=0.29000000000000009 0 5.5000000000000009 1.0000000180025095e-35 0.64500000000000013 0.20500000000000004 1 1.0000000180025095e-35 4.5000000000000009 0.23500000000000001 -0.12499999999999999 1.7450000000000003 5.5000000000000009 6.5000000000000009 -1.0000000180025095e-35 0.77000000000000013 1.3700000000000003
decision_type=2 9 2 2 2 2 9 2 2 2 2 2 2 2 2 2 2
left_child=5 11 -3 15 -5 6 9 14 -9 10 -1 12 -2 -14 -8 -4 -13
right_child=1 2 3 4 -6 -7 7 8 -10 -11 -12 16 13 -15 -16 -17 -18
leaf_value=-0.044062451575379545 -0.12052020219683647 0.32141223737716673 -0.20852533041756108 0.42040267360816563 -0.067357621490698433 -0.20176423667554985 -0.091027301758423912 0.24277793848203574 0.039675850160871121 -0.22304672833049996 0.18657002885891841 -0.11361727357465168 0.22784984961976396 -0.041867693858880263 0.096138792638876008 0.0054547605012975082 -0.23763613092136091
leaf_weight=378 37 37 26 29 43 36 143 57 305 25 32 21 23 32 24 20 20
leaf_count=378 37 37 26 29 43 36 143 57 305 25 32 21 23 32 24 20 20
internal_value=-1.93074e-05 0.0286365 0.0973455 0.0342171 0.130604 -0.00828537 -0.000956057 0.0285017 0.071955 -0.0365922 -0.0258492 -0.0546763 -0.00568363 0.0719058 -0.0639046 -0.116368 -0.176321
internal_weight=1288 288 155 118 72 1000 964 529 362 435 410 133 92 55 167 46 41
internal_count=1288 288 155 118 72 1000 964 529 362 435 410 133 92 55 167 46 41
cat_boundaries=0 1 2
cat_threshold=823312 1147814081
is_linear=0
shrinkage=0.03


Tree=192
num_leaves=10
num_cat=1
split_feature=1 12 2 5 1 2 2 2 0
split_gain=336.468 470.052 1018.33 2074.65 776.944 891.993 3201.84 2184.42 636.34
threshold=-2.5899999999999994 0 -0.064999999999999988 1.0000000180025095e-35 1.7300000000000002 -0.34499999999999992 -0.23499999999999996 -0.50499999999999989 -1.8049999999999999
decision_type=2 9 2 2 2 2 2 2 2
left_child=-1 2 3 8 5 7 -7 -3 -2
right_child=1 4 -4 -5 -6 6 -8 -9 -10
leaf_value=0.11245816845082222 -0.21817790598689385 -0.0011152088871076787 -0.20529749412169823 0.2149534130376928 0.14821458976452168 -0.22524842860809591 -0.0015603858515578722 0.15611967225074766 0.0056979510173565005
leaf_weight=23 26 431 32 25 32 64 538 97 20
leaf_count=23 26 431 32 25 32 64 538 97 20
internal_value=-1.65758e-05 -0.00210757 -0.0603768 -0.00248384 0.00356728 -0.000558457 -0.0255133 0.0278854 -0.121761
internal_weight=1288 1265 103 71 1162 1130 602 528 46
internal_count=1288 1265 103 71 1162 1130 602 528 46
cat_boundaries=0 1
cat_threshold=67110922
is_linear=0
shrinkage=0.03


Tree=193
num_leaves=21
num_cat=2
split_feature=3 12 9 12 0 1 1 2 0 9 6 2 2 11 1 0 0 11 2 2
split_gain=349.188 658.546 2316.33 4214.52 4679.55 2267 4034.49 1714.64 1400.92 1270.35 2068.31 1838.79 1306.29 1161.97 736.671 319.178 461.799 399.297 705.852 565.343
threshold=1.0000000180025095e-35 0 1.0000000180025095e-35 1 1.7450000000000003 -0.7599999999999999 -1.2699999999999998 -0.60499999999999987 -1.4349999999999998 1.0000000180025095e-35 1.0000000180025095e-35 0.59500000000000008 0.34500000000000003 5.5000000000000009 -0.23499999999999996 -2.0449999999999995 -3.4999999999999996 4.5000000000000009 0.065000000000000016 -0.13499999999999998
decision_type=2 9 2 9 2 2 2 2 2 2 2 2 2 2 2 2 2 2 2 2
left_child=15 9 5 7 -5 6 -3 -4 -7 10 13 12 -11 -2 -12 16 -1 19 -19 -17
right_child=1 2 3 4 -6 8 -8 -9 -10 11 14 -13 -14 -15 -16 17 -18 18 -20 -21
leaf_value=-0.014730419985453288 -0.0012353153031588507 -0.1065616510739452 -0.32475154089061326 0.19770183372553657 -0.22560908794290613 -0.24498988582759068 0.29115423115719569 -0.023916154035908022 -0.051308843202666189 -0.076219185590977456 0.20295246402637376 0.14101748365072103 -0.32343956080148384 -0.19695562395842178 0.045921758730277838 0.15446112280703606 -0.2107558012895806 -0.14444691984176636 0.068382925462722774 -0.06135303444106404
leaf_weight=22 131 47 21 212 26 43 44 83 150 191 55 32 21 34 53 23 21 37 22 20
leaf_count=22 131 47 21 212 26 43 44 83 150 191 55 32 21 34 53 23 21 37 22 20
internal_value=-1.61711e-05 0.00555128 0.0260086 0.078963 0.14499 -0.0368624 0.0862479 -0.0784468 -0.0949976 -0.0193433 0.0247176 -0.0693941 -0.101426 -0.0420569 0.126485 -0.0437919 -0.111855 -0.0146638 -0.0651285 0.0544621
internal_weight=1288 1143 626 342 238 284 91 104 193 517 273 244 212 165 108 145 43 102 59 43
internal_count=1288 1143 626 342 238 284 91 104 193 517 273 244 212 165 108 145 43 102 59 43
cat_boundaries=0 1 2
cat_threshold=625501027 33804
is_linear=0
shrinkage=0.03


Tree=194
num_leaves=17
num_cat=1
split_feature=1 1 2 11 1 2 1 12 2 2 2 1 2 2 0 1
split_gain=328.767 1937.7 1859.02 4147.21 2584.2 1629.35 1482.96 1257.49 2409.13 2076.34 1691.8 1650.84 1550.76 1162.64 1036.02 716.562
threshold=0.29000000000000009 0.33500000000000008 0.65500000000000014 6.5000000000000009 1.4700000000000002 0.55500000000000016 0.47000000000000003 0 0.17500000000000002 -1.4449999999999996 -0.38499999999999995 -0.23499999999999996 -0.82499999999999984 0.90500000000000014 -0.014999999999999998 -0.099999999999999992
decision_type=2 2 2 2 2 2 2 9 2 2 2 2 2 2 2 2
left_child=5 -2 4 13 6 7 -3 9 10 -1 -9 -10 -11 -4 -7 -16
right_child=1 2 3 -5 -6 14 -8 8 11 12 -12 -13 -14 -15 15 -17
leaf_value=0.22882408097585041 0.28927281347234196 -0.16297875091552735 0.46930139713752556 -0.17079140737821469 -0.30270775906514313 -0.25771108661654962 0.052022483156556151 0.045345178967025578 0.30701641783221012 -0.20654123337231886 -0.064621618605297027 0.025114326035798485 -0.033170729189343419 0.16672673789450998 0.058935624061931258 -0.16947321330706278
leaf_weight=22 23 37 20 26 29 35 125 350 43 59 196 33 213 28 27 22
leaf_count=22 23 37 20 26 29 35 125 350 43 59 196 33 213 28 27 22
internal_value=-2.6638e-05 0.0281857 0.00501189 0.132167 -0.0444531 -0.00816481 0.00254842 0.00345801 0.0275018 -0.0467081 0.00584142 0.185615 -0.0710978 0.2964 -0.134215 -0.0442307
internal_weight=1288 288 265 74 191 1000 162 916 622 294 546 76 272 48 84 49
internal_count=1288 288 265 74 191 1000 162 916 622 294 546 76 272 48 84 49
cat_boundaries=0 1
cat_threshold=1080182984
is_linear=0
shrinkage=0.03


Tree=195
num_leaves=21
num_cat=1
split_feature=3 12 7 2 6 2 2 9 9 6 2 2 11 9 1 1 6 2 1 2
split_gain=332.915 623.876 2596.36 4832.45 7328.55 3189.03 2198.85 2068.17 1183.73 1943.59 1728.08 1238.48 1098.62 845.035 692.095 314.306 301.005 938.385 768.492 71.1605
threshold=1.0000000180025095e-35 0 1.0000000180025095e-35 -0.34499999999999992 1.0000000180025095e-35 -0.23499999999999996 -0.30499999999999994 1.0000000180025095e-35 1.0000000180025095e-35 1.0000000180025095e-35 0.59500000000000008 0.34500000000000003 5.5000000000000009 1.0000000180025095e-35 -0.23499999999999996 -1.4049999999999996 1.0000000180025095e-35 0.055000000000000007 -0.51999999999999991 -0.084999999999999978
decision_type=2 9 2 2 2 2 2 2 2 2 2 2 2 2 2 2 2 2 2 2
left_child=15 8 6 4 -4 -5 7 -3 9 12 11 -10 -2 -8 -11 -1 17 -17 -18 -20
right_child=1 2 3 5 -6 -7 13 -9 10 14 -12 -13 -14 -15 -16 16 18 -19 19 -21
leaf_value=-0.13626384783915754 -0.0013220727509418821 -0.062028053787621586 0.36396806723352465 -0.33578280905957486 0.0044531972316081206 0.010700877051229126 -0.080224589254896519 -0.36877119545972165 -0.073644894120120499 0.196481927291767 0.13684305185904871 -0.3143589440944583 -0.19163344555461537 0.13095396978546073 0.044277253559816668 -0.16290217208862307 0.16412778746287027 0.091065189953257394 -0.012381362252119112 -0.091555607282838153
leaf_weight=26 131 49 94 26 111 244 29 33 191 55 32 21 34 40 53 36 22 20 20 21
leaf_count=26 131 49 94 26 111 244 29 33 191 55 32 21 34 40 53 36 22 20 20 21
internal_value=-2.25024e-05 0.00541362 0.0253251 0.0601738 0.169803 -0.0232121 -0.0824437 -0.186997 -0.018817 0.0237125 -0.0671342 -0.0981869 -0.0410164 0.042216 0.122365 -0.0427661 -0.0218283 -0.0721432 0.0230648 -0.0536208
internal_weight=1288 1143 626 475 205 270 151 82 517 273 244 212 165 69 108 145 119 56 63 41
internal_count=1288 1143 626 475 205 270 151 82 517 273 244 212 165 69 108 145 119 56 63 41
cat_boundaries=0 1
cat_threshold=625501027
is_linear=0
shrinkage=0.03


Tree=196
num_leaves=17
num_cat=3
split_feature=11 0 2 12 0 12 4 11 0 9 2 11 12 2 6 2
split_gain=344.253 1955.35 2159.96 951.806 2145.5 2200.12 2968.96 1932.94 4012.88 2059.13 1928.59 2343.09 1306.34 1188.14 1145.59 841.334
threshold=7.5000000000000009 -0.024999999999999998 -0.99499999999999988 0 -0.15499999999999997 1 1.0000000180025095e-35 6.5000000000000009 -0.40499999999999997 1.0000000180025095e-35 0.35500000000000004 4.5000000000000009 2 0.46500000000000002 1.0000000180025095e-35 -0.65499999999999992
decision_type=2 2 2 9 2 9 2 2 2 2 2 2 9 2 2 2
left_child=3 2 -2 7 10 14 -7 9 15 12 11 -5 -1 -11 -6 -9
right_child=1 -3 -4 4 5 6 -8 8 -10 13 -12 -13 -14 -15 -16 -17
leaf_value=-0.14480705098099836 -0.079379899594841929 -0.14596930747032164 0.31285061390898117 0.1026773716160046 -0.11402378017967993 0.30032756636890712 0.011180191419414572 -0.14331556439954179 -0.45822813246752081 0.025689535130644744 -0.22444529992461201 -0.042933871335281433 0.0040220049293209405 0.221360940718315 0.084311424720405356 0.11146130901224474
leaf_weight=100 20 27 33 139 54 76 55 21 28 132 37 346 110 35 50 25
leaf_count=100 20 27 33 139 54 76 55 21 28 132 37 346 110 35 50 25
internal_value=-2.99756e-05 0.0600379 0.165424 -0.00403366 0.0165071 0.091898 0.166774 -0.0380214 -0.178504 -0.011246 -0.0171671 -0.00113304 -0.0736985 0.0672548 -0.0170617 -0.00507573
internal_weight=1288 80 53 1208 757 235 131 451 74 377 522 485 210 167 104 46
internal_count=1288 80 53 1208 757 235 131 451 74 377 522 485 210 167 104 46
cat_boundaries=0 1 2 3
cat_threshold=1713642546 548868 67375104
is_linear=0
shrinkage=0.03


Tree=197
num_leaves=8
num_cat=0
split_feature=2 2 0 1 2 5 1
split_gain=334.898 1906.52 1125.53 1460.81 1807.57 1073.84 1093.35
threshold=0.90500000000000014 0.80500000000000016 1.8550000000000002 1.1600000000000001 0.64500000000000013 1.0000000180025095e-35 0.12500000000000003
decision_type=2 2 2 2 2 2 2
left_child=1 2 3 4 -1 6 -2
right_child=5 -3 -4 -5 -6 -7 -8
leaf_value=0.0060063528310420429 -0.10846864363623829 0.2554640377737441 -0.16137683826917179 0.25450139456260495 -0.20582674974918364 -0.17594235565185545 0.20149968365925114
leaf_weight=1090 20 26 38 20 37 37 20
leaf_count=1090 20 26 38 20 37 37 20
internal_value=-6.38029e-05 0.00380148 -0.00182312 0.00352828 -0.00103377 -0.0605252 0.0470157
internal_weight=1288 1211 1185 1147 1127 77 40
internal_count=1288 1211 1185 1147 1127 77 40
is_linear=0
shrinkage=0.03


Tree=198
num_leaves=7
num_cat=1
split_feature=1 2 2 2 12 0
split_gain=343.086 849.727 1122.37 931.675 1204.39 1193.33
threshold=1.7300000000000002 1.2500000000000002 1.0800000000000003 0.6150000000000001 0 -0.014999999999999998
decision_type=2 2 2 2 9 2
left_child=1 2 3 4 -1 -5
right_child=-2 -3 -4 5 -6 -7
leaf_value=-0.083854611322344549 0.093266802321309628 -0.16456870784257588 0.21598068440237711 -0.25925228802209549 0.015789411577918834 -0.025265471739734677
leaf_weight=112 34 28 21 27 997 69
leaf_count=112 34 28 21 27 997 69
internal_value=-6.10514e-05 -0.00263003 0.00113154 -0.00269825 0.00507674 -0.0921076
internal_weight=1288 1254 1226 1205 1109 96
internal_count=1288 1254 1226 1205 1109 96
cat_boundaries=0 1
cat_threshold=1073875010
is_linear=0
shrinkage=0.03


Tree=199
num_leaves=14
num_cat=0
split_feature=1 0 0 2 0 2 1 2 1 1 1 0 2
split_gain=325.872 488.602 1955.68 1398.59 2035.28 1410.64 1191.32 1282.44 3381.04 1189.37 3383.22 1927.65 981.865
threshold=-2.5899999999999994 -2.1249999999999996 -2.3649999999999998 -0.70499999999999985 -2.8649999999999998 -0.81499999999999984 -1.0149999999999999 -0.41499999999999992 -1.2699999999999998 -0.53499999999999992 -0.35499999999999993 -1.6049999999999998 -0.54499999999999993
decision_type=2 2 2 2 2 2 2 2 2 2 2 2 2
left_child=-1 2 3 5 -5 -2 7 -3 -9 11 -11 -8 -4
right_child=1 6 12 4 -6 -7 9 8 -10 10 -12 -13 -14
leaf_value=0.11061191944873081 0.016690257168887036 -0.066407717821074685 -0.082161046544710792 -0.20524400432420811 0.081486745226873103 0.27098464611371353 0.099491279525756829 -0.023818437790384096 0.49359416338454842 0.22024070468408458 -0.0055356977398492886 -0.15455533104542038 -0.33826222033403353
leaf_weight=23 155 20 31 57 36 22 37 24 21 65 678 95 24
leaf_count=23 155 20 31 57 36 22 37 24 21 65 678 95 24
internal_value=-7.74879e-05 -0.0021353 -0.0338165 -0.000464971 -0.0943772 0.0489887 0.00882727 0.132235 0.220346 -0.000406986 0.0143467 -0.0832159 -0.196009
internal_weight=1288 1265 325 270 93 177 940 65 45 875 743 132 55
internal_count=1288 1265 325 270 93 177 940 65 45 875 743 132 55
is_linear=0
shrinkage=0.03


Tree=200
num_leaves=13
num_cat=0
split_feature=2 1 0 2 1 2 2 1 0 1 6 0
split_gain=331.969 1228.77 2250.45 1332.3 2983.96 2025.5 1178.21 864.55 1569.41 866.219 418.714 252.045
threshold=-0.94499999999999984 -2.2099999999999995 -3.3299999999999996 -0.40499999999999997 -1.4799999999999998 -0.23499999999999996 -1.1049999999999998 -1.8099999999999998 -3.1249999999999996 -0.83499999999999985 1.0000000180025095e-35 -3.6849999999999996
decision_type=2 2 2 2 2 2 2 2 2 2 2 2
left_child=6 -2 -3 4 -4 -5 7 -1 11 -10 -8 -9
right_child=1 2 3 5 -6 -7 10 8 9 -11 -12 -13
leaf_value=-0.14444264276404131 0.21308401370048521 -0.27059813628106744 0.41384575209094249 -0.12771740850474375 0.037484474157517197 0.01000260447040387 -0.21949531859017551 0.24996915438756043 -0.20148612432945068 0.014075900247250053 -0.066096480379933903 0.10381008994302085
leaf_weight=28 25 26 20 114 255 598 31 24 20 92 34 21
leaf_count=28 25 26 20 114 255 598 31 24 20 92 34 21
internal_value=-7.0238e-05 0.00740475 0.00222317 0.00954637 0.0655685 -0.012118 -0.0310712 0.00760701 0.0351157 -0.0251151 -0.140419 0.183718
internal_weight=1288 1038 1013 987 275 712 250 185 157 112 65 45
internal_count=1288 1038 1013 987 275 712 250 185 157 112 65 45
is_linear=0
shrinkage=0.03


Tree=201
num_leaves=7
num_cat=1
split_feature=1 2 2 2 0 12
split_gain=324.272 796.023 1059.59 890.807 1152.98 1144.76
threshold=1.7300000000000002 1.2500000000000002 1.0800000000000003 0.6150000000000001 -0.014999999999999998 0
decision_type=2 2 2 2 2 9
left_child=1 2 3 5 -5 -1
right_child=-2 -3 -4 4 -6 -7
leaf_value=-0.081745339169550901 0.090664870915205586 -0.15930325868255213 0.20982983087938886 -0.25436575286930257 -0.024372920520014042 0.015400719284565734
leaf_weight=112 34 28 21 27 69 997
leaf_count=112 34 28 21 27 69 997
internal_value=-6.78456e-05 -0.00256545 0.00107524 -0.00264584 -0.0900723 0.00495667
internal_weight=1288 1254 1226 1205 96 1109
internal_count=1288 1254 1226 1205 96 1109
cat_boundaries=0 1
cat_threshold=1073875010
is_linear=0
shrinkage=0.03


Tree=202
num_leaves=17
num_cat=1
split_feature=2 2 2 12 11 2 11 11 2 9 9 6 2 6 2 2
split_gain=316.874 1120.03 1110.98 868.684 2486.39 3240.58 1538.89 1017.64 673.194 1404.08 1216.15 680.892 409.581 394.208 378.608 328.31
threshold=-0.94499999999999984 -0.85499999999999987 -1.1049999999999998 0 6.5000000000000009 -0.5149999999999999 7.5000000000000009 4.5000000000000009 -1.2699999999999998 1.0000000180025095e-35 1.0000000180025095e-35 1.0000000180025095e-35 -0.14499999999999999 1.0000000180025095e-35 -1.4449999999999996 -1.1849999999999998
decision_type=2 2 2 9 2 2 2 2 2 2 2 2 2 2 2 2
left_child=2 -2 8 4 5 -3 7 -5 9 14 15 -11 -6 -4 -1 -10
right_child=1 3 13 6 12 -7 -8 -9 10 11 -12 -13 -14 -15 -16 -17
leaf_value=0.11219031461633472 0.17786527029969798 -0.20191093723927067 -0.21328462630652245 0.080038828972611831 -0.23846621934060125 0.054693377027929958 0.2045430443739589 -0.011291646127527654 -0.10909894352133682 -0.030432158421496953 0.23171652307008442 -0.24649615193221525 -0.10317934875952249 -0.064428693646970001 -0.038802603767273271 0.060729866440703231
leaf_weight=41 33 54 31 145 46 236 39 447 20 24 28 29 38 34 23 20
leaf_count=41 33 54 31 145 46 236 39 447 20 24 28 29 38 34 23 20
internal_value=-8.36322e-05 0.00721938 -0.0303716 0.00152744 -0.0341567 0.00663627 0.0228715 0.0111218 0.00718689 -0.0363931 0.0819322 -0.149911 -0.178273 -0.136554 0.0580006 -0.024409
internal_weight=1288 1038 250 1005 374 290 631 592 185 117 68 53 84 65 64 40
internal_count=1288 1038 250 1005 374 290 631 592 185 117 68 53 84 65 64 40
cat_boundaries=0 1
cat_threshold=1611023635
is_linear=0
shrinkage=0.03


Tree=203
num_leaves=20
num_cat=3
split_feature=3 12 9 1 12 1 12 9 1 1 1 2 2 1 1 11 2 2 2
split_gain=317.857 559.226 2231.8 4259.13 5189.24 2034.18 2036.42 1452.35 1415.31 3254.55 1150.11 1130.8 1952.38 991.298 305.88 392.767 262.639 458.835 276.791
threshold=1.0000000180025095e-35 0 1.0000000180025095e-35 1.5800000000000003 1 0.98000000000000009 2 1.0000000180025095e-35 -0.59499999999999986 -0.23499999999999996 -1.2249999999999999 -0.21499999999999997 -0.064999999999999988 -0.26499999999999996 -0.83499999999999985 4.5000000000000009 -0.30499999999999994 -0.61499999999999988 0.27500000000000008
decision_type=2 9 2 2 9 2 9 2 2 2 2 2 2 2 2 2 2 2 2
left_child=14 7 5 4 -4 6 -3 8 10 -10 -2 13 -13 -9 15 -1 17 -16 -18
right_child=1 2 3 -5 -6 -7 -8 11 9 -11 -12 12 -14 -15 16 -17 18 -19 -20
leaf_value=-0.026538836158405649 0.038493974685903612 -0.09241795317813703 -0.10222680731658097 0.49299855354937105 0.1320838817796684 -0.30523845971772007 0.063565093651707053 -0.22602397762251292 0.33686670525351609 0.0062727441558696941 -0.15039256610268742 0.24823752966592477 -0.070132724594137524 -0.043856726068438913 0.029510521922000613 -0.1991215231169102 0.084316024412279547 -0.16931578668733924 -0.051012780777613322
leaf_weight=27 63 139 126 20 221 23 142 60 36 101 53 21 89 49 21 21 34 20 22
leaf_count=27 63 139 126 20 221 23 142 60 36 101 53 21 89 49 21 21 34 20 22
internal_value=-8.51698e-05 0.00522656 0.0226427 0.0727345 0.0478287 -0.0370966 -0.0146352 -0.0195885 0.0289297 0.094075 -0.048057 -0.0764835 -0.00847757 -0.144734 -0.0418509 -0.10338 -0.0109988 -0.068277 0.0311171
internal_weight=1288 1143 671 367 347 304 281 472 253 137 116 219 110 109 145 48 97 41 56
internal_count=1288 1143 671 367 347 304 281 472 253 137 116 219 110 109 145 48 97 41 56
cat_boundaries=0 1 2 3
cat_threshold=625500963 1073775684 262288
is_linear=0
shrinkage=0.03


Tree=204
num_leaves=8
num_cat=0
split_feature=2 2 0 1 2 5 1
split_gain=321.354 1848.65 1099.96 1316.1 1623.1 1042.96 996.196
threshold=0.90500000000000014 0.80500000000000016 1.8550000000000002 1.1600000000000001 0.64500000000000013 1.0000000180025095e-35 0.12500000000000003
decision_type=2 2 2 2 2 2 2
left_child=1 2 3 4 -1 6 -2
right_child=5 -3 -4 -5 -6 -7 -8
leaf_value=0.0057964510546364353 -0.10176848298747367 0.25151692731088066 -0.15956562115310075 0.24167377157763736 -0.19493690659523008 -0.17305578243255615 0.19411797998009658
leaf_weight=1090 20 26 38 20 37 37 20
leaf_count=1090 20 26 38 20 37 37 20
internal_value=-8.24965e-05 0.00370378 -0.00183473 0.00345552 -0.000874593 -0.0593087 0.0466707
internal_weight=1288 1211 1185 1147 1127 77 40
internal_count=1288 1211 1185 1147 1127 77 40
is_linear=0
shrinkage=0.03


Tree=205
num_leaves=10
num_cat=1
split_feature=12 0 0 2 2 2 0 2 2
split_gain=304.04 1160.17 1193.35 579.078 2391.67 1185.06 1480.4 967.174 1545.44
threshold=0 -0.83499999999999985 -2.1249999999999996 0.90500000000000014 0.80500000000000016 1.1050000000000002 1.2550000000000001 0.72500000000000009 0.46500000000000002
decision_type=9 2 2 2 2 2 2 2 2
left_child=1 2 -1 4 7 -5 -7 8 -2
right_child=3 -3 -4 5 -6 6 -8 -9 -10
leaf_value=-0.090227532818283829 -0.0022361699756244268 -0.17942902050742621 0.16798521694894566 -0.24746965318796588 0.30299880531855988 0.20469544332783399 -0.12285431858471463 -0.18710401938823942 0.14217388742203477
leaf_weight=35 992 39 29 24 24 20 31 23 71
leaf_count=35 992 39 29 24 24 20 31 23 71
internal_value=-7.92086e-05 -0.0470041 0.0271238 0.00437465 0.00987804 -0.0759823 0.00627855 0.00326101 0.00746877
internal_weight=1288 103 64 1185 1110 75 51 1086 1063
internal_count=1288 103 64 1185 1110 75 51 1086 1063
cat_boundaries=0 1
cat_threshold=69208098
is_linear=0
shrinkage=0.03


Tree=206
num_leaves=10
num_cat=1
split_feature=1 12 0 0 0 0 0 0 1
split_gain=320.568 438.402 1393.33 3661.29 1194.7 971.759 1286.6 1725.4 1191.21
threshold=-2.5899999999999994 0 1.8550000000000002 1.2850000000000004 0.56000000000000016 3.0050000000000003 1.3400000000000003 0.7350000000000001 1.1350000000000002
decision_type=2 9 2 2 2 2 2 2 2
left_child=-1 2 3 4 -2 6 7 -3 -8
right_child=1 5 -4 -5 -6 -7 8 -9 -10
leaf_value=0.10970792940829663 -0.018786864916177894 0.004998954653751525 -0.26661612758403869 0.37820422082994037 -0.21631791359691296 0.21587787185354929 -0.23808034348466864 0.18713193840555623 0.025790552772175179
leaf_weight=23 422 642 20 20 29 20 35 50 27
leaf_count=23 422 642 20 20 29 20 35 50 27
internal_value=-7.70361e-05 -0.00211805 -0.0239966 -0.013925 -0.0317206 0.0119195 0.00652403 0.0182888 -0.123834
internal_weight=1288 1265 491 471 451 774 754 692 62
internal_count=1288 1265 491 471 451 774 754 692 62
cat_boundaries=0 1
cat_threshold=90614314
is_linear=0
shrinkage=0.03


Tree=207
num_leaves=20
num_cat=0
split_feature=3 7 1 1 2 11 0 2 1 0 1 2 2 1 1 0 0 0 9
split_gain=303.499 549.323 1391.31 6956.46 1730.23 1455.18 4001.22 1558.51 1170.75 2176.71 1724.61 2541.77 1054.14 962.39 287.307 392.647 266.613 429.257 286.294
threshold=1.0000000180025095e-35 1.0000000180025095e-35 -0.35499999999999993 -0.39999999999999997 -0.71499999999999986 6.5000000000000009 0.7350000000000001 -0.074999999999999997 -0.30999999999999994 -1.095 -0.93999999999999984 -0.46499999999999991 -0.25499999999999995 -0.60499999999999987 -0.83499999999999985 -3.4999999999999996 -0.52999999999999992 -0.024999999999999998 1.0000000180025095e-35
decision_type=2 2 2 2 2 2 2 2 2 2 2 2 2 2 2 2 2 2 2
left_child=14 8 3 4 -3 6 -4 -7 10 -10 11 -2 -11 -12 15 -1 18 -18 -16
right_child=1 2 5 -5 -6 7 -8 -9 9 12 13 -13 -14 -15 16 -17 17 -19 -20
leaf_value=-0.002627952076667963 -0.12524769501449648 0.11112549969778265 -0.038573732216840212 0.59868155500365461 -0.025917175927197146 0.0036964982082878335 0.22182606618054262 -0.16360308994054792 0.25516052328563121 -0.15344094283713236 -0.35815234734030327 0.20368800310354965 0.03203338015596302 -0.1047331952696941 0.096683870558011337 -0.17511131783398715 -0.16621116298582495 0.022064735488688689 -0.040664024170707254
leaf_weight=21 60 139 206 20 204 103 71 97 30 40 25 32 86 30 29 27 20 23 25
leaf_count=21 60 139 206 20 204 103 71 97 30 40 25 32 86 30 29 27 20 23 25
internal_value=-7.2398e-05 0.00511792 0.0176101 0.0618292 0.0296913 -0.0160641 0.02844 -0.0776345 -0.0294759 0.0277248 -0.0900873 -0.0103203 -0.0271974 -0.222167 -0.040884 -0.100517 -0.0109802 -0.0663404 0.0332521
internal_weight=1288 1143 840 363 343 477 277 200 303 156 147 92 126 55 145 48 97 43 54
internal_count=1288 1143 840 363 343 477 277 200 303 156 147 92 126 55 145 48 97 43 54
is_linear=0
shrinkage=0.03


Tree=208
num_leaves=14
num_cat=0
split_feature=2 1 2 1 11 1 7 2 1 1 1 2 6
split_gain=304.871 1151.81 1034.72 927.725 3613.66 2969.28 1583.24 1343.79 795.942 710.226 924.559 676.607 384.065
threshold=-0.94499999999999984 -2.2099999999999995 -1.1049999999999998 -1.3299999999999998 5.5000000000000009 -1.1649999999999998 1.0000000180025095e-35 -0.7649999999999999 -1.8099999999999998 -0.80499999999999994 -0.38499999999999995 -1.5699999999999998 1.0000000180025095e-35
decision_type=2 2 2 2 2 2 2 2 2 2 2 2 2
left_child=2 -2 8 4 6 -5 -3 -7 -1 11 -11 -10 -4
right_child=1 3 12 5 -6 7 -8 -9 9 10 -12 -13 -14
leaf_value=-0.13941847766073126 0.20622914583542767 -0.021687056592253385 -0.2079686434723082 0.28894964297671816 0.2052964559605247 0.13639745190085431 -0.30292359025530757 -0.0090204183519461446 -0.030035250672479957 -0.13719295304442106 0.053996635024705211 0.1815931625423661 -0.061110744859861295
leaf_weight=28 25 30 31 33 28 61 45 816 20 36 60 41 34
leaf_count=28 25 30 31 33 28 61 45 816 20 36 60 41 34
internal_value=-6.80745e-05 0.00709523 -0.0297769 0.0020785 -0.0830293 0.0117552 -0.191357 0.0011627 0.00647019 0.0328676 -0.0180077 0.112478 -0.132249
internal_weight=1288 1038 250 1013 103 910 75 877 185 157 96 61 65
internal_count=1288 1038 250 1013 103 910 75 877 185 157 96 61 65
is_linear=0
shrinkage=0.03


Tree=209
num_leaves=15
num_cat=1
split_feature=1 12 4 2 2 1 2 2 2 1 2 4 1 9
split_gain=301.159 1889.38 3766.66 3502.43 2605.65 1444.76 1420.74 2103.39 1164.07 1782.65 2084.45 1088.33 384.337 603.17
threshold=0.29000000000000009 0 1.0000000180025095e-35 0.21500000000000002 -0.19499999999999998 0.20500000000000004 1.0450000000000002 0.65500000000000014 0.55500000000000016 0.15500000000000003 0.43500000000000005 1.0000000180025095e-35 -0.14499999999999999 1.0000000180025095e-35
decision_type=2 9 2 2 2 2 2 2 2 2 2 2 2 2
left_child=5 2 3 -2 -4 8 7 11 9 10 -1 -3 13 -10
right_child=1 6 4 -5 -6 -7 -8 -9 12 -11 -12 -13 -14 -15
leaf_value=-0.0062216498536765046 -0.0047538026716650991 -0.16749621163068279 0.17069464293259839 0.49668226859818643 -0.19632367308855059 -0.19312284352354808 -0.25791814634647775 0.27525088866164044 -0.27767414374351501 0.25144383676097076 0.2802659649595301 0.016188790001311609 -0.030778382308447538 -0.061756400143398955
leaf_weight=835 20 46 32 33 37 36 23 20 22 26 23 77 33 25
leaf_count=835 20 46 32 33 37 36 23 20 22 26 23 77 33 25
internal_value=-6.42043e-05 0.0269375 0.111123 0.309129 -0.0260656 -0.00785327 -0.0393732 -0.00616933 -0.000834846 0.00910268 0.00161335 -0.0528821 -0.110056 -0.164746
internal_weight=1288 288 122 53 69 1000 166 143 964 884 858 123 80 47
internal_count=1288 288 122 53 69 1000 166 143 964 884 858 123 80 47
cat_boundaries=0 1
cat_threshold=540868
is_linear=0
shrinkage=0.03


Tree=210
num_leaves=16
num_cat=0
split_feature=2 2 0 0 2 2 2 0 2 2 0 2 5 0 0
split_gain=287.515 1226.67 916.404 2375.21 803.415 1383.51 1356.41 1240.63 1212.2 834.995 2857.53 2131.13 528.638 439.166 47.6257
threshold=-0.97499999999999987 -1.0449999999999997 -4.004999999999999 -3.6499999999999995 -0.71499999999999986 -0.78499999999999992 -0.85499999999999987 -2.0449999999999995 -0.65499999999999992 -0.40499999999999997 -2.9949999999999997 -0.23499999999999996 1.0000000180025095e-35 -1.345 -2.1049999999999995
decision_type=2 2 2 2 2 2 2 2 2 2 2 2 2 2 2
left_child=1 2 -1 -4 5 6 14 -8 12 10 -10 -11 -6 -5 -2
right_child=4 -3 3 13 8 -7 7 -9 9 11 -12 -13 -14 -15 -16
leaf_value=-0.13664628030776979 0.16113371450402017 -0.19806493186594834 0.3300533477765758 -0.038290424296006501 -0.055586170069376627 0.22785410217186072 -0.27049532960182016 0.056504576124796049 -0.23695910030730227 -0.1257480772642379 0.12233205769457517 0.013714273598454981 -0.26915483972502918 0.094275752803412355 0.09258085969289144
leaf_weight=37 21 33 20 123 22 38 21 20 23 117 131 613 20 27 22
leaf_count=37 21 33 20 123 22 38 21 20 23 117 131 613 20 27 22
internal_value=-5.89899e-05 -0.0296449 -0.00236832 0.0271543 0.00672446 0.0789267 0.0105697 -0.112152 -0.00282237 0.0046958 0.0680591 -0.00870458 -0.159326 -0.0141746 0.127596
internal_weight=1288 240 207 170 1048 122 84 41 926 884 154 730 42 150 43
internal_count=1288 240 207 170 1048 122 84 41 926 884 154 730 42 150 43
is_linear=0
shrinkage=0.03


Tree=211
num_leaves=10
num_cat=1
split_feature=1 12 2 5 1 0 0 1 0
split_gain=314.986 409.349 913.785 1976.02 708.265 905.431 1744.25 1073.12 573.241
threshold=-2.5899999999999994 0 -0.064999999999999988 1.0000000180025095e-35 1.7300000000000002 1.3400000000000003 1.1150000000000004 1.1350000000000002 -1.8049999999999999
decision_type=2 9 2 2 2 2 2 2 2
left_child=-1 2 3 8 5 6 -3 -7 -2
right_child=1 4 -4 -5 -6 7 -8 -9 -10
leaf_value=0.10876493438951514 -0.20947473119339854 0.0010252488962195824 -0.19366744177524858 0.2106479443802553 0.1413192502938784 -0.17662531598928932 0.26244033187500976 0.044534752164568217 0.0030581665678722099
leaf_weight=23 26 1023 32 25 32 53 23 31 20
leaf_count=23 26 1023 32 25 32 53 23 31 20
internal_value=-5.98567e-05 -0.00208305 -0.0564587 -0.00155056 0.00321446 -0.000726156 0.00689889 -0.0951906 -0.117965
internal_weight=1288 1265 103 71 1162 1130 1046 84 46
internal_count=1288 1265 103 71 1162 1130 1046 84 46
cat_boundaries=0 1
cat_threshold=67110922
is_linear=0
shrinkage=0.03


Tree=212
num_leaves=10
num_cat=1
split_feature=1 12 1 2 11 2 1 2 5
split_gain=296.746 389.532 643.969 1043.47 2293.76 1816.57 600.703 1539.67 998.414
threshold=-2.5899999999999994 0 1.8950000000000002 0.35500000000000004 4.5000000000000009 0.14500000000000005 0.15500000000000003 0.22500000000000003 1.0000000180025095e-35
decision_type=2 9 2 2 2 2 2 2 2
left_child=-1 6 3 5 -5 -3 7 8 -2
right_child=1 2 -4 4 -6 -7 -8 -9 -10
leaf_value=0.10557140785737083 -0.10764469918039575 0.0025783584703270397 0.16823463723271392 -0.27345067489963687 -0.011813395338277079 0.15026777935741903 -0.14680740968283121 0.21039028951969552 0.048613808320118836
leaf_weight=23 99 733 21 36 174 83 38 23 58
leaf_count=23 99 733 21 36 174 83 38 23 58
internal_value=-5.5477e-05 -0.00201929 0.00568628 0.00233142 -0.0572227 0.0176872 -0.0375127 -0.0161583 -0.0499285
internal_weight=1288 1265 1047 1026 210 816 218 180 157
internal_count=1288 1265 1047 1026 210 816 218 180 157
cat_boundaries=0 1
cat_threshold=84019242
is_linear=0
shrinkage=0.03


Tree=213
num_leaves=15
num_cat=1
split_feature=1 0 2 12 0 1 5 0 11 2 2 0 1 11
split_gain=279.565 394.112 1879.43 1213.56 4224.21 2231.16 1263.47 3120.34 2026.74 1078.28 3772.51 2165.31 1017.69 590.105
threshold=-2.5899999999999994 -2.1249999999999996 -0.41499999999999992 0 -0.11499999999999998 -0.38499999999999995 1.0000000180025095e-35 0.75500000000000012 4.5000000000000009 -0.78499999999999992 -0.67499999999999993 -3.8249999999999997 -1.5849999999999997 6.5000000000000009
decision_type=2 2 2 9 2 2 2 2 2 2 2 2 2 2
left_child=-1 2 9 4 5 -3 7 -5 -8 11 -11 -2 -4 -6
right_child=1 3 12 6 13 -7 8 -9 -10 10 -12 -13 -14 -15
leaf_value=0.10247165306324654 0.16711896062980997 0.031198089305390704 -0.043227107854322953 -0.0012634613758231712 -0.21782259779280805 0.40374577341502221 -0.31602784223556518 0.23718777938989491 -0.023977571180083902 0.43607806358780971 -0.033497114161832611 -0.084691747133592593 -0.29181843720621131 -0.0014557364304860431
leaf_weight=23 38 23 27 317 23 39 22 58 436 21 54 152 33 22
leaf_count=23 38 23 27 317 23 39 22 58 436 21 54 152 33 22
internal_value=-5.19031e-05 -0.00195809 -0.0304116 0.00788732 0.0980981 0.266946 -0.00486722 0.0358757 -0.0383421 0.00401384 0.0999614 -0.0340074 -0.181284 -0.113288
internal_weight=1288 1265 325 940 107 62 833 375 458 265 75 190 60 45
internal_count=1288 1265 325 940 107 62 833 375 458 265 75 190 60 45
cat_boundaries=0 1
cat_threshold=20480
is_linear=0
shrinkage=0.03


Tree=214
num_leaves=8
num_cat=0
split_feature=2 2 0 1 2 2 0
split_gain=281.99 1574.58 1056.38 1189.91 1494.23 647.132 1418.75
threshold=0.90500000000000014 0.80500000000000016 1.8550000000000002 1.1600000000000001 0.64500000000000013 1.1050000000000002 1.2550000000000001
decision_type=2 2 2 2 2 2 2
left_child=1 2 3 4 -1 -2 -7
right_child=5 -3 -4 -5 -6 6 -8
leaf_value=0.0058565162572563924 -0.17579569589866784 0.23220751461442912 -0.15618522704731333 0.23008368245566765 -0.18674344760894776 0.20107629360803744 -0.11958109301612491
leaf_weight=1090 26 26 38 20 37 20 31
leaf_count=1090 26 26 38 20 37 20 31
internal_value=-4.62486e-05 0.0035004 -0.00161094 0.0035733 -0.00054399 -0.0555268 0.00683999
internal_weight=1288 1211 1185 1147 1127 77 51
internal_count=1288 1211 1185 1147 1127 77 51
is_linear=0
shrinkage=0.03


Tree=215
num_leaves=14
num_cat=0
split_feature=2 1 0 2 1 2 2 1 0 1 1 1 6
split_gain=279.623 1070.66 2038.79 1184.58 2871.35 1748.97 928.193 769.23 1459.45 798.28 383.427 212.03 201.333
threshold=-0.94499999999999984 -2.2099999999999995 -3.3299999999999996 -0.40499999999999997 -1.4799999999999998 -0.23499999999999996 -1.1049999999999998 -1.8099999999999998 -3.1249999999999996 -0.83499999999999985 -0.32499999999999996 -1.2249999999999999 1.0000000180025095e-35
decision_type=2 2 2 2 2 2 2 2 2 2 2 2 2
left_child=6 -2 -3 4 -4 -5 7 -1 11 -10 12 -9 -8
right_child=1 2 3 5 -6 -7 10 8 9 -11 -12 -13 -14
leaf_value=-0.13758408661892541 0.19880684809825 -0.2576960107785351 0.40341028480122726 -0.11889729788248715 0.034230890106839905 0.0090766165615397878 -0.13400427174568177 0.24168430470625557 -0.19559618941749016 0.011344877166200328 -0.22986639697052713 0.10747935721087963 -0.0058774498784264851
leaf_weight=28 25 26 20 114 255 598 23 22 20 92 21 23 21
leaf_count=28 25 26 20 114 255 598 23 22 20 92 21 23 21
internal_value=-4.44319e-05 0.00681574 0.00197886 0.00894938 0.0617746 -0.0114784 -0.0284966 0.00583393 0.0317863 -0.0262873 -0.125551 0.175091 -0.0736734
internal_weight=1288 1038 1013 987 275 712 250 185 157 112 65 45 44
internal_count=1288 1038 1013 987 275 712 250 185 157 112 65 45 44
is_linear=0
shrinkage=0.03


Tree=216
num_leaves=14
num_cat=0
split_feature=1 1 2 4 6 1 1 1 2 1 2 0 2
split_gain=280.956 1902.39 1589.26 2548.59 3404.26 2499.08 1377.4 1351.61 1076.78 1673.02 1946.97 1197.1 537.828
threshold=0.29000000000000009 0.33500000000000008 0.65500000000000014 1.0000000180025095e-35 1.0000000180025095e-35 1.4700000000000002 0.47000000000000003 0.20500000000000004 0.55500000000000016 0.15500000000000003 0.43500000000000005 -0.014999999999999998 0.89500000000000013
decision_type=2 2 2 2 2 2 2 2 2 2 2 2 2
left_child=7 -2 5 4 -4 6 -3 8 9 10 -1 -10 -13
right_child=1 2 3 -5 -6 -7 -8 -9 11 -11 -12 12 -14
leaf_value=-0.0060487564850324358 0.28473263500091878 -0.15596562749862669 0.51093399116840765 -0.10381154941257678 -0.0022938035701183558 -0.29661986688840186 0.05124181117764507 -0.1867645904331991 -0.23607791011937904 0.24355006805526197 0.27082961595312077 0.11140251355054902 -0.094978102123036104
leaf_weight=835 23 37 23 28 23 29 125 36 35 26 23 20 25
leaf_count=835 23 37 23 28 23 29 125 36 35 26 23 20 25
internal_value=-4.38838e-05 0.0260363 0.00307821 0.12065 0.25699 -0.0426535 0.00356392 -0.00756724 -0.000778765 0.00877879 0.00152331 -0.105826 -0.00297121
internal_weight=1288 288 265 74 46 191 162 1000 964 884 858 80 45
internal_count=1288 288 265 74 46 191 162 1000 964 884 858 80 45
is_linear=0
shrinkage=0.03


Tree=217
num_leaves=17
num_cat=1
split_feature=11 1 1 12 1 6 2 1 2 5 2 2 1 2 2 2
split_gain=286.452 2105.07 1252.97 896.457 994.596 3018.76 4033.63 2580.66 1356.15 1214.95 739.734 2024.54 1261.19 831.593 1074.35 211.368
threshold=7.5000000000000009 -0.074999999999999997 0.47000000000000003 0 0.29000000000000009 1.0000000180025095e-35 0.59500000000000008 0.59000000000000008 0.56500000000000006 1.0000000180025095e-35 0.20500000000000004 0.85500000000000009 0.60500000000000009 -1.2149999999999996 -0.75499999999999989 0.80500000000000016
decision_type=2 2 2 9 2 2 2 2 2 2 2 2 2 2 2 2
left_child=3 -2 -3 10 8 6 -6 -7 9 -5 13 12 -12 -1 -15 -10
right_child=1 2 -4 4 5 7 -8 -9 15 -11 11 -13 -14 14 -16 -17
leaf_value=-0.1457079841773721 0.22337323550002214 -0.25651717406438618 0.061766386328911294 0.044607843312148586 0.044543591952905422 0.1375981544978182 0.45090760025770765 -0.20060679223913894 -0.21711295498685634 -0.042286289385176194 -0.11510309517022335 0.10940643556162996 -0.39748867631540058 0.1135806853450647 -0.032921397186193184 -0.092789637420137044
leaf_weight=39 36 20 24 359 61 35 34 47 23 242 49 26 20 59 185 29
leaf_count=39 36 20 24 359 61 35 34 47 23 242 49 26 20 59 185 29
internal_value=-3.80955e-05 0.0547552 -0.0840972 -0.00369043 0.013791 0.0769276 0.19161 -0.0562556 -0.0031528 0.0096078 -0.0413235 -0.114627 -0.199268 -0.0180047 0.00265084 -0.14938
internal_weight=1288 80 44 1208 830 177 95 82 653 601 378 95 69 283 244 52
internal_count=1288 80 44 1208 830 177 95 82 653 601 378 95 69 283 244 52
cat_boundaries=0 1
cat_threshold=1713388598
is_linear=0
shrinkage=0.03


Tree=218
num_leaves=14
num_cat=1
split_feature=1 12 0 7 0 0 5 1 1 1 0 0 11
split_gain=278.919 892.823 5400.86 1986.36 2368 1469.78 5198.17 3493.39 1527.81 1423.09 1322.89 1116.11 952.889
threshold=1.9100000000000001 0 0.42500000000000004 1.0000000180025095e-35 -1.7949999999999997 0.7350000000000001 1.0000000180025095e-35 0.60500000000000009 0.64500000000000013 -0.35499999999999993 1.385 0.56000000000000016 7.5000000000000009
decision_type=2 9 2 2 2 2 2 2 2 2 2 2 2
left_child=1 2 3 4 -1 11 7 -7 -8 -5 -4 12 -3
right_child=-2 5 10 9 -6 6 8 -9 -10 -11 -12 -13 -14
leaf_value=-0.36419535990322333 0.10710609949466794 -0.0046772412553561368 -0.53144787192926168 0.12449686296362625 0.059328410975138336 0.65877867242766586 -0.17246551181793213 0.11687116935405326 0.078267219625200543 -0.03759061483867833 -0.1962171026930517 -0.20209698225040826 0.13238182522832731
leaf_weight=25 21 777 20 104 22 20 37 23 52 91 24 24 48
leaf_count=25 21 777 20 104 22 20 37 23 52 91 24 24 48
internal_value=-4.06176e-05 -0.00186045 -0.04751 0.00666098 -0.167349 0.0118261 0.104876 0.373665 -0.0263176 0.048938 -0.352921 -0.0025514 0.00336882
internal_weight=1288 1267 286 242 47 981 132 43 89 195 44 849 825
internal_count=1288 1267 286 242 47 981 132 43 89 195 44 849 825
cat_boundaries=0 1
cat_threshold=1141245988
is_linear=0
shrinkage=0.03


Tree=219
num_leaves=8
num_cat=0
split_feature=2 2 0 1 2 5 1
split_gain=314.885 1432.58 926.241 1170.23 1333.41 825.383 808.675
threshold=0.90500000000000014 0.80500000000000016 1.8550000000000002 1.1600000000000001 0.64500000000000013 1.0000000180025095e-35 0.12500000000000003
decision_type=2 2 2 2 2 2 2
left_child=1 2 3 4 -1 6 -2
right_child=5 -3 -4 -5 -6 -7 -8
leaf_value=0.0056475134849403585 -0.097974581637033598 0.2218569121315794 -0.14591049515117296 0.22831381957560051 -0.1762930095863342 -0.15984202453613283 0.16857043124408255
leaf_weight=1090 20 26 38 20 37 37 20
leaf_count=1090 20 26 38 20 37 37 20
internal_value=-4.20241e-05 0.00370591 -0.00116954 0.00368458 -0.000398558 -0.0586692 0.0356596
internal_weight=1288 1211 1185 1147 1127 77 40
internal_count=1288 1211 1185 1147 1127 77 40
is_linear=0
shrinkage=0.03


Tree=220
num_leaves=11
num_cat=1
split_feature=2 2 12 2 9 2 11 1 5 1
split_gain=296.461 1349.5 1015.31 1896.75 1846.12 854.238 1810.6 1170.45 777.334 762.037
threshold=0.90500000000000014 0.80500000000000016 0 0.20500000000000004 1.0000000180025095e-35 0.14500000000000005 4.5000000000000009 -1.5849999999999997 1.0000000180025095e-35 0.12500000000000003
decision_type=2 2 9 2 2 2 2 2 2 2
left_child=1 2 3 4 -1 7 -7 -4 9 -2
right_child=8 -3 5 -5 -6 6 -8 -9 -10 -11
leaf_value=0.10848885544816267 -0.095107029973006837 0.2153267815697868 0.08487118565695416 -0.28927866981068595 -0.1420141177352415 -0.09519050137201944 0.11260704522577572 -0.018307733305228148 -0.15511070930480955 0.16363665473751907
leaf_weight=51 20 26 114 30 54 49 159 728 37 20
leaf_count=51 20 26 114 30 54 49 159 728 37 20
internal_value=-4.01757e-05 0.00359639 -0.0011355 -0.0754336 -0.0203753 0.00907729 0.0635295 -0.0042925 -0.0569264 0.0346138
internal_weight=1288 1211 1185 135 105 1050 208 842 77 40
internal_count=1288 1211 1185 135 105 1050 208 842 77 40
cat_boundaries=0 1
cat_threshold=1073743942
is_linear=0
shrinkage=0.03


Tree=221
num_leaves=10
num_cat=1
split_feature=2 2 12 0 2 0 0 1 0
split_gain=279.096 1271.25 956.11 2482.67 1392.04 1274.12 2427.66 614.557 607.03
threshold=0.90500000000000014 0.80500000000000016 0 -1.0000000180025095e-35 -0.20499999999999999 1.8550000000000002 0.7350000000000001 0.62000000000000011 0.87500000000000011
decision_type=2 2 9 2 2 2 2 2 2
left_child=1 2 3 4 -1 6 -4 8 -2
right_child=7 -3 5 -5 -6 -7 -8 -9 -10
leaf_value=-0.082294263453860025 -0.084089183837809472 0.2089888702518535 0.0017040828197958601 -0.29413190141865903 0.15255314129331837 -0.18217538198877553 0.18068798560025739 -0.14957729642287543 0.13930602676112477
leaf_weight=66 23 26 947 35 34 30 73 34 20
leaf_count=66 23 26 947 35 34 30 73 34 20
internal_value=-4.02525e-05 0.00348813 -0.00110445 -0.0732039 -0.00205458 0.00880607 0.0145989 -0.0552353 0.0201535
internal_weight=1288 1211 1185 135 100 1050 1020 77 43
internal_count=1288 1211 1185 135 100 1050 1020 77 43
cat_boundaries=0 1
cat_threshold=1073743942
is_linear=0
shrinkage=0.03


Tree=222
num_leaves=9
num_cat=1
split_feature=1 0 0 1 12 1 0 0
split_gain=296.219 622.67 1622.67 986.587 641.918 1138.43 889.463 590.692
threshold=1.7300000000000002 1.3400000000000003 1.1150000000000004 1.1350000000000002 0 -1.1649999999999998 -2.1249999999999996 1.8350000000000002
decision_type=2 2 2 2 9 2 2 2
left_child=1 2 4 7 5 -1 -6 -3
right_child=-2 3 -4 -5 6 -7 -8 -9
leaf_value=0.062746664611545544 0.08667894769751508 -0.23912085094268501 0.25019019008190074 0.047885683847510289 -0.035402501979202874 -0.062385593846517248 0.035198626765352389 -0.039269817108803604
leaf_weight=84 34 32 23 34 228 290 540 23
leaf_count=84 34 32 23 34 228 290 540 23
internal_value=-4.02444e-05 -0.00242748 0.0034268 -0.0786839 -0.00164773 -0.0333366 0.0140429 -0.156708
internal_weight=1288 1254 1165 89 1142 374 768 55
internal_count=1288 1254 1165 89 1142 374 768 55
cat_boundaries=0 1
cat_threshold=1140885739
is_linear=0
shrinkage=0.03


Tree=223
num_leaves=9
num_cat=1
split_feature=1 0 0 1 12 1 0 0
split_gain=278.954 586.487 1528.76 929.209 654.78 1093.46 842.187 556.24
threshold=1.7300000000000002 1.3400000000000003 1.1150000000000004 1.1350000000000002 0 -1.1649999999999998 -2.1249999999999996 1.8350000000000002
decision_type=2 2 2 2 9 2 2 2
left_child=1 2 4 7 5 -1 -6 -3
right_child=-2 3 -4 -5 6 -7 -8 -9
leaf_value=0.059746293375298777 0.084116265276203986 -0.23205758958963246 0.24284417992449819 0.046469931934190828 -0.033163358618281527 -0.05692409816114611 0.037409835911128418 -0.038116784684201502
leaf_weight=92 34 32 23 34 218 331 501 23
leaf_count=92 34 32 23 34 218 331 501 23
internal_value=-3.76574e-05 -0.00235435 0.00332722 -0.076362 -0.00159822 -0.0307746 0.0157805 -0.152083
internal_weight=1288 1254 1165 89 1142 423 719 55
internal_count=1288 1254 1165 89 1142 423 719 55
cat_boundaries=0 1
cat_threshold=1145219307
is_linear=0
shrinkage=0.03


Tree=224
num_leaves=14
num_cat=0
split_feature=3 2 2 0 1 1 2 1 0 0 11 2 2
split_gain=268.403 535.281 1399.97 5982.27 2915.44 1124.45 1506.87 672.188 285.045 416.958 402.03 617.276 486.493
threshold=1.0000000180025095e-35 0.89500000000000013 0.65500000000000014 1.2100000000000002 1.4700000000000002 0.77000000000000013 1.0800000000000003 0.54500000000000015 -2.0449999999999995 -3.4999999999999996 4.5000000000000009 0.065000000000000016 -0.13499999999999998
decision_type=2 2 2 2 2 2 2 2 2 2 2 2 2
left_child=8 2 4 -4 7 6 -3 -2 9 -1 12 -12 -10
right_child=1 5 3 -5 -6 -7 -8 -9 10 -11 11 -13 -14
leaf_value=-0.010520212761561076 0.0023708237251125015 -0.19440417822395883 -0.081729666442871093 0.53763524042765298 -0.30266256122589108 -0.23937854482689683 0.13405034518608683 0.086147638036318461 0.15115418508205009 -0.19669832621064298 -0.13573086101531981 0.063299876483281448 -0.049126646313725444
leaf_weight=22 886 20 37 22 27 24 32 95 23 21 37 22 20
leaf_count=22 886 20 37 22 27 24 32 95 23 21 37 22 20
internal_value=-3.51035e-05 0.00484576 0.0103396 0.151747 0.00198871 -0.0718095 0.0070162 0.0105266 -0.0384148 -0.102729 -0.0109037 -0.0615573 0.0584374
internal_weight=1288 1143 1067 59 1008 76 52 981 145 43 102 59 43
internal_count=1288 1143 1067 59 1008 76 52 981 145 43 102 59 43
is_linear=0
shrinkage=0.03


Tree=225
num_leaves=18
num_cat=2
split_feature=11 0 0 12 0 12 0 0 0 5 0 0 0 0 0 11 0
split_gain=256.582 1728.86 1767.22 873.372 1160.57 3330.53 3103.53 1833.4 1381.18 1382.41 1105.15 1781.96 1662.98 548.134 1100.18 436.709 122.846
threshold=7.5000000000000009 -0.29499999999999993 -1.345 0 -0.15499999999999997 1 1.5050000000000001 1.5050000000000001 -0.30499999999999994 1.0000000180025095e-35 -0.42499999999999993 -1.075 -0.82499999999999984 0.075000000000000025 1.155 4.5000000000000009 -0.14499999999999999
decision_type=2 2 2 9 2 9 2 2 2 2 2 2 2 2 2 2 2
left_child=3 2 -2 10 8 6 -6 -7 9 -5 11 15 -13 16 -15 -1 -12
right_child=1 -3 -4 4 5 7 -8 -9 -10 -11 13 12 -14 14 -16 -17 -18
leaf_value=-0.13104605584616191 -0.0053996630556443163 -0.11355410090489174 0.36085928804377709 0.035710231237487559 -0.1886724971811822 0.20099966937843358 0.16583553393437311 -0.037332926387786868 -0.22255447176717363 -0.058460566039328456 -0.1482837491268065 0.36085451309855393 0.005037051276156777 0.018260557738217439 -0.20460235846932254 -0.020076124199524453 -0.26225253358701378
leaf_weight=45 25 33 22 358 70 132 32 37 26 230 20 20 28 49 33 108 20
leaf_count=45 25 33 22 358 70 132 32 37 26 230 20 20 28 49 33 108 20
internal_value=-3.68625e-05 0.0518209 0.167971 -0.00349365 0.0119977 0.0637853 -0.0703001 0.140554 -0.0106928 -0.00113856 -0.0448847 -0.00296169 0.155548 -0.1173 -0.0720883 -0.0530544 -0.207876
internal_weight=1288 80 47 1208 885 271 102 169 614 588 323 201 48 122 82 153 40
internal_count=1288 80 47 1208 885 271 102 169 614 588 323 201 48 122 82 153 40
cat_boundaries=0 1 2
cat_threshold=1713380402 786436
is_linear=0
shrinkage=0.03


Tree=226
num_leaves=7
num_cat=0
split_feature=1 2 2 2 2 1
split_gain=309.877 780.433 990.568 866.655 947.322 691.326
threshold=1.7300000000000002 1.2500000000000002 1.0800000000000003 0.48500000000000004 0.17500000000000002 0.87500000000000011
decision_type=2 2 2 2 2 2
left_child=1 2 3 4 -1 -5
right_child=-2 -3 -4 5 -6 -7
leaf_value=-0.0037256362938184427 0.088657072751418403 -0.15767583109203137 0.20296490212373955 -0.10491971792221068 0.083700481174727198 0.071258358303381467
leaf_weight=943 34 28 21 112 126 24
leaf_count=943 34 28 21 112 126 24
internal_value=-3.88143e-05 -0.00248042 0.0011244 -0.00247338 0.00661054 -0.0736604
internal_weight=1288 1254 1226 1205 1069 136
internal_count=1288 1254 1226 1205 1069 136
is_linear=0
shrinkage=0.03


Tree=227
num_leaves=7
num_cat=1
split_feature=1 2 2 2 12 1
split_gain=291.81 735.131 933.345 815.522 1041.8 679.2
threshold=1.7300000000000002 1.2500000000000002 1.0800000000000003 0.48500000000000004 0 0.065000000000000016
decision_type=2 2 2 2 9 2
left_child=1 2 3 4 -1 -5
right_child=-2 -3 -4 5 -6 -7
leaf_value=-0.077322131266653785 0.086035902417224391 -0.15302854408715902 0.19701757112769194 -0.0012116847802664487 0.016591424282277476 -0.13525942366606705
leaf_weight=109 34 28 21 65 960 71
leaf_count=109 34 28 21 65 960 71
internal_value=-3.54122e-05 -0.00240484 0.00109372 -0.00239853 0.00641326 -0.0714536
internal_weight=1288 1254 1226 1205 1069 136
internal_count=1288 1254 1226 1205 1069 136
cat_boundaries=0 1
cat_threshold=1073875010
is_linear=0
shrinkage=0.03


Tree=228
num_leaves=14
num_cat=1
split_feature=1 12 0 0 5 1 1 0 9 1 1 0 0
split_gain=275.02 785.544 5004.78 1351.73 4763.05 3259.5 1420.02 1268.78 1110.41 3030.01 2620.43 1070.47 906.679
threshold=1.9100000000000001 0 0.42500000000000004 0.7350000000000001 1.0000000180025095e-35 0.60500000000000009 0.64500000000000013 1.385 1.0000000180025095e-35 -0.35499999999999993 -1.0299999999999998 0.47000000000000003 -0.044999999999999991
decision_type=2 9 2 2 2 2 2 2 2 2 2 2 2
left_child=1 2 8 11 5 -5 -6 -4 10 -10 -1 12 -3
right_child=-2 3 7 4 6 -7 -8 -9 9 -11 -12 -13 -14
leaf_value=-0.3172034140172994 0.10634588694017988 -0.00754544626975907 -0.5134671837294974 0.63263569980714374 -0.16652036926269531 0.10929301290309176 0.075205902249472489 -0.18548338508605958 0.22539074104260173 -0.091960872272453684 0.019675450625814921 -0.16670029322219931 0.090288210879953396
leaf_weight=26 21 731 20 20 37 23 52 24 58 50 96 34 96
leaf_count=26 21 731 20 20 37 23 52 24 58 50 96 34 96
internal_value=-4.92719e-05 -0.00185635 -0.0458323 0.0106461 0.0999563 0.357251 -0.0256224 -0.338729 0.00881182 0.0786943 -0.0530956 -0.00296906 0.00385537
internal_weight=1288 1267 274 993 132 43 89 44 230 108 122 861 827
internal_count=1288 1267 274 993 132 43 89 44 230 108 122 861 827
cat_boundaries=0 1
cat_threshold=1141123108
is_linear=0
shrinkage=0.03


Tree=229
num_leaves=7
num_cat=0
split_feature=1 2 2 2 2 1
split_gain=263.995 725.851 866.341 768.4 905.638 663.526
threshold=1.7300000000000002 1.2500000000000002 1.0800000000000003 0.48500000000000004 0.17500000000000002 0.87500000000000011
decision_type=2 2 2 2 2 2
left_child=1 2 3 4 -1 -5
right_child=-2 -3 -4 5 -6 -7
leaf_value=-0.003744676470780221 0.08181644991169805 -0.15197383619609631 0.18993291697391246 -0.099852825918197621 0.081736281552215795 0.072718050022514497
leaf_weight=943 34 28 21 112 126 24
leaf_count=943 34 28 21 112 126 24
internal_value=-4.99359e-05 -0.00230371 0.00117264 -0.00219188 0.00636142 -0.0692223
internal_weight=1288 1254 1226 1205 1069 136
internal_count=1288 1254 1226 1205 1069 136
is_linear=0
shrinkage=0.03


Tree=230
num_leaves=12
num_cat=1
split_feature=0 2 2 0 11 12 2 2 0 0 0
split_gain=268.974 1835.32 3127.23 1115.27 4576.42 650.635 869.09 1627.12 645.146 2524.42 1959.33
threshold=1.7450000000000003 0.6150000000000001 1.0450000000000002 1.2850000000000004 5.5000000000000009 0 0.15500000000000003 -0.34499999999999992 0.7350000000000001 0.47000000000000003 0.90500000000000014
decision_type=2 2 2 2 2 9 2 2 2 2 2
left_child=3 -2 -3 5 -5 6 7 -1 9 -7 -10
right_child=1 2 -4 4 -6 8 -8 -9 10 -11 -12
leaf_value=-0.13606388933841998 -0.2237121155582257 0.34802929509558334 -0.13450171381134096 -0.16238397113666977 0.45047293260892229 0.0099225191443320215 -0.2432115461992663 0.1062389999381427 0.30694178627948376 -0.23789345327445435 -0.04653591190167327
leaf_weight=58 33 20 29 21 22 946 21 43 24 38 33
leaf_count=58 33 20 29 21 22 946 21 43 24 38 33
internal_value=-4.63115e-05 -0.0524552 0.0639152 0.00353492 0.152676 -0.00203997 -0.0646595 -0.0328605 0.00588767 0.000233384 0.103619
internal_weight=1288 82 49 1206 43 1163 122 101 1041 984 57
internal_count=1288 82 49 1206 43 1163 122 101 1041 984 57
cat_boundaries=0 1
cat_threshold=1073743946
is_linear=0
shrinkage=0.03


Tree=231
num_leaves=7
num_cat=1
split_feature=1 2 2 2 12 1
split_gain=265.37 661.74 826.894 736.859 961.568 648.778
threshold=1.7300000000000002 1.2500000000000002 1.0800000000000003 0.48500000000000004 0 0.065000000000000016
decision_type=2 2 2 2 9 2
left_child=1 2 3 4 -1 -5
right_child=-2 -3 -4 5 -6 -7
leaf_value=-0.074340427653560068 0.082034809506457779 -0.14521162684967645 0.18542795106976531 0.00063307654948634954 0.015883478300441546 -0.1302724970070632
leaf_weight=109 34 28 21 65 960 71
leaf_count=109 34 28 21 65 960 71
internal_value=-4.45572e-05 -0.0023042 0.00101502 -0.00227191 0.00610401 -0.0679122
internal_weight=1288 1254 1226 1205 1069 136
internal_count=1288 1254 1226 1205 1069 136
cat_boundaries=0 1
cat_threshold=1073875010
is_linear=0
shrinkage=0.03


Tree=232
num_leaves=9
num_cat=0
split_feature=1 1 11 1 2 1 2 1
split_gain=258.63 378.325 1094.26 1051.48 3261.67 1214.09 2042.8 1403.96
threshold=-2.5899999999999994 -1.8849999999999996 4.5000000000000009 -1.5849999999999997 -0.67499999999999993 -1.3299999999999998 -0.8849999999999999 -1.1649999999999998
decision_type=2 2 2 2 2 2 2 2
left_child=-1 2 -2 4 -3 6 -5 -7
right_child=1 3 -4 5 -6 7 -8 -9
leaf_value=0.098552525479742831 -0.24011484864552812 0.425463780410406 0.029148009466088334 0.12241740970971973 -0.075231869225068526 0.15520785244532992 -0.22740258673866193 -0.0037986810149955538
leaf_weight=23 22 20 34 21 27 52 50 1039
leaf_count=23 22 20 34 21 27 52 50 1039
internal_value=-5.74585e-05 -0.00189097 -0.0777695 0.00165189 0.140003 -0.00399929 -0.12376 0.00384488
internal_weight=1288 1265 56 1209 47 1162 71 1091
internal_count=1288 1265 56 1209 47 1162 71 1091
is_linear=0
shrinkage=0.03


Tree=233
num_leaves=12
num_cat=1
split_feature=0 4 0 11 0 12 0 0 4 11 0
split_gain=246.425 1736.59 1069.79 4282.54 932.2 623.286 5429.06 2969.99 2945 1094.29 1038.73
threshold=1.7450000000000003 1.0000000180025095e-35 1.2850000000000004 5.5000000000000009 2.3250000000000006 0 0.42500000000000004 0.7350000000000001 1.0000000180025095e-35 3.5000000000000004 0.47000000000000003
decision_type=2 2 2 2 2 9 2 2 2 2 2
left_child=2 4 5 -4 -2 6 9 10 -9 -1 -7
right_child=1 -3 3 -5 -6 7 -8 8 -10 -11 -12
leaf_value=-0.18809421851529795 -0.058673654044546726 -0.18721620739511693 -0.15535841465550798 0.43751094868977858 0.2246243506101675 0.006591417542579186 -0.39258967951069701 0.47221626201941036 -0.01783419182242417 0.015761335730552675 -0.17515606492656771
leaf_weight=25 20 41 21 22 21 696 34 24 20 335 29
leaf_count=25 20 41 21 22 21 696 34 24 20 335 29
internal_value=-5.22864e-05 -0.0502165 0.00337546 0.149443 0.087316 -0.00208449 -0.032269 0.0136299 0.251701 0.00135513 -0.00079005
internal_weight=1288 82 1206 43 41 1163 394 769 44 360 725
internal_count=1288 82 1206 43 41 1163 394 769 44 360 725
cat_boundaries=0 1
cat_threshold=1141124207
is_linear=0
shrinkage=0.03


Tree=234
num_leaves=15
num_cat=0
split_feature=2 1 2 1 11 1 7 2 1 1 5 1 1 6
split_gain=275.562 981.299 893.123 804.317 3412.41 2682.99 1546.52 1162.02 765.256 642.568 896.809 860.494 363.442 201.556
threshold=-0.94499999999999984 -2.2099999999999995 -1.1049999999999998 -1.3299999999999998 5.5000000000000009 -1.1649999999999998 1.0000000180025095e-35 -0.7649999999999999 -1.8099999999999998 -0.7599999999999999 1.0000000180025095e-35 -0.38499999999999995 -0.32499999999999996 1.0000000180025095e-35
decision_type=2 2 2 2 2 2 2 2 2 2 2 2 2 2
left_child=2 -2 8 4 6 -5 -3 -7 -1 10 -10 -11 13 -4
right_child=1 3 12 5 -6 7 -8 -9 9 11 -12 -13 -14 -15
leaf_value=-0.13766547870635987 0.19056406234292425 -0.01482569050007179 -0.13333009386823533 0.27463135724992893 0.20303472948074341 0.1268259785349776 -0.29265690558821289 -0.0083996952712554109 0.22618439894005402 -0.13496406278266035 -0.0013429123376732441 0.051095986153961215 -0.2250761997200722 -0.0051527321394099742
leaf_weight=28 25 30 23 33 28 61 45 816 29 35 33 60 21 21
leaf_count=28 25 30 23 33 28 61 45 816 29 35 33 60 21 21
internal_value=-5.09994e-05 0.00675917 -0.0282958 0.00212828 -0.0771167 0.0111385 -0.182398 0.00106945 0.00538043 0.0312669 0.105991 -0.0177688 -0.123499 -0.0729672
internal_weight=1288 1038 250 1013 103 910 75 877 185 157 62 95 65 44
internal_count=1288 1038 250 1013 103 910 75 877 185 157 62 95 65 44
is_linear=0
shrinkage=0.03


Tree=235
num_leaves=15
num_cat=1
split_feature=2 12 7 1 2 2 1 5 1 11 1 9 2 6
split_gain=275.217 472.525 2371.15 3796.66 4794.27 2674.83 3283.02 2576.35 997.875 2484.31 2065.27 3652.78 921.489 469.796
threshold=-1.595 0 1.0000000180025095e-35 1.2050000000000003 -0.39499999999999996 -0.56499999999999984 -0.96999999999999986 1.0000000180025095e-35 0.89000000000000012 5.5000000000000009 0.38000000000000006 1.0000000180025095e-35 0.31500000000000006 1.0000000180025095e-35
decision_type=2 9 2 2 2 2 2 2 2 2 2 2 2 2
left_child=13 8 5 4 -4 7 -7 -3 10 -10 12 -12 -2 -1
right_child=1 2 3 -5 -6 6 -8 -9 9 -11 11 -13 -14 -15
leaf_value=0.027825640125972464 -0.0075963073069591951 -0.41324010308339038 0.16140062849477346 0.42483288918709261 -0.056815297106276412 0.32279547885242771 -0.075614319572141098 -0.016293042208931664 0.1309472744115969 -0.28251478693583237 -0.065497038869972699 0.33069397984112003 -0.11364723042215619 -0.17347123047501542
leaf_weight=20 470 32 161 24 206 24 77 27 20 36 41 42 87 21
leaf_count=20 470 32 161 24 206 24 77 27 20 36 41 42 87 21
internal_value=-4.82257e-05 0.00247781 0.0229853 0.0631986 0.0389955 -0.0737257 0.0201515 -0.2333 -0.0138885 -0.134945 -0.00341113 0.135729 -0.0242533 -0.0760532
internal_weight=1288 1247 551 391 367 160 101 59 696 56 640 83 557 41
internal_count=1288 1247 551 391 367 160 101 59 696 56 640 83 557 41
cat_boundaries=0 1
cat_threshold=604563642
is_linear=0
shrinkage=0.03


Tree=236
num_leaves=11
num_cat=0
split_feature=2 1 0 1 0 2 1 2 1 2
split_gain=267.347 1752.05 2161.59 1243.32 1788.2 1113.7 983.753 921.404 2957.57 1909.86
threshold=-0.97499999999999987 -2.2099999999999995 -3.3299999999999996 -2.1549999999999998 -3.8249999999999997 -1.0449999999999997 -1.1499999999999997 -0.39499999999999996 -1.5249999999999997 -0.23499999999999996
decision_type=2 2 2 2 2 2 2 2 2 2
left_child=3 -2 -3 -1 -5 6 -6 8 -4 -9
right_child=1 2 7 4 5 -7 -8 9 -10 -11
leaf_value=-0.2409003370920817 0.24279264868822964 -0.24862743864684805 0.40020172903305146 0.21958620247542857 -0.16107994159616407 -0.20534102069940724 0.028025835824783314 -0.12910990828931615 0.026288542826177902 0.0098879851821744649
leaf_weight=22 27 30 20 27 30 30 131 104 269 598
leaf_count=22 27 30 20 27 30 30 131 104 269 598
internal_value=-4.46617e-05 0.00649645 0.000128962 -0.0285741 -0.00663076 -0.0391146 -0.0075823 0.00778404 0.0528218 -0.0107773
internal_weight=1288 1048 1021 240 218 191 161 991 289 702
internal_count=1288 1048 1021 240 218 191 161 991 289 702
is_linear=0
shrinkage=0.03


Tree=237
num_leaves=20
num_cat=0
split_feature=1 1 4 11 1 1 4 1 1 1 11 11 1 11 0 1 0 6 1
split_gain=255.932 2904.21 5880.77 1727.14 2692.09 1435.46 1650.61 1418.67 2441.5 1245.8 868.869 650.399 1270.08 1060.14 951.663 461.246 326.119 767.541 262.85
threshold=-0.53499999999999992 -0.35499999999999993 1.0000000180025095e-35 6.5000000000000009 1.6350000000000002 -0.7599999999999999 1.0000000180025095e-35 1.4700000000000002 0.51500000000000012 0.60500000000000009 6.5000000000000009 3.5000000000000004 -0.86499999999999988 4.5000000000000009 -1.7949999999999997 -1.4049999999999996 -0.7649999999999999 1.0000000180025095e-35 -0.46499999999999991
decision_type=2 2 2 2 2 2 2 2 2 2 2 2 2 2 2 2 2 2 2
left_child=5 2 18 4 9 11 16 8 -5 -3 -8 15 13 -13 -14 -1 17 -7 -2
right_child=1 3 -4 7 -6 6 10 -9 -10 -11 -12 12 14 -15 -16 -17 -18 -19 -20
leaf_value=-0.0072754453870485418 0.018067817461199877 0.03029725459646505 0.45567719654560085 -0.12203364094177807 0.35869786405563353 -0.19516470517908655 -0.38695417184829711 -0.30002766612235532 0.11303020728583885 -0.096162279601682679 -0.11450270328965298 0.093910143022396544 0.29234665733225201 -0.033211893195290595 0.025453560484216566 -0.19306242695649464 0.082801284068968237 0.058894347451751428 -0.13089177023569742
leaf_weight=26 20 389 37 134 20 20 22 23 56 85 21 80 25 221 23 22 20 22 22
leaf_count=26 20 389 37 134 20 20 22 23 56 85 21 80 25 221 23 22 20 22 22
internal_value=-4.38599e-05 0.0106389 0.182556 -0.00868234 0.0221076 -0.0167701 -0.115134 -0.0799905 -0.0526211 0.00753616 -0.256811 0.00935 0.0236318 0.000664452 0.166103 -0.0936021 -0.0155572 -0.0628883 -0.06051
internal_weight=1288 786 79 707 494 502 105 213 190 474 43 397 349 301 48 48 62 42 42
internal_count=1288 786 79 707 494 502 105 213 190 474 43 397 349 301 48 48 62 42 42
is_linear=0
shrinkage=0.03


Tree=238
num_leaves=12
num_cat=2
split_feature=1 0 0 12 0 0 12 1 1 0 0
split_gain=248.768 382.154 1775.87 1149.31 1358.35 1094.29 960.233 1451.47 1437.28 677.75 542.485
threshold=-2.5899999999999994 -2.1249999999999996 -2.3649999999999998 0 -4.1149999999999993 -2.0149999999999992 1 0.03500000000000001 -0.084999999999999978 -2.2649999999999992 -3.3049999999999993
decision_type=2 2 2 9 2 2 9 2 2 2 2
left_child=-1 2 3 10 -5 -3 8 -8 -7 -4 -2
right_child=1 5 9 4 -6 6 7 -9 -10 -11 -12
leaf_value=0.096668599240323325 -0.17418584985602392 0.19790101049531181 -0.29444090839714371 -0.16618061670859657 0.084055270393764731 0.031315796314383582 -0.015056667079096255 0.094159131752285269 -0.073936791900861054 -0.082354059364836099 -0.028893758438700852
leaf_weight=23 36 26 26 22 148 208 241 200 265 29 64
leaf_count=23 36 26 26 22 148 208 241 200 265 29 64
internal_value=-4.30586e-05 -0.00184132 -0.02986 0.00189543 0.0484218 0.00785351 0.00233881 0.0337535 -0.0270897 -0.184417 -0.0744292
internal_weight=1288 1265 325 270 170 940 914 441 473 55 100
internal_count=1288 1265 325 270 170 940 914 441 473 55 100
cat_boundaries=0 1 2
cat_threshold=84426752 19702810
is_linear=0
shrinkage=0.03


Tree=239
num_leaves=11
num_cat=1
split_feature=2 1 1 2 0 2 2 0 12 0
split_gain=254.926 2057.68 1901.99 1781.87 1543 1248.95 1491.91 2410.36 755.692 698.201
threshold=0.46500000000000002 1.5050000000000001 1.4700000000000002 0.55500000000000016 -0.094999999999999987 0.36500000000000005 0.17500000000000002 0.23500000000000001 0 1.9550000000000003
decision_type=2 2 2 2 2 2 2 2 9 2
left_child=2 3 5 -2 -5 6 8 -8 -1 -6
right_child=1 -3 -4 4 9 -7 7 -9 -10 -11
leaf_value=-0.051447695558296744 0.23609042045291587 0.3083177885122077 -0.26185614799050727 -0.21963257658303673 -0.02512934843425093 -0.16971051446914673 -0.0017659247358246604 0.33002283923809339 0.010859952633879613 0.15330422816714462
leaf_weight=220 24 21 25 33 101 37 50 32 721 24
leaf_count=220 24 21 25 33 101 37 50 32 721 24
internal_value=-4.5689e-05 0.030765 -0.00582455 -0.00200083 -0.0388162 0.000331712 0.00656466 0.128892 -0.00415469 0.00958028
internal_weight=1288 203 1085 182 158 1060 1023 82 941 125
internal_count=1288 203 1085 182 158 1060 1023 82 941 125
cat_boundaries=0 1
cat_threshold=1092751371
is_linear=0
shrinkage=0.03


Tree=240
num_leaves=15
num_cat=1
split_feature=2 6 12 7 1 2 2 1 5 1 1 11 5 2
split_gain=250.99 443.428 431.172 2235.26 3508.93 4519.25 2484.43 3046.16 2430.63 944.818 1954.85 1285.38 1250.06 543.183
threshold=-1.595 1.0000000180025095e-35 0 1.0000000180025095e-35 1.2050000000000003 -0.39499999999999996 -0.56499999999999984 -0.96999999999999986 1.0000000180025095e-35 -1.3299999999999998 -1.1649999999999998 5.5000000000000009 1.0000000180025095e-35 -0.54499999999999993
decision_type=2 2 9 2 2 2 2 2 2 2 2 2 2 2
left_child=1 -1 9 6 5 -5 8 -8 -4 11 -11 13 -12 -2
right_child=2 -3 3 4 -6 -7 7 -9 -10 10 12 -13 -14 -15
leaf_value=0.028259666169016824 -0.11673060577536283 -0.16728304505729397 -0.40051926240921015 0.15656370409898712 0.40865159295529729 -0.055300658690907757 0.31005104887728785 -0.073716545564128502 -0.014975008340315385 0.23432864775813994 0.036765562183967641 0.037830569077844482 -0.052218551700589387 -0.31048578969822371
leaf_weight=20 36 21 32 161 24 206 24 77 27 30 258 36 315 21
leaf_count=20 36 21 32 161 24 206 24 77 27 30 258 36 315 21
internal_value=-5.01698e-05 -0.0726328 0.00236202 0.0219518 0.0609896 0.037721 -0.0719531 0.0185243 -0.225743 -0.0132715 0.00029158 -0.102196 -0.0121501 -0.190245
internal_weight=1288 41 1247 551 391 367 160 101 59 696 603 93 573 57
internal_count=1288 41 1247 551 391 367 160 101 59 696 603 93 573 57
cat_boundaries=0 1
cat_threshold=604563642
is_linear=0
shrinkage=0.03


Tree=241
num_leaves=12
num_cat=1
split_feature=0 2 2 0 11 12 2 2 0 0 0
split_gain=286.942 1638.62 3022.31 1020.41 4018.88 589.284 752.367 1619.99 570.95 2222.38 1788.45
threshold=1.7450000000000003 0.6150000000000001 1.0450000000000002 1.2850000000000004 5.5000000000000009 0 0.15500000000000003 -0.34499999999999992 0.7350000000000001 0.47000000000000003 0.90500000000000014
decision_type=2 2 2 2 2 9 2 2 2 2 2
left_child=3 -2 -3 5 -5 6 7 -1 9 -7 -10
right_child=1 2 -4 4 -6 8 -8 -9 10 -11 -12
leaf_value=-0.13475624324113894 -0.21598372756901071 0.33516986309609764 -0.139163963374445 -0.14898577030869417 0.42535815107027686 0.0096324700255732143 -0.22750757786285045 0.10701361045344122 0.29206014738277514 -0.22288581649997788 -0.04563831730031255
leaf_weight=58 33 20 29 21 22 946 21 43 24 38 33
leaf_count=58 33 20 29 21 22 946 21 43 24 38 33
internal_value=-4.84187e-05 -0.0541795 0.055811 0.00365058 0.146307 -0.00168194 -0.0612797 -0.0317749 0.00585794 0.000541421 0.0978016
internal_weight=1288 82 49 1206 43 1163 122 101 1041 984 57
internal_count=1288 82 49 1206 43 1163 122 101 1041 984 57
cat_boundaries=0 1
cat_threshold=1073743946
is_linear=0
shrinkage=0.03


Tree=242
num_leaves=11
num_cat=1
split_feature=0 2 0 0 11 1 1 4 12 1
split_gain=270.024 1550.94 2591.66 961.387 3786.66 941.293 3277.85 1498.62 987.407 606.019
threshold=1.7450000000000003 0.64500000000000013 2.6300000000000003 1.2850000000000004 5.5000000000000009 0.60500000000000009 0.51500000000000012 1.0000000180025095e-35 0 0.78500000000000014
decision_type=2 2 2 2 2 2 2 2 9 2
left_child=3 -2 -3 5 -5 6 8 -7 -1 -9
right_child=1 2 -4 4 -6 7 -8 9 -10 -11
leaf_value=-0.057589468431061927 -0.20234135896723035 -0.16583471671571123 0.27527424824967678 -0.144620128570601 0.41288098537127177 -0.29680657219400208 0.35597950324606387 -0.13970457109590859 0.012604259956034385 0.068592812812328346
leaf_weight=218 35 23 24 21 22 24 23 20 846 32
leaf_count=218 35 23 24 21 22 24 23 20 846 32
internal_value=-4.6636e-05 -0.0525578 0.0598759 0.00354159 0.142011 -0.00163435 0.00551896 -0.103352 -0.00221761 -0.0120319
internal_weight=1288 82 47 1206 43 1163 1087 76 1064 52
internal_count=1288 82 47 1206 43 1163 1087 76 1064 52
cat_boundaries=0 1
cat_threshold=1080035528
is_linear=0
shrinkage=0.03


Tree=243
num_leaves=9
num_cat=0
split_feature=0 4 1 1 0 0 0 1
split_gain=254.143 1509.82 983.23 948.132 1226.59 2906.24 817.1 421.08
threshold=1.7450000000000003 1.0000000180025095e-35 1.2350000000000001 1.1600000000000001 1.4350000000000003 1.2100000000000002 0.47000000000000003 1.6800000000000002
decision_type=2 2 2 2 2 2 2 2
left_child=3 2 -2 4 5 6 -1 -3
right_child=1 7 -4 -5 -6 -7 -8 -9
leaf_value=0.0052066145238525239 -0.072437228086518077 -0.077108145754511762 0.21835842701446179 0.20570884173090864 -0.21946315116882326 0.35821117840743649 -0.089203348757168427 -0.27131879671229875
leaf_weight=1055 20 20 21 20 22 20 89 21
leaf_count=1055 20 20 21 20 22 20 89 21
internal_value=-5.43319e-05 -0.0509979 0.0772709 0.00342671 -6.71806e-05 0.00416935 -0.00217136 -0.178725
internal_weight=1288 82 41 1206 1186 1164 1144 41
internal_count=1288 82 41 1206 1186 1164 1144 41
is_linear=0
shrinkage=0.03


Tree=244
num_leaves=17
num_cat=1
split_feature=2 2 0 0 12 11 11 11 0 0 4 0 0 0 9 0
split_gain=255.771 1034.06 883.335 2048.33 677.14 1607.82 1267.46 3178.47 3389.67 1407.07 963.669 1392.46 1346.23 948.515 865.024 376.626
threshold=-0.97499999999999987 -1.0449999999999997 -4.004999999999999 -3.6499999999999995 0 7.5000000000000009 6.5000000000000009 5.5000000000000009 -0.12499999999999999 -3.1249999999999996 1.0000000180025095e-35 1.5050000000000001 1.9350000000000003 0.47000000000000003 1.0000000180025095e-35 -2.8349999999999995
decision_type=2 2 2 2 9 2 2 2 2 2 2 2 2 2 2 2
left_child=1 2 -1 -4 6 10 7 9 -9 -2 12 -12 -6 14 -8 -5
right_child=4 -3 3 15 5 -7 13 8 -10 -11 11 -13 -14 -15 -16 -17
leaf_value=-0.13474191347479822 -0.29138649565999103 -0.18259102090881832 0.30735991035147409 0.070143050308227539 0.030063462186201116 0.22029687410674681 -0.18792265894373908 0.0065183499927520755 0.35951239861382372 -0.031264401870543135 -0.0056777697124111813 -0.23166354790486787 0.28049373659273469 -0.2720204047175015 0.013872439742088316 -0.039518044489595859
leaf_weight=37 20 33 20 37 341 36 30 62 40 218 177 28 20 25 51 113
leaf_count=37 20 33 20 37 341 36 30 62 40 218 177 28 20 25 51 113
internal_value=-5.20284e-05 -0.0279571 -0.00291025 0.0260759 0.00634586 0.0268529 -0.0214475 0.00634348 0.146055 -0.053701 0.0148342 -0.0370473 0.0443148 -0.112242 -0.0615241 -0.0123052
internal_weight=1288 240 207 170 1048 602 446 340 102 238 566 205 361 106 81 150
internal_count=1288 240 207 170 1048 602 446 340 102 238 566 205 361 106 81 150
cat_boundaries=0 1
cat_threshold=1611063315
is_linear=0
shrinkage=0.03


Tree=245
num_leaves=11
num_cat=0
split_feature=2 2 0 1 9 1 1 0 2 0
split_gain=257.801 1135.27 5111.91 2301.18 1449.58 642.488 539.514 1549.94 809.503 526.344
threshold=0.90500000000000014 0.65500000000000014 1.2850000000000004 1.4700000000000002 1.0000000180025095e-35 0.62000000000000011 0.78500000000000014 0.80500000000000016 0.065000000000000016 0.87500000000000011
decision_type=2 2 2 2 2 2 2 2 2 2
left_child=1 3 4 6 -3 9 7 -1 -8 -2
right_child=5 2 -4 -5 -6 -7 8 -9 -10 -11
leaf_value=0.0053342661510287692 -0.073176682431647114 0.1270854121917902 0.50484829922609542 -0.26523838743719003 -0.20749211917204016 -0.14956891041216641 0.0076470694713396559 -0.19103937637329102 0.24402000724397055 0.13485819256014939
leaf_weight=1022 23 21 21 29 25 34 36 37 20 20
leaf_count=1022 23 21 21 29 25 34 36 37 20 20
internal_value=-5.14974e-05 0.00333952 0.122897 -0.00371052 -0.0549616 -0.0530992 0.0032047 -0.00161084 0.0935315 0.0239527
internal_weight=1288 1211 67 1144 46 77 1115 1059 56 43
internal_count=1288 1211 67 1144 46 77 1115 1059 56 43
is_linear=0
shrinkage=0.03


Tree=246
num_leaves=7
num_cat=0
split_feature=1 2 2 2 2 1
split_gain=272.516 639.235 803.229 712.055 893.582 682.76
threshold=1.7300000000000002 1.2500000000000002 1.0800000000000003 0.48500000000000004 0.14500000000000005 0.065000000000000016
decision_type=2 2 2 2 2 2
left_child=1 2 3 4 -1 -5
right_child=-2 -3 -4 5 -6 -7
leaf_value=-0.0047838464853427526 0.083129009625186087 -0.14279431213830646 0.18267926568763201 0.0034571379896338661 0.076145546951362456 -0.1308150732033736
leaf_weight=928 34 28 21 65 141 71
leaf_count=928 34 28 21 65 141 71
internal_value=-4.82147e-05 -0.00233804 0.000924225 -0.00231526 0.00591846 -0.0668413
internal_weight=1288 1254 1226 1205 1069 136
internal_count=1288 1254 1226 1205 1069 136
is_linear=0
shrinkage=0.03


Tree=247
num_leaves=9
num_cat=0
split_feature=1 0 0 1 2 2 0 0
split_gain=256.635 612.243 1328.18 905.64 690.314 2384.64 1023.53 533.912
threshold=1.7300000000000002 1.3400000000000003 1.1150000000000004 1.1350000000000002 0.55500000000000016 0.46500000000000002 -0.094999999999999987 1.8350000000000002
decision_type=2 2 2 2 2 2 2 2
left_child=1 2 4 7 5 -1 -6 -3
right_child=-2 3 -4 -5 6 -7 -8 -9
leaf_value=-0.00063394506786364517 0.08067127908831058 -0.23099893330060517 0.2267882991648735 0.043406779501749114 -0.21200553365963606 0.31859651904327924 -0.0049061330015009097 -0.040878099157455119
leaf_weight=1028 34 32 23 34 33 21 60 23
leaf_count=1028 34 32 23 34 33 21 60 23
internal_value=-4.5849e-05 -0.00226802 0.00353696 -0.0778834 -0.001054 0.00590263 -0.0791658 -0.152632
internal_weight=1288 1254 1165 89 1142 1049 93 55
internal_count=1288 1254 1165 89 1142 1049 93 55
is_linear=0
shrinkage=0.03


Tree=248
num_leaves=9
num_cat=0
split_feature=0 2 2 0 2 2 2 0
split_gain=244.218 1365.6 2738.47 940.745 396.618 976.763 1100.16 541.768
threshold=1.7450000000000003 0.6150000000000001 1.0450000000000002 1.5050000000000001 1.1050000000000002 0.64500000000000013 0.46500000000000002 -0.014999999999999998
decision_type=2 2 2 2 2 2 2 2
left_child=3 -2 -3 4 5 6 -1 -7
right_child=1 2 -4 -5 -6 7 -8 -9
leaf_value=-0.0018089413666913996 -0.19769202944413938 0.31636883832187185 -0.13513027840145564 0.20003805868015734 0.12182078988501367 -0.22870348025382833 0.15215559270464141 -0.051378883853711581
leaf_weight=1049 33 20 29 21 23 23 43 47
leaf_count=1049 33 20 29 21 23 23 43 47
internal_value=-4.23769e-05 -0.0499814 0.0504286 0.00336996 -0.000195661 -0.00266473 0.00431788 -0.110894
internal_weight=1288 82 49 1206 1185 1162 1092 70
internal_count=1288 82 49 1206 1185 1162 1092 70
is_linear=0
shrinkage=0.03


Tree=249
num_leaves=9
num_cat=0
split_feature=1 0 0 1 2 2 0 0
split_gain=256.807 593.677 1251.27 872.741 639.107 2181.97 936.86 514.188
threshold=1.7300000000000002 1.3400000000000003 1.1150000000000004 1.1350000000000002 0.55500000000000016 0.46500000000000002 -0.094999999999999987 1.8350000000000002
decision_type=2 2 2 2 2 2 2 2
left_child=1 2 4 7 5 -1 -6 -3
right_child=-2 3 -4 -5 6 -7 -8 -9
leaf_value=-0.00056069344031141398 0.080705077021018326 -0.22700733553813054 0.22014528313088924 0.04234636393707731 -0.20325248321846351 0.30480238848508789 -0.0051085468875475167 -0.040418438688237614
leaf_weight=1028 34 32 23 34 33 21 60 23
leaf_count=1028 34 32 23 34 33 21 60 23
internal_value=-3.90609e-05 -0.00226198 0.00345428 -0.076722 -0.0010017 0.00569183 -0.0761607 -0.1501
internal_weight=1288 1254 1165 89 1142 1049 93 55
internal_count=1288 1254 1165 89 1142 1049 93 55
is_linear=0
shrinkage=0.03


Tree=250
num_leaves=12
num_cat=0
split_feature=1 0 2 0 2 4 2 2 2 0 0
split_gain=253.313 340.117 1723.07 1051.36 1056.37 1667.53 1058.68 1042.79 3389.25 1960.79 905.99
threshold=-2.5899999999999994 -2.1249999999999996 -0.41499999999999992 -2.0149999999999992 -0.8849999999999999 1.0000000180025095e-35 -0.80499999999999994 -0.78499999999999992 -0.67499999999999993 -3.8249999999999997 -2.3849999999999993
decision_type=2 2 2 2 2 2 2 2 2 2 2
left_child=-1 2 7 -3 5 -5 -6 9 -9 -2 -4
right_child=1 3 10 4 6 -7 -8 8 -10 -11 -12
leaf_value=0.097555153400339989 0.15867813668777414 0.1935776968542135 -0.078870001525878919 -0.25567494235743937 0.21976115113635394 0.017771347584262968 0.0064625510211495252 0.41760956786954123 -0.027499976411871952 -0.080945508385583995 -0.31873811133871688
leaf_weight=23 38 26 37 35 21 46 812 21 54 152 23
leaf_count=23 38 26 37 35 21 46 812 21 54 152 23
internal_value=-3.58911e-05 -0.00185049 -0.0282832 0.00729548 0.00189021 -0.101191 0.011972 0.00467712 0.0990312 -0.0327143 -0.172743
internal_weight=1288 1265 325 940 914 81 833 265 75 190 60
internal_count=1288 1265 325 940 914 81 833 265 75 190 60
is_linear=0
shrinkage=0.03


Tree=251
num_leaves=7
num_cat=1
split_feature=1 2 2 12 2 2
split_gain=240.623 568.017 747.437 713.167 4432.88 2960.81
threshold=1.7300000000000002 1.2500000000000002 1.0800000000000003 0 0.39500000000000007 0.45500000000000007
decision_type=2 2 2 9 2 2
left_child=1 2 3 4 -1 -5
right_child=-2 -3 -4 5 -6 -7
leaf_value=0.0083854417448729294 0.078127943738647135 -0.13458348079104174 0.17622187667669251 -0.0023077376290728258 -0.21229026925002092 0.21444041059183519
leaf_weight=576 34 28 21 470 95 64
leaf_count=576 34 28 21 470 95 64
internal_value=-3.05335e-05 -0.00218235 0.000892681 -0.00223218 -0.0226508 0.0234024
internal_weight=1288 1254 1226 1205 671 534
internal_count=1288 1254 1226 1205 671 534
cat_boundaries=0 1
cat_threshold=1146006692
is_linear=0
shrinkage=0.03


Tree=252
num_leaves=13
num_cat=1
split_feature=0 4 0 1 12 0 0 4 4 1 0 1
split_gain=237.901 1329.8 925.158 867.912 633.82 6073.84 4622.52 1429.87 1374.32 1218.09 816.743 399.606
threshold=1.7450000000000003 1.0000000180025095e-35 1.5050000000000001 1.2350000000000001 0 0.47000000000000003 0.7350000000000001 1.0000000180025095e-35 1.0000000180025095e-35 -0.21999999999999997 0.56000000000000016 1.6800000000000002
decision_type=2 2 2 2 9 2 2 2 2 2 2 2
left_child=2 3 4 -2 5 9 10 -7 -8 -1 -6 -3
right_child=1 11 -4 -5 6 7 8 -9 -10 -11 -12 -13
leaf_value=0.047025242177779057 -0.069550434647536852 -0.070356411972423871 0.1983719072425088 0.20363865705978038 0.0039522867234272991 -0.47138100897255586 0.44171483038122 -0.14686982460021974 0.11554009216330773 -0.049192689386062714 -0.18437748867533235 -0.25933908050004828
leaf_weight=293 20 20 21 21 574 29 27 22 21 198 21 21
leaf_count=293 20 20 21 21 574 29 27 22 21 198 21 21
internal_value=-2.79876e-05 -0.049317 0.0033399 0.071071 -0.000196043 -0.0238482 0.0198022 -0.334239 0.301738 0.00820785 -0.00283884 -0.169183
internal_weight=1288 82 1206 41 1185 542 643 51 48 491 595 41
internal_count=1288 82 1206 41 1185 542 643 51 48 491 595 41
cat_boundaries=0 1
cat_threshold=1145842798
is_linear=0
shrinkage=0.03


Tree=253
num_leaves=18
num_cat=2
split_feature=2 2 2 2 0 1 1 12 1 1 12 7 7 1 1 1 0
split_gain=251.766 2578.41 2475.63 1656.4 5866.38 7475.32 1215.35 1872.01 2798.68 2706.35 1122.1 3189.69 1588.17 1074.02 689.721 1028.23 357.015
threshold=-0.23499999999999996 -0.16499999999999998 -0.34499999999999992 -0.50499999999999989 -0.7649999999999999 -0.36999999999999994 1.7300000000000002 0 0.38000000000000006 -1.4649999999999996 1 1.0000000180025095e-35 1.0000000180025095e-35 0.24500000000000002 -0.054999999999999993 -0.59499999999999986 -0.44499999999999995
decision_type=2 2 2 2 2 2 2 9 2 2 9 2 2 2 2 2 2
left_child=2 16 3 10 5 -5 7 8 -3 -9 12 -12 -1 -6 15 -4 -2
right_child=1 6 14 4 13 -7 -8 9 -10 -11 11 -13 -14 -15 -16 -17 -18
leaf_value=0.11045440645440151 0.15025120557871732 0.20380233055153146 -0.11259942450242884 0.027880490684509273 -0.32704359354623935 0.66457477507157747 0.19442952541135392 -0.34850958024239048 -0.1301388752886882 -0.023856077625204086 -0.11345559219106449 0.079982637824356148 -0.13561834444161738 -0.017413586035007384 -0.05844969188156774 -0.39900963584212362 0.32237757058259914
leaf_weight=29 27 74 25 42 20 27 26 24 32 410 115 228 119 20 29 21 20
leaf_count=29 27 74 25 42 20 27 26 24 32 410 115 228 119 20 29 21 20
internal_value=-2.99514e-05 0.01388 -0.0126676 0.00769405 0.113209 0.280054 -0.00392809 -0.0136552 0.0939979 -0.0412473 -0.015815 0.0146221 -0.0816718 -0.174429 -0.174573 -0.246301 0.226182
internal_weight=1288 613 675 600 109 69 566 540 106 434 491 343 148 40 75 46 47
internal_count=1288 613 675 600 109 69 566 540 106 434 491 343 148 40 75 46 47
cat_boundaries=0 1 2
cat_threshold=16782409 101203976
is_linear=0
shrinkage=0.03


Tree=254
num_leaves=16
num_cat=1
split_feature=2 1 2 1 1 0 1 1 6 12 1 1 1 2 2
split_gain=239.554 1644.86 2331.66 1444.57 1437.38 1160.34 1182.29 1459.54 1353.48 1039.32 1472.56 1069.13 643.23 399.71 147.726
threshold=0.17500000000000002 1.7300000000000002 0.22500000000000003 0.45500000000000007 -0.62499999999999989 0.23500000000000001 0.095000000000000015 0.63500000000000012 1.0000000180025095e-35 0 -1.5699999999999998 -0.11499999999999998 0.95500000000000007 -0.21499999999999997 -0.074999999999999997
decision_type=2 2 2 2 2 2 2 2 2 9 2 2 2 2 2
left_child=5 2 -2 4 -4 6 9 8 -8 10 -1 -11 -5 -7 -15
right_child=1 -3 3 12 -6 13 7 -9 -10 11 -12 -13 -14 14 -16
leaf_value=0.080205202986554397 0.27924151619742899 0.27568438638642778 -0.11239906400983984 -0.18470851992558093 0.07509688460328437 -0.21336071293196587 0.24032744688306534 -0.11913060802783607 0.032947788509845741 0.043972001263348187 -0.082272209190605766 -0.079377031878301293 -0.026319481230643857 -0.0069689512377561534 -0.11002638047082083
leaf_weight=61 25 21 49 53 143 26 52 26 62 325 274 78 41 21 31
leaf_count=61 25 21 49 53 143 26 52 26 62 325 274 78 41 21 31
internal_value=-2.81023e-05 0.0219048 0.00434396 -0.0201205 0.0270631 -0.00765559 0.00221987 0.0819891 0.128205 -0.0129537 -0.0510799 0.0195376 -0.11616 -0.118162 -0.0689269
internal_weight=1288 332 311 286 192 956 878 140 114 738 335 403 94 78 52
internal_count=1288 332 311 286 192 956 878 140 114 738 335 403 94 78 52
cat_boundaries=0 1
cat_threshold=1097224205
is_linear=0
shrinkage=0.03


Tree=255
num_leaves=10
num_cat=0
split_feature=0 2 2 0 11 1 1 1 0
split_gain=244.012 1317.11 2600.35 911.894 3382.7 904.247 578.902 2045.97 734.658
threshold=1.7450000000000003 0.6150000000000001 1.0450000000000002 1.2850000000000004 5.5000000000000009 0.89000000000000012 0.54500000000000015 0.63500000000000012 0.47000000000000003
decision_type=2 2 2 2 2 2 2 2 2
left_child=3 -2 -3 5 -5 6 8 -8 -1
right_child=1 2 -4 4 -6 -7 7 -9 -10
leaf_value=0.0041975785981625711 -0.19500630349943887 0.3078245961724258 -0.13213883666062759 -0.1327312829383584 0.39423531861305233 -0.15526081939597627 0.30343507540955839 -0.057680812330388319 -0.10023348350580348
leaf_weight=1009 33 20 29 21 22 33 24 33 64
leaf_count=1009 33 20 29 21 22 33 24 33 64
internal_value=-2.62475e-05 -0.0499443 0.0486729 0.00338465 0.138243 -0.0016562 0.00289363 0.0956322 -0.00207229
internal_weight=1288 82 49 1206 43 1163 1130 57 1073
internal_count=1288 82 49 1206 43 1163 1130 57 1073
is_linear=0
shrinkage=0.03


Tree=256
num_leaves=14
num_cat=1
split_feature=2 12 2 2 9 1 5 0 1 0 0 1 0
split_gain=240.412 397.805 1732.98 4222.86 5185.75 1620.53 1366.76 5238.77 1805.75 1721.4 1245.48 358.306 81.726
threshold=-1.595 0 1.0350000000000004 0.46500000000000002 1.0000000180025095e-35 -1.5699999999999998 1.0000000180025095e-35 0.75500000000000012 0.32000000000000006 1.0150000000000003 -0.11499999999999998 1.3050000000000004 -3.6849999999999996
decision_type=2 9 2 2 2 2 2 2 2 2 2 2 2
left_child=12 6 3 5 -5 -3 7 8 -2 10 -8 -11 -1
right_child=1 2 -4 4 -6 -7 9 -9 -10 11 -12 -13 -14
leaf_value=-0.026444272608291807 0.010464505192697182 0.13547637135571444 -0.19270973001309294 -0.048840907149395693 0.48148931596495892 -0.016003032191973594 -0.070678746410537369 0.40906497913196782 -0.28367255586531104 -0.30498307202844055 0.08338356617994086 -0.13401713215510053 -0.11180766877254775
leaf_weight=20 224 72 33 29 38 515 176 29 20 25 64 22 21
leaf_count=20 224 72 33 29 38 515 176 29 20 25 64 22 21
internal_value=-2.2774e-05 0.00233798 0.0175014 0.0285195 0.253238 0.00267144 -0.0162798 0.0314494 -0.0141636 -0.0622331 -0.029495 -0.227273 -0.0710596
internal_weight=1288 1247 687 654 67 587 560 273 244 287 240 47 41
internal_count=1288 1247 687 654 67 587 560 273 244 287 240 47 41
cat_boundaries=0 1
cat_threshold=604547250
is_linear=0
shrinkage=0.03


Tree=257
num_leaves=22
num_cat=2
split_feature=1 1 4 12 11 2 2 1 4 2 2 2 2 11 2 12 2 2 2 11 2
split_gain=236.224 2746.98 5393.61 2935.62 2670.21 3360.35 2169.19 1331.05 1555.93 1120.67 6148.84 1740.97 1108.97 823.354 716.192 659.653 822.504 1384.28 738.262 1270.21 270.684
threshold=-0.53499999999999992 -0.35499999999999993 1.0000000180025095e-35 0 6.5000000000000009 0.60500000000000009 -0.084999999999999978 -0.7599999999999999 1.0000000180025095e-35 -0.59499999999999986 -0.43499999999999994 -0.99499999999999988 -0.66499999999999992 6.5000000000000009 -0.26499999999999996 1 -0.30499999999999994 -0.83499999999999985 0.34500000000000003 4.5000000000000009 0.10500000000000002
decision_type=2 2 2 9 2 2 2 2 2 2 2 2 2 2 2 9 2 2 2 2 2
left_child=7 2 14 9 5 -5 -6 15 12 11 -11 -3 -9 -10 -2 16 17 -1 19 -17 -14
right_child=1 3 -4 4 6 -7 -8 8 13 10 -12 -13 20 -15 -16 18 -18 -19 -20 -21 -22
leaf_value=0.0045435203719925094 0.073593247611348209 0.0099344446063041689 0.438998379535675 0.069156762339115149 0.056028088680402502 0.40000914146716771 -0.20751739347866263 -0.19530606462134095 -0.37503844772974648 0.39643826773453428 -0.082503682836530812 -0.27652141059528695 0.15177370499401557 -0.10988269282496252 -0.17176530261039732 0.1361891623945797 0.094039567555700032 -0.24792476894544518 -0.12866220385977564 -0.00035471972690096919 0.00011808350880940753
leaf_weight=45 20 31 37 187 63 32 50 20 22 26 269 49 20 21 22 93 24 34 23 178 22
leaf_count=45 20 31 37 187 63 32 50 20 22 26 269 49 20 21 22 93 24 34 23 178 22
internal_value=-2.31071e-05 0.01024 0.177439 -0.00855075 0.0556156 0.118315 -0.060959 -0.0160925 -0.110811 -0.0651128 -0.0396823 -0.16611 -0.0141401 -0.248364 -0.0553661 0.00905938 -0.0531868 -0.104952 0.0316611 0.046657 0.0733416
internal_weight=1288 786 79 707 332 219 113 502 105 375 295 80 62 43 42 397 103 79 294 271 42
internal_count=1288 786 79 707 332 219 113 502 105 375 295 80 62 43 42 397 103 79 294 271 42
cat_boundaries=0 1 2
cat_threshold=537691422 100680721
is_linear=0
shrinkage=0.03


Tree=258
num_leaves=14
num_cat=0
split_feature=0 0 2 0 2 0 2 0 0 2 2 9 2
split_gain=235.894 1014.78 2245.23 1712.03 986.31 777.129 1870.06 1282.05 762.251 1783.71 1484.71 1387.89 685.349
threshold=-1.7349999999999997 -1.4649999999999996 -0.45499999999999996 -1.325 0.12500000000000003 -0.83499999999999985 -0.034999999999999996 -0.64499999999999991 -2.4649999999999994 -0.36499999999999994 -0.25499999999999995 1.0000000180025095e-35 -0.70499999999999985
decision_type=2 2 2 2 2 2 2 2 2 2 2 2 2
left_child=4 2 -2 -3 8 6 -5 -7 10 11 12 -10 -1
right_child=1 3 -4 5 -6 7 -8 -9 9 -11 -12 -13 -14
leaf_value=0.034307366664300884 -0.044012635583143965 -0.19758511857509611 0.32144672247689016 0.13445216272319604 -0.19875877411225265 -0.14827852976423445 -0.10619823839392843 0.0083589106877424713 0.094990058323671647 -0.23313685005525997 0.27004891968936456 -0.10590530087416913 -0.07970562833408977
leaf_weight=179 32 37 28 110 25 51 39 541 64 39 20 59 64
leaf_count=179 32 37 28 110 25 51 39 541 64 39 20 59 64
internal_value=-2.17931e-05 0.00938285 0.127733 0.000175591 -0.017533 0.0101809 0.0712986 -0.00524387 -0.00664454 -0.0577441 0.0248697 -0.00138872 0.00416493
internal_weight=1288 838 60 778 450 741 149 592 425 162 263 123 243
internal_count=1288 838 60 778 450 741 149 592 425 162 263 123 243
is_linear=0
shrinkage=0.03


Tree=259
num_leaves=19
num_cat=2
split_feature=2 2 2 4 12 2 6 12 1 2 1 1 1 6 5 1 5 2
split_gain=242.931 2406.04 2274.76 1654.54 1617.22 1956.38 2571.75 1254.19 2743.55 2996.14 2740.1 4820.48 1109.12 971.134 969.638 499.029 281.09 96.7186
threshold=-0.23499999999999996 -0.16499999999999998 -0.34499999999999992 1.0000000180025095e-35 0 -0.48499999999999993 1.0000000180025095e-35 1 0.38000000000000006 0.46500000000000002 -1.4649999999999996 -0.98499999999999988 -1.5699999999999998 1.0000000180025095e-35 1.0000000180025095e-35 -0.39999999999999997 1.0000000180025095e-35 -0.66499999999999992
decision_type=2 2 2 2 9 2 2 9 2 2 2 2 2 2 2 2 2 2
left_child=2 3 4 -2 13 12 -7 8 9 -3 -9 -12 -6 17 15 -4 -15 -1
right_child=1 7 14 -5 5 6 -8 10 -10 -11 11 -13 -14 16 -16 -17 -18 -19
leaf_value=-0.15641458393846241 0.042440960342178535 0.077144969682081038 0.040273175492519284 0.39772421702932803 0.12216291704234175 0.34257996938754987 -0.0209625413775444 -0.33513748157267664 -0.11690062062616471 0.50418595462892102 0.39973832892398442 -0.033563846880989318 -0.01386611869843934 -0.083650207096071391 -0.28192464595445443 -0.16945270687196312 0.042265801296859487 -0.25282262471516925
leaf_weight=24 24 54 20 23 63 38 32 24 38 20 24 406 358 33 35 20 30 22
leaf_count=24 24 54 20 23 63 38 32 24 38 20 24 406 358 33 35 20 30 22
internal_value=-2.41212e-05 0.0136396 -0.0124381 0.218723 0.00708001 0.0304913 0.177377 -0.00356301 0.0819554 0.195211 -0.0259655 -0.00893639 0.00660342 -0.0923585 -0.167636 -0.0653131 -0.0237823 -0.20481
internal_weight=1288 613 675 47 600 491 70 566 112 74 454 430 421 109 75 40 63 46
internal_count=1288 613 675 47 600 491 70 566 112 74 454 430 421 109 75 40 63 46
cat_boundaries=0 1 2
cat_threshold=1174406217 16782409
is_linear=0
shrinkage=0.03


Tree=260
num_leaves=17
num_cat=1
split_feature=2 2 2 12 11 2 2 2 6 11 2 9 2 2 2 9
split_gain=237.497 955.487 641.354 697.035 2107.92 1845.87 978.841 2798.82 580.097 2963.98 797.915 726.618 1284.87 964.505 315.44 43.1607
threshold=-0.97499999999999987 -1.0449999999999997 -0.85499999999999987 0 6.5000000000000009 -0.5149999999999999 -0.78499999999999992 -0.70499999999999985 1.0000000180025095e-35 4.5000000000000009 -1.2699999999999998 1.0000000180025095e-35 -1.4449999999999996 -1.3199999999999998 -0.49499999999999994 1.0000000180025095e-35
decision_type=2 2 2 9 2 2 2 2 2 2 2 2 2 2 2 2
left_child=1 8 15 4 5 -4 -5 -8 9 -1 -11 12 -10 -13 -6 -2
right_child=2 -3 3 6 14 -7 7 -9 11 10 -12 13 -14 -15 -16 -17
leaf_value=-0.16014010293089168 0.085714491240183516 -0.17555029997540944 -0.16111764732341174 -0.1670956003714581 -0.070889456888524494 0.044083575693216727 0.3066354630267033 0.012224241640271201 0.20272190059423448 0.076471656782062428 0.30599925253499638 -0.24795548962291919 -0.073441180813697091 0.019431280624034795 -0.21284647840917656 0.1507775823238284
leaf_weight=35 22 33 48 24 20 211 30 618 22 28 27 28 46 21 54 21
leaf_count=35 22 33 48 24 20 211 30 618 22 28 27 28 46 21 54 21
internal_value=-1.75303e-05 -0.0269074 0.00614748 0.00126239 -0.0336154 0.00580528 0.0187828 0.0260849 -0.00283028 0.054248 0.190945 -0.0468062 0.0166895 -0.134262 -0.175253 0.118926
internal_weight=1288 240 1048 1005 333 259 672 648 207 90 55 117 68 49 74 43
internal_count=1288 240 1048 1005 333 259 672 648 207 90 55 117 68 49 74 43
cat_boundaries=0 1
cat_threshold=537281810
is_linear=0
shrinkage=0.03


Tree=261
num_leaves=14
num_cat=1
split_feature=2 6 12 2 7 1 1 2 11 2 2 4 2
split_gain=233.956 426.127 389.426 2153.78 1853.2 3384.16 2129.48 1773.6 1367.6 1483.16 1135.03 1075.31 208.99
threshold=-1.595 1.0000000180025095e-35 0 -1.2049999999999998 1.0000000180025095e-35 1.2050000000000003 -0.11499999999999998 -1.2449999999999999 4.5000000000000009 -0.29499999999999993 1.1050000000000002 1.0000000180025095e-35 -1.4249999999999996
decision_type=2 2 9 2 2 2 2 2 2 2 2 2 2
left_child=1 -1 7 11 6 -6 -5 12 9 -9 -10 -4 -2
right_child=2 -3 3 4 5 -7 -8 8 10 -11 -12 -13 -14
leaf_value=0.028785947396260933 -0.12616019135333123 -0.16288461404692295 0.073488986648212781 -0.20903183107924975 0.011176629084083234 0.36852073938706337 0.039225610963538687 0.16635168521309859 -0.03619572773061535 -0.015359115049882901 0.1869510036207909 0.3499043950547977 -0.26064017934799194
leaf_weight=20 23 21 27 69 370 25 56 80 449 81 21 24 22
leaf_count=20 23 21 27 69 370 25 56 80 449 81 21 24 22
internal_value=-1.76225e-05 -0.0700942 0.00231118 0.0203428 0.00236264 0.0342382 -0.0980754 -0.0130272 -0.000171006 0.0751489 -0.0260309 0.205759 -0.194114
internal_weight=1288 41 1247 571 520 395 125 676 631 161 470 51 45
internal_count=1288 41 1247 571 520 395 125 676 631 161 470 51 45
cat_boundaries=0 1
cat_threshold=621324474
is_linear=0
shrinkage=0.03


Tree=262
num_leaves=11
num_cat=1
split_feature=0 4 0 11 1 12 0 9 1 1
split_gain=256.546 1168.93 844.326 3268.3 825.751 796.279 2478.51 1763.01 748.949 433.17
threshold=1.7450000000000003 1.0000000180025095e-35 1.2850000000000004 5.5000000000000009 0.89000000000000012 0 0.7350000000000001 1.0000000180025095e-35 1.2350000000000001 1.6800000000000002
decision_type=2 2 2 2 2 9 2 2 2 2
left_child=2 8 4 -4 5 7 -7 -1 -2 -3
right_child=1 9 3 -5 -6 6 -8 -9 -10 -11
leaf_value=0.031199613523213113 -0.068832942078753206 -0.061097183669485688 -0.13305507422047991 0.38489398744901016 -0.14815156752849692 0.0077758438353840321 0.25462802653498462 -0.10408092803864184 0.18489221437587294 -0.25731578692308688
leaf_weight=176 20 20 21 22 33 746 38 170 21 21
leaf_count=176 20 20 21 22 33 746 38 170 21 21
internal_value=-1.20615e-05 -0.0511961 0.0034854 0.133251 -0.0013651 0.00298256 0.0196486 -0.0343228 0.0617134 -0.163561
internal_weight=1288 82 1206 43 1163 1130 784 346 41 41
internal_count=1288 82 1206 43 1163 1130 784 346 41 41
cat_boundaries=0 1
cat_threshold=1163922509
is_linear=0
shrinkage=0.03


Tree=263
num_leaves=11
num_cat=0
split_feature=2 2 0 1 9 1 9 1 0 2
split_gain=246.644 1017.63 4429.24 2213.95 1355.99 612.239 912.98 570.293 1498.41 734.532
threshold=0.90500000000000014 0.65500000000000014 1.2850000000000004 1.4700000000000002 1.0000000180025095e-35 0.77000000000000013 1.0000000180025095e-35 0.78500000000000014 0.80500000000000016 0.065000000000000016
decision_type=2 2 2 2 2 2 2 2 2 2
left_child=1 3 4 7 -3 6 -2 8 -1 -9
right_child=5 2 -4 -5 -6 -7 -8 9 -10 -11
leaf_value=0.0052916020958103729 -0.12971411647187903 0.12693934732259704 0.47202970516404436 -0.25989163434505463 -0.19663148938908295 -0.16888256201654109 0.12286270181756272 0.014361013446768666 -0.18779020713090896 0.23964550001446794
leaf_weight=1022 23 21 21 29 25 26 28 36 37 20
leaf_count=1022 23 21 21 29 25 26 28 36 37 20
internal_value=-1.06434e-05 0.00330612 0.1165 -0.0033686 -0.0490733 -0.0518978 0.00874379 0.00341411 -0.00153702 0.0962816
internal_weight=1288 1211 67 1144 46 77 51 1115 1059 56
internal_count=1288 1211 67 1144 46 77 51 1115 1059 56
is_linear=0
shrinkage=0.03


Tree=264
num_leaves=9
num_cat=0
split_feature=0 4 1 0 0 0 1 1
split_gain=236.014 1077.09 835.775 1115.55 2559.97 841.197 712.7 372.415
threshold=1.7450000000000003 1.0000000180025095e-35 1.1600000000000001 1.4350000000000003 1.2100000000000002 0.80500000000000016 1.2350000000000001 1.6800000000000002
decision_type=2 2 2 2 2 2 2 2
left_child=2 6 3 4 5 -1 -2 -3
right_child=1 7 -4 -5 -6 -7 -8 -9
leaf_value=0.0028178238387198181 -0.068051321773994256 -0.061767957478034791 0.19326352732065247 -0.20916591133872667 0.33638583300171826 -0.14355348628187833 0.17944647975300634 -0.24394362067621805
leaf_weight=1108 20 20 20 22 20 36 21 21
leaf_count=1108 20 20 20 22 20 36 21 21
internal_value=-9.73954e-06 -0.0491028 0.00334474 5.94455e-05 0.00410456 -0.00184635 0.0592782 -0.156965
internal_weight=1288 82 1206 1186 1164 1144 41 41
internal_count=1288 82 1206 1186 1164 1144 41 41
is_linear=0
shrinkage=0.03


Tree=265
num_leaves=11
num_cat=1
split_feature=2 2 0 0 9 12 0 2 2 0
split_gain=226.145 950.219 4180.96 1477.85 1285.65 767.977 1462.71 811.485 518.426 1277.27
threshold=0.90500000000000014 0.65500000000000014 1.2850000000000004 2.3800000000000003 1.0000000180025095e-35 0 -0.17499999999999996 0.17500000000000002 1.1050000000000002 1.2550000000000001
decision_type=2 2 2 2 2 9 2 2 2 2
left_child=1 3 4 5 -3 6 -1 -7 -2 -10
right_child=8 2 -4 -5 -6 7 -8 -9 9 -11
leaf_value=-0.015974537102615132 -0.15734103268497396 0.12308019463960515 0.45797015964846272 -0.24966124650212224 -0.19198803294406216 -0.0021905454406932422 -0.28270087658629123 0.070359673709217502 0.1904251517668003 -0.11382409767877488
leaf_weight=76 26 21 21 21 25 858 24 165 20 31
leaf_count=76 26 21 21 21 25 858 24 165 20 31
internal_value=-9.61636e-06 0.00316623 0.112546 -0.00328353 -0.0483112 0.0014301 -0.0737667 0.00944455 -0.0496939 0.00612149
internal_weight=1288 1211 67 1144 46 1123 100 1023 77 51
internal_count=1288 1211 67 1144 46 1123 100 1023 77 51
cat_boundaries=0 1
cat_threshold=1077938242
is_linear=0
shrinkage=0.03


Tree=266
num_leaves=9
num_cat=0
split_feature=1 0 0 1 1 0 9 0
split_gain=259.514 615.199 1160.76 776.652 547.463 2391.42 2278.71 515.134
threshold=1.7300000000000002 1.3400000000000003 1.1150000000000004 1.1350000000000002 0.54500000000000015 0.47000000000000003 1.0000000180025095e-35 1.8350000000000002
decision_type=2 2 2 2 2 2 2 2
left_child=1 2 4 7 5 -1 -6 -3
right_child=-2 3 -4 -5 6 -7 -8 -9
leaf_value=0.0044370841231213725 0.081157188024857774 -0.22422001097890046 0.21227980297169788 0.03433760698204455 -0.095673061824824712 -0.19446655027970022 0.23136551161165589 -0.037549678345944019
leaf_weight=1009 34 32 23 34 36 57 40 23
leaf_count=1009 34 32 23 34 36 57 40 23
internal_value=-1.14674e-05 -0.00224607 0.00357291 -0.0780438 -0.000718909 -0.00628185 0.0768005 -0.147253
internal_weight=1288 1254 1165 89 1142 1066 76 55
internal_count=1288 1254 1165 89 1142 1066 76 55
is_linear=0
shrinkage=0.03


Tree=267
num_leaves=14
num_cat=0
split_feature=1 2 2 6 2 4 2 2 2 6 1 2 9
split_gain=244.394 592.26 907.002 2216.32 1505.21 1163.14 926.182 844.905 549.752 1161.44 1482.73 742.233 2194.85
threshold=1.7300000000000002 0.48500000000000004 0.14500000000000005 1.0000000180025095e-35 0.21500000000000002 1.0000000180025095e-35 0.10500000000000002 0.065000000000000016 0.80500000000000016 1.0000000180025095e-35 -0.099999999999999992 1.2500000000000002 1.0000000180025095e-35
decision_type=2 2 2 2 2 2 2 2 2 2 2 2 2
left_child=1 2 6 4 -4 -5 7 -1 9 10 -3 12 -10
right_child=-2 8 3 5 -6 -7 -8 -9 11 -11 -12 -13 -14
leaf_value=-0.0042876246066328814 0.078757773321607841 0.15473411689085118 0.17200893478533802 0.089608252462793581 -0.10348735292149441 0.36191015556075351 -0.18268148502181558 0.17088544210265663 -0.13741955973738332 -0.22659516893157472 -0.16015363046370054 -0.12795572292804719 0.2106528508205936
leaf_weight=878 34 25 25 30 59 27 25 25 29 39 28 28 36
leaf_count=878 34 25 25 30 59 27 25 25 29 39 28 28 36
internal_value=-1.08471e-05 -0.00217945 0.0064019 0.0771541 -0.0209263 0.220671 -0.0043807 0.000650692 -0.0516655 -0.10345 -0.0115076 -0.000126054 0.0554496
internal_weight=1288 1254 1069 141 84 57 928 903 185 92 53 93 65
internal_count=1288 1254 1069 141 84 57 928 903 185 92 53 93 65
is_linear=0
shrinkage=0.03


Tree=268
num_leaves=9
num_cat=0
split_feature=1 0 0 1 2 2 0 0
split_gain=230.136 575.207 1098.25 723.173 630.015 1958.41 897.431 491.813
threshold=1.7300000000000002 1.3400000000000003 1.1150000000000004 1.1350000000000002 0.55500000000000016 0.46500000000000002 -0.094999999999999987 1.8350000000000002
decision_type=2 2 2 2 2 2 2 2
left_child=1 2 4 7 5 -1 -6 -3
right_child=-2 3 -4 -5 6 -7 -8 -9
leaf_value=5.6568703969590105e-05 0.076429272146328636 -0.21738727252666765 0.20652429177913259 0.033037595821463539 -0.19967159230673492 0.28935931612447252 -0.0057337795624063034 -0.035037632627690093
leaf_weight=1028 34 32 23 34 33 21 60 23
leaf_count=1028 34 32 23 34 33 21 60 23
internal_value=-7.00716e-06 -0.00211147 0.00351509 -0.0754042 -0.000659506 0.00598609 -0.0752823 -0.142189
internal_weight=1288 1254 1165 89 1142 1049 93 55
internal_count=1288 1254 1165 89 1142 1049 93 55
is_linear=0
shrinkage=0.03


Tree=269
num_leaves=11
num_cat=1
split_feature=0 2 0 0 12 0 0 11 1 0
split_gain=231.315 1137.76 2184.58 865.612 483.97 3848.68 2103.08 1624.28 1033.98 820.664
threshold=1.7450000000000003 0.6150000000000001 2.6300000000000003 1.5050000000000001 0 0.42500000000000004 0.7350000000000001 6.5000000000000009 -0.35499999999999993 0.56000000000000016
decision_type=2 2 2 2 9 2 2 2 2 2
left_child=3 -2 -3 4 5 8 9 -8 -1 -6
right_child=1 2 -4 -5 6 -7 7 -9 -10 -11
leaf_value=0.057780704172286181 -0.18342542529461989 -0.16791813386754789 0.22946258681450249 0.19196707983904107 0.0045028744506668533 -0.32635963915435356 0.30008570223969294 -0.022449534447987869 -0.05328844590276581 -0.17188155054316229
leaf_weight=155 33 23 26 21 765 35 38 22 146 24
leaf_count=155 33 23 26 21 765 35 38 22 146 24
internal_value=-4.93964e-06 -0.0486069 0.0430643 0.00331596 -0.000104249 -0.0300364 0.0119616 0.182565 0.00389765 -0.000964088
internal_weight=1288 82 49 1206 1185 336 849 60 301 789
internal_count=1288 82 49 1206 1185 336 849 60 301 789
cat_boundaries=0 1
cat_threshold=1078201454
is_linear=0
shrinkage=0.03


Tree=270
num_leaves=19
num_cat=2
split_feature=2 2 2 4 12 2 0 11 11 12 2 4 0 0 0 2 2 0
split_gain=228.266 2317.92 2161.72 1562.77 1497.56 2623.1 6002.43 1886.36 1369.2 1245.02 2179.93 3531.91 1349.95 1574.82 1074.07 791.646 762.967 117.778
threshold=-0.23499999999999996 -0.16499999999999998 -0.34499999999999992 1.0000000180025095e-35 0 -0.50499999999999989 -0.7649999999999999 4.5000000000000009 4.5000000000000009 1 0.45500000000000007 1.0000000180025095e-35 -1.8049999999999999 -1.1949999999999996 -0.45499999999999996 -0.66499999999999992 -0.54499999999999993 -2.2649999999999992
decision_type=2 2 2 2 9 2 2 2 2 9 2 2 2 2 2 2 2 2
left_child=2 3 4 -2 7 16 -7 -1 -4 10 11 -3 17 -14 -10 -9 -6 -11
right_child=1 9 8 -5 5 6 -8 15 14 12 -12 -13 13 -15 -16 -17 -18 -19
leaf_value=-0.31128883178017352 0.043157967945142664 0.15390685104319923 0.023235779008086845 0.38850357804399849 0.0085619828952114008 0.38418004884245327 -0.13726318548642674 0.042062849979142884 -0.35992344256809777 -0.24472013293188519 0.27557354547500607 -0.26853071171359011 0.16498281144162258 -0.029817675558678113 -0.07625869696314741 -0.15028478806705797 -0.1750655752891718 -0.13414947234130489
leaf_weight=27 24 47 24 23 385 51 32 55 31 20 37 28 41 373 20 29 21 20
leaf_count=27 24 47 24 23 385 51 32 55 31 20 37 28 41 373 20 29 21 20
internal_value=-6.43945e-06 0.0132383 -0.01204 0.214531 0.00698684 0.0297457 0.183488 -0.0877313 -0.163333 -0.00364604 0.0815629 -0.00449735 -0.0259633 -0.0103429 -0.250561 -0.0248037 -0.00113226 -0.191848
internal_weight=1288 613 675 47 600 489 83 111 75 566 112 75 454 414 51 84 406 40
internal_count=1288 613 675 47 600 489 83 111 75 566 112 75 454 414 51 84 406 40
cat_boundaries=0 1 2
cat_threshold=1140982857 16782409
is_linear=0
shrinkage=0.03


Tree=271
num_leaves=20
num_cat=2
split_feature=0 0 2 6 0 0 12 12 0 6 2 2 2 2 2 0 9 2 11
split_gain=230.575 1562.19 2685.29 2610.73 1206.75 1524.11 1538.22 894.463 1164.15 2252.89 1025.29 1992.47 740.291 682.178 2905.29 1039.14 666.319 503.832 432.395
threshold=-1.095 -0.83499999999999985 -0.034999999999999996 1.0000000180025095e-35 -0.64499999999999991 -0.52999999999999992 0 1 -1.4649999999999996 1.0000000180025095e-35 -1.2449999999999999 -1.1049999999999998 -1.5349999999999999 -0.75499999999999989 -0.5149999999999999 -1.8049999999999999 1.0000000180025095e-35 -0.105 4.5000000000000009
decision_type=2 2 2 2 2 2 9 9 2 2 2 2 2 2 2 2 2 2 2
left_child=7 2 3 -2 16 -6 -7 13 10 -10 12 -12 -9 15 -15 18 -3 -16 -1
right_child=1 4 -4 -5 5 6 -8 8 9 -11 11 -13 -14 14 17 -17 -18 -19 -20
leaf_value=-0.17980301976899307 0.45715772167552593 -0.043640928168045844 -0.13533327876760606 0.051381483042826415 0.19849948144630647 0.052813561586036922 -0.050380937892340716 0.043242463289981797 -0.26314501149889447 0.099021195459365843 0.31941963266839779 0.035779682085944148 -0.15093087928824955 -0.39837663807588464 0.045525045986528748 0.14485756772648203 -0.26139769757554887 -0.12088370531689038 -0.027727763757327176
leaf_weight=22 27 28 23 30 35 223 283 31 35 27 24 250 40 25 40 27 23 27 68
leaf_count=22 27 28 23 30 35 223 283 31 35 27 24 250 40 25 40 27 23 27 68
internal_value=-1.09383e-05 0.0121352 0.136132 0.245947 -0.00471683 0.00847995 -0.00484075 -0.0132652 0.0129879 -0.105849 0.034851 0.0611716 -0.0663995 -0.0619748 -0.125829 -0.0166922 -0.143488 -0.0218894 -0.0657229
internal_weight=1288 672 80 57 592 541 506 616 407 62 345 274 71 209 92 117 51 67 90
internal_count=1288 672 80 57 592 541 506 616 407 62 345 274 71 209 92 117 51 67 90
cat_boundaries=0 1 2
cat_threshold=1091068104 1178750997
is_linear=0
shrinkage=0.03


Tree=272
num_leaves=12
num_cat=0
split_feature=1 2 2 0 1 2 2 11 1 11 1
split_gain=230.194 557.308 912.478 2674.94 6573.46 841.793 810.687 773.688 864.048 2192.55 235.403
threshold=1.7300000000000002 0.48500000000000004 0.14500000000000005 -0.8849999999999999 -0.20499999999999999 0.10500000000000002 0.065000000000000016 4.5000000000000009 0.66500000000000015 6.5000000000000009 1.0250000000000001
decision_type=2 2 2 2 2 2 2 2 2 2 2
left_child=1 2 5 -4 -5 6 -1 -3 9 -9 -10
right_child=-2 7 3 4 -6 -7 -8 8 10 -11 -12
leaf_value=-0.0046478361603515053 0.076433738503767099 -0.17186270563125608 -0.16220285372917467 0.54927763288021092 0.013168906448104164 -0.17459126440216516 0.1669416939791511 0.099922548921561674 -0.19551390698750815 -0.24719011374217711 -0.059754486637956947
leaf_weight=878 34 37 32 27 82 25 25 81 22 20 25
leaf_count=878 34 37 32 27 82 25 25 81 22 20 25
internal_value=-1.21153e-05 -0.00211684 0.00620738 0.077173 0.147896 -0.00460763 0.000189141 -0.0501206 -0.0191886 0.0302787 -0.124754
internal_weight=1288 1254 1069 141 109 928 903 185 148 101 47
internal_count=1288 1254 1069 141 109 928 903 185 148 101 47
is_linear=0
shrinkage=0.03


Tree=273
num_leaves=13
num_cat=0
split_feature=1 1 9 1 1 1 1 11 0 1 1 0
split_gain=223.113 1704.06 1218.94 3793.74 4052.02 1128.85 981.594 1182.73 1786.58 801.737 2460.01 794.917
threshold=0.29000000000000009 0.33500000000000008 1.0000000180025095e-35 1.7300000000000002 0.63500000000000012 0.20500000000000004 0.15500000000000003 7.5000000000000009 -1.345 1.2500000000000002 0.78500000000000014 0.075000000000000025
decision_type=2 2 2 2 2 2 2 2 2 2 2 2
left_child=5 -2 9 4 -4 6 7 11 -9 10 -3 -1
right_child=1 2 3 -5 -6 -7 -8 8 -10 -11 -12 -13
leaf_value=-0.022527011512946508 0.26806670006792599 -0.15723941417134135 0.1657581264572289 0.41501911737720165 -0.15978320056569986 -0.17048349781722238 0.17292549499712492 -0.029820726579549359 0.3508640789753053 -0.24084135294515033 0.1758230274858929 0.073668807774259326
leaf_weight=807 23 54 65 22 72 36 28 24 20 21 31 85
leaf_count=807 23 54 65 22 72 36 28 24 20 21 31 85
internal_value=-1.31028e-05 0.0232276 0.00150129 0.0539862 -0.00526636 -0.00671769 -0.00051363 -0.00579474 0.145148 -0.0770818 -0.0354166 -0.0133209
internal_weight=1288 288 265 159 137 1000 964 936 44 106 85 892
internal_count=1288 288 265 159 137 1000 964 936 44 106 85 892
is_linear=0
shrinkage=0.03


Tree=274
num_leaves=11
num_cat=0
split_feature=2 1 0 1 0 2 1 2 11 2
split_gain=221.288 1568.93 2017.51 1183.76 1631.96 938.729 950.741 810.643 4029.55 1405.51
threshold=-0.97499999999999987 -2.2099999999999995 -3.3299999999999996 -2.1549999999999998 -3.8249999999999997 -1.0449999999999997 -1.1499999999999997 -0.40499999999999997 4.5000000000000009 -0.23499999999999996
decision_type=2 2 2 2 2 2 2 2 2 2
left_child=3 -2 -3 -1 -5 6 -6 8 -4 -9
right_child=1 2 7 4 5 -7 -8 9 -10 -11
leaf_value=-0.2331351895650228 0.229554779772325 -0.24040014667980003 0.26287014318895341 0.21155193069739775 -0.15754164232606771 -0.1881997719177457 0.028364029703824692 -0.10596392110029161 -0.010478613488838591 0.0087578347804104176
leaf_weight=22 27 30 62 27 30 30 131 114 217 598
leaf_count=22 27 30 62 27 30 30 131 114 217 598
internal_value=-2.77397e-06 0.00594805 -7.16826e-05 -0.0259589 -0.00455179 -0.0355887 -0.0066387 0.00731819 0.0506164 -0.0096678
internal_weight=1288 1048 1021 240 218 191 161 991 279 712
internal_count=1288 1048 1021 240 218 191 161 991 279 712
is_linear=0
shrinkage=0.03


Tree=275
num_leaves=9
num_cat=0
split_feature=1 1 1 2 11 1 2 1
split_gain=219.615 369.207 954.451 2937.51 931.332 913.474 1761 1150.44
threshold=-2.5899999999999994 -1.8849999999999996 -1.5849999999999997 -0.67499999999999993 4.5000000000000009 -1.3299999999999998 -0.8849999999999999 -1.1649999999999998
decision_type=2 2 2 2 2 2 2 2
left_child=-1 4 3 -3 -2 6 -4 -7
right_child=1 2 5 -5 -6 7 -8 -9
leaf_value=0.090863211591193024 -0.22641349048614501 0.40452094232608987 0.12099346276493959 -0.070647900607369168 0.022040161796238109 0.14024181548697606 -0.20371873963233267 -0.0036939637688073244
leaf_weight=23 22 20 21 27 34 52 50 1039
leaf_count=23 22 20 21 27 34 52 50 1039
internal_value=-4.9572e-06 -0.00169472 0.00180508 0.133618 -0.0766534 -0.00357903 -0.107461 0.00322475
internal_weight=1288 1265 1209 47 56 1162 71 1091
internal_count=1288 1265 1209 47 56 1162 71 1091
is_linear=0
shrinkage=0.03


Tree=276
num_leaves=14
num_cat=1
split_feature=2 6 12 2 7 1 2 2 5 1 1 4 2
split_gain=232.081 415.39 410.377 1978.75 1744.2 3085 2050.86 1577.62 1195.03 2697.57 1138.11 1000.66 190.462
threshold=-1.595 1.0000000180025095e-35 0 -1.2049999999999998 1.0000000180025095e-35 1.2050000000000003 -0.29499999999999993 -1.2449999999999999 1.0000000180025095e-35 -1.1649999999999998 0.020000000000000004 1.0000000180025095e-35 -1.4249999999999996
decision_type=2 2 9 2 2 2 2 2 2 2 2 2 2
left_child=1 -1 7 11 6 -6 -5 12 10 -10 -9 -4 -2
right_child=2 -3 3 4 5 -7 -8 8 9 -11 -12 -13 -14
leaf_value=0.027839974548758525 -0.11939576172321402 -0.16140849184712699 0.070972139297832151 -0.22785144340095265 0.012517709714681031 0.35370687277176799 0.015765512973284549 0.010606275373755148 0.20274841060436946 -0.075200044821520304 0.1507313605228453 0.33762924389449911 -0.24772441060543057
leaf_weight=20 23 21 27 56 370 25 69 257 35 274 65 24 22
leaf_count=20 23 21 27 56 370 25 69 257 35 274 65 24 22
internal_value=-1.47678e-06 -0.0697967 0.00231796 0.020829 0.00361659 0.0345394 -0.0938239 -0.0134267 -0.00131722 -0.0434308 0.0390915 0.198576 -0.184233
internal_weight=1288 41 1247 571 520 395 125 676 631 309 322 51 45
internal_count=1288 41 1247 571 520 395 125 676 631 309 322 51 45
cat_boundaries=0 1
cat_threshold=621324474
is_linear=0
shrinkage=0.03


Tree=277
num_leaves=12
num_cat=1
split_feature=0 4 0 0 12 0 0 11 11 0 1
split_gain=248.273 1016.94 798.746 597.805 478.157 3636.28 1996.71 1477.21 1110.05 1031.52 397.26
threshold=1.7450000000000003 1.0000000180025095e-35 1.5050000000000001 2.3250000000000006 0 0.42500000000000004 0.7350000000000001 6.5000000000000009 7.5000000000000009 0.18500000000000003 1.6800000000000002
decision_type=2 2 2 2 9 2 2 2 2 2 2
left_child=2 3 4 -2 5 9 8 -8 -6 -1 -3
right_child=1 10 -4 -5 6 -7 7 -9 -10 -11 -12
leaf_value=-0.011337951705030451 -0.061635460888467178 -0.057062138208528845 0.18466185944579366 0.16503779955242956 -0.0097266497011793632 -0.31728408953169696 0.29086583860818438 -0.016805861981709799 0.1371645979050434 0.20849044843999351 -0.24492112347414324
leaf_weight=305 20 20 21 21 716 35 38 22 49 20 21
leaf_count=305 20 20 21 21 716 35 38 22 49 20 21
internal_value=0 -0.050349 0.00344356 0.0549828 0.000153042 -0.028214 0.0127321 0.178797 -0.000230564 0.00248021 -0.155146
internal_weight=1288 82 1206 41 1185 360 825 60 765 325 41
internal_count=1288 82 1206 41 1185 360 825 60 765 325 41
cat_boundaries=0 1
cat_threshold=1078332526
is_linear=0
shrinkage=0.03


Tree=278
num_leaves=11
num_cat=1
split_feature=0 2 2 0 12 0 0 1 1 11
split_gain=233.985 1101.13 2199.88 752.593 457.689 4228.08 2019.83 2996.3 1415.08 977.578
threshold=1.7450000000000003 0.6150000000000001 1.0450000000000002 1.5050000000000001 0 0.42500000000000004 0.7350000000000001 0.30500000000000005 -0.35499999999999993 7.5000000000000009
decision_type=2 2 2 2 9 2 2 2 2 2
left_child=3 -2 -3 4 5 8 9 -8 -1 -6
right_child=1 2 -4 -5 6 -7 7 -9 -10 -11
leaf_value=0.066177814614662073 -0.18150289949997148 0.27970779326485429 -0.12494607767210168 0.17925083734822828 -0.0097059074312997023 -0.35499277311471789 -0.12625648894542602 0.31482284272128136 -0.062126266864815143 0.12936234390551282
leaf_weight=161 33 20 29 21 733 32 20 43 148 48
leaf_count=161 33 20 29 21 733 32 20 43 148 48
internal_value=1.29908e-06 -0.0488757 0.0413152 0.00334598 0.000151858 -0.0286637 0.0120051 0.174859 0.00471395 -0.00107768
internal_weight=1288 82 49 1206 1185 341 844 63 309 781
internal_count=1288 82 49 1206 1185 341 844 63 309 781
cat_boundaries=0 1
cat_threshold=1615203374
is_linear=0
shrinkage=0.03


Tree=279
num_leaves=11
num_cat=0
split_feature=2 1 1 2 1 11 1 1 1 1
split_gain=228.34 1475.59 1085.76 1201.64 713.044 1694.86 857.84 1386.48 382.787 414.838
threshold=-0.97499999999999987 -2.2099999999999995 -2.1549999999999998 -1.0449999999999997 -1.6349999999999998 4.5000000000000009 -1.5249999999999997 -1.3749999999999998 -1.4199999999999997 -1.1949999999999996
decision_type=2 2 2 2 2 2 2 2 2 2
left_child=2 -2 -1 8 5 -3 -6 -8 -4 -10
right_child=1 4 3 -5 6 -7 7 -9 9 -11
leaf_value=-0.22477680702209471 0.22290585230047053 -0.28831959758972636 0.12020610102278287 -0.17729995454493025 0.19787462365918043 0.061698879522435801 -0.20436436799952859 0.0080811936830252548 -0.11845134935787943 0.023321787841372441
leaf_weight=22 27 24 30 31 20 25 28 924 21 136
leaf_count=22 27 24 30 31 20 25 28 924 21 136
internal_value=2.3985e-06 0.00605199 -0.0263593 -0.00585328 0.000208125 -0.110859 0.00586438 0.00172565 0.0229494 0.00402362
internal_weight=1288 1048 240 218 1021 49 972 952 187 157
internal_count=1288 1048 240 218 1021 49 972 952 187 157
is_linear=0
shrinkage=0.03


Tree=280
num_leaves=11
num_cat=1
split_feature=0 2 2 0 12 0 0 1 1 11
split_gain=222.415 1037.25 2072.73 707.077 437.43 3986.76 1888.51 2821.91 1326.02 913.233
threshold=1.7450000000000003 0.6150000000000001 1.0450000000000002 1.5050000000000001 0 0.42500000000000004 0.7350000000000001 0.30500000000000005 -0.35499999999999993 7.5000000000000009
decision_type=2 2 2 2 9 2 2 2 2 2
left_child=3 -2 -3 4 5 8 9 -8 -1 -6
right_child=1 2 -4 -5 6 -7 7 -9 -10 -11
leaf_value=0.064617738092462337 -0.17637789808736362 0.27128469206065664 -0.12149956628831766 0.17376157325922056 -0.0092789662984701302 -0.34474553381846501 -0.12279769807908594 0.30524706221448961 -0.057140501012311912 0.12520396038598008
leaf_weight=161 33 20 29 21 721 32 20 43 160 48
leaf_count=161 33 20 29 21 721 32 20 43 160 48
internal_value=0 -0.0476553 0.0398808 0.00325891 0.000162798 -0.0273439 0.0120303 0.169416 0.00392446 -0.000804915
internal_weight=1288 82 49 1206 1185 353 832 63 321 769
internal_count=1288 82 49 1206 1185 353 832 63 321 769
cat_boundaries=0 1
cat_threshold=1615211566
is_linear=0
shrinkage=0.03


Tree=281
num_leaves=15
num_cat=1
split_feature=1 1 5 1 4 1 12 1 9 1 1 1 11 6
split_gain=224.951 2584.1 1139.53 1265.97 717.826 3736.94 711.784 1562.14 893.409 714.244 2955.38 1145.74 423.242 420.431
threshold=0.60500000000000009 0.54500000000000015 1.0000000180025095e-35 0.98000000000000009 1.0000000180025095e-35 1.4700000000000002 0 -0.57999999999999985 1.0000000180025095e-35 -0.53499999999999992 -0.23499999999999996 -0.7599999999999999 5.5000000000000009 1.0000000180025095e-35
decision_type=2 2 2 2 2 2 9 2 2 2 2 2 2 2
left_child=1 6 3 -2 -4 13 7 8 -1 11 -11 -8 -9 -6
right_child=2 -3 4 -5 5 -7 9 12 -10 10 -12 -13 -14 -15
leaf_value=0.13972664837733559 -0.31352665607472685 0.33865609003857866 0.12982032542308453 -0.0035529875074114116 0.0060044107417591289 -0.33776302128328994 0.0047898105691263678 -0.087414608494180146 -0.089571699070930488 0.16110318308112059 -0.0074381610732183606 -0.1130613731893282 -0.24291642426101254 0.15780616073085837
leaf_weight=34 23 20 35 24 30 25 346 30 27 121 408 94 35 36
leaf_count=34 23 20 35 24 30 25 346 30 27 121 408 94 35 36
internal_value=0 0.004944 -0.0317764 -0.157009 0.0153496 -0.0291136 -0.00130024 -0.0654603 0.0382821 0.00766505 0.0312229 -0.0204804 -0.172407 0.0894144
internal_weight=1288 1115 173 47 126 91 1095 126 61 969 529 440 65 66
internal_count=1288 1115 173 47 126 91 1095 126 61 969 529 440 65 66
cat_boundaries=0 1
cat_threshold=1080035340
is_linear=0
shrinkage=0.03


Tree=282
num_leaves=9
num_cat=0
split_feature=1 0 0 1 2 2 11 0
split_gain=234.218 585.936 1000.1 688.332 594.216 887.815 629.56 515.203
threshold=1.7300000000000002 1.3400000000000003 1.1150000000000004 1.1350000000000002 0.48500000000000004 0.21500000000000002 4.5000000000000009 1.8350000000000002
decision_type=2 2 2 2 2 2 2 2
left_child=1 2 4 7 5 -1 -6 -3
right_child=-2 3 -4 -5 6 -7 -8 -9
leaf_value=-0.0016812859391070393 0.077111832261085519 -0.21819820356735814 0.19728200786164465 0.029728781757147413 -0.19086049291654067 0.099261237349426518 -0.025230081576567431 -0.031691461755874312
leaf_weight=946 34 32 23 34 27 85 84 23
leaf_count=946 34 32 23 34 27 85 84 23
internal_value=0 -0.00212238 0.00355643 -0.0760955 -0.000427227 0.00668202 -0.0662207 -0.141247
internal_weight=1288 1254 1165 89 1142 1031 111 55
internal_count=1288 1254 1165 89 1142 1031 111 55
is_linear=0
shrinkage=0.03


Tree=283
num_leaves=11
num_cat=0
split_feature=2 1 0 1 0 2 1 2 11 1
split_gain=222.489 1379.12 1846.1 1025.04 1482.68 824.057 936.13 797.205 3431.93 1660.86
threshold=-0.97499999999999987 -2.2099999999999995 -3.3299999999999996 -2.1549999999999998 -3.8249999999999997 -1.0449999999999997 -1.1499999999999997 -0.39499999999999996 4.5000000000000009 -1.6349999999999998
decision_type=2 2 2 2 2 2 2 2 2 2
left_child=3 -2 -3 -1 -5 6 -6 8 -4 -9
right_child=1 2 7 4 5 -7 -8 9 -10 -11
leaf_value=-0.21881678568522134 0.21561235306913201 -0.22956990781768422 0.24030182021446811 0.19988542923493818 -0.15828068700383921 -0.17867028162518483 0.026191213486539095 -0.27593446005262984 -0.006543439098880657 -0.0018700915493807949
leaf_weight=22 27 30 65 27 30 30 131 20 224 682
leaf_count=22 27 30 65 27 30 30 131 20 224 682
internal_value=-1.22305e-07 0.00596684 0.000317074 -0.0260266 -0.00610074 -0.0356807 -0.00854747 0.0073916 0.0492842 -0.0098733
internal_weight=1288 1048 1021 240 218 191 161 991 289 702
internal_count=1288 1048 1021 240 218 191 161 991 289 702
is_linear=0
shrinkage=0.03


Tree=284
num_leaves=22
num_cat=2
split_feature=12 2 2 0 0 11 2 2 6 0 0 0 12 2 2 2 2 9 0 2 0
split_gain=218.857 667.474 764.731 429.79 1758.38 768.404 421.334 2125.99 2865.61 1089.88 2006.26 1320.84 960.706 1948.37 1553 974.372 1319.66 382.015 477.06 445.704 166.189
threshold=0 -0.23499999999999996 -0.094999999999999987 -0.82499999999999984 -1.2149999999999996 6.5000000000000009 -0.39499999999999996 -0.50499999999999989 1.0000000180025095e-35 -1.9099999999999997 -0.94499999999999984 -2.1049999999999995 1 0.045000000000000005 0.79500000000000015 1.1050000000000002 0.89500000000000013 1.0000000180025095e-35 0.03500000000000001 0.51500000000000012 -0.99499999999999988
decision_type=9 2 2 2 2 2 2 2 2 2 2 2 9 2 2 2 2 2 2 2 2
left_child=1 3 -3 4 5 -1 7 9 -9 11 -11 -2 13 20 -15 16 -14 19 -19 -4 -8
right_child=6 2 17 -5 -6 -7 12 8 -10 10 -12 -13 15 14 -16 -17 -18 18 -20 -21 -22
leaf_value=-0.041035254733315832 0.022024849672277434 0.19902558841937926 0.098412894189947905 -0.14861947518755012 0.18717110450051047 -0.21094528628001777 -0.31756462362335952 0.4371139888482935 -0.014490596890449525 -0.16561790579277394 0.067035146530009498 0.27107982444763179 0.01744868474733496 0.067452366288827392 -0.18158915868539077 0.19185279907370514 -0.23040979162076625 0.040792722435431049 -0.12692145453328674 -0.059913889498152628 -0.1839746116196237
leaf_weight=130 178 20 50 35 27 29 20 25 25 74 60 21 339 73 32 26 20 27 34 23 20
leaf_count=130 178 20 50 35 27 29 20 25 25 74 60 21 339 73 32 26 20 27 34 23 20
internal_value=-4.77225e-06 -0.0189932 0.0283813 -0.0528658 -0.0344814 -0.0726081 0.00791848 0.0319599 0.213344 0.00443701 -0.0615607 0.0489356 -0.00931372 -0.0722087 -0.00891847 0.0158901 0.00333081 0.00224449 -0.0529104 0.0484201 -0.25394
internal_weight=1288 375 154 221 186 159 913 383 50 333 134 199 530 145 105 385 359 134 61 73 40
internal_count=1288 375 154 221 186 159 913 383 50 333 134 199 530 145 105 385 359 134 61 73 40
cat_boundaries=0 1 2
cat_threshold=90319418 537165824
is_linear=0
shrinkage=0.03


Tree=285
num_leaves=9
num_cat=1
split_feature=1 0 0 1 2 12 1 0
split_gain=222.026 545.897 946.89 643.111 543.156 835.517 595.442 485.042
threshold=1.7300000000000002 1.3400000000000003 1.1150000000000004 1.1350000000000002 0.48500000000000004 0 -0.084999999999999978 1.8350000000000002
decision_type=2 2 2 2 2 9 2 2
left_child=1 2 4 7 5 -1 -6 -3
right_child=-2 3 -4 -5 6 -7 -8 -9
leaf_value=-0.041890826918949298 0.075071881019550826 -0.21111257878083448 0.1919101360300754 0.028812231623608131 -0.0057170289145376443 0.021084783714141769 -0.14687148137341488 -0.03015956628068964
leaf_weight=238 34 32 23 34 66 793 45 23
leaf_count=238 34 32 23 34 66 793 45 23
internal_value=-5.51039e-06 -0.0020726 0.00340867 -0.0734736 -0.000467467 0.00632938 -0.0633707 -0.136449
internal_weight=1288 1254 1165 89 1142 1031 111 55
internal_count=1288 1254 1165 89 1142 1031 111 55
cat_boundaries=0 1
cat_threshold=1094846569
is_linear=0
shrinkage=0.03


Tree=286
num_leaves=12
num_cat=0
split_feature=1 1 1 2 2 1 0 0 0 1 6
split_gain=223.404 2474.47 1042.79 1719.22 3689.95 2421.31 879.065 2102.4 1858.96 982.861 237.571
threshold=0.60500000000000009 0.54500000000000015 0.78500000000000014 1.0800000000000003 0.65500000000000014 1.4700000000000002 1.1150000000000004 0.47000000000000003 0.18500000000000003 0.30500000000000005 1.0000000180025095e-35
decision_type=2 2 2 2 2 2 2 2 2 2 2
left_child=1 6 10 4 5 -4 7 8 -1 -9 -2
right_child=2 -3 3 -5 -6 -7 -8 9 -10 -11 -12
leaf_value=-0.0053386669273092005 -0.081567183685302733 0.33146813274011377 0.08893346600643301 -0.22619647784233093 0.41355598963138662 -0.24640176311791953 0.16034438139705334 -0.077565668427425891 0.17479779973298035 -0.33160291729962565 -0.22197988122574827
leaf_weight=955 22 20 56 22 21 29 29 34 54 23 23
leaf_count=955 22 20 56 22 21 29 29 34 54 23 23
internal_value=-1.15726e-05 0.00491166 -0.0316822 0.0121006 0.0624164 -0.0262118 -0.00119867 -0.00566929 0.00438077 -0.182116 -0.15505
internal_weight=1288 1115 173 128 106 85 1095 1066 1009 57 45
internal_count=1288 1115 173 128 106 85 1095 1066 1009 57 45
is_linear=0
shrinkage=0.03


Tree=287
num_leaves=9
num_cat=0
split_feature=1 0 0 1 2 2 11 0
split_gain=237.886 544.045 861.354 641.065 513.06 834.555 602.637 452.616
threshold=1.7300000000000002 1.3400000000000003 1.1150000000000004 1.1350000000000002 0.48500000000000004 0.21500000000000002 4.5000000000000009 1.8350000000000002
decision_type=2 2 2 2 2 2 2 2
left_child=1 2 4 7 5 -1 -6 -3
right_child=-2 3 -4 -5 6 -7 -8 -9
leaf_value=-0.0018785408227077187 0.077701214313507086 -0.20844585615304798 0.18310683742989886 0.028692828369529348 -0.1834470454606143 0.095989302938444571 -0.021429226840741535 -0.033509606381680102
leaf_weight=946 34 32 23 34 27 85 84 23
leaf_count=946 34 32 23 34 27 85 84 23
internal_value=-1.15466e-05 -0.00215111 0.00332089 -0.0734309 -0.000375945 0.00622981 -0.0615118 -0.136306
internal_weight=1288 1254 1165 89 1142 1031 111 55
internal_count=1288 1254 1165 89 1142 1031 111 55
is_linear=0
shrinkage=0.03


Tree=288
num_leaves=10
num_cat=0
split_feature=1 1 5 1 0 0 2 2 0
split_gain=224.033 535.033 2402.34 2343.34 843.283 1982.84 570.751 1075.61 313.478
threshold=1.7300000000000002 0.60500000000000009 1.0000000180025095e-35 0.54500000000000015 1.1150000000000004 0.47000000000000003 0.63500000000000012 -0.024999999999999998 1.5050000000000001
decision_type=2 2 2 2 2 2 2 2 2
left_child=1 3 8 4 5 -1 7 -4 -3
right_child=-2 2 6 -5 -6 -7 -8 -9 -10
leaf_value=0.004272044206422825 0.075403966095136554 -0.33664865572859604 -0.013764526099994264 0.32262342648389863 0.15711186116428696 -0.17684451579218322 -0.076832252389063008 0.24203190051714582 -0.16133737140167051
leaf_weight=1009 34 20 43 20 29 57 34 22 20
leaf_count=1009 34 20 43 20 29 57 34 22 20
internal_value=-1.19359e-05 -0.00208834 -0.05748 0.00483698 -0.0011092 -0.00548798 0.0220125 0.0739536 -0.252141
internal_weight=1288 1254 139 1115 1095 1066 99 65 40
internal_count=1288 1254 139 1115 1095 1066 99 65 40
is_linear=0
shrinkage=0.03


Tree=289
num_leaves=7
num_cat=0
split_feature=2 6 2 1 1 1
split_gain=220.88 392.493 331.473 508.05 1227.93 1030.23
threshold=-1.595 1.0000000180025095e-35 -1.4849999999999997 -2.2099999999999995 -1.8949999999999998 -1.5849999999999997
decision_type=2 2 2 2 2 2
left_child=1 -1 -2 -4 -5 -6
right_child=2 -3 3 4 5 -7
leaf_value=0.026807992536847181 0.10930254139619716 -0.15715184531100962 0.10726798723967045 -0.21816451369955187 0.1408056291276282 -0.0048257133492201473
leaf_weight=20 25 21 38 23 45 1116
leaf_count=20 25 21 38 23 45 1116
internal_value=-1.10884e-05 -0.0681012 0.00225163 1.52954e-05 -0.00346823 0.000874513
internal_weight=1288 41 1247 1222 1184 1161
internal_count=1288 41 1247 1222 1184 1161
is_linear=0
shrinkage=0.03


Tree=290
num_leaves=10
num_cat=1
split_feature=1 0 0 11 1 0 12 1 5
split_gain=211.799 519.034 815.453 3156.38 2204.27 1635.3 1058.09 617.352 861.469
threshold=1.7300000000000002 1.3400000000000003 0.7350000000000001 6.5000000000000009 0.29000000000000009 0.47000000000000003 0 1.1350000000000002 1.0000000180025095e-35
decision_type=2 2 2 2 2 2 9 2 2
left_child=1 2 5 4 -4 6 -1 8 -3
right_child=-2 7 3 -5 -6 -7 -8 -9 -10
leaf_value=-0.033429806148662422 0.073317304170649994 -0.0071960405628636193 0.025572489611307776 -0.18890699389775595 0.44004177356739432 -0.19247666410554815 0.027603170021170711 0.028559523417249967 -0.2443196210255057
leaf_weight=406 34 26 22 22 24 39 652 34 29
leaf_count=406 34 26 22 22 24 39 652 34 29
internal_value=-1.05693e-05 -0.00202955 0.0033151 0.103737 0.244288 -0.00295147 0.00411959 -0.0716516 -0.133354
internal_weight=1288 1254 1165 68 46 1097 1058 89 55
internal_count=1288 1254 1165 68 46 1097 1058 89 55
cat_boundaries=0 1
cat_threshold=1096984771
is_linear=0
shrinkage=0.03


Tree=291
num_leaves=15
num_cat=1
split_feature=2 11 2 11 0 2 12 2 0 0 4 2 2 2
split_gain=212.269 2318.86 1806.3 1966.27 3200.48 1545.93 977.105 1242.78 3985.68 1473.57 952.961 1969.07 948.349 54.4104
threshold=0.46500000000000002 4.5000000000000009 0.55500000000000016 6.5000000000000009 1.2100000000000002 0.36500000000000005 0 0.14500000000000005 -0.72499999999999987 0.23500000000000001 1.0000000180025095e-35 -1.2149999999999996 -0.69499999999999984 0.85500000000000009
decision_type=2 2 2 2 2 2 9 2 2 2 2 2 2 2
left_child=5 -2 -3 4 -4 6 10 9 -9 -8 11 -1 -12 -5
right_child=1 2 3 13 -6 -7 7 8 -10 -11 12 -13 -14 -15
leaf_value=-0.24231150496707243 -0.18166975404070568 0.34050440733607223 -0.036052560621056676 -0.098653964692545018 0.29728441710426251 -0.18714446875342616 0.021807919995961749 -0.16057301439372998 0.29585529435403413 -0.15379644772314258 0.0041637408620602374 0.039914892567604526 -0.15125756580333419 -0.17468632516919114
leaf_weight=25 38 20 60 20 45 40 572 26 49 46 55 174 98 20
leaf_count=25 38 20 60 20 45 40 572 26 49 46 55 174 98 20
internal_value=-1.23684e-05 0.0281024 0.0768346 0.0394006 0.10751 -0.00528584 0.00175856 0.0223456 0.137572 0.00861843 -0.0382857 0.00392584 -0.095536 -0.138432
internal_weight=1288 203 165 145 105 1085 1045 693 75 618 352 199 153 40
internal_count=1288 203 165 145 105 1085 1045 693 75 618 352 199 153 40
cat_boundaries=0 1
cat_threshold=1124211322
is_linear=0
shrinkage=0.03


Tree=292
num_leaves=10
num_cat=1
split_feature=0 2 0 0 11 1 12 0 0
split_gain=214.167 985.587 1906.88 740.198 2887.72 900.208 684.51 2148.73 1200.29
threshold=1.7450000000000003 0.6150000000000001 2.6300000000000003 1.2850000000000004 5.5000000000000009 0.89000000000000012 0 0.7350000000000001 0.63500000000000012
decision_type=2 2 2 2 2 2 9 2 2
left_child=3 -2 -3 5 -5 6 8 -8 -1
right_child=1 2 -4 4 -6 -7 7 -9 -10
leaf_value=-0.017122441316596394 -0.17225780711387312 -0.15854463432570723 0.21271241628223994 -0.12562562413548317 0.36122291806538892 -0.15462403985012824 0.0081852812789889127 0.23831718584469386 -0.2531468661005904
leaf_weight=362 33 23 26 21 22 33 710 38 20
leaf_count=362 33 23 26 21 22 33 710 38 20
internal_value=-1.66385e-05 -0.0467825 0.0385471 0.00317871 0.12468 -0.00136265 0.00317688 0.0197678 -0.029043
internal_weight=1288 82 49 1206 43 1163 1130 748 382
internal_count=1288 82 49 1206 43 1163 1130 748 382
cat_boundaries=0 1
cat_threshold=1164061773
is_linear=0
shrinkage=0.03


Tree=293
num_leaves=18
num_cat=1
split_feature=2 12 7 2 2 2 5 0 9 2 2 2 0 7 11 2 6
split_gain=204.572 443.227 2025.91 2841.18 3807.98 2414.03 2546.88 2215.6 1537.91 735.321 2198.54 1256.53 1344.16 1080.74 640.257 493.97 378.243
threshold=-1.595 0 1.0000000180025095e-35 -0.39499999999999996 -0.23499999999999996 -0.56499999999999984 1.0000000180025095e-35 1.3400000000000003 1.0000000180025095e-35 0.35500000000000004 0.88500000000000012 -0.50499999999999989 -2.1049999999999995 1.0000000180025095e-35 5.5000000000000009 1.1400000000000001 1.0000000180025095e-35
decision_type=2 9 2 2 2 2 2 2 2 2 2 2 2 2 2 2 2
left_child=16 9 5 8 -5 6 -3 -7 -4 11 14 13 -13 -2 -11 -12 -1
right_child=1 2 3 4 -6 7 -8 -9 -10 10 15 12 -14 -15 -16 -17 -18
leaf_value=0.027596743341626186 0.058561964892249067 -0.4035729193914504 0.061202796284766763 -0.29806292618875918 0.044469675031233953 0.091801498672713533 -0.006271410903063687 -0.25711615688044853 0.2499630398720688 -0.065650554306144956 0.18823839817148574 -0.1080599144422091 0.068563187541839515 -0.082389882910067741 -0.22613670528153759 -0.0031586643457412718 -0.15297026565463046
leaf_weight=20 65 31 76 34 190 81 27 20 80 39 23 45 263 194 54 25 21
leaf_count=20 65 31 76 34 190 81 27 20 80 39 23 45 263 194 54 25 21
internal_value=-1.69167e-05 0.00216059 0.0224118 0.0604345 -0.00805656 -0.0669409 -0.220308 0.0217531 0.158511 -0.0133847 -0.0747533 0.00168749 0.0426148 -0.0469596 -0.159579 0.0894857 -0.0655452
internal_weight=1288 1247 539 380 224 159 58 101 156 708 141 567 308 259 93 48 41
internal_count=1288 1247 539 380 224 159 58 101 156 708 141 567 308 259 93 48 41
cat_boundaries=0 1
cat_threshold=608757946
is_linear=0
shrinkage=0.03


Tree=294
num_leaves=21
num_cat=3
split_feature=3 12 9 12 7 12 2 2 2 9 6 11 2 11 11 2 7 2 2 2
split_gain=202.996 581.344 1481.5 3747.39 2559.28 2356.4 3461.58 1277.09 875.834 698.223 1523.46 1095.84 1070.89 857.359 502.325 356.579 585.247 425.111 481.307 153.791
threshold=1.0000000180025095e-35 0 1.0000000180025095e-35 1 1.0000000180025095e-35 2 -0.40499999999999997 0.51500000000000012 -0.60499999999999987 1.0000000180025095e-35 1.0000000180025095e-35 6.5000000000000009 -1.2699999999999998 5.5000000000000009 4.5000000000000009 -0.30499999999999994 1.0000000180025095e-35 -0.054999999999999993 0.32500000000000007 -0.72499999999999987
decision_type=2 9 2 9 2 9 2 2 2 2 2 2 2 2 2 2 2 2 2 2
left_child=15 9 5 8 -5 6 -3 -7 -4 10 13 -12 -11 -2 -14 16 -1 -17 -19 -18
right_child=1 2 3 4 -6 7 -8 -9 -10 12 11 -13 14 -15 -16 17 19 18 -20 -21
leaf_value=0.053335650952657056 -0.0080771363492649385 0.032266357844216484 -0.24039291460173473 -0.078521908772456184 0.19212759369866461 0.094057021169034777 -0.31112655198685474 -0.14798987315563444 -0.035321593639857929 -0.25072317794164023 0.16307386806208615 -0.023655466446715793 0.089191783851047729 -0.16840288061618805 -0.049106998386026238 0.1313814503884897 -0.18752798342197499 -0.12108064654294183 0.069356372822821144 -0.084257817538816532
leaf_weight=22 151 52 24 38 175 119 53 23 81 22 78 44 26 37 220 20 23 25 22 33
leaf_count=22 151 52 24 38 175 119 53 23 81 22 78 44 26 37 220 20 23 25 22 33
internal_value=-2.59439e-05 0.00421844 0.0255929 0.0688162 0.137326 -0.0290353 -0.129422 0.050879 -0.0759423 -0.0168257 0.0135293 0.0958827 -0.0525355 -0.0400095 -0.0343266 -0.0334035 -0.0768088 0.0172782 -0.032085 -0.12801
internal_weight=1288 1143 565 318 213 247 105 142 105 578 310 122 268 188 246 145 78 67 47 56
internal_count=1288 1143 565 318 213 247 105 142 105 578 310 122 268 188 246 145 78 67 47 56
cat_boundaries=0 1 2 3
cat_threshold=625501042 33797 262272
is_linear=0
shrinkage=0.03


Tree=295
num_leaves=15
num_cat=1
split_feature=1 12 1 1 1 1 2 1 6 1 2 1 1 2
split_gain=214.402 337.837 1825.04 1714.73 1527.24 4285.36 4891.59 2021.4 2803.59 1393.96 1347.04 1095.77 1856.39 808.662
threshold=-2.5899999999999994 0 -0.26499999999999996 0.92000000000000015 -0.27499999999999997 -0.44499999999999995 -0.40499999999999997 0.15500000000000003 1.0000000180025095e-35 0.57500000000000007 -0.39499999999999996 -0.46499999999999991 -0.56499999999999984 -0.61499999999999988
decision_type=2 9 2 2 2 2 2 2 2 2 2 2 2 2
left_child=-1 2 11 9 5 10 -7 13 -9 -4 -3 12 -2 -6
right_child=1 4 3 -5 7 6 -8 8 -10 -11 -12 -13 -14 -15
leaf_value=0.089747552952867876 -0.07993538538309243 0.069754603324669789 0.044554411844326097 -0.16888151066615933 -0.21290270400047298 -0.050655395786936688 0.551748163655156 0.14438283282326111 -0.060267936440851412 0.30104503108179848 -0.057329349752557407 -0.2206716847154829 0.2143799038044242 -0.065822350325821274
leaf_weight=23 188 171 172 30 43 20 30 108 135 21 133 40 21 153
leaf_count=23 188 171 172 30 43 20 30 108 135 21 133 40 21 153
internal_value=-3.57055e-05 -0.00170531 -0.0215246 0.0403008 0.0102359 0.0566892 0.312612 -0.0270052 0.0307853 0.073184 0.0141427 -0.0777389 -0.0499076 -0.0985649
internal_weight=1288 1265 472 223 793 354 50 439 243 193 304 249 209 196
internal_count=1288 1265 472 223 793 354 50 439 243 193 304 249 209 196
cat_boundaries=0 1
cat_threshold=90335802
is_linear=0
shrinkage=0.03


Tree=296
num_leaves=11
num_cat=1
split_feature=1 1 5 1 12 9 11 1 9 2
split_gain=209.598 497.648 2343.78 2199.66 670.113 1317.86 910.71 539.423 1096.7 2.24312
threshold=1.7300000000000002 0.60500000000000009 1.0000000180025095e-35 0.54500000000000015 0 1.0000000180025095e-35 7.5000000000000009 0.78500000000000014 1.0000000180025095e-35 0.51500000000000012
decision_type=2 2 2 2 9 2 2 2 2 2
left_child=1 3 9 4 5 -1 -6 -4 -9 -3
right_child=-2 2 7 -5 6 -7 -8 8 -10 -11
leaf_value=0.021948687380839341 0.072916889216669889 -0.21592836947557403 -0.090180175026980308 0.31253155391972237 0.0076012134885049725 -0.09450305193677673 0.16127415810055928 0.18185859463108728 -0.050908002219788015 -0.27335175000167478
leaf_weight=176 34 20 27 20 710 173 36 36 36 20
leaf_count=176 34 20 27 20 710 173 36 36 36 20
internal_value=-2.88229e-05 -0.00203728 -0.0554588 0.00464162 -0.00111928 -0.0348243 0.0149242 0.0230527 0.0658855 -0.247734
internal_weight=1288 1254 139 1115 1095 349 746 99 72 40
internal_count=1288 1254 139 1115 1095 349 746 99 72 40
cat_boundaries=0 1
cat_threshold=1113745517
is_linear=0
shrinkage=0.03


Tree=297
num_leaves=9
num_cat=0
split_feature=1 1 1 11 1 11 11 1
split_gain=200.89 324.35 887.866 2171.76 821.18 873.913 758.212 668.735
threshold=-2.5899999999999994 -1.8849999999999996 -1.5849999999999997 4.5000000000000009 -1.3749999999999998 5.5000000000000009 4.5000000000000009 -1.1649999999999998
decision_type=2 2 2 2 2 2 2 2
left_child=-1 6 3 -3 5 -4 -2 -6
right_child=1 2 4 -5 7 -7 -8 -9
leaf_value=0.08688047498337767 -0.2070219923178355 -0.087743928941090898 -0.20937509059387704 0.31740218060156872 0.093642888801627688 0.031843121719360344 0.017175776577514148 -0.0038009123151129432
leaf_weight=23 22 22 34 25 67 22 34 1039
leaf_count=23 22 22 34 25 67 22 34 1039
internal_value=-2.74318e-05 -0.00164365 0.00163654 0.128769 -0.00355624 -0.115115 -0.0719014 0.00213904
internal_weight=1288 1265 1209 47 1162 56 56 1106
internal_count=1288 1265 1209 47 1162 56 56 1106
is_linear=0
shrinkage=0.03


Tree=298
num_leaves=12
num_cat=1
split_feature=0 4 0 0 12 0 0 11 0 4 0
split_gain=194.987 846.658 729.486 474.437 421.646 5775.49 3187.96 1273.93 1148.6 510.716 54.4243
threshold=1.7450000000000003 1.0000000180025095e-35 1.5050000000000001 2.3250000000000006 0 0.47000000000000003 0.7350000000000001 7.5000000000000009 -4.004999999999999 1.0000000180025095e-35 0.95000000000000007
decision_type=2 2 2 2 9 2 2 2 2 2 2
left_child=2 3 4 -2 5 8 7 -6 -1 -8 -7
right_child=1 -3 -4 -5 6 10 9 -9 -10 -11 -12
leaf_value=-0.1978932913462321 -0.052476044724627233 -0.14027708905396691 0.17620614446041194 0.14947597615108935 -0.014635154775332719 -0.30235511928651387 0.30887081185120796 0.15697872725883164 0.022434574072308977 0.1220828598421447 -0.40716495506153544
leaf_weight=22 20 41 21 21 628 20 32 41 397 24 21
leaf_count=22 20 41 21 21 628 20 32 41 397 24 21
internal_value=-2.60155e-05 -0.0446488 0.0030228 0.0514452 -0.000116768 -0.0222958 0.0140704 -0.00400385 0.0106368 0.230661 -0.360369
internal_weight=1288 82 1206 41 1185 460 725 669 419 56 41
internal_count=1288 82 1206 41 1185 460 725 669 419 56 41
cat_boundaries=0 1
cat_threshold=1078733870
is_linear=0
shrinkage=0.03


Tree=299
num_leaves=7
num_cat=1
split_feature=1 2 2 2 12 1
split_gain=205.98 480.595 738.37 607.904 819.159 647.92
threshold=1.7300000000000002 1.2500000000000002 1.0800000000000003 0.48500000000000004 0 0.065000000000000016
decision_type=2 2 2 2 9 2
left_child=1 2 3 4 -1 -5
right_child=-2 -3 -4 5 -6 -7
leaf_value=-0.064424237406655635 0.072286223634429603 -0.12380535052952014 0.17507261673239774 0.0065414797436190008 0.014934270437376478 -0.12423847288685244
leaf_weight=123 34 28 21 65 946 71
leaf_count=123 34 28 21 65 946 71
internal_value=-2.7246e-05 -0.00201832 0.000810005 -0.0022958 0.00531182 -0.0619164
internal_weight=1288 1254 1226 1205 1069 136
internal_count=1288 1254 1226 1205 1069 136
cat_boundaries=0 1
cat_threshold=1073875016
is_linear=0
shrinkage=0.03


end of trees

feature_importances:
盈利能力_斜率=1044
成长能力_斜率=969
总分_斜率=928
一级行业=339
子场景通过数=199
蒙特卡洛=152
DCF估值=137
市场指数=108
个股PE=97
行业PE=81
修正PE估值=62

parameters:
[boosting: gbdt]
[objective: regression]
[metric: l2]
[tree_learner: serial]
[device_type: cpu]
[data_sample_strategy: bagging]
[data: ]
[valid: ]
[num_iterations: 300]
[learning_rate: 0.03]
[num_leaves: 31]
[num_threads: 4]
[seed: 42]
[deterministic: 0]
[force_col_wise: 0]
[force_row_wise: 0]
[histogram_pool_size: -1]
[max_depth: 5]
[min_data_in_leaf: 20]
[min_sum_hessian_in_leaf: 0.001]
[bagging_fraction: 0.8]
[pos_bagging_fraction: 1]
[neg_bagging_fraction: 1]
[bagging_freq: 0]
[bagging_seed: 400]
[bagging_by_query: 0]
[feature_fraction: 0.8]
[feature_fraction_bynode: 1]
[feature_fraction_seed: 30056]
[extra_trees: 0]
[extra_seed: 12879]
[early_stopping_round: 0]
[early_stopping_min_delta: 0]
[first_metric_only: 0]
[max_delta_step: 0]
[lambda_l1: 0.1]
[lambda_l2: 0.5]
[linear_lambda: 0]
[min_gain_to_split: 0]
[drop_rate: 0.1]
[max_drop: 50]
[skip_drop: 0.5]
[xgboost_dart_mode: 0]
[uniform_drop: 0]
[drop_seed: 17869]
[top_rate: 0.2]
[other_rate: 0.1]
[min_data_per_group: 100]
[max_cat_threshold: 32]
[cat_l2: 10]
[cat_smooth: 10]
[max_cat_to_onehot: 4]
[top_k: 20]
[monotone_constraints: ]
[monotone_constraints_method: basic]
[monotone_penalty: 0]
[feature_contri: ]
[forcedsplits_filename: ]
[refit_decay_rate: 0.9]
[cegb_tradeoff: 1]
[cegb_penalty_split: 0]
[cegb_penalty_feature_lazy: ]
[cegb_penalty_feature_coupled: ]
[path_smooth: 0]
[interaction_constraints: ]
[verbosity: -1]
[saved_feature_importance_type: 0]
[use_quantized_grad: 0]
[num_grad_quant_bins: 4]
[quant_train_renew_leaf: 0]
[stochastic_rounding: 1]
[linear_tree: 0]
[max_bin: 255]
[max_bin_by_feature: ]
[min_data_in_bin: 3]
[bin_construct_sample_cnt: 200000]
[data_random_seed: 175]
[is_enable_sparse: 1]
[enable_bundle: 1]
[use_missing: 1]
[zero_as_missing: 0]
[feature_pre_filter: 1]
[pre_partition: 0]
[two_round: 0]
[header: 0]
[label_column: ]
[weight_column: ]
[group_column: ]
[ignore_column: ]
[categorical_feature: 12]
[forcedbins_filename: ]
[precise_float_parser: 0]
[parser_config_file: ]
[objective_seed: 16083]
[num_class: 1]
[is_unbalance: 0]
[scale_pos_weight: 1]
[sigmoid: 1]
[boost_from_average: 1]
[reg_sqrt: 0]
[alpha: 0.9]
[fair_c: 1]
[poisson_max_delta_step: 0.7]
[tweedie_variance_power: 1.5]
[lambdarank_truncation_level: 30]
[lambdarank_norm: 1]
[label_gain: ]
[lambdarank_position_bias_regularization: 0]
[eval_at: ]
[multi_error_top_k: 1]
[auc_mu_weights: ]
[num_machines: 1]
[local_listen_port: 12400]
[time_out: 120]
[machine_list_filename: ]
[machines: ]
[gpu_platform_id: -1]
[gpu_device_id: -1]
[gpu_use_dp: 0]
[num_gpu: 1]

end of parameters

pandas_categorical:[["\u4ea4\u901a\u8fd0\u8f93", "\u4f20\u5a92", "\u516c\u7528\u4e8b\u4e1a", "\u519c\u6797\u7267\u6e14", "\u533b\u836f\u751f\u7269", "\u5546\u8d38\u96f6\u552e", "\u56fd\u9632\u519b\u5de5", "\u57fa\u7840\u5316\u5de5", "\u5bb6\u7528\u7535\u5668", "\u5efa\u7b51\u6750\u6599", "\u5efa\u7b51\u88c5\u9970", "\u623f\u5730\u4ea7", "\u6709\u8272\u91d1\u5c5e", "\u672a\u77e5", "\u673a\u68b0\u8bbe\u5907", "\u6c7d\u8f66", "\u7164\u70ad", "\u73af\u4fdd", "\u7535\u529b\u8bbe\u5907", "\u7535\u5b50", "\u77f3\u6cb9\u77f3\u5316", "\u793e\u4f1a\u670d\u52a1", "\u7eba\u7ec7\u670d\u9970", "\u7f8e\u5bb9\u62a4\u7406", "\u8ba1\u7b97\u673a", "\u8f7b\u5de5\u5236\u9020", "\u901a\u4fe1", "\u94a2\u94c1", "\u94f6\u884c", "\u975e\u94f6\u91d1\u878d", "\u98df\u54c1\u996e\u6599"]]
