tree
version=v4
num_class=1
num_tree_per_iteration=1
label_index=0
max_feature_idx=13
objective=binary sigmoid:1
feature_names=总分_斜率 盈利能力_斜率 成长能力_斜率 市场指数 行业PE 个股PE DCF估值 修正PE估值 参数构造 蒙特卡洛 反向推算 子场景通过数 一级行业 定增建议参与
feature_infos=[-7.1900000000000004:5.7800000000000002] [-3.1400000000000001:3.4199999999999999] [-2.2599999999999998:1.8999999999999999] [0:1] [0:1] [0:1] [0:1] [0:1] none [0:1] none [0:8] -1:19:18:7:14:4:15:24:6:2:12:26:3:10:0:30:17:25:29:21:1:8:22:13:5:9:11:20:16:28:27 none
tree_sizes=1593 2273 2477 2263 2259 1500 2794 1748 1620 1596 2909 2777 3115 2702 1728 1935 2818 1513 1416 2442 2064 2265 2287 2706 2813 2381 2579 2672 2275 2495 2389 2163 2154 1324 1299 1316 1521 1433 1323 1854 1323 1636 1950 2256 1659 1194 1652 2184 2126 1751 1668 2257 2170 1958 1198 1174 1754 1288 1655 1075 1854 1436 1199 1661 2277 1199 1159 1428 1194 1855 1844 1655 1195 1193 1091 1409 1522 2173 1413 1745 1230 1324 2134 1794 1273 1829 1113 1644 1516 2399 812 2465 1957 1966 1852 1946 1548 1448 1860 2396 1552 787 1532 787 1711 1819 1818 1309 974 1756 1094 999 1792 1099 1647 766 765 794 1736 2191 2153 1085 1207 2268 1824 1204 2271 2266 1640 2181 1928 1235 871 768 765 1866 1938 3113 2067 997 1736 1955 975 895 2126 2380 1084 1213 2069 1518 1002 1546 1539 886 1752 2073 780 1196 1210 2250 1639 1298 1661 1753 1848 1948 974 1410 1760 993 998 1776 1861 1331 979 1552 1308 1651 1958 2261 1871 2268 2375 1877 1534 1852 1957 2052 1311 1002 1195 1620 924 1301 1420 817 1555 2170 1766 993

Tree=0
num_leaves=14
num_cat=0
split_feature=3 1 7 7 1 1 9 0 1 0 0 11 0
split_gain=15.2651 10.0617 6.32284 5.0674 2.37466 5.12987 1.84458 2.18137 4.43864 1.75981 3.58427 1.01443 0.0565969
threshold=1.0000000180025095e-35 -1.8549999999999998 1.0000000180025095e-35 1.0000000180025095e-35 -1.4799999999999998 -1.1349999999999996 1.0000000180025095e-35 -1.6649999999999998 -0.12999999999999998 -3.2749999999999995 -2.6849999999999996 5.5000000000000009 -3.9549999999999996
decision_type=2 2 2 2 2 2 2 2 2 2 2 2 2
left_child=6 2 -2 9 -5 -6 7 -1 -9 -3 -11 -8 -4
right_child=1 3 12 4 5 -7 11 8 -10 10 -12 -13 -14
leaf_value=-0.85533440534512273 -0.81205192132552884 -0.85178771645795193 -0.75837685590489767 -0.83258132595876722 -0.77620129934384374 -0.80760230470232286 -0.87089627030196692 -0.78049379799165786 -0.84511604882703617 -0.77927825987022614 -0.824404943748273 -0.83782630291562254 -0.73632404910471549
leaf_weight=7.2394774258136776 5.5360709726810446 4.8972935527563086 4.6843677461147299 7.8782548457384101 14.266029044985769 146.70588077604771 8.3041064590215701 4.2585161328315762 6.6007000058889345 4.6843677461147299 49.398787140846252 4.4714419394731513 5.323145166039466
leaf_count=34 26 23 22 37 67 689 39 20 31 22 232 21 25
internal_value=-0.812052 -0.807846 -0.769044 -0.810533 -0.806107 -0.804768 -0.845113 -0.834124 -0.819261 -0.823109 -0.820351 -0.86 -0.745519
internal_weight=274.248 243.374 15.5436 227.831 168.85 160.972 30.8742 18.0987 10.8592 58.9804 54.0832 12.7755 10.0075
internal_count=1288 1143 73 1070 793 756 145 85 51 277 254 60 47
is_linear=0
shrinkage=1


Tree=1
num_leaves=20
num_cat=2
split_feature=12 3 7 0 12 9 11 6 6 0 0 0 4 0 11 0 0 0 0
split_gain=20.6552 15.9018 9.60392 10.0138 6.43768 2.59254 4.27768 4.25438 2.20145 3.69721 3.63238 1.4787 1.1568 1.21484 1.15457 2.52216 0.458077 0.360562 0.299401
threshold=0 1.0000000180025095e-35 1.0000000180025095e-35 -3.2149999999999994 1 1.0000000180025095e-35 4.5000000000000009 1.0000000180025095e-35 1.0000000180025095e-35 -0.66499999999999992 -1.8049999999999999 -3.9549999999999996 1.0000000180025095e-35 -0.30499999999999994 4.5000000000000009 -1.6649999999999998 -0.52999999999999992 -2.4249999999999994 -1.0549999999999999
decision_type=9 2 2 2 9 2 2 2 2 2 2 2 2 2 2 2 2 2 2
left_child=8 14 5 11 -5 7 -7 -3 12 10 -10 -4 17 -14 15 -2 -16 -1 -19
right_child=1 2 3 4 -6 6 -8 -9 9 -11 -12 -13 13 -15 16 -17 -18 18 -20
leaf_value=-0.028094256499275435 -0.041908617735324831 -0.010918733788218239 0.040223696152437788 -0.0035038053352275745 0.021013874526409577 0.0099298644251613888 -0.035596858689340177 0.02655082902326544 -0.024328701763278195 -0.041171533534913284 0.023488832330341977 0.0803625048128358 -0.038601553232815909 -0.00065705039891204538 -0.032935286434464806 0.0060767644619341837 -0.057488546314838275 -0.061027590125213839 -0.041448763767263523
leaf_weight=4.6942443847656277 5.4358008652925491 19.738775253295898 5.2048929035663605 39.071325197815895 90.31266188621521 7.8563186079263714 13.990764200687407 12.096622675657274 8.5121158808469755 9.9911883920431119 7.2384003698825863 6.4453099370002729 4.6999218016862869 4.2616567015647906 7.9906579554080963 5.0674754381179827 4.3988432884216291 5.523418113589293 11.699540391564364
leaf_count=22 26 93 24 183 423 37 66 57 40 47 34 30 22 20 38 24 21 26 55
internal_value=0 0.00716303 0.0121488 0.0190043 0.0149267 -0.00577076 -0.0190268 0.00320072 -0.0244711 -0.0175151 -0.0020284 0.0633504 -0.0379324 -0.0213153 -0.0317794 -0.0184468 -0.0424437 -0.0443722 -0.0483324
internal_weight=274.23 217.609 194.717 141.034 129.384 53.6825 21.8471 31.8354 56.6205 25.7417 15.7505 11.6502 30.8788 8.96158 22.8928 10.5033 12.3895 21.9172 17.223
internal_count=1288 1022 913 660 606 253 103 150 266 121 74 54 145 42 109 50 59 103 81
cat_boundaries=0 1 2
cat_threshold=1711319330 19399681
is_linear=0
shrinkage=0.05


Tree=2
num_leaves=22
num_cat=3
split_feature=12 3 7 1 12 12 0 0 1 1 1 9 1 0 0 4 9 1 1 1 0
split_gain=18.8636 14.4946 8.64046 11.2372 5.63066 2.38481 2.04155 4.47726 2.43775 2.04098 3.29311 1.90664 1.77964 1.65349 1.60449 1.60337 1.70765 1.56799 1.24412 0.716462 0.714728
threshold=0 1.0000000180025095e-35 1.0000000180025095e-35 -1.9549999999999998 1 2 -0.81499999999999984 -1.1649999999999998 -0.27499999999999997 -1.2999999999999998 -0.18999999999999997 1.0000000180025095e-35 -0.96999999999999986 -2.2649999999999992 -2.7649999999999992 1.0000000180025095e-35 1.0000000180025095e-35 -0.65499999999999992 0.15500000000000003 0.17000000000000001 -2.3849999999999993
decision_type=9 2 2 2 9 9 2 2 2 2 2 2 2 2 2 2 2 2 2 2 2
left_child=6 9 5 -4 -5 14 7 11 -8 -2 17 13 -7 -1 -3 18 -17 -11 -10 -12 -13
right_child=1 2 3 4 -6 12 8 -9 15 10 19 20 -14 -15 -16 16 -18 -19 -20 -21 -22
leaf_value=-0.028480296311494031 -0.058665222663564831 0.029428456612419142 0.079177871716856668 -0.002001606680733205 0.020535031370616394 0.0054802585921176067 -0.06921117720061741 0.019783858736471035 -0.025165681565770582 -0.020568889675588314 -0.057396123040147656 -0.02659338173878097 -0.022477458453315349 0.0083867825537639103 4.2997310509766128e-05 -0.034370442308138072 0.0094722885759810152 0.022274096111991097 -0.059964988239660837 -0.025404028707179411 -0.054351888500903535
leaf_weight=7.1505386829376221 5.1524292677640942 6.8096805214881924 7.0696561634540549 42.953084483742714 91.940886065363884 7.0150274038314846 5.2536541074514416 5.9242302775382987 6.6855872273445129 4.1348515003919601 4.5553760528564418 5.7019482105970409 24.499178156256676 4.8921411633491552 15.23178645968437 4.2294388115406036 4.2311515063047409 4.1927063614130056 5.4346726983785629 4.5666418224573135 6.4949076324701283
leaf_count=34 25 32 32 201 427 33 25 28 32 20 22 27 116 23 72 20 20 20 26 22 31
internal_value=0 0.00682052 0.0115375 0.0179983 0.0146986 -0.0054968 -0.0235127 -0.018444 -0.0382102 -0.0306306 -0.0217807 -0.0280354 -0.0122298 -0.0131461 0.00650252 -0.0297584 -0.012006 0.000416486 -0.0415417 -0.0423716 -0.0421034
internal_weight=274.12 218.121 195.519 141.964 134.894 53.5557 55.9983 30.1638 25.8345 22.602 17.4496 24.2395 31.5142 12.0427 22.0415 20.5809 8.46059 8.32756 12.1203 9.12202 12.1969
internal_count=1288 1022 913 660 628 253 266 143 123 109 84 115 149 57 104 98 40 40 58 44 58
cat_boundaries=0 1 2 3
cat_threshold=1711319330 23593985 16793728
is_linear=0
shrinkage=0.05


Tree=3
num_leaves=20
num_cat=2
split_feature=12 3 1 12 2 1 11 4 0 2 1 2 1 1 1 2 2 6 0
split_gain=18.4235 13.5382 6.75891 5.58917 5.00794 4.94104 4.56885 2.78472 5.3368 3.73199 2.39477 5.00873 1.93373 3.06232 1.41751 1.0995 0.714182 1.8383 0.608924
threshold=0 1.0000000180025095e-35 -2.0799999999999996 1 -0.57499999999999984 -0.80499999999999994 4.5000000000000009 1.0000000180025095e-35 -1.6649999999999998 -0.14499999999999999 -1.0299999999999998 -0.60499999999999987 -1.2999999999999998 -0.18999999999999997 -0.65499999999999992 -0.105 -0.18499999999999997 1.0000000180025095e-35 -0.044999999999999991
decision_type=9 2 2 9 2 2 2 2 2 2 2 2 2 2 2 2 2 2 2
left_child=7 12 6 5 -5 -4 -3 10 -9 -10 11 -1 -2 14 -14 -15 17 -12 -18
right_child=1 2 3 4 -6 -7 -8 8 9 -11 16 -13 13 15 -16 -17 18 -19 -20
leaf_value=-0.047851720985929679 -0.057224827728660624 0.012099372163120412 0.017388097274258284 0.032916560504122214 0.0097068705038213035 -0.010729623492108462 0.08082935746060993 -0.047405118488863279 0.039143080219887869 -0.014318573481720949 -0.047119049564662029 0.024082840193439509 -0.019734737956274808 -0.019269975177344918 0.020999742011033495 -0.057478457831207946 -0.062282002020653066 -0.004875608412101641 -0.039029004844403581
leaf_weight=4.7727369517087936 5.0238109827041653 4.5795926153659803 22.11234787106514 34.347266420722008 74.961612820625305 52.253467679023743 5.6438544392585754 6.6915266066789654 5.3119047582149514 7.9838101863861057 6.8094461560249346 4.6259808093309385 4.0992946326732635 4.0787511467933681 4.2298619449138677 4.8851976096630034 7.0638676583766964 4.5998292565345764 9.8630614727735502
leaf_count=23 25 21 103 159 348 246 25 32 25 38 33 22 20 20 20 24 34 22 48
internal_value=7.08318e-06 0.0068739 0.0114583 0.00920691 0.0156395 -0.0020186 0.0509415 -0.0228351 -0.0112441 0.00679994 -0.0348319 -0.0120389 -0.0295411 -0.0209285 0.000362314 -0.041049 -0.0421473 -0.0307127 -0.0493353
internal_weight=273.937 216.215 193.898 183.675 109.309 74.3658 10.2234 57.7222 19.9872 13.2957 37.7349 9.39872 22.3169 17.2931 8.32916 8.96395 28.3362 11.4093 16.9269
internal_count=1288 1011 902 856 507 349 46 277 95 63 182 45 109 84 40 44 137 55 82
cat_boundaries=0 1 2
cat_threshold=1711319842 23594000
is_linear=0
shrinkage=0.05


Tree=4
num_leaves=20
num_cat=1
split_feature=12 3 7 1 1 2 2 0 2 2 4 1 1 9 2 1 2 2 2
split_gain=17.7193 12.3137 6.70979 9.71688 4.78596 2.46249 4.96741 4.07862 2.0409 9.27432 3.21089 1.71121 2.84805 1.45083 1.33881 1.28194 1.04609 0.81337 0.404513
threshold=0 1.0000000180025095e-35 1.0000000180025095e-35 -1.9549999999999998 -0.29499999999999993 0.15500000000000003 0.51500000000000012 -2.7649999999999992 -0.62499999999999989 -0.40499999999999997 1.0000000180025095e-35 -1.2999999999999998 -0.18999999999999997 1.0000000180025095e-35 0.065000000000000016 -0.65499999999999992 -0.105 0.17500000000000002 -0.90499999999999992
decision_type=9 2 2 2 2 2 2 2 2 2 2 2 2 2 2 2 2 2 2
left_child=8 11 5 -4 -5 7 -7 -3 13 -10 17 -2 15 18 -12 -13 -14 -11 -1
right_child=1 2 3 4 -6 6 -8 -9 9 10 14 12 16 -15 -16 -17 -18 -19 -20
leaf_value=-0.033224601717380307 -0.055272656216776753 0.015852203223395141 0.073597147159701726 0.02570106263279251 0.0061444089941667789 0.055644671105537315 -0.0095032032348275029 -0.020213402850952345 0.030021283559333669 -0.051449487797200412 0.0091744804848340241 -0.018931029443058821 -0.018483199826879956 -0.053343313708298139 -0.02372798305897195 0.019811893387400598 -0.056076170495896416 -0.030076050197814855 -0.010106623247697956
leaf_weight=5.5713838189840317 4.6919783651828793 10.595842197537417 7.156590834259986 52.354583337903023 80.005316540598869 4.6322378069162351 7.355854868888855 28.279429242014889 7.786442518234252 11.087403967976572 5.4860720038413984 4.0648045390844345 4.0448908060789135 9.4266482144594193 6.4757764637470245 4.2643743455410039 4.7626207470893798 11.548272654414175 4.1807328313589096
leaf_count=27 24 49 31 241 370 22 35 134 37 54 26 20 20 46 31 20 24 57 20
internal_value=0 0.00697791 0.0114069 0.0170782 0.0139313 -0.00405434 0.0155086 -0.0102396 -0.0216126 -0.018688 -0.0298494 -0.0281153 -0.0201121 -0.0388965 -0.00827241 0.000311119 -0.0397741 -0.0409454 -0.0240246
internal_weight=273.771 212.209 190.38 139.516 132.36 50.8634 11.9881 38.8753 61.5627 42.384 34.5975 21.8287 17.1367 19.1788 11.9618 8.32918 8.80751 22.6357 9.75212
internal_count=1288 990 882 642 611 240 57 183 298 205 168 108 84 93 57 40 44 111 47
cat_boundaries=0 1
cat_threshold=1713416994
is_linear=0
shrinkage=0.05


Tree=5
num_leaves=13
num_cat=0
split_feature=3 1 7 1 2 2 1 9 4 11 1 11
split_gain=10.0922 6.5927 4.55494 3.26805 3.13837 5.53024 2.31541 1.84494 3.29281 2.63789 1.81972 0.919238
threshold=1.0000000180025095e-35 -2.4349999999999996 1.0000000180025095e-35 -1.8549999999999998 0.15500000000000003 0.51500000000000012 -1.4799999999999998 1.0000000180025095e-35 1.0000000180025095e-35 3.5000000000000004 -0.30999999999999994 5.5000000000000009
decision_type=2 2 2 2 2 2 2 2 2 2 2 2
left_child=7 -2 4 -4 10 -6 -5 8 9 -1 -3 -9
right_child=1 2 3 6 5 -7 -8 11 -10 -11 -12 -13
leaf_value=-0.023124066559445544 0.059512270252301505 -0.024818600978053419 0.037845499087806315 -0.021414744289007519 0.048523359293239622 -0.014924032884179478 0.0059867680117538669 -0.054021767692833025 -0.044665390349317255 0.026142183743344538 -0.0048933734230405127 -0.021784891200889878
leaf_weight=5.5838719457387942 5.0149967521429053 25.592765837907791 7.7259440422058097 7.9281622320413581 5.7219575047492972 8.1292126178741437 162.27451932430267 7.6475086212158221 6.4200872629880896 5.1024689525365829 22.117486104369164 4.2816201150417328
leaf_count=28 22 121 34 37 27 39 756 39 32 25 107 21
internal_value=0 0.00330766 0.0020855 0.0061583 -0.00959577 0.0110878 0.0046692 -0.027823 -0.0166596 0 -0.0157158 -0.0431442
internal_weight=273.541 244.505 239.49 177.929 61.5614 13.8512 170.203 29.0356 17.1064 10.6863 47.7103 11.9291
internal_count=1288 1143 1121 827 294 66 793 145 85 53 228 60
is_linear=0
shrinkage=0.05


Tree=6
num_leaves=25
num_cat=2
split_feature=12 12 1 0 2 0 2 1 0 2 2 0 1 0 0 6 2 2 2 4 1 1 11 2
split_gain=16.0731 3.63876 5.21382 6.93491 5.17641 4.39449 4.12161 7.90334 5.26682 3.52802 7.00133 3.48653 5.48514 3.71266 2.81244 2.13207 1.64959 2.90878 2.91729 2.46779 1.54257 3.51893 3.02325 0.476448
threshold=0 1 -0.80499999999999994 -1.5449999999999997 -0.67499999999999993 -3.8249999999999997 -0.25499999999999995 -0.96999999999999986 -2.0449999999999995 0.12500000000000003 0.35500000000000004 -2.2649999999999992 -0.32499999999999996 -2.8349999999999995 0.25500000000000006 1.0000000180025095e-35 -0.92999999999999983 -0.15499999999999997 -0.57499999999999984 1.0000000180025095e-35 -1.0599999999999998 -0.12999999999999998 4.5000000000000009 -0.23499999999999996
decision_type=9 9 2 2 2 2 2 2 2 2 2 2 2 2 2 2 2 2 2 2 2 2 2 2
left_child=15 2 3 5 11 -2 8 -8 -6 14 -11 13 -13 -3 -4 20 -17 18 -18 -19 -1 23 -23 -22
right_child=1 4 9 -5 6 -7 7 -9 -10 10 -12 12 -14 -15 -16 16 17 19 -20 -21 21 22 -24 -25
leaf_value=-0.010431249214125264 0.040652524566207132 0.028447919977696835 -0.012562791992874484 0.073366094661657985 -0.048889902333284753 -0.0054737776143052117 0.068767805215176545 0.0075839424605652073 0.0030223199948345692 0.055988876085467425 -0.010164676523629953 0.091687681480388861 0.026746010335760701 -0.021812068156237707 -0.051317083074936445 -0.036305283218839746 -0.015555174633800609 -0.041183739609074406 0.037798984038339339 0.0043980151898488258 -0.068129198694245802 -0.05408971323074549 -0.002100588846668357 -0.042877788209768807
leaf_weight=6.7603670358657828 6.7144693136215272 12.580873131752016 36.334265202283859 4.3423023968935004 6.4746030569076565 20.783657282590866 5.7928411215543738 54.556697562336922 18.404770836234093 5.3590997606515911 14.637418910861014 4.7600339353084591 11.357066288590429 4.9795211404561988 5.4559826403856269 6.2596539258956936 4.5958774536848068 7.4229081571102089 5.3501634001731926 4.5732240974903107 6.8988440632820121 4.1485430151224145 8.8457416296005231 6.0148870795965204
leaf_count=33 30 58 172 20 30 97 26 254 86 25 69 22 52 23 26 31 22 37 25 22 34 21 43 30
internal_value=0 0.00659323 -0.000948236 0.0152981 0.0121795 0.00571462 0.00655401 0.0136436 -0.0104288 -0.00956562 0.00750616 0.0298123 0.0466813 0.01387 -0.0178522 -0.0207322 -0.0136808 -0.00686426 0.0127379 -0.0235008 -0.0329334 -0.0385501 -0.0193668 -0.0571718
internal_weight=273.404 212.534 93.6272 31.8404 118.906 27.4981 85.2289 60.3495 24.8794 61.7868 19.9965 33.6775 16.1171 17.5604 41.7902 60.8702 28.2018 21.9422 9.94604 11.9961 32.6684 25.908 12.9943 12.9137
internal_count=1288 990 439 147 551 127 396 280 116 292 94 155 74 81 198 298 137 106 47 59 161 128 64 64
cat_boundaries=0 1 2
cat_threshold=1713416994 21627921
is_linear=0
shrinkage=0.05


Tree=7
num_leaves=15
num_cat=3
split_feature=12 3 1 12 5 1 2 3 12 1 5 1 1 1
split_gain=13.2042 5.656 3.36914 2.98652 3.23273 3.1636 2.61826 2.75565 3.88115 5.54259 4.06574 2.28683 3.1373 1.38316
threshold=0 1.0000000180025095e-35 -1.9549999999999998 1 1.0000000180025095e-35 -0.80499999999999994 1.1150000000000004 1.0000000180025095e-35 2 -0.99999999999999989 1.0000000180025095e-35 -1.2999999999999998 -0.18999999999999997 -0.39999999999999997
decision_type=9 2 2 9 2 2 2 2 9 2 2 2 2 2
left_child=1 11 -3 5 -5 -4 7 13 10 -10 -9 -1 -13 -2
right_child=6 2 3 4 -6 -7 -8 8 9 -11 -12 12 -14 -15
leaf_value=-0.051861843389861197 -0.01559671303719536 0.039873214118576611 0.017327150240652799 0.024720659517427787 0.0066529895854687479 -0.011451999995741211 -0.054424896312942631 -0.054910711330960538 0.024332077898083549 -0.0098740850039816998 -0.011716003093631511 0.016478727443701047 -0.033506514744512515 -0.051290042354552673
leaf_weight=3.9727575629949596 5.6416380554437637 9.9486611485481244 13.679704159498213 46.938770458102226 54.585883006453514 30.69329409301281 4.0197002142667762 11.341565817594528 15.749485939741133 46.589263632893562 11.213291794061661 6.2117054611444482 6.0300122499465916 6.5757991671562177
leaf_count=21 28 43 63 214 250 145 20 57 73 224 55 30 31 34
internal_value=-5.50109e-06 0.00826653 0.0116928 0.00971092 0.0137215 -0.00199882 -0.0135964 -0.0131994 -0.00989691 -0.000971342 -0.0234517 -0.0191613 -0.00780981 -0.0354743
internal_weight=273.192 172.061 155.846 145.898 101.525 44.373 101.131 97.111 84.8936 62.3387 22.5549 16.2145 12.2417 12.2174
internal_count=1288 797 715 672 464 208 491 471 409 297 112 82 61 62
cat_boundaries=0 1 2 3
cat_threshold=17584333 17301504 1677721890
is_linear=0
shrinkage=0.05


Tree=8
num_leaves=14
num_cat=0
split_feature=3 1 7 0 0 0 0 1 9 4 0 0 11
split_gain=8.40574 5.09005 4.01581 3.12801 2.62482 5.61587 4.76422 2.0359 1.79612 3.0798 2.65911 1.76253 0.825175
threshold=1.0000000180025095e-35 -2.4349999999999996 1.0000000180025095e-35 -3.2149999999999994 -2.1249999999999996 -0.89499999999999991 -2.7649999999999992 -1.4649999999999996 1.0000000180025095e-35 1.0000000180025095e-35 -1.6649999999999998 -3.9549999999999996 5.5000000000000009
decision_type=2 2 2 2 2 2 2 2 2 2 2 2 2
left_child=8 -2 4 11 6 -6 -3 -5 9 10 -1 -4 -10
right_child=1 2 3 7 5 -7 -8 -9 12 -11 -12 -13 -14
leaf_value=-0.025132449813295613 0.051556871070948751 -0.0033311730625757555 0.0035627969851387679 -0.020044242227036903 0.024267219572514424 -0.014558759799013395 -0.055694653801958344 0.0050691143635560876 -0.051843458132525916 -0.042417699042840762 0.024729447889343375 0.042852194939940545 -0.020778811214861841
leaf_weight=4.8401604145765331 5.1782863438129416 10.88232906162739 4.7741283625364295 8.3440845310688001 13.460325434803961 29.486771300435066 7.4002310633659354 156.74608518183231 7.3104948252439517 6.1959320902824393 5.6991628408431998 8.3778597265481931 4.2287824302911758
leaf_count=25 22 51 21 38 64 143 36 730 39 32 28 38 21
internal_value=-1.58012e-05 0.0029525 0.00185954 0.00567155 -0.009147 -0.0022458 -0.024986 0.00375819 -0.0257957 -0.0147195 0.00133954 0.0291021 -0.0411652
internal_weight=272.925 244.65 239.472 178.242 61.2297 42.9471 18.2826 165.09 28.2745 16.7353 10.5393 13.152 11.5393
internal_count=1288 1143 1121 827 294 207 87 768 145 85 53 59 60
is_linear=0
shrinkage=0.05


Tree=9
num_leaves=14
num_cat=0
split_feature=3 1 7 2 2 0 2 0 11 9 2 2 11
split_gain=7.70045 4.54585 3.63591 2.85517 4.65857 2.79516 2.44871 2.00497 1.90434 1.68945 2.52249 4.42842 0.791385
threshold=1.0000000180025095e-35 -2.4349999999999996 1.0000000180025095e-35 0.15500000000000003 0.51500000000000012 -3.2149999999999994 -0.90499999999999992 -0.68999999999999984 5.5000000000000009 1.0000000180025095e-35 -0.13499999999999998 -0.53499999999999992 5.5000000000000009
decision_type=2 2 2 2 2 2 2 2 2 2 2 2 2
left_child=9 -2 3 7 -5 6 -4 -3 -7 10 11 -1 -11
right_child=1 2 5 4 -6 8 -8 -9 -10 12 -12 -13 -14
leaf_value=-0.02711321707311376 0.048479630546632201 -0.0072871570988997866 0.044352304663455112 0.044751301905804973 -0.013309145091463673 0.010889374957170683 0 -0.029662193038619406 -0.00032135979534941156 -0.050610522873599718 -0.040477193409748168 0.03694065946115576 -0.019945672042541066
leaf_weight=6.2283689379692104 5.2364051342010489 31.987265244126316 8.1247241497039777 5.8367350995540601 7.9985342025756836 57.664056897163391 5.1479991078376761 15.168001458048822 107.66253338754177 7.1214267313480395 5.7802322357892981 4.6038274317979804 4.1903265565633774
leaf_count=32 22 153 36 27 39 269 23 75 499 39 30 23 21
internal_value=-2.15486e-05 0.00280088 0.00176187 -0.0087381 0.0109716 0.00537841 0.027424 -0.0146377 0.00356281 -0.0248674 -0.0141114 0 -0.0399635
internal_weight=272.75 244.826 239.59 60.9905 13.8353 178.599 13.2727 47.1553 165.327 27.9242 16.6124 10.8322 11.3118
internal_count=1288 1143 1121 294 66 827 59 228 768 145 85 55 60
is_linear=0
shrinkage=0.05


Tree=10
num_leaves=26
num_cat=3
split_feature=12 7 4 0 2 2 5 0 12 12 2 2 11 11 6 6 2 0 2 9 0 2 2 0 0
split_gain=13.4135 4.45838 4.2845 4.25264 3.78138 3.31272 6.71052 3.93409 3.20968 2.61177 2.69387 2.20199 6.39958 3.81926 2.08922 1.99 1.52278 2.70627 3.16347 2.08798 1.5151 1.46962 3.05552 1.81083 0.69133
threshold=0 1.0000000180025095e-35 1.0000000180025095e-35 -0.11499999999999998 0.15500000000000003 -0.64499999999999991 1.0000000180025095e-35 -0.40499999999999997 1 2 -0.45499999999999996 -0.73499999999999988 4.5000000000000009 3.5000000000000004 1.0000000180025095e-35 1.0000000180025095e-35 -0.92999999999999983 -0.81499999999999984 0.17500000000000002 1.0000000180025095e-35 1.1150000000000004 -0.62499999999999989 -0.18499999999999997 0.6100000000000001 -2.6549999999999998
decision_type=9 2 2 2 2 2 2 2 9 9 2 2 2 2 2 2 2 2 2 2 2 2 2 2 2
left_child=15 9 5 8 -5 6 -3 -7 -4 11 14 12 -2 -13 -11 21 -17 19 -19 -18 -12 24 -23 -24 -1
right_child=1 2 3 4 -6 7 -8 -9 -10 10 20 13 -14 -15 -16 16 17 18 -20 -21 -22 22 23 -25 -26
leaf_value=-0.030830490330211915 -0.013448097155245635 0.046151843723771666 0.019095565701085743 -0.040367437208572603 0.00040939447365492587 -0.00043772797156305788 -0.013573852592805018 0.024875337014137754 -0.004625346014543983 -0.054040040815472756 0.0032541556744280793 0.035384848082867196 0.070096661709276892 -0.018244528151836897 -0.011858139617232755 -0.034307153981581913 0.032957713059136966 -0.049809808049088508 0.0027672964376009267 -0.010455071917464011 -0.02827250669634775 0.0012923595175018026 -0.046439686486286394 -0.0059188058344344444 -0.064668687640687186
leaf_weight=4.0344596952199936 4.3823286294937152 20.67176774144173 22.586289763450623 9.4512425661087054 13.454739257693289 32.379466012120247 5.8766337335109702 28.443405032157898 23.701207652688026 6.7414007335901278 14.054018899798395 4.5782342851161948 4.4702779799699783 11.235926464200018 5.903962567448616 6.0854064524173763 5.5816047340631521 5.4694146364927256 5.5160519331693649 5.0941055417060852 5.0257377028465262 7.6608163863420531 11.754344120621676 4.02115322649479 4.3648326247930544
leaf_count=20 21 93 104 44 62 148 27 132 109 33 68 22 21 53 28 31 26 27 28 25 25 38 60 20 23
internal_value=-2.57256e-05 0.00594104 0.0105713 0.00119508 -0.0163005 0.0179298 0.0327423 0.0113391 0.00997728 -0.00577005 -0.0130248 0.00614962 0.0284925 -0.00227973 -0.0349857 -0.01919 -0.0122502 -0.00569465 -0.0231718 0.0118737 -0.0048936 -0.0310336 -0.0240001 -0.0365283 -0.0495573
internal_weight=272.539 212.957 156.565 69.1935 22.906 87.3713 26.5484 60.8229 46.2875 56.3919 31.7251 24.6668 8.85261 15.8142 12.6454 59.5822 27.7466 21.6612 10.9855 10.6757 19.0798 31.8356 23.4363 15.7755 8.39929
internal_count=1288 990 719 319 106 400 120 280 213 271 154 117 42 75 61 298 137 106 55 51 93 161 118 80 43
cat_boundaries=0 1 2 3
cat_threshold=1713416994 917632 16793728
is_linear=0
shrinkage=0.05


Tree=11
num_leaves=25
num_cat=3
split_feature=12 3 5 6 1 0 12 12 1 1 9 2 5 2 1 1 1 1 2 2 0 2 2 4
split_gain=10.7358 6.03129 4.38138 3.55293 3.18578 8.46489 3.25836 3.02536 6.70245 3.67141 2.42177 3.76789 2.71673 1.81213 1.77668 2.58989 1.71021 2.78991 2.69598 1.41474 1.18871 0.809818 0.706832 0.516252
threshold=0 1.0000000180025095e-35 1.0000000180025095e-35 1.0000000180025095e-35 -0.81999999999999995 -1.6649999999999998 1 2 -0.50499999999999989 -1.1949999999999996 1.0000000180025095e-35 -0.14499999999999999 1.0000000180025095e-35 -0.97499999999999987 -1.2999999999999998 -0.18999999999999997 -0.12999999999999998 -1.0599999999999998 -0.094999999999999987 -0.75499999999999989 0.56000000000000016 -0.105 -0.61499999999999988 1.0000000180025095e-35
decision_type=9 2 2 2 2 2 9 9 2 2 2 2 2 2 2 2 2 2 2 2 2 2 2 2
left_child=1 14 4 16 5 -3 -6 8 -4 -9 11 13 -12 -5 -1 -16 17 22 -18 -14 -20 -17 -2 -19
right_child=3 2 7 10 6 -7 -8 9 -10 -11 12 -13 19 -15 15 21 18 23 20 -21 -22 -23 -24 -25
leaf_value=-0.050433467965921644 -0.026365035905461132 0.017317509674252368 -0.028341605043674434 0 -0.0055296755732912733 0.083685883144094628 0.016912246977099279 0.025782327002586772 0.033734043973652664 -0.0095935887068516607 -0.041434429609500556 -0.022873607825862945 -0.023951834987311856 0.040049693559838555 0.0098369351840538292 -0.013745605876016271 0.017262699222204508 -0.057017804209986089 -0.042239278678195782 0.01202583184001456 -0.0054706165353340802 -0.049451590220301073 0.00084635315964698237 -0.031015656357407485
leaf_weight=3.9713001549243954 4.6570050269365311 27.304556846618652 5.5113765746355083 4.9054751992225656 23.067392870783806 5.8525678664445868 33.105368554592133 8.248906344175337 18.448377713561058 57.729995176196098 7.5888445526361474 6.6032243669033042 4.4760606586933145 6.9449778199195871 6.7594010233879098 3.826655477285386 4.5475489050149909 10.178569197654726 6.0583498477935773 6.5717888921499243 4.0027475506067276 3.6395633965730632 4.0968039929866773 4.1577969193458548
leaf_count=22 23 121 25 24 107 26 151 37 84 269 39 33 22 32 33 20 23 53 31 32 20 20 20 21
internal_value=-1.38776e-05 0.00609638 0.00921094 -0.0150099 0.0170527 0.029399 0.0096369 0.00135646 0.0135549 -0.00439732 -0.00583083 0.00679669 -0.0185707 0.0238008 -0.0208645 -0.0119664 -0.0278402 -0.0364373 -0.0137565 -0.00218618 -0.028301 -0.0322356 -0.0131996 -0.0500902
internal_weight=272.255 197.465 179.269 74.7892 89.3299 33.1571 56.1728 89.9387 23.9598 65.9789 37.0904 18.4537 18.6367 11.8505 18.1969 14.2256 37.6988 23.0902 14.6086 11.0478 10.0611 7.46622 8.75381 14.3364
internal_count=1288 915 820 373 405 147 258 415 109 306 182 89 93 56 95 73 191 117 74 54 51 40 43 74
cat_boundaries=0 1 2 3
cat_threshold=17715421 17305612 20492
is_linear=0
shrinkage=0.05


Tree=12
num_leaves=28
num_cat=2
split_feature=12 7 4 0 0 6 2 2 5 0 12 2 11 2 2 9 11 2 11 2 11 2 0 5 2 11 2
split_gain=9.78513 3.52918 3.87468 3.96475 3.44498 3.289 3.05099 2.36202 8.15091 3.8728 2.33195 5.28454 2.2517 2.49427 3.38001 2.20711 3.66544 3.40159 4.02953 1.95718 5.67512 3.58864 1.8247 1.74292 1.63398 1.08281 0.252668
threshold=0 1.0000000180025095e-35 1.0000000180025095e-35 -0.11499999999999998 -1.825 1.0000000180025095e-35 0.15500000000000003 -0.64499999999999991 1.0000000180025095e-35 -0.40499999999999997 1 -0.45499999999999996 4.5000000000000009 0.03500000000000001 -0.23499999999999996 1.0000000180025095e-35 6.5000000000000009 -0.14499999999999999 5.5000000000000009 -0.73499999999999988 4.5000000000000009 0.15500000000000003 0.27500000000000008 1.0000000180025095e-35 -0.75499999999999989 3.5000000000000004 -0.97499999999999987
decision_type=9 2 2 2 2 2 2 2 2 2 9 2 2 2 2 2 2 2 2 2 2 2 2 2 2 2 2
left_child=1 10 7 4 -4 12 -5 8 -3 -9 19 26 25 14 -14 17 -17 18 -7 20 -1 -21 -15 -13 -18 -2 -12
right_child=5 2 3 6 -6 15 -8 9 -10 -11 11 23 13 22 -16 16 24 -19 -20 21 -22 -23 -24 -25 -26 -27 -28
leaf_value=-0.013244006958802686 -0.021211809666662515 0.044748866805169651 -0.0089263166678433589 -0.038339908932277615 0.020600765604871799 0.054112283113494766 -0.0003301601223555194 -0.00078632350962903387 -0.02463570237973367 0.024916187064896914 -0.034080580494045165 0.012016009948754708 -0.01965260360197086 -0.056295304364643278 0.032844235776828469 -0.042576514092033155 -0.021282939658862941 -0.021972733809089148 -0.0032463645615352422 -0.017773497923521182 0.064987627838284087 0.034313140556843889 -0.011004147804160168 -0.021161683665949511 0.018685764678157496 -0.054436994872187977 -0.057742887660753042
leaf_weight=4.3661461770534533 4.5001265257596943 19.839508727192882 15.24182580411434 9.0997878015041369 26.851399928331375 5.3893477618694323 13.028293654322622 30.23043954372406 5.2031016498804084 27.689622178673744 4.3053543567657471 10.046438083052637 10.050949886441229 5.3558387756347638 4.2665713429451015 8.1928064972162264 4.2503360360860825 6.5361002534627906 6.5585454404354095 11.261401996016501 4.5839836597442627 4.5466450154781333 4.3958746343851089 6.3723122030496588 6.0360625982284528 8.6492254287004471 5.0486154705286044
leaf_count=21 24 88 70 43 123 25 60 137 24 127 21 48 50 28 21 43 21 33 31 54 21 21 22 32 29 46 25
internal_value=-4.61355e-06 0.00580656 0.0100242 0.00071858 0.00979478 -0.0143915 -0.0162881 0.017158 0.0300933 0.0114368 -0.00522839 -0.0130316 -0.0268377 -0.0172818 -0.00354263 -0.00556881 -0.0178161 0.00643628 0.0224458 0.00567329 0.0265467 -0.00235672 -0.0367054 -0.000608116 0.00164341 -0.0436896 -0.0478564
internal_weight=271.897 197.715 147.184 64.2213 42.0932 74.1818 22.1281 82.9627 25.0426 57.9201 50.5309 25.7727 37.2186 24.0692 14.3175 36.9632 18.4792 18.484 11.9479 24.7582 8.95013 15.808 9.75171 16.4188 10.2864 13.1494 9.35397
internal_count=1288 915 672 296 193 373 103 376 112 264 243 126 191 121 71 182 93 89 56 117 42 75 50 80 50 70 46
cat_boundaries=0 1 2
cat_threshold=17715421 16793728
is_linear=0
shrinkage=0.05


Tree=13
num_leaves=24
num_cat=2
split_feature=12 3 5 6 1 7 1 12 9 9 0 1 5 0 1 1 1 1 9 1 1 4 0
split_gain=8.89507 5.49712 3.64845 3.0434 2.87558 5.20981 5.10436 2.73155 2.6903 2.00892 3.11186 2.66963 2.37524 1.84566 1.67573 2.33061 1.58019 2.71267 1.36364 1.12432 0.637064 0.4868 0.176201
threshold=0 1.0000000180025095e-35 1.0000000180025095e-35 1.0000000180025095e-35 -0.29499999999999993 1.0000000180025095e-35 -0.099999999999999992 1 1.0000000180025095e-35 1.0000000180025095e-35 -0.8849999999999999 -1.1499999999999997 1.0000000180025095e-35 -2.8349999999999995 -1.2999999999999998 -0.18999999999999997 -0.12999999999999998 -1.0599999999999998 1.0000000180025095e-35 0.24500000000000002 -0.17499999999999996 1.0000000180025095e-35 -3.1249999999999996
decision_type=9 2 2 2 2 2 2 9 2 2 2 2 2 2 2 2 2 2 2 2 2 2 2
left_child=1 14 4 16 5 -3 -6 8 -4 10 11 -5 -11 -9 -1 -16 17 22 -18 -20 -14 -19 -2
right_child=3 2 7 9 6 -7 -8 13 -10 12 -12 -13 20 -15 15 -17 18 21 19 -21 -22 -23 -24
leaf_value=-0.049494294204647536 -0.019084334312653162 -0.0010372534626619313 0.00018757878688721957 -0.0063978657982997275 -0.026260488739906069 0.033507445620981555 0.015610688065758655 0.019493366998351448 0.033549465715410391 -0.039019766831373669 -0.019232159137807524 0.042017367297259543 0.011219780559422689 -0.0078746331489989354 0.0086804730090801595 -0.031258131881647305 -0.031034040120106479 -0.055012578990187272 0.020038637590361109 -0.015759175429344966 -0.012674872606476557 -0.029382848262340663 -0.0030601559606101801
leaf_weight=3.8814356178045299 4.0224077999591827 15.160964563488958 11.923044472932816 4.5128082185983667 9.5737017989158613 36.435761898756027 28.856255948543549 6.705384910106658 12.825051546096802 7.3107456117868432 7.1496400088071814 6.8504230380058297 4.7682726085186014 58.475667089223862 6.8182188868522653 7.3497590720653507 5.6986817568540546 9.7294883430004138 3.8745124936103821 4.7916131317615509 6.2400377094745627 4.0665480792522422 4.5612339079380018
leaf_count=22 20 70 54 21 44 159 132 30 58 39 36 32 23 273 33 40 30 53 20 24 31 21 23
internal_value=-2.39964e-05 0.00549622 0.0084344 -0.0138069 0.015549 0.0232779 0.00500885 0.00124717 0.0126516 -0.00532882 0.00607645 0.0224654 -0.0170966 -0.00429859 -0.0203792 -0.0117615 -0.0258793 -0.0343025 -0.0122643 0 -0.00186691 -0.0480835 -0.0112784
internal_weight=271.582 198.005 179.956 73.5764 90.0267 51.5967 38.43 89.9291 24.7481 36.8319 18.5129 11.3632 18.3191 65.1811 18.0494 14.168 36.7445 22.3797 14.3648 8.66613 11.0083 13.796 8.58364
internal_count=1288 915 820 373 405 229 176 415 112 182 89 53 93 303 95 73 191 117 74 44 54 74 43
cat_boundaries=0 1 2
cat_threshold=17715421 4236
is_linear=0
shrinkage=0.05


Tree=14
num_leaves=15
num_cat=3
split_feature=12 3 2 3 12 1 1 1 12 1 2 1 1 1
split_gain=8.1242 3.4999 2.38841 2.17484 2.94546 5.53475 3.9165 2.07514 2.5122 2.44644 2.35961 1.96808 2.47795 1.25503
threshold=0 1.0000000180025095e-35 1.1150000000000004 1.0000000180025095e-35 1 -0.99999999999999989 -0.96999999999999986 -1.9549999999999998 2 -0.80499999999999994 -0.57499999999999984 -1.2999999999999998 -0.18999999999999997 -0.39999999999999997
decision_type=9 2 2 2 9 2 2 2 9 2 2 2 2 2
left_child=1 11 3 13 6 -6 -5 -3 9 -9 -10 -1 -13 -2
right_child=2 7 -4 4 5 -7 -8 8 10 -11 -12 12 -14 -15
leaf_value=-0.04773934842416705 -0.011817968264398005 0.030753439773679659 -0.051025564858942711 -0.065542216331139588 0.025914750317496484 -0.0087557357100415817 -0.01563537121460409 0.01359919796074968 0.023660533759429447 -0.01149566608434489 0.0070446758268453997 0.01579737657983863 -0.029342044789683067 -0.046905934972549843
leaf_weight=3.6141624450683585 5.3555026054382324 10.257851362228392 3.7529606223106375 5.3252945244312313 15.280567139387129 45.654564440250397 16.295906707644463 13.976646900177 31.290323913097382 30.660981118679047 71.88724946975708 6.2307723313570014 5.6556161344051352 5.9724913984537107
leaf_count=21 28 43 20 28 70 226 85 63 139 145 325 30 31 34
internal_value=-3.63932e-05 0.00634282 -0.0109515 -0.010409 -0.00748852 0 -0.0194489 0.00895343 0.00738701 -0.00287164 0.0110776 -0.0157804 -0.00532871 -0.0310036
internal_weight=271.211 173.574 97.6373 93.8843 82.5563 60.9351 21.6212 158.073 147.815 44.6376 103.178 15.5006 11.8864 11.328
internal_count=1288 797 491 471 409 296 113 715 672 208 464 82 61 62
cat_boundaries=0 1 2 3
cat_threshold=17584333 1677722146 17301504
is_linear=0
shrinkage=0.05


Tree=15
num_leaves=17
num_cat=2
split_feature=12 1 3 5 1 1 1 12 1 2 2 2 2 7 1 1
split_gain=7.44974 4.72292 3.99078 3.31037 2.7084 5.59356 4.10741 2.31545 5.99166 2.25784 3.3244 3.64573 2.40571 2.19966 1.43741 2.94902
threshold=0 -2.2099999999999995 1.0000000180025095e-35 1.0000000180025095e-35 -0.29499999999999993 -1.2149999999999996 -0.099999999999999992 1 -0.50499999999999989 0.79500000000000015 0.17500000000000002 -0.094999999999999987 0.31500000000000006 1.0000000180025095e-35 -0.83499999999999985 -0.18999999999999997
decision_type=9 2 2 2 2 2 2 9 2 2 2 2 2 2 2 2
left_child=2 -2 14 4 5 -4 -6 8 -5 10 11 -3 -12 -9 -1 -16
right_child=1 9 3 7 6 -7 -8 13 -10 -11 12 -13 -14 -15 15 -17
leaf_value=-0.041316352750820677 0.039926551224567806 -0.01045302351639118 0.0012618529631324834 -0.028321046413263676 -0.024752183737344991 0.038937804583474449 0.015093642214896875 -0.024655564836236921 0.030280258436682986 -0.042633188102542019 0.043027650299910444 -0.038971018393504621 -0.002499916978182908 0 0.022579494904381259 -0.028161341963431757
leaf_weight=4.4645557254552868 4.0763966739177695 56.703640639781952 16.242789998650551 5.5020415037870434 8.2666682004928571 26.114996746182442 27.73533833026886 11.14333166182041 18.798596307635307 6.5312648117542258 3.9139190614223471 14.22353160381317 9.8037066608667356 45.732402443885803 4.6561488658189782 6.9282366484403584
leaf_count=25 18 282 70 25 38 115 126 55 84 35 20 75 50 209 22 39
internal_value=-4.41018e-05 -0.0106783 0.00596728 0.00872083 0.0160518 0.0246451 0.00576265 0.00157167 0.0118776 -0.0142067 -0.0119066 -0.0162892 0.0103456 -0.0041188 -0.0172843 -0.00732029
internal_weight=270.838 95.2525 175.585 159.536 78.3598 42.3578 36.002 81.1764 24.3006 91.1761 84.6448 70.9272 13.7176 56.8757 16.0489 11.5844
internal_count=1288 480 808 722 349 185 164 373 109 462 427 357 70 264 86 61
cat_boundaries=0 1 2
cat_threshold=807133 20492
is_linear=0
shrinkage=0.05


Tree=16
num_leaves=25
num_cat=2
split_feature=12 3 7 1 0 6 12 9 0 1 5 1 0 0 0 9 1 1 9 1 0 0 1 0
split_gain=6.80423 4.21299 2.93842 4.54314 5.59286 2.78892 2.59016 1.79091 2.67962 2.51194 2.22462 1.63365 3.0804 2.34719 1.62805 2.41602 1.59884 2.48721 1.28229 1.00656 0.663213 0.5516 0.522666 0.170976
threshold=0 1.0000000180025095e-35 1.0000000180025095e-35 -0.81999999999999995 -1.6649999999999998 1.0000000180025095e-35 1 1.0000000180025095e-35 -0.8849999999999999 -1.1499999999999997 1.0000000180025095e-35 -0.099999999999999992 -0.18499999999999997 -2.7649999999999992 -1.6649999999999998 1.0000000180025095e-35 -0.12999999999999998 -1.0599999999999998 1.0000000180025095e-35 0.24500000000000002 -3.3299999999999996 -0.90499999999999992 -0.72999999999999987 -3.1249999999999996
decision_type=9 2 2 2 2 2 9 2 2 2 2 2 2 2 2 2 2 2 2 2 2 2 2 2
left_child=1 14 11 4 -4 16 -5 8 9 -7 -9 13 -13 -3 20 -16 17 23 -18 -20 -1 -12 -19 -2
right_child=5 2 3 6 -6 7 -8 10 -10 -11 21 12 -14 -15 15 -17 18 22 19 -21 -22 -23 -24 -25
leaf_value=-0.017356879758059024 -0.018067950035453608 0.0083767169528112875 0.01674995268334438 -0.0071707789672280893 0.06930463528153695 -0.0062577651247525748 0.0095141806904137233 -0.036981430792175113 -0.017097143088735046 0.040668051327598494 -0.012469303938329273 0.039742768292437558 -0.0053549868303617828 -0.02190551649955472 0.015469601088610905 -0.032547068803981845 -0.028712283453996474 -0.062787866820350979 0.020715176088648306 -0.013293030312623966 -0.051648318731741374 0.0097972580412080991 -0.036925020602553232 -0.0022938150505094168
leaf_weight=3.3618122488260269 3.9650054425001144 9.4981283992528933 27.469159662723541 24.938323229551315 6.2861600220203391 4.4952552616596231 77.052287682890892 7.0457741618156442 6.9744113832712165 6.8994179219007501 5.2785591036081323 5.2732209861278561 12.309717923402784 18.140433177351952 5.8740295022726041 4.4983429312705994 5.506646275520322 4.2702953219413748 3.8509416729211807 4.6656831800937653 3.7687949687242535 5.5918787121772757 8.9657121300697344 4.5149273574352247
leaf_count=20 20 43 118 117 27 21 343 39 36 32 26 25 60 87 31 24 30 24 20 24 20 28 50 23
internal_value=-4.88127e-05 0.0047374 0.00726376 0.0109485 0.0268606 -0.0122532 0.00561198 -0.00400213 0.00676506 0.0218272 -0.0152953 -0.00368639 0.00803559 -0.0113259 -0.0183009 -0.00498901 -0.0238753 -0.0324618 -0.0100887 0.00156605 -0.0366363 -0.000574461 -0.0460522 -0.0103768
internal_weight=270.495 198.47 180.967 135.746 33.7553 72.0245 101.991 36.2853 18.3691 11.3947 17.9162 45.2215 17.5829 27.6386 17.503 10.3724 35.7392 21.7159 14.0233 8.51662 7.13061 10.8704 13.236 8.47993
internal_count=1288 915 820 605 145 373 460 182 89 53 93 215 85 130 95 55 191 117 74 44 40 54 74 43
cat_boundaries=0 1 2
cat_threshold=17715421 17301505
is_linear=0
shrinkage=0.05


Tree=17
num_leaves=13
num_cat=0
split_feature=3 1 7 0 0 0 1 1 9 4 0 1
split_gain=5.02971 3.58397 2.35457 2.85766 4.28627 3.83121 2.2561 2.51397 1.58593 2.75976 2.2093 0.634275
threshold=1.0000000180025095e-35 -2.5899999999999994 1.0000000180025095e-35 -2.1249999999999996 -0.89499999999999991 -2.7649999999999992 -1.8549999999999998 -1.4799999999999998 1.0000000180025095e-35 1.0000000180025095e-35 -1.6649999999999998 -0.54499999999999993
decision_type=2 2 2 2 2 2 2 2 2 2 2 2
left_child=8 -2 3 5 -5 -3 -4 -8 9 10 -1 -10
right_child=1 2 6 4 -6 -7 7 -9 11 -11 -12 -13
leaf_value=-0.020122871014724361 0.046547213914920789 -0.0048896613480523647 0.028895173514353195 0.023020158640037803 -0.011098390348313197 -0.052684795972547341 -0.024148467942634692 0.0042661366341484042 -0.051638156530630364 -0.037923159933061695 0.026253754373881655 -0.023407024491399538
leaf_weight=4.5109941214323035 4.3723625540733329 11.038590937852861 8.7372869253158552 13.510303720831869 28.340973079204559 6.9589612185955039 8.0362357199192029 162.87477369606495 4.3678577989339828 5.6799857467412957 5.579363837838172 6.0966349244117737
leaf_count=25 18 52 37 64 143 36 37 756 25 32 28 35
internal_value=-5.55484e-05 0.00216676 0.00131658 -0.00723453 0 -0.0238355 0.00419559 0.0028875 -0.020833 -0.010263 0.00503595 -0.0360412
internal_weight=270.104 243.869 239.497 59.8488 41.8513 17.9976 179.648 170.911 26.2348 15.7703 10.0904 10.4645
internal_count=1288 1143 1125 295 207 88 830 793 145 85 53 60
is_linear=0
shrinkage=0.05


Tree=18
num_leaves=12
num_cat=0
split_feature=3 1 7 0 0 1 1 9 4 11 11
split_gain=4.60738 3.22157 2.13305 2.75823 4.92225 2.02458 2.28591 1.48523 2.55165 2.07213 0.75963
threshold=1.0000000180025095e-35 -2.5899999999999994 1.0000000180025095e-35 -3.2749999999999995 -2.7649999999999992 -1.8549999999999998 -1.4799999999999998 1.0000000180025095e-35 1.0000000180025095e-35 3.5000000000000004 5.5000000000000009
decision_type=2 2 2 2 2 2 2 2 2 2 2
left_child=7 -2 3 -3 -5 -4 -7 8 9 -1 -9
right_child=1 2 5 4 -6 6 -8 10 -10 -11 -12
leaf_value=-0.016790728617230008 0.044010683344878704 -0.036030836757395802 0.027317351891609155 0.050097897059579968 -0.0073087566987375344 -0.023151735612099104 0.0040467388188925339 -0.046077192460870775 -0.036797590068686277 0.027852894211781332 -0.01521199908828768
leaf_weight=5.1311738193035108 4.398203879594802 7.0845663696527472 8.7843632549047452 3.9340679347515097 48.617022797465324 7.9691508263349524 163.1189030110836 6.3247924149036407 5.567007079720498 4.973235011100769 3.9433591961860657
leaf_count=28 18 34 37 18 243 37 756 39 32 25 21
internal_value=-5.9567e-05 0.00205539 0.00124603 -0.00691092 -0.00282924 0.00398054 0.00273786 -0.0200697 -0.00983191 0.00474982 -0.0349671
internal_weight=269.846 243.906 239.508 59.6357 52.5511 179.872 171.088 25.9396 15.6714 10.1044 10.2682
internal_count=1288 1143 1125 295 261 830 793 145 85 53 60
is_linear=0
shrinkage=0.05


Tree=19
num_leaves=22
num_cat=3
split_feature=12 3 5 6 12 2 6 12 2 11 2 1 1 2 11 2 1 1 1 1 2
split_gain=6.08522 3.21385 2.78443 2.79878 4.47366 3.10668 2.61562 2.15958 4.23466 2.08605 2.47759 1.63904 1.77275 1.51148 1.7367 1.88751 1.48494 1.96564 1.18842 1.11408 0.880776
threshold=0 1.0000000180025095e-35 1.0000000180025095e-35 1.0000000180025095e-35 1 0.21500000000000002 1.0000000180025095e-35 2 -1.0349999999999999 5.5000000000000009 0.085000000000000006 -1.0599999999999998 -0.12999999999999998 0.40500000000000008 5.5000000000000009 -0.97499999999999987 -1.2999999999999998 -0.18999999999999997 -1.0599999999999998 1.0250000000000001 -0.105
decision_type=9 2 2 2 9 2 2 9 2 2 2 2 2 2 2 2 2 2 2 2 2
left_child=1 16 3 4 -3 -5 9 19 -9 11 -11 -2 -13 14 18 -16 -1 -18 -8 -4 -19
right_child=6 2 7 5 -6 -7 13 8 -10 10 -12 12 -14 -15 15 -17 17 20 -20 -21 -22
leaf_value=-0.045075320524292271 -0.010067979291616151 -0.0010771570778524604 0.019658387656252049 -0.0065194617230572962 0.029105809081409556 0.026320110520138742 0 0.020960016924649865 -0.011364332632230823 0.012660899850512733 -0.033437418870139492 -0.05692242726229553 -0.022309550133085179 -0.028136817940835581 -0.02939729562054131 0.0023069124201274545 0.010796202922215203 -0.0073945429140527003 0.036519257781837365 -0.0070040800268157668 -0.045397522452828722
leaf_weight=3.4558423906564739 6.913403019309043 25.462417513132095 20.707994192838672 27.149550914764404 28.803458407521248 9.6542069762945157 4.0077300816774368 12.364598050713537 52.73334464430809 7.1533726900815946 4.7046363353729248 8.317105099558832 8.154469311237337 5.272855043411254 6.449279576539996 15.708666414022444 6.674191728234292 3.5406361967325219 4.6194522380828875 4.460390791296958 3.2851146459579432
leaf_count=22 36 115 92 120 127 43 19 56 247 36 25 49 45 28 33 78 33 20 24 20 20
internal_value=-6.06092e-05 0.00445459 0.00664721 0.0128123 0.0200311 0.00200737 -0.0116663 0.000364657 -0.00444371 -0.0229949 -0.00533704 -0.031675 -0.0403266 -0.00364898 0.000460912 -0.00678688 -0.0159912 -0.00790159 0.0195134 0.0105508 -0.0267981
internal_weight=269.593 198.292 181.336 91.0696 54.2659 36.8038 71.301 90.2663 65.0979 35.243 11.858 23.385 16.4716 36.058 30.7851 22.1579 16.9558 13.4999 8.62718 25.1684 6.82575
internal_count=1288 915 820 405 242 163 373 415 303 191 61 130 94 182 154 111 95 73 43 112 40
cat_boundaries=0 1 2 3
cat_threshold=17715421 17317896 4236
is_linear=0
shrinkage=0.05


Tree=20
num_leaves=18
num_cat=3
split_feature=12 2 3 11 0 2 12 0 3 12 0 1 1 1 6 2 1
split_gain=5.66723 2.07805 1.87559 1.8342 3.14097 2.06062 1.9084 2.04385 1.74053 2.46676 5.52703 3.8078 1.73476 2.12505 1.64886 1.4724 1.27182
threshold=0 1.1150000000000004 1.0000000180025095e-35 6.5000000000000009 0.47000000000000003 0.27500000000000008 1 -0.39499999999999996 1.0000000180025095e-35 2 -2.9649999999999994 -0.14499999999999999 -1.2999999999999998 -0.18999999999999997 1.0000000180025095e-35 -0.14499999999999999 -0.39999999999999997
decision_type=9 2 2 2 2 2 9 2 2 9 2 2 2 2 2 2 2
left_child=2 8 12 6 15 -6 7 -4 16 11 -11 -10 -1 -14 -8 -5 -2
right_child=1 -3 3 4 5 -7 14 -9 9 10 -12 -13 13 -15 -16 -17 -18
leaf_value=-0.043319368157034722 -0.0082078488401596469 -0.047890622985772881 -0.0031554155909694487 -0.00047272353308685957 -0.049224888270016982 -0.0064868589192820601 0.025018778529507731 0.018007568021720138 -0.04052302345081582 0.036082682759527127 -0.0058166544174352072 0.0014277346702720932 0.017796452250922558 -0.02507532442601525 0.0067143978444577802 0.022499746258291264 -0.044259578108844455
leaf_weight=3.2129997313022605 5.102608822286129 3.4939033240079871 43.667230725288391 20.524291768670082 4.5388710200786582 8.1444259732961637 37.275875940918922 15.239482238888739 13.7756894081831 9.2464597225189191 49.575409546494484 8.4868455529212934 6.1124718934297553 5.2705212980508795 19.755057275295258 10.15726685523987 5.5764143392443639
leaf_count=21 28 20 197 92 21 37 165 71 76 42 247 44 30 31 86 46 34
internal_value=-1.72954e-05 -0.00928058 0.00526156 0.00715638 -0.00151368 -0.0224377 0.0104409 0.00192913 -0.00871579 -0.00611847 0.000628257 -0.0168412 -0.0114061 -0.00166399 0.0159898 0.00701837 -0.0277333
internal_weight=269.156 95.2573 173.898 159.303 43.3649 12.6833 115.938 58.9067 91.7634 81.0844 58.8219 22.2625 14.596 11.383 57.0309 30.6816 10.679
internal_count=1288 491 797 715 196 58 519 268 471 409 289 120 82 61 251 138 62
cat_boundaries=0 1 2 3
cat_threshold=17584333 17317896 1711276066
is_linear=0
shrinkage=0.05


Tree=21
num_leaves=20
num_cat=2
split_feature=12 2 3 11 0 2 2 2 0 12 5 0 0 2 0 2 2 0 0
split_gain=5.13699 1.9511 1.7002 1.65317 2.86114 1.91771 1.75784 4.37043 4.00893 1.629 3.98387 2.89428 4.76915 3.9662 1.62897 1.73863 1.31867 1.27348 0.351645
threshold=0 1.1150000000000004 1.0000000180025095e-35 6.5000000000000009 0.47000000000000003 0.27500000000000008 0.17500000000000002 0.29500000000000004 -1.4649999999999996 1 1.0000000180025095e-35 -2.9649999999999994 -3.4499999999999997 0.14500000000000005 -1.6649999999999998 -0.15499999999999997 -0.14499999999999999 -0.81499999999999984 -1.8049999999999999
decision_type=9 2 2 2 2 2 2 2 2 9 2 2 2 2 2 2 2 2 2
left_child=2 9 14 6 16 -6 8 -8 -4 10 18 12 -11 -13 -1 -16 -5 -12 -2
right_child=1 -3 3 4 5 -7 7 -9 -10 11 17 13 -14 -15 15 -17 -18 -19 -20
leaf_value=-0.030387496057521314 -0.062792147651878585 -0.04677268942011812 0.0154539994142587 -0.00044927116209008056 -0.047688764028538895 -0.006180322478654539 0.061350884912276776 0.011262768402544795 -0.0063557920728063702 -0.0090201663465903394 0.013680918614465075 -0.015206076179767346 0.054498879467611672 0.013696049552163334 0.02646012895284653 -0.01847341121461844 0.021226269263634474 -0.022448964067725008 -0.037438045287151049
leaf_weight=6.1262244880199423 4.3617805391550064 3.4032510966062537 49.012097135186195 20.521220088005066 4.4561627954244605 8.1263952106237394 5.2849843502044704 25.565200105309486 36.432274043560028 6.2962910234928131 4.783583015203476 44.40175249427557 5.2583159804344159 15.93362835049629 4.0747794061899176 4.2804221510887137 10.23232524096966 4.6586147397756577 5.6105943471193314
leaf_count=37 25 20 216 92 21 37 23 114 166 31 25 229 24 80 21 24 46 25 32
internal_value=-2.64138e-05 -0.00887913 0.00498609 0.00678113 -0.00145196 -0.0215351 0.00989068 0.0201755 0.0060996 -0.00833378 -0.0182612 -0.00265609 0.0196769 -0.00748071 -0.0109492 0.00290281 0.00664598 -0.00366939 -0.0495373
internal_weight=268.82 94.7078 174.112 159.631 43.3361 12.5826 116.295 30.8502 85.4444 91.3046 19.4146 71.89 11.5546 60.3354 14.4814 8.3552 30.7535 9.4422 9.97237
internal_count=1288 491 797 715 196 58 519 137 382 471 107 364 55 309 82 45 138 50 57
cat_boundaries=0 1 2
cat_threshold=17584333 1677723680
is_linear=0
shrinkage=0.05


Tree=22
num_leaves=20
num_cat=2
split_feature=12 1 3 5 1 1 1 12 1 7 5 1 1 1 1 1 9 1 1
split_gain=4.69181 3.93547 2.13902 2.41824 2.1466 5.05679 3.55291 2.01053 5.29944 1.80663 1.70279 1.74886 1.64852 1.21224 2.44741 1.18149 1.98376 0.943635 0.687075
threshold=0 -1.5849999999999997 1.0000000180025095e-35 1.0000000180025095e-35 -0.29499999999999993 -1.2149999999999996 -0.099999999999999992 1 -0.50499999999999989 1.0000000180025095e-35 1.0000000180025095e-35 -0.56499999999999984 0.020000000000000004 -0.83499999999999985 -0.18999999999999997 0.32000000000000006 1.0000000180025095e-35 -1.0849999999999997 -2.1549999999999998
decision_type=9 2 2 2 2 2 2 9 2 2 2 2 2 2 2 2 2 2 2
left_child=2 18 13 4 5 -4 -6 8 -5 -9 15 17 -13 -1 -15 16 -3 -12 -2
right_child=1 10 3 7 6 -7 -8 9 -10 -11 11 12 -14 14 -16 -17 -18 -19 -20
leaf_value=-0.036254164261041583 0.032018298184432317 -0.012489726888722137 -0.0011683215388329849 -0.028189507194232678 -0.02472733480720584 0.033815665157214764 0.012312506498879718 -0.023533755554105886 0.02693390927559941 -0.00089692319077915191 -0.00060064091956429921 0.012587477724493298 -0.010940934791007965 0.023229685648723002 -0.023889347738603361 0.0023344520351279391 -0.037651879018648658 -0.030157588360079271 0.006184155568670021
leaf_weight=4.0079146027564994 4.7297038286924362 17.515903055667877 16.363192453980446 5.4712916761636761 8.252392649650572 26.686674818396568 28.170971170067787 10.966718986630438 19.12200041115284 45.981208220124245 4.2738969326019278 14.080095723271372 15.561110764741896 4.6131630092859259 6.4378707259893408 4.2441657036542884 15.646284505724905 9.3755396455526334 6.9768278300762159
leaf_count=25 21 91 70 25 38 115 126 55 84 209 21 73 79 22 39 23 88 49 35
internal_value=-3.42325e-05 -0.00863963 0.00468058 0.00665383 0.0128577 0.0204305 0.00373882 0.000537705 0.0102519 -0.00457543 -0.0135401 -0.00659686 7.21036e-05 -0.0129052 -0.00373958 -0.0214031 -0.0245893 -0.0213381 0.017228
internal_weight=268.477 92.4035 176.073 161.014 79.4732 43.0499 36.4234 81.5412 24.5933 56.9479 80.697 43.2906 29.6412 15.0589 11.051 37.4064 33.1622 13.6494 11.7065
internal_count=1288 480 808 722 349 185 164 373 109 264 424 222 152 86 61 202 179 70 56
cat_boundaries=0 1 2
cat_threshold=807133 20492
is_linear=0
shrinkage=0.05


Tree=23
num_leaves=24
num_cat=2
split_feature=12 6 3 1 12 11 2 1 1 11 1 2 1 9 11 2 4 2 9 4 2 1 2
split_gain=4.29808 2.37663 2.30422 2.25291 3.43652 5.20204 3.3337 6.88213 4.96808 1.99275 2.88379 4.03121 1.66376 1.40225 3.02515 2.61954 3.01462 1.42833 1.33629 1.9092 1.32955 1.25919 0.374924
threshold=0 1.0000000180025095e-35 1.0000000180025095e-35 -0.81999999999999995 1 5.5000000000000009 -0.25499999999999995 -0.98499999999999988 -1.4649999999999996 4.5000000000000009 -0.12999999999999998 0.03500000000000001 -1.0599999999999998 1.0000000180025095e-35 6.5000000000000009 -0.14499999999999999 1.0000000180025095e-35 -0.75499999999999989 1.0000000180025095e-35 1.0000000180025095e-35 -0.26499999999999996 -1.0849999999999997 -1.0000000180025095e-35
decision_type=9 2 2 2 9 2 2 2 2 2 2 2 2 2 2 2 2 2 2 2 2 2 2
left_child=2 9 18 6 20 -6 7 -4 -8 21 12 -12 -11 15 -15 16 -3 -16 19 -1 -5 -2 -23
right_child=1 13 3 4 5 -7 8 -9 -10 10 11 -13 -14 14 17 -17 -18 -19 -20 -21 -22 22 -24
leaf_value=0.01303341843094478 -0.011657968237926968 0.043644577540636026 -0.0032799399338518361 0.001275832209228946 0.030560282649604198 0.00057250610126771294 0.0024951359858544687 0.062071625141947855 0.058136210043291649 -0.00011841843871526974 0.044129284395759819 -0.019616239482043007 -0.039950940364825188 -0.036721934571552692 -0.016946486991318361 -0.018294297285508628 -0.0058645283579378503 0.020953081816810049 -0.03197480199798719 -0.032003169290680165 -0.012783322491149652 -0.06076719922311672 -0.031945687391947385
leaf_weight=6.6614682227373141 3.7555547952651978 6.6030259281396884 29.736213892698288 29.498509496450424 22.066287562251091 42.636268243193626 7.6139279156923321 4.5413021743297568 8.8913487046956998 4.1339423060417166 4.3319037556648272 5.4337224811315536 8.515858978033064 7.2996938824653652 4.0320492535829553 6.2370864003896704 5.3509837687015533 5.924392402172086 6.2462057024240485 3.4830089211463928 37.221604198217392 4.391115203499794 3.495653070509432
leaf_count=36 21 30 130 139 97 189 33 20 38 20 22 29 50 43 21 33 26 29 37 22 174 27 22
internal_value=-4.10254e-05 -0.00994018 0.0037149 0.00553876 0.0020342 0.00944987 0.0144882 0.00538818 0.0329395 -0.020798 -0.011667 0.00831431 -0.0274289 -0.00213447 -0.0124178 0.00736155 0.0212032 0.00509185 -0.0139146 -0.00210285 -0.00565388 -0.0377034 -0.0491786
internal_weight=268.101 69.505 198.596 182.205 131.423 64.7026 50.7828 34.2775 16.5053 34.0578 22.4154 9.76563 12.6498 35.4472 17.2561 18.1911 11.954 9.95644 16.3907 10.1445 66.7201 11.6423 7.88677
internal_count=1288 373 915 820 599 286 221 150 71 191 121 51 70 182 93 89 56 50 95 58 313 70 49
cat_boundaries=0 1 2
cat_threshold=17715421 17694736
is_linear=0
shrinkage=0.05


Tree=24
num_leaves=25
num_cat=1
split_feature=12 6 3 7 0 1 0 11 1 1 0 0 1 0 1 0 0 1 1 0 1 1 0 0
split_gain=3.92083 2.19419 2.09449 2.17252 3.69929 3.13182 2.24005 1.87963 2.65237 1.62169 2.52876 1.91334 1.5591 1.39164 1.92535 1.2962 3.25338 1.58883 2.82024 1.8704 1.20908 1.12356 0.822239 0.424193
threshold=0 1.0000000180025095e-35 1.0000000180025095e-35 1.0000000180025095e-35 -3.2149999999999994 -1.4649999999999996 -3.9549999999999996 4.5000000000000009 -0.12999999999999998 -0.099999999999999992 -0.18499999999999997 -2.7649999999999992 -1.0599999999999998 -1.6649999999999998 -0.18999999999999997 -0.66499999999999992 0.22500000000000003 -0.81999999999999995 -0.32499999999999996 -2.9649999999999994 -1.0849999999999997 0.20500000000000004 -3.3299999999999996 -0.15499999999999997
decision_type=9 2 2 2 2 2 2 2 2 2 2 2 2 2 2 2 2 2 2 2 2 2 2 2
left_child=2 7 13 9 6 -6 -5 20 12 11 -11 -4 -9 22 -15 17 23 19 -19 -3 -2 -10 -1 -17
right_child=1 15 3 4 5 -7 -8 8 21 10 -12 -13 -14 14 -16 16 -18 18 -20 -21 -22 -23 -24 -25
leaf_value=-0.0093767283679849281 -0.01115660961122673 0.0096959418829700474 0.0057459709768731201 0.0098159838710347377 -0.028517860385887796 0.0076917023258122027 0.055699904578503046 -0.0001126418609967041 0.025504983929442334 0.035804287671614574 -0.0047807664752747871 -0.021461063650919859 -0.038848481315804338 0.024920046987196735 -0.019587244200617582 -0.050161248170821654 0.013314603476852366 0.045797024954308825 -0.003717032818915755 -0.030137779208439776 -0.048179710565520069 -0.0076013665878969924 -0.047993109691458126 -0.021086280892944027
leaf_weight=2.9750918447971344 3.7331846207380295 6.3905448466539365 9.6289028674364108 5.1899193674325943 6.1382310092449179 119.66101723909378 6.251521095633505 4.133760839700698 4.6928445696830767 5.3864754587411907 12.21372978389263 17.943575367331505 8.3273330032825452 3.9951404780149469 5.8400507420301411 3.6467960178852081 5.4786503165960312 5.0460142940282822 6.1104081124067324 5.1453554630279541 7.6655379682779294 5.1049124449491501 3.447648003697398 3.5264285355806333
leaf_count=20 21 31 43 21 27 531 26 20 24 25 60 87 50 19 36 20 29 25 31 26 49 27 20 20
internal_value=-4.84768e-05 -0.00954206 0.00352928 0.00526103 0.00840224 0.00586394 0.0355852 -0.0200576 -0.0111897 -0.00416945 0.00748976 -0.0117927 -0.0264998 -0.013351 -0.000935878 -0.00205105 -0.0149103 0.00493308 0.0184417 -0.0077477 -0.0366916 0.00784794 -0.0312901 -0.0370416
internal_weight=267.673 69.0018 198.671 182.413 137.241 125.799 11.4414 33.6576 22.2589 45.1727 17.6002 27.5725 12.4611 16.2579 9.83519 35.3442 12.6519 22.6923 11.1564 11.5359 11.3987 9.79776 6.42274 7.17322
internal_count=1288 373 915 820 605 558 47 191 121 215 85 130 70 95 55 182 69 113 56 57 70 51 40 40
cat_boundaries=0 1
cat_threshold=17715421
is_linear=0
shrinkage=0.05


Tree=25
num_leaves=21
num_cat=1
split_feature=12 2 2 7 4 2 1 1 2 0 2 2 0 11 1 2 0 0 0 0
split_gain=3.64505 2.80257 4.8686 3.00255 4.11926 2.56151 6.69518 4.67343 3.76984 3.39117 2.31791 3.42527 2.8545 2.5826 3.53804 1.88012 1.45415 1.3779 0.960047 0.936677
threshold=0 -0.70499999999999985 -0.78499999999999992 1.0000000180025095e-35 1.0000000180025095e-35 0.14500000000000005 -1.8549999999999998 -1.4499999999999997 0.35500000000000004 2.6300000000000003 -0.62499999999999989 -0.14499999999999999 0.6100000000000001 5.5000000000000009 -1.1849999999999998 0.34500000000000003 -3.2149999999999994 -0.054999999999999993 -2.0149999999999992 -0.90499999999999992
decision_type=9 2 2 2 2 2 2 2 2 2 2 2 2 2 2 2 2 2 2 2
left_child=10 2 3 4 -2 6 -3 -8 17 -10 13 18 15 14 -1 -13 -5 -7 -12 -20
right_child=1 5 -4 16 -6 8 7 -9 9 -11 11 12 -14 -15 -16 -17 -18 -19 19 -21
leaf_value=-0.038377666067694112 -0.032608483943235948 0.041744549676618094 0.05160347589519701 0.031662153207219067 0.018920878382694253 0.010254258404526628 -0.052387936156427034 -0.0061848392002159932 -0.0056688027972244667 0.036379042350381453 0.03486226620541899 -0.014787267179889128 0.0094936999661744507 -0.045729105892320994 0.021311686506647734 -0.053419527570841667 0.0086096343432880019 0.040458895830393471 -0.011180025346820763 0.020008147663959849
leaf_weight=4.797110840678215 9.2558210417628271 6.7919569313526145 6.8772742450237265 9.5163706541061348 6.4148514270782462 7.3011176288127926 5.8161728829145423 82.499310396611691 37.275474324822426 5.3992732316255561 4.0832733958959571 8.8664013817906397 6.4036201685667029 9.1994728744029981 4.8494737297296542 5.3974897712469092 27.86292323470116 9.3965029269456846 4.2914779782295218 4.9815311431884757
leaf_count=25 47 31 31 42 31 33 29 394 172 26 20 50 34 49 26 32 125 43 22 26
internal_value=-5.669e-05 0.00291154 0.0122189 0.00693158 -0.0112115 -0.000483911 -0.00559933 -0.00933999 0.00762194 -0.000159344 -0.0107007 -0.00472119 -0.0175523 -0.0267979 -0.0079472 -0.030024 0.0146808 0.0276891 0.0147451 0.00507576
internal_weight=267.277 214.407 59.9272 53.05 15.6707 154.48 95.1074 88.3155 59.3724 42.6747 52.8699 34.0238 20.6675 18.8461 9.64658 14.2639 37.3793 16.6976 13.3563 9.27301
internal_count=1288 1004 276 245 78 728 454 423 274 198 284 184 116 100 51 82 167 76 68 48
cat_boundaries=0 1
cat_threshold=643862018
is_linear=0
shrinkage=0.05


Tree=26
num_leaves=23
num_cat=1
split_feature=12 6 2 2 2 1 2 1 7 4 6 2 2 0 1 7 2 2 0 1 0 0
split_gain=3.80535 2.67865 2.39197 4.70707 2.99578 4.8948 3.92723 3.65771 2.97788 2.74732 2.10391 1.95847 3.6341 2.11121 1.75886 1.56657 1.43612 2.28845 1.96521 1.31708 1.29531 0.596243
threshold=0 1.0000000180025095e-35 -0.70499999999999985 -0.78499999999999992 0.12500000000000003 -1.8549999999999998 0.35500000000000004 -1.4499999999999997 1.0000000180025095e-35 1.0000000180025095e-35 1.0000000180025095e-35 -0.62499999999999989 -0.14499999999999999 0.56000000000000016 -0.56499999999999984 1.0000000180025095e-35 -0.57499999999999984 -0.38499999999999995 -0.094999999999999987 -0.81999999999999995 -3.8249999999999997 -2.8349999999999995
decision_type=9 2 2 2 2 2 2 2 2 2 2 2 2 2 2 2 2 2 2 2 2 2
left_child=1 11 3 8 5 -4 15 -7 9 -2 -8 21 14 -14 -13 -6 19 -18 -19 -3 -10 -1
right_child=2 16 4 -5 6 7 10 -9 20 -11 -12 12 13 -15 -16 -17 17 18 -20 -21 -22 -23
leaf_value=-0.026773028007166536 -0.030134430262817542 -0.030257360947589136 0.035052662001948107 0.050697495845883789 0.003387819288895122 -0.049542100013541958 0.010035334242485316 -0.0062883894904984406 0.036260918996587586 0.012624971474442644 -0.012673851372052359 -0.011967958262692037 -0.045570062649224197 0 0.031473629749462155 0.038024384912033145 0.039309257789396951 -0.021343816639718832 0.018271716882296809 0.00042099708134302308 0.0099581943793301941 -0.059797315126606979
leaf_weight=3.7275260984897614 8.7268083393573743 6.2324234992265701 6.6621057838201514 6.8298558741807929 4.8828795105218896 5.1702906191349021 23.847902819514275 78.804431244730949 5.740562722086902 6.2654792964458457 17.646907210350037 4.4862788766622543 8.6652503162622398 3.8244790881872168 4.4525344818830543 12.474711999297142 4.2935473024845168 6.5462933629751232 5.7608791291713652 7.1140429973602313 30.92853827774525 3.8813319131732014
leaf_count=20 44 32 30 30 22 26 110 375 25 30 81 24 53 21 24 56 20 35 31 37 137 25
internal_value=-5.4312e-05 -0.010294 0.00317153 0.011887 0 -0.00573365 0.00874316 -0.00906673 0.00657141 -0.0119682 0.000250116 -0.022841 -0.0146308 -0.0320401 0.00922648 0.0286424 -0.00135211 0.00825941 -0.00239933 -0.0136516 0.0142993 -0.0448247
internal_weight=266.965 58.9846 207.98 58.4912 149.489 90.6368 58.8524 83.9747 51.6614 14.9923 41.4948 29.0374 21.4285 12.4897 8.93881 17.3576 29.9472 16.6007 12.3072 13.3465 36.6691 7.60886
internal_count=1288 322 966 266 700 431 269 401 236 74 191 167 122 74 48 78 155 86 66 69 162 45
cat_boundaries=0 1
cat_threshold=1717604098
is_linear=0
shrinkage=0.05


Tree=27
num_leaves=24
num_cat=1
split_feature=12 6 3 1 6 7 11 1 2 2 2 0 9 2 1 1 1 0 1 2 1 0 2
split_gain=3.46465 2.48222 2.28775 2.21192 3.5064 2.07311 4.68993 2.93607 1.87065 1.85687 3.3571 1.99361 1.66445 2.14473 1.57081 1.33612 2.00187 1.20458 3.04872 1.15595 1.10131 0.593451 0.518724
threshold=0 1.0000000180025095e-35 1.0000000180025095e-35 0.63500000000000012 1.0000000180025095e-35 1.0000000180025095e-35 5.5000000000000009 -1.9549999999999998 0.32500000000000007 -0.62499999999999989 -0.14499999999999999 0.56000000000000016 1.0000000180025095e-35 -0.5149999999999999 -0.56499999999999984 -1.2999999999999998 -0.18999999999999997 -0.8849999999999999 -0.81999999999999995 -0.105 1.2350000000000001 -2.8349999999999995 0.10500000000000002
decision_type=9 2 2 2 2 2 2 2 2 2 2 2 2 2 2 2 2 2 2 2 2 2 2
left_child=1 9 15 5 8 6 -4 -7 -5 21 14 -12 17 -14 -11 -2 -17 18 -3 -18 -6 -1 -15
right_child=2 12 3 4 20 7 -8 -9 -10 10 11 -13 13 22 -16 16 19 -19 -20 -21 -22 -23 -24
leaf_value=-0.025789997040860182 -0.042622875347289563 -0.0042808061567373885 -0.010271818143103777 -0.013879354518234136 -0.037532141596222805 0.041668919161690014 0.03282866602590466 0.0082384319887267281 0.026632821260328694 -0.011446798332753633 -0.044485150441816335 0 -0.037373433411382453 0.01483907223430201 0.029486919403401486 0.011057284309365645 -0.0029854330856451871 -0.0091149569338090496 0.048711415661619739 -0.045335788369462005 -0.007155707806591154 -0.058993958928971461 -0.0094740736856972121
leaf_weight=3.681140810251236 3.2760705128312138 5.7435695379972449 35.223151504993439 4.3894293606281281 8.2945097088813764 6.9769701510667792 7.5650988668203345 115.38218611478806 7.2648718804121017 4.4612151235342026 8.4409352242946571 3.8244790881872168 5.6720727384090432 4.0510753467679006 4.5198405385017448 7.2280813306570062 3.3522278666496286 5.2563672512769708 4.7753245234489432 3.6149891316890681 5.4320937991142282 3.7423641532659557 4.4133592396974564
leaf_count=20 23 27 170 21 38 28 37 510 33 24 53 21 33 21 24 36 20 28 22 24 26 25 24
internal_value=-5.4862e-05 -0.00986148 0.00301547 0.00476986 -0.00886205 0.00689925 -0.00247616 0.010218 0.0109608 -0.0220391 -0.0140479 -0.0310452 -0.00127411 -0.0138295 0.00870092 -0.0140341 -0.00683439 0.00967831 0.0195377 -0.0259973 -0.0260114 -0.0437551 0.00161578
internal_weight=266.581 58.5817 208 190.528 25.3809 165.147 42.7883 122.359 11.6543 28.67 21.2465 12.2654 29.9118 14.1365 8.98106 17.4714 14.1953 15.7753 10.5189 6.96722 13.7266 7.4235 8.46443
internal_count=1288 322 966 863 118 745 207 538 54 167 122 74 155 78 48 103 80 77 49 44 64 45 45
cat_boundaries=0 1
cat_threshold=1717604098
is_linear=0
shrinkage=0.05


Tree=28
num_leaves=20
num_cat=2
split_feature=12 11 1 1 1 2 12 2 1 2 2 2 2 11 2 2 1 11 2
split_gain=3.52481 3.07834 4.3385 2.74332 4.87378 7.60541 3.93293 7.54276 3.62765 2.70263 3.29392 2.49643 2.91341 2.37488 1.58631 2.90148 1.14748 0.827863 0.13095
threshold=0 4.5000000000000009 -0.81999999999999995 -0.93999999999999984 -1.3299999999999998 -0.054999999999999993 1 -1.2449999999999999 0.03500000000000001 0.045000000000000005 -0.25499999999999995 0.89500000000000013 0.14500000000000005 5.5000000000000009 -0.92999999999999983 -0.14499999999999999 -1.2849999999999999 3.5000000000000004 -0.25499999999999995
decision_type=9 2 2 2 2 2 9 2 2 2 2 2 2 2 2 2 2 2 2
left_child=1 17 16 4 9 13 11 -8 -9 10 -2 12 -5 -6 -4 -16 -3 -1 -19
right_child=3 2 14 6 5 -7 7 8 -10 -11 -12 -13 -14 -15 15 -17 -18 18 -20
leaf_value=-0.014619417362833891 -0.00063152725514510188 -0.012978584830376392 -0.02153329263305237 -0.01153509384238365 0.025841918281038143 0.081973809064081665 0.066865454873331107 -0.0068155002845717979 0.015448264060200096 -0.031733246251214764 0.045264130437493159 -0.035613043260633657 0.0092391672515835209 -0.01491137127832034 0.033836348946907846 -0.0048313545721983611 -0.049562713235730665 -0.035338112094104014 -0.059734609839724354
leaf_weight=3.1925257891416532 24.012301057577133 4.2897959649562836 4.5248735696077338 57.739098750054836 11.42554140836001 5.3727504760026923 5.0266073942184439 37.282178327441216 35.440181121230125 5.3731676191091529 4.5238106995821026 7.5127588883042327 23.491258636116982 4.9371898621320716 8.0137730687856692 11.570764876902105 5.62762752920389 3.4448189437389374 3.3385066464543343
leaf_count=20 115 22 25 282 52 23 22 170 161 24 20 39 112 22 40 66 31 21 21
internal_value=-6.621e-05 -0.0115721 -0.00680649 0.00259845 0.0123193 0.030746 -0.000469894 0.00725164 0.00397207 0.000305323 0.00660233 -0.0072876 -0.00546187 0.0132257 0.00448446 0.0108285 -0.0345249 -0.0385873 -0.048765
internal_weight=266.14 44.0027 34.0268 222.137 55.6448 21.7355 166.492 77.749 72.7224 33.9093 28.5361 88.7431 81.2304 16.3627 24.1094 19.5845 9.91742 9.97585 6.78333
internal_count=1288 246 184 1042 256 97 786 353 331 159 135 433 394 74 131 106 53 62 42
cat_boundaries=0 1 2
cat_threshold=1717579522 17727504
is_linear=0
shrinkage=0.05


Tree=29
num_leaves=22
num_cat=1
split_feature=12 6 3 1 6 4 7 11 1 9 11 4 1 1 1 1 1 0 1 0 0
split_gain=2.88466 2.26891 2.05367 2.04048 3.22095 2.90454 1.88037 4.22169 2.62025 1.47552 1.76844 1.34047 1.26876 1.85119 1.01507 0.937207 0.877648 0.861896 1.12413 2.58985 0.786143
threshold=0 1.0000000180025095e-35 1.0000000180025095e-35 0.63500000000000012 1.0000000180025095e-35 1.0000000180025095e-35 1.0000000180025095e-35 5.5000000000000009 -1.9549999999999998 1.0000000180025095e-35 7.5000000000000009 1.0000000180025095e-35 -1.2999999999999998 -0.18999999999999997 1.2350000000000001 0.17000000000000001 -0.50499999999999989 0.6100000000000001 -1.0599999999999998 -1.1649999999999998 -1.325
decision_type=9 2 2 2 2 2 2 2 2 2 2 2 2 2 2 2 2 2 2 2 2
left_child=1 17 12 6 5 -5 7 -4 -8 11 16 20 -2 -14 -6 -15 -11 18 -1 -20 -3
right_child=2 9 3 4 14 -7 8 -9 -10 10 -12 -13 13 15 -16 -17 -18 -19 19 -21 -22
leaf_value=-0.006819749348293401 -0.041781088596064275 0.034112004564670943 -0.0099888118911543294 0.038172655141420105 -0.036458912239909873 -0.011265542722848812 0.039291782364750089 0.030698972014402821 0.007694687207456908 -0.0052697261573760243 0.013666489528170714 -0.0075534851925005506 0.010534257602003078 -0.044047312399655258 -0.007148390150000173 -0.0052872947871124218 -0.03720743430345818 0.00050671886799447065 -0.060167885102668787 -0.017265191227331275 0.0033640872878061504
leaf_weight=7.3332400023937288 3.19376873970032 5.3220867812633506 35.090816885232925 5.1376860588788986 8.2011500149965268 6.5658891499042511 6.9733111560344687 7.6631293147802344 115.63894519209862 4.1328473687171927 4.1297819167375573 6.4128752946853647 7.2581555247306833 3.3324280381202671 5.4269151538610467 3.5297453701496124 5.6830732077360144 3.6555330008268347 5.3663801327347818 11.72968497127294 4.047446906566619
leaf_count=40 23 24 170 23 38 31 28 37 510 24 21 32 36 22 26 22 33 20 36 71 21
internal_value=-7.29116e-05 -0.00908353 0.0027165 0.0043658 -0.00874178 0.010153 0.00640798 -0.00252472 0.00956301 -0.000836703 -0.012792 0.00942651 -0.0135227 -0.00653065 -0.0252883 -0.0251905 -0.0244535 -0.0208244 -0.0242092 -0.0312945 0.0215333
internal_weight=265.825 57.8129 208.012 190.698 25.3316 11.7036 165.366 42.7539 122.612 29.7281 13.9457 15.7824 17.3141 14.1203 13.6281 6.86217 9.81592 28.0848 24.4293 17.0961 9.36953
internal_count=1288 322 966 863 118 54 745 207 538 155 78 77 103 80 64 44 57 167 147 107 45
cat_boundaries=0 1
cat_threshold=1717604098
is_linear=0
shrinkage=0.05


Tree=30
num_leaves=21
num_cat=3
split_feature=12 1 1 1 7 12 2 2 12 4 6 5 1 1 2 9 2 1 1 1
split_gain=2.88218 2.84605 2.19405 5.06217 3.80781 3.69986 5.14061 4.21086 3.56058 5.92858 1.79402 1.57165 3.06688 2.67203 1.95074 1.54425 1.35171 0.872288 2.07787 1.84016
threshold=0 0.20500000000000004 -0.20499999999999999 -0.15999999999999998 1.0000000180025095e-35 1 -0.18499999999999997 -0.70499999999999985 2 1.0000000180025095e-35 1.0000000180025095e-35 1.0000000180025095e-35 -0.81999999999999995 -0.32499999999999996 -0.67499999999999993 1.0000000180025095e-35 -0.53499999999999992 -0.77499999999999991 -1.1199999999999999 -0.39999999999999997
decision_type=9 2 2 2 2 9 2 2 9 2 2 2 2 2 2 2 2 2 2 2
left_child=1 11 4 -4 17 6 -6 -7 10 -10 -5 13 -13 16 -14 -3 -1 18 -2 -19
right_child=2 15 3 8 5 7 -8 -9 9 -11 -12 12 14 -15 -16 -17 -18 19 -20 -21
leaf_value=-0.030124579040750801 -0.012381531390899422 -0.012099129959378369 -0.050146968562268184 -0.00060454778128171249 -0.014410559804805632 0.047634914018129533 0.023841200780511305 0.014064959322041257 0.029582476737268323 -0.0057820276310220639 -0.018515636462751457 -0.03651448036096179 -0.024116170714104077 -0.061165725214695599 0.01844326792437288 0.028457002817088857 0.0012682370312395773 -0.040121963908293881 0.022314623820274476 0.0038256699053092463
leaf_weight=7.8621846064925185 14.144887916743757 3.6944350451230985 5.1961447149515143 30.061629325151443 24.955772049725056 14.813871189951895 13.408743128180502 27.101794950664043 22.526258632540703 24.438676819205284 27.061594612896442 6.283103063702586 3.6555398255586633 4.8231231570243862 9.0409769713878596 5.6283514648675919 5.4935786575078955 5.1434186398983002 6.0603730529546764 3.9873183071613294
leaf_count=45 71 20 26 147 112 67 59 127 104 112 131 33 20 31 48 30 31 26 28 20
internal_value=-7.81825e-05 -0.0101949 0.00240649 -0.00246175 0.00752271 0.013175 -0.000701607 0.0211093 0 0.00915549 -0.00782688 -0.0186252 -0.00812676 -0.029208 0.00570626 0.0118969 -0.0169268 -0.00776759 -0.00166987 -0.0205552
internal_weight=265.382 46.4813 218.9 109.284 109.616 80.2802 38.3645 41.9157 104.088 46.9649 57.1232 37.1585 18.9796 18.1789 12.6965 9.32279 13.3558 29.336 20.2053 9.13074
internal_count=1288 258 1030 520 510 365 171 194 494 216 278 208 101 107 68 50 76 145 99 46
cat_boundaries=0 1 2 3
cat_threshold=1717702402 17317897 17596436
is_linear=0
shrinkage=0.05


Tree=31
num_leaves=19
num_cat=3
split_feature=3 12 9 0 0 9 12 12 0 0 7 0 11 0 9 4 0 11
split_gain=2.34012 2.73627 7.89186 2.81856 2.50291 2.39741 4.02884 3.5269 2.28049 1.88019 1.86736 1.67173 1.6369 1.58961 1.42729 2.27263 1.89152 0.726106
threshold=1.0000000180025095e-35 0 1.0000000180025095e-35 -2.4649999999999994 -1.5149999999999999 1.0000000180025095e-35 1 2 1.3400000000000003 -2.7649999999999992 1.0000000180025095e-35 -2.2649999999999992 6.5000000000000009 -1.075 1.0000000180025095e-35 1.0000000180025095e-35 -1.6649999999999998 5.5000000000000009
decision_type=2 9 2 2 2 2 9 9 2 2 2 2 2 2 2 2 2 2
left_child=14 2 8 -4 -5 6 11 10 12 -9 -7 -3 -2 -8 15 16 -1 -16
right_child=1 5 3 4 -6 7 13 9 -10 -11 -12 -13 -14 -15 17 -17 -18 -19
leaf_value=-0.015164785578136237 0.0019431099723297405 0.0011078533372929605 0.057580481959790625 -0.0073273192187158984 0.025203239619953435 -0.0094708746033834012 -0.014698458200819584 0.0052023921175075758 -0.040883151078631413 -0.019529542439157652 0.021736444317414613 0.025933723736047729 -0.030288099018938638 0.0032894680567547782 -0.042079015862540717 -0.031983327050551839 0.02885679469165893 -0.010885732136308137
leaf_weight=4.1685631051659575 26.108960703015331 10.110333800315855 5.5396748185157767 7.0499390661716452 29.748766168951988 6.8166888505220422 28.139274209737778 8.6400406062602979 4.4605141580104819 51.122754514217377 14.4518116787076 23.623788796365261 4.4998395442962638 21.016270622611046 5.5452333837747574 4.9974788203835496 5.3641874492168418 3.6858446896076202
leaf_count=25 114 46 23 31 130 36 138 39 20 256 71 110 20 109 39 32 28 21
internal_value=-8.37159e-05 0.00137367 0.00851113 0.024144 0.0188325 -0.00234538 0.00344555 -0.00861678 -0.00781482 -0.0135965 0.00783581 0.0144079 -0.00271562 -0.0057482 -0.0150388 -0.00479058 0.00913001 -0.0304099
internal_weight=265.09 241.329 77.4077 42.3384 36.7987 163.921 82.8897 81.0313 35.0693 59.7628 21.2685 33.7341 30.6088 49.1555 23.7613 14.5302 9.53275 9.23108
internal_count=1288 1143 338 184 161 805 403 402 154 295 107 156 134 247 145 85 53 60
cat_boundaries=0 1 2 3
cat_threshold=266436 573440 1143078929
is_linear=0
shrinkage=0.05


Tree=32
num_leaves=19
num_cat=1
split_feature=12 1 1 1 1 1 1 0 11 1 0 0 11 1 0 0 0 1
split_gain=2.24354 2.02279 2.17776 1.864 4.23449 4.04883 3.22667 2.02533 1.37995 1.74486 2.1634 3.68942 2.34061 1.65452 2.22614 1.37743 3.78752 1.65072
threshold=0 0.66500000000000015 0.79500000000000015 0.29000000000000009 0.20500000000000004 0.095000000000000015 0.38000000000000006 -0.12499999999999999 4.5000000000000009 -1.4049999999999996 -1.1649999999999998 -0.81499999999999984 5.5000000000000009 -0.39999999999999997 -2.2649999999999992 1.8350000000000002 1.2850000000000004 1.7300000000000002
decision_type=9 2 2 2 2 2 2 2 2 2 2 2 2 2 2 2 2 2
left_child=8 3 -3 4 5 -2 -5 -8 13 -10 12 -12 -11 14 -1 16 -4 -17
right_child=1 2 15 6 -6 -7 7 -9 9 10 11 -13 -14 -15 -16 17 -18 -19
leaf_value=-0.035903474647184901 0.0018413374082671347 -0.044150914738249364 -0.016374776590043504 0.047674424171083224 -0.038669374868436399 0.034834879423436604 0.035085131769907511 -0.003402130398479683 0.021596166321227239 0.0037403683626623593 0.036337821390711851 -0.0092818213981886531 -0.035726875002337628 -0.048597813246605344 0.019786827297284676 -0.030824809326683862 0.045757862832589015 0.006039590069891904
leaf_weight=3.5640782341361046 138.96454235166311 3.9748229682445553 5.6043374985456484 6.3913364112377193 5.9092866778373709 9.9095068424940091 4.410832539200789 13.373061537742609 5.1640000492334357 5.2640934213995925 5.4651488810777655 21.665235012769706 11.253771319985388 4.447221137583254 3.3194650784134865 7.0552917122840864 4.1324315071105957 4.8909202516078949
leaf_count=21 645 20 28 29 28 46 20 62 26 28 27 120 62 30 20 33 20 23
internal_value=-8.44257e-05 0.00244137 -0.0104848 0.00446371 0.00240419 0.00409296 0.0173797 0.00600686 -0.0078522 -0.00535008 -0.00869444 0 -0.0229013 -0.024922 -0.00843308 -0.00390936 0.00968405 -0.0153922
internal_weight=264.759 204.616 25.6578 178.959 154.783 148.874 24.1752 17.7839 60.143 48.8122 43.6482 27.1304 16.5179 11.3308 6.88354 21.683 9.73677 11.9462
internal_count=1288 954 124 830 719 691 111 82 334 263 237 147 90 71 41 104 48 56
cat_boundaries=0 1
cat_threshold=1717742594
is_linear=0
shrinkage=0.05


Tree=33
num_leaves=11
num_cat=1
split_feature=3 2 2 12 2 9 9 4 0 1
split_gain=2.14764 3.55896 3.49247 2.4611 3.13457 2.551 1.30906 2.13295 1.69016 0.733461
threshold=1.0000000180025095e-35 -1.865 -1.6049999999999998 0 0.35500000000000004 1.0000000180025095e-35 1.0000000180025095e-35 1.0000000180025095e-35 -1.6649999999999998 -0.54499999999999993
decision_type=2 2 2 9 2 2 2 2 2 2
left_child=6 -2 -3 5 -5 -4 7 8 -1 -8
right_child=1 2 3 4 -6 -7 9 -9 -10 -11
leaf_value=-0.014416556539178206 0.066890626826907093 -0.04152577279491567 -0.00087403332989370716 -0.00023752277802267549 -0.022920740862690456 0.01296193064355459 -0.04688311182850588 -0.031285593406077949 0.027196348938187783 -0.015530317545145049
leaf_weight=4.1275178194046012 1.9527097791433323 4.6849926561117163 63.027485251426697 83.658565692603588 18.64915420114994 69.064405590295792 3.7406364381313324 4.9253109246492395 5.4153658598661414 5.3071525096893311
leaf_count=25 9 23 280 426 100 305 25 32 28 35
internal_value=-8.27796e-05 0.00130754 0.000723245 0.00160636 -0.00404455 0.00588169 -0.0144904 -0.00467925 0.00871643 -0.0294099
internal_weight=264.553 241.037 239.085 234.4 102.308 132.092 23.516 14.4682 9.54288 9.04779
internal_count=1288 1143 1134 1111 526 585 145 85 53 60
cat_boundaries=0 1
cat_threshold=413917
is_linear=0
shrinkage=0.05


Tree=34
num_leaves=11
num_cat=0
split_feature=3 2 2 1 2 2 9 2 2 11
split_gain=1.96683 3.17169 3.20453 1.4418 3.64121 1.7988 1.21751 2.07475 3.8171 0.729904
threshold=1.0000000180025095e-35 -1.865 -1.6049999999999998 -0.93999999999999984 -0.25499999999999995 -0.43499999999999994 1.0000000180025095e-35 -0.13499999999999998 -0.53499999999999992 5.5000000000000009
decision_type=2 2 2 2 2 2 2 2 2 2
left_child=6 -2 -3 4 -4 -5 7 8 -1 -8
right_child=1 2 3 5 -6 -7 9 -9 -10 -11
leaf_value=-0.018911926786451254 0.062638491232053339 -0.040091765091752711 0.00012277535957081577 0.0064192072407969541 0.027791313162503717 -0.0042687162237248057 -0.040446036567266051 -0.031351238668277215 0.043481949525520695 -0.0088932677426039174
leaf_weight=5.3555277213454238 1.9868667870759953 4.6153101921081534 40.537569232285023 58.774913370609283 16.946555182337761 118.1575453877449 5.3005485385656357 4.7627313137054452 4.284629561007022 3.5945829749107361
leaf_count=32 9 23 187 280 75 569 39 30 23 21
internal_value=-8.59694e-05 0.00123811 0.000680849 0.00152167 0.0084005 -0.000688448 -0.013944 -0.00448014 0.0084678 -0.0284918
internal_weight=264.317 241.019 239.032 234.417 57.4841 176.932 23.298 14.4029 9.64016 8.89513
internal_count=1288 1143 1134 1111 262 849 145 85 55 60
is_linear=0
shrinkage=0.05


Tree=35
num_leaves=11
num_cat=1
split_feature=12 2 1 3 0 1 1 2 2 6
split_gain=1.88549 1.69076 1.82289 1.71398 1.48496 1.11953 2.52107 0.888068 1.96459 0.649416
threshold=0 1.1150000000000004 -2.1549999999999998 1.0000000180025095e-35 -1.075 1.7300000000000002 1.0250000000000001 -1.6799999999999997 -1.5149999999999999 1.0000000180025095e-35
decision_type=9 2 2 2 2 2 2 2 2 2
left_child=5 2 -2 9 -5 6 7 -1 -9 -4
right_child=1 -3 3 4 -6 -7 -8 8 -10 -11
leaf_value=0.030099480699151349 0.036421936390293744 -0.042621980085008705 -0.043789651344021234 -0.011159589317012332 0.0028663786267216843 0.026917905242660946 -0.02432826102060217 -0.030521879177330069 0.0041465951722791548 -0.014301861834205272
leaf_weight=3.0860696583986273 2.4593521505594245 3.0228895321488372 3.5397694557905179 34.801319427788258 40.154459305107594 4.7249247282743445 8.26663029193878 4.0702118873596183 154.23415699601173 5.7523021697998047
leaf_count=15 11 20 26 186 213 21 39 19 703 35
internal_value=-8.38765e-05 -0.00563027 -0.004884 -0.00619083 -0.00358533 0.00289952 0.0023565 0.00376851 0.00320495 -0.0264141
internal_weight=264.112 89.7301 86.7072 84.2479 74.9558 174.382 169.657 161.39 158.304 9.29207
internal_count=1288 491 471 460 399 797 776 737 722 61
cat_boundaries=0 1
cat_threshold=17584333
is_linear=0
shrinkage=0.05


Tree=36
num_leaves=13
num_cat=1
split_feature=12 1 2 2 2 2 1 1 1 2 2 6
split_gain=1.7172 3.73834 2.11543 2.97901 2.68145 1.75123 1.54882 3.12412 2.78139 2.60016 1.71699 0.560102
threshold=0 -2.3349999999999995 1.1150000000000004 0.17500000000000002 -0.36499999999999994 0.37500000000000006 -1.3749999999999998 -1.1649999999999998 -1.8949999999999998 -1.2149999999999996 -0.95499999999999985 1.0000000180025095e-35
decision_type=9 2 2 2 2 2 2 2 2 2 2 2
left_child=6 -2 3 4 -3 -5 8 -8 -1 -9 -11 -10
right_child=1 2 -4 5 -6 -7 7 9 11 10 -12 -13
leaf_value=0.011091843423303372 0.045846986163287043 -0.0029555216779166369 -0.045279842700558279 0.028919505050444702 -0.021862922567377568 0 0.037957989472266009 0.030219753807471991 -0.015102746188482936 -0.01901769043104394 0.0033901830279909266 -0.040880401368643501
leaf_weight=8.4397298544645327 3.3834217414259902 54.085816465318203 3.3656483963131896 8.2686726972460765 29.272684834897518 13.827554158866404 6.9251708537340155 8.4551232904195768 5.9073796570301038 9.1433596163988096 108.32908939570189 4.5343145877122879
leaf_count=38 16 284 22 42 161 75 30 37 28 40 493 22
internal_value=-8.25663e-05 -0.00456522 -0.00663832 -0.00531595 -0.00967331 0.0108665 0.00328449 0.00543052 -0.00977056 0.00357335 0.00158887 -0.0270526
internal_weight=263.938 112.204 108.82 105.455 83.3585 22.0962 151.734 132.853 18.8814 125.928 117.472 10.4417
internal_count=1288 600 584 562 445 117 688 600 88 570 533 50
cat_boundaries=0 1
cat_threshold=807116
is_linear=0
shrinkage=0.05


Tree=37
num_leaves=12
num_cat=1
split_feature=3 2 2 12 2 9 9 4 11 4 2
split_gain=1.71383 2.67604 3.02106 2.07498 2.7762 2.32806 1.14342 1.93457 1.68641 1.6307 0.605087
threshold=1.0000000180025095e-35 -1.865 -1.6049999999999998 0 0.35500000000000004 1.0000000180025095e-35 1.0000000180025095e-35 1.0000000180025095e-35 3.5000000000000004 1.0000000180025095e-35 -0.29499999999999993
decision_type=2 2 2 9 2 2 2 2 2 2 2
left_child=6 -2 -3 5 -5 -4 7 8 -1 10 -8
right_child=1 2 3 4 -6 -7 9 -9 -10 -11 -12
leaf_value=-0.01162599066622687 0.057093793067160573 -0.039229387359478424 -0.0011149422308012597 -0.00018994020158791294 -0.02169707383091285 0.012090600228209965 -0.057594340651886899 -0.029798096476049925 0.029658500381745258 0.0018858652444361025 -0.020025977234003418
leaf_weight=4.7227811366319639 2.0207117944955817 4.5523923486471167 63.047447189688683 83.480339676141739 18.325013138353825 69.298035338521004 3.2483902350068092 4.7763831391930589 4.7811169549822807 2.8626802936196327 2.5837118402123451
leaf_count=28 9 23 280 426 100 305 24 32 25 17 19
internal_value=-7.97274e-05 0.00114849 0.000630241 0.00144296 -0.00375893 0.00536106 -0.0131144 -0.00393664 0.0087149 -0.0274032 -0.042412
internal_weight=263.699 240.724 238.703 234.151 101.805 132.345 22.9751 14.2803 9.5039 8.69478 5.8321
internal_count=1288 1143 1134 1111 526 585 145 85 53 60 43
cat_boundaries=0 1
cat_threshold=413917
is_linear=0
shrinkage=0.05


Tree=38
num_leaves=11
num_cat=1
split_feature=3 2 2 12 1 5 0 2 6 0
split_gain=1.56888 2.40029 2.77257 1.87294 2.68215 2.12775 1.11182 2.1774 2.23003 1.29084
threshold=1.0000000180025095e-35 -1.865 -1.6049999999999998 0 -1.1349999999999996 1.0000000180025095e-35 0.16500000000000004 -0.15499999999999997 1.0000000180025095e-35 -2.2349999999999999
decision_type=2 2 2 9 2 2 2 2 2 2
left_child=6 -2 -3 5 -5 -4 7 8 -1 -10
right_child=1 2 3 4 -6 -7 -8 -9 9 -11
leaf_value=-0.032148840439611207 0.053795360800145534 -0.037879929065614333 0.011935495487028559 0.011059781567970101 -0.0083334249367631747 -0.00066608720504962647 0.014280195806491248 -0.043129986856976277 -0.014953843254641247 0.02343148088573864
leaf_weight=5.1337176859378841 2.0429115444421759 4.4841633141040793 64.862657889723778 22.761335834860802 78.848932288587093 67.680754438042641 3.0456151664257041 5.6573865115642556 3.3058926239609745 5.6234569326043102
leaf_count=34 9 23 280 107 419 305 19 39 23 30
internal_value=-8.23579e-05 0.00108718 0.000592668 0.00136664 -0.00358135 0.0050841 -0.0126159 -0.0170731 -0.00600718 0.0086582
internal_weight=263.447 240.681 238.638 234.154 101.61 132.543 22.7661 19.7205 14.0631 8.92935
internal_count=1288 1143 1134 1111 526 585 145 126 87 53
cat_boundaries=0 1
cat_threshold=413917
is_linear=0
shrinkage=0.05


Tree=39
num_leaves=16
num_cat=1
split_feature=12 2 11 2 2 1 2 2 1 2 0 0 1 1 0
split_gain=1.48681 3.32374 2.80379 2.82409 3.58421 2.95586 2.56912 2.50257 2.39897 1.94 2.43372 1.82217 1.40023 0.340614 0.284961
threshold=0 -1.7599999999999998 4.5000000000000009 0.34500000000000003 -0.71499999999999986 -0.54499999999999993 -0.53499999999999992 -0.18499999999999997 0.05000000000000001 -1.5149999999999999 -4.1149999999999993 -1.1649999999999998 -0.20499999999999999 -0.83499999999999985 0.075000000000000025
decision_type=9 2 2 2 2 2 2 2 2 2 2 2 2 2 2
left_child=1 -1 6 4 5 -4 13 -8 -5 -3 -11 -6 -12 -2 -9
right_child=2 9 3 8 11 -7 7 14 -10 10 12 -13 -14 -15 -16
leaf_value=0.059918636796110494 -0.031890055345228617 -0.028842086359965675 -0.0052245021346050066 -0.0099949442962344679 -0.03672890327740911 0.033209046017025998 0.024946134597730846 -0.012831562422376368 0.03856292996030751 0.040603514108766725 0.00626668731610439 -0.0088663051266319615 -0.0027059863693456748 -0.060590742880027408 -0.036475025387716638
leaf_weight=2.389944225549697 3.8976097702980042 4.9399074241518965 12.312653161585333 3.6229119226336461 8.5562540888786298 8.1108691692352242 3.7037768885493287 3.786691710352895 7.2443214803934097 4.0182225555181494 84.133634060621262 20.861061453819282 88.917637474834919 3.3223652988672283 3.3133037835359573
leaf_count=12 22 23 64 23 44 42 21 23 37 18 390 112 416 22 19
internal_value=-8.0716e-05 0.00235493 -0.00545164 -0.000903637 -0.00602626 0.00988257 -0.023413 -0.00728951 0.0219753 0.00166844 0.00256364 -0.0172367 0.00162855 -0.0464274 -0.0249129
internal_weight=263.131 184.399 78.7318 60.7081 49.8408 20.4235 18.0237 10.8038 10.8672 182.009 177.069 29.4173 173.051 7.21998 7.1
internal_count=1288 859 429 322 262 106 107 63 60 847 824 156 806 44 42
cat_boundaries=0 1
cat_threshold=17617100
is_linear=0
shrinkage=0.05


Tree=40
num_leaves=11
num_cat=1
split_feature=3 2 2 12 9 9 11 0 5 0
split_gain=1.44414 2.0653 2.54776 1.71512 6.20511 4.34618 1.07856 0.890537 0.728955 0.745885
threshold=1.0000000180025095e-35 -1.865 -1.6049999999999998 0 1.0000000180025095e-35 1.0000000180025095e-35 4.5000000000000009 -1.6649999999999998 1.0000000180025095e-35 -1.1399999999999997
decision_type=2 2 2 9 2 2 2 2 2 2
left_child=6 -2 -3 4 -4 -5 7 -1 -8 -10
right_child=1 2 3 5 -6 -7 8 -9 9 -11
leaf_value=-0.017820679861690749 0.049673867786721781 -0.036619265256850934 -0.0067556377209092161 0.0063015248807455461 0.0169337846224932 -0.01244277596399382 -0.043435074753272185 0.010522326601264693 0.0017682336083494846 -0.027347087079018902
leaf_weight=4.5795667245984077 2.0652954131364814 4.408777453005313 50.69415058195591 62.383108280599117 60.061194464564323 60.812569126486778 3.2511550560593578 6.6312526315450686 3.661593832075595 4.444952718913556
leaf_count=31 9 23 226 310 263 312 23 38 23 30
internal_value=-8.31811e-05 0.00103473 0.000571665 0.00130923 0.00554886 -0.00269463 -0.012165 -0.000668795 -0.0229712 -0.0137256
internal_weight=262.994 240.425 238.36 233.951 110.755 123.196 22.5685 11.2108 11.3577 8.10655
internal_count=1288 1143 1134 1111 489 622 145 69 76 53
cat_boundaries=0 1
cat_threshold=397533
is_linear=0
shrinkage=0.05


Tree=41
num_leaves=14
num_cat=0
split_feature=3 1 9 4 4 11 1 1 6 1 0 1 0
split_gain=1.3176 1.9644 1.02204 1.75198 1.5604 1.44666 0.990892 4.14577 1.98174 1.70813 3.68912 2.21462 0.479573
threshold=1.0000000180025095e-35 -2.5899999999999994 1.0000000180025095e-35 1.0000000180025095e-35 1.0000000180025095e-35 3.5000000000000004 0.66500000000000015 0.78500000000000014 1.0000000180025095e-35 0.29000000000000009 -0.20999999999999999 0.20500000000000004 -1.0049999999999997
decision_type=2 2 2 2 2 2 2 2 2 2 2 2 2
left_child=2 -2 3 5 12 -1 9 -8 -9 11 -11 -3 -4
right_child=1 6 4 -5 -6 -7 7 8 -10 10 -12 -13 -14
leaf_value=-0.010100534797991905 0.033706416166446089 0.00087572532443293781 -0.055543002380304296 -0.028129523217392961 0.0032176976277289806 0.028230670785913438 -0.055339374028092074 0.014109373070077869 -0.014015547672780772 0.043365996552649666 0.0019744182790716949 -0.02795858549211426 -0.020471344909593972
leaf_weight=4.620199039578436 4.4030164629220954 172.14418178796768 2.9600430279970169 4.6184828355908403 2.8103943318128586 4.8015639632940292 3.9341894984245327 11.798391371965408 13.092496082186699 7.2972636371850994 20.866228222846985 6.8240455090999594 2.5818759053945541
leaf_count=28 18 822 25 32 17 25 20 56 64 32 98 33 18
internal_value=-8.21141e-05 0.000981235 -0.0116719 -0.00297242 -0.0254961 0.00900021 0.000335373 -0.00830666 -0.000481024 0.00156558 0.0129915 -0.000210802 -0.0407424
internal_weight=262.752 240.36 22.3926 14.0402 8.35231 9.42176 235.957 28.8251 24.8909 207.132 28.1635 178.968 5.54192
internal_count=1288 1143 145 85 60 53 1125 140 120 985 130 855 43
is_linear=0
shrinkage=0.05


Tree=42
num_leaves=17
num_cat=2
split_feature=12 6 2 0 0 0 6 11 12 0 0 0 2 0 0 2
split_gain=1.3405 2.98579 2.56129 2.30301 4.94288 3.05223 2.92 4.51529 2.21993 2.15136 1.85312 1.6543 1.64205 1.36332 1.09662 1.02182
threshold=0 1.0000000180025095e-35 -0.23499999999999996 -2.7649999999999992 -2.2649999999999992 -2.2349999999999999 1.0000000180025095e-35 4.5000000000000009 1 -3.1549999999999998 -3.3749999999999996 -2.4649999999999994 -1.5149999999999999 -0.8849999999999999 -0.064999999999999988 -0.59499999999999986
decision_type=9 2 2 2 2 2 2 2 9 2 2 2 2 2 2 2
left_child=1 2 -1 9 6 -6 7 -5 -7 10 12 -3 -2 -13 -4 -11
right_child=3 11 14 4 5 8 -8 -9 -10 15 -12 13 -14 -15 -16 -17
leaf_value=-0.060671087775763556 -0.014929884417060663 -0.027466223584790263 0.0087832787746771109 -0.0459258769739588 0.077169074895653222 0.0084508053305769656 -0.050303716331850261 0.019429529972864592 -0.0028377608887887431 0.039547429172026506 -0.019723143948179003 0.028195852363767898 0.018323389096219719 -0.0061951485818011708 -0.030720657853579632 0.0081222485369169609
leaf_weight=4.566413514316082 4.4958608523011234 3.4219270646572122 3.2115469127893448 4.5217617750167864 1.2255882173776615 54.827871613204479 7.2745906785130492 5.9724008589982986 122.7155028283596 8.3019105792045575 6.1279506087303188 5.8663761988282195 17.005062989890575 5.1507748439908019 3.3655455037951469 4.4747293740510932
leaf_count=31 23 18 20 25 6 241 36 27 613 37 28 30 81 30 22 20
internal_value=-8.10364e-05 -0.00915097 -0.0320624 0.00121537 -0.000946692 0.00153234 -0.0260367 -0.00842677 0.000938927 0.0121318 0.00403811 0.00199213 0.0111017 0.0117564 -0.0108397 0.0290783
internal_weight=262.526 25.5826 11.1435 236.943 196.538 178.769 17.7688 10.4942 177.543 40.4055 27.6289 14.4391 21.5009 11.0172 6.57709 12.7766
internal_count=1288 151 73 1137 948 860 88 52 854 189 132 78 104 60 42 57
cat_boundaries=0 1 2
cat_threshold=637537282 20612
is_linear=0
shrinkage=0.05


Tree=43
num_leaves=20
num_cat=1
split_feature=12 6 2 1 1 1 1 1 1 2 6 1 2 2 1 2 1 1 2
split_gain=1.22583 2.76948 2.46892 1.88658 1.91365 1.65076 3.63254 2.71067 5.05094 3.36057 2.00558 1.98649 3.60761 3.02028 2.89652 1.94464 1.35592 1.2358 0.161783
threshold=0 1.0000000180025095e-35 -0.23499999999999996 -0.77499999999999991 0.03500000000000001 -0.7599999999999999 -0.53499999999999992 -0.20499999999999999 -0.15999999999999998 -0.014999999999999998 1.0000000180025095e-35 -1.3299999999999998 0.095000000000000015 0.045000000000000005 -1.8549999999999998 -0.105 -0.11499999999999998 -0.6399999999999999 -0.39499999999999996
decision_type=9 2 2 2 2 2 2 2 2 2 2 2 2 2 2 2 2 2 2
left_child=1 2 -1 -3 -5 11 10 9 -9 -8 17 13 15 14 -2 -13 -4 -7 -12
right_child=5 3 16 4 -6 6 7 8 -10 -11 18 12 -14 -15 -16 -17 -18 -19 -20
leaf_value=-0.059875928351895737 0.021603109663341141 -0.021664926517557893 0.012015041748795467 0.036509024001086986 -0.0079531484628119903 -0.020282102425922311 0.003475864381596255 -0.049440237532235455 0 0.040821500679547949 0.0009800460673935888 0.013932065126800229 0.051972901192599057 -0.034166773798580768 -0.0092762618781583976 -0.021170879874693387 -0.032266124899733059 -0.058355077410245537 -0.011587293290237222
leaf_weight=4.4012215360999107 14.436598211526871 5.1824186071753511 3.1403693705797195 4.9975603073835355 4.2693075016140938 5.6650883033871651 20.758086703717712 5.3107364252209655 111.0419924557209 8.6088269725441915 4.8933676034212112 26.398375354707241 5.7265141010284415 5.6223604753613463 15.563563585281372 4.4466711878776577 3.3897957727313042 4.2593588978052139 4.1199830919504166
leaf_count=31 67 28 21 27 23 28 99 28 535 43 22 123 26 26 78 21 21 21 20
internal_value=-7.08485e-05 -0.00877294 -0.0311098 0.00184985 0.015625 0.00116494 -0.00152514 0.00112498 -0.00226669 0.0146947 -0.0220784 0.0075243 0.0156999 -0.000749616 0.00543972 0.00865793 -0.0103571 -0.0375401 -0.00427992
internal_weight=262.232 25.3807 10.9314 14.4493 9.26687 236.852 164.657 145.72 116.353 29.3669 18.9378 72.1941 36.5716 35.6225 30.0002 30.845 6.53017 9.92445 9.01335
internal_count=1288 151 73 78 50 1137 796 705 563 142 91 341 170 171 145 144 42 49 42
cat_boundaries=0 1
cat_threshold=637537282
is_linear=0
shrinkage=0.05


Tree=44
num_leaves=14
num_cat=1
split_feature=3 1 12 6 2 2 2 0 0 0 2 6 11
split_gain=1.23744 1.74007 2.10887 3.64151 2.59876 6.85112 4.25639 2.59203 2.07674 1.00966 2.06719 1.92908 3.87785
threshold=1.0000000180025095e-35 -2.5899999999999994 0 1.0000000180025095e-35 0.14500000000000005 0.35500000000000004 0.055000000000000007 -2.3849999999999993 0.85500000000000009 0.16500000000000004 -0.15499999999999997 1.0000000180025095e-35 4.5000000000000009
decision_type=2 2 9 2 2 2 2 2 2 2 2 2 2
left_child=9 -2 3 7 6 -6 -4 -3 -5 10 11 -1 -13
right_child=1 2 4 8 5 -7 -8 -9 -10 -11 -12 12 -14
leaf_value=-0.029990628161116951 0.031811043969463625 0.046696683516963239 -0.0044792433184809768 0.0018275075328357216 0.038494595354630887 -0.0059240866515214569 -0.045348647805311212 0.011832686975252353 -0.027663594170101842 0.014239229955457375 -0.041711230037352109 0.049776403177361886 -0.017021159802641118
leaf_weight=4.8954680338501957 4.3866525739431372 6.3669972121715537 111.32119441777468 26.880609482526779 12.452505603432654 27.664418183267117 6.7063766419887534 36.523301869630814 7.4829644113779059 3.0375791564583769 5.4183490648865709 3.4344653785228729 5.4196811616420746
leaf_count=34 18 27 552 116 58 144 36 158 34 19 39 18 35
internal_value=-7.53715e-05 0.000952881 0.000343343 0.00663822 -0.00293631 0.00780082 -0.00688021 0.0172211 -0.00451099 -0.0113575 -0.0157262 -0.00489802 0.00859731
internal_weight=261.991 239.785 235.398 77.2539 158.144 40.1169 118.028 42.8903 34.3636 22.2055 19.168 13.7496 8.85415
internal_count=1288 1143 1125 335 790 202 588 185 150 145 126 87 53
cat_boundaries=0 1
cat_threshold=266436
is_linear=0
shrinkage=0.05


Tree=45
num_leaves=10
num_cat=0
split_feature=3 2 2 2 2 0 2 2 2
split_gain=1.13013 1.85573 2.25461 1.37515 2.06407 0.926474 1.93964 1.71339 0.916567
threshold=1.0000000180025095e-35 -1.865 -1.6049999999999998 -1.5349999999999999 -1.4249999999999996 0.16500000000000004 -0.15499999999999997 -0.42499999999999993 -0.68499999999999994
decision_type=2 2 2 2 2 2 2 2 2
left_child=5 -2 -3 -4 -5 6 7 8 -1
right_child=1 2 3 4 -6 -7 -8 -9 -10
leaf_value=-0.0024949753416441721 0.046976242123155626 -0.034974054899047188 0.034880121229424535 -0.030429165099824997 0.0014315352911838462 0.013448111493516901 -0.040730348049496372 0.024485620331378476 -0.034164366511081977
leaf_weight=6.2513170987367657 2.0681821256875983 4.2965212538838378 2.8895349800586692 5.093512848019599 225.25986059755087 3.0607284605503073 5.277415059506894 3.5023247972130784 3.9084808006882659
leaf_count=40 9 23 13 25 1073 19 39 20 27
internal_value=-7.32345e-05 0.000905022 0.000463254 0.00115217 0.000692445 -0.0109097 -0.0151586 -0.0046932 -0.0153798
internal_weight=261.608 239.608 237.539 233.243 230.353 22.0003 18.9395 13.6621 10.1598
internal_count=1288 1143 1134 1111 1098 145 126 87 67
is_linear=0
shrinkage=0.05


Tree=46
num_leaves=14
num_cat=1
split_feature=12 1 11 4 11 1 1 1 1 1 1 1 1
split_gain=1.07832 1.51389 1.43145 1.27898 2.40142 2.39129 1.53917 1.32729 0.757154 0.703384 0.911657 1.58729 0.118979
threshold=0 -3.0399999999999996 7.5000000000000009 1.0000000180025095e-35 4.5000000000000009 -1.0849999999999997 -0.55499999999999994 -0.56499999999999984 -0.099999999999999992 -2.3549999999999995 -1.8549999999999998 -1.3299999999999998 -2.0799999999999996
decision_type=9 2 2 2 2 2 2 2 2 2 2 2 2
left_child=2 -2 3 4 6 -6 -1 -5 -9 -3 12 -12 -11
right_child=1 9 -4 7 5 -7 -8 8 -10 10 11 -13 -14
leaf_value=-0.00080503410368829411 0.05060536849078498 -0.017534316850438193 0.022501247305250646 -0.037657758203673924 0.042843574630439973 -0.00059731617024385154 -0.038508825055181849 0.0084441981353201943 -0.016759342920632952 0.023046143798846497 -0.013383875161262352 0.0023955768337016723 0.0090363331843308827
leaf_weight=5.6718476191163063 1.4726653397083271 4.7187580913305274 3.6419521868228903 6.4678738638758686 3.9702140763402012 13.31590913236141 5.6264337524771708 3.810943745076659 10.293435782194132 4.7926144525408745 17.383412912487984 175.37470924854279 4.9290123805403692
leaf_count=33 6 23 18 36 19 76 34 21 53 21 87 838 23
internal_value=-7.04678e-05 0.00157543 -0.00585213 -0.00928381 -0.00222406 0.00928148 -0.0201929 -0.018793 -0.00958594 0.00125458 0.00172558 0.000940418 0.0166164
internal_weight=261.47 208.671 52.7986 49.1567 28.5844 17.2861 11.2983 20.5723 14.1044 207.199 202.48 192.758 9.72163
internal_count=1288 998 290 272 162 95 67 110 74 992 969 925 44
cat_boundaries=0 1
cat_threshold=639765522
is_linear=0
shrinkage=0.05


Tree=47
num_leaves=19
num_cat=2
split_feature=12 1 11 1 1 7 12 1 2 2 11 6 2 1 1 1 2 7
split_gain=1.1941 4.22339 2.66486 1.96335 4.35116 3.53979 2.42208 2.31646 1.88684 3.18621 1.75874 1.67146 1.39549 1.36188 1.18452 2.46586 1.75035 0.750831
threshold=0 0.47000000000000003 4.5000000000000009 -0.20499999999999999 -0.15999999999999998 1.0000000180025095e-35 1 0.03500000000000001 0.56500000000000006 -0.054999999999999993 5.5000000000000009 1.0000000180025095e-35 -0.23499999999999996 -0.41499999999999992 -0.77499999999999991 -0.50499999999999989 -1.0849999999999997 1.0000000180025095e-35
decision_type=9 2 2 2 2 2 9 2 2 2 2 2 2 2 2 2 2 2
left_child=1 2 17 5 -5 14 11 -8 9 -7 13 -6 -12 -4 16 -16 -2 -1
right_child=3 -3 10 4 6 8 7 -9 -10 -11 12 -13 -14 -15 15 -17 -18 -19
leaf_value=-0.017272896183989816 -0.027756578329887201 0.033309626385738887 -0.0043137528520379607 -0.047911218959402029 -0.00014881290927087201 0.0083052978199157877 -0.0079045250330248631 0.015858798987372261 -0.016957645511166169 0.03343247328883743 -0.023315521583421869 -0.017559185557059927 0.00232677474283683 0.032684659215415433 -0.052788055904858938 -0.00061182715517211681 0.006829800926607699 -0.052798759517941621
leaf_weight=3.0866581648588181 4.6457181870937374 5.2921576201915732 5.915088839828968 5.0634553804993621 29.694200202822685 55.548509687185287 14.645127795636652 32.159752361476421 4.9808894768357268 16.645756058394909 15.516553930938242 26.621015176177025 7.5032481253147152 3.9470861107110959 3.8655785098671913 5.7494911402463895 15.699248291552069 4.7313773334026328
leaf_count=19 24 28 34 27 147 252 70 148 25 76 82 131 40 24 21 30 77 33
internal_value=-6.67388e-05 -0.00660716 -0.0136083 0.00154452 -0.00310271 0.0064264 -0.000809778 0.00685438 0.0121109 0.0142062 -0.00712774 -0.00720668 -0.0147673 0.0101715 -0.00804168 -0.0224305 -0.00092048 -0.0397995
internal_weight=261.311 45.9922 40.7 215.319 108.184 107.135 103.12 46.8049 77.1752 72.1943 32.882 56.3152 23.0198 9.86217 29.96 9.61507 20.345 7.81804
internal_count=1288 260 232 1028 523 505 496 218 353 328 180 278 122 58 152 51 101 52
cat_boundaries=0 1 2
cat_threshold=1717701635 17596436
is_linear=0
shrinkage=0.05


Tree=48
num_leaves=19
num_cat=2
split_feature=12 0 0 0 2 0 0 0 6 11 0 12 0 9 0 0 2 0
split_gain=1.08042 3.78791 4.80095 3.20127 2.06013 1.97952 4.53171 3.32726 3.00374 3.98714 2.29918 1.95022 1.6314 1.54819 1.24566 0.638445 0.538791 0.168793
threshold=0 -1.1649999999999998 -0.81499999999999984 0.71000000000000008 -1.3949999999999998 -2.7649999999999992 -2.2649999999999992 -2.2349999999999999 1.0000000180025095e-35 4.5000000000000009 -3.1549999999999998 1 -3.3749999999999996 1.0000000180025095e-35 -3.4499999999999997 -4.004999999999999 -0.72499999999999987 -1.8049999999999999
decision_type=9 2 2 2 2 2 2 2 2 2 2 9 2 2 2 2 2 2
left_child=1 4 -3 13 -1 10 8 -8 9 -7 14 -9 -6 -4 15 -2 -12 -14
right_child=5 2 3 -5 12 6 7 11 -10 -11 16 -13 17 -15 -16 -17 -18 -19
leaf_value=0.0087288143110439715 0 0.04764575457005462 -0.036905286333544611 0.033884037502756134 0 -0.044437072757250277 0.08387511474590395 0.007697429443177483 -0.053183149663192611 0.017400115358268391 0.041021242306957216 -0.0029447295327357952 -0.042587152731674086 -0.0026824474580718445 -0.014989685128409409 0.019047539579149658 0.016326348946211277 -0.026434192253114688
leaf_weight=4.0783907100558308 8.0142475292086619 5.3168642073869732 5.7421309649944314 3.8018888086080542 3.7175949960947081 4.3853145167231578 1.1310876309871662 60.183700449764729 6.1071822345256797 6.0083070695400238 6.3521296232938766 102.02126263082027 9.030945837497713 8.4593714773654938 6.4869456440210369 9.5150847360491735 5.0352688431739789 5.6682859808206496
leaf_count=23 38 28 36 20 19 25 5 264 31 27 27 512 56 49 30 47 22 29
internal_value=-7.37593e-05 -0.00630662 0.00626538 -0.0058748 -0.0223222 0.00145724 -0.000578269 0.00192182 -0.0254895 -0.00838881 0.0123206 0.00126821 -0.0294784 -0.0170308 0.00327215 0.0103605 0.0307741 -0.0369168
internal_weight=261.056 45.8155 23.3203 18.0034 22.4952 215.241 179.837 163.336 16.5008 10.3936 35.4037 162.205 18.4168 14.2015 24.0163 17.5293 11.3874 14.6992
internal_count=1288 260 133 105 127 1028 864 781 83 52 164 776 104 85 115 85 49 85
cat_boundaries=0 1 2
cat_threshold=1717701635 20620
is_linear=0
shrinkage=0.05


Tree=49
num_leaves=15
num_cat=1
split_feature=1 1 2 0 0 1 0 2 2 1 12 0 0 1
split_gain=0.994097 3.8812 2.30055 2.23317 2.26737 1.68657 3.36766 2.67632 3.00872 2.56892 3.13496 2.65764 1.98373 1.64501
threshold=0.66500000000000015 0.78500000000000014 0.26500000000000007 1.8350000000000002 2.6300000000000003 0.29000000000000009 -0.20999999999999999 0.58000000000000007 0.24500000000000002 0.20500000000000004 0 0.075000000000000025 -2.7649999999999992 1.0250000000000001
decision_type=2 2 2 2 2 2 2 2 2 2 9 2 2 2
left_child=5 -2 13 -4 -5 9 -7 8 -8 10 12 -12 -1 -3
right_child=1 2 3 4 -6 6 7 -9 -10 -11 11 -13 -14 -15
leaf_value=0.019633068226654542 -0.054225943959955829 0.007764537009396175 0.042102419197272319 -0.027491286715741005 0.019549208049247771 0.040003142302820476 0.0070406167810906214 0.029717006885051019 -0.038156503878127163 -0.029615719184185887 -0.0094868776544135679 0.019625357478567362 0.0029425497647132129 -0.031205267108020143
leaf_weight=23.129517711699009 3.9459209069609669 3.8041906580328959 4.1803375706076613 4.4316462129354459 5.7761123403906822 7.8671040385961559 9.9594383388757723 6.0917419716715804 5.6071397364139548 7.2476242184638968 81.407689068466425 8.4836183562874776 81.024739727377892 7.775294616818428
leaf_count=107 21 20 20 21 28 35 49 29 26 36 423 43 391 39
internal_value=-6.2023e-05 -0.00864028 -0.00134003 0.0117686 -0.000456689 0.00103131 0.0121777 0.00170327 -0.00906004 -0.000584041 0.000489238 -0.00599849 0.00612476 -0.0180176
internal_weight=260.732 29.9135 25.9676 14.3881 10.2078 230.819 29.5254 21.6583 15.5666 201.293 194.046 89.8913 104.154 11.5795
internal_count=1288 149 128 69 49 1139 139 104 75 1000 964 466 498 59
cat_boundaries=0 1
cat_threshold=17077460
is_linear=0
shrinkage=0.05


Tree=50
num_leaves=14
num_cat=1
split_feature=3 0 12 9 7 9 6 0 1 1 1 6 0
split_gain=0.956269 1.54548 1.46141 5.79561 4.79487 4.63424 3.12149 2.83302 2.66514 0.974034 1.67838 2.11652 1.81794
threshold=1.0000000180025095e-35 -5.2349999999999994 0 1.0000000180025095e-35 1.0000000180025095e-35 1.0000000180025095e-35 1.0000000180025095e-35 -3.4499999999999997 0.98000000000000009 -1.2999999999999998 -0.23499999999999996 1.0000000180025095e-35 -0.074999999999999997
decision_type=2 2 9 2 2 2 2 2 2 2 2 2 2
left_child=9 -2 3 8 -5 6 -4 -7 -3 -1 11 -11 -12
right_child=1 2 5 4 -6 7 -8 -9 -10 10 12 -13 -14
leaf_value=-0.032350576946453144 0.037003914158055977 -0.0038719904428945722 -0.0042133768871426601 -0.013807332357692371 0.022609583415858187 -0.053872132018822218 0.017814234879503645 -0.010111940848308694 -0.045602677814317795 -0.019460132770722283 -0.039377364447724592 0.028955429251315737 0.0061637755196139263
leaf_weight=3.9806293696165111 2.8206436634063712 46.555678680539131 33.933942250907421 10.93155252933502 47.028469771146774 3.929795190691947 29.97187277674675 59.556633748114109 4.1219695359468451 3.517647802829746 5.1268471255898502 5.6385404095053673 3.4437295123934684
leaf_count=32 12 209 178 53 201 20 143 307 20 23 39 29 22
internal_value=-5.80198e-05 0.000837421 0.000368555 0.00442198 0.0156431 -0.00314948 0.00605116 -0.0129798 -0.00744783 -0.0100987 -0.00466797 0.00980555 -0.0206418
internal_weight=260.558 238.851 236.03 108.638 57.96 127.392 63.9058 63.4864 50.6776 21.7074 17.7268 9.15619 8.57058
internal_count=1288 1143 1131 483 254 648 321 327 229 145 113 52 61
cat_boundaries=0 1
cat_threshold=4591836
is_linear=0
shrinkage=0.05


Tree=51
num_leaves=20
num_cat=3
split_feature=12 1 2 2 2 1 1 6 12 6 1 2 2 2 2 12 1 1 2
split_gain=0.87643 2.45712 2.20179 2.26742 1.48703 1.31803 3.31422 2.30923 2.69663 1.8726 1.75014 3.04755 2.8138 2.73007 1.81604 1.54613 1.15887 0.770195 0.138936
threshold=0 -0.77499999999999991 -0.14499999999999999 0.59500000000000008 -0.80499999999999994 -0.7599999999999999 -0.53499999999999992 1.0000000180025095e-35 1 1.0000000180025095e-35 -1.3299999999999998 0.095000000000000015 0.045000000000000005 -0.25499999999999995 -0.105 2 -0.6399999999999999 -1.3299999999999998 -0.39499999999999996
decision_type=9 2 2 2 2 2 2 2 9 2 2 2 2 2 2 9 2 2 2
left_child=1 17 4 -4 -3 10 9 15 -9 16 12 14 13 -2 -12 -8 -7 -1 -11
right_child=5 2 3 -5 -6 6 7 8 -10 18 11 -13 -14 -15 -16 -17 -18 -19 -20
leaf_value=-0.015529337204885016 -0.0017227207090213918 -0.0057535640375458059 -0.040042115831219666 0.013331698426083486 0.035990139022420979 -0.019569945892962556 -0.004238255791861806 0.0073616099058258101 -0.011193851417788355 0.00082601954143421235 0.0129078072897861 0.047526052521623931 -0.033642309912611877 0.038740471797473724 -0.021139863091665531 0.010516449940137854 -0.056908729026745944 -0.048351161819181122 -0.010802981415091293
leaf_weight=4.4612414464354515 24.871379040181637 3.3266323581337929 4.6603021547198287 3.1680692806839943 4.9729712530970591 5.5974733680486679 21.417641364037991 23.00107529759407 46.007588662207127 4.8686643689870834 26.358125045895576 5.7725174427032462 5.5400395840406409 4.8629433959722546 4.4108517616987255 54.654692560434341 4.1316975206136703 4.0540018603205699 4.0750133395195007
leaf_count=26 123 20 30 21 26 28 106 106 227 22 123 26 26 22 21 266 21 28 20
internal_value=-6.29933e-05 -0.0075084 0.000666623 -0.0179159 0.0187939 0.000974756 -0.00143598 0.00108848 -0.00548966 -0.0212178 0.00667112 0.014335 -0.00114478 0.00483497 0.0078123 0.00712082 -0.036353 -0.0321156 -0.0039805
internal_weight=260.213 24.6432 16.128 7.82837 8.2996 235.57 163.754 145.081 69.0087 18.6728 71.8159 36.5415 35.2744 29.7343 30.769 76.0723 9.72917 8.51524 8.94368
internal_count=1288 151 97 51 46 1137 796 705 333 91 341 170 171 145 144 372 49 54 42
cat_boundaries=0 1 2 3
cat_threshold=637537282 544776 49176
is_linear=0
shrinkage=0.05


Tree=52
num_leaves=19
num_cat=2
split_feature=12 1 0 0 1 1 1 7 12 4 1 2 2 1 0 0 0 2
split_gain=0.896864 3.4619 1.89556 4.96641 2.5714 1.67745 4.0622 3.1053 2.08504 3.27305 1.79947 2.75125 2.69913 1.62256 1.44055 1.39848 3.48085 1.01758
threshold=0 0.47000000000000003 -1.1649999999999998 -0.81499999999999984 -2.1249999999999996 -0.20499999999999999 -0.15999999999999998 1.0000000180025095e-35 1 1.0000000180025095e-35 -0.53499999999999992 -0.014999999999999998 -0.56499999999999984 -0.11499999999999998 1.6050000000000002 -1.365 -2.1049999999999995 -0.86499999999999988
decision_type=9 2 2 2 2 2 2 2 9 2 2 2 2 2 2 2 2 2
left_child=1 2 4 -4 -1 7 -7 15 14 -10 12 -12 -9 -5 -8 16 -2 -6
right_child=5 -3 3 13 17 6 8 10 9 -11 11 -13 -14 -15 -16 -17 -18 -19
leaf_value=0.017582971120587123 -0.011826453569941414 0.029878132037335643 0.04069220542657942 0.0027173811339656112 -0.01604440303556209 -0.046780480366722652 -0.011663032048124036 0.017645464935671099 0.021103235365435246 -0.0051628445967921441 0.010660938576305415 0.050616269755802537 -0.0039980783827229683 -0.031905020729724461 0.0092305666377881321 -0.025904765630830863 0.035877505437045258 -0.041165752692687782
leaf_weight=3.2207668796181705 17.170852757990367 5.4077923446893683 5.1635192185640362 5.6426016241312036 8.792548034340145 4.9502856805920592 46.248696759343147 27.679279416799545 23.036121279001236 23.805739723145962 13.747778892517092 6.551057241857051 29.266016386449337 7.4787199050188038 9.6882034391164762 7.7612901777029029 4.8030811697244635 9.5702425688505155
leaf_count=15 90 28 27 36 53 27 230 126 108 110 61 32 134 44 48 39 23 57
internal_value=-6.30448e-05 -0.00577535 -0.0122442 -0.000109339 -0.0222459 0.00132744 -0.00298292 0.0058374 -0.000781408 0.00631917 0.0111457 0.0239858 0.00644699 -0.0167301 -0.00674192 -0.00777562 -0.00105747 -0.0295599
internal_weight=259.985 45.2762 39.8684 18.2848 21.5836 214.708 107.729 106.979 102.779 46.8419 77.2441 20.2988 56.9453 13.1213 55.9369 29.7352 21.9739 18.3628
internal_count=1288 260 232 107 125 1028 523 505 496 218 353 93 260 80 278 152 113 110
cat_boundaries=0 1 2
cat_threshold=1717701635 17596436
is_linear=0
shrinkage=0.05


Tree=53
num_leaves=17
num_cat=1
split_feature=1 1 1 0 1 1 12 0 9 11 0 9 0 1 1 1
split_gain=0.917698 3.67486 1.55494 3.0596 2.30966 2.89151 2.91309 2.26109 1.8894 1.45895 0.8471 2.11631 1.76148 0.596043 0.323469 0.169679
threshold=0.66500000000000015 0.78500000000000014 0.29000000000000009 -0.20999999999999999 0.20500000000000004 0.095000000000000015 0 0.7350000000000001 1.0000000180025095e-35 6.5000000000000009 1.8350000000000002 1.0000000180025095e-35 1.2850000000000004 1.6350000000000002 1.0250000000000001 0.54500000000000015
decision_type=2 2 2 2 2 2 9 2 2 2 2 2 2 2 2 2
left_child=2 -2 4 -4 5 6 -1 9 -7 -5 12 -12 14 -13 -3 -9
right_child=1 10 3 7 -6 8 -8 15 -10 -11 11 13 -14 -15 -16 -17
leaf_value=0.0034780468002382314 -0.053237629752085361 0.0029620785990459456 0.038075953964316678 -0.027031263411402731 -0.028329444630460152 0.001798398399760225 -0.0090740370568978667 0.011889540360413123 0.043678374057224606 0.0069007959619403593 -0.037252928839771486 -0.0079043225972734357 0.03232026538969212 0.01749584037222544 -0.016309068145767405 0.028668369979671357
leaf_weight=120.22936711460352 3.8571118786931065 4.0066840276122111 7.9273862391710308 7.0288550183177012 7.1276236847043029 5.257767900824545 61.690482798963785 5.0217612236738187 6.068475529551506 5.3058707267045975 4.6153656393289539 4.5730897635221481 4.5871077179908752 4.2362659126520157 3.8748536854982376 4.2716376185417175
leaf_count=573 21 21 35 37 36 26 337 23 28 24 23 22 22 20 20 20
internal_value=-6.12996e-05 -0.00832726 0.000989649 0.0116834 -0.000567795 0.000444418 -0.00106108 0.00164883 0.0248607 -0.0120949 -0.00126592 -0.0101098 0.00786296 0.00380824 -0.00597151 0.0203572
internal_weight=259.68 29.7505 229.929 29.5555 200.374 193.246 181.92 21.6281 11.3262 12.3347 25.8934 13.4247 12.4686 8.80936 7.88154 9.2934
internal_count=1288 149 1139 139 1000 964 910 104 54 61 128 65 63 42 41 43
cat_boundaries=0 1
cat_threshold=17601692
is_linear=0
shrinkage=0.05


Tree=54
num_leaves=10
num_cat=0
split_feature=2 0 2 0 0 2 2 0 2
split_gain=0.871024 3.0142 1.78963 3.61751 2.30551 2.23274 4.93855 2.86332 0.0450135
threshold=1.0350000000000004 2.3250000000000006 0.80500000000000016 1.8550000000000002 0.78500000000000014 0.14500000000000005 0.35500000000000004 0.23500000000000001 1.1950000000000001
decision_type=2 2 2 2 2 2 2 2 2
left_child=2 8 3 5 -4 7 -7 -1 -2
right_child=1 -3 4 -5 -6 6 -8 -9 -10
leaf_value=8.995041020582107e-05 -0.023156317985034574 0.019829209269681732 -0.0028725630112601355 -0.033511714538021625 0.047630301375772399 0.030209544428987569 -0.0030211212706661777 -0.024842481424672894 -0.039713917927433923
leaf_weight=173.86313274502754 3.8774282634258253 4.1507806479930878 4.1465747952461225 7.8088282495737067 4.4235309064388275 18.994913771748543 26.370195634663105 12.203691780567167 3.6718846261501312
leaf_count=867 19 20 21 38 21 89 129 62 22
internal_value=-6.74714e-05 -0.0133566 0.000544926 -0.000243024 0.0228669 0.0008719 0.0108188 -0.00153092 -0.0322773
internal_weight=259.511 11.7001 247.811 239.241 8.57011 231.432 45.3651 186.067 7.54931
internal_count=1288 61 1227 1185 42 1147 218 929 41
is_linear=0
shrinkage=0.05


Tree=55
num_leaves=10
num_cat=0
split_feature=3 2 2 2 2 11 5 0 2
split_gain=0.894052 1.58384 2.06366 1.97617 1.88104 0.898935 0.796754 0.738125 0.690904
threshold=1.0000000180025095e-35 -1.865 -1.595 -1.5349999999999999 -1.4249999999999996 4.5000000000000009 1.0000000180025095e-35 -1.6649999999999998 -0.13499999999999998
decision_type=2 2 2 2 2 2 2 2 2
left_child=5 -2 -3 -4 -5 7 -7 -1 -8
right_child=1 2 3 4 -6 6 8 -9 -10
leaf_value=-0.015315908331042977 0.043458825366815272 -0.031728643927209331 0.046503416302368122 -0.02940067385971647 0.0012978720733369605 -0.041729711508384511 0.0016310365539050212 0.011045614780734285 -0.027588582244764993
leaf_weight=4.3596863225102425 2.0580352097749701 4.7886962741613379 2.2734253704547873 4.997110776603221 223.78357001394033 3.0660607442259771 4.4160607233643532 6.4502856880426425 3.2190215289592743
leaf_count=31 9 26 10 25 1073 23 28 38 25
internal_value=-6.74811e-05 0.000797309 0.000385578 0.00108623 0.000592945 -0.00982236 -0.0200275 0 -0.0102392
internal_weight=259.412 237.901 235.843 231.054 228.781 21.5111 10.7011 10.81 7.63508
internal_count=1288 1143 1134 1108 1098 145 76 69 53
is_linear=0
shrinkage=0.05


Tree=56
num_leaves=15
num_cat=1
split_feature=0 12 0 4 0 1 1 0 6 1 1 1 0 9
split_gain=0.835713 0.948488 2.28017 4.15015 5.77742 1.19662 3.13754 1.75982 1.59025 1.5152 1.19387 1.40212 0.808605 0.555248
threshold=-5.2349999999999994 0 -0.30499999999999994 1.0000000180025095e-35 0.66000000000000014 0.64500000000000013 0.54500000000000015 0.10500000000000002 1.0000000180025095e-35 1.1600000000000001 -1.2999999999999998 -0.80499999999999994 1.6450000000000002 1.0000000180025095e-35
decision_type=2 9 2 2 2 2 2 2 2 2 2 2 2 2
left_child=-1 2 10 4 -4 6 7 -3 9 -7 -2 -12 -10 -5
right_child=1 5 3 13 -6 8 -8 -9 12 -11 11 -13 -14 -15
leaf_value=0.025060288818620137 -0.0062453824352948105 -0.004154312885994829 -0.031129768422273493 -0.04037768335575076 0.039195833354355988 -0.018304630793352348 0.034785252393089647 0.010138438337054034 -0.013016760560876217 0.020507064874424292 0.037740463056003981 0.011329349451018954 -0.04356309659222081 -0.016255969936928696
leaf_weight=3.1618234291672698 5.3340393006801632 149.03079649433494 4.3562098145484933 4.8085269927978516 8.1671409010887128 5.0784471109509468 5.8655504435300818 24.935318313539028 5.4804193004965782 4.7816244959831238 7.3063543438911465 19.111134774982929 4.5579797402024269 7.3138889968395233
leaf_count=15 27 763 20 23 35 28 28 124 29 24 31 84 25 32
internal_value=-6.50192e-05 -0.000404358 0.00480972 -0.0055928 0.0142844 -0.00204184 -0.000823667 -0.0020723 -0.0137629 3.19504e-05 0.0145435 0.0189373 -0.0276725 -0.0264853
internal_weight=259.289 256.127 56.3973 24.6458 12.5234 199.73 179.832 173.966 19.8985 9.86007 31.7515 26.4175 10.0384 12.1224
internal_count=1288 1273 252 110 55 1021 915 887 106 52 142 115 54 55
cat_boundaries=0 1
cat_threshold=4292
is_linear=0
shrinkage=0.05


Tree=57
num_leaves=11
num_cat=0
split_feature=3 2 2 2 2 9 2 2 2 2
split_gain=0.806309 1.42402 1.90229 1.78889 1.72824 0.913674 1.50381 3.48703 0.92943 1.50086
threshold=1.0000000180025095e-35 -1.865 -1.595 -1.5349999999999999 -1.4249999999999996 1.0000000180025095e-35 -0.13499999999999998 -0.53499999999999992 0.03500000000000001 -0.5149999999999999
decision_type=2 2 2 2 2 2 2 2 2 2
left_child=5 -2 -3 -4 -5 6 7 -1 9 -7
right_child=1 2 3 4 -6 8 -8 -9 -10 -11
leaf_value=-0.017137550047300113 0.041158169715643664 -0.030664808455272325 0.044030693165958285 -0.028330808060153104 0.0012326266934571816 -0.0032292514978586651 -0.025746070482901364 0.043513397119464295 0.0023051039626651245 -0.057123160626855622
leaf_weight=5.0921535342931747 2.0631742477416983 4.7287683114409438 2.2968161702156058 4.9483832791447631 223.72126974910498 2.5818943008780479 4.2272570505738267 4.1773446276783943 2.2402239888906479 3.021648369729518
leaf_count=32 9 26 10 25 1073 20 30 23 17 23
internal_value=-6.36481e-05 0.000754044 0.000361854 0.00103172 0.000558917 -0.00936793 -0.00104943 0.00983415 -0.0228587 -0.0336596
internal_weight=259.099 237.758 235.695 230.966 228.67 21.3405 13.4968 9.2695 7.84377 5.60354
internal_count=1288 1143 1134 1108 1098 145 85 55 60 43
is_linear=0
shrinkage=0.05


Tree=58
num_leaves=14
num_cat=2
split_feature=0 12 1 0 0 7 12 1 3 1 1 1 0
split_gain=0.772451 0.924847 3.33205 4.36889 2.30111 1.54618 2.14669 1.91132 2.25693 2.1087 1.57361 1.11342 1.10258
threshold=-5.2349999999999994 0 -0.71499999999999986 -0.80499999999999994 0.56000000000000016 1.0000000180025095e-35 1 -0.26499999999999996 1.0000000180025095e-35 -0.53499999999999992 -0.14499999999999999 -1.4049999999999996 -3.1549999999999998
decision_type=2 9 2 2 2 2 9 2 2 2 2 2 2
left_child=-1 2 11 -4 -5 6 10 9 -9 -7 -3 -2 -8
right_child=1 5 3 4 -6 7 12 8 -10 -11 -12 -13 -14
leaf_value=0.024101636429478823 -0.013491105381705724 -0.0013793811695721877 0.037070894363856452 -0.033740804307467502 0.014857888636001871 0.0043280234263935414 -0.04654537839078568 -0.032607026176327068 0.00016990893835135284 0.023902693964999104 0.025864387376475142 -0.051844274017942976 -0.013011478901467694
leaf_weight=3.1592047810554496 3.8848250955343246 15.381135672330858 5.7235364392399815 6.8811357617378217 3.5015568509697914 63.283208563923836 2.7541058361530295 5.469591610133647 87.257577680051327 17.876872956752777 7.7407433390617362 4.8977931439876574 31.150475934147835
leaf_count=15 21 77 29 45 19 297 16 40 403 84 36 34 172
internal_value=-6.26583e-05 -0.000389932 -0.00797456 0.00208846 -0.0168886 0.00072293 -0.00635465 0.00311663 -0.00174265 0.00872531 0.00531101 -0.0357852 -0.0123728
internal_weight=258.962 255.803 24.8888 16.1062 10.3827 230.914 57.0265 173.887 92.7272 81.1601 23.1219 8.78262 33.9046
internal_count=1288 1273 148 93 64 1125 301 824 443 381 113 55 188
cat_boundaries=0 1 2
cat_threshold=603982851 16793728
is_linear=0
shrinkage=0.05


Tree=59
num_leaves=9
num_cat=0
split_feature=2 2 2 1 2 2 1 2
split_gain=0.799142 1.53849 1.49965 1.42829 1.30493 3.03124 2.40557 1.17209
threshold=1.0350000000000004 0.80500000000000016 0.74500000000000011 0.36500000000000005 0.14500000000000005 0.36500000000000005 0.63500000000000012 0.89500000000000013
decision_type=2 2 2 2 2 2 2 2
left_child=1 2 4 -2 6 -6 -1 -3
right_child=3 7 -4 -5 5 -7 -8 -9
leaf_value=0 -0.035084698528344886 0.039956668359693769 -0.030225249629582597 0.0002027191168266157 0.02087486731702104 -0.0043047545445373718 -0.022292471150187388 0.0020100309866348033
leaf_weight=174.27019374445081 4.3696516677737218 4.1684058606624586 3.993954934179782 7.2311084866523743 22.727795749902725 24.496323384344578 12.921108283102511 4.4771110042929649
leaf_count=870 25 20 21 36 106 119 69 22
internal_value=-6.26903e-05 0.00052238 -0.00021233 -0.0128479 0.000290378 0.00772642 -0.00156199 0.0211253
internal_weight=258.656 247.055 238.409 11.6008 234.415 47.2241 187.191 8.64552
internal_count=1288 1227 1185 61 1164 225 939 42
is_linear=0
shrinkage=0.05


Tree=60
num_leaves=16
num_cat=1
split_feature=0 1 0 1 0 12 1 11 0 1 2 2 2 2 5
split_gain=0.764221 4.16203 2.60047 5.88903 2.55348 2.31266 1.3284 1.7425 1.33089 1.21651 2.93027 2.7663 2.6498 1.25992 1.02352
threshold=-2.7649999999999992 -1.5549999999999999 -2.2649999999999992 -1.1649999999999998 -2.8849999999999993 0 -0.83499999999999985 5.5000000000000009 -2.4949999999999997 -1.7249999999999999 -1.0449999999999997 -1.2149999999999996 -0.90499999999999992 -0.78499999999999992 1.0000000180025095e-35
decision_type=2 2 2 2 2 9 2 2 2 2 2 2 2 2 2
left_child=4 -2 6 -4 9 -5 8 -8 -3 11 14 -1 -13 -12 -11
right_child=1 2 3 5 -6 -7 7 -9 -10 10 13 12 -14 -15 -16
leaf_value=-0.019268970182398804 -0.044578015585762153 -0.05436791169905987 0.04712508864210959 0.0083168605641239981 0.041307913295941107 -0.0035182986411119565 0.016646622797825746 -0.029350435530527203 -0.011728517236962411 0.026462499194387097 -0.044735856370284349 0.057567510519275923 0.0082856528221384087 -0.0085284634768774056 -0.0030859708083279072
leaf_weight=5.1936883777380016 5.3221481740474692 3.9759239107370377 6.6994637995958319 47.037928000092506 4.4719312861561766 138.47719035670161 4.2884593456983557 3.7082366719841957 4.1189892664551753 5.5343882218003273 4.6204563528299332 3.8848713263869294 9.8111512437462771 5.8859445750713348 5.5208495408296585
leaf_count=26 27 21 32 215 21 710 24 20 21 28 23 18 45 30 27
internal_value=-6.07543e-05 -0.00132699 -0.000177095 0.001419 0.00583925 -0.000229134 -0.0194423 -0.00416471 -0.0336894 0.00170266 -0.00625393 0.0110331 0.0229428 -0.0251947 0.0113628
internal_weight=258.552 213.628 208.306 192.215 44.9233 185.515 16.0916 7.9967 8.09491 40.4513 21.5616 18.8897 13.696 10.5064 11.0552
internal_count=1288 1070 1043 957 218 925 86 44 42 197 108 89 63 53 55
cat_boundaries=0 1
cat_threshold=67129357
is_linear=0
shrinkage=0.05


Tree=61
num_leaves=12
num_cat=1
split_feature=0 12 1 0 0 0 1 0 0 1 2
split_gain=0.733212 0.852441 3.1007 3.89657 2.10111 1.09301 3.23159 2.94234 2.12204 1.02918 0.84249
threshold=-5.2349999999999994 0 -0.71499999999999986 -0.80499999999999994 0.56000000000000016 -2.7649999999999992 -1.5549999999999999 -2.8849999999999993 -2.2649999999999992 -1.4049999999999996 -0.49499999999999994
decision_type=2 9 2 2 2 2 2 2 2 2 2
left_child=-1 2 9 -4 -5 7 -7 10 -8 -2 -3
right_child=1 5 3 4 -6 6 8 -9 -10 -11 -12
leaf_value=0.023478202708326748 -0.013389233818913306 0.0070980138955218826 0.034635105801755224 -0.032640946880043729 0.013806692405579232 -0.040987041804697956 -0.017930244588360938 0.047810474365814176 0.0018230618658295686 -0.050703846156771364 -0.014096725218072231
leaf_weight=3.1624391153454772 3.8680664747953415 26.96069860458374 5.7999439723789719 6.7377452254295331 3.530307799577713 4.7662941291928282 14.635847732424734 4.1599385291337958 174.51933657377958 4.735406845808031 5.4643200486898413
leaf_count=15 21 130 29 45 19 24 77 19 850 34 25
internal_value=-5.20504e-05 -0.000372332 -0.00767945 0.00193452 -0.0162102 0.000693987 -0.000749043 0.00864955 0.000259568 -0.0348485 0.00334015
internal_weight=258.34 255.178 24.6715 16.068 10.2681 230.506 193.921 36.585 189.155 8.60347 32.425
internal_count=1288 1273 148 93 64 1125 951 174 927 55 155
cat_boundaries=0 1
cat_threshold=603982851
is_linear=0
shrinkage=0.05


Tree=62
num_leaves=10
num_cat=0
split_feature=2 0 2 0 0 2 1 0 2
split_gain=0.731618 2.74398 1.3483 3.20179 2.00074 1.76594 4.45501 2.55785 0.0370315
threshold=1.0350000000000004 2.3250000000000006 0.80500000000000016 1.8550000000000002 0.78500000000000014 0.14500000000000005 0.77000000000000013 0.23500000000000001 1.1950000000000001
decision_type=2 2 2 2 2 2 2 2 2
left_child=2 8 3 5 -4 7 -7 -1 -2
right_child=1 -3 4 -5 -6 6 -8 -9 -10
leaf_value=0.00023605722593223965 -0.021951421143291815 0.019141945020691605 -0.0042518431430436801 -0.031834810009006044 0.042423963811550565 0.0044012837968502626 0.057311801660473755 -0.023524452829542842 -0.037981634554040029
leaf_weight=172.82658046483994 3.8219468891620618 4.1569734811782837 4.1666436418890935 7.6386944428086272 4.5398816615343094 41.109758473932743 4.3496879488229743 11.994516819715498 3.5525856837630272
leaf_count=867 19 20 21 38 21 198 20 62 22
internal_value=-5.1485e-05 -0.0123231 0.000506799 -0.000183434 0.0197241 0.000858142 0.00968834 -0.0012908 -0.0307475
internal_weight=258.157 11.5315 246.626 237.919 8.70653 230.281 45.4594 184.821 7.37453
internal_count=1288 61 1227 1185 42 1147 218 929 41
is_linear=0
shrinkage=0.05


Tree=63
num_leaves=14
num_cat=1
split_feature=3 1 12 0 0 0 0 5 6 1 1 0 0
split_gain=0.692975 1.2571 1.37952 4.36207 4.17723 3.34669 3.49226 2.86891 2.54385 0.958502 1.35523 1.73725 1.37293
threshold=1.0000000180025095e-35 -2.5899999999999994 0 -0.30499999999999994 -0.56499999999999984 -0.45499999999999996 -0.68999999999999984 1.0000000180025095e-35 1.0000000180025095e-35 -1.2999999999999998 -0.23499999999999996 -0.074999999999999997 -1.1049999999999998
decision_type=2 2 9 2 2 2 2 2 2 2 2 2 2
left_child=9 -2 3 4 -3 6 -4 -7 -5 -1 12 -12 -11
right_child=1 2 5 8 -6 7 -8 -9 -10 10 11 -13 -14
leaf_value=-0.031118404307515821 0.027070159252808507 0.0076084945825077551 -0.0067934461579311992 0.003210705660899189 0.047482924319891595 -0.0093225706367171587 -0.045994641552218996 0.018473891664875404 -0.020047534926547317 0.0253296170596445 -0.037383481218729968 0.0081087689611703175 -0.013575587854686764
leaf_weight=3.8487417846918133 4.3391635566949835 66.153335578739643 67.772872768342495 24.164476469159126 7.2918500602245322 14.67107007652521 6.1871316134929648 24.21169988065958 22.206741116940975 5.5241691470146179 4.798075512051585 3.3555015623569426 3.5380360782146489
leaf_count=32 18 310 328 114 33 80 32 121 107 32 39 22 20
internal_value=-4.95011e-05 0.000704842 0.000180221 0.0037777 0.0116945 -0.00361012 -0.010198 0.00786058 -0.00783903 -0.00873614 -0.00329282 -0.0181845 0.00961227
internal_weight=258.063 236.998 232.659 119.816 73.4452 112.843 73.96 38.8828 46.3712 21.0645 17.2158 8.15358 9.06221
internal_count=1288 1143 1125 564 343 561 360 201 221 145 113 61 52
cat_boundaries=0 1
cat_threshold=71733460
is_linear=0
shrinkage=0.05


Tree=64
num_leaves=20
num_cat=2
split_feature=12 11 6 1 1 1 12 1 1 5 1 9 6 1 11 6 1 5 4
split_gain=0.673795 4.38547 1.705 1.40491 0.97829 2.05188 1.82189 1.52366 1.41165 1.40945 2.97264 2.18098 2.1126 2.05564 1.43411 0.764846 0.668843 0.586462 0.177076
threshold=0 4.5000000000000009 1.0000000180025095e-35 -0.35499999999999993 -0.7599999999999999 -0.59499999999999986 1 0.03500000000000001 -0.20499999999999999 1.0000000180025095e-35 -1.2149999999999996 1.0000000180025095e-35 1.0000000180025095e-35 -1.1949999999999996 5.5000000000000009 1.0000000180025095e-35 -1.5099999999999998 1.0000000180025095e-35 1.0000000180025095e-35
decision_type=9 2 2 2 2 2 9 2 2 2 2 2 2 2 2 2 2 2 2
left_child=1 -1 18 -4 9 15 8 -8 -7 10 14 -12 13 -11 -2 17 -14 -6 -3
right_child=4 2 3 -5 5 6 7 -9 -10 12 11 -13 16 -15 -16 -17 -18 -19 -20
leaf_value=-0.057002005336356423 -0.0045856590272596569 0.028008155687085479 -0.032926028945096289 0.0042268769845242209 -0.013840218224210494 0.0060511708101383755 -0.0013980654260576401 0.012797577076740464 -0.0095117654144558118 0 0.041422823396211041 0.0070551729626581738 0.025411208979850393 -0.042219194323549397 0.024525442348517695 -0.0049326672888167916 0.00081779602788227676 -0.04339115061957885 0.0090717426504323909
leaf_weight=3.9652871303260353 24.127396970987323 3.4596446901559839 4.5296240746974981 5.1615202277898753 4.1911063790321332 19.28409232199192 33.832196213304996 41.098715044558048 55.276695147156715 6.282007709145546 10.335252285003662 9.09319007396698 4.3632096201181421 5.281741127371788 5.0186772719025603 6.2750626951456061 8.4787753671407682 4.0267894566059113 3.7551332712173462
leaf_count=33 119 21 27 27 22 97 160 191 286 30 45 43 21 28 23 30 42 21 22
internal_value=-4.92904e-05 -0.00701468 0.000557248 -0.0127866 0.000807639 -0.00127697 0.000436994 0.0055839 -0.00477711 0.00566597 0.0106125 0.0257121 -0.00397808 -0.0195406 0.000322752 -0.0191806 0.00969181 -0.0292689 0.0190945
internal_weight=257.836 20.8712 16.9059 9.69114 236.965 163.985 149.492 74.9309 74.5608 72.9803 48.5745 19.4284 24.4057 11.5637 29.1461 14.493 12.842 8.2179 7.21478
internal_count=1288 130 97 54 1158 807 734 351 383 351 230 88 121 58 142 73 63 43 43
cat_boundaries=0 1 2
cat_threshold=608307202 1091339280
is_linear=0
shrinkage=0.05


Tree=65
num_leaves=10
num_cat=0
split_feature=2 0 2 0 0 2 2 0 2
split_gain=0.654765 2.51416 1.22187 2.96464 1.78065 1.57865 4.12015 2.35325 0.0304063
threshold=1.0350000000000004 2.3250000000000006 0.80500000000000016 1.8550000000000002 0.78500000000000014 0.14500000000000005 0.35500000000000004 0.23500000000000001 1.1950000000000001
decision_type=2 2 2 2 2 2 2 2 2
left_child=2 8 3 5 -4 7 -7 -1 -2
right_child=1 -3 4 -5 -6 6 -8 -9 -10
leaf_value=0.00023920763656834466 -0.021082657592671653 0.018189913561798624 -0.0040063845839792825 -0.030824028449327232 0.039912183623636757 0.026726713813206363 -0.003534056805476356 -0.022652799077275354 -0.036652023372515725
leaf_weight=172.39960789680481 3.7864097729325277 4.1780782788991928 4.1378499045968038 7.5477450564503661 4.5996889472007751 19.212451867759228 26.321588687598705 11.881284549832342 3.4730637893080711
leaf_count=867 19 20 21 38 21 89 129 62 22
internal_value=-4.88257e-05 -0.0117077 0.000477248 -0.000181493 0.0187378 0.000816113 0.00915507 -0.00122109 -0.0296075
internal_weight=257.538 11.4376 246.1 237.363 8.73754 229.815 45.534 184.281 7.25947
internal_count=1288 61 1227 1185 42 1147 218 929 41
is_linear=0
shrinkage=0.05


Tree=66
num_leaves=10
num_cat=0
split_feature=3 2 2 2 2 0 1 1 0
split_gain=0.620983 1.22371 1.74781 1.61574 1.57626 0.930005 1.5665 1.65976 0.950955
threshold=1.0000000180025095e-35 -1.865 -1.595 -1.5349999999999999 -1.4249999999999996 -1.5049999999999997 -0.18999999999999997 0.17000000000000001 -3.4499999999999997
decision_type=2 2 2 2 2 2 2 2 2
left_child=5 -2 -3 -4 -5 8 -7 -8 -1
right_child=1 2 3 4 -6 6 7 -9 -10
leaf_value=0 0.038210920154545747 -0.029659551339883281 0.041628689913953493 -0.027339101549069933 0.0011254036640358735 0.019644238049590781 -0.04095222441067109 0.0071949051500913366 -0.033890995721325777
leaf_weight=3.2138325423002243 2.0521968156099311 4.6607422083616248 2.3168666064739218 4.8658692464232436 222.65270601212978 5.658835306763649 3.2743916399776918 3.4585339426994324 5.2559775747358817
leaf_count=24 9 26 10 25 1073 31 28 24 38
internal_value=-4.94662e-05 0.00066162 0.000295545 0.000937373 0.000482932 -0.00831566 4.34208e-05 -0.0157452 -0.0209867
internal_weight=257.41 236.548 234.496 229.835 227.519 20.8616 12.3918 6.73293 8.46981
internal_count=1288 1143 1134 1108 1098 145 83 52 62
is_linear=0
shrinkage=0.05


Tree=67
num_leaves=12
num_cat=1
split_feature=0 12 2 6 2 0 2 0 0 0 1
split_gain=0.614823 0.70523 2.05301 2.28281 1.94406 2.50413 1.81742 1.47296 4.04125 2.23457 0.796658
threshold=-5.2349999999999994 0 -0.44499999999999995 1.0000000180025095e-35 -0.24499999999999997 -0.24499999999999997 -1.595 -2.7949999999999995 -2.1249999999999996 -3.1549999999999998 -0.17499999999999996
decision_type=2 9 2 2 2 2 2 2 2 2 2
left_child=-1 2 3 -2 -4 -6 -3 9 -9 -8 -5
right_child=1 6 4 10 5 -7 7 8 -10 -11 -12
leaf_value=0.021522403843610274 0.039175323268182682 -0.031107503144929684 -0.029283097879271941 0.017932852005923455 0.025755484879278076 -0.0079454095845683213 -0.0010259016514989059 -0.023066552294981418 8.4733762929332208e-05 0.026053287611904282 -0.01223142084538017
leaf_weight=3.1551663205027571 7.8426744788885125 5.0314184278249732 5.3060324192047146 3.9685502275824556 8.4070902317762428 15.289564467966551 20.175201401114467 21.383903253823519 150.32985894009471 11.821671411395071 4.5600396394729605
leaf_count=15 34 29 24 20 36 68 101 116 771 53 21
internal_value=-4.6393e-05 -0.000342226 0.00469844 0.01986 -0.00211244 0.00385886 -0.00161139 -0.000922497 -0.00278099 0.00887309 0.0012704
internal_weight=257.271 254.116 45.374 16.3713 29.0027 23.6967 208.742 203.711 171.714 31.9969 8.52859
internal_count=1288 1273 203 75 128 104 1070 1041 887 154 41
cat_boundaries=0 1
cat_threshold=4228
is_linear=0
shrinkage=0.05


Tree=68
num_leaves=10
num_cat=0
split_feature=2 0 2 0 0 2 1 0 2
split_gain=0.598603 2.31235 1.09873 2.70325 1.5887 1.38461 3.95914 2.1356 0.0297797
threshold=1.0350000000000004 2.3250000000000006 0.80500000000000016 1.8550000000000002 0.78500000000000014 0.14500000000000005 0.77000000000000013 0.23500000000000001 1.1950000000000001
decision_type=2 2 2 2 2 2 2 2 2
left_child=2 8 3 5 -4 7 -7 -1 -2
right_child=1 -3 4 -5 -6 6 -8 -9 -10
leaf_value=0.00025130212170312676 -0.020212180525911363 0.01723726285864173 -0.0037995510616519166 -0.02962742507400783 0.03754654722777933 0.0035603743946832807 0.053036482231982346 -0.021669222727714269 -0.035569122788184554
leaf_weight=172.06953979283571 3.7605444788932783 4.2039326429367065 4.1260955929756147 7.4482291266322127 4.6542905420064926 41.202074341475964 4.4286587387323371 11.750714614987372 3.4132698476314545
leaf_count=867 19 20 21 38 21 198 20 62 22
internal_value=-4.38829e-05 -0.0112222 0.000457813 -0.000168477 0.0177301 0.000778501 0.00857705 -0.0011338 -0.0285949
internal_weight=257.057 11.3777 245.68 236.899 8.78039 229.451 45.6307 183.82 7.17381
internal_count=1288 61 1227 1185 42 1147 218 929 41
is_linear=0
shrinkage=0.05


Tree=69
num_leaves=16
num_cat=1
split_feature=1 1 1 0 1 0 0 12 0 11 6 0 11 0 1
split_gain=0.572405 3.28493 1.30842 2.53967 2.14001 2.77182 4.16386 2.42389 1.96683 1.27003 1.03221 1.42778 1.27259 0.413331 0.10853
threshold=0.66500000000000015 0.78500000000000014 0.29000000000000009 -0.20999999999999999 0.20500000000000004 0.10500000000000002 0.29500000000000004 0 0.7350000000000001 6.5000000000000009 1.0000000180025095e-35 1.8350000000000002 6.5000000000000009 1.6450000000000002 0.54500000000000015
decision_type=2 2 2 2 2 2 2 9 2 2 2 2 2 2 2
left_child=2 -2 4 -4 5 7 -7 -1 9 -5 11 -3 -12 -14 -10
right_child=1 10 3 8 -6 6 -8 -9 14 -11 12 -13 13 -15 -16
leaf_value=0.0049064043794434554 -0.050626042545550344 0.030015327059972598 0.034459162118676286 -0.025745656966856541 -0.027527110775761799 0.050823568346534564 0.00027500248986341811 -0.0063928538941509716 0.011333839226284656 0.0059894665313262423 -0.031817599287199148 -0.0040034349257735682 0.012431617253490061 -0.0087699383930770012 0.025681855409118572
leaf_weight=74.756541587412357 3.6084770187735584 5.1725987792015076 8.0123771354556101 6.883563235402109 7.0489066019654265 6.4510700106620815 11.31214766949415 98.859582908451557 5.0086294859647733 5.3143490254878998 4.3131601437926301 6.8780865073204041 4.1273863911628705 4.8639086335897446 4.3332104235887527
leaf_count=357 21 26 35 37 36 31 55 521 23 24 25 32 21 24 20
internal_value=-4.20595e-05 -0.00666879 0.000780462 0.0105872 -0.000659472 0.000317867 0.0190944 -0.00158432 0.00135797 -0.0115765 -4.21771e-05 0.010314 -0.00980242 0.00044219 0.0187202
internal_weight=256.944 28.9636 227.98 29.5521 198.428 191.379 17.7632 173.616 21.5398 12.1979 25.3551 12.0507 13.3045 8.9913 9.34184
internal_count=1288 149 1139 139 1000 964 86 878 104 61 128 58 70 45 43
cat_boundaries=0 1
cat_threshold=299220
is_linear=0
shrinkage=0.05


Tree=70
num_leaves=16
num_cat=1
split_feature=0 12 0 0 2 0 0 7 0 0 2 2 2 9 11
split_gain=0.566861 0.625204 1.45343 1.89127 1.64221 1.40594 4.92406 2.74518 2.66877 2.72482 1.56667 1.37782 1.3709 1.0578 0.465892
threshold=-5.2349999999999994 0 -2.0449999999999995 -1.4149999999999998 -0.46499999999999991 -2.7949999999999995 -3.1549999999999998 1.0000000180025095e-35 -2.1249999999999996 -2.0049999999999994 -0.83499999999999985 -1.2849999999999999 -0.56499999999999984 1.0000000180025095e-35 5.5000000000000009
decision_type=2 9 2 2 2 2 2 2 2 2 2 2 2 2 2
left_child=-1 2 11 4 -4 6 7 -3 10 -10 -7 -2 -5 -13 -8
right_child=1 5 3 12 -6 8 14 -9 9 -11 -12 13 -14 -15 -16
leaf_value=0.020658458982600953 0.014507797256289973 -0.042988410961517537 0.0064324755265904969 0.02085232325943143 0.046107607322603661 -0.0053575100859232271 0.022880129899080528 0.0022444570255635648 0.041710253967689181 -0.0028754618945554186 -0.035482061337297421 -0.027788625468673906 -0.00054584950802273071 0 0.047252285935331755
leaf_weight=3.1579945236444464 4.4273492321372059 4.1453705728054073 5.8958394229412079 8.7985601052641851 5.1889502331614477 8.4318968281149882 6.0746499150991422 15.139473520219328 3.4201062247157088 118.91904769837856 9.9238337241113168 8.4476342946290952 44.639849461615086 5.3547661975026122 4.7894578203558922
leaf_count=15 23 24 27 38 23 48 27 73 18 627 55 41 202 25 22
internal_value=-4.17997e-05 -0.000327326 0.00301258 0.00694121 0.0256982 -0.0020325 0.00757109 -0.00739224 -0.00427421 -0.00155514 -0.022019 -0.00893827 0.00291631 -0.0168689 0.0344136
internal_weight=256.755 253.597 82.7529 64.5232 11.0848 170.844 30.149 19.2848 140.695 122.339 18.3557 18.2297 53.4384 13.8024 10.8641
internal_count=1288 1273 379 290 50 894 146 97 748 645 103 89 240 66 49
cat_boundaries=0 1
cat_threshold=33575108
is_linear=0
shrinkage=0.05


Tree=71
num_leaves=14
num_cat=1
split_feature=3 1 12 0 0 4 0 0 1 1 0 0 1
split_gain=0.550883 1.04963 1.11932 2.34168 5.29575 4.46953 1.92183 2.92758 0.888414 1.16221 1.61388 1.36844 0.220387
threshold=1.0000000180025095e-35 -2.5899999999999994 0 -0.30499999999999994 -0.56499999999999984 1.0000000180025095e-35 -3.5649999999999995 -3.2149999999999994 -1.2999999999999998 -0.23499999999999996 -0.074999999999999997 -1.1049999999999998 -1.8549999999999998
decision_type=2 2 9 2 2 2 2 2 2 2 2 2 2
left_child=8 -2 3 4 -3 -5 12 -8 -1 11 -11 -10 -4
right_child=1 2 6 5 -6 -7 7 -9 9 10 -12 -13 -14
leaf_value=-0.029783449102178002 0.024801495793074377 0.0050746954073089528 -0.015109266874095729 0.01062121946449646 0.051564378669176361 -0.023010007453772251 0.045004873084191405 -0.0025737636476895233 0.025023162805516797 -0.03588759870834228 0.0084665204316728606 -0.013889373813747741 -0.033635926009325121
leaf_weight=3.7197418026626137 4.3108645528554908 54.289584241807461 5.3350794464349747 20.76531907916069 6.8707319498062125 18.506681337952614 3.218247488141059 118.14063192158937 5.4932946041226387 4.5804865732789075 3.3300154283642707 3.5336640626192128 4.4196395426988584
leaf_count=32 18 241 23 93 30 87 16 609 32 39 22 20 26
internal_value=-3.51062e-05 0.000632297 0.000150224 0.0039258 0.0104546 -0.00511848 -0.00279101 -0.00123487 -0.00786251 -0.00260828 -0.0167194 0.00925748 -0.0242668
internal_weight=256.514 235.857 231.546 100.432 61.1603 39.272 131.114 121.359 20.6572 16.9375 7.9105 9.02696 9.75472
internal_count=1288 1143 1125 451 271 180 674 625 145 113 61 52 49
cat_boundaries=0 1
cat_threshold=4591828
is_linear=0
shrinkage=0.05


Tree=72
num_leaves=10
num_cat=0
split_feature=2 0 2 0 0 2 2 0 2
split_gain=0.533685 2.20975 0.995306 2.35535 1.4403 1.22142 3.74894 1.92223 0.211951
threshold=1.0350000000000004 2.3250000000000006 0.80500000000000016 1.8550000000000002 0.78500000000000014 0.14500000000000005 0.35500000000000004 0.23500000000000001 1.1650000000000003
decision_type=2 2 2 2 2 2 2 2 2
left_child=2 8 3 5 -4 7 -7 -1 -2
right_child=1 -3 4 -5 -6 6 -8 -9 -10
leaf_value=0.00022339732147259769 -0.015313653241467702 0.017109236362213655 -0.0037003972986528067 -0.027951391393901872 0.035589957483212663 0.024733116980321237 -0.0040805330332974628 -0.020698676316300811 -0.03727913784107411
leaf_weight=171.59965162724257 3.3950289338827115 4.202872708439827 4.1078171432018262 7.2942580953240386 4.6940664798021317 19.332707412540913 26.333695448935032 11.599919967353342 3.6867509335279465
leaf_count=867 17 20 21 38 21 89 129 62 24
internal_value=-3.41223e-05 -0.0106345 0.00043794 -0.000159686 0.016856 0.000716055 0.00803576 -0.00108465 -0.0278049
internal_weight=256.247 11.2847 244.962 236.16 8.80188 228.866 45.6664 183.2 7.08178
internal_count=1288 61 1227 1185 42 1147 218 929 41
is_linear=0
shrinkage=0.05


Tree=73
num_leaves=10
num_cat=0
split_feature=3 1 0 0 0 0 1 1 0
split_gain=0.505337 0.945964 0.904856 1.97196 1.95579 0.85716 1.33707 1.54546 0.927417
threshold=1.0000000180025095e-35 -2.5899999999999994 -3.9549999999999996 -3.7149999999999994 -3.5649999999999995 -1.5049999999999997 -0.18999999999999997 0.17000000000000001 -3.4499999999999997
decision_type=2 2 2 2 2 2 2 2 2
left_child=5 -2 -3 -4 -5 8 -7 -8 -1
right_child=1 2 3 4 -6 6 7 -9 -10
leaf_value=0 0.023570654399931716 -0.016712535237546008 0.037937912452513434 -0.039352952845748537 0.00071189908825670598 0.018470802051621046 -0.039575457212549361 0.0075210314035119592 -0.032854045990404632
leaf_weight=3.1692764461040497 4.3018420040607444 7.5733728036284438 3.4086377993226042 2.9884246364235869 217.30584410578012 5.6750622764229774 3.1171007938683015 3.4406331777572632 5.1222328245639819
leaf_count=24 18 36 16 16 1057 31 28 24 38
internal_value=-3.52559e-05 0.000601904 0.000143063 0.000743256 0.000128099 -0.00755847 0.000484968 -0.0143726 -0.0198855
internal_weight=256.102 235.578 231.276 223.703 220.294 20.5243 12.2328 6.55773 8.29151
internal_count=1288 1143 1125 1089 1073 145 83 52 62
is_linear=0
shrinkage=0.05


Tree=74
num_leaves=9
num_cat=0
split_feature=2 1 2 0 0 2 1 0
split_gain=0.494966 2.0474 0.692295 2.61631 2.16218 1.08393 3.55945 1.76741
threshold=1.0950000000000004 0.12500000000000003 0.80500000000000016 1.1150000000000004 1.8550000000000002 0.14500000000000005 0.77000000000000013 0.23500000000000001
decision_type=2 2 2 2 2 2 2 2
left_child=2 -2 4 -4 5 7 -7 -1
right_child=1 -3 3 -5 -6 6 -8 -9
leaf_value=0.00023763164913169485 -0.046317870710673649 0.002989691876269478 -0.0082982550959854722 0.041663705314871652 -0.026938574336473699 0.002793983425758578 0.049427975832859447 -0.01991007050161904
leaf_weight=171.45188004523516 2.8160251677036268 6.9680574834346771 5.8319655209779722 4.4482055753469467 7.2068926319479933 41.253557622432709 4.486962988972663 11.49389101564884
leaf_count=867 19 35 29 20 38 198 20 62
internal_value=-3.24282e-05 -0.011021 0.000388305 0.0130316 -0.000146788 0.000687088 0.00757551 -0.00101105
internal_weight=255.957 9.78408 246.173 10.2802 235.893 228.686 45.7405 182.946
internal_count=1288 54 1234 49 1185 1147 218 929
is_linear=0
shrinkage=0.05


Tree=75
num_leaves=12
num_cat=0
split_feature=0 1 0 0 1 6 1 2 1 1 1
split_gain=0.467025 3.47494 1.9595 1.78581 5.08167 1.41081 1.62237 1.29169 1.11448 1.30784 2.69336
threshold=-2.7649999999999992 -1.5549999999999999 -2.8849999999999993 -2.2649999999999992 -1.1649999999999998 1.0000000180025095e-35 -0.83499999999999985 -0.40499999999999997 -1.0449999999999997 -1.2049999999999998 -1.4199999999999997
decision_type=2 2 2 2 2 2 2 2 2 2 2
left_child=2 -2 8 5 -5 6 -3 -6 9 10 -1
right_child=1 3 -4 4 7 -7 -8 -9 -10 -11 -12
leaf_value=0.0070830727560479579 -0.041441478345843219 -0.023832747664696757 0.035313575477627472 0.043760816676418145 0.0059142181429588788 -0.032627623450384766 0.019467572146600182 -0.0030953549372900796 -0.017702029746048412 0.029314607916560733 -0.035575905200883474
leaf_weight=24.752225458621979 5.0895027965307227 4.2288775071501723 4.5585880130529395 6.7012840621173373 57.962482802569866 7.0728626996278754 4.1821551099419585 125.96133404970169 6.5233180224895468 4.5580455213785198 4.2424328699707976
leaf_count=122 27 22 21 32 285 39 25 640 32 20 23
internal_value=-3.01739e-05 -0.0010321 0.00459059 0 0.00131508 -0.0162886 -0.00173961 -0.000227201 0.000892242 0.00469778 0.000568632
internal_weight=255.833 211.198 44.6346 206.109 190.625 15.4839 8.41103 183.924 40.076 33.5527 28.9947
internal_count=1288 1070 218 1043 957 86 47 925 197 165 145
is_linear=0
shrinkage=0.05


Tree=76
num_leaves=13
num_cat=0
split_feature=3 0 2 2 0 2 9 4 4 11 2 2
split_gain=0.450941 0.868831 0.996283 1.77173 2.34125 1.44079 0.825234 1.53461 1.53189 1.06405 0.886352 0.60554
threshold=1.0000000180025095e-35 -5.2349999999999994 -1.4249999999999996 -1.5349999999999999 -3.2749999999999995 -1.3349999999999997 1.0000000180025095e-35 1.0000000180025095e-35 1.0000000180025095e-35 3.5000000000000004 -0.25499999999999995 -0.39499999999999996
decision_type=2 2 2 2 2 2 2 2 2 2 2 2
left_child=6 -2 3 4 -3 -4 7 9 10 -1 -8 -7
right_child=1 2 5 -5 -6 11 8 -9 -10 -11 -12 -13
leaf_value=-0.004786497862999041 0.027882390806209474 -0.028084630608631558 0.03087735006055773 -0.039047696265112126 0.025656522322175759 0.0037562767438286539 -0.055192927522123153 -0.024215473539603013 0.0089757867774264179 0.028867630632132046 -0.008164803658733134 -0.0016553511564005186
leaf_weight=4.2441038712859172 2.7790544778108588 3.7077842876315117 3.8687480613589278 4.2992392182350141 4.2292236313223839 84.438129246234894 2.7895024865865707 4.1614953875541678 2.5802963301539421 4.5779572129249573 2.0244410261511794 131.9472377076745
leaf_count=28 12 19 18 23 22 405 25 32 17 25 18 644
internal_value=-2.96298e-05 0.000569895 0.000210073 -0.0135898 0 0.00100524 -0.00716452 8.05873e-05 -0.0203847 0.0122448 -0.037002 0.000434043
internal_weight=255.647 235.269 232.49 12.2362 7.93701 220.254 20.3778 12.9836 7.39424 8.82206 4.81394 216.385
internal_count=1288 1143 1131 64 41 1067 145 85 60 53 43 1049
is_linear=0
shrinkage=0.05


Tree=77
num_leaves=19
num_cat=1
split_feature=1 1 1 0 2 0 1 2 12 2 2 2 2 5 2 0 2 0
split_gain=0.442487 2.27851 1.28598 3.94922 3.24903 2.26565 4.52484 5.07683 2.34944 3.38683 3.27879 2.08547 1.60328 4.27089 1.05465 1.81726 1.66531 1.49337
threshold=0.66500000000000015 0.8600000000000001 0.095000000000000015 -0.24499999999999997 -0.22499999999999998 0.10500000000000002 -0.054999999999999993 0.43500000000000005 0 -0.90499999999999992 -1.2149999999999996 -0.75499999999999989 0.80500000000000016 1.0000000180025095e-35 0.42500000000000004 1.9550000000000003 0.89500000000000013 0.66000000000000014
decision_type=2 2 2 2 2 2 2 2 9 2 2 2 2 2 2 2 2 2
left_child=2 -2 5 4 11 8 7 -7 10 -10 -1 -4 13 -5 15 17 -16 -3
right_child=1 14 3 12 -6 6 -8 -9 9 -11 -12 -13 -14 -15 16 -17 -18 -19
leaf_value=-0.02445139036321483 -0.035935228736659428 -0.017591104167301332 0.032325426445249592 -0.042074210701196019 0.061523714765514451 0.077420993440089458 -0.018821381833945272 0.0045613246855895273 0.0057501748212388177 -0.014753361647713459 0.0085107120886399167 -0.0066143172169877531 0.02064942566382489 0.0041787312973799156 0.02843992937413994 -0.03849610580906189 -0.0086634161694171229 0.024557649574482743
leaf_weight=8.4533167332410795 5.0797479078173664 4.0626557543873805 6.755077689886094 6.8241243138909402 4.7940782010555258 4.3054234534502012 5.4306061267852774 5.6033641770482063 28.546858537942171 65.67411045730114 61.157252632081509 6.5033160001039514 5.5483826473355284 17.298694737255573 6.4069959074258787 3.6850858926773062 5.2983467876911163 4.0731718689203262
leaf_count=47 30 22 30 35 21 19 26 29 144 340 305 31 27 85 30 20 26 21
internal_value=-3.02638e-05 -0.00589767 0.000689722 0.00798835 0.0263886 -0.00122981 0.0170339 0.037176 -0.00297967 -0.00767501 0.00385397 0.0129444 -0.00308979 -0.00881906 0.000501006 -0.00976884 0.0112907 0.00294537
internal_weight=255.501 28.606 226.895 47.7237 18.0525 179.171 15.3394 9.90879 163.832 94.221 69.6106 13.2584 29.6712 24.1228 23.5263 11.8209 11.7053 8.13583
internal_count=1288 149 1139 229 82 910 74 48 836 484 352 61 147 120 119 63 56 43
cat_boundaries=0 1
cat_threshold=83923156
is_linear=0
shrinkage=0.05


Tree=78
num_leaves=12
num_cat=0
split_feature=1 2 2 1 2 2 2 0 1 2 0
split_gain=0.452847 1.55292 1.40033 1.26511 3.51829 1.023 4.40513 2.95335 1.95686 1.63071 1.54784
threshold=-1.8549999999999998 -1.2149999999999996 -0.44499999999999995 -1.5549999999999999 -0.70499999999999985 0.14500000000000005 0.35500000000000004 2.6300000000000003 -0.20499999999999999 0.10500000000000002 0.23500000000000001
decision_type=2 2 2 2 2 2 2 2 2 2 2
left_child=1 -1 -3 4 -2 9 8 -8 -7 10 -5
right_child=3 2 -4 5 -6 6 7 -9 -10 -11 -12
leaf_value=-0.016977417473745149 0.018910744436535037 0.030675267158471187 -0.00053724261032410869 0.00021241500242957757 -0.042876619895243745 0.045560984243903736 -0.0074069667804301416 0.029698735998508502 0.012209358967892854 -0.032698426679596292 -0.018222799488739557
leaf_weight=4.5630334764719036 3.5989943072199821 7.4178725257515916 6.2897371500730488 142.27824649587274 5.7362738028168661 7.3836987614631679 43.230168469250202 5.9944000989198676 12.375814668834208 4.1509562432765952 12.233051329851149
leaf_count=22 21 35 29 719 30 34 219 29 58 25 67
internal_value=-2.91249e-05 0.00751273 0.0160911 -0.000634595 -0.0185781 8.71066e-05 0.00518697 -0.00273594 0.0250906 -0.00210062 -0.00122565
internal_weight=255.252 18.2706 13.7076 236.982 9.33527 227.646 68.9841 49.2246 19.7595 158.662 154.511
internal_count=1288 86 64 1202 51 1151 340 248 92 811 786
is_linear=0
shrinkage=0.05


Tree=79
num_leaves=15
num_cat=1
split_feature=12 1 2 2 2 0 2 2 0 1 0 1 0 5
split_gain=0.561658 2.30055 2.86287 2.43127 3.42097 1.33308 1.15136 2.77266 2.15674 2.73106 1.8632 1.69213 1.04126 0.525152
threshold=0 -2.3349999999999995 0.20500000000000004 -0.14499999999999999 -0.24499999999999997 0.51500000000000012 0.90500000000000014 0.80500000000000016 0.80500000000000016 0.62000000000000011 0.6100000000000001 0.66500000000000015 0.87500000000000011 1.0000000180025095e-35
decision_type=9 2 2 2 2 2 2 2 2 2 2 2 2 2
left_child=1 -1 3 4 -3 -4 7 8 10 -10 -2 12 -8 -5
right_child=6 2 5 13 -6 -7 11 -9 9 -11 -12 -13 -14 -15
leaf_value=0.0347769028180017 0.0022611961610177096 -0.012957959107004566 -0.001099476483023995 -0.051850971149411722 0.034943900672376078 0.03433948011060331 -0.017367159263584949 0.039700800795775676 -0.040671795365375865 -0.00078942074364210003 0.033967701367320018 -0.034750848234372314 0.018656383323709835 -0.021323970769216497
leaf_weight=3.3196240141987792 156.21243198215961 31.609456725418564 4.9364786893129331 4.0355340540409079 4.085791394114497 5.0372718125581741 3.6415464729070646 4.7433378025889388 6.4444890618324306 13.265747427940367 4.7101386487483969 5.2181036993861198 4.1708554401993752 3.6590689569711685
leaf_count=16 761 177 32 25 21 25 20 21 31 68 21 27 20 23
internal_value=-2.79182e-05 -0.00403416 -0.00735712 -0.0129734 -0.00725297 0.0164659 0.00123396 0.00233129 0.0013009 -0.0142213 0.0032408 -0.0129553 0.00122576 -0.0384355
internal_weight=255.09 56.6832 53.3636 43.3899 35.6952 9.97375 198.407 185.376 180.633 19.7102 160.923 13.0305 7.8124 7.6946
internal_count=1288 319 303 246 198 57 969 902 881 99 782 67 40 48
cat_boundaries=0 1
cat_threshold=1700924419
is_linear=0
shrinkage=0.05


Tree=80
num_leaves=10
num_cat=1
split_feature=2 3 2 1 1 1 1 12 2
split_gain=0.491338 0.493256 1.60192 1.01801 1.21631 1.18817 0.8609 2.50018 2.11294
threshold=-1.7599999999999998 1.0000000180025095e-35 -1.595 -0.83499999999999985 -0.23499999999999996 0.17000000000000001 -0.93999999999999984 0 -0.25499999999999995
decision_type=2 2 2 2 2 2 2 9 2
left_child=-1 3 -3 -2 -5 -6 8 -8 -4
right_child=1 2 6 4 5 -7 7 -9 -10
leaf_value=0.016709776583561459 -0.025692268251214859 -0.036107817442599492 -3.4965555793322683e-05 0.014989392514386406 -0.032959573005788903 0.0055248424368095619 -0.0076225636825474541 0.0039394048240806888 0.021111954464670867
leaf_weight=4.1989690959453574 5.6344747543334988 2.8778541162610045 38.961444564163685 6.5282597169280061 3.9613049142062637 3.5481604188680649 69.902738623321056 102.72375248372555 16.564829289913177
leaf_count=23 45 16 186 36 35 25 352 495 75
internal_value=-2.85357e-05 -0.000335369 0.000292345 -0.00792433 -0.000307672 -0.0142853 0.00078901 -0.000928448 0.0062104
internal_weight=254.902 250.703 231.031 19.6722 14.0377 7.50947 228.153 172.626 55.5263
internal_count=1288 1265 1124 141 96 60 1108 847 261
cat_boundaries=0 1
cat_threshold=556695554
is_linear=0
shrinkage=0.05


Tree=81
num_leaves=11
num_cat=1
split_feature=2 3 2 0 1 1 12 2 2 2
split_gain=0.443223 0.447522 1.47188 1.00545 1.06647 1.39654 0.80422 2.35458 1.22771 0.475679
threshold=-1.7599999999999998 1.0000000180025095e-35 -1.595 -1.5049999999999997 -0.18999999999999997 0.17000000000000001 0 0.34500000000000003 -1.5349999999999999 -0.5149999999999999
decision_type=2 2 2 2 2 2 9 2 2 2
left_child=-1 3 -3 9 -5 -6 7 -4 -8 -2
right_child=1 2 6 4 5 -7 8 -9 -10 -11
leaf_value=0.015827842073633372 -0.01083269870111621 -0.034884126496530089 0.0007071373342956627 0.016937396772726147 -0.037679960695704673 0.0079330128737915336 0.047890462436480236 -0.021365517063558093 0.0024314960004888676 -0.039553652901704942
leaf_weight=4.216401867568492 4.9053616002202034 2.8344930633902541 58.768511652946472 5.695034623146058 2.9189607612788651 3.4158597514033318 1.4144921600818623 14.984722364693878 152.95096579194069 2.6052746102213886
leaf_count=23 36 16 287 31 28 24 6 81 734 22
internal_value=-3.52237e-05 -0.000328399 0.000266781 -0.00758307 0.00101319 -0.0125665 0.000740552 -0.00328747 0.00273415 -0.0218412
internal_weight=254.71 250.494 230.953 19.5405 12.0299 6.33482 228.119 73.7532 154.365 7.51064
internal_count=1288 1265 1124 141 83 52 1108 368 740 58
cat_boundaries=0 1
cat_threshold=1611186178
is_linear=0
shrinkage=0.05


Tree=82
num_leaves=19
num_cat=0
split_feature=7 1 1 0 9 2 1 0 1 1 1 2 1 2 2 1 2 0
split_gain=0.459954 1.82001 3.38333 3.30793 3.43076 2.19945 1.92829 1.8941 1.81825 1.09736 2.1024 4.89322 1.51581 6.3139 2.87725 0.828302 0.793576 0.785164
threshold=1.0000000180025095e-35 -0.26499999999999996 -0.77499999999999991 -0.64499999999999991 1.0000000180025095e-35 -1.0849999999999997 0.56000000000000016 -1.325 0.47000000000000003 -1.8549999999999998 -1.4799999999999998 -0.56499999999999984 -1.1649999999999998 -0.5149999999999999 -1.5349999999999999 -0.50499999999999989 -0.014999999999999998 -3.9549999999999996
decision_type=2 2 2 2 2 2 2 2 2 2 2 2 2 2 2 2 2 2
left_child=1 2 5 7 6 -1 -5 -3 -6 17 11 -11 13 -12 -14 -4 -7 -2
right_child=9 3 15 4 8 16 -8 -9 -10 10 12 -13 14 -15 -16 -17 -18 -19
leaf_value=-0.027938825346026888 0.0015070949462098438 0.0053786784422458645 -0.052828415557672925 0.033885890637559479 -0.042142980504736603 0.014054082958957215 -0.010868205829400108 0.055994959063926666 -0.0028053455258733547 0.018238396965632481 -0.0093696984604159286 -0.058145920779592145 0.044537016256916272 0.058277976601143859 -0.0010664961198750069 -0.020620488627909776 -0.010179222359350504 0.028025630001055471
leaf_weight=5.7058835998177519 5.7969049587845802 3.7798638194799423 4.5398096367716789 6.1775609776377678 5.9528487771749496 12.705983668565752 3.6208956465125084 4.0887319892644909 6.3086599409580231 3.5718032866716385 8.5952459052205068 4.6182926669716817 3.4377735517919055 5.532656490802764 154.47475357726216 5.1822096854448301 4.2666982859373119 6.1974419727921468
leaf_count=33 27 20 28 34 33 67 21 20 33 19 42 24 17 26 767 29 20 28
internal_value=-3.37416e-05 -0.00378163 -0.0120219 0.00498306 -0.00477358 -0.0011714 0.0168997 0.0326803 -0.0224943 0.00115685 0.000150362 -0.0244125 0.00136224 0.0169939 -1.4502e-05 -0.0365541 0.00764536 0.015741
internal_weight=254.554 62.3291 32.4006 29.9286 22.06 22.6786 9.79846 7.8686 12.2615 192.225 180.231 8.1901 172.04 14.1279 157.913 9.72202 16.9727 11.9943
internal_count=1288 338 177 161 121 120 55 40 66 950 895 43 852 68 784 57 87 55
is_linear=0
shrinkage=0.05


Tree=83
num_leaves=16
num_cat=0
split_feature=7 1 1 0 9 6 1 1 0 1 11 1 1 1 1
split_gain=0.420233 1.65758 3.14176 2.96818 3.11672 2.4506 1.71582 1.69582 1.65266 1.27936 1.36656 1.03623 1.37972 1.83059 1.77725
threshold=1.0000000180025095e-35 -0.26499999999999996 -0.77499999999999991 -0.64499999999999991 1.0000000180025095e-35 1.0000000180025095e-35 0.56000000000000016 0.47000000000000003 -1.325 -1.1199999999999999 4.5000000000000009 1.7300000000000002 1.0550000000000004 0.8600000000000001 0.66500000000000015
decision_type=2 2 2 2 2 2 2 2 2 2 2 2 2 2 2
left_child=1 2 9 8 6 -4 -5 -6 -3 10 -1 12 13 14 -2
right_child=11 3 5 4 7 -7 -8 -9 -10 -11 -12 -13 -14 -15 -16
leaf_value=0 0.0014224226514794251 0.0051055940526182368 -0.055824341388723858 0.031729114661614488 -0.040889275887449769 -0.0027116757698992227 -0.010395550641860129 -0.0026701427054891254 0.052277369467701208 0.016660473374461571 -0.03320042678086204 0.023526826166425815 -0.020178481106157064 0.034359734562107051 -0.03059379274963649
leaf_weight=11.69134947657585 171.2327623963356 3.7880695834755898 5.7454679235815984 6.2718792259693146 5.8347049281001091 3.8001212030649185 3.6013091132044792 6.3019360452890396 4.165556192398074 6.7786037400364902 4.1949292942881575 4.9260670542716971 7.624249890446662 4.018514245748519 4.340991184115409
leaf_count=63 843 20 36 34 33 21 21 33 20 33 24 23 38 20 26
internal_value=-3.5063e-05 -0.00362361 -0.0115268 0.00471603 -0.00457095 -0.0354458 0.0159124 -0.0216366 0.0307741 -0.00112195 -0.00907915 0.0011014 0.0004724 0.00138766 0.000585408
internal_weight=254.317 62.1739 32.2105 29.9635 22.0098 9.54559 9.87319 12.1366 7.95363 22.6649 15.8863 192.143 187.217 179.592 175.574
internal_count=1288 338 177 161 121 57 55 66 40 120 87 950 927 889 869
is_linear=0
shrinkage=0.05


Tree=84
num_leaves=11
num_cat=0
split_feature=2 3 2 0 1 1 0 1 2 2
split_gain=0.3965 0.426882 1.404 0.96595 0.9999 1.31245 0.705634 3.00911 1.34187 0.447708
threshold=-1.7599999999999998 1.0000000180025095e-35 -1.595 -1.5049999999999997 -0.18999999999999997 0.17000000000000001 -2.7949999999999995 -1.5549999999999999 -1.0449999999999997 -0.5149999999999999
decision_type=2 2 2 2 2 2 2 2 2 2
left_child=-1 3 -3 9 -5 -6 8 -8 -4 -2
right_child=1 2 6 4 5 -7 7 -9 -10 -11
leaf_value=0.014967747001567624 -0.010750822867992851 -0.034252177207879743 0.020314790411103015 0.016386326694116039 -0.037005140726406399 0.007409082458634599 -0.039157487129531182 0.000551716980995583 0 -0.038876999235607196
leaf_weight=4.2145343422889701 4.8957028947770596 2.8031779304146758 12.508916743099688 5.704590469598771 2.8505614325404141 3.4330997690558434 4.791800081729888 188.41258563473821 21.993060268461704 2.5602217018604305
leaf_count=23 36 16 58 31 28 24 25 925 100 22
internal_value=-3.73379e-05 -0.000316223 0.000264298 -0.00742023 0.00100155 -0.0122201 0.000726011 -0.000427021 0.00730984 -0.0214572
internal_weight=254.168 249.954 230.51 19.4442 11.9883 6.28366 227.706 193.204 34.502 7.45592
internal_count=1288 1265 1124 141 83 52 1108 950 158 58
is_linear=0
shrinkage=0.05


Tree=85
num_leaves=16
num_cat=1
split_feature=12 11 11 0 0 0 1 2 2 0 0 1 1 0 7
split_gain=0.585965 3.62924 2.70768 3.66357 4.25606 2.63512 1.78725 1.10718 1.9713 1.90039 2.08549 1.93147 1.45556 1.08782 1.05787
threshold=0 4.5000000000000009 5.5000000000000009 -1.1649999999999998 -0.66499999999999992 -2.8349999999999995 -0.41499999999999992 0.90500000000000014 0.80500000000000016 0.80500000000000016 0.66000000000000014 0.62000000000000011 0.66500000000000015 0.87500000000000011 1.0000000180025095e-35
decision_type=9 2 2 2 2 2 2 2 2 2 2 2 2 2 2
left_child=1 14 6 5 -5 -4 -3 8 9 10 -2 -11 13 -9 -1
right_child=7 2 3 4 -6 -7 -8 12 -10 11 -12 -13 -14 -15 -16
leaf_value=-0.013703382673210779 0.0020171881941215648 0.00059546419347958996 0 0.049980238331650412 -0.010780782855957729 -0.049750241348949287 0.043771792703411916 -0.018615776396260535 0.032783693264462198 -0.034762535657924504 0.037887786507140517 -0.0017918413847424729 -0.033395725556944686 0.017930117249895402 -0.058415761016111435
leaf_weight=2.7094075009226799 171.81417966634035 5.1674144044518471 4.1204984039068222 4.1682567298412296 8.5645459219813382 6.5924533456563932 4.8015336990356428 3.7773968577384931 4.9898090586066237 6.8026072829961803 4.0740093737840644 13.490703195333479 5.1307644248008728 4.1795960888266563 3.6274864822626105
leaf_count=18 841 30 22 19 47 40 29 21 22 33 18 70 27 20 31
internal_value=-3.82964e-05 -0.0049564 0.000273243 -0.00885628 0.00895501 -0.0303752 0.0221161 0.00103563 0.00202456 0.00120043 0.00289751 -0.0132055 -0.0129008 0 -0.0405852
internal_weight=254.011 39.7516 33.4147 23.4458 12.7328 10.713 9.96895 214.259 201.171 196.181 175.888 20.2933 13.0878 7.95699 6.33689
internal_count=1288 236 187 128 66 62 59 1052 984 962 859 103 68 41 49
cat_boundaries=0 1
cat_threshold=1684147203
is_linear=0
shrinkage=0.05


Tree=86
num_leaves=9
num_cat=1
split_feature=12 11 2 2 2 2 11 2
split_gain=0.518189 2.32971 1.39832 1.27364 1.01646 1.59707 0.983221 1.81792
threshold=0 4.5000000000000009 -1.865 -1.6049999999999998 -1.5349999999999999 -1.4249999999999996 5.5000000000000009 -0.46499999999999991
decision_type=9 2 2 2 2 2 2 2
left_child=1 -1 -2 -4 -5 -6 -3 -8
right_child=2 6 3 4 5 -7 7 -9
leaf_value=-0.046444541934875294 0.045594133080695209 0.016155209136328921 -0.027855767531310013 0.029808259718704821 -0.027320130444713066 0.001129873783846958 -0.034203433232547605 0.0066121517526501403
leaf_weight=3.4146976359188583 1.6259806156158436 5.2183179259300259 3.8169981092214575 2.9027013555169097 4.9391649067401877 221.07558618113399 4.4767086878418958 6.3274212181568092
leaf_count=31 8 32 24 13 26 1090 29 35
internal_value=-3.95486e-05 -0.00630935 0.000700804 0.000376337 0.000880872 0.000474228 -0.00112399 -0.00999989
internal_weight=253.798 19.4371 234.36 232.734 228.917 226.015 16.0224 10.8041
internal_count=1288 127 1161 1153 1129 1116 96 64
cat_boundaries=0 1
cat_threshold=603982850
is_linear=0
shrinkage=0.05


Tree=87
num_leaves=14
num_cat=1
split_feature=12 1 1 1 2 0 2 2 0 0 1 2 1
split_gain=0.479568 3.21507 1.66762 1.68246 2.5428 1.99694 1.58433 2.39789 2.00301 1.82634 1.62209 1.58327 0.913285
threshold=0 0.47000000000000003 -2.3199999999999998 -0.81999999999999995 -0.41499999999999992 -0.68999999999999984 0.90500000000000014 0.80500000000000016 0.80500000000000016 0.66000000000000014 0.62000000000000011 1.1050000000000002 0.66500000000000015
decision_type=9 2 2 2 2 2 2 2 2 2 2 2 2
left_child=1 2 -1 4 -4 -5 7 8 9 -2 -10 -8 -13
right_child=6 -3 3 5 -6 -7 11 -9 10 -11 -12 12 -14
leaf_value=0.027139744053379329 0.0022033006139086163 0.028001307213161006 -0.042214880717340988 0.007891760150676351 0.0061569396929150545 -0.019640585254737511 -0.039802166915073364 0.036859321902554844 -0.033548260390973278 0.035664931471951926 -0.0029227562992743049 0.013875660240546723 -0.019626359155838925
leaf_weight=2.6223401725292197 165.45007624104619 6.228151209652423 8.9334965497255308 13.289919070899485 3.6114051379263357 12.601312782615429 4.4356117993593198 4.7762765586376181 6.713680952787402 4.1103059202432624 13.044506870210169 4.0135456025600433 3.8489034026861191
leaf_count=13 812 31 56 71 23 77 21 21 33 18 68 23 21
internal_value=-3.74813e-05 -0.00411608 -0.0101657 -0.0129045 -0.0279557 -0.00533992 0.00102403 0.00220216 0.00128241 0.00306446 -0.0136974 -0.0162083 -0.00193715
internal_weight=253.68 47.2866 41.0585 38.4361 12.5449 25.8912 206.393 194.095 189.319 169.56 19.7582 12.2981 7.86245
internal_count=1288 271 240 227 79 148 1017 952 931 830 101 65 44
cat_boundaries=0 1
cat_threshold=1684147211
is_linear=0
shrinkage=0.05


Tree=88
num_leaves=13
num_cat=1
split_feature=0 1 12 1 2 2 0 1 2 2 2 1
split_gain=0.389248 2.80669 1.9069 3.6076 2.44341 3.21328 1.77747 1.63071 1.58609 1.14621 1.6074 1.8792
threshold=-2.7649999999999992 -1.5549999999999999 0 -1.1349999999999996 0.14500000000000005 1.0950000000000004 -2.8849999999999993 -0.84999999999999987 0.6150000000000001 -1.865 -1.595 -1.0449999999999997
decision_type=2 2 9 2 2 2 2 2 2 2 2 2
left_child=6 -2 3 -3 7 -6 9 -4 -5 -1 -11 -12
right_child=1 2 4 8 5 -7 -8 -9 -10 10 11 -13
leaf_value=0.036095675757436045 -0.038237917505821409 0.044872798424934995 -0.027500469796352019 0.0059462603922303828 0.01136694080023503 -0.029869497075010871 0.033523849745479083 -0.0066996748973745359 -0.012440450525519425 -0.036910560480308774 0.0068602846050231318 -0.024435374949896241
leaf_weight=2.0660355165600768 4.8292587697505942 5.3964294344186774 11.353600215166805 73.197210811078548 33.24721934646368 5.3624079823493949 4.5356491133570662 62.231437996029854 13.741553984582422 2.8284970521926871 29.089553564786907 5.6160233691334751
leaf_count=10 27 24 65 349 169 34 21 337 65 17 142 28
internal_value=-3.47256e-05 -0.00095426 -3.12465e-05 0.00498158 -0.00426579 0.00544817 0.00420638 -0.0100099 0.00297165 0.000646535 -0.00126261 0.00159674
internal_weight=253.495 209.359 204.53 92.3352 112.195 38.6096 44.1358 73.585 86.9388 39.6001 37.5341 34.7056
internal_count=1288 1070 1043 438 605 203 218 402 414 197 187 170
cat_boundaries=0 1
cat_threshold=101208196
is_linear=0
shrinkage=0.05


Tree=89
num_leaves=21
num_cat=2
split_feature=12 7 7 12 2 1 2 5 11 1 1 1 0 2 2 9 1 1 1 1
split_gain=0.438952 2.07134 1.29042 1.79802 3.02313 4.49461 1.59852 3.91221 3.60918 1.33215 1.32225 2.64049 1.77035 3.47769 1.82063 1.60527 1.13312 2.25261 1.94438 3.15224
threshold=0 1.0000000180025095e-35 1.0000000180025095e-35 1 -0.53499999999999992 -0.96999999999999986 -0.73499999999999988 1.0000000180025095e-35 3.5000000000000004 -0.30999999999999994 -0.20499999999999999 -0.15999999999999998 -0.90499999999999992 0.43500000000000005 -0.64499999999999991 1.0000000180025095e-35 -0.71499999999999986 -1.3749999999999998 -0.11499999999999998 0.32000000000000006
decision_type=9 2 2 9 2 2 2 2 2 2 2 2 2 2 2 2 2 2 2 2
left_child=1 -1 3 6 9 -6 7 -2 -8 -5 12 -12 14 -14 -4 -13 17 -3 -18 -20
right_child=2 16 10 4 5 -7 8 -9 -10 -11 11 15 13 -15 -16 -17 18 -19 19 -21
leaf_value=0.019699164280105586 -0.0078439097972403966 -0.0006240742248074093 0.011913422279712052 -0.0511527237276641 0.048224955144107948 -0.013759636049361978 0.035269893785010824 0.058025629859243803 -0.01857263956878372 -0.013940055693282043 -0.041463050760818028 -0.0070511143983380611 0.039025794777922354 -0.012288594653109528 -0.0039907761795805342 0.0069505346017507798 0.018055947437090391 -0.058321992582620774 -0.059461156531747897 0.0049406751198676734
leaf_weight=5.2756358571350601 4.4674893468618411 3.4567194432020187 35.685163654386997 6.3882431760430336 3.3593318685889271 18.41871976479888 4.2438117563724509 4.1902590319514275 10.754110731184481 4.6887363940477353 3.8318940326571456 37.840455539524555 10.349932558834551 4.5843419954180709 35.492931634187698 44.245946571230888 4.9613671153783834 3.59190154075623 3.1103783361613679 4.3144900426268578
leaf_count=32 23 18 170 40 16 106 22 19 53 27 21 188 46 24 170 210 28 30 23 22
internal_value=-3.56189e-05 -0.00529546 0.00071368 -0.00577447 -0.0114453 -0.00379306 0.00473207 0.0237639 -0.00287349 -0.0361141 0.00291761 -0.00142206 0.00730212 0.0229644 0.00391818 0.000434446 -0.0151131 -0.0311303 -0.00542153 -0.0218053
internal_weight=253.252 24.7105 228.541 56.5107 32.855 21.7781 23.6557 8.65775 14.9979 11.077 172.031 85.9183 86.1124 14.9343 71.1781 82.0864 19.4349 7.04862 12.3862 7.42487
internal_count=1288 153 1135 306 189 122 117 42 75 67 829 419 410 70 340 398 121 48 73 45
cat_boundaries=0 1 2
cat_threshold=603982851 16793728
is_linear=0
shrinkage=0.05


Tree=90
num_leaves=6
num_cat=1
split_feature=1 1 0 0 12
split_gain=0.366447 1.48189 2.353 2.1815 0.614528
threshold=1.7300000000000002 1.3700000000000003 2.0450000000000004 1.6450000000000002 0
decision_type=2 2 2 2 9
left_child=1 2 3 4 -1
right_child=-2 -3 -4 -5 -6
leaf_value=-0.0042824840146640725 0.01129246944538715 -0.030524264858035218 0.036310626620263145 -0.034958776240332841 0.0014858048503743973
leaf_weight=50.554694801568985 6.8094285130500785 3.9116671085357657 4.3086950033903113 4.4199234917759886 182.86794082075357
leaf_count=269 34 21 21 23 920
internal_value=-4.11004e-05 -0.000379512 9.92004e-05 -0.000550768 9.40377e-05
internal_weight=252.872 246.063 242.151 237.843 233.423
internal_count=1288 1254 1233 1212 1189
cat_boundaries=0 1
cat_threshold=1629488202
is_linear=0
shrinkage=0.05


Tree=91
num_leaves=22
num_cat=2
split_feature=2 12 12 0 1 1 1 2 1 1 0 2 2 2 2 0 2 0 1 7 0
split_gain=0.359373 2.20095 2.03414 3.16747 4.01837 4.74902 4.17264 2.3844 1.92451 1.80601 2.03983 1.63677 2.18686 2.75473 1.43482 2.64129 2.32311 1.27057 1.17162 2.57136 0.466333
threshold=-0.40499999999999997 0 1 2.3250000000000006 -0.20499999999999999 1.0000000180025095e-35 -0.44499999999999995 -0.23499999999999996 0.15500000000000003 0.15500000000000003 -1.095 -0.46499999999999991 -0.61499999999999988 -0.78499999999999992 -0.105 -0.81499999999999984 -0.054999999999999993 -0.52999999999999992 -0.099999999999999992 1.0000000180025095e-35 -1.8749999999999998
decision_type=2 9 9 2 2 2 2 2 2 2 2 2 2 2 2 2 2 2 2 2 2
left_child=1 11 3 4 6 -6 -2 9 18 10 -4 12 13 -1 15 -9 -16 -10 19 -3 -14
right_child=2 8 7 -5 5 -7 -8 14 17 -11 -12 -13 20 -15 16 -17 -18 -19 -20 -21 -22
leaf_value=-0.011062425351061132 0.004990743107888493 -0.014228953347431419 -0.032508882224579885 0.044249946736754572 -0.046673165283927398 0.0014752520353695708 0.055277601611963871 0.04093954194759495 0.050173833369943355 -0.054555769040820837 0.010862482648006709 0.022166066508471929 -0.045475019929338813 0.018806642087094788 -0.039023069190094947 -0.0089195815255417379 -0.0030205678357710245 0.0094631298344351987 -0.012800881515552868 0.015838349200362482 -0.01736701679486469
leaf_weight=31.596860997378823 15.554690949618818 8.9437335953116399 6.1179866604506961 4.9449079334735861 6.6006791628897217 20.940612137317657 5.6640329509973517 4.8100376427173615 4.4304022267460823 3.8610594049096099 4.5105111822485915 4.6177332624793044 3.9587645977735519 10.033406235277655 4.798228792846202 5.4578438103198987 59.789295390248299 4.0412876307964307 7.0127570927143088 31.263108346611261 3.8876478075981131
leaf_count=155 74 56 34 25 35 103 25 22 20 20 23 23 20 47 27 27 315 20 34 163 20
internal_value=-4.46369e-05 0.00208565 -0.0017148 0.0054586 0.00245699 -0.0100104 0.018845 -0.00602101 0.00826104 -0.0252343 -0.0137072 -0.00481851 -0.00844943 -0.00371598 -0.00300982 0.0141245 -0.00582869 0.0316737 0.00564264 0.00900733 -0.0325714
internal_weight=252.836 109.786 143.05 53.7049 48.76 27.5413 21.2187 89.345 55.6913 14.4896 10.6285 54.0944 49.4767 41.6303 74.8554 10.2679 64.5875 8.47169 47.2196 40.2068 7.84641
internal_count=1288 558 730 262 237 138 99 468 293 77 57 265 242 202 391 49 342 40 253 219 40
cat_boundaries=0 1 2
cat_threshold=50873432 2626648
is_linear=0
shrinkage=0.05


Tree=92
num_leaves=17
num_cat=1
split_feature=12 11 11 2 2 1 1 1 2 1 2 1 2 6 1 2
split_gain=0.414985 3.01727 1.94571 1.31465 1.58136 0.640665 2.71343 1.73351 1.66467 1.39833 4.44319 1.87509 2.53777 1.37223 1.16231 0.118511
threshold=0 4.5000000000000009 5.5000000000000009 -0.084999999999999978 -0.48499999999999993 -0.7599999999999999 -0.53499999999999992 -0.49499999999999994 -0.95499999999999985 -0.87999999999999989 -0.56499999999999984 -0.96999999999999986 -1.2149999999999996 1.0000000180025095e-35 -0.6399999999999999 -0.39499999999999996
decision_type=9 2 2 2 2 2 2 2 2 2 2 2 2 2 2 2
left_child=1 -1 -3 4 -4 9 13 -8 -9 11 -11 12 -2 14 -7 -15
right_child=5 2 3 -5 -6 6 7 8 -10 10 -12 -13 -14 15 -16 -17
leaf_value=-0.047778522311315533 -0.017841123744294179 0.023768988586491603 -0.016066809321836559 -0.035652204276929604 0.023919140163164519 -0.015904937639791231 0.031627915921099967 -0.015351052864234885 0.0022105354527835164 0.064834664076140344 -0.0039482184728142468 -0.02742236856280993 0.0096164998117488684 0 -0.054203585862719811 -0.010756174256662303
leaf_weight=3.782890226691964 10.137690924108027 6.0732166282832649 6.3387298882007626 3.5686329975724176 3.9060405343770972 5.3189344108104706 4.4547638297080985 15.068913191556929 121.4659776315093 3.6740665808320045 5.8608534634113294 4.8961340710520735 45.416152074933052 4.8201920315623283 3.8173536732792854 4.0031704977154732
leaf_count=35 53 36 39 22 19 28 22 75 605 18 28 25 220 22 21 20
internal_value=-4.55413e-05 -0.00524767 0.000165484 -0.00994894 -0.000254119 0.000672301 -0.00102799 0.00127525 0.000225909 0.00469722 0.0224346 0.00178445 0.00449303 -0.0192931 -0.0328619 -0.00447179
internal_weight=252.604 23.6695 19.8866 13.8134 10.2448 228.934 158.949 140.99 136.535 69.9849 9.53492 60.45 55.5538 17.9597 9.13629 8.82336
internal_count=1288 151 116 80 58 1137 793 702 680 344 46 298 273 91 49 42
cat_boundaries=0 1
cat_threshold=604113922
is_linear=0
shrinkage=0.05


Tree=93
num_leaves=17
num_cat=3
split_feature=2 12 9 6 0 0 2 2 2 9 12 7 12 1 1 2
split_gain=0.417889 0.513262 2.33581 3.12582 4.41604 2.63372 1.14064 3.02057 2.26203 0.959934 4.3644 3.44957 3.39035 5.14887 4.30116 1.58335
threshold=-1.7599999999999998 0 1.0000000180025095e-35 1.0000000180025095e-35 -0.27999999999999997 -0.8849999999999999 -0.60499999999999987 -0.94499999999999984 -0.39499999999999996 1.0000000180025095e-35 1 1.0000000180025095e-35 2 -1.1349999999999996 0.39500000000000007 0.20500000000000004
decision_type=2 9 2 2 2 2 2 2 2 2 9 2 9 2 2 2
left_child=-1 2 3 4 -2 -5 7 -4 -8 12 15 -12 13 -3 -14 -11
right_child=1 9 6 5 -6 -7 8 -9 -10 10 11 -13 14 -15 -16 -17
leaf_value=0.015517483535202409 -0.025212754378113923 -0.029882049099648651 -0.0068315859718953934 0.036337286714579441 0.028099325469502213 -0.00102070174520229 0.023046299383617914 -0.063208819141684677 -0.012617549640070802 -0.021109959848467238 -0.0079593303395441069 0.020793327350207783 -0.0033595042563262277 0.029967803636996745 -0.039149309123810316 0.0076962645269078901
leaf_weight=4.1257106140255919 12.861958861351015 4.3852382749319103 7.61178283020854 10.434332288801672 5.3865266032516947 8.0766742005944234 5.1498691216111174 3.5456277281045896 26.950889717787504 19.523351427167658 13.363918364048002 43.481343232095242 54.685370974242687 17.002209037542343 9.9200219810008985 5.9477500617504111
leaf_count=23 78 21 41 49 31 44 27 24 149 94 77 202 272 75 55 26
internal_value=-4.97944e-05 -0.000334699 -0.00340268 0.00533931 -0.00913639 0.0198508 -0.0117266 -0.0255938 -0.00668698 0.00122467 0.00517293 0.011861 -0.00235607 0.0118615 -0.00778162 -0.0101966
internal_weight=252.453 248.327 80.0177 36.7595 18.2485 18.511 43.2582 11.1574 32.1008 168.309 82.3164 56.8453 85.9928 21.3874 64.6054 25.4711
internal_count=1288 1265 443 202 109 93 241 65 176 822 399 279 423 96 327 120
cat_boundaries=0 1 2 3
cat_threshold=1678412803 16793612 16396
is_linear=0
shrinkage=0.05


Tree=94
num_leaves=16
num_cat=2
split_feature=12 11 1 1 1 0 0 6 11 1 12 1 0 1 1
split_gain=0.408406 2.96416 2.18061 2.61495 1.66366 1.01493 2.55613 2.19331 3.24446 1.94756 1.86442 1.84033 1.7982 0.889838 1.52745
threshold=0 4.5000000000000009 -0.96999999999999986 -0.11499999999999998 -0.36999999999999994 -2.7649999999999992 -2.2649999999999992 1.0000000180025095e-35 4.5000000000000009 -0.81999999999999995 1 -1.4499999999999997 -2.8849999999999993 -1.0299999999999998 -1.2849999999999999
decision_type=9 2 2 2 2 2 2 2 2 2 9 2 2 2 2
left_child=1 -1 -3 4 -4 12 7 8 -7 11 -11 -8 13 14 -2
right_child=5 2 3 -5 -6 6 9 -9 -10 10 -12 -13 -14 -15 -16
leaf_value=-0.047336529074655548 0.002476598883238655 -0.031958502541653618 0.0066676579005797518 -0.01241753641003733 0.056463149535383311 -0.039722078256098199 -0.015835600851421987 -0.042601760681330786 0.017989737599208504 -0.0054050935946923367 0.005062850398727713 0.02193499922178176 0.03842123174642241 -0.01302459122001849 0.03367166477533895
leaf_weight=3.8123263679444817 24.478055037558079 3.8267028555274054 3.8416221663355863 6.3546557836234498 3.3417852073907852 3.9082371369004267 3.7113024629652527 6.3271501287817946 6.020483635365963 89.649782434105873 64.321619533002377 17.563627704977989 4.2530606091022483 6.0143422633409491 4.6901467144489315
leaf_count=36 121 25 24 37 18 25 21 36 29 453 312 82 19 29 21
internal_value=-5.40776e-05 -0.00544242 0.000571033 0.0102994 0.0309766 0.00062888 -0.000825625 -0.0197432 -0.00439833 0.000910917 -0.00102142 0.0150689 0.00796182 0.00403954 0.0077614
internal_weight=252.115 21.1771 17.3648 13.5381 7.18341 230.938 191.502 16.2559 9.92872 175.246 153.971 21.2749 39.4356 35.1825 29.1682
internal_count=1288 140 104 79 42 1148 958 90 54 868 765 103 190 171 142
cat_boundaries=0 1 2
cat_threshold=608177154 17727632
is_linear=0
shrinkage=0.05


Tree=95
num_leaves=17
num_cat=1
split_feature=2 12 9 0 0 2 0 0 2 2 11 2 0 2 2 0
split_gain=0.392369 0.464223 2.73888 2.30094 2.48467 1.76579 1.60047 3.13291 1.17719 4.30426 4.01457 2.64924 2.38829 1.11114 1.04643 0.868811
threshold=-1.7599999999999998 0 1.0000000180025095e-35 -0.074999999999999997 -0.8849999999999999 0.29500000000000004 0.18500000000000003 -0.24499999999999997 -0.95499999999999985 -0.70499999999999985 4.5000000000000009 -1.2349999999999997 -2.3849999999999993 0.40500000000000008 -0.53499999999999992 -3.0349999999999997
decision_type=2 9 2 2 2 2 2 2 2 2 2 2 2 2 2 2
left_child=-1 2 3 4 -2 -5 7 -4 10 12 15 -12 -10 -8 -11 -3
right_child=1 8 6 5 -6 -7 13 -9 9 14 11 -13 -14 -15 -16 -17
leaf_value=0.015023929348548237 0.0091655243868053078 -0.016885977473680758 -0.011984935750430213 0.054097854402221271 -0.024040797379166735 0.0046988432191804276 0.020645513009113999 -0.061277407452219705 0 -0.012585346178415002 0.020613358515560343 -0.013533228410610025 0.038793482161090215 -0.010362870262025351 0.0015208062058089374 -0.054738499084347608
leaf_weight=4.1282652653753749 19.711942926049232 3.27292350679636 27.90488838031888 3.8564687632024279 7.7683427929878262 3.8196501098573208 5.1959579512476903 3.6542397290468243 5.84969134628773 14.87319155782461 10.785080000758175 11.678956143558022 11.938148967921732 6.0778403505682945 107.07913871109486 4.2003165073692825
leaf_count=23 99 19 153 20 45 22 27 23 29 76 53 54 55 34 531 25
internal_value=-5.42672e-05 -0.000331743 -0.00329767 0.00652023 -9.33416e-05 0.0305364 -0.012237 -0.018026 0.00113081 0.00315125 -0.00773629 0.0026578 0.0260577 0.00354478 -0.000167503 -0.039263
internal_weight=251.795 247.667 77.9893 35.1564 27.4803 7.67612 42.8329 31.5591 169.677 139.74 29.9373 22.464 17.7878 11.2738 121.952 7.47324
internal_count=1288 1265 423 186 144 42 237 176 842 691 151 107 84 61 607 44
cat_boundaries=0 1
cat_threshold=1613401091
is_linear=0
shrinkage=0.05


Tree=96
num_leaves=13
num_cat=2
split_feature=0 12 7 2 2 2 7 12 2 2 0 0
split_gain=0.374829 0.4944 2.10519 1.43781 1.90512 1.5485 0.828595 1.73146 2.64411 1.88386 1.14558 1.2071
threshold=-5.2349999999999994 0 1.0000000180025095e-35 -0.23499999999999996 -0.66499999999999992 0.03500000000000001 1.0000000180025095e-35 1 -0.53499999999999992 -0.73499999999999988 -4.7399999999999993 -3.6849999999999996
decision_type=2 9 2 2 2 2 2 9 2 2 2 2
left_child=-1 2 -2 4 -4 -5 7 9 -9 -3 -8 -12
right_child=1 6 3 5 -6 -7 10 8 -10 -11 11 -13
leaf_value=0.016927786337895143 0.020249781321856702 0.026464352606541772 -0.0085190058642952825 0.028632898843970918 -0.054395817068841362 -0.015994037100380755 -0.051351280177636308 -0.034082118509113989 -0.0033566182226028793 -0.003079050231345028 0.022285768403611975 0.0016719441364316436
leaf_weight=3.098258100450038 4.7720389813184765 8.3805084303021449 5.4382231570780304 2.7714495845138991 4.2673922590911397 5.8601072542369366 0.88146102428436179 10.608825795352457 21.559818804264069 14.124360483139752 7.3947916924953452 162.43479795008898
leaf_count=15 30 41 35 16 28 39 4 66 122 72 35 785
internal_value=-5.45575e-05 -0.000293133 -0.00599829 -0.0164264 -0.0295492 -0.000928615 0.000515225 -0.00478424 -0.0104731 0.00538673 0.00227372 0.00261153
internal_weight=251.592 248.494 23.1092 18.3372 9.70562 8.63156 225.385 54.6735 32.1686 22.5049 170.711 169.83
internal_count=1288 1273 148 118 63 55 1125 301 188 113 824 820
cat_boundaries=0 1 2
cat_threshold=603982851 16793728
is_linear=0
shrinkage=0.05


Tree=97
num_leaves=12
num_cat=1
split_feature=3 11 5 2 2 0 0 0 12 2 2
split_gain=0.355446 0.779801 0.729103 0.562006 0.726174 0.548321 1.1596 0.995382 0.902513 0.523724 0.459466
threshold=1.0000000180025095e-35 4.5000000000000009 1.0000000180025095e-35 -0.13499999999999998 -0.53499999999999992 -4.7399999999999993 -3.9549999999999996 -3.3749999999999996 0 -0.13499999999999998 -1.0449999999999997
decision_type=2 2 2 2 2 2 2 2 9 2 2
left_child=1 3 -3 4 -1 -2 -7 10 -9 -4 -8
right_child=5 2 9 -5 -6 6 7 8 -10 -11 -12
leaf_value=-0.0027528143328500333 0.017608064454740321 -0.038448989047589664 0.0033135080510049587 -0.014104704353403394 0.028297611571944978 -0.021429704149286005 0.027722321037929029 -0.0027818082085107007 0.0034959925121437387 -0.023431496915483772 0.0042801134517589717
leaf_weight=3.7355658374726772 4.4813404828310004 2.7300898618996126 4.1867678910493851 3.0217005312442797 3.2159224897623062 5.9684441909193984 4.6636669412255287 118.87821610271931 92.845009248703718 2.8195964060723782 4.8621828556060773
leaf_count=27 20 23 28 22 20 29 23 576 471 25 24
internal_value=-5.46798e-05 -0.00650072 -0.0165731 0.00290309 0.0111004 0.000474655 0.000107145 0.000720134 0 -0.00692425 0.0164452
internal_weight=251.409 19.7096 9.73645 9.97319 6.95149 231.699 227.218 221.249 211.723 7.00636 9.52585
internal_count=1288 145 76 69 47 1143 1123 1094 1047 53 47
cat_boundaries=0 1
cat_threshold=1613545603
is_linear=0
shrinkage=0.05


Tree=98
num_leaves=16
num_cat=1
split_feature=1 1 0 0 0 12 2 1 2 2 1 0 9 2 2
split_gain=0.340176 2.90566 2.6952 3.25157 3.5157 1.95448 2.78115 4.06871 3.541 2.5985 3.79488 3.4707 2.47397 2.1218 1.3905
threshold=0.095000000000000015 0.17000000000000001 -0.90499999999999992 -0.45499999999999996 -0.24499999999999997 0 -1.2449999999999999 -0.93999999999999984 -1.1349999999999996 -1.2449999999999999 -0.084999999999999978 0.10500000000000002 1.0000000180025095e-35 -0.60499999999999987 -1.4849999999999997
decision_type=2 2 2 2 2 9 2 2 2 2 2 2 2 2 2
left_child=5 -2 -3 -4 -5 9 7 -7 -8 14 11 -11 -12 -10 -1
right_child=1 2 3 4 -6 6 8 -9 13 10 12 -13 -14 -15 -16
leaf_value=-0.0014021271856171466 0.033124009410129919 0.030811997399315429 -0.04236912063647888 0.039571972371594211 -0.0040511246032415163 -0.013371956555132878 -0.064689008651004853 0.050792761135094948 0.0069197292155389464 0.0073397430935233489 0.0011102615585605175 0.04798402998465278 -0.040781637725227263 -0.014977333127795903 -0.035856834648860192
leaf_weight=6.4870126880705357 7.0278608053922644 6.1678344532847396 4.8713729307055464 4.9637654200196257 52.335452765226364 5.08530193567276 2.9919089451432219 4.4978174157440645 14.504104629158972 74.678901739418507 7.3329285681247693 5.6285758167505255 6.3023366257548332 42.65721058472991 5.7786115370690805
leaf_count=34 34 27 24 24 269 26 18 25 76 372 39 26 33 228 33
internal_value=-5.06045e-05 0.00273706 -0.000358681 -0.00357588 -0.000122639 -0.00127398 -0.00720407 0.0164408 -0.0122706 0.00297372 0.00612373 0.0103067 -0.0180444 -0.00933148 -0.0181976
internal_weight=251.311 75.3663 68.3384 62.1706 57.2992 175.945 69.7363 9.58312 60.1532 106.208 93.9427 80.3075 13.6353 57.1613 12.2656
internal_count=1288 378 344 317 293 910 373 51 322 537 470 398 72 304 67
cat_boundaries=0 1
cat_threshold=84710428
is_linear=0
shrinkage=0.05


Tree=99
num_leaves=21
num_cat=2
split_feature=3 9 4 4 11 1 12 9 9 1 7 1 1 11 12 1 1 1 11 1
split_gain=0.338653 0.724 1.41667 1.37714 0.848842 0.597195 0.505943 4.02339 3.37972 2.82746 2.81472 1.9092 2.54338 2.047 1.68348 1.99166 1.50058 1.47974 2.68627 1.8952
threshold=1.0000000180025095e-35 1.0000000180025095e-35 1.0000000180025095e-35 1.0000000180025095e-35 3.5000000000000004 -0.29499999999999993 0 1.0000000180025095e-35 1.0000000180025095e-35 -1.3599999999999999 1.0000000180025095e-35 -0.099999999999999992 -1.2849999999999999 6.5000000000000009 1 0.25500000000000006 0.30500000000000005 -0.14499999999999999 5.5000000000000009 -0.7599999999999999
decision_type=2 2 2 2 2 2 9 2 2 2 2 2 2 2 9 2 2 2 2 2
left_child=1 3 5 4 -1 -3 7 11 14 -9 -11 12 -2 -13 15 -8 -16 19 -19 -10
right_child=6 2 -4 -5 -6 -7 8 9 17 10 -12 13 -14 -15 16 -17 -18 18 -20 -21
leaf_value=-0.0034479567673202922 -0.023440829322125385 -0.054737802552892817 0.0093477644247697937 -0.023084996121110937 0.026819945188523354 -0.01390171548712168 0.0093509157286942902 0.045260853609488186 -0.0060888339066878412 -0.015155116876648193 0.01374680939332079 -0.0097629498331127176 0.01074548771909308 -0.047057833120935227 0.00026174571647700166 0.040820481898143551 -0.031503403141221159 -0.025964273915372704 0.0077757218214380341 -0.031238084550256069
leaf_weight=4.0786384791135806 7.3667150586843517 2.2197897043079138 2.4908995553851128 3.9895291700959197 4.5411497801542282 2.2922848612070075 26.816643089056015 5.6899936795234671 16.905708931386474 10.202385030686854 43.521593928337097 17.02470845729113 19.798380739986897 4.8409855067729941 26.101039029657844 6.3590079396963111 4.1796003207564345 8.1987719386816043 20.102154850959778 14.383611783385275
leaf_count=28 34 21 17 32 25 22 125 25 90 54 188 79 91 25 149 31 23 46 102 81
internal_value=-5.03991e-05 -0.00635934 -0.0191494 0.00044541 0.0120493 -0.0358271 0.000465029 0.0028232 -0.00166718 0.0118558 0.00814737 -0.00744763 0.00123938 -0.0184242 0.00617391 0.0120242 -0.00304512 -0.0103764 -0.0018797 -0.0178718
internal_weight=251.104 19.6123 7.00297 12.6093 8.61979 4.51207 231.491 108.445 123.047 59.414 53.724 49.0308 27.1651 21.8657 63.4563 33.1757 30.2806 59.5902 28.3009 31.2893
internal_count=1288 145 60 85 53 43 1143 496 647 267 242 229 125 104 328 156 172 319 148 171
cat_boundaries=0 1 2
cat_threshold=398549 573440
is_linear=0
shrinkage=0.05


Tree=100
num_leaves=13
num_cat=1
split_feature=2 2 2 11 6 2 2 1 12 2 11 2
split_gain=0.340484 0.367717 1.99207 2.85201 1.6227 1.50974 1.42707 1.77309 1.07086 2.53075 1.57514 0.0790116
threshold=-1.7599999999999998 -0.97499999999999987 -1.0449999999999997 4.5000000000000009 1.0000000180025095e-35 -0.71499999999999986 -0.78499999999999992 -1.2049999999999998 0 1.1650000000000003 7.5000000000000009 -1.2549999999999997
decision_type=2 2 2 2 2 2 2 2 9 2 2 2
left_child=-1 2 3 11 -5 6 7 -3 10 -10 -7 -2
right_child=1 5 -4 4 -6 8 -8 -9 9 -11 -12 -13
leaf_value=0.014005362209657533 -0.037228340697327576 -0.023268221656340071 -0.02948642050360192 0.022450328798142679 -0.001849562602575394 0.0017265914127990113 0.029393350859954162 0.013266908456945765 -0.0028657495550446581 -0.042722240515483248 0.030867456403682176 -0.019377126061343963
leaf_weight=4.1177666075527659 3.0978972800076008 4.3654236719012287 6.6452684924006453 10.705150887370111 17.938056029379368 70.005139850080013 8.0144879445433599 12.473389610648157 100.58694904670119 4.0788129419088355 4.9176172167062751 3.7471869289875022
leaf_count=23 21 23 33 51 91 347 38 61 529 27 23 21
internal_value=-5.55594e-05 -0.000316226 -0.00457638 1.73327e-05 0.00710487 0.000539116 0.0120793 0.00341863 -0.00103595 -0.00411335 0.0033041 -0.0285957
internal_weight=250.693 246.575 42.1336 35.4883 28.6432 204.442 24.8533 16.8388 179.589 104.666 74.9228 6.84508
internal_count=1288 1265 217 184 142 1048 122 84 926 556 370 42
cat_boundaries=0 1
cat_threshold=120066124
is_linear=0
shrinkage=0.05


Tree=101
num_leaves=6
num_cat=0
split_feature=1 1 0 0 0
split_gain=0.339125 1.32465 1.99956 1.92283 0.625521
threshold=1.7300000000000002 1.3700000000000003 2.0450000000000004 1.6450000000000002 1.2850000000000004
decision_type=2 2 2 2 2
left_child=1 2 3 4 -1
right_child=-2 -3 -4 -5 -6
leaf_value=-0.00035605152816879019 0.010850374441722025 -0.029228589207285213 0.033210567198299533 -0.033230063451026116 0.015486511938423925
leaf_weight=224.95243787579238 6.8020638301968566 3.8172869458794585 4.3705841749906531 4.315150409936904 6.3050146624445906
leaf_count=1158 34 21 21 23 31
internal_value=-5.50175e-05 -0.000384157 6.58881e-05 -0.000541661 6.07764e-05
internal_weight=250.563 243.76 239.943 235.573 231.257
internal_count=1288 1254 1233 1212 1189
is_linear=0
shrinkage=0.05


Tree=102
num_leaves=13
num_cat=2
split_feature=2 0 0 0 12 9 2 0 2 12 1 0
split_gain=0.307963 0.378326 3.2304 2.07115 1.91882 8.07313 2.47072 1.6898 2.05143 1.33722 1.00239 1.63152
threshold=-1.7599999999999998 -0.45499999999999996 -0.30499999999999994 -0.82499999999999984 0 1.0000000180025095e-35 -0.5149999999999999 -1.095 -0.34499999999999992 1 -0.60499999999999987 -0.64499999999999991
decision_type=2 2 2 2 9 2 2 2 2 9 2 2
left_child=-1 3 -3 7 5 -4 -6 9 -9 -2 -5 -12
right_child=1 2 4 10 6 -7 -8 8 -10 -11 11 -13
leaf_value=0.013299785608617887 0.004055203696960245 0.032844600764146609 0.043475668208760601 0.0074067604647629088 0.033716636622359117 -0.01486151000092936 -0.0085068947872306393 0.031031836609838322 -0.002475436180869595 -0.0059818856722256919 -0.039455226671913701 -0.0069238137522999038
leaf_weight=4.1299153640866271 49.713540356606245 7.7730129286646834 11.376452267169952 3.164696320891383 3.5476009994745246 12.02684336155653 58.263522479683161 9.1784513965249079 8.4709642529487592 66.498405838385224 7.3861957043409392 8.9909968078136409
leaf_count=23 240 39 53 16 17 59 314 43 42 354 38 50
internal_value=-5.19141e-05 -0.0003013 0.00218936 -0.00184406 -0.000583539 0.00936395 -0.00512449 0.000343858 0.0147447 -0.00181105 -0.0170113 -0.0220495
internal_weight=250.521 246.391 92.9874 153.403 85.2144 23.4033 61.8111 133.861 17.6494 116.212 19.5419 16.3772
internal_count=1288 1265 482 783 443 112 331 679 85 594 104 88
cat_boundaries=0 1 2
cat_threshold=17317896 17076356
is_linear=0
shrinkage=0.05


Tree=103
num_leaves=6
num_cat=0
split_feature=1 1 0 0 0
split_gain=0.327646 1.18696 1.77228 1.73192 0.577769
threshold=1.7300000000000002 1.3700000000000003 2.0450000000000004 1.6450000000000002 1.2850000000000004
decision_type=2 2 2 2 2
left_child=1 2 3 4 -1
right_child=-2 -3 -4 -5 -6
leaf_value=-0.00036363017590306402 0.010661430151565222 -0.027906729642092554 0.031081483491952125 -0.031838466530555713 0.01483642958417033
leaf_weight=224.82299580983818 6.8094831407070151 3.7538107186555854 4.4188015758991233 4.2359274178743354 6.3283198177814475
leaf_count=1158 34 21 21 23 31
internal_value=-5.14873e-05 -0.000375774 4.57942e-05 -0.000528541 3.71221e-05
internal_weight=250.369 243.56 239.806 235.387 231.151
internal_count=1288 1254 1233 1212 1189
is_linear=0
shrinkage=0.05


Tree=104
num_leaves=15
num_cat=0
split_feature=2 1 2 0 11 2 1 0 0 0 1 1 1 1
split_gain=0.318411 3.9109 3.85319 2.802 3.19565 1.86867 1.49328 1.58217 1.45487 2.19878 1.78363 2.80112 1.55532 0.58217
threshold=0.14500000000000005 -1.5249999999999997 0.37500000000000006 2.6300000000000003 6.5000000000000009 0.10500000000000002 -0.20499999999999999 0.10500000000000002 0.23500000000000001 0.66000000000000014 0.095000000000000015 0.63500000000000012 -1.8549999999999998 1.1150000000000004
decision_type=2 2 2 2 2 2 2 2 2 2 2 2 2 2
left_child=5 -2 6 4 -4 8 -3 -8 10 -10 12 -12 -1 -11
right_child=1 2 3 -5 -6 -7 7 -9 9 13 11 -13 -14 -15
leaf_value=0.012679393059305722 -0.05750749834113747 0.039084443752630788 -0.00022728574168930603 0.028273996484594305 -0.034469806179722236 -0.03376808283683274 -0.014327187130700695 0.022122080816665272 -0.043880079520011356 -0.013523369178019129 0.019456248112680177 -0.023019668443495664 -0.0035013067933273682 0.01424154728465526
leaf_weight=16.775493748486042 2.4762146621942511 8.2930973470211047 30.043793566524982 5.9560596421360961 8.8287898227572423 4.1967077516019335 3.9432324543595305 10.151469446718691 4.5941626802086812 3.8000709637999535 23.31575628742576 4.4660000577568999 119.92420217394829 3.5592466741800308
leaf_count=81 11 39 160 29 43 26 20 47 26 21 110 25 630 20
internal_value=-4.85116e-05 0.00279897 0.00517703 -0.00319164 -0.00820128 -0.00117576 0.0220962 0.0115434 -0.000353497 -0.017141 0.000845809 0.0123907 -0.00147128 0
internal_weight=250.324 69.6927 67.2164 44.8286 38.8726 180.632 22.3878 14.0947 176.435 11.9535 164.481 27.7818 136.7 7.35932
internal_count=1288 349 338 232 203 939 106 67 913 67 846 135 711 41
is_linear=0
shrinkage=0.05


Tree=105
num_leaves=16
num_cat=0
split_feature=0 1 0 1 0 0 5 0 5 9 1 4 7 1 1
split_gain=0.309114 4.34116 4.35176 1.82711 1.43148 2.55528 3.24681 2.12341 1.671 3.33706 1.52143 1.44567 1.13393 1.02092 1.06896
threshold=0.075000000000000025 -0.054999999999999993 0.29500000000000004 0.03500000000000001 -0.24499999999999997 -0.45499999999999996 1.0000000180025095e-35 -0.82499999999999984 1.0000000180025095e-35 1.0000000180025095e-35 0.14000000000000004 1.0000000180025095e-35 1.0000000180025095e-35 0.20500000000000004 0.36500000000000005
decision_type=2 2 2 2 2 2 2 2 2 2 2 2 2 2 2
left_child=4 2 -2 -3 5 7 -7 10 9 -6 -1 -10 -9 -5 -15
right_child=1 3 -4 13 8 6 -8 12 11 -11 -12 -13 -14 14 -16
leaf_value=-0.0004301660772404882 0.063605594238580171 -0.034511434751439481 0 0.02421880445891424 0.0010779440722146006 0.050270910370010524 -0.0014989802009509456 -0.036992863376927261 0.021391629950247522 -0.065738865288249307 0.021918029373368449 -0.015296630265239228 -0.0089348550751920178 -0.023383313892959084 0.00047007753324506486
leaf_weight=129.73006176948547 5.3034419342875463 4.0905422121286383 5.1088240742683411 3.8653289936482897 3.4221513867378244 5.5337343439459783 6.1487269699573517 5.1318560317158708 4.0290506556630135 3.6613466553390026 7.9709267169237128 7.4529944099485874 14.415169045329094 5.1858526617288581 39.050488136708736
leaf_count=666 26 21 25 19 19 29 32 31 20 22 35 41 74 28 200
internal_value=-5.2106e-05 0.00296593 0.0323203 -0.00284522 -0.00108752 0.000335231 0.0228175 -0.00131671 -0.0142336 -0.0331969 0.000842159 -0.00191747 -0.0167065 0 -0.00225993
internal_weight=250.1 62.6045 10.4123 52.1922 187.496 168.93 11.6825 157.248 18.5655 7.0835 137.701 11.482 19.547 48.1017 44.2363
internal_count=1288 319 51 268 969 867 61 806 102 41 701 61 105 247 228
is_linear=0
shrinkage=0.05


Tree=106
num_leaves=16
num_cat=1
split_feature=2 2 2 0 11 1 0 0 1 1 12 0 1 1 1
split_gain=0.293458 2.73277 2.34222 2.18058 2.60502 2.96036 2.1622 2.00575 1.5761 1.87425 2.20249 1.95196 0.892959 1.11209 0.0325114
threshold=0.36500000000000005 0.46500000000000002 0.17500000000000002 2.6300000000000003 6.5000000000000009 -0.14499999999999999 -0.054999999999999993 0.56000000000000016 0.63500000000000012 0.095000000000000015 0 -0.42499999999999993 1.1600000000000001 0.89000000000000012 0.080000000000000016
decision_type=2 2 2 2 2 2 2 2 2 2 9 2 2 2 2
left_child=2 14 8 4 5 -3 -4 -8 9 10 -1 -11 13 -10 -2
right_child=1 3 6 -5 -6 -7 7 -9 12 11 -12 -13 -14 -15 -16
leaf_value=0.0044799396066339701 -0.021123689251108326 -0.018775632742813863 -0.0017041916678649462 0.029750136783447123 -0.030286575669674871 0.016144069668885468 0.057852157757505733 0.013013116527642405 -0.0092115038713248606 0.026295725688933957 -0.007222690711686474 0 0 -0.048934753151801853 -0.036391315400327799
leaf_weight=65.344919566065073 3.6399190798401824 9.1393721699714643 8.0917353034019488 5.8142163902521125 6.923325963318347 17.327642250806097 4.3982969298958761 6.6449283212423325 4.2611449956893903 12.887820005416872 77.849169243127108 15.35168746113777 4.4392381012439728 3.5502314195036888 4.2437882721424103
leaf_count=338 19 51 39 28 34 90 20 30 25 58 410 79 25 21 21
internal_value=-5.29448e-05 -0.00362299 0.000752645 0.0016821 -0.00313029 0.0038724 0.0173667 0.0316792 -0.000959398 0.000254522 -0.00203945 0.0120291 -0.0182162 -0.0282879 -0.0303214
internal_weight=249.907 47.0883 202.819 39.2046 33.3903 26.467 19.135 11.0432 183.684 171.434 143.194 28.2395 12.2506 7.81138 7.88371
internal_count=1288 243 1045 203 175 141 89 50 956 885 748 137 71 46 40
cat_boundaries=0 1
cat_threshold=67667156
is_linear=0
shrinkage=0.05


Tree=107
num_leaves=11
num_cat=0
split_feature=3 0 2 2 2 0 0 0 0 2
split_gain=0.304168 0.682389 1.42369 1.20121 0.573631 0.47895 1.04756 0.919688 0.832161 0.391014
threshold=1.0000000180025095e-35 0.16500000000000004 -0.15499999999999997 -0.42499999999999993 -0.68499999999999994 -4.7399999999999993 -3.9549999999999996 -3.3749999999999996 -3.1549999999999998 -1.0449999999999997
decision_type=2 2 2 2 2 2 2 2 2 2
left_child=1 2 3 4 -1 -2 -7 9 -9 -8
right_child=5 -3 -4 -5 -6 6 7 8 -10 -11
leaf_value=-0.00038736776693929637 0.016493502298210599 0.015334469864001242 -0.034787784290547977 0.024024307080901735 -0.027368846312522163 -0.020458233375109703 0.026225997612433816 -0.01883807907336333 0.00050164861438469356 0.0043862331670373759
leaf_weight=5.7647167704999474 4.4509189128875724 2.8865985460579386 4.2536879889667043 3.26993227377534 3.2435350511223069 5.9268952384591094 4.6685789227485657 5.6170522868633261 204.84558110311627 4.8292121365666372
leaf_count=40 20 19 39 20 27 29 23 27 1020 24
internal_value=-5.97251e-05 -0.00607002 -0.0101778 -0.00103571 -0.0108452 0.000427684 8.18372e-05 0.000667061 0 0.0158038
internal_weight=249.757 19.4185 16.5319 12.2782 9.00825 230.338 225.887 219.96 210.463 9.49779
internal_count=1288 145 126 87 67 1143 1123 1094 1047 47
is_linear=0
shrinkage=0.05


Tree=108
num_leaves=8
num_cat=0
split_feature=2 1 2 2 2 1 2
split_gain=0.302729 0.961637 0.616833 1.06113 1.23831 1.29115 0.624819
threshold=1.0350000000000004 0.36500000000000005 0.80500000000000016 0.74500000000000011 0.65500000000000014 1.3700000000000003 0.89500000000000013
decision_type=2 2 2 2 2 2 2
left_child=2 -2 3 4 5 -1 -4
right_child=1 -3 6 -5 -6 -7 -8
leaf_value=0.00038980138372817267 -0.028102569152429147 0.00224873230058236 0.026784320881327491 -0.026194979582788554 0.027134821364086872 -0.022334823204267815 0
leaf_weight=215.94657061621547 3.8316888771951181 6.9659538641571999 4.2456624582409841 3.757724128663539 4.1043139249086371 6.331633932888507 4.4639271646738052
leaf_count=1110 25 36 20 21 20 34 22
internal_value=-5.58269e-05 -0.00822206 0.000295704 -0.000179829 0.000241295 -0.000244782 0.0132881
internal_weight=249.647 10.7976 238.85 230.14 226.383 222.278 8.70959
internal_count=1288 61 1227 1185 1164 1144 42
is_linear=0
shrinkage=0.05


Tree=109
num_leaves=15
num_cat=1
split_feature=0 1 0 12 1 0 1 0 1 5 1 7 1 1
split_gain=0.296981 2.53822 1.38715 1.36819 1.67345 1.28709 3.19628 3.19399 0.88364 0.742309 3.94113 1.1755 0.909647 0.63158
threshold=-2.7649999999999992 -1.5549999999999999 -2.8849999999999993 0 -1.1349999999999996 -0.044999999999999991 0.18500000000000003 -0.24499999999999997 -0.59499999999999986 1.0000000180025095e-35 -1.4199999999999997 1.0000000180025095e-35 -1.2849999999999999 -1.7499999999999998
decision_type=2 2 2 9 2 2 2 2 2 2 2 2 2 2
left_child=2 -2 9 5 -5 7 -7 -3 -6 11 -11 13 -13 -1
right_child=1 3 -4 4 8 6 -8 -9 -10 10 -12 12 -14 -15
leaf_value=-0.024332714798941096 -0.036859255248536581 -0.0058764856288295976 0.029425843414908528 0.02886769412573896 -0.0072291736979946779 0.02455282246956984 -0.0094634802932332621 -0.050864815681110148 0.0043907181978786103 0.015772227723150671 -0.042910695314808456 0.0044352257886752155 0.028814535037117339 0.0024105091596675794
leaf_weight=4.1017548814415932 4.6842561326920977 53.240375626832247 4.5756095051765433 6.1977435108274213 19.691246636211872 11.085502851754429 17.747388534247875 4.2189589440822592 89.102864634245634 6.2249779403209686 5.0352592095732671 14.129489064216614 5.5462717413902292 3.9870529547333735
leaf_count=21 27 285 21 31 104 57 98 27 441 31 27 70 25 23
internal_value=-5.1867e-05 -0.0008655 0.00367051 0 0.0034406 -0.00448584 0.00348176 -0.00934926 0.00223695 0.000455438 -0.0101757 0.00496751 0.0116711 -0.0106717
internal_weight=249.569 205.968 43.6004 201.284 114.992 86.2922 28.8329 57.4593 108.794 39.0248 11.2602 27.7646 19.6758 8.08881
internal_count=1288 1070 218 1043 576 467 155 312 545 197 58 139 95 44
cat_boundaries=0 1
cat_threshold=1629914192
is_linear=0
shrinkage=0.05


Tree=110
num_leaves=9
num_cat=0
split_feature=2 0 2 0 0 1 2 2
split_gain=0.285595 1.63463 0.54974 1.89041 1.12854 0.985724 0.61096 0.181932
threshold=1.0350000000000004 2.3250000000000006 0.80500000000000016 1.8550000000000002 0.78500000000000014 1.1600000000000001 0.14500000000000005 1.1650000000000003
decision_type=2 2 2 2 2 2 2 2
left_child=2 7 3 5 -4 6 -1 -2
right_child=1 -3 4 -5 -6 -7 -8 -9
leaf_value=-0.0011337537709788217 -0.012021333256644867 0.015499794096055522 -0.0059129053463697328 -0.025599384101773027 0.029046841526652923 0.025257333583007108 0.0054818171911846757 -0.032913955872279153
leaf_weight=175.58568987064064 3.245305158197878 4.1865491792559624 4.0068020895123464 6.9862045794725409 4.7197912782430649 3.8925062268972388 43.391113698482513 3.3362600021064281
leaf_count=915 17 20 21 38 21 20 212 24
internal_value=-5.00906e-05 -0.0079936 0.00029068 -0.000158015 0.0125435 0.000628185 0.000156228 -0.0236944
internal_weight=249.35 10.7681 238.582 229.856 8.72659 222.869 218.977 6.58157
internal_count=1288 61 1227 1185 42 1147 1127 41
is_linear=0
shrinkage=0.05


Tree=111
num_leaves=8
num_cat=0
split_feature=0 9 11 0 0 0 0
split_gain=0.284729 1.65226 1.07542 0.742335 1.29326 1.22049 1.16527
threshold=-3.8249999999999997 1.0000000180025095e-35 4.5000000000000009 -3.5649999999999995 -3.3749999999999996 -3.1549999999999998 -2.8349999999999995
decision_type=2 2 2 2 2 2 2
left_child=1 2 -1 -2 -5 -6 -7
right_child=3 -3 -4 4 5 6 -8
leaf_value=0.0025980571223665019 -0.01864371475393839 -0.015053115824309597 0.038551002157370284 0.029307888830273035 -0.022179292946058526 0.015160984002774462 -0.00078155264440383371
leaf_weight=4.7842612713575345 5.3960267677903166 5.1268680542707434 4.1118607819080353 3.5912173241376868 6.2277204766869536 12.026122763752936 208.00611654482782
leaf_count=24 30 28 20 19 32 54 1081
internal_value=-4.83236e-05 0.00682436 0.0200154 -0.000481972 -2.59382e-05 -0.000526358 7.35833e-05
internal_weight=249.27 14.023 8.89612 235.247 229.851 226.26 220.032
internal_count=1288 72 44 1216 1186 1167 1135
is_linear=0
shrinkage=0.05


Tree=112
num_leaves=16
num_cat=0
split_feature=2 2 2 0 11 1 0 0 1 1 1 0 1 1 1
split_gain=0.295158 2.47316 2.06974 1.90079 2.40169 2.63311 1.89068 1.67614 1.40865 1.70682 1.94914 1.71011 0.86646 1.04618 0.0186885
threshold=0.36500000000000005 0.46500000000000002 0.17500000000000002 2.6300000000000003 6.5000000000000009 -0.14499999999999999 -0.054999999999999993 0.56000000000000016 0.63500000000000012 0.095000000000000015 -0.20499999999999999 -0.42499999999999993 1.1600000000000001 0.89000000000000012 0.080000000000000016
decision_type=2 2 2 2 2 2 2 2 2 2 2 2 2 2 2
left_child=2 14 8 4 5 -3 -4 -8 9 10 -1 -11 13 -10 -2
right_child=1 3 6 -5 -6 -7 7 -9 12 11 -12 -13 -14 -15 -16
leaf_value=0.0013109920155149133 -0.020478016326424917 -0.017967919750377332 -0.0014952274495321155 0.02749208858739656 -0.029377871492491148 0.015055408130747412 0.053472258264507681 0.012462301827369862 -0.008813754942024167 0.024821713883923693 -0.012394976631317776 0 0 -0.047716091090891095 -0.034961097361113934
leaf_weight=109.02598452940583 3.6107980236411086 9.0338191986083967 8.0561165511608142 5.856202505528926 6.84318022429943 17.421474844217304 4.4507766962051374 6.643714964389801 4.239959314465521 12.950730510056021 33.756270043551922 15.297405451536177 4.4060251340270042 3.4503084421157837 4.1692269071936607
leaf_count=565 19 51 39 28 34 90 20 30 25 58 183 79 25 21 21
internal_value=-4.47045e-05 -0.00363129 0.000764174 0.00138709 -0.00312286 0.00356529 0.0163728 0.0296916 -0.000848871 0.000292962 -0.00190076 0.0115252 -0.0172733 -0.0272979 -0.029219
internal_weight=249.212 46.9347 202.277 39.1547 33.2985 26.4553 19.1506 11.0945 183.127 171.03 142.782 28.2481 12.0963 7.69027 7.78002
internal_count=1288 243 1045 203 175 141 89 50 956 885 748 137 71 46 40
is_linear=0
shrinkage=0.05


Tree=113
num_leaves=9
num_cat=1
split_feature=2 0 2 2 12 2 11 2
split_gain=0.288306 1.42284 0.972597 1.46664 0.661124 1.71807 1.25475 0.16507
threshold=1.0350000000000004 2.3250000000000006 -1.865 -1.595 0 -1.5349999999999999 6.5000000000000009 1.1650000000000003
decision_type=2 2 2 2 9 2 2 2
left_child=2 7 -1 -4 6 -6 -5 -2
right_child=1 -3 3 4 5 -7 -8 -9
leaf_value=0.031218336605564667 -0.011620713475211609 0.013621312629069557 -0.027859320650021498 0.00049809116976023591 0.046037092388238589 0.0018481963871448577 -0.013592118127139303 -0.031847967465379157
leaf_weight=2.4164697229862204 3.2361392527818662 4.2278477922081947 4.5418714098632327 55.470251232385635 2.1454783231019965 152.05255911126733 21.652615360915661 3.2683416083455086
leaf_count=12 17 20 29 284 9 787 106 24
internal_value=-4.51747e-05 -0.00804002 0.000297168 -1.1533e-05 0.000525441 0.0023712 -0.00301509 -0.0228698
internal_weight=249.012 10.7323 238.279 235.863 231.321 154.198 77.1229 6.50448
internal_count=1288 61 1227 1215 1186 796 390 41
cat_boundaries=0 1
cat_threshold=1611138242
is_linear=0
shrinkage=0.05


Tree=114
num_leaves=14
num_cat=2
split_feature=2 12 5 2 2 1 2 2 5 3 12 1 2
split_gain=0.279029 0.411681 1.47933 3.7795 3.27913 1.67038 1.33572 1.06349 1.30303 1.82949 1.33097 1.26397 0.678733
threshold=1.3200000000000003 0 1.0000000180025095e-35 0.54500000000000015 0.14500000000000005 -2.1549999999999998 0.72500000000000009 0.66500000000000015 1.0000000180025095e-35 1.0000000180025095e-35 1 -0.11499999999999998 0.89500000000000013
decision_type=2 9 2 2 2 2 2 2 2 2 9 2 2
left_child=1 7 5 4 -4 -3 -7 8 9 -1 -10 -9 -13
right_child=-2 2 3 -5 -6 6 -8 11 10 -11 -12 12 -14
leaf_value=-0.020533355776341605 -0.013000866732520103 0.025993415162106244 0.0027073087205626012 -0.037203178398274639 0.043834336803435049 -0.015546450061906204 0.014972510568125508 -0.010284012822496323 -0.010444190077833232 0.0076057268580904114 0.0020891496169888036 0.038284654814970349 0.011446601743817536
leaf_weight=6.1481675244867793 3.9948683828115454 2.8870795220136634 32.857437789440155 4.883225552737712 5.6612617596983901 34.737350171431899 3.7515438124537459 3.5680241733789453 30.710220601409674 66.788076758384705 41.722360521554947 4.4640407785773242 6.746256411075592
leaf_count=47 22 14 179 27 29 207 22 19 159 305 203 21 34
internal_value=-4.13558e-05 0.000154835 -0.00247592 0.00359467 0.00897925 -0.00955458 -0.0124111 0.00163203 0.000395078 0.00514041 -0.00431482 0.0144759 0.0228198
internal_weight=248.92 244.925 84.7779 43.4019 38.5187 41.376 38.4889 160.147 145.369 72.9362 72.4326 14.7783 11.2103
internal_count=1288 1266 478 235 208 243 229 788 714 352 362 74 55
cat_boundaries=0 1 2
cat_threshold=50647253 32976
is_linear=0
shrinkage=0.05


Tree=115
num_leaves=6
num_cat=0
split_feature=2 2 2 2 2
split_gain=0.895609 1.30409 1.62324 0.843204 0.741416
threshold=-1.865 -1.595 -1.5349999999999999 -1.4249999999999996 -1.3349999999999997
decision_type=2 2 2 2 2
left_child=-1 -2 -3 -4 -5
right_child=1 2 3 4 -6
leaf_value=0.029619046555505409 -0.02683339483362035 0.03793014114286461 -0.020091369832303731 0.020341102600894934 -0.00026553117665983591
leaf_weight=2.4131513833999625 4.4729330204427233 2.7054264023900023 5.1765630505979052 4.3467703983187667 229.61439388804138
leaf_count=12 29 13 29 21 1184
internal_value=-5.39223e-05 -0.00037682 0.000102721 -0.000320006 0.000104485
internal_weight=248.729 246.316 241.843 239.138 233.961
internal_count=1288 1276 1247 1234 1205
is_linear=0
shrinkage=0.05


Tree=116
num_leaves=6
num_cat=0
split_feature=2 2 2 2 2
split_gain=0.81088 1.19467 1.46154 0.767991 0.66828
threshold=-1.865 -1.595 -1.5349999999999999 -1.4249999999999996 -1.3349999999999997
decision_type=2 2 2 2 2
left_child=-1 -2 -3 -4 -5
right_child=1 2 3 4 -6
leaf_value=0.028170555895654648 -0.025834626406084811 0.03588664058051718 -0.019238472232430328 0.019277972564935061 -0.00025228226804855698
leaf_weight=2.4154496490955344 4.4188340380787841 2.7217637039721003 5.1411098241806021 4.3622629791498175 229.59485678747296
leaf_count=12 29 13 29 21 1184
internal_value=-4.97385e-05 -0.000358183 9.71731e-05 -0.000304164 9.85889e-05
internal_weight=248.654 246.239 241.82 239.098 233.957
internal_count=1288 1276 1247 1234 1205
is_linear=0
shrinkage=0.05


Tree=117
num_leaves=6
num_cat=1
split_feature=2 2 2 2 12
split_gain=0.734352 1.09414 1.31709 0.699367 0.643768
threshold=-1.865 -1.595 -1.5349999999999999 -1.4249999999999996 0
decision_type=2 2 2 2 9
left_child=-1 -2 -3 -4 -5
right_child=1 2 3 4 -6
leaf_value=0.026799676354139976 -0.024866323619099448 0.033982436952413646 -0.018418623745714274 0.0035856945215397792 -0.0017132826416330436
leaf_weight=2.4171253889799109 4.3666095323860636 2.735790789127349 5.1067985594272605 77.123475469648838 156.82925034686923
leaf_count=12 29 13 29 402 803
internal_value=-4.57829e-05 -0.000340464 9.18776e-05 -0.000289105 9.29694e-05
internal_weight=248.579 246.162 241.795 239.06 233.953
internal_count=1288 1276 1247 1234 1205
cat_boundaries=0 1
cat_threshold=1193283668
is_linear=0
shrinkage=0.05


Tree=118
num_leaves=15
num_cat=1
split_feature=1 1 1 1 1 1 4 12 1 7 1 1 1 1
split_gain=0.255637 1.83942 0.91999 2.06031 1.78855 1.57968 1.75258 1.66028 0.862462 0.582956 1.77231 1.74995 0.314821 0.172285
threshold=0.66500000000000015 0.8600000000000001 0.29000000000000009 0.20500000000000004 0.33500000000000008 0.095000000000000015 1.0000000180025095e-35 0 0.54500000000000015 1.0000000180025095e-35 1.0550000000000004 1.7300000000000002 0.60500000000000009 0.45500000000000007
decision_type=2 2 2 2 2 2 2 9 2 2 2 2 2 2
left_child=2 -2 3 5 -4 7 -7 -1 13 -3 -11 -12 -10 -6
right_child=1 9 4 -5 8 6 -8 -9 12 10 11 -13 -14 -15
leaf_value=0.0029911162146689803 -0.032771799356652344 -0.011024053022696037 0.036974230421360881 -0.027408050584662842 0 0.0359478972827472 -0.0024954343729232144 -0.0064382327909363731 0.025398035813494438 0.035135807839787099 -0.01841777702810855 0.019564349252879473 0.0053020336505692559 -0.01084830492172472
leaf_weight=105.15097995847464 4.6981201991438892 6.6326459869742456 4.651006348431113 6.8739504069089881 9.2473310753703135 6.2213922478258592 5.1333906874060631 68.570371780544519 4.2031905651092512 3.9577199146151534 7.3457051292061788 4.9618406295776367 5.1557097062468529 5.7084407955408087
leaf_count=537 30 38 23 36 44 30 24 373 20 20 38 23 24 28
internal_value=-3.86232e-05 -0.0045853 0.000508526 -0.000722365 0.00881186 0.000256038 0.0182615 -0.000901898 0.00309068 0.00109786 0.00638361 -0.00266787 0.0150291 -0.00409814
internal_weight=248.512 27.596 220.916 191.95 28.9657 185.076 11.3548 173.721 24.3147 22.8979 16.2653 12.3075 9.3589 14.9558
internal_count=1288 149 1139 1000 139 964 54 910 116 119 81 61 44 72
cat_boundaries=0 1
cat_threshold=84710428
is_linear=0
shrinkage=0.05


Tree=119
num_leaves=19
num_cat=1
split_feature=0 0 11 6 0 12 0 5 1 1 0 11 1 11 0 1 1 1
split_gain=0.271423 1.93576 1.42115 2.15069 1.40438 1.5314 2.16459 1.92227 1.24597 2.22965 1.23774 1.23049 0.661371 1.04957 0.562791 0.445199 0.412887 0.0208603
threshold=-2.1249999999999996 -2.7649999999999992 4.5000000000000009 1.0000000180025095e-35 -1.9249999999999996 0 -1.4249999999999996 1.0000000180025095e-35 -0.93999999999999984 -0.44499999999999995 -2.8849999999999993 5.5000000000000009 -1.7249999999999999 4.5000000000000009 -3.6849999999999996 -0.83499999999999985 -1.2699999999999998 -0.83499999999999985
decision_type=2 2 2 2 2 9 2 2 2 2 2 2 2 2 2 2 2 2
left_child=1 10 -3 15 11 6 -6 -8 16 -10 12 -2 13 -1 -14 -4 -7 -5
right_child=4 2 3 17 5 8 7 -9 9 -11 -12 -13 14 -15 -16 -17 -18 -19
leaf_value=-0.0069118833182133486 0.032162838852502401 -0.037362733823149821 -0.00065596939146144806 -0.030221355428619659 0.037163517396437737 6.6295633736176737e-05 -0.008666394156803937 0.012337638780918932 -0.021479511300215789 -0.0018675662257417508 0.027557417590770118 -0.0015426565237214994 0.0062270874545534765 0.017050102116644036 -0.011386509843740405 0.021464690054118725 0.02263705358054259 -0.017720486228394627
leaf_weight=7.3450247347354916 6.4069170057773572 5.3134650010615614 3.7598734200000763 4.1532073393464115 5.4891677871346465 3.9019625261425972 17.781099870800972 27.213398642838001 17.177038442343473 95.216351475566626 4.5749395489692679 4.1588184759020805 6.1397456303238878 10.974184051156042 14.312780685722828 4.3850244358181953 5.4634332507848722 4.6423443630337689
leaf_count=37 33 38 18 25 27 19 94 127 93 501 21 22 35 52 73 23 25 25
internal_value=-4.27863e-05 -0.00281836 -0.0148117 -0.00726722 0.000926888 -0.000134474 0.00643294 0.00392549 -0.00316935 -0.00492573 0.00324375 0.018537 0.000182678 0.0071858 -0.00585115 0.0107627 0.0138615 -0.0244588
internal_weight=248.409 65.6006 22.2539 16.9404 182.808 172.242 50.4837 44.9945 121.759 112.393 43.3467 10.5657 38.7717 18.3192 20.4525 8.1449 9.3654 8.79555
internal_count=1288 347 129 91 941 886 248 221 638 594 218 55 197 89 108 41 44 50
cat_boundaries=0 1
cat_threshold=1174425615
is_linear=0
shrinkage=0.05


Tree=120
num_leaves=19
num_cat=1
split_feature=2 2 2 1 1 12 1 11 1 1 2 1 2 2 9 2 2 1
split_gain=0.265248 2.32625 1.82421 1.24143 1.4611 2.21083 1.08388 1.89581 2.5383 2.10034 1.1249 0.826017 1.05161 0.803275 0.438215 1.73725 0.239831 0.01757
threshold=0.36500000000000005 0.46500000000000002 0.17500000000000002 0.63500000000000012 0.095000000000000015 0 -0.14499999999999999 6.5000000000000009 0.87500000000000011 0.66500000000000015 0.64500000000000013 1.1600000000000001 -0.29499999999999993 -0.99499999999999988 1.0000000180025095e-35 0.27500000000000008 0.25500000000000006 0.080000000000000016
decision_type=2 2 2 2 2 9 2 2 2 2 2 2 2 2 2 2 2 2
left_child=2 17 3 4 5 -1 10 9 -9 -8 -3 12 -5 -6 16 -16 -4 -2
right_child=1 6 14 11 13 -7 7 8 -10 -11 -12 -13 -14 -15 15 -17 -18 -19
leaf_value=0.0047434773727643847 -0.019781167905965517 0.010676980023346848 0.032714068649411343 -0.0071703543376201986 -0.007160741099876718 -0.0070041800269720822 0.027057559735756111 -0.042877074021279625 0.011474504014551933 -0.0048644293154314422 -0.024487300664547854 0 -0.046342268010235138 0.014531580077549892 -0.013703448033901847 0.027615799538332455 0.013472377271891146 -0.034057916029235288
leaf_weight=64.850653432309628 3.5800363272428504 3.1257223859429342 4.4105210602283478 4.0633148774504662 4.8109018951654461 77.229606717824936 12.8071964122355 3.8593846186995524 4.4083370864391327 8.1445909813046438 6.6553810834884644 4.3710401803255081 3.4790224954485875 23.474029362201691 4.7676918208599091 5.056874968111515 4.9436779543757439 4.1237953528761864
leaf_count=338 19 16 21 22 22 410 64 20 21 43 39 25 24 115 22 23 23 21
internal_value=-4.15821e-05 -0.00345123 0.000725401 -0.000795078 0.000271355 -0.00176639 0.0014096 0.00634718 -0.0135086 0.0144468 -0.0127496 -0.0163369 -0.0262632 0.0106536 0.0153648 0.00712445 0.0233238 -0.0284026
internal_weight=248.162 46.7044 201.457 182.279 170.365 142.08 39.0006 29.2195 8.26772 20.9518 9.7811 11.9134 7.54234 28.2849 19.1788 9.82457 9.3542 7.70383
internal_count=1288 243 1045 956 885 748 203 148 41 107 55 71 46 137 89 45 44 40
cat_boundaries=0 1
cat_threshold=67667156
is_linear=0
shrinkage=0.05


Tree=121
num_leaves=9
num_cat=0
split_feature=2 1 2 2 1 1 4 2
split_gain=0.264936 0.769423 0.464338 0.570035 0.520498 1.36249 0.978041 0.968425
threshold=1.0350000000000004 0.36500000000000005 0.80500000000000016 0.89500000000000013 1.0700000000000003 0.8600000000000001 1.0000000180025095e-35 0.36500000000000005
decision_type=2 2 2 2 2 2 2 2
left_child=2 -2 4 -4 5 7 -6 -1
right_child=1 -3 3 -5 6 -7 -8 -9
leaf_value=0.00087741498843297867 -0.025980893751145869 0.0014261439165078674 0.024408027782062306 0 0.0074661615939722497 0.02496024118046582 -0.022602309651402072 -0.010278748830088367
leaf_weight=190.9084213450551 3.6829421967267972 6.9633336588740349 4.2650042772293073 4.4645057842135429 4.0911194980144483 5.3987301513552657 6.7228712737560272 21.533800877630711
leaf_count=986 25 36 20 22 21 28 38 112
internal_value=-4.74943e-05 -0.00774323 0.000279707 0.0115377 -0.000133095 0.000378428 -0.0108046 -0.000234188
internal_weight=248.031 10.6463 237.384 8.72951 228.655 217.841 10.814 212.442
internal_count=1288 61 1227 42 1185 1126 59 1098
is_linear=0
shrinkage=0.05


Tree=122
num_leaves=10
num_cat=0
split_feature=2 2 0 1 2 2 0 0 0
split_gain=0.244381 0.314324 2.36076 2.58102 2.72119 1.69798 1.13035 2.07745 1.51816
threshold=1.3200000000000003 0.14500000000000005 -1.6649999999999998 -0.89499999999999991 0.19500000000000003 0.10500000000000002 0.23500000000000001 0.66000000000000014 0.075000000000000025
decision_type=2 2 2 2 2 2 2 2 2
left_child=1 5 -3 -4 -5 6 8 -8 -1
right_child=-2 2 3 4 -6 -7 7 -9 -10
leaf_value=4.2037822248490166e-05 -0.012230131122355497 -0.03031551621626968 0.045749237980613838 0.039981282175696069 -5.2330461673273757e-05 -0.032427571041882583 -0.041848239939235379 0.00078238125515588889 0.028843068133980562
leaf_weight=158.46416271664202 3.9564336352050296 4.741186521947383 3.7212938368320456 4.4967313483357421 52.262167934328318 4.0787746086716643 4.4021655619144422 7.2115383744239807 4.6229609660804263
leaf_count=823 22 23 16 23 265 26 26 41 23
internal_value=-4.35942e-05 0.000138454 0.00312457 0.00587427 0.00309614 -0.00092411 -0.000141858 -0.0151692 0.000906263
internal_weight=247.957 244.001 65.2214 60.4802 56.7589 178.78 174.701 11.6137 163.087
internal_count=1288 1266 327 304 288 939 913 67 846
is_linear=0
shrinkage=0.05


Tree=123
num_leaves=20
num_cat=2
split_feature=2 12 4 0 0 2 0 0 12 0 0 2 0 2 2 3 2 2 2
split_gain=0.246371 1.78986 2.9058 2.64217 2.52268 2.37389 2.92605 1.86707 1.62165 2.30866 3.35747 2.0171 1.61993 1.55266 1.33235 1.52332 1.32138 1.12349 0.446725
threshold=-0.40499999999999997 0 1.0000000180025095e-35 -1.4949999999999999 -1.1949999999999996 -0.47499999999999992 -0.48499999999999993 -2.4649999999999994 1 2.3250000000000006 1.155 -0.23499999999999996 -2.2349999999999999 -0.55499999999999994 -0.17499999999999996 1.0000000180025095e-35 -0.34499999999999992 -0.33499999999999996 -0.27499999999999997
decision_type=2 9 2 2 2 2 2 2 9 2 2 2 2 2 2 2 2 2 2
left_child=1 2 3 7 12 6 13 -1 9 10 17 16 -4 -3 -13 -16 -10 -2 -18
right_child=8 5 4 -5 -6 -7 -8 -9 11 -11 -12 14 -14 -15 15 -17 18 -19 -20
leaf_value=-0.0001588651197748982 -0.018202655938940725 0.003166651203503314 -0.016062421028698124 -0.031230406610023572 0.0027116936626999078 0.038355230866119271 0.035974427779441549 0.035815152221976947 -0.00088740489926410508 0.037868788614146366 -0.029487266048945818 0.024106277495301018 -0.061264563016601804 -0.02314835703784526 -0.033513962303736683 -0.0023215256564838422 -0.046370286154942361 0.010553213228277727 -0.020512229098745664
leaf_weight=8.8835746906697732 3.5273027271032324 57.972662251442671 4.0159109085798255 4.0913634598255184 4.5128586292266837 5.3350661322474471 6.3515273779630652 5.6741104349493972 4.7848120741546145 5.025552734732627 6.900380164384841 4.2533263117074958 4.9581660553812972 6.0938920378684989 4.1177210099995127 64.666155908256769 4.6058622747659674 37.477008495479822 4.5916066095232955
leaf_count=45 17 304 21 22 23 25 31 28 25 25 35 21 25 34 37 333 26 185 26
internal_value=-4.14764e-05 0.00173218 -0.00696121 0.00343887 -0.0267528 0.00566165 0.00386578 0.0136702 -0.00144478 0.00496917 0.00237705 -0.00535988 -0.0419875 0.00055352 -0.00255364 -0.00430738 -0.0233472 0.00791965 -0.0343585
internal_weight=247.839 107.889 32.136 18.649 13.4869 75.7531 70.4181 14.5577 139.95 52.9302 47.9047 87.0195 8.97408 64.0666 73.0372 68.7839 13.9823 41.0043 9.19747
internal_count=1288 558 164 95 69 394 369 73 730 262 237 468 46 338 391 370 77 202 52
cat_boundaries=0 1 2
cat_threshold=34079832 2626648
is_linear=0
shrinkage=0.05


Tree=124
num_leaves=16
num_cat=0
split_feature=0 0 0 0 0 1 0 7 6 0 1 1 1 1 1
split_gain=0.232897 1.79025 1.30232 1.4749 2.07234 2.41636 1.90467 1.25337 1.9004 1.12554 0.977961 0.865745 0.620205 0.887275 0.432399
threshold=-2.1249999999999996 -2.7649999999999992 -1.9249999999999996 -1.8049999999999999 -1.5849999999999997 -0.95499999999999985 -1.6849999999999998 1.0000000180025095e-35 1.0000000180025095e-35 -2.8849999999999993 -0.65499999999999992 -1.1199999999999999 -1.0449999999999997 -1.2049999999999998 -0.83499999999999985
decision_type=2 2 2 2 2 2 2 2 2 2 2 2 2 2 2
left_child=1 9 10 -4 6 -6 -5 11 14 12 -2 -3 13 -1 -9
right_child=2 7 3 4 5 -7 -8 8 -10 -11 -12 -13 -14 -15 -16
leaf_value=-5.7775303862734079e-06 0.00033258139518812867 -0.056911076793575488 -0.02505052778609165 0 0.025873061082478346 -0.0021405160138612419 0.046063130980377245 -0.0030419546466103949 -0.02671200577826446 0.026333553805314665 0.031755896800793028 -0.013770842966021928 -0.014007027212092488 0.023564740568634231 0.01731925074198282
leaf_weight=28.052033532410857 4.9121457040309906 2.4946821592748165 5.6694933101534835 4.5311480015516281 8.007483668625353 148.91934651881456 4.5872114077210409 4.5884931590408122 6.9804539605975142 4.5907089337706557 5.6778195425868017 2.9868512973189381 6.1686476692557326 4.4765178561210659 5.0017724223434907
leaf_count=145 27 19 29 24 38 772 23 23 39 21 28 22 32 20 26
internal_value=-4.76616e-05 -0.00262547 0.000849778 -0.000175441 0.000658373 -0.000663663 0.0237134 -0.0142293 -0.00690051 0.00318982 0.0177874 -0.0349679 0.000254572 0.00314699 0.00713053
internal_weight=247.645 65.3402 182.305 171.715 166.045 156.927 9.11836 22.0523 16.5707 43.2879 10.59 5.48153 38.6972 32.5286 9.59027
internal_count=1288 347 941 886 857 810 47 129 88 218 55 41 197 165 49
is_linear=0
shrinkage=0.05


Tree=125
num_leaves=10
num_cat=0
split_feature=2 2 1 1 2 2 0 0 0
split_gain=0.224419 0.298924 3.02577 2.92248 1.80338 1.56746 1.0522 1.99136 1.33795
threshold=1.3200000000000003 0.14500000000000005 -1.4649999999999996 -0.95499999999999985 0.35500000000000004 0.10500000000000002 0.23500000000000001 0.66000000000000014 0.075000000000000025
decision_type=2 2 2 2 2 2 2 2 2
left_child=1 5 -3 -4 -5 6 8 -8 -1
right_child=-2 2 3 4 -6 -7 7 -9 -10
leaf_value=3.0296688642768744e-05 -0.011755532488792393 -0.045119535851239512 0.047142828216569406 0.01594902338538037 -0.0031068181976593272 -0.031376177692910241 -0.041119265943691058 0.00082716836757362917 0.026942291775076961
leaf_weight=158.17798706144094 3.9348902627825728 2.9855078160762778 3.8608573600649825 17.611699752509594 40.644981674849987 4.0258630812168112 4.3304454460740072 7.2027886658906937 4.6694910302758208
leaf_count=823 22 14 17 82 214 26 26 41 23
internal_value=-4.57268e-05 0.000127716 0.0030429 0.00550686 0.00258577 -0.000909174 -0.000159558 -0.014711 0.000848717
internal_weight=247.445 243.51 65.103 62.1175 58.2567 178.407 174.381 11.5332 162.847
internal_count=1288 1266 327 313 296 939 913 67 846
is_linear=0
shrinkage=0.05


Tree=126
num_leaves=20
num_cat=3
split_feature=2 12 2 0 2 12 0 0 2 2 2 3 12 0 0 2 0 0 4
split_gain=0.219266 1.63041 2.12224 1.99034 2.75121 1.46414 2.09133 3.0222 1.86271 1.22218 1.21952 1.41569 1.02098 3.23015 1.22038 1.01629 0.991163 0.857835 0.733593
threshold=-0.40499999999999997 0 -0.48499999999999993 -1.1949999999999996 -0.66499999999999992 1 2.3250000000000006 1.155 -0.23499999999999996 -0.34499999999999992 -0.17499999999999996 1.0000000180025095e-35 2 -1.5849999999999997 -0.85499999999999987 -0.33499999999999996 -3.0649999999999995 -0.7649999999999999 1.0000000180025095e-35
decision_type=2 9 2 2 2 9 2 2 2 2 2 2 9 2 2 2 2 2 2
left_child=1 3 12 4 16 6 7 15 9 -7 -10 -12 13 -3 -14 -2 -1 -5 -11
right_child=5 2 -4 17 -6 8 -8 -9 10 18 11 -13 14 -15 -16 -17 -18 -19 -20
leaf_value=0.010262710368105827 -0.017443833632531602 0.0043477553973675321 0.032070782040481388 0.027499061120050225 -0.046517165005832931 -0.00085727808159968139 0.035868683119604693 -0.028221947157338553 0.023038664629308158 -0.019378818741780244 -0.032610381739968199 -0.0021939449374038041 0.0044229271593412825 -0.037938232352049753 0.026481186333438458 0.0099653939007332479 -0.015145307886020613 -0.0035012784578335055 -0.051250246760951114
leaf_weight=5.6173207461834016 3.5049763023853293 16.815895404666666 7.0086365863680831 4.076485201716423 5.7844779714942005 4.7751405127346507 5.0757286101579657 6.8109043240547171 4.2703658714890471 5.4119748026132566 4.0178952328860751 64.50596958398819 39.873208750039339 5.9956048503518096 7.5894965007901183 37.480313718318939 10.776553474366663 4.2291323244571668 3.6545711979269981
leaf_count=30 17 90 33 19 29 25 25 35 21 31 37 333 210 31 39 185 54 23 21
internal_value=-4.41796e-05 0.00162797 0.00527214 -0.00690151 -0.0170472 -0.00137193 0.00471997 0.0022252 -0.00510419 -0.0224806 -0.00240541 -0.00409519 0.00323578 -0.00464003 0.00669575 0.00746296 -0.00612673 0.0112653 -0.0331901
internal_weight=247.275 107.767 77.2828 30.484 22.1784 139.508 52.8719 47.7962 86.6359 13.8417 72.7942 68.5239 70.2742 22.8115 47.4627 40.9853 16.3939 8.30562 9.06655
internal_count=1288 558 403 155 113 730 262 237 468 77 391 370 370 121 249 202 84 42 52
cat_boundaries=0 1 2 3
cat_threshold=33571928 2626648 84410368
is_linear=0
shrinkage=0.05


Tree=127
num_leaves=20
num_cat=2
split_feature=0 0 0 12 9 0 6 0 5 0 4 0 12 5 0 11 7 11 0
split_gain=0.217479 2.61394 1.99744 1.82181 6.49567 3.50563 1.96887 2.05358 1.63455 1.27246 1.49998 2.97063 1.48822 1.11875 1.11193 1.02423 1.0169 1.24006 1.09296
threshold=-0.45499999999999996 -0.30499999999999994 -0.82499999999999984 0 1.0000000180025095e-35 0.42500000000000004 1.0000000180025095e-35 -0.054999999999999993 1.0000000180025095e-35 -1.095 1.0000000180025095e-35 -1.0049999999999997 1 1.0000000180025095e-35 -1.4249999999999996 6.5000000000000009 1.0000000180025095e-35 5.5000000000000009 -0.64499999999999991
decision_type=2 2 2 9 2 2 2 2 2 2 2 2 9 2 2 2 2 2 2
left_child=2 -2 9 4 5 -3 7 -5 -8 12 11 -11 15 -6 -14 -1 -4 -18 -19
right_child=1 3 16 6 13 -7 8 -9 -10 10 -12 -13 14 -15 -16 -17 17 18 -20
leaf_value=0.0027554021705500273 0.029389245019653783 0.062627568806875381 -0.035888271289557086 -0.029591108691113827 -0.030388316531401251 0.0050991972126863136 -0.031019480661020612 0.0078485547901055355 -0.0060673394639320782 0.036954748327402531 0.031369665232827047 -0.017754197462387183 -0.0032381186577103171 0 -0.020440737143730951 0.022472966080456805 0.01317448204758425 -0.035796909965562701 -0.0018715848544486264
leaf_weight=44.202371198683977 7.7907101437449446 6.7438144683837891 4.9639491960406312 4.1073920950293568 5.0489508360624313 4.6786622256040573 10.536877226084473 27.083669912070036 19.077938627451658 3.7260641641914853 6.9354878813028327 6.9244637638330468 55.027235606685281 6.5888939574360847 11.552354425191877 7.855365812778472 4.1615570858120927 4.7425737157464027 5.3350383490324003
leaf_count=219 39 30 31 27 26 23 58 143 103 20 32 33 301 33 59 37 23 24 27
internal_value=-4.75353e-05 0.00186172 -0.00120607 -0.000667849 0.00908862 0.0397466 -0.00511182 0.00267971 -0.015188 0.000891547 0.0134218 0.00108623 -0.000933487 -0.0129153 -0.00549939 0.00492057 -0.0162727 -0.00888319 -0.0185231
internal_weight=247.083 91.6569 155.426 83.8662 23.0603 11.4225 60.8059 31.1911 29.6148 136.223 17.586 10.6505 118.637 11.6378 66.5796 52.0577 19.2031 14.2392 10.0776
internal_count=1288 482 806 443 112 53 331 170 161 701 85 53 616 59 360 256 105 74 51
cat_boundaries=0 1 2
cat_threshold=17317896 19173508
is_linear=0
shrinkage=0.05


Tree=128
num_leaves=14
num_cat=1
split_feature=1 1 12 1 0 1 0 4 0 11 0 0 0
split_gain=0.220608 0.875834 1.50134 2.28054 1.79317 4.77486 1.8559 1.49721 1.44932 0.674986 1.22136 0.602565 1.01826
threshold=-1.8549999999999998 -1.345 0 -1.1649999999999998 -0.044999999999999991 0.17000000000000001 -0.97499999999999987 1.0000000180025095e-35 -2.6549999999999998 4.5000000000000009 -4.1149999999999993 -2.7949999999999995 -3.4499999999999997
decision_type=2 2 9 2 2 2 2 2 2 2 2 2 2
left_child=9 7 4 -4 6 -6 -3 11 -5 -1 -11 12 -2
right_child=1 2 3 8 5 -7 -8 -9 -10 10 -12 -13 -14
leaf_value=-0.0060847624733560276 -0.029368998873734026 -0.0038007424823455933 0.029838042979312487 0.023851262256015412 0.037957101192828552 -0.01154159036289687 -0.024420849751908669 0.010213196631148161 0.00069846492747896016 -0.003536441623274416 0.02938562826171592 -0.032963148570226523 0.0063476359353342579
leaf_weight=7.1555500105023411 3.5050058588385591 32.087364409118891 7.7344495803117743 7.0848256275057784 7.5278312303125885 13.200071997940539 17.078088026493788 5.5389618501067153 125.7141245752573 5.0793307572603235 5.581046283245084 5.5493386518210182 4.0294595211744308
leaf_count=36 23 167 39 35 40 73 96 29 645 25 25 35 20
internal_value=-4.70483e-05 -0.000484818 0.000414178 0.00333929 -0.00513559 0.00629091 -0.0110999 -0.010858 0.00198831 0.00527332 0.0133476 -0.0201674 -0.00977974
internal_weight=246.865 229.05 210.427 140.533 69.8934 20.7279 49.1655 18.6228 132.799 17.8159 10.6604 13.0838 7.53447
internal_count=1288 1202 1095 719 376 113 263 107 680 86 50 78 43
cat_boundaries=0 1
cat_threshold=556172297
is_linear=0
shrinkage=0.05


Tree=129
num_leaves=19
num_cat=1
split_feature=2 2 2 2 0 5 0 1 2 1 0 12 0 2 1 1 1 1
split_gain=0.253404 2.00928 1.28291 1.25075 2.49803 1.76256 1.24491 1.73249 1.50064 3.11876 2.12221 0.911196 2.28549 1.63202 1.51322 1.4037 1.85706 1.00996
threshold=-0.97499999999999987 -1.0449999999999997 -0.71499999999999986 -0.78499999999999992 -2.3849999999999993 1.0000000180025095e-35 -1.9099999999999997 0.14000000000000004 -1.2149999999999996 -0.93999999999999984 -2.7949999999999995 0 -1.9749999999999999 -0.30499999999999994 -0.96999999999999986 -1.1349999999999996 -0.44499999999999995 -1.4949999999999999
decision_type=2 2 2 2 2 2 2 2 2 2 2 9 2 2 2 2 2 2
left_child=1 6 3 4 -2 -6 8 -8 9 -1 -10 15 13 -13 -14 17 -17 -4
right_child=2 -3 11 -5 5 -7 7 -9 10 -11 -12 12 14 -15 -16 16 -18 -19
leaf_value=-0.018276655143300433 -0.022053963234955051 -0.028862667163236801 0.0063975255741425072 0.027544956205061491 0.039307583975319055 -0.00035955090217306394 -0.033461335617078786 0.0086832888078364392 0.04459844441592601 0.021630042797290472 -0.0010013297802115614 -0.040576213114566294 0.024007703915470972 -0.0021647007457991758 -0.0030812959276272098 -0.015938920839061677 0.0046343266868970204 0.03411622212189535
leaf_weight=11.821533724665642 6.0019759386777904 6.5450773015618315 9.4543475434184057 8.018062621355055 4.9811159819364565 5.6911735013127327 5.3538465313613397 4.0813390910625458 4.9478156268596649 8.175601065158844 4.7313246279954928 6.8023699074983597 5.3913342803716651 5.114864628762005 79.687644604593515 13.904870130121706 50.432418189942837 5.5319929085671893
leaf_count=65 31 33 47 38 24 29 28 19 24 46 25 39 26 27 415 79 265 28
internal_value=-4.47459e-05 -0.00342196 0.00069879 0.0113617 0.00316386 0.0178833 0.000770632 -0.0148068 0.00592427 -0.00168602 0.0220149 -0.000771727 -0.00383184 -0.0246613 -0.00127983 0.0030107 9.25119e-05 0.0171192
internal_weight=246.669 45.6565 201.012 24.6923 16.6743 10.6723 39.1115 9.43519 29.6763 19.9971 9.67914 176.32 96.9962 11.9172 85.079 79.3236 64.3373 14.9863
internal_count=1288 240 1048 122 84 53 207 47 160 111 49 926 507 66 441 419 344 75
cat_boundaries=0 1
cat_threshold=120098890
is_linear=0
shrinkage=0.05


Tree=130
num_leaves=17
num_cat=0
split_feature=0 0 11 6 0 0 0 1 0 11 0 5 1 7 9 1
split_gain=0.240498 1.5919 1.30968 1.75738 1.18336 1.36479 1.84225 1.97789 1.65081 1.08969 0.948793 0.710177 3.54988 0.970105 0.214548 0.127852
threshold=-2.1249999999999996 -2.7649999999999992 4.5000000000000009 1.0000000180025095e-35 -1.9249999999999996 -1.8049999999999999 -1.5849999999999997 -0.99999999999999989 -1.6849999999999998 5.5000000000000009 -2.8849999999999993 1.0000000180025095e-35 -1.4199999999999997 1.0000000180025095e-35 1.0000000180025095e-35 -0.81999999999999995
decision_type=2 2 2 2 2 2 2 2 2 2 2 2 2 2 2 2
left_child=1 10 -3 15 9 -6 8 -8 -7 -2 11 13 -13 -1 -5 -4
right_child=4 2 3 14 5 6 7 -9 -10 -11 -12 12 -14 -15 -16 -17
leaf_value=-0.0097855110355726128 0.029777946420156159 -0.035837633155922352 0.0018985024027181928 -0.011676099369650013 -0.024163491228268889 0 0.025265739712913866 -0.0018147264941589759 0.043036219620929086 -0.001880527534126826 0.023993881542729564 0.014157035406370073 -0.041923125863512031 0.010625957330519659 -0.03088298109036729 0.016091674867488311
leaf_weight=7.9643624722957638 6.4444938488304597 5.1010769959539202 4.1166075244545937 4.1384056657552719 5.6121486946940413 4.5027807764708996 6.9530512094497672 149.166369471699 4.6309743374586088 4.1487596854567528 4.6069381684064856 6.1855136156082153 4.9226622208952886 19.527104057371616 4.3902355208992958 4.0471061244606972
leaf_count=44 33 38 20 22 29 24 33 777 23 22 21 31 27 95 28 21
internal_value=-4.35687e-05 -0.00266998 -0.0136943 -0.00645656 0.000870649 -0.000110069 0.000690688 -0.000561243 0.0224052 0.0170099 0.00279401 7.91067e-05 -0.0104015 0.00451744 -0.0223859 0.00964931
internal_weight=246.459 65 21.7934 16.6924 181.459 170.865 165.253 156.119 9.13376 10.5933 43.2066 38.5996 11.1082 27.4915 8.52864 8.16371
internal_count=1288 347 129 91 941 886 857 810 47 55 218 197 58 139 50 41
is_linear=0
shrinkage=0.05


Tree=131
num_leaves=10
num_cat=1
split_feature=0 9 11 0 3 0 0 0 12
split_gain=0.222126 1.52681 0.836863 0.638286 0.480246 2.06718 1.23069 0.909731 0.672293
threshold=-3.8249999999999997 1.0000000180025095e-35 4.5000000000000009 -3.5649999999999995 1.0000000180025095e-35 -1.6649999999999998 -3.3299999999999996 -1.1049999999999998 0
decision_type=2 2 2 2 2 2 2 2 9
left_child=1 2 -1 -2 5 -5 -6 -7 -8
right_child=3 -3 -4 4 6 7 8 -9 -10
leaf_value=0.0030058551167502223 -0.017496862398094129 -0.015128195923327113 0.035016041131349637 -0.037134803256828795 0.029977469172527849 0.024809085574499817 -0.0027943405732428483 -0.0056996181729119045 0.0026535430767973345
leaf_weight=4.714461036026476 5.2527008205652228 5.0630813762545577 4.13839952647686 4.4178391378372934 3.4107261747121802 3.2201549932360658 96.134164556860924 8.8040075376629794 111.0537341684103
leaf_count=24 30 28 20 38 16 22 485 66 559
internal_value=-4.12231e-05 0.0060485 0.0187519 -0.00043 -5.6071e-06 -0.00823047 0.000616401 0.00219566 9.47099e-05
internal_weight=246.209 13.9159 8.85286 232.293 227.041 16.442 210.599 12.0242 207.188
internal_count=1288 72 44 1216 1186 126 1060 88 1044
cat_boundaries=0 1
cat_threshold=1613545475
is_linear=0
shrinkage=0.05


Tree=132
num_leaves=7
num_cat=0
split_feature=2 2 2 2 6 1
split_gain=0.646469 1.03489 0.511791 0.567942 1.001 0.706894
threshold=-1.865 -1.595 -1.4449999999999996 -1.2699999999999998 1.0000000180025095e-35 -1.8549999999999998
decision_type=2 2 2 2 2 2
left_child=-1 -2 -3 4 -4 -5
right_child=1 2 3 5 -6 -7
leaf_value=0.025188966581795182 -0.024372311099784272 0.01402759332999096 0.0053190334478233712 0.011226564228076739 -0.029065578936062014 -0.00050495412226897994
leaf_weight=2.408734366297721 4.2930879592895499 6.3339439295232287 3.5375157706439486 13.55398792773485 4.4308971986174583 211.53975383192301
leaf_count=12 29 31 20 65 25 1106
internal_value=-3.87924e-05 -0.000318895 0.000101574 -0.000261303 -0.0133044 0.000183926
internal_weight=246.098 243.689 239.396 233.062 7.96841 225.094
internal_count=1288 1276 1247 1216 45 1171
is_linear=0
shrinkage=0.05


Tree=133
num_leaves=6
num_cat=0
split_feature=2 2 2 2 2
split_gain=0.585741 0.94732 1.22829 0.668895 0.692097
threshold=-1.865 -1.595 -1.5349999999999999 -1.4249999999999996 -1.3349999999999997
decision_type=2 2 2 2 2
left_child=-1 -2 -3 -4 -5
right_child=1 2 3 4 -6
leaf_value=0.023975124779996571 -0.023446402603200502 0.032839215607023402 -0.018075322659390599 0.019772219931568916 -0.00025714595291888206
leaf_weight=2.4092013239860526 4.2446987740695468 2.7329782433807841 5.0656369738280764 4.2934359684586516 227.25645147450268
leaf_count=12 29 13 29 21 1184
internal_value=-3.51184e-05 -0.000302844 9.63314e-05 -0.000274449 0.000101033
internal_weight=246.002 243.593 239.349 236.616 231.55
internal_count=1288 1276 1247 1234 1205
is_linear=0
shrinkage=0.05


Tree=134
num_leaves=6
num_cat=0
split_feature=2 2 2 2 2
split_gain=0.53081 0.866901 1.10836 0.608937 0.624052
threshold=-1.865 -1.595 -1.5349999999999999 -1.4249999999999996 -1.3349999999999997
decision_type=2 2 2 2 2
left_child=-1 -2 -3 -4 -5
right_child=1 2 3 4 -6
leaf_value=0.022823278640749935 -0.022549274617132079 0.031137195686305619 -0.017299769612840601 0.018745199120025428 -0.00024431471794988323
leaf_weight=2.4092924147844306 4.1980865299701682 2.7434351518750182 5.0334172770380965 4.3073435425758353 227.23800806328654
leaf_count=12 29 13 29 21 1184
internal_value=-3.18835e-05 -0.000287803 9.107e-05 -0.000260828 9.52944e-05
internal_weight=245.93 243.52 239.322 236.579 231.545
internal_count=1288 1276 1247 1234 1205
is_linear=0
shrinkage=0.05


Tree=135
num_leaves=16
num_cat=1
split_feature=0 0 11 6 0 2 2 2 2 12 0 2 2 2 1
split_gain=0.23603 1.39698 1.20464 1.62553 1.09271 1.7224 2.49254 2.17488 1.50449 1.47274 0.860705 0.609164 1.02251 0.545885 0.338314
threshold=-2.1249999999999996 -2.7649999999999992 4.5000000000000009 1.0000000180025095e-35 -1.9249999999999996 -0.95499999999999985 -0.7649999999999999 -1.2449999999999999 -0.80499999999999994 0 -2.8849999999999993 -0.28499999999999998 -0.67499999999999993 -1.0249999999999997 -0.83499999999999985
decision_type=2 2 2 2 2 2 2 2 2 9 2 2 2 2 2
left_child=1 10 -3 14 8 7 -7 -6 -2 -8 11 12 -1 -5 -4
right_child=4 2 3 13 5 6 9 -9 -10 -11 -12 -13 -14 -15 -16
leaf_value=0.0020131897274882384 0.039342446465710522 -0.03456915877925499 -0.00055805853889924766 -0.037567837762394973 0.0073306165375818513 0.028867728714490833 0.0046694946982484059 -0.033735607874194898 0.00026113505052153852 -0.0046345124414771937 0.022653819986966431 0.017581891903906938 -0.019172242865434667 -0.0095612011436154928 0.018551609881609792
leaf_weight=27.089748278260227 4.1838817000389099 4.9803139213472631 3.7396612763404846 3.3434185087680843 5.0357927680015564 7.7220079302787772 73.289301108568907 7.9665921330451948 6.4163960479199869 76.684246949851513 4.6064675226807585 4.2681487351655951 7.0242552831769016 5.0706448927521679 4.4365120381116867
leaf_count=140 20 38 18 20 26 37 376 39 35 408 21 20 37 30 23
internal_value=-2.88291e-05 -0.00264208 -0.0130317 -0.00609833 0.000875113 -6.73078e-05 0.00134976 -0.0175146 0.0163771 -5.20863e-05 0.00247327 0 -0.00224615 -0.0215877 0.00930585
internal_weight=245.857 64.5592 21.5706 16.5902 181.298 170.698 157.696 13.0024 10.6003 149.974 42.9886 38.3822 34.114 8.41406 8.17617
internal_count=1288 347 129 91 941 886 821 65 55 784 218 197 177 50 41
cat_boundaries=0 1
cat_threshold=1191723098
is_linear=0
shrinkage=0.05


Tree=136
num_leaves=17
num_cat=1
split_feature=0 0 2 2 2 0 0 2 2 12 1 1 1 1 1 2
split_gain=0.217369 2.38126 1.74653 2.35231 2.18561 1.6947 1.26373 1.65951 3.03347 1.38878 1.45228 1.27474 0.98498 2.21472 2.31976 0.949804
threshold=-0.45499999999999996 -0.30499999999999994 -0.5149999999999999 -0.37499999999999994 -0.28499999999999998 -0.82499999999999984 -1.095 -0.34499999999999992 -0.59499999999999986 0 -2.5899999999999994 -0.27499999999999997 -0.36999999999999994 -1.0000000180025095e-35 0.17000000000000001 -0.17499999999999996
decision_type=2 2 2 2 2 2 2 2 2 9 2 2 2 2 2 2
left_child=5 -2 -3 -4 -5 6 9 8 -8 15 -11 -9 -7 -14 -15 -1
right_child=1 2 3 4 -6 12 7 11 -10 10 -12 -13 13 14 -16 -17
leaf_value=0.010275895944176296 0.028109242686363646 0.02720556014013549 -0.039825064179291353 0.036980417704579729 -0.0024128269612345744 0.00075415453835006704 0 0.017870965673300147 0.056941341578766951 0.023822941093869295 -0.0074508680830253768 -0.020715285350991711 -0.04953006375923924 0.0191651485900209 -0.033445438349890465 -0.0070774006445573747
leaf_weight=35.004707291722298 7.8148859813809386 5.1854799687862387 3.9022487029433242 3.6016760542988768 70.914253033697605 6.0194358751177814 4.7648309022188187 3.8345777317881584 4.4575471207499522 3.760117106139659 69.249110961332917 4.5107042491435987 4.8228412643074998 4.1375998780131304 3.9616208896040916 9.7395616807043535
leaf_count=170 39 25 22 19 377 34 22 19 21 18 380 23 27 23 21 48
internal_value=-2.56709e-05 0.0018841 -0.00053822 -0.0024688 -0.000394763 -0.00119031 0.000739191 0.013231 0.027778 -0.00109168 -0.0050506 -0.00239155 -0.0151691 -0.0229193 -0.00605283 0.00521648
internal_weight=245.681 91.4185 83.6037 78.4182 74.5159 154.263 135.321 17.5677 9.22238 117.753 73.0092 8.34528 18.9415 12.9221 8.09922 44.7443
internal_count=1288 482 443 418 396 806 701 85 43 616 398 42 105 71 44 218
cat_boundaries=0 1
cat_threshold=2396356
is_linear=0
shrinkage=0.05


Tree=137
num_leaves=28
num_cat=2
split_feature=0 12 0 1 1 0 0 0 12 9 11 0 0 0 9 1 0 11 1 1 1 0 6 6 0 0 7
split_gain=0.211442 1.32336 1.21091 1.72324 2.87714 1.55543 1.26119 1.13412 1.03418 2.03547 2.6639 1.60876 1.3612 1.80098 1.33719 2.73137 2.51249 2.29459 1.76046 1.07333 0.967849 0.935062 2.05256 0.868686 0.627383 0.434684 0.239815
threshold=-2.1249999999999996 0 -2.8349999999999995 -0.83499999999999985 -0.65499999999999992 -2.9949999999999997 -2.4649999999999994 -2.7649999999999992 1 1.0000000180025095e-35 6.5000000000000009 0.18500000000000003 -1.4249999999999996 -0.27999999999999997 1.0000000180025095e-35 0.18500000000000003 -1.0549999999999999 6.5000000000000009 0.12500000000000003 -0.51999999999999991 0.11000000000000001 -3.1549999999999998 1.0000000180025095e-35 1.0000000180025095e-35 0.66000000000000014 -0.024999999999999998 1.0000000180025095e-35
decision_type=2 9 2 2 2 2 2 2 9 2 2 2 2 2 2 2 2 2 2 2 2 2 2 2 2 2 2
left_child=1 7 5 6 -5 23 -4 21 14 12 20 -12 19 -14 15 16 -2 24 -19 -10 -11 22 -1 -3 -16 -17 -9
right_child=8 2 3 4 -6 -7 -8 26 9 10 11 -13 13 -15 17 25 -18 18 -20 -21 -22 -23 -24 -25 -26 -27 -28
leaf_value=-0.013989759167591324 -0.016125130344717471 0.0030759113674527143 -0.057978831060349359 0.033523019129461588 -0.026410616766616386 0.026424531117447077 -0.013638689916510719 -0.017617766579641564 0.010197953698656916 -0.018887433476864755 0.024113826827688933 -0.0046914713942969076 -0.0042554255044273135 0.019001750822769059 0.0063186718157913465 -0.041846763527744482 0.011742554837331644 -0.026149659137294709 0.0038571746518395317 0.048236759732241667 0.00022700593288402465 0.033330566907323396 0.028161157895483787 -0.016751420198192257 0.022817883874545884 -0.020033694656933349 0
leaf_weight=5.5688221640884912 15.116261221468443 9.8559198193252087 3.7152365706861019 3.0783334709703913 5.239190846681594 3.9231269955635097 3.5331043805927029 3.2457497827708721 3.9436894059181213 18.044195227324966 11.340786918997766 7.9309216588735572 14.994395487010477 17.773887433111668 19.987833522260193 4.633889213204383 17.091869894415144 9.271753594279291 9.6621363088488561 4.4100377634167653 9.6224962472915632 5.1458445787429818 5.6372494176030159 11.456359140574932 8.9407048001885396 8.406514532864092 3.9111240059137335
leaf_count=28 74 54 22 18 30 18 23 22 21 101 52 39 77 91 113 24 89 48 48 21 49 22 29 60 45 49 21
internal_value=-2.23752e-05 -0.00250271 -0.00710926 -0.0198021 -0.00350032 -0.0018414 -0.037526 0.00582201 0.000831377 0.00445091 -0.00206822 0.0120384 0.0130801 0.00822684 -0.0027245 -0.0091955 -0.00119127 0.00272722 -0.0106344 0.0312036 -0.0120825 0.0156279 0.00683368 -0.00737716 0.0116512 -0.0284249 -0.00777725
internal_weight=245.481 64.3101 40.8013 15.5659 8.31752 25.2354 7.24834 23.5088 181.171 88.0604 46.9384 19.2717 41.122 32.7683 93.111 45.2485 32.2081 47.8624 18.9339 8.35373 27.6667 16.3519 11.2061 21.3123 28.9285 13.0404 7.15687
internal_count=1288 347 225 93 48 132 45 122 941 451 241 91 210 168 490 236 163 254 96 42 150 79 57 114 158 73 43
cat_boundaries=0 1 2
cat_threshold=16811152 556172496
is_linear=0
shrinkage=0.05


Tree=138
num_leaves=18
num_cat=2
split_feature=0 0 12 0 0 0 9 0 12 0 0 7 9 0 0 11 11
split_gain=0.191602 1.24139 1.1392 1.02486 2.03426 1.3885 1.31588 1.78577 1.15384 6.98637 1.72713 0.932035 1.19041 0.611996 0.838566 0.604717 0.361382
threshold=-2.1249999999999996 -2.2349999999999999 0 -1.4649999999999996 -1.325 -1.5449999999999997 1.0000000180025095e-35 -1.9099999999999997 1 -0.044999999999999991 -0.24499999999999997 1.0000000180025095e-35 1.0000000180025095e-35 -2.7649999999999992 -3.1549999999999998 4.5000000000000009 5.5000000000000009
decision_type=2 2 9 2 2 2 2 2 9 2 2 2 2 2 2 2 2
left_child=1 2 13 5 -5 6 16 -8 9 -6 -10 15 -13 14 -1 -4 -2
right_child=3 -3 11 4 8 -7 7 -9 10 -11 -12 12 -14 -15 -16 -17 -18
leaf_value=0.0064642733880498626 0.018405065664827788 -0.029798186872626271 -0.0086798292015274371 -0.025226604936993503 -0.039856039497994274 0.035090609987691826 0.011756304229495858 -0.028064564132867616 0.0094231025875576562 0.02034031536242889 -0.0025320322149814368 -0.012406951320173895 0.0070964778092154129 -0.0032881645653675103 0.031558814632592642 -0.040000221447637409 0.0012294961027751112
leaf_weight=11.222868446260694 11.485375836491594 3.787913389503955 4.2314871586859217 8.0441534817218763 10.702883016318085 4.3323940038681021 5.1950681805610657 5.6848485134541971 52.905987143516541 8.5015517473220807 69.186419516801834 15.763703715056181 15.061023581773043 5.886623039841651 5.1680201441049585 3.0373183637857437 5.066813498735427
leaf_count=57 58 22 31 37 67 21 28 31 267 50 357 84 77 35 22 19 25
internal_value=-2.20021e-05 -0.00238739 -0.000538419 0.000789231 -0.000916789 0.00894471 0.00452139 -0.00866116 0.000448691 -0.00855167 0.00241349 -0.00533931 -0.00272372 0.00678748 0.0148231 -0.022811 0.0134866
internal_weight=245.264 64.159 60.371 181.105 149.341 31.7645 27.4321 10.8799 141.297 19.2044 122.092 38.0935 30.8247 22.2775 16.3909 7.26881 16.5522
internal_count=1288 347 325 941 778 163 142 59 741 117 624 211 161 114 79 50 83
cat_boundaries=0 1 2
cat_threshold=16811152 539001864
is_linear=0
shrinkage=0.05


Tree=139
num_leaves=8
num_cat=0
split_feature=2 1 1 0 1 1 1
split_gain=0.211027 0.272891 2.63614 1.14333 0.745126 0.963156 0.732991
threshold=1.3200000000000003 1.3700000000000003 1.1350000000000002 2.3800000000000003 0.66500000000000015 0.8600000000000001 0.54500000000000015
decision_type=2 2 2 2 2 2 2
left_child=1 2 4 -3 6 -6 -1
right_child=-2 3 -4 -5 5 -7 -8
leaf_value=-0.00011109151935284137 -0.011403676556977216 0.0105270209386161 0.041660925473147224 -0.024415850784264344 -0.030402306710353478 -0.00064225213741814756 0.014110264009062332
leaf_weight=206.96894393488765 3.9184454642236224 4.0239125117659551 3.7266567051410666 4.9841624945402145 4.4686129838228208 7.6187718659639359 9.348402410745619
leaf_count=1084 22 21 19 27 30 41 44
internal_value=-2.30976e-05 0.000145758 0.000499003 -0.00831368 -0.000168653 -0.0122138 0.000486633
internal_weight=245.058 241.139 232.131 9.00808 228.405 12.0874 216.317
internal_count=1288 1266 1218 48 1199 71 1128
is_linear=0
shrinkage=0.05


Tree=140
num_leaves=15
num_cat=1
split_feature=2 2 0 2 6 2 0 0 1 1 1 12 2 1
split_gain=0.197887 2.03522 1.52978 2.13394 1.87815 1.50489 1.59053 1.47135 1.18435 1.69201 0.91038 1.85176 1.54025 0.870764
threshold=0.36500000000000005 0.46500000000000002 2.6300000000000003 0.74500000000000011 1.0000000180025095e-35 0.17500000000000002 -0.054999999999999993 0.56000000000000016 0.89000000000000012 1.1600000000000001 0.095000000000000015 0 0.015000000000000001 -0.36999999999999994
decision_type=2 2 2 2 2 2 2 2 2 2 2 9 2 2
left_child=5 -2 3 4 -3 8 -7 -8 10 -10 11 -1 -12 -5
right_child=1 2 -4 13 -6 6 7 -9 9 -11 12 -13 -14 -15
leaf_value=0.0044469046296055038 -0.026668911276965798 0.026628952486614784 0.024921132457717876 -0.036048116341837126 -0.0089119713051437344 -0.002626017847736287 0.048360483279461748 0.010036493444676173 -0.04635549162738746 0 0.011812842377799993 -0.006384063937731034 -0.021400151538576259 -0.0080534964785775841
leaf_weight=62.785527098923922 7.5058197900652877 8.5086176767945272 5.860665336251258 3.6528391465544692 6.1967480555176726 7.8818517923355129 4.4577289745211583 6.6782087162137032 3.293063946068286 4.3662324622273445 28.355286113917828 77.281993011012673 3.7948543950915328 14.397801633924248
leaf_count=323 40 41 28 23 32 39 20 30 21 25 141 425 21 79
internal_value=-2.36403e-05 -0.00299013 0.00154011 -0.00255414 0.0113555 0.000640301 0.0139913 0.0261165 -0.000750465 -0.0198622 8.1536e-05 -0.00163188 0.00768329 -0.0141615
internal_weight=245.017 46.1225 38.6167 32.756 14.7054 198.895 19.0178 11.1359 179.877 7.6593 172.218 140.068 32.1501 18.0506
internal_count=1288 243 203 175 73 1045 89 50 956 46 910 748 162 102
cat_boundaries=0 1
cat_threshold=34112724
is_linear=0
shrinkage=0.05


Tree=141
num_leaves=17
num_cat=2
split_feature=1 1 12 0 11 11 12 0 0 1 0 0 0 11 0 0
split_gain=0.201811 2.95972 2.58305 2.88538 2.6252 1.86252 1.61816 2.03669 1.40132 1.29465 2.31635 1.81311 3.19157 1.35472 1.19273 0.574667
threshold=-0.20499999999999999 -0.14499999999999999 0 0.16500000000000004 3.5000000000000004 3.5000000000000004 1 1.5050000000000001 2.8300000000000005 -1.5849999999999997 -3.5649999999999995 -2.1249999999999996 -1.4649999999999996 6.5000000000000009 -3.8249999999999997 -1.0549999999999999
decision_type=2 2 9 2 2 2 9 2 2 2 2 2 2 2 2 2
left_child=2 15 3 4 -1 -3 7 -7 -8 10 -4 13 -13 -11 -6 -2
right_child=1 5 9 -5 14 6 8 -9 -10 11 -12 12 -14 -15 -16 -17
leaf_value=-0.030442639039557209 -0.011332278897739901 0.034536788763749139 -0.011618730242760892 0.046846856135389955 0.028254806612224372 -0.01491721290928162 0.0064936255743415303 0.012352268125833721 -0.022019378158093482 -0.034216904835202573 0.031081333942005164 0.021211583355599195 -0.016602333735014744 -0.0011784389698960571 0.0056032064726658885 -0.044316728334521854
leaf_weight=4.6140195541083804 2.6825683750212193 3.7689074501395217 7.3770109042525291 4.4208102375268927 6.586088389158248 33.288106597959995 62.702856134623289 8.3337196335196477 4.4653555750846854 11.469478938728569 5.3261833041906339 8.4727116748690587 15.707828976213937 4.6869836300611487 56.591054636985064 4.347368821501731
leaf_count=27 16 23 39 20 32 172 322 43 23 78 28 46 91 25 277 26
internal_value=-2.89498e-05 -0.00151723 0.00135223 0.00704447 0.00534766 0.000417452 -0.000749288 -0.00751872 0.00391224 -0.00641967 0.00599691 -0.0120464 -0.00311385 -0.0250062 0.00808453 -0.0327669
internal_weight=244.841 119.589 125.252 72.212 67.7912 112.559 108.79 41.6218 67.1682 53.0402 12.7032 40.337 24.1805 16.1565 63.1771 7.02994
internal_count=1288 625 663 356 336 583 560 215 345 307 67 240 137 103 309 42
cat_boundaries=0 1 2
cat_threshold=951508 17596420
is_linear=0
shrinkage=0.05


Tree=142
num_leaves=8
num_cat=0
split_feature=2 1 1 2 1 1 1
split_gain=0.202633 0.258975 2.3148 1.08223 0.633573 0.960858 0.63638
threshold=1.3200000000000003 1.3700000000000003 1.1350000000000002 0.26500000000000007 0.66500000000000015 0.8600000000000001 0.54500000000000015
decision_type=2 2 2 2 2 2 2
left_child=1 2 4 -3 6 -6 -1
right_child=-2 3 -4 -5 5 -7 -8
leaf_value=-0.00010778068540295901 -0.01120688741470542 -0.027887418601264591 0.038783672646817396 0.006257002926164934 -0.029593597888228396 0 0.013121673954725844
leaf_weight=206.59220083616674 3.9003771319985381 3.887132599949835 3.7793348953127852 5.0911028683185577 4.4075005464255792 7.5280396714806557 9.3796718418598157
leaf_count=1084 22 22 19 26 30 41 44
internal_value=-3.00728e-05 0.000134878 0.000479683 -0.00811943 -0.000150305 -0.0113316 0.000449442
internal_weight=244.565 240.665 231.687 8.97824 227.907 11.9355 215.972
internal_count=1288 1266 1218 48 1199 71 1128
is_linear=0
shrinkage=0.05


Tree=143
num_leaves=7
num_cat=0
split_feature=1 1 0 2 1 2
split_gain=0.21073 1.07128 1.09344 1.72954 0.651414 0.624806
threshold=1.7300000000000002 1.3700000000000003 2.0450000000000004 0.74500000000000011 -0.36999999999999994 0.14500000000000005
decision_type=2 2 2 2 2 2
left_child=1 2 3 5 -5 -1
right_child=-2 -3 -4 4 -6 -7
leaf_value=-0.00049774198254437518 0.0085832076228036219 -0.026843697249588572 0.024331075367545668 -0.035362119539911557 -0.010037578065654888 0.0063402889963655104
leaf_weight=173.09471833519638 6.7641757875680915 3.6428776681423178 4.4723075702786437 3.6096319518983373 11.896329212933775 41.027848653495312
leaf_count=922 34 21 21 23 66 201
internal_value=-3.00286e-05 -0.000299616 0.000103376 -0.00035711 -0.0164421 0.000791495
internal_weight=244.508 237.744 234.101 229.629 15.506 214.123
internal_count=1288 1254 1233 1212 89 1123
is_linear=0
shrinkage=0.05


Tree=144
num_leaves=19
num_cat=2
split_feature=2 12 2 0 2 1 1 2 12 0 0 1 11 0 1 1 2 0
split_gain=0.208143 1.6986 3.56649 1.48834 1.54301 1.31404 2.23931 1.72819 1.28689 1.85386 3.27811 1.52625 1.27078 2.17582 2.11416 1.51578 0.815025 0.602986
threshold=-0.40499999999999997 0 -0.47499999999999992 -0.48499999999999993 -0.55499999999999994 0.080000000000000016 -0.27499999999999997 -0.67499999999999993 1 2.3250000000000006 1.155 0.53000000000000014 5.5000000000000009 1.2100000000000002 0.17000000000000001 0.15500000000000003 -0.105 0.075000000000000025
decision_type=2 9 2 2 2 2 2 2 9 2 2 2 2 2 2 2 2 2
left_child=1 5 3 4 -3 6 7 -1 9 10 11 -2 13 15 17 -10 -16 -14
right_child=8 2 -4 -5 -6 -7 -8 -9 12 -11 -12 -13 14 -15 16 -17 -18 -19
leaf_value=-0.0051734948969361198 0.0031717557027039277 0.0025595153708474912 0.042469763650772256 0.02406124956916126 -0.023216027336490114 -0.038987790500484884 0.020425699576464458 -0.045154662714317173 -0.0139507796712455 0.032884236473087712 -0.029747512468037807 0.032534563767506318 0.005865422652247901 0.015137572755727413 -0.032168374636180878 -0.049743545958356256 -0.006212747917650527 0.027052312620721986
leaf_weight=9.523707542568447 46.148685809224844 64.5079281385988 5.9369701892137519 7.1344632953405371 6.2757236324250689 3.7777920812368384 5.313048981130124 3.9062803983688363 26.339197754859928 5.1067994162440291 7.1519194841384879 4.885581921786069 16.952181901782755 5.5220294818282118 4.0967769920825985 3.4462927877902976 13.932603120803831 4.4902733340859404
leaf_count=51 227 340 28 36 36 21 26 20 156 25 37 23 91 30 22 24 73 22
internal_value=-2.96706e-05 0.00161063 0.00481938 0.00245348 0.000174173 -0.00847041 -0.00637504 -0.0174199 -0.00132985 0.00367049 0.00159844 0.00613861 -0.00539751 -0.0129958 0 -0.018412 -0.0125313 0.0106393
internal_weight=244.448 106.376 83.8551 77.9181 70.7837 22.5208 18.743 13.43 138.072 63.293 58.1862 51.0343 74.7794 35.3075 39.4718 29.7855 18.0294 21.4425
internal_count=1288 558 440 412 376 118 97 71 730 312 287 250 418 210 208 180 95 113
cat_boundaries=0 1 2
cat_threshold=33559640 2643032
is_linear=0
shrinkage=0.05


Tree=145
num_leaves=21
num_cat=2
split_feature=1 1 12 2 1 2 2 7 12 9 7 1 1 2 2 9 2 9 6 2
split_gain=0.206568 2.76122 2.34168 2.00393 1.95901 2.53641 1.85602 2.20999 1.70263 1.4861 8.21943 3.00858 1.22996 2.21476 1.1605 2.53986 1.5445 0.693062 0.629837 0.177234
threshold=-0.20499999999999999 -0.14499999999999999 0 -1.6049999999999998 -0.44499999999999995 -0.48499999999999993 0.32500000000000007 1.0000000180025095e-35 1 1.0000000180025095e-35 1.0000000180025095e-35 0.03500000000000001 -1.0000000180025095e-35 -0.84499999999999986 -0.68499999999999994 1.0000000180025095e-35 -1.095 1.0000000180025095e-35 1.0000000180025095e-35 0.115
decision_type=2 2 9 2 2 2 2 2 9 2 2 2 2 2 2 2 2 2 2 2
left_child=2 18 4 -4 6 -6 7 -1 12 10 -10 -11 17 -14 16 -16 -5 -3 -2 -7
right_child=1 8 3 14 5 19 -8 -9 9 11 -12 -13 13 -15 15 -17 -18 -19 -20 -21
leaf_value=-0.011969070337711349 -0.048419860524359933 -0.0052688017464968106 -0.061478612317241027 -0.0090979140540258206 -0.0021459067049888806 0.049377042336856435 -0.019961490910352774 0.012673925775014909 0.047389710902181414 -0.0097889872823001683 -0.018325065718987666 0.022641643836745416 -0.049071687571404954 -0.0069978822388983954 0.00011721249004464905 -0.029552709700375303 0.017169776680310445 0.02043498682743761 -0.015001984539034747 0.02835489405370873
leaf_weight=11.555979017168282 3.2696868143975726 4.3797629177570325 1.5662205256521691 11.624054305255415 5.315345734357833 4.7413417100906354 7.1651787124574176 39.220663081854582 6.1575468853116062 9.7189567722380144 19.66556166857481 24.786810718476772 3.3796729594469062 38.740859892219305 17.213098272681236 11.916542392224075 10.441690441220997 5.5576197281479836 3.6673892214894295 4.1751745864748955
leaf_count=64 22 21 12 67 26 21 37 187 33 52 104 121 18 206 99 72 57 28 20 21
internal_value=-2.9696e-05 -0.00153676 0.00136977 -0.00606403 0.00677573 0.0243271 0.00351147 0.00695478 0.000321389 0.00563262 -0.00234007 0.0133608 -0.00572006 -0.0106005 -0.00533689 -0.0119089 0.00312798 0.00866863 -0.0319278 0.0405116
internal_weight=244.259 119.324 124.935 52.7616 72.1737 14.2319 57.9418 50.7766 112.387 60.3289 25.8231 34.5058 52.0579 42.1205 51.1954 29.1296 22.0657 9.93738 6.93708 8.91652
internal_count=1288 625 663 307 356 68 288 251 583 310 137 173 273 224 295 171 124 49 42 42
cat_boundaries=0 1 2
cat_threshold=951508 17596436
is_linear=0
shrinkage=0.05


Tree=146
num_leaves=9
num_cat=0
split_feature=2 1 2 1 1 2 4 6
split_gain=0.201429 0.6774 0.426717 0.5588 1.33037 0.867923 0.8403 0.504865
threshold=1.0350000000000004 0.36500000000000005 0.80500000000000016 1.0700000000000003 0.8600000000000001 0.70500000000000007 1.0000000180025095e-35 1.0000000180025095e-35
decision_type=2 2 2 2 2 2 2 2
left_child=2 -2 3 4 5 -1 -5 -4
right_child=1 -3 7 6 -6 -7 -8 -9
leaf_value=0.00017821628242765941 -0.024339693784686665 0.0017277039625889783 0 0.0055740283231488609 0.024781680983623072 -0.024374128389847278 -0.022282848905781416 0.023645040332444613
leaf_weight=205.30167621001601 3.5500725246965867 6.8747549206018448 4.5396916568279249 4.0750297307968122 5.3496475070714942 3.5595347210764876 6.6297903507947922 4.0817546397447586
leaf_count=1077 25 36 22 21 28 21 38 20
internal_value=-3.75127e-05 -0.00682114 0.00024669 -0.000152113 0.000384765 -0.000227755 -0.0112623 0.0111064
internal_weight=243.962 10.4248 233.537 224.916 214.211 208.861 10.7048 8.62145
internal_count=1288 61 1227 1185 1126 1098 59 42
is_linear=0
shrinkage=0.05


Tree=147
num_leaves=10
num_cat=0
split_feature=2 2 1 1 2 2 0 0 1
split_gain=0.194045 0.240766 2.78425 2.50015 1.73524 1.40712 0.969136 1.85526 0.970246
threshold=1.3200000000000003 0.14500000000000005 -1.4649999999999996 -0.95499999999999985 0.19500000000000003 0.10500000000000002 0.23500000000000001 0.66000000000000014 0.095000000000000015
decision_type=2 2 2 2 2 2 2 2 2
left_child=1 5 -3 -4 -5 6 8 -8 -1
right_child=-2 2 3 4 -6 -7 7 -9 -10
leaf_value=-0.00086225543423041674 -0.011015591306803485 -0.043929298795025572 0.044068365117911276 0.031083124058198228 -0.00010886262984518769 -0.03017300770661396 -0.040152626804319594 0.00074066088635788441 0.0094172105997865681
leaf_weight=132.93655282817781 3.8683233968913546 2.9222740009427062 3.7781430408358565 4.7390185818076125 52.889707166701555 3.8887034319341174 4.2020546272397024 7.1515280678868294 27.520223658531904
leaf_count=711 22 14 17 24 272 26 26 41 135
internal_value=-3.38457e-05 0.000126829 0.00275931 0.00513027 0.00241896 -0.00080959 -9.87369e-05 -0.0141762 0.000874419
internal_weight=243.897 240.028 64.3291 61.4069 57.6287 175.699 171.81 11.3536 160.457
internal_count=1288 1266 327 313 296 939 913 67 846
is_linear=0
shrinkage=0.05


Tree=148
num_leaves=18
num_cat=2
split_feature=1 1 12 11 11 1 1 12 0 9 1 1 1 1 11 6 1
split_gain=0.195805 2.54138 2.21303 1.75622 1.5718 1.44871 1.66141 1.36217 1.8529 1.55361 1.10004 1.39839 2.23542 0.924259 0.61319 0.593662 0.294407
threshold=-0.20499999999999999 -0.14499999999999999 0 3.5000000000000004 3.5000000000000004 -0.44499999999999995 -0.81999999999999995 1 1.5050000000000001 1.0000000180025095e-35 -2.0799999999999996 -0.81999999999999995 -0.68499999999999994 -0.35499999999999993 6.5000000000000009 1.0000000180025095e-35 -1.2999999999999998
decision_type=2 2 9 2 2 2 2 9 2 2 2 2 2 2 2 2 2
left_child=2 15 3 16 -3 6 -5 8 -6 -9 -4 14 -13 -7 -12 -2 -1
right_child=1 4 10 5 7 13 -8 9 -10 -11 11 12 -14 -15 -16 -17 -18
leaf_value=-0.02636472414253746 -0.047219412125009151 0.031259272829587702 0.014113785101104554 0.011151431512121626 -0.014120744613815205 0.041491787431442495 -0.0068136859357003062 -0.0047859289767549973 0.011921210281849899 0.010521510713182133 -0.027795233087784484 0.030096669009499574 -0.010440048681204954 0.013094576790332392 -0.0054705989055808752 -0.014435367071140334 -0.004714057345484207
leaf_weight=3.6023755073547363 3.1828261241316786 3.8550179079174987 4.552794285118579 41.268188636749983 32.990383341908455 4.892762664705514 18.237845320254564 28.303271427750587 8.320126108825205 38.769364189356565 12.445248771458866 4.0843447372317341 17.635660149157047 8.9986964687705022 4.9537886381149283 3.6418048888444901 4.0151783376932135
leaf_count=21 22 23 22 199 172 23 93 150 43 195 88 24 100 44 28 20 21
internal_value=-3.48446e-05 -0.00150425 0.0013283 0.00593379 0.000265062 0.00908423 0.00555927 -0.000819061 -0.00703908 0.0034731 -0.00687912 -0.0112336 -0.00248517 0.0236789 -0.0217924 -0.0309081 -0.0158096
internal_weight=243.75 119.063 124.687 81.015 112.238 73.3975 59.506 108.383 41.3105 67.0726 43.6718 39.119 21.72 13.8915 17.399 6.82463 7.61755
internal_count=1288 625 663 401 583 359 292 560 215 345 262 240 124 67 116 42 42
cat_boundaries=0 1 2
cat_threshold=17597652 17596420
is_linear=0
shrinkage=0.05


Tree=149
num_leaves=13
num_cat=0
split_feature=0 0 2 2 0 1 0 1 2 2 2 1
split_gain=0.199194 2.41495 1.85461 1.29244 2.63189 1.89795 1.84657 3.65521 1.14723 1.17157 0.879291 0.506143
threshold=0.80500000000000016 0.71000000000000008 0.74500000000000011 0.65500000000000014 2.6300000000000003 0.66500000000000015 1.9550000000000003 0.62000000000000011 0.46500000000000002 0.35500000000000004 0.56500000000000006 -0.084999999999999978
decision_type=2 2 2 2 2 2 2 2 2 2 2 2
left_child=1 2 8 6 5 -5 7 -2 9 -1 -10 -4
right_child=3 -3 11 4 -6 -7 -8 -9 10 -11 -12 -13
leaf_value=0.00054960487464003171 -0.032820227713410817 0.037272198102466611 -0.011145757781339397 0.011158766911081613 0.036023923562033572 -0.029941298157795306 -0.038010164469160758 0.021234841338831616 0.034746224737156425 -0.022696757380459308 0.0021002142596865435 -0.03906976121452567
leaf_weight=183.23943196423352 5.4619913473725337 4.2774787396192542 4.6549830101430416 6.0424303859472293 5.0652451217174521 4.9434334337711334 5.1385994851589194 7.0043847113847733 4.1555469781160337 5.4826600439846507 4.7158660814166069 3.3251056447625151
leaf_count=970 28 19 30 30 23 28 29 37 19 30 25 20
internal_value=-3.62106e-05 0.0005162 -0.000242041 -0.00362003 0.00641488 -0.00698773 -0.0130362 -0.00212355 0.000693166 -0.000110919 0.0181664 -0.0237393
internal_weight=243.507 209.851 205.574 33.6561 16.0511 10.9859 17.605 12.4664 197.594 188.722 8.87141 7.98009
internal_count=1288 1113 1094 175 81 58 94 65 1044 1000 44 50
is_linear=0
shrinkage=0.05


Tree=150
num_leaves=8
num_cat=0
split_feature=0 0 0 2 2 11 2
split_gain=0.233978 0.451247 2.18614 2.05788 0.551448 2.03442 1.14222
threshold=-5.2349999999999994 -4.004999999999999 -3.8249999999999997 -1.2149999999999996 -0.95499999999999985 6.5000000000000009 -0.40499999999999997
decision_type=2 2 2 2 2 2 2
left_child=-1 3 -3 -2 5 -4 -6
right_child=1 2 4 -5 6 -7 -8
leaf_value=0.013593849056102145 -0.042470813953277509 0.042902179385917824 -0.013606983296802766 0.0082484866752743965 0.0066671577595029691 0.011882815573430162 -0.0017770461761526927
leaf_weight=2.997566230595111 3.2001184225082397 2.8543311432003966 26.148237202316523 4.7173439636826506 56.432131465524435 10.878254078328608 136.11733471602201
leaf_count=15 20 15 146 22 294 52 724
internal_value=-3.46297e-05 -0.000230979 0.000150022 -0.0119019 -0.000378196 -0.00597166 0.000673992
internal_weight=243.345 240.348 232.43 7.91746 229.576 37.0265 192.549
internal_count=1288 1273 1231 42 1216 198 1018
is_linear=0
shrinkage=0.05


Tree=151
num_leaves=13
num_cat=1
split_feature=2 12 1 0 1 4 0 2 0 1 2 1
split_gain=0.218099 0.403582 1.81705 4.36399 3.14918 3.00531 1.32989 1.17516 2.3502 2.17282 0.916429 0.696114
threshold=1.3200000000000003 0 -0.039999999999999994 0.075000000000000025 0.18500000000000003 1.0000000180025095e-35 -0.66499999999999992 0.66500000000000015 1.9350000000000003 -0.14499999999999999 0.89500000000000013 1.1150000000000004
decision_type=2 9 2 2 2 2 2 2 2 2 2 2
left_child=1 2 3 6 -4 -6 -1 8 11 -9 -11 -3
right_child=-2 7 4 -5 5 -7 -8 9 -10 10 -12 -13
leaf_value=0.00074655640287578406 -0.011665765821787716 0.00065261830917780509 -0.045589867831990101 0.052512582261045299 -0.032069117704289656 0.014687090549150052 -0.027193190811551138 -0.020423991360231555 -0.034395599176310396 0.040780627591889995 0.011648519278238543 0.021745008220447389
leaf_weight=32.890832893550396 3.8724814914166918 153.14364020526409 6.0833854116499451 3.84328719228506 5.3756855949759457 9.0448067188262939 4.744970876723527 3.2844783142209062 4.6691922768950453 5.0788652524352038 7.3132563307881355 3.9432190954685202
leaf_count=180 22 796 34 20 30 45 32 19 27 24 39 20
internal_value=-2.98436e-05 0.000142281 -0.00302759 0.00240389 -0.0156859 -0.00249921 -0.0027062 0.00137212 0.000147602 0.0144788 0.0242193 0.00122739
internal_weight=243.288 239.416 61.983 41.4791 20.5039 14.4205 37.6358 177.433 161.756 15.6766 12.3921 157.087
internal_count=1288 1266 341 232 109 75 212 925 843 82 63 816
cat_boundaries=0 1
cat_threshold=1678377992
is_linear=0
shrinkage=0.05


Tree=152
num_leaves=13
num_cat=1
split_feature=2 2 2 1 1 12 2 1 1 1 1 2
split_gain=0.20538 0.293429 1.62585 1.52995 1.23664 0.96933 2.2962 3.24916 1.55037 1.05488 2.47052 1.07122
threshold=-1.7599999999999998 -0.97499999999999987 -1.0449999999999997 -1.8699999999999999 -0.7599999999999999 0 -0.68499999999999994 -0.11499999999999998 -1.845 0.095000000000000015 0.45500000000000007 0.045000000000000005
decision_type=2 2 2 2 2 9 2 2 2 2 2 2
left_child=-1 2 3 -2 -5 6 7 -3 -8 11 -11 -7
right_child=1 5 -4 4 -6 9 8 -9 -10 10 -12 -13
leaf_value=0.011249413809678699 -0.026487709648776447 0.040365655514713106 -0.027090264751025269 0.017581076831321485 -0.0032690947035755656 -0.010575306257464492 0.032928042747385006 -0.010308905063957716 -0.00039033831960201022 0.019912888809690794 -0.0072792077011091406 0.0018659477674187409
leaf_weight=3.8535661473870269 4.537882797420024 9.2048621214926225 6.378550596535205 11.101362679153679 18.661128859966997 48.267579849809408 3.5538072511553755 4.5339131429791442 73.589216252788901 14.620025042444466 18.902076352387667 25.939064305275679
leaf_count=23 23 46 33 61 100 264 17 22 376 74 104 145
internal_value=-2.88523e-05 -0.00023599 -0.0041137 8.00345e-05 0.00437338 0.000534743 0.00410347 0.0233277 0.00112048 -0.00257252 0.00445535 -0.0061625
internal_weight=243.143 239.289 40.6789 34.3004 29.7625 198.611 90.8818 13.7388 77.143 107.729 33.5221 74.2066
internal_count=1288 1265 217 184 161 1048 461 68 393 587 178 409
cat_boundaries=0 1
cat_threshold=117444830
is_linear=0
shrinkage=0.05


Tree=153
num_leaves=7
num_cat=0
split_feature=0 0 0 2 0 0
split_gain=0.210049 0.397051 1.93828 1.86473 0.482192 1.06685
threshold=-5.2349999999999994 -4.004999999999999 -3.8249999999999997 -1.2149999999999996 -3.5649999999999995 -3.3749999999999996
decision_type=2 2 2 2 2 2
left_child=-1 3 -3 -2 -4 -6
right_child=1 2 4 -5 5 -7
leaf_value=0.012897082222950504 -0.040476180965298751 0.04028106177370281 -0.015435313162522033 0.0078814276276386042 0.027077524390676566 -0.00044718917094612143
leaf_weight=2.9915355145931235 3.1722630485892296 2.8712995648384085 5.0823850966989985 4.7276206463575354 3.4774763509631148 220.69438728876412
leaf_count=15 20 15 30 22 19 1167
internal_value=-2.75615e-05 -0.000214773 0.000141361 -0.0111752 -0.000356912 0
internal_weight=243.017 240.025 232.126 7.89988 229.254 224.172
internal_count=1288 1273 1231 42 1216 1186
is_linear=0
shrinkage=0.05


Tree=154
num_leaves=15
num_cat=1
split_feature=2 12 1 1 2 9 1 2 2 1 2 2 2 1
split_gain=0.197593 0.361173 1.66876 2.93903 2.7831 1.49856 2.16886 1.51065 1.05926 1.65021 0.957742 1.51074 1.25037 0.361651
threshold=1.3200000000000003 0 -0.039999999999999994 0.18500000000000003 0.35500000000000004 1.0000000180025095e-35 -0.83499999999999985 -0.46499999999999991 0.66500000000000015 -0.11499999999999998 0.37500000000000006 0.46500000000000002 0.17500000000000002 0.66500000000000015
decision_type=2 9 2 2 2 2 2 2 2 2 2 2 2 2
left_child=1 2 5 -4 -5 6 -1 -7 10 -10 12 -12 -3 -11
right_child=-2 8 3 4 -6 7 -8 -9 9 13 11 -13 -14 -15
leaf_value=-0.0067895572818119157 -0.011125030636170033 -0.000172681918804732 -0.044296940398075468 0.011563658906579965 -0.036045461745096277 -0.025483997249623771 0.024624834793373244 0.0028599908184453776 -0.013902115628653944 0.031996858623050461 -0.03706286286779633 -0.0010906949592885881 0.014801158539318135 0.012247496260956697
leaf_weight=9.1503263264894503 3.8550985492765895 131.86068502254784 5.9635423049330738 10.12157568335533 4.265043891966342 7.301486577838662 12.825695380568503 12.139473039656876 3.8005428053438672 6.1220313459634745 4.1846207343041888 10.151724949479101 15.412274077534674 5.8109290674328804
leaf_count=51 22 698 34 52 23 44 70 67 22 29 23 50 72 31
internal_value=-2.37839e-05 0.000138872 -0.00286452 -0.0150482 -0.00235674 0.00233333 0.0113466 -0.00760529 0.00130218 0.0137211 0.000134999 -0.0121209 0.0013694 0.0229769
internal_weight=242.965 239.11 61.7671 20.3502 14.3866 41.417 21.976 19.441 177.343 15.7335 161.609 14.3363 147.273 11.933
internal_count=1288 1266 341 109 75 232 121 111 925 82 843 73 770 60
cat_boundaries=0 1
cat_threshold=1678377992
is_linear=0
shrinkage=0.05


Tree=155
num_leaves=18
num_cat=2
split_feature=2 0 5 12 1 0 0 1 2 1 1 2 1 0 0 12 0
split_gain=0.203273 1.19859 0.520186 0.474126 2.27194 2.97152 2.26344 2.80617 2.03859 1.61246 1.70487 3.15795 1.59447 1.20823 4.67298 1.19796 1.09408
threshold=1.0350000000000004 2.5450000000000004 1.0000000180025095e-35 0 -0.11499999999999998 -1.2149999999999996 -1.4149999999999998 0.11000000000000001 0.43500000000000005 -0.054999999999999993 0.17000000000000001 0.03500000000000001 0.29000000000000009 -1.0049999999999997 -0.48499999999999993 1 -2.9649999999999994
decision_type=2 2 2 9 2 2 2 2 2 2 2 2 2 2 2 9 2
left_child=3 2 -2 4 5 16 -6 -8 -7 13 11 -11 -12 15 -15 -5 -1
right_child=1 -3 -4 9 6 8 7 -9 -10 10 12 -13 -14 14 -16 -17 -18
leaf_value=0.008355709914564741 -0.0049553612032770082 0.015714114561828838 -0.034520395021250191 0.0055602527361646335 0.022762591470781163 0.028126909359569442 -0.038835059321591002 -0.0070273534833342824 -0.010286270164825778 0.0066685924375658942 -0.019163727929363099 0.050997668491577969 0.0079324748279280769 -0.037141340702966999 0.013580923618926797 -0.0063688095442866605 -0.01059711933704747
leaf_weight=10.762195255607365 3.7523834779858571 3.5400574579834938 3.0857750400900841 43.750083658844233 4.1151024848222724 15.369420416653158 9.5518680661916715 26.910917449742556 4.1703454777598372 12.891079396009447 6.7291545644402495 5.9914493411779395 25.705518744885921 9.6065060496330279 8.2730822339653951 24.62358620390296 24.036782648414373
leaf_count=59 24 17 20 218 19 80 57 144 24 66 34 31 130 51 41 139 134
internal_value=-2.80538e-05 -0.00685841 -0.0193227 0.000258173 -0.00230951 0.00406259 -0.0115222 -0.0155799 0.0196632 0.00208292 0.00925977 0.0211922 0.00211558 -0.00189369 -0.0134485 0.00107008 -0.00458521
internal_weight=242.865 10.3782 6.83816 232.487 94.9166 54.3387 40.5779 36.4628 19.5398 137.57 51.3172 18.8825 32.4347 86.2533 17.8796 68.3737 34.799
internal_count=1288 61 44 1227 517 297 220 201 104 710 261 97 164 449 92 357 193
cat_boundaries=0 1 2
cat_threshold=1680475222 17076352
is_linear=0
shrinkage=0.05


Tree=156
num_leaves=6
num_cat=0
split_feature=0 0 0 0 0
split_gain=0.193364 0.347125 1.72938 0.447446 0.956037
threshold=-5.2349999999999994 -4.004999999999999 -3.8249999999999997 -3.5649999999999995 -3.3749999999999996
decision_type=2 2 2 2 2
left_child=-1 -2 -3 -4 -5
right_child=1 2 3 4 -6
leaf_value=0.01237285912941161 -0.010483274205852579 0.037922114831926743 -0.014909883488574908 0.025565842731062233 -0.00043261427082186922
leaf_weight=2.989591307938098 7.862760752439498 2.8890947774052611 5.058922514319419 3.4936212971806517 220.34971258416772
leaf_count=15 42 15 30 19 1167
internal_value=-3.01165e-05 -0.00021079 0.000120479 -0.000351152 0
internal_weight=242.644 239.654 231.791 228.902 223.843
internal_count=1288 1273 1231 1216 1186
is_linear=0
shrinkage=0.05


Tree=157
num_leaves=10
num_cat=0
split_feature=3 1 1 0 0 1 0 0 0
split_gain=0.189372 0.725816 0.726597 1.10194 0.883063 0.538564 0.727724 1.11167 1.03284
threshold=1.0000000180025095e-35 -1.2999999999999998 -0.23499999999999996 -0.074999999999999997 -1.1849999999999998 -2.5899999999999994 -3.9549999999999996 -3.7149999999999994 -3.4999999999999996
decision_type=2 2 2 2 2 2 2 2 2
left_child=1 -1 4 -4 -3 -2 -7 -8 -9
right_child=5 2 3 -5 -6 6 7 8 -10
leaf_value=-0.025898928120594179 0.018276565349255997 0.023745467094013165 -0.030513634883481855 0.00839107313290814 -0.0078734298405463681 -0.015542871434446829 0.029192112786927144 -0.027564280030151902 0.00053969190490478773
leaf_weight=3.2691225018352297 4.0154548883438101 4.7756543084979057 3.7355994414538145 3.1107286773622009 3.651226531714201 7.1633970886468878 3.2358433976769438 3.2206827476620665 206.42720582708716
leaf_count=32 18 30 39 22 22 36 16 19 1054
internal_value=-2.67079e-05 -0.00488746 0 -0.0122506 0.00952748 0.00035524 0 0.000550789 7.11751e-05
internal_weight=242.605 18.5423 15.2732 6.84633 8.42688 224.063 220.047 212.884 209.648
internal_count=1288 145 113 61 52 1143 1125 1089 1073
is_linear=0
shrinkage=0.05


Tree=158
num_leaves=10
num_cat=0
split_feature=2 0 2 3 0 2 0 2 2
split_gain=0.189258 1.22714 0.527539 0.382253 1.40164 1.09393 0.875199 0.493935 0.92891
threshold=-1.5349999999999999 -4.004999999999999 -1.4249999999999996 1.0000000180025095e-35 -1.5049999999999997 -0.77499999999999991 -1.0249999999999997 -1.2549999999999997 -1.1849999999999998
decision_type=2 2 2 2 2 2 2 2 2
left_child=1 -1 -2 4 5 -4 -6 -5 -9
right_child=2 -3 3 7 6 -7 -8 8 -10
leaf_value=-0.017778711258597587 -0.016332040394550325 0.020300301360057615 -0.05574391718947095 0.013006856382805493 0.025658044794814872 -0.0086766495571994808 -0.005301859341563857 -0.020856967409513455 0.00067794003190005305
leaf_weight=3.021692018955946 4.9354464113712302 6.0396071691066009 2.0669827274978161 7.6458175964653483 3.0218611583113679 3.7343352902680662 7.9709899388253662 5.0339407175779334 199.02108341827989
leaf_count=19 29 35 16 39 21 34 61 26 1008
internal_value=-2.55414e-05 0.00700078 -0.00032258 8.34125e-06 -0.00720697 -0.0269542 0.00291265 0.000607469 0.000112237
internal_weight=242.492 9.0613 233.43 228.495 16.7942 5.80132 10.9929 211.701 204.055
internal_count=1288 54 1234 1205 132 50 82 1073 1034
is_linear=0
shrinkage=0.05


Tree=159
num_leaves=20
num_cat=3
split_feature=2 12 2 2 1 12 0 0 1 0 1 12 2 2 1 4 0 0 1
split_gain=0.192009 1.45553 2.73141 1.45412 1.44023 1.36272 1.71507 2.7933 1.26489 1.20539 1.02402 0.974463 0.942569 2.21812 3.08542 1.62323 3.00607 2.37363 0.677391
threshold=-0.40499999999999997 0 -0.47499999999999992 -0.66499999999999992 -0.12999999999999998 1 2.3250000000000006 1.155 0.53000000000000014 -0.48499999999999993 -1.1949999999999996 2 0.17500000000000002 0.37500000000000006 0.59000000000000008 1.0000000180025095e-35 -0.30499999999999994 -2.9249999999999994 0.080000000000000016
decision_type=2 9 2 2 2 9 2 2 2 2 2 9 2 2 2 2 2 2 2
left_child=1 3 9 4 10 6 7 8 -2 11 -1 -3 15 18 -15 17 -17 -7 -14
right_child=5 2 -4 -5 -6 12 -8 -9 -10 -11 -12 -13 13 14 -16 16 -18 -19 -20
leaf_value=-0.014155816274096136 0.0033468586467222056 -0.0067248249896455078 0.036805877657012959 -0.03282297347887525 -0.028673760343185129 0.030134947563096339 0.032193819023907687 -0.027490577988286215 0.030035099985712667 0.021591200482218402 0.017739578675434485 0.0040602102575072697 0.02572601235303687 -0.023609645125169339 0.012495781646211231 0.02087912047051824 -0.024631790849801743 -0.02515031354704314 0.00048258151857583738
leaf_weight=3.6915912330150604 45.680666778236628 22.155990783125162 6.1465699672698966 5.9587126225233069 3.9720981940627107 1.9749071747064579 5.0539108589291564 6.9282835945487014 4.9270437769591799 7.2750430628657332 6.8905928060412407 49.536945613101125 7.6758420318365079 14.799972809851171 9.5372100919485074 8.307812847197054 6.266531564295291 20.968791052699093 4.6714005321264267
leaf_count=20 227 117 29 30 22 10 25 37 23 37 33 270 38 89 50 44 38 126 23
internal_value=-2.7399e-05 0.0015519 0.00440447 -0.00817595 -0.00316803 -0.00128366 0.00387842 0.00192584 0.00609787 0.00233291 0.00611646 0.00028168 -0.00548792 -0.000380993 -0.00926288 -0.011793 0.000935555 -0.0200645 0.0166578
internal_weight=242.42 105.628 85.1145 20.513 14.5543 136.792 62.5899 57.536 50.6077 78.968 10.5822 71.6929 74.2025 36.6844 24.3372 37.518 14.5743 22.9437 12.3472
internal_count=1288 558 453 105 75 730 312 287 250 424 53 387 418 200 139 218 82 136 61
cat_boundaries=0 1 2 3
cat_threshold=5208 2643032 67649536
is_linear=0
shrinkage=0.05


Tree=160
num_leaves=14
num_cat=1
split_feature=1 1 1 1 1 2 2 1 2 12 7 1 1
split_gain=0.212187 1.3073 0.595189 1.86959 1.69094 1.52459 1.76125 1.32925 2.91957 0.935843 0.54593 1.18063 1.5796
threshold=0.66500000000000015 0.79500000000000015 0.29000000000000009 0.20500000000000004 0.33500000000000008 0.59500000000000008 -0.14499999999999999 0.095000000000000015 -0.14499999999999999 0 1.0000000180025095e-35 1.0550000000000004 1.7300000000000002
decision_type=2 2 2 2 2 2 2 2 2 9 2 2 2
left_child=2 -2 3 7 -4 6 -6 9 -9 -1 -3 -12 -13
right_child=1 10 4 -5 5 -7 -8 8 -10 -11 11 12 -14
leaf_value=0.0036871737398512607 -0.033056906174812606 -0.012138461029702497 0.03460561120893961 -0.026288153415386224 0.010060185993575162 0.025764551726663251 -0.020123283521736035 -0.0066423456219201066 0.043559842262362945 -0.0034967966793854072 0.025476156862710528 -0.01855192047895475 0.017804638198105415
leaf_weight=65.498990375548601 3.3321702666580704 6.5705549865961137 4.6183120757341412 6.6955679059028617 9.4917838573455882 5.0855423435568801 9.4371665790677035 5.8451216593384743 5.3360847383737546 103.3666492048651 4.8322674855589858 7.141729883849619 4.9123196005821228
leaf_count=336 24 39 23 36 44 24 48 29 25 574 25 38 23
internal_value=-2.79812e-05 -0.00423509 0.00047383 -0.000531789 0.00718549 0.00158325 -0.00475192 0.000412343 0.0170465 -0.000668912 0 0.00474204 -0.00329976
internal_weight=242.164 26.789 215.375 186.742 28.6328 24.0145 18.929 180.047 11.1812 168.866 23.4569 16.8863 12.054
internal_count=1288 149 1139 1000 139 116 92 964 54 910 125 86 61
cat_boundaries=0 1
cat_threshold=17076244
is_linear=0
shrinkage=0.05


Tree=161
num_leaves=11
num_cat=0
split_feature=1 1 0 0 0 0 0 0 1 11
split_gain=0.192822 1.23356 1.10086 0.91785 1.52924 1.53642 0.731379 1.52799 0.717503 0.464115
threshold=0.66500000000000015 0.8600000000000001 1.5050000000000001 0.80500000000000016 0.71000000000000008 0.51500000000000012 1.9550000000000003 1.2850000000000004 1.4700000000000002 5.5000000000000009
decision_type=2 2 2 2 2 2 2 2 2 2
left_child=2 -2 3 4 5 -1 7 -3 -8 -5
right_child=1 6 -4 9 -6 -7 8 -9 -10 -11
leaf_value=0.00066828416433092083 -0.028383298725334724 -0.0066418488628501903 0.025533910434759118 -0.0025344852186256293 0.031048204631176735 -0.029154759263759447 0.007696667077010823 0.028787465086616445 -0.018505848362056123 -0.02717657987301042
leaf_weight=194.23377955704927 4.2660910710692432 6.4073707610368746 4.1880566179752341 4.1998139619827253 3.9482227116823188 4.3167698085308066 3.783992372453211 5.3821558505296707 6.8693894445896149 4.4333736822009087
leaf_count=1035 30 37 21 20 17 22 19 27 36 24
internal_value=-2.57157e-05 -0.00404373 0.000451127 -3.46019e-05 0.00062582 0 0.000466476 0.00921789 -0.00874894 -0.0159277
internal_weight=242.029 26.709 215.32 211.132 202.499 198.551 22.4429 11.7895 10.6534 8.63319
internal_count=1288 149 1139 1118 1074 1057 119 64 55 44
is_linear=0
shrinkage=0.05


Tree=162
num_leaves=14
num_cat=1
split_feature=1 1 1 1 1 1 4 12 1 9 7 1 1
split_gain=0.174957 1.13632 0.533069 1.68879 1.53492 1.19971 1.43078 0.853155 0.648178 1.05181 0.510172 1.48915 1.49786
threshold=0.66500000000000015 0.8600000000000001 0.29000000000000009 0.20500000000000004 0.33500000000000008 0.095000000000000015 1.0000000180025095e-35 0 0.43500000000000005 1.0000000180025095e-35 1.0000000180025095e-35 1.0550000000000004 1.7300000000000002
decision_type=2 2 2 2 2 2 2 9 2 2 2 2 2
left_child=2 -2 3 5 -4 7 -7 -1 -6 -10 -3 -12 -13
right_child=1 10 4 -5 8 6 -8 -9 9 -11 11 12 -14
leaf_value=-0.0054875311869819268 -0.027433337269947289 -0.011113847851656748 0.032774357818142905 -0.025164733455456174 -0.0095048380543838098 0.032085639198417615 -0.0028299277070082409 0.0017013893108486101 -0.0090324848725341217 0.017412060921670882 0.031651465743805243 -0.01795870413961392 0.017470492965915446
leaf_weight=50.87344329059124 4.1983422711491611 6.4285681843757692 4.6572363674640682 6.6099409870803347 8.3555707186460513 6.199769448488949 5.0125588327646255 117.9547008741647 5.6315624713897678 10.013892903923988 3.9772887155413619 7.1070455983281118 4.9183287620544434
leaf_count=262 30 38 23 36 41 30 24 648 27 48 20 38 23
internal_value=-2.56671e-05 -0.00386013 0.000426943 -0.000524297 0.00677649 0.000366054 0.0161473 -0.000661363 0.00140926 0.00757892 0.000432206 0.00542119 -0.00303137
internal_weight=241.938 26.6296 215.309 186.65 28.6583 180.04 11.2123 168.828 24.001 15.6455 22.4312 16.0027 12.0254
internal_count=1288 149 1139 1000 139 964 54 910 116 75 119 81 61
cat_boundaries=0 1
cat_threshold=1080180929
is_linear=0
shrinkage=0.05


Tree=163
num_leaves=15
num_cat=1
split_feature=1 1 1 1 1 1 4 12 1 4 7 1 1 1
split_gain=0.157985 1.05596 0.481195 1.54252 1.37428 1.07909 1.28479 0.813932 0.613232 0.484528 0.4729 0.972349 1.35805 0.161794
threshold=0.66500000000000015 0.79500000000000015 0.29000000000000009 0.20500000000000004 0.33500000000000008 0.095000000000000015 1.0000000180025095e-35 0 0.54500000000000015 1.0000000180025095e-35 1.0000000180025095e-35 1.0550000000000004 1.7300000000000002 0.45500000000000007
decision_type=2 2 2 2 2 2 2 9 2 2 2 2 2 2
left_child=2 -2 3 5 -4 7 -7 -1 13 -10 -3 -12 -13 -6
right_child=1 10 4 -5 8 6 -8 -9 9 -11 11 12 -14 -15
leaf_value=0.0034189271867845978 -0.030313533994142574 -0.011321864979462332 0.03090772121176066 -0.024188780197530874 -9.9569672012563077e-05 0.030310183447726031 -0.0026931082183923247 -0.003279666702162324 0.023975237258459792 0.00016933626711704571 0.023142860006075489 -0.017192433234334951 0.016538862495378292 -0.011453831511976622
leaf_weight=65.599031005054712 3.1664813421666649 6.4995613619685235 4.696569778025153 6.5386878848075858 9.0813245177269 6.2395766563713533 5.009025938808918 103.21076994016767 4.1516252979636175 5.1802637577056885 4.8807018920779219 7.0583446472883207 4.9406499564647675 5.5905201956629744
leaf_count=336 24 39 23 36 44 30 24 574 20 24 25 38 23 28
internal_value=-3.38336e-05 -0.00368438 0.00039456 -0.000508842 0.00642307 0.000336273 0.0152789 -0.000638282 0.00131662 0.0114323 0 0.00445031 -0.00286823 -0.0048127
internal_weight=241.843 26.5457 215.297 186.597 28.7003 180.058 11.2486 168.81 24.0037 9.33189 23.3793 16.8797 11.999 14.6718
internal_count=1288 149 1139 1000 139 964 54 910 116 44 125 86 61 72
cat_boundaries=0 1
cat_threshold=17076244
is_linear=0
shrinkage=0.05


Tree=164
num_leaves=16
num_cat=1
split_feature=2 12 1 0 1 11 1 1 1 0 2 2 2 2 0
split_gain=0.220686 0.296091 3.53726 5.73978 5.42671 2.20145 1.74049 2.79265 1.79618 1.77175 1.46699 1.3542 1.32328 1.295 0.835493
threshold=1.3200000000000003 0 -1.0000000180025095e-35 0.10500000000000002 0.25500000000000006 6.5000000000000009 -1.0000000180025095e-35 0.33500000000000008 -0.20499999999999999 -1.0049999999999997 0.65500000000000014 -1.0449999999999997 -0.84499999999999986 -1.1849999999999998 -0.45499999999999996
decision_type=2 9 2 2 2 2 2 2 2 2 2 2 2 2 2
left_child=1 2 3 13 14 -6 8 12 11 -10 -9 -3 -8 -1 -4
right_child=-2 6 4 -5 5 -7 7 10 9 -11 -12 -13 -14 -15 -16
leaf_value=-0.017257961082409821 -0.011765659761126507 0.012557926507867323 -0.066100772712553824 0.055066905298294791 -0.017087080999754346 0.016792584099279795 -0.0089929117051537975 -0.007992290630381935 0 -0.031864873195735541 0.017170198728166209 -0.0033638365943552012 0.02353294364693324 0.003135830483089342 -0.031262763661045252
leaf_weight=9.1686676107346994 3.8528221361339083 17.779192384332418 4.2125700302422047 5.0285446718335143 10.418758772313597 8.6661536544561368 3.2781492844224003 24.232134237885479 7.6845130026340511 9.362314395606516 7.4500164836645117 52.279003735631704 25.037449151277542 48.415356088429689 4.8575112223625201
leaf_count=54 22 96 24 24 56 44 17 130 40 50 39 273 131 262 26
internal_value=-3.22582e-05 0.000141643 -0.00196285 0.00437856 -0.0169024 -0.0014349 0.00150566 0.00817576 -0.0028628 -0.0173782 -0.00188264 0.000617621 0.019573 -4.89281e-05 -0.0485328
internal_weight=241.723 237.87 90.7676 62.6126 28.155 19.0849 147.103 59.9977 87.105 17.0468 31.6822 70.0582 28.3156 57.584 9.07008
internal_count=1288 1266 490 340 150 100 776 317 459 90 169 369 148 316 50
cat_boundaries=0 1
cat_threshold=1697252364
is_linear=0
shrinkage=0.05


Tree=165
num_leaves=17
num_cat=1
split_feature=2 1 12 1 11 1 1 1 2 2 1 2 1 2 2 2
split_gain=0.229149 0.573537 0.41011 2.01882 1.48847 1.51091 1.43367 1.40624 2.24524 1.75033 1.34571 2.74455 1.33706 1.01029 2.89455 1.98876
threshold=1.0350000000000004 0.36500000000000005 0 -0.11499999999999998 3.5000000000000004 -1.3299999999999998 -0.054999999999999993 0.25500000000000006 0.46500000000000002 -0.42499999999999993 0.17000000000000001 0.03500000000000001 0.27500000000000008 0.17500000000000002 -0.39499999999999996 0.55500000000000016
decision_type=2 2 9 2 2 2 2 2 2 2 2 2 2 2 2 2
left_child=2 -2 3 4 -1 -6 13 9 -9 -5 11 -8 -12 14 -4 -15
right_child=1 -3 6 7 5 -7 10 8 -10 -11 12 -13 -14 15 -16 -17
leaf_value=-0.024668654357804423 -0.023572365321092539 0.00044977524435152401 0.0024051444424755338 0 -0.010075078317002592 0.010886502584297769 0.0057036823834688312 -0.012465314631880976 0.021804438399035342 -0.034225933283109272 -0.018901234322334044 0.046848310592581967 0.0072713070901781881 0.026887097314975836 -0.01903469774278262 -0.015477847056485763
leaf_weight=4.0532993227243415 3.4790586344897729 6.867681123316288 51.857761960476637 5.9676608219742802 10.661553705111144 39.48092083632946 12.915504746139051 17.056369312107567 6.4796577021479598 10.543174527585505 5.8361345604062072 6.0741046406328669 26.279095154255629 7.6269952207803708 22.31341265887022 4.0784751772880554
leaf_count=27 25 36 271 32 58 212 66 94 33 61 30 31 134 37 120 21
internal_value=-3.60828e-05 -0.0072973 0.000270239 -0.00212757 0.00386804 0.00631884 0.00196836 -0.0108854 -0.0027667 -0.0220712 0.00875099 0.0193028 0.00231599 -0.00178634 -0.00399437 0.0116965
internal_weight=241.571 10.3467 231.224 94.2426 54.1958 50.1425 136.981 40.0469 23.536 16.5108 51.1048 18.9896 32.1152 85.8766 74.1712 11.7055
internal_count=1288 61 1227 517 297 270 710 220 127 93 261 97 164 449 391 58
cat_boundaries=0 1
cat_threshold=1680475222
is_linear=0
shrinkage=0.05


Tree=166
num_leaves=8
num_cat=0
split_feature=2 0 0 1 0 0 5
split_gain=0.206757 1.0969 0.527027 1.48589 1.64235 0.510052 0.482042
threshold=1.0350000000000004 2.5450000000000004 2.5450000000000004 1.1600000000000001 1.4350000000000003 0.7350000000000001 1.0000000180025095e-35
decision_type=2 2 2 2 2 2 2
left_child=2 6 3 4 5 -1 -2
right_child=1 -3 -4 -5 -6 -7 -8
leaf_value=0 -0.0051146712916888964 0.014467993246427172 -0.016450199844826246 0.023172152380302929 -0.026943187415805026 0.010610490427339657 -0.033908387232518579
leaf_weight=202.29232753627002 3.7304557226598245 3.5603953078389168 4.5073290392756453 6.9743276834487906 5.457776650786399 11.875019654631613 3.0165666863322258
leaf_count=1077 24 17 24 37 29 60 20
internal_value=-3.64897e-05 -0.006948 0.000253011 0.000614423 -8.93753e-05 0.000583879 -0.0190257
internal_weight=241.414 10.3074 231.107 226.599 219.625 214.167 6.74702
internal_count=1288 61 1227 1203 1166 1137 44
is_linear=0
shrinkage=0.05


Tree=167
num_leaves=12
num_cat=1
split_feature=2 12 2 0 1 9 2 0 0 0 1
split_gain=0.197508 0.257627 1.32891 1.99084 1.55481 1.42673 1.00225 2.1336 1.59621 0.919543 0.662473
threshold=1.3200000000000003 0 0.70500000000000007 0.075000000000000025 0.38000000000000006 1.0000000180025095e-35 0.66500000000000015 1.9350000000000003 0.6100000000000001 1.2550000000000001 1.1150000000000004
decision_type=2 9 2 2 2 2 2 2 2 2 2
left_child=1 2 3 5 -5 -1 7 10 -8 -10 -3
right_child=-2 6 -4 4 -6 -7 8 -9 9 -11 -12
leaf_value=0.0036080030815766177 -0.011183100518821971 0.00042500013794076355 -0.024945473241187604 0.040940805809854521 0 -0.013827322950204203 -0.0074228684279015206 -0.033373141121227634 0.045911111634193896 0.012600356917350673 0.021048722309028937
leaf_weight=24.492251433432102 3.8203597925603381 152.29152204655111 6.0124094635248175 4.6272193342447263 4.1682999432086945 21.821759350597858 5.6086579598486415 4.5522549301385871 3.5391442701220495 6.5355440154671669 3.9201909601688376
leaf_count=133 22 796 36 23 23 126 31 27 17 34 20
internal_value=-3.63567e-05 0.000126487 -0.00242028 -0.000269876 0.0213018 -0.00451136 0.00111199 0 0.0131983 0.0251298 0.000987682
internal_weight=241.39 237.569 61.1219 55.1095 8.79552 46.314 176.447 160.764 15.6833 10.0747 156.212
internal_count=1288 1266 341 305 46 259 925 843 82 51 816
cat_boundaries=0 1
cat_threshold=1678377992
is_linear=0
shrinkage=0.05


Tree=168
num_leaves=15
num_cat=2
split_feature=0 0 12 5 6 1 0 0 12 0 1 0 0 1
split_gain=0.191005 0.244613 1.09254 1.69494 4.57866 1.21393 1.14621 1.37726 1.00521 1.01676 1.33965 0.90143 1.57464 0.511025
threshold=-5.2349999999999994 -2.1249999999999996 0 1.0000000180025095e-35 1.0000000180025095e-35 -0.099999999999999992 2.3250000000000006 -1.4249999999999996 1 -3.8249999999999997 -1.2049999999999998 -2.7649999999999992 -2.8849999999999993 -0.65499999999999992
decision_type=2 2 9 2 2 2 2 2 9 2 2 2 2 2
left_child=-1 8 3 4 -3 -5 7 -4 9 -2 -11 12 -10 -13
right_child=1 2 6 5 -6 -7 -8 -9 11 10 -12 13 -14 -15
leaf_value=0.012320281262211897 0.028694943770623628 0.018572970647014467 0.017021663222281509 0.00091439067135871727 -0.015686352581134235 -0.014906538775465404 0.029555890527955122 0.00035633870131485264 -0.0088196499138313619 -0.013016255834220484 0.013846605450307215 -0.011522374541530146 0.024718417854216766 -0.03441137407376562
leaf_weight=2.9757242500782004 4.1661010980606106 23.499275801703334 15.318718217313288 18.020025674253702 16.417570225894451 33.620763953775167 4.4511826783418647 66.729466211050749 20.885297294706106 8.4458923712372815 9.9676154851913417 8.5156861040741187 4.0610072165727642 4.2304417341947547
leaf_count=15 21 124 78 101 82 183 21 352 114 45 49 58 19 26
internal_value=-3.37418e-05 -0.000214065 0.00069544 -0.0029696 0.00435337 -0.0092981 0.00445945 0.00354562 -0.00298047 0.00460784 0.00125134 -0.00702034 -0.00308347 -0.0197172
internal_weight=241.305 238.329 178.057 91.5576 39.9168 51.6408 86.4994 82.0482 60.272 22.5796 18.4135 37.6924 24.9463 12.7461
internal_count=1288 1273 941 490 206 284 451 430 332 115 94 217 133 84
cat_boundaries=0 1 2
cat_threshold=556172496 296080
is_linear=0
shrinkage=0.05


Tree=169
num_leaves=8
num_cat=0
split_feature=2 0 2 0 0 1 0
split_gain=0.211597 0.691544 0.277304 1.5221 1.42673 0.766831 0.374734
threshold=1.0950000000000004 2.6300000000000003 0.80500000000000016 1.8550000000000002 0.95000000000000007 1.1600000000000001 0.29500000000000004
decision_type=2 2 2 2 2 2 2
left_child=2 -2 3 5 -4 6 -1
right_child=1 -3 4 -5 -6 -7 -8
leaf_value=0.00095035051527005013 -0.018126762435497303 0.010008861098532966 -0.0097908277609472585 -0.023698950446224533 0.027425972181685684 0.022408300600266641 -0.0056301461427286752
leaf_weight=187.65926055796444 5.7355870231986028 3.1637165620923042 4.9364672601222974 6.5402970016002646 4.93685182929039 3.8611334413290015 24.298403657972813
leaf_count=999 39 15 26 38 23 20 128
internal_value=-2.8272e-05 -0.00756883 0.0002423 -0.000101301 0.00840536 0.000601304 0.000170098
internal_weight=241.132 8.8993 232.232 222.359 9.87332 215.819 211.958
internal_count=1288 54 1234 1185 49 1147 1127
is_linear=0
shrinkage=0.05


Tree=170
num_leaves=8
num_cat=0
split_feature=2 1 1 0 0 0 11
split_gain=0.202198 0.235559 1.91658 0.966356 0.692161 0.900332 0.898052
threshold=1.3200000000000003 1.3700000000000003 1.1350000000000002 2.3800000000000003 1.4350000000000003 1.2100000000000002 5.5000000000000009
decision_type=2 2 2 2 2 2 2
left_child=1 2 4 -3 5 -1 -6
right_child=-2 3 -4 -5 6 -7 -8
leaf_value=-3.6479866390122603e-05 -0.011320310373672416 0.0093370089223177351 0.035306747708507835 -0.023255494096604504 -0.032283303844283628 0.023529590005868694 0.00071830501261373192
leaf_weight=213.18265965767205 3.8101857006549826 3.9637080803513509 3.7816687151789656 4.7167779058218002 3.6838648021221152 4.0239941701292983 3.8967336416244507
leaf_count=1137 22 21 19 27 21 20 21
internal_value=-2.62005e-05 0.000138808 0.000468011 -0.00786673 -0.000111298 0.000387726 -0.0148797
internal_weight=241.06 237.249 228.569 8.68049 224.787 217.207 7.5806
internal_count=1288 1266 1218 48 1199 1157 42
is_linear=0
shrinkage=0.05


Tree=171
num_leaves=15
num_cat=1
split_feature=2 12 1 1 0 11 1 0 7 0 0 1 0 2
split_gain=0.18366 0.263191 1.95384 2.77804 1.72556 1.46421 1.28218 1.89629 4.39582 1.5491 1.40831 3.07291 0.788543 0.200876
threshold=1.3200000000000003 0 -0.039999999999999994 0.17000000000000001 0.10500000000000002 6.5000000000000009 -0.054999999999999993 -1.0000000180025095e-35 1.0000000180025095e-35 0.66000000000000014 0.075000000000000025 -0.17499999999999996 -0.68999999999999984 -0.40499999999999997
decision_type=2 9 2 2 2 2 2 2 2 2 2 2 2 2
left_child=1 2 4 13 12 -5 10 8 -8 -9 11 -3 -1 -4
right_child=-2 6 3 5 -6 -7 7 9 -10 -11 -12 -13 -14 -15
leaf_value=0.0031232531771528751 -0.010808775740077084 -0.00032578197115390667 -0.021776098273422001 -0.012811732960339637 0.031192614520864793 0.011436069587702699 0.058552876951162229 -0.015553493042884781 0.0066741340581554804 0.0072788707111659861 0.023539956136926707 -0.03078645274648787 -0.015343799411051826 -0.043434709724567422
leaf_weight=45.913801711052656 3.7960818521678439 73.660506531596184 3.3341105040162802 15.428264249116184 5.0429710596799842 10.15207516402006 5.1276113763451603 11.295885317027567 20.249215330928564 21.143148049712181 4.8498134762048712 9.2804359905421716 6.481979824602603 5.2733828797936422
leaf_count=248 22 391 20 84 24 51 26 64 100 112 23 50 43 30
internal_value=-2.42973e-05 0.000131684 -0.00183561 -0.0115164 0.00353054 -0.00298674 0.00143208 0.00732589 0.0175416 -0.000541494 -0.00223347 -0.00382727 0.000718537 -0.0359659
internal_weight=241.029 237.233 91.6266 34.1878 57.4388 25.5803 145.607 57.8159 25.3768 32.439 87.7908 82.9409 52.3958 8.60749
internal_count=1288 1266 500 185 315 135 766 302 126 176 464 441 291 50
cat_boundaries=0 1
cat_threshold=1680475164
is_linear=0
shrinkage=0.05


Tree=172
num_leaves=16
num_cat=1
split_feature=12 11 1 0 1 1 1 2 6 1 1 2 1 0 0
split_gain=0.28335 2.06961 0.960821 2.52394 0.362659 2.02707 1.44954 1.63278 1.26129 1.02019 1.01446 3.12406 1.38632 2.21115 0.874968
threshold=0 4.5000000000000009 -0.11499999999999998 -1.8049999999999999 -0.7599999999999999 -0.53499999999999992 -0.49499999999999994 -0.62499999999999989 1.0000000180025095e-35 -0.6399999999999999 -0.87999999999999989 -0.56499999999999984 -0.96999999999999986 -1.6649999999999998 -1.6049999999999998
decision_type=9 2 2 2 2 2 2 2 2 2 2 2 2 2 2
left_child=1 -1 3 -3 10 8 -7 -8 9 -6 12 -12 13 -2 -10
right_child=4 2 -4 -5 5 6 7 -9 14 -11 11 -13 -14 -15 -16
leaf_value=-0.045135403867826357 -0.0004036880073300357 -0.019806458501278507 -0.016448707285107753 0.028306448970696986 -0.01421345827190545 0.029237984826418824 -0.010268221945968107 0.0032147525292509256 0.012793239119273395 -0.051311867025536875 0.053461893321791923 -0.0039417436830621669 -0.025165095869967676 0.029875570218934961 -0.018900996660041358
leaf_weight=2.9119230229407576 46.473823878914118 4.4078218154609239 5.7834974788129303 6.5790930539369583 5.1021352112293243 4.3804770335555068 28.500870764255524 104.03635486215353 4.2122149616479874 3.5220447555184364 3.779233805835247 5.6944745443761331 4.4973354451358309 6.7780490815639487 4.1919418126344681
leaf_count=30 244 31 36 36 28 23 146 547 20 21 19 28 25 32 22
internal_value=-2.51354e-05 -0.0046317 0 0.00854858 0.000548653 -0.000737808 0.00125599 0.000272115 -0.0169747 -0.0303518 0.00364724 0.0187546 0.00105433 0.0034054 -0.00246406
internal_weight=240.851 19.6823 16.7704 10.9869 221.169 153.946 136.918 132.537 17.0283 8.62418 67.2229 9.47371 57.7492 53.2519 8.40416
internal_count=1288 133 103 67 1155 807 716 693 91 49 348 47 301 276 42
cat_boundaries=0 1
cat_threshold=604113920
is_linear=0
shrinkage=0.05


Tree=173
num_leaves=11
num_cat=1
split_feature=12 0 0 1 1 2 2 1 1 1
split_gain=0.258598 1.0928 2.39248 2.11532 0.866571 0.333685 0.785785 0.512277 1.55919 0.680577
threshold=0 -1.8049999999999999 -0.66499999999999992 -0.11499999999999998 -1.3749999999999998 -1.7599999999999998 -1.595 -0.7599999999999999 -0.53499999999999992 -1.2849999999999999
decision_type=9 2 2 2 2 2 2 2 2 2
left_child=1 4 -3 -4 -1 -2 -7 9 -9 -8
right_child=5 2 3 -5 -6 6 7 8 -10 -11
leaf_value=-0.003144607752406658 0.017328974028130346 0.023795815847252589 0.012909020745843082 -0.039959392703370317 -0.043190596205444187 -0.027623011089954283 -0.00031389445943385289 -0.015317284038094015 0.00083004316576715817 0.0098874615756746453
leaf_weight=2.9614777080714703 2.8311402164399615 6.2199616190046081 3.0109445042908201 4.397269114851948 2.9780567102134254 2.3844363056123248 33.840064847841859 16.658817861229181 135.42735496535897 29.961020555347204
leaf_count=19 17 35 20 32 27 16 177 90 707 148
internal_value=-2.98911e-05 -0.0044402 0.000789599 -0.0179202 -0.024434 0.000517008 0.000291887 0.000635998 -0.000914709 0.0044064
internal_weight=240.671 19.5677 13.6282 7.40821 5.93953 221.103 218.272 215.887 152.086 63.8011
internal_count=1288 133 87 52 46 1155 1138 1122 797 325
cat_boundaries=0 1
cat_threshold=604113920
is_linear=0
shrinkage=0.05


Tree=174
num_leaves=8
num_cat=0
split_feature=2 1 2 2 2 1 1
split_gain=0.193331 2.9672 0.453163 0.492613 0.533774 2.23669 0.732864
threshold=-1.5349999999999999 -1.075 -1.4249999999999996 -1.3349999999999997 -1.1949999999999996 -0.54499999999999993 -1.8549999999999998
decision_type=2 2 2 2 2 2 2
left_child=1 -1 -2 -4 5 -5 -6
right_child=2 -3 3 4 6 -7 -8
leaf_value=-0.018664733777880371 -0.015241182936095818 0.037950681997912475 0.016773450354393163 -0.038322223698121299 0.011673636040652274 0.012634179887002793 -0.00058634657167919071
leaf_weight=4.8524282537400723 4.8875126577913752 4.1705012712627632 4.1919723078608504 4.1773542389273643 12.863879207521675 4.0643782503902894 201.31136960908771
leaf_count=31 29 23 21 24 63 21 1076
internal_value=-3.09917e-05 0.00708464 -0.000332863 0 -0.000328359 -0.0127437 0.000131787
internal_weight=240.519 9.02293 231.496 226.609 222.417 8.24173 214.175
internal_count=1288 54 1234 1205 1184 45 1139
is_linear=0
shrinkage=0.05


Tree=175
num_leaves=13
num_cat=1
split_feature=2 2 2 11 0 12 0 2 11 0 0 2
split_gain=0.192199 0.226436 1.48353 2.38269 1.35668 0.880052 2.13664 2.48022 1.60014 1.55995 1.45013 0.482687
threshold=-1.7599999999999998 -0.97499999999999987 -1.0449999999999997 4.5000000000000009 -2.8349999999999995 0 -0.82499999999999984 0.40500000000000008 7.5000000000000009 -2.2649999999999992 -1.0549999999999999 -1.2449999999999999
decision_type=2 2 2 2 2 9 2 2 2 2 2 2
left_child=-1 2 3 11 -5 6 10 -8 9 -7 -3 -2
right_child=1 5 -4 4 -6 8 7 -9 -10 -11 -12 -13
leaf_value=0.01094978990052714 -0.040113732433391475 0.0084688274935759648 -0.025733485701649478 0.020688240026129782 -0.0017517141934200228 -0.015073925910908743 -0.012250264087156203 0.010857949279594561 -0.026425105382144695 0.0016257613162958707 0.035153139721190545 -0.0096752659477778204
leaf_weight=3.8039131350815287 3.3420880697667599 35.952459502965212 6.3084900677204123 10.812695089727638 16.637777477502826 16.643278919160366 28.587208092212677 19.260092165321112 6.6119760721921912 83.287990737706423 6.0970690101385108 3.0938876904547206
leaf_count=23 24 183 33 55 87 89 157 94 35 463 27 18
internal_value=-2.87976e-05 -0.00023095 -0.00365914 0.00036685 0.00694887 0.00044658 0.00386966 -0.00284093 -0.00252207 -0.00111783 0.0125308 -0.0266183
internal_weight=240.439 236.635 40.1949 33.8864 27.4505 196.44 89.8968 47.8473 106.543 99.9313 42.0495 6.43598
internal_count=1288 1265 217 184 142 1048 461 251 587 552 210 42
cat_boundaries=0 1
cat_threshold=117444830
is_linear=0
shrinkage=0.05


Tree=176
num_leaves=11
num_cat=0
split_feature=1 0 1 0 0 0 0 0 1 11
split_gain=0.17902 1.01696 0.954798 0.887913 1.29565 1.44415 0.660065 1.07178 0.565045 0.47225
threshold=0.66500000000000015 1.5050000000000001 0.79500000000000015 0.80500000000000016 0.71000000000000008 0.51500000000000012 1.8350000000000002 1.2850000000000004 1.7300000000000002 5.5000000000000009
decision_type=2 2 2 2 2 2 2 2 2 2
left_child=1 3 -2 4 5 -1 7 -4 -8 -5
right_child=2 -3 6 9 -6 -7 8 -9 -10 -11
leaf_value=0.00067467536177121391 -0.029586905524460517 0.024535873054870493 -0.0033277243225890507 -0.0022570514744095316 0.028557172959104277 -0.028496756367776724 -0.017829895362701919 0.027889862648298999 0.003064944174896628 -0.027212812531905679
leaf_weight=192.99108858406544 3.0922512337565449 4.188173182308673 6.7827957123518008 4.1659551560878736 3.9636036455631247 4.2377122193574897 6.8993813171982747 4.2591753229498863 5.3264145627617836 4.361904114484787
leaf_count=1035 24 21 39 20 17 22 37 21 28 24
internal_value=-2.94129e-05 0.000429295 -0.00392829 -3.97547e-05 0.000609601 8.42792e-06 -0.000192309 0.0084072 -0.00836997 -0.0157686
internal_weight=240.268 213.908 26.36 209.72 201.192 197.229 23.2678 11.042 12.2258 8.52786
internal_count=1288 1139 149 1118 1074 1057 125 60 65 44
is_linear=0
shrinkage=0.05


Tree=177
num_leaves=14
num_cat=1
split_feature=2 2 1 1 2 11 2 0 1 12 1 0 1
split_gain=0.206577 1.62287 1.87577 2.50012 2.08513 1.66476 1.11918 1.70298 1.07207 0.762805 2.41228 1.30086 0.116884
threshold=0.36500000000000005 0.46500000000000002 -1.0449999999999997 -0.14499999999999999 0.6150000000000001 6.5000000000000009 0.27500000000000008 -0.064999999999999988 1.3050000000000004 0 -1.4199999999999997 0.7350000000000001 0.03500000000000001
decision_type=2 2 2 2 2 2 2 2 2 9 2 2 2
left_child=6 12 -3 4 -4 -5 8 -8 9 10 -1 -11 -2
right_child=1 2 3 5 -6 -7 7 -9 -10 11 -12 -13 -14
leaf_value=0.015466085142451026 -0.013730569383137717 0.048470359123204701 0.0052057404133333948 0.01274974113460366 -0.047538308595419299 -0.013826687393713032 -0.0042466438334548403 0.038953315203378358 -0.02417849575528196 0.0015325897220773233 -0.011403846066499024 0.027805602587844987 -0.031736044780332394
leaf_weight=10.539614357054232 3.2025810778141013 1.8743373602628697 2.8052330166101411 20.50266511738301 4.6478337794542313 8.0175878852605802 4.0769451856613159 4.5529365316033346 4.4322791248559943 129.42094338312745 37.27698939666152 4.8295150920748702 3.9970067888498306
leaf_count=55 18 8 14 107 33 41 20 21 26 696 202 25 22
internal_value=-2.91544e-05 -0.00309682 0.000936976 -0.00152858 -0.0272181 0.00508169 0.000654656 0.0181571 -0.000137735 0.000433022 -0.00443203 0.00235933 -0.0247095
internal_weight=240.176 45.0472 37.8477 35.9733 7.45307 28.5203 195.129 8.62988 186.499 182.067 47.8166 134.25 7.19959
internal_count=1288 243 203 195 47 148 1045 41 1004 978 257 721 40
cat_boundaries=0 1
cat_threshold=1126305805
is_linear=0
shrinkage=0.05


Tree=178
num_leaves=17
num_cat=2
split_feature=2 12 0 0 1 1 11 0 2 0 1 2 12 2 2 0
split_gain=0.187933 1.58731 1.9608 2.07498 3.50971 2.3128 1.79875 2.69081 1.00546 1.53075 1.0286 1.05568 0.740605 1.89661 1.2794 0.545751
threshold=0.36500000000000005 0 2.2500000000000004 0.56000000000000016 -0.14499999999999999 0.32000000000000006 6.5000000000000009 0.21500000000000002 0.27500000000000008 -0.064999999999999988 0.89000000000000012 -0.17499999999999996 1 0.045000000000000005 -1.5349999999999999 1.6850000000000003
decision_type=2 9 2 2 2 2 2 2 2 2 2 2 9 2 2 2
left_child=8 6 3 4 -3 -5 7 -2 10 -10 12 -12 14 -14 -1 -9
right_child=1 2 -4 5 -6 -7 -8 15 9 -11 11 -13 13 -15 -16 -17
leaf_value=0.025606622886315034 -0.038140080479151017 -0.0060451775200461378 0.037554099210693373 0.013448967895231603 0.052106874145242822 -0.032300486040470068 -0.044410999878875541 0.016950856714671701 -0.0040424186461004924 0.036813656013921746 -0.032761816414583138 0.00071742157972597424 -0.00090707694335625502 -0.02992255246835587 0.001968294439286792 -0.0061936785015212102
leaf_weight=6.0169879309833041 4.7742464244365719 6.3594134747982052 4.2500498294830313 4.326734393835066 4.1224750056862858 6.8471440151333809 4.4284843578934661 5.7874384075403196 4.0739008337259293 4.5817210525274259 4.6805171072483063 4.0760157853364927 59.076199119910598 6.1805666945874682 106.39661600999534 4.0149746984243393
leaf_count=34 29 37 21 22 23 34 26 29 20 21 28 25 339 37 541 22
internal_value=-2.80529e-05 -0.00296007 0.00498455 0.000510695 0.0166295 -0.0141798 -0.0109159 -0.00760349 0.000622496 0.0171865 -0.000128551 -0.0167811 0.000673026 -0.00327254 0.00303029 0.00699933
internal_weight=239.993 44.911 25.9058 21.6558 10.4819 11.1739 19.0051 14.5767 195.083 8.65562 186.427 8.75653 177.67 65.2568 112.414 9.80241
internal_count=1288 243 137 116 60 56 106 80 1045 41 1004 53 951 376 575 51
cat_boundaries=0 1 2
cat_threshold=819328 72139972
is_linear=0
shrinkage=0.05


Tree=179
num_leaves=20
num_cat=2
split_feature=7 12 9 1 0 12 0 0 0 0 0 1 1 11 11 1 1 0 0
split_gain=0.177458 1.49712 2.15448 2.11683 1.21038 1.18141 2.53482 2.2332 4.35431 2.17186 4.7776 2.98089 1.57914 1.11308 1.8197 1.05019 0.999759 1.10312 0.909377
threshold=1.0000000180025095e-35 0 1.0000000180025095e-35 -0.14499999999999999 -1.9749999999999999 1 2.3250000000000006 1.6050000000000002 0.7350000000000001 -0.15499999999999997 -0.64499999999999991 -0.20499999999999999 -2.3349999999999995 4.5000000000000009 5.5000000000000009 0.27500000000000008 -0.099999999999999992 -0.14499999999999999 -1.325
decision_type=2 9 2 2 2 9 2 2 2 2 2 2 2 2 2 2 2 2 2
left_child=1 13 3 4 -3 6 9 8 12 10 -2 -11 -7 18 -15 -5 -4 -18 -1
right_child=5 2 16 15 -6 7 -8 -9 -10 11 -12 -13 -14 14 -16 -17 17 -19 -20
leaf_value=0.011595603541151356 0.0016392702214152192 0.011470277096451762 -0.02773351808215594 0.0525956704959534 -0.016618926028212241 0.034170159238329938 0.038848242794238513 -0.041388419555102758 0.044090036277637495 0.036384367829744628 0.038392314245540453 -0.015775006387197286 -0.0063285461907595921 -0.055013351197126317 -0.0050079099825105708 0.013949987997617886 0.02216712975495563 -0.013576297380230921 -0.019309235017908211
leaf_weight=3.9408044628798971 56.343848243355751 12.641034923493864 5.4988561682403079 3.9465046823024768 5.3123233914375296 2.3574219867587081 5.0647401213645926 3.6920896321535102 4.7011373788118354 2.9688856601715115 10.468524511903523 22.886311296373606 73.577124239876866 4.0548907257616511 3.7037662267684937 4.0835459753870964 3.2393115386366835 5.9663501903414717 5.3582669794559488
leaf_count=24 277 72 42 20 31 13 23 22 26 13 52 120 404 24 21 22 17 35 30
internal_value=-2.9119e-05 -0.00246154 0.00322466 0.0127432 0.00283583 0.000715872 0.00424704 -0.003416 -0.00198941 0.00271999 0.00752143 -0.00947593 -0.0049622 -0.0114576 -0.0321459 0.0339714 -0.0110515 -0.000358451 -0.00569624
internal_weight=239.806 57.7457 40.6879 25.9834 17.9534 182.06 97.7323 84.3278 80.6357 92.6676 66.8124 25.8552 75.9345 17.0577 7.75866 8.03005 14.7045 9.20566 9.29907
internal_count=1288 338 239 145 103 950 485 465 443 462 329 133 417 99 45 42 94 52 54
cat_boundaries=0 1 2
cat_threshold=786448 1112412244
is_linear=0
shrinkage=0.05


Tree=180
num_leaves=16
num_cat=1
split_feature=2 0 12 1 0 1 0 1 0 0 2 0 0 0 2
split_gain=0.205219 0.644699 0.414709 2.44235 5.14432 1.98632 2.42605 1.38123 2.01644 1.65355 2.44685 1.95524 1.05973 1.00807 0.55895
threshold=1.0950000000000004 2.6300000000000003 0 -1.0000000180025095e-35 0.10500000000000002 0.25500000000000006 -0.14499999999999999 -1.0000000180025095e-35 1.8350000000000002 -1.4649999999999996 0.14500000000000005 -2.1249999999999996 -1.1049999999999998 -0.82499999999999984 -0.30499999999999994
decision_type=2 2 9 2 2 2 2 2 2 2 2 2 2 2 2
left_child=2 -2 3 4 13 14 -7 9 12 11 -11 -4 -9 -1 -5
right_child=1 -3 7 5 -6 6 -8 8 -10 10 -12 -13 -14 -15 -16
leaf_value=0.0017888420367756378 -0.017816119201167959 0.0094094979478386645 -0.0021908472449905384 -0.045301725341431967 0.053768082530272411 0.024246936860449098 -0.014971643084388224 -0.0088985637263474509 -0.019692452470965773 -0.020134530937920243 0.0086229823275645705 0.018989793943219962 0.014531201148951026 -0.017678548250905222 -0.020142156787400854
leaf_weight=47.952396145090461 5.6439992822706682 3.1563179641962051 39.334764003753662 4.2421882171183825 4.5682020261883727 5.4102429971098944 13.495710406452414 5.1087891310453406 5.4706968441605559 22.203945275396109 10.710661157965658 14.809433467686175 41.976202741265297 7.5879849530756465 7.8433081023395079
leaf_count=256 39 15 216 24 22 26 77 28 32 117 52 74 213 51 46
internal_value=-2.52844e-05 -0.0074936 0.000241046 -0.00222926 0.00333916 -0.0138832 -0.00341701 0.0019119 0.00845809 -0.00176836 -0.0106274 0.0035346 0.0118696 -0.000807943 -0.0296832
internal_weight=239.515 8.80032 230.715 91.1 60.1086 30.9914 18.906 139.614 52.5557 87.0588 32.9146 54.1442 47.085 55.5404 12.0855
internal_count=1288 54 1234 502 329 173 103 732 273 459 169 290 241 307 70
cat_boundaries=0 1
cat_threshold=1695163462
is_linear=0
shrinkage=0.05


Tree=181
num_leaves=20
num_cat=3
split_feature=12 11 2 2 7 12 2 11 2 4 5 12 11 2 6 2 2 6 2
split_gain=0.264549 1.92111 0.777119 0.447358 0.335085 1.49078 2.53234 1.74981 2.6037 2.16554 1.35359 0.727736 1.14015 1.4717 1.45504 0.570058 2.52394 1.52297 0.104274
threshold=0 4.5000000000000009 -0.105 -0.46499999999999991 1.0000000180025095e-35 1 -0.45499999999999996 3.5000000000000004 -0.53499999999999992 1.0000000180025095e-35 1.0000000180025095e-35 2 5.5000000000000009 -0.55499999999999994 1.0000000180025095e-35 -0.70499999999999985 -0.65499999999999992 1.0000000180025095e-35 -0.86499999999999988
decision_type=9 2 2 2 2 9 2 2 2 2 2 9 2 2 2 2 2 2 2
left_child=1 -1 3 18 5 6 -2 8 -7 -9 -8 12 13 -6 -14 17 -17 -13 -3
right_child=4 2 -4 -5 11 7 10 9 -10 -11 -12 15 14 -15 -16 16 -18 -19 -20
leaf_value=-0.044326071108239128 -0.042569499249070712 0.0047922849086847559 -0.016296305604826221 0.020821017617605492 0.019042134674845567 -0.0059462985788313553 0.0090892610988103466 -0.014992239787812217 0.048346314267128737 0.013414444072223071 -0.024735231534808822 0.023767499424579532 -0.019845689727607731 -0.0035324827766934339 -0.00073954837447871998 -0.044426201828232072 0.0044766975420083349 -0.00047674022950277986 -0.0068881178508137979
leaf_weight=2.8049089461565044 6.3499416075646904 4.5520423054695165 5.0963385682553026 3.7780786007642746 11.846083067357542 3.7227241396903992 7.6490519717335683 14.221208039671183 4.7910985574126226 12.452086292207241 4.6068035401403904 12.394754733890295 15.003355003893374 17.508414842188358 31.046842701733112 2.6428204104304305 63.046049416065216 12.627431064844131 3.1425502970814705
leaf_count=30 39 28 35 19 59 23 40 85 29 67 29 59 73 93 156 13 328 62 21
internal_value=-2.7793e-05 -0.00450364 0 0.0069737 0.000526444 -0.00284182 -0.0111671 0.00358618 0.0242326 -0.00154362 -0.00331751 0.00167999 -0.00190041 0.00544153 -0.00710227 0.0044314 0.00236868 0.0113804 0
internal_weight=239.283 19.3739 16.569 11.4727 219.909 53.7929 18.6058 35.1871 8.51382 26.6733 12.2559 166.116 75.4047 29.3545 46.0502 90.7111 65.6889 25.0222 7.69459
internal_count=1288 133 103 68 1155 312 108 204 52 152 69 843 381 152 229 462 341 121 49
cat_boundaries=0 1 2 3
cat_threshold=604113920 786512 18923661
is_linear=0
shrinkage=0.05


Tree=182
num_leaves=21
num_cat=3
split_feature=12 5 0 0 7 12 5 1 12 0 0 0 0 1 1 0 0 0 1 0
split_gain=0.269715 1.5319 1.30608 3.07698 0.394128 1.25507 1.70121 1.24456 0.727755 1.4391 2.67452 1.31603 2.13956 0.707941 2.32629 1.66087 0.20607 0.193505 0.169366 0.134919
threshold=0 1.0000000180025095e-35 -0.66499999999999992 -1.6649999999999998 1.0000000180025095e-35 1 1.0000000180025095e-35 -0.30999999999999994 2 1.5050000000000001 0.51500000000000012 -3.2149999999999994 -2.4949999999999997 -0.14499999999999999 -0.71499999999999986 -0.14499999999999999 -3.6849999999999996 -0.38499999999999995 0.36500000000000005 2.3800000000000003
decision_type=9 2 2 2 2 9 2 2 9 2 2 2 2 2 2 2 2 2 2 2
left_child=1 17 3 -3 5 6 7 -2 11 10 -10 16 -13 14 -7 -15 -6 -1 -8 -11
right_child=4 2 -4 -5 8 13 18 -9 9 19 -12 12 -14 15 -16 -17 -18 -19 -20 -21
leaf_value=-0.029041729351794977 -0.020848560320084239 -0.018576913032197911 -0.01447617745484598 0.04608075684864868 0.0075962811936451232 0.0083617236866036365 -0.024621909346109968 0.012751111386663603 0.0061102814790486249 0.031393613993612922 -0.022702018169933887 -0.032094657800155302 -0.0015150153551363229 0.033439600312922306 -0.030035709409872016 -0.00053272943634157422 0.025350231688752542 -0.010815418442656601 -0.046090882897729668 0.01474352994766087
leaf_weight=5.1955607328563929 5.1606731377542028 3.0071628391742706 4.8580180779099464 4.1990569233894348 5.082497201859951 13.93335499987006 4.6395403444766989 5.5687290430068979 72.483036324381828 4.5638267546892148 8.9167998321354371 6.2802408784627906 60.239650964736938 5.583188220858573 5.3577836081385639 9.0368190407752973 3.730841360986231 3.8140934687107801 3.0658628568053246 4.3352694734930992
leaf_count=42 27 22 31 21 27 80 29 32 369 24 46 32 304 27 37 51 18 29 20 20
internal_value=-3.35825e-05 -0.00441124 0.00481815 0.0185297 0.000545797 -0.00317314 -0.010689 -0.00299138 0.00178543 0.00453799 0.00286876 -0.00181085 -0.00452098 0.00303538 -0.00214456 0.0122402 0.0158729 -0.0220782 -0.0342857 0.024092
internal_weight=239.052 21.0739 12.0642 7.20622 217.978 52.346 18.4348 10.7294 165.632 90.2989 81.3998 75.3332 66.5199 33.9111 19.2911 14.62 8.81334 9.00965 7.7054 8.8991
internal_count=1288 145 74 43 1143 303 108 59 840 459 415 381 336 195 117 78 45 71 49 44
cat_boundaries=0 1 2 3
cat_threshold=604122112 786512 18923661
is_linear=0
shrinkage=0.05


Tree=183
num_leaves=16
num_cat=1
split_feature=2 12 1 0 1 0 1 1 1 1 2 0 1 2 0
split_gain=0.190946 0.266306 2.45337 4.53076 3.20605 1.93867 1.45343 2.42233 1.9312 1.58366 1.42437 1.3988 1.20188 1.11242 0.893663
threshold=1.3200000000000003 0 -1.0000000180025095e-35 0.10500000000000002 0.25500000000000006 -0.14499999999999999 -1.0000000180025095e-35 0.20500000000000004 -0.20499999999999999 0.29000000000000009 -0.72499999999999987 -1.0049999999999997 -0.12999999999999998 -1.0449999999999997 -0.45499999999999996
decision_type=2 9 2 2 2 2 2 2 2 2 2 2 2 2 2
left_child=1 2 3 12 14 -6 8 10 13 -9 -8 -10 -1 -3 -4
right_child=-2 6 4 -5 5 -7 7 9 11 -11 -12 -13 -14 -15 -16
leaf_value=-0.0026676049060762037 -0.011077078303242442 0.011760799571322242 -0.054098444753366962 0.048827691286384325 0.02361177290146409 -0.011731688717041413 -0.0073494007594356453 -0.026828938832501731 -0.00090337996236525058 0.0041967993943408622 0.028215819501747442 -0.030847982645518919 0.02468536259754095 -0.0025561068129137925 -0.022023815908316497
leaf_weight=51.520316267386079 3.7644655369222155 18.049169771373272 4.2589652314782143 4.9714258313179007 5.4073580205440566 12.930910341441628 3.1106254644691971 4.5713138803839675 7.3754031322896507 34.025747790932655 16.059111885726452 9.1366977915167791 4.2469743248075238 52.852110058069229 6.5484416335821169
leaf_count=287 22 99 25 24 26 73 17 25 39 181 80 49 24 277 40
internal_value=-3.76703e-05 0.000122495 -0.00187873 0.00357059 -0.0140217 -0.000967341 0.00142742 0.0076942 -0.00249778 0.000333165 0.0221771 -0.0178597 -0.000454577 0.00102952 -0.0355022
internal_weight=238.829 235.065 89.8844 60.7387 29.1457 18.3383 145.18 57.7668 87.4134 38.5971 19.1697 16.5121 55.7673 70.9013 10.8074
internal_count=1288 1266 499 335 164 99 767 303 464 206 97 88 311 376 65
cat_boundaries=0 1
cat_threshold=1695163406
is_linear=0
shrinkage=0.05


Tree=184
num_leaves=13
num_cat=1
split_feature=2 0 12 1 1 0 0 0 2 0 2 11
split_gain=0.1836 0.628325 0.365556 1.43774 3.17955 2.77793 2.03122 1.66176 1.28524 1.32935 1.25407 0.393058
threshold=1.0950000000000004 2.6300000000000003 0 -0.039999999999999994 0.25500000000000006 0.10500000000000002 -0.45499999999999996 -0.14499999999999999 0.88500000000000012 1.8550000000000002 0.17500000000000002 5.5000000000000009
decision_type=2 2 9 2 2 2 2 2 2 2 2 2
left_child=2 -2 3 5 11 6 -1 -6 9 10 -4 -5
right_child=1 -3 8 4 7 -7 -8 -9 -10 -11 -12 -13
leaf_value=0.001526024181147823 -0.017382882138560003 0.0095828190336412072 -0.00044177483580546843 -0.02268232342856611 0.021427861349225114 0.040693984972073362 -0.039197489132847152 -0.010625402574760578 0.02858050416868213 -0.025501227357621239 0.011411235137242666 -0.04860162442459838
leaf_weight=42.416629765182734 5.6006227526813728 3.141241118311882 117.26396733149886 4.2114782929420489 5.8998202234506651 4.1959634721279135 3.1903500556945792 12.296671375632283 4.2362586408853522 4.4995483830571166 27.26474342867732 4.4007086977362633
leaf_count=234 39 15 629 24 28 20 23 69 21 27 133 26
internal_value=-4.16484e-05 -0.00712893 0.000209112 -0.00240988 -0.0120665 0.00221886 -0.00129285 0 0.00160411 0.000892674 0.00176602 -0.0369065
internal_weight=238.618 8.74186 229.876 76.6116 26.8087 49.8029 45.607 18.1965 153.265 149.028 144.529 8.61219
internal_count=1288 54 1234 424 147 277 257 97 810 789 762 50
cat_boundaries=0 1
cat_threshold=1684669508
is_linear=0
shrinkage=0.05


Tree=185
num_leaves=16
num_cat=1
split_feature=2 2 1 1 2 11 2 0 1 2 0 12 11 2 1
split_gain=0.183554 1.47756 1.75691 2.32631 1.97274 1.29482 1.01405 1.8424 1.43681 1.29246 0.958544 0.838319 1.89858 1.46079 0.0699247
threshold=0.36500000000000005 0.46500000000000002 -1.0449999999999997 -0.14499999999999999 0.6150000000000001 6.5000000000000009 0.14500000000000005 -1.0549999999999999 -0.20499999999999999 0.10500000000000002 0.27500000000000008 0 5.5000000000000009 0.03500000000000001 0.03500000000000001
decision_type=2 2 2 2 2 2 2 2 2 2 2 9 2 2 2
left_child=6 14 -3 4 -4 -5 9 -8 -9 11 -10 12 -1 -13 -2
right_child=1 2 3 5 -6 -7 7 8 10 -11 -12 13 -14 -15 -16
leaf_value=0.0035680711565245302 -0.013982646963898863 0.04683653490707218 0.0047030098051486892 0.011571021596035073 -0.046931092190009314 -0.012035607358075576 -0.018692367658476924 0.041109687980163429 -0.0093430235758332463 -0.02945773020786013 0.018542964677107178 0.0011506760064761657 -0.015452520048142316 0.026264709046549553 -0.029983354754670833
leaf_weight=26.255985330790281 3.1893247514963141 1.878912717103957 2.7997612059116319 20.474078606814153 4.4849391784518957 7.8317263573408118 4.0685679987072971 4.8280505985021653 4.4734116569161371 3.7101912945508948 8.4516821280121786 110.60192117653787 25.436350360512733 6.0549623146653166 3.8870018310844898
leaf_count=140 18 8 14 107 33 41 20 23 23 26 40 605 133 35 22
internal_value=-4.20762e-05 -0.00295191 0.000898251 -0.00151129 -0.0266143 0.00484408 0.000601884 0.0107434 0.0178363 -0.000660784 0.00851004 0 -0.00478313 0.00231972 -0.0237639
internal_weight=238.427 44.5457 37.4694 35.5905 7.2847 28.3058 193.881 21.8217 17.7531 172.059 12.9251 168.349 51.6923 116.657 7.07633
internal_count=1288 243 203 195 47 148 1045 106 86 939 63 913 273 640 40
cat_boundaries=0 1
cat_threshold=23724041
is_linear=0
shrinkage=0.05


Tree=186
num_leaves=17
num_cat=1
split_feature=3 0 0 0 0 2 2 0 0 12 0 2 0 0 0 2
split_gain=0.183067 0.619351 1.59057 0.707801 1.49032 0.263798 2.07374 1.28612 1.48399 1.25115 2.47427 0.986672 2.48892 2.33474 0.624955 0.11702
threshold=1.0000000180025095e-35 -1.5049999999999997 -3.5649999999999995 -0.52999999999999992 0.16500000000000004 -0.43499999999999994 -0.47499999999999992 -0.49499999999999994 -1.5849999999999997 0 -0.62499999999999989 -1.0000000180025095e-35 -1.8049999999999999 -2.6849999999999996 1.2850000000000004 -0.70499999999999985
decision_type=2 2 2 2 2 2 2 2 2 9 2 2 2 2 2 2
left_child=1 2 -1 -3 -5 6 7 8 -2 10 -7 13 -13 -11 -12 -4
right_child=5 3 15 4 -6 9 -8 -9 -10 11 14 12 -14 -15 -16 -17
leaf_value=0.015412705156340224 0.0025975725990483515 0.014993447568552734 -0.017439445521814721 -0.037510491592229411 0.014198216984211684 0.036781398884283563 0.032953658659575363 0.019239026119709759 -0.012901748682184664 0.02273301935485255 -0.0072807610585058115 -0.030945679619881046 0.0030836819313694373 -0.014319137052849483 0.014529094892035783 -0.041187712407003051
leaf_weight=2.409704715013504 58.555215049535036 5.5711089763790378 2.1236819140613079 2.5418219696730349 2.6949624046683311 6.5964335724711445 5.1392051577568045 8.22021935880184 20.754429645836353 4.6435494571924201 9.6798425838351232 5.7976063638925543 60.32063227519393 35.550647754222155 4.8454772382974616 2.7989200893789556
leaf_count=19 310 39 15 25 19 33 24 42 100 22 50 28 318 192 24 28
internal_value=-4.08691e-05 -0.00487283 -0.0160782 0.00234848 -0.0101958 0.000336691 0.00238254 0.000494985 -0.0014066 -0.00111253 0.00790964 -0.00338313 0 -0.0098687 0 -0.0324891
internal_weight=238.243 18.1402 7.33231 10.8079 5.23678 220.103 92.6691 87.5299 79.3096 127.434 21.1218 106.312 66.1182 40.1942 14.5253 4.9226
internal_count=1288 145 62 83 44 1143 476 452 410 667 107 560 346 214 74 43
cat_boundaries=0 1
cat_threshold=67114056
is_linear=0
shrinkage=0.05


Tree=187
num_leaves=18
num_cat=2
split_feature=2 12 0 0 11 0 0 2 0 2 0 0 11 0 0 12 0
split_gain=0.185804 1.45054 1.78513 1.7864 1.5515 2.26967 1.48817 0.919074 1.56913 1.17174 1.1337 1.49562 0.828686 0.663002 1.69913 0.743087 0.44965
threshold=0.36500000000000005 0 2.2500000000000004 0.56000000000000016 6.5000000000000009 0.21500000000000002 -0.40499999999999997 0.14500000000000005 -1.0549999999999999 0.10500000000000002 0.51500000000000012 -0.054999999999999993 5.5000000000000009 0.23500000000000001 0.66000000000000014 1 1.6850000000000003
decision_type=2 9 2 2 2 2 2 2 2 2 2 2 2 2 2 9 2
left_child=7 4 3 6 5 -2 -3 9 -9 13 11 -10 -5 15 -15 -1 -7
right_child=1 2 -4 12 -6 16 -8 8 10 -11 -12 -13 -14 14 -16 -17 -18
leaf_value=0.0038200901606008498 -0.036396836205864744 -0.0074668483230722078 0.03583769524318569 0.00085063278710198877 -0.042620970781242266 0.014496867489825181 0.030208089748861577 -0.016971308086187895 0.0078503674985983783 -0.028210909919704749 0.001303974559672806 0.047422057857296668 -0.025633181447059089 -0.038005582537555004 0.0023727725897225286 -0.0026721828815799171 -0.0065534110933032561
leaf_weight=84.413803182542324 4.6372619085013893 4.0216079950332668 4.2219122946262351 4.9816305488347989 4.2699706330895415 5.7937494963407499 6.4443776067346361 4.0373008772730854 5.3423621281981504 3.655992303043603 7.5293020308017722 4.9098845049738866 6.072504922747612 3.8818245381116849 6.9165818393230438 72.925216868519783 3.9964562505483627
leaf_count=449 29 23 21 24 26 29 37 20 27 26 36 23 32 26 41 397 22
internal_value=-3.60498e-05 -0.00296752 0.00468463 0.000370922 -0.0105939 -0.00783524 0.0153244 0.000612179 0.0102668 -0.000590192 0.0167912 0.0275596 -0.0133492 0 -0.0118992 0.000852347 0.00541901
internal_weight=238.052 44.4395 25.742 21.5201 18.6974 14.4275 10.466 193.612 21.8188 171.793 17.7815 10.2522 11.0541 168.137 10.7984 157.339 9.79021
internal_count=1288 243 137 116 106 80 60 1045 106 939 86 50 56 913 67 846 51
cat_boundaries=0 1 2
cat_threshold=819328 1175224468
is_linear=0
shrinkage=0.05


Tree=188
num_leaves=11
num_cat=0
split_feature=2 0 0 0 2 2 2 7 2 2
split_gain=0.180594 0.195504 0.92402 0.78907 0.682373 2.36093 1.41652 0.435315 2.2323 1.11201
threshold=1.3200000000000003 -2.1249999999999996 -2.2349999999999999 -2.0249999999999995 -0.95499999999999985 -1.2549999999999997 -0.7649999999999999 1.0000000180025095e-35 -0.53499999999999992 -0.45499999999999996
decision_type=2 2 2 2 2 2 2 2 2 2
left_child=1 2 7 -3 5 -5 -6 8 -1 -9
right_child=-2 3 -4 4 6 -7 -8 9 -10 -11
leaf_value=-0.016365722371387753 -0.010803836396475927 0.02153316189898119 -0.026477518095882852 0.012853612884074612 0.020974779673810479 -0.027664918644344162 0.00020849591862870127 0.0064517768459378027 0.031169656160701859 -0.012650279559448866
leaf_weight=13.511715006083252 3.740768037736415 4.4705915525555602 3.6118459701538077 6.1106730196624985 8.6447086185216886 8.1313605457544309 144.22257005795836 32.783290015533566 2.8703127391636363 9.725512642413376
leaf_count=86 22 22 22 32 42 42 781 173 17 49
internal_value=-3.38735e-05 0.000121425 -0.00224595 0.00101374 0.000422337 -0.00996305 0.00142847 -0.00063267 -0.00759506 0.00194467
internal_weight=237.823 234.083 62.5027 171.58 167.109 14.242 152.867 58.8908 16.382 42.5088
internal_count=1288 1266 347 919 897 74 823 325 103 222
is_linear=0
shrinkage=0.05


Tree=189
num_leaves=8
num_cat=0
split_feature=2 0 2 0 5 1 0
split_gain=0.166665 1.28821 0.862431 1.25844 0.794283 0.703305 0.342059
threshold=0.89500000000000013 2.6300000000000003 0.80500000000000016 1.8550000000000002 1.0000000180025095e-35 1.1600000000000001 0.29500000000000004
decision_type=2 2 2 2 2 2 2
left_child=2 4 3 5 -2 6 -1
right_child=1 -3 -4 -5 -6 -7 -8
leaf_value=0.00084225341154466884 -0.0010167361683715648 0.019585938825517749 0.022854211854624214 -0.022050435635201853 -0.029235983769848345 0.02150270103833668 -0.0055055336760989095
leaf_weight=185.44536991789937 5.9116803612560016 3.6237649321556082 4.0563080981373778 6.2629163637757292 4.7791247107088566 3.8188830167055121 23.830193433910608
leaf_count=999 36 17 20 38 30 20 128
internal_value=-3.08899e-05 -0.00526029 0.000284002 -0.000120801 -0.014249 0.000510306 9.32665e-05
internal_weight=237.728 14.3146 223.414 219.357 10.6908 213.094 209.276
internal_count=1288 83 1205 1185 66 1147 1127
is_linear=0
shrinkage=0.05


Tree=190
num_leaves=10
num_cat=0
split_feature=2 1 2 2 9 1 2 2 0
split_gain=0.17677 0.187493 1.9979 2.31521 2.08082 0.943574 5.17446 1.02567 0.800906
threshold=1.3200000000000003 -1.345 0.045000000000000005 -0.25499999999999995 1.0000000180025095e-35 -1.1649999999999998 -0.6349999999999999 -1.5349999999999999 -1.8049999999999999
decision_type=2 2 2 2 2 2 2 2 2
left_child=1 2 3 4 -1 6 -3 -7 -9
right_child=-2 5 -4 -5 -6 7 -8 8 -10
leaf_value=-0.015405987101184893 -0.01070158663781442 -0.012740439542647789 -0.032144393595967477 0.033468710525637151 0.013951572141959842 0.023009323221904018 0.056841823777252436 -0.0076581640536874142 0.00085830186256906555
leaf_weight=15.980299383401871 3.728755071759223 6.4468421787023544 5.0167906805872908 4.7099004462361362 9.4386312626302242 4.5854138880968085 4.33852271735668 33.595040533691645 149.80831127054989
leaf_count=88 22 35 26 24 55 25 21 187 805
internal_value=-2.86268e-05 0.000124638 -0.0032103 0.00153255 -0.00429697 0.000740754 0.0150555 -6.14995e-05 -0.000677784
internal_weight=237.649 233.92 35.1456 30.1288 25.4189 198.774 10.7854 187.989 183.403
internal_count=1288 1266 193 167 143 1073 56 1017 992
is_linear=0
shrinkage=0.05


Tree=191
num_leaves=14
num_cat=1
split_feature=12 1 6 9 0 0 0 1 1 1 11 0 1
split_gain=0.245574 2.09702 1.84561 1.84049 1.20185 2.18316 1.17348 1.05252 3.05722 2.20433 1.27392 1.02222 1.38832
threshold=0 0.64500000000000013 1.0000000180025095e-35 1.0000000180025095e-35 -2.6849999999999996 -2.1249999999999996 -4.3049999999999988 -1.8549999999999998 -1.345 -0.99999999999999989 5.5000000000000009 -4.2049999999999992 -0.99999999999999989
decision_type=9 2 2 2 2 2 2 2 2 2 2 2 2
left_child=1 3 -3 11 -5 -6 -2 -8 10 -10 -9 -1 -13
right_child=6 2 -4 4 5 -7 7 8 9 -11 -12 12 -14
leaf_value=0.021308070548117494 -0.02636614260400575 0 -0.050232632221737572 0.028592665490436448 -0.029744203532766335 0.010017146227351281 0.020688956176937914 -0.040635044536944567 0.022633261683142881 0.00083418379152042001 -0.0028758678613288241 -0.024647227796180494 -0.0031618111947317507
leaf_weight=2.852830331772565 3.6392100751399985 3.6541343033313742 3.9847985692322254 6.2775812819600096 3.9012559950351742 23.762337164953351 7.0489759370684615 5.7921635881066305 12.824846729636191 119.2095663882792 4.1108468919992447 10.26978289708495 30.17276125960052
leaf_count=14 20 21 27 33 25 136 34 40 61 631 23 57 166
internal_value=-2.55946e-05 -0.00206282 -0.027123 0.000116198 0.00888249 0.00414278 0.00113587 0.00193461 0.00095411 0.00300495 -0.0256461 -0.0066455 -0.00878838
internal_weight=237.501 84.8755 7.63893 77.2365 33.9412 27.6636 152.626 148.986 141.937 132.034 9.90301 43.2954 40.4425
internal_count=1288 479 48 431 194 161 809 789 755 692 63 237 223
cat_boundaries=0 1
cat_threshold=621161489
is_linear=0
shrinkage=0.05


Tree=192
num_leaves=7
num_cat=1
split_feature=1 1 0 2 1 12
split_gain=0.16064 0.769733 0.783853 1.2393 0.772582 0.629999
threshold=1.7300000000000002 1.3700000000000003 2.0450000000000004 0.85500000000000009 -0.11499999999999998 0
decision_type=2 2 2 2 2 9
left_child=1 2 3 5 -5 -1
right_child=-2 -3 -4 4 -6 -7
leaf_value=-0.0040679278123151724 0.0076623828991172899 -0.023604275105458955 0.020928974922497609 -0.038307017680390985 -0.0072458379895020859 0.0019512878257737195
leaf_weight=47.709294077008963 6.4593639299273482 3.3819413259625426 4.3224637359380713 3.0464906077831984 7.2801825478672963 165.03953992575407
leaf_count=270 34 21 21 23 40 879
internal_value=-2.86315e-05 -0.000268779 6.65191e-05 -0.000324519 -0.0171683 0.000477257
internal_weight=237.239 230.78 227.398 223.076 10.3267 212.749
internal_count=1288 1254 1233 1212 63 1149
cat_boundaries=0 1
cat_threshold=1612710998
is_linear=0
shrinkage=0.05


Tree=193
num_leaves=11
num_cat=0
split_feature=3 1 1 5 11 1 0 0 0 0
split_gain=0.166177 0.623447 0.635132 0.914419 0.582875 0.450081 0.703426 0.7919 1.04947 0.0924944
threshold=1.0000000180025095e-35 -1.2999999999999998 -0.7599999999999999 1.0000000180025095e-35 5.5000000000000009 -2.5899999999999994 -3.9549999999999996 -3.7149999999999994 -3.4999999999999996 -0.49499999999999994
decision_type=2 2 2 2 2 2 2 2 2 2
left_child=1 -1 -3 9 -5 -2 -7 -8 -9 -4
right_child=5 2 3 4 -6 6 7 8 -10 -11
leaf_value=-0.024535092594384265 0.016893829301930452 0.017983980205409773 -0.027212472638821018 0.021588921423451157 -0.0090492671197589403 -0.015385768805668863 0.024835197617246139 -0.028131445556427655 0.00060618449537785924 -0.009003525088810348
leaf_weight=3.141057966277006 3.9241572171449652 3.5035717859864244 3.1850702315568924 3.2104941233992577 2.5699227303266525 7.0663958415389052 3.2048728913068762 3.1259179003536692 201.85936035588384 2.3988412730395758
leaf_count=32 18 24 26 25 20 36 16 19 1054 18
internal_value=-3.29648e-05 -0.004655 0 -0.00606962 0.00719492 0.000325952 0 0.000546123 0.000130067 -0.0205656
internal_weight=237.19 18.009 14.8679 11.3643 5.78042 219.181 215.257 208.19 204.985 5.58391
internal_count=1288 145 113 89 45 1143 1125 1089 1073 44
is_linear=0
shrinkage=0.05


Tree=194
num_leaves=12
num_cat=1
split_feature=2 12 2 0 2 2 0 0 2 0 2
split_gain=0.158936 0.220216 0.990363 1.7765 1.10189 0.926883 1.6517 1.485 0.903758 0.799528 0.55469
threshold=1.3200000000000003 0 0.70500000000000007 0.075000000000000025 0.12500000000000003 0.66500000000000015 1.9350000000000003 0.6100000000000001 -0.094999999999999987 1.2550000000000001 0.37500000000000006
decision_type=2 9 2 2 2 2 2 2 2 2 2
left_child=1 2 3 8 -5 6 10 -7 -1 -9 -3
right_child=-2 5 -4 4 -6 7 -8 9 -10 -11 -12
leaf_value=0 -0.010187771105753959 0.0017507185301305801 -0.022339687596477743 0.00094322278418895115 0.03796682753567996 -0.0074099935823592053 -0.030455420189159439 0.043726225872467106 -0.015460174485229223 0.012318550375903736 -0.0091880036632308176
leaf_weight=34.100285643711686 3.7027171999216071 139.97093163244426 5.6640302315354338 4.2581712454557401 4.2765745520591736 5.4443792738020411 4.2416550591588011 3.5364457145333272 13.097310148179529 6.3685006126761436 12.452486637979744
leaf_count=195 22 740 36 24 22 31 27 17 76 34 64
internal_value=-3.24786e-05 0.000111502 -0.00222718 -0.000456167 0.0202988 0.0010448 -1.48914e-05 0.0127906 -0.00434999 0.024357 0.000818841
internal_weight=237.113 233.411 61.3964 55.7323 8.53475 172.014 156.665 15.3493 47.1976 9.90495 152.423
internal_count=1288 1266 353 317 46 913 831 82 271 51 804
cat_boundaries=0 1
cat_threshold=1678386184
is_linear=0
shrinkage=0.05


Tree=195
num_leaves=6
num_cat=1
split_feature=1 1 1 1 12
split_gain=0.157937 0.679391 0.591912 0.806743 0.381549
threshold=1.7300000000000002 1.3700000000000003 1.1350000000000002 0.89000000000000012 0
decision_type=2 2 2 2 9
left_child=1 2 3 4 -1
right_child=-2 -3 -4 -5 -6
leaf_value=0.0017001268006432719 0.0076007967714336478 -0.022367074062752068 0.018083278524937567 -0.017908812178791964 -0.002479261499659483
leaf_weight=141.61563747003675 6.4468145221471778 3.3279609456658354 4.3658527582883826 6.2250164300203314 75.05350174754858
leaf_count=731 34 21 22 36 444
internal_value=-3.20944e-05 -0.000270373 4.0912e-05 -0.000298015 0.000192915
internal_weight=237.035 230.588 227.26 222.894 216.669
internal_count=1288 1254 1233 1211 1175
cat_boundaries=0 1
cat_threshold=118247568
is_linear=0
shrinkage=0.05


Tree=196
num_leaves=13
num_cat=1
split_feature=3 0 0 0 0 0 0 0 2 2 12 2
split_gain=0.153952 0.546015 1.50512 0.796183 0.696306 0.800797 0.334994 0.840273 0.508312 2.48213 1.23013 0.113273
threshold=1.0000000180025095e-35 -1.5049999999999997 -3.5649999999999995 -1.0249999999999997 0.16500000000000004 -0.52999999999999992 -4.7399999999999993 -3.9549999999999996 -0.43499999999999994 -0.47499999999999992 0 -0.70499999999999985
decision_type=2 2 2 2 2 2 2 2 2 2 9 2
left_child=1 2 -1 -3 5 -5 -2 -8 9 -9 -10 -4
right_child=6 3 11 4 -6 -7 7 8 10 -11 -12 -13
leaf_value=0.015387404963061202 0.014255204424487895 0.023925955076918373 -0.016628403726985486 0.00087246283345867183 0.013439410518358562 -0.036788678709301408 -0.018656347927260602 0.001352169661047505 0.0075968637257289133 0.037692961688668952 -0.0036494613576969533 -0.040209502315481538
leaf_weight=2.399726003408432 4.1264056339859954 3.0185276623815307 2.0942740552127361 2.5587883442640313 2.6942743062973022 2.4833716731518471 5.7465448118746272 78.319901913404465 21.018422659486532 4.9298867285251609 104.9024894926697 2.6963023506104973
leaf_count=19 20 22 15 17 19 25 29 407 107 23 557 28
internal_value=-3.16597e-05 -0.00448943 -0.0151518 0.00225224 -0.00576356 -0.0170588 0.000312611 1.51543e-05 0.000560679 0.00360683 -0.0014148 -0.0314738
internal_weight=236.989 17.9453 7.1903 10.755 7.73643 5.04216 219.044 214.917 209.171 83.2498 125.921 4.79058
internal_count=1288 145 62 83 61 42 1143 1123 1094 430 664 43
cat_boundaries=0 1
cat_threshold=67114056
is_linear=0
shrinkage=0.05


Tree=197
num_leaves=19
num_cat=2
split_feature=0 12 0 2 0 1 0 0 12 2 1 2 1 0 2 2 2 2
split_gain=0.144366 1.00444 2.28564 2.10775 1.62944 1.59656 1.55612 1.34624 0.832798 1.01479 1.20808 1.93995 0.824877 0.799449 0.536965 0.50707 2.23086 1.7122
threshold=-2.1249999999999996 0 -1.4249999999999996 -0.58499999999999985 1.8550000000000002 1.0250000000000001 -1.8049999999999999 2.0450000000000004 1 -1.6049999999999998 -0.68499999999999994 -0.85499999999999987 0.66500000000000015 -2.4649999999999994 0.69500000000000006 -1.0449999999999997 -0.78499999999999992 -0.49499999999999994
decision_type=2 9 2 2 2 2 2 2 9 2 2 2 2 2 2 2 2 2
left_child=8 2 6 -4 5 12 -2 -5 15 -10 11 -11 -3 -12 -6 -1 -17 -18
right_child=1 4 3 7 14 -7 -8 -9 9 10 13 -13 -14 -15 -16 16 17 -19
leaf_value=0.019038824929403737 0.0064244627180206531 -0.0010640767041446267 -0.021917162001741212 0.0025372319118356283 -0.043198174886518788 0.028058808543006741 0.042591457655830674 0.031251465068957103 -0.034756462994620395 0.012253667811637583 -0.0035612147004151413 -0.011699639461957213 -0.02308692003044488 -0.039427552775468111 -0.012703868578377124 -0.030928998980383274 0.040976452044786643 -0.0035996245026515823
leaf_weight=6.7661913782358196 6.3728939443826675 91.619873594492674 8.1285514757037145 41.628062147647142 2.7091774120926848 4.4733259901404372 6.2638846412301046 4.5104209482669821 2.9332148991525164 15.839595112949604 3.2979179248213768 17.867350365966562 4.4077560827136031 3.5986730009317389 4.6924964115023613 3.5201233997941026 3.6862103939056396 4.5445497371256316
leaf_count=36 32 505 38 217 19 24 29 21 22 85 17 102 31 23 25 20 18 24
internal_value=-1.85725e-05 0.000695583 0.0050938 0.00128037 -0.00225063 -0.00072907 0.0249382 0.00551394 -0.00210869 -0.00537406 -0.00436874 -0.000292633 -0.00214992 -0.0232871 -0.024959 0.00531795 0.00138893 0.0160162
internal_weight=236.86 174.806 66.9038 54.267 107.903 100.501 12.6368 46.1385 62.0538 43.5368 40.6035 33.7069 96.0276 6.89659 7.40167 18.5171 11.7509 8.23076
internal_count=1288 941 337 276 604 560 61 238 347 249 227 187 536 40 44 98 62 42
cat_boundaries=0 1 2
cat_threshold=67653646 33937
is_linear=0
shrinkage=0.05


Tree=198
num_leaves=15
num_cat=1
split_feature=2 12 1 1 0 5 1 1 9 0 0 0 2 0
split_gain=0.14568 0.202556 2.09193 4.99521 2.2838 2.21709 0.914935 0.832734 1.69602 3.30371 2.23858 1.03309 1.61615 0.925664
threshold=1.3200000000000003 0 -0.039999999999999994 0.18500000000000003 0.10500000000000002 1.0000000180025095e-35 -1.4349999999999998 -0.039999999999999994 1.0000000180025095e-35 -0.24499999999999997 -0.044999999999999991 -1.0049999999999997 0.14500000000000005 -1.1649999999999998
decision_type=2 9 2 2 2 2 2 2 2 2 2 2 2 2
left_child=1 2 4 -4 6 -5 -1 11 10 -10 -9 13 -13 -3
right_child=-2 7 3 5 -6 -7 -8 8 9 -11 -12 12 -14 -15
leaf_value=-0.01550465664596181 -0.0097709815621464125 -0.00033719960058171288 -0.055622932874383704 -0.026923045131555343 0.038645053329092183 0.012899822081292693 0.0039516275002963851 -0.019223409219852893 0.033734398336739455 0.0019062735626419062 0.0081356501132508283 -0.023306058264239617 0.0024340344672492643 0.022256535115648891
leaf_weight=7.4795847013592711 3.6839827783405772 74.712401572614908 5.5347436387091902 5.1802540943026516 4.1627335771918288 10.214628234505653 29.694310059770942 12.760900918394329 12.257932420819996 25.097150564193726 17.515525840222836 12.390662629157307 11.265884056687353 4.7038839831948271
leaf_count=44 22 399 36 29 20 54 169 67 61 133 99 72 59 24
internal_value=-2.23679e-05 0.000114461 -0.00210836 -0.0153367 0.0039808 -0.000264839 0 0.00101907 0.00540374 0.0125462 -0.00325636 -0.00171316 -0.0108788 0.00096447
internal_weight=236.655 232.971 62.2663 20.9296 41.3366 15.3949 37.1739 170.704 67.6315 37.3551 30.2764 103.073 23.6565 79.4163
internal_count=1288 1266 352 119 233 83 213 914 360 194 166 554 131 423
cat_boundaries=0 1
cat_threshold=1678377988
is_linear=0
shrinkage=0.05


Tree=199
num_leaves=8
num_cat=0
split_feature=2 0 6 0 1 0 0
split_gain=0.143613 1.10175 0.427676 0.401119 1.36463 1.30111 0.586758
threshold=1.0350000000000004 2.6300000000000003 1.0000000180025095e-35 2.5450000000000004 1.1600000000000001 1.4350000000000003 1.1150000000000004
decision_type=2 2 2 2 2 2 2
left_child=3 2 -2 4 5 6 -1
right_child=1 -3 -4 -5 -6 -7 -8
leaf_value=3.3030453025566598e-05 -0.00462438888372036 0.016253284794867019 -0.032228124396346883 -0.01490273058840789 0.022353075282245977 -0.024552813210218252 0.018443560415645485
leaf_weight=205.91595127806067 3.6052832175046188 3.3757359832525253 2.956555187702179 4.1820279955863944 6.8429087102413169 5.2347722128033629 4.3340399339795104
leaf_count=1114 27 16 18 24 37 29 23
internal_value=-2.18456e-05 -0.00589282 -0.0181094 0.000216152 0.000529592 -0.000150286 0.000444898
internal_weight=236.447 9.93757 6.56184 226.51 222.328 215.485 210.25
internal_count=1288 61 45 1227 1203 1166 1137
is_linear=0
shrinkage=0.05


end of trees

feature_importances:
盈利能力_斜率=698
总分_斜率=665
成长能力_斜率=650
一级行业=201
子场景通过数=127
蒙特卡洛=78
DCF估值=69
市场指数=61
修正PE估值=58
行业PE=49
个股PE=46

parameters:
[boosting: gbdt]
[objective: binary]
[metric: binary_logloss]
[tree_learner: serial]
[device_type: cpu]
[data_sample_strategy: bagging]
[data: ]
[valid: ]
[num_iterations: 200]
[learning_rate: 0.05]
[num_leaves: 31]
[num_threads: 4]
[seed: 42]
[deterministic: 0]
[force_col_wise: 0]
[force_row_wise: 0]
[histogram_pool_size: -1]
[max_depth: 5]
[min_data_in_leaf: 20]
[min_sum_hessian_in_leaf: 0.001]
[bagging_fraction: 0.8]
[pos_bagging_fraction: 1]
[neg_bagging_fraction: 1]
[bagging_freq: 0]
[bagging_seed: 400]
[bagging_by_query: 0]
[feature_fraction: 0.8]
[feature_fraction_bynode: 1]
[feature_fraction_seed: 30056]
[extra_trees: 0]
[extra_seed: 12879]
[early_stopping_round: 0]
[early_stopping_min_delta: 0]
[first_metric_only: 0]
[max_delta_step: 0]
[lambda_l1: 0.1]
[lambda_l2: 0.1]
[linear_lambda: 0]
[min_gain_to_split: 0]
[drop_rate: 0.1]
[max_drop: 50]
[skip_drop: 0.5]
[xgboost_dart_mode: 0]
[uniform_drop: 0]
[drop_seed: 17869]
[top_rate: 0.2]
[other_rate: 0.1]
[min_data_per_group: 100]
[max_cat_threshold: 32]
[cat_l2: 10]
[cat_smooth: 10]
[max_cat_to_onehot: 4]
[top_k: 20]
[monotone_constraints: ]
[monotone_constraints_method: basic]
[monotone_penalty: 0]
[feature_contri: ]
[forcedsplits_filename: ]
[refit_decay_rate: 0.9]
[cegb_tradeoff: 1]
[cegb_penalty_split: 0]
[cegb_penalty_feature_lazy: ]
[cegb_penalty_feature_coupled: ]
[path_smooth: 0]
[interaction_constraints: ]
[verbosity: -1]
[saved_feature_importance_type: 0]
[use_quantized_grad: 0]
[num_grad_quant_bins: 4]
[quant_train_renew_leaf: 0]
[stochastic_rounding: 1]
[linear_tree: 0]
[max_bin: 255]
[max_bin_by_feature: ]
[min_data_in_bin: 3]
[bin_construct_sample_cnt: 200000]
[data_random_seed: 175]
[is_enable_sparse: 1]
[enable_bundle: 1]
[use_missing: 1]
[zero_as_missing: 0]
[feature_pre_filter: 1]
[pre_partition: 0]
[two_round: 0]
[header: 0]
[label_column: ]
[weight_column: ]
[group_column: ]
[ignore_column: ]
[categorical_feature: 12]
[forcedbins_filename: ]
[precise_float_parser: 0]
[parser_config_file: ]
[objective_seed: 16083]
[num_class: 1]
[is_unbalance: 0]
[scale_pos_weight: 1]
[sigmoid: 1]
[boost_from_average: 1]
[reg_sqrt: 0]
[alpha: 0.9]
[fair_c: 1]
[poisson_max_delta_step: 0.7]
[tweedie_variance_power: 1.5]
[lambdarank_truncation_level: 30]
[lambdarank_norm: 1]
[label_gain: ]
[lambdarank_position_bias_regularization: 0]
[eval_at: ]
[multi_error_top_k: 1]
[auc_mu_weights: ]
[num_machines: 1]
[local_listen_port: 12400]
[time_out: 120]
[machine_list_filename: ]
[machines: ]
[gpu_platform_id: -1]
[gpu_device_id: -1]
[gpu_use_dp: 0]
[num_gpu: 1]

end of parameters

pandas_categorical:[["\u4ea4\u901a\u8fd0\u8f93", "\u4f20\u5a92", "\u516c\u7528\u4e8b\u4e1a", "\u519c\u6797\u7267\u6e14", "\u533b\u836f\u751f\u7269", "\u5546\u8d38\u96f6\u552e", "\u56fd\u9632\u519b\u5de5", "\u57fa\u7840\u5316\u5de5", "\u5bb6\u7528\u7535\u5668", "\u5efa\u7b51\u6750\u6599", "\u5efa\u7b51\u88c5\u9970", "\u623f\u5730\u4ea7", "\u6709\u8272\u91d1\u5c5e", "\u672a\u77e5", "\u673a\u68b0\u8bbe\u5907", "\u6c7d\u8f66", "\u7164\u70ad", "\u73af\u4fdd", "\u7535\u529b\u8bbe\u5907", "\u7535\u5b50", "\u77f3\u6cb9\u77f3\u5316", "\u793e\u4f1a\u670d\u52a1", "\u7eba\u7ec7\u670d\u9970", "\u7f8e\u5bb9\u62a4\u7406", "\u8ba1\u7b97\u673a", "\u8f7b\u5de5\u5236\u9020", "\u901a\u4fe1", "\u94a2\u94c1", "\u94f6\u884c", "\u975e\u94f6\u91d1\u878d", "\u98df\u54c1\u996e\u6599"]]
