tree
version=v4
num_class=1
num_tree_per_iteration=1
label_index=0
max_feature_idx=224
objective=binary sigmoid:1
feature_names=报价日 报价日价格 总分_斜率 盈利能力_斜率 成长能力_斜率 溢价率上限 总分_T-4 盈利能力_T-4 成长能力_T-4 总分_T-3 盈利能力_T-3 成长能力_T-3 总分_T-2 盈利能力_T-2 成长能力_T-2 总分_T-1 盈利能力_T-1 成长能力_T-1 总分_T 盈利能力_T 成长能力_T 波动率_20d 年化收益_20d 区间收益_20d 胜率_20d 波动率_60d 年化收益_60d 区间收益_60d 胜率_60d 波动率_120d 年化收益_120d 区间收益_120d 胜率_120d 波动率_250d 年化收益_250d 区间收益_250d 胜率_250d MA20 MA30 MA60 MA120 MA250 当前价 均价_all 中位价 价格标准差 漂移率 波动率 数据天数 报价日_md 邀请日 个股PE 个股PB 个股PS 行业PE 行业PB 营收_T 营业利润_T 净利润_fcf_T NOPAT_T 折旧_T 资本支出_T FCF_T FCF年份_T 营收_T1 营业利润_T1 净利润_fcf_T1 NOPAT_T1 折旧_T1 资本支出_T1 FCF_T1 FCF年份_T1 营收_T2 营业利润_T2 净利润_fcf_T2 NOPAT_T2 折旧_T2 资本支出_T2 FCF_T2 FCF年份_T2 营收_T3 营业利润_T3 净利润_fcf_T3 NOPAT_T3 折旧_T3 资本支出_T3 FCF_T3 FCF年份_T3 营收_T4 营业利润_T4 净利润_fcf_T4 NOPAT_T4 折旧_T4 资本支出_T4 FCF_T4 FCF年份_T4 FCF_3年斜率 营收_3年斜率 NOPAT_3年斜率 报价日MA20 锁定价当前价 净利润 行业波动率_20d 行业年化收益_20d 行业区间收益_20d 行业胜率_20d 行业波动率_60d 行业年化收益_60d 行业区间收益_60d 行业胜率_60d 行业波动率_120d 行业年化收益_120d 行业区间收益_120d 行业胜率_120d 行业波动率_250d 行业年化收益_250d 行业区间收益_250d 行业胜率_250d 行业MA20 行业MA60 行业MA120 行业MA250 行业漂移率 行业波动率_总 行业总天数 同行公司数 同行PE_均值 同行PE_中位 同行PE_标准差 同行PB_均值 同行PB_中位 同行PS_均值 同行PS_中位 同行市值_均值 同行市值_中位 流动比率 速动比率 存货周转率 应收账款周转率 流动资产周转率 总资产周转率 ROA 总资产净利率 ROE ROE摊薄 现金流动负债比 现金利息负债比 净利率 毛利率 资产负债率 利息资本化率 产权比率 已获利息倍数 研发费用率 营收增长 利润增长 净利增长 扣非净利增长 ROE增长 总营收增长 营收增长2 净资产增长 营收_YoY 营收_CAGR2 营收_加速 NOPAT_YoY NOPAT_CAGR2 NOPAT_加速 FCF_YoY FCF_CAGR2 FCF_加速 营业利润_YoY 营业利润_CAGR2 营业利润_加速 净利润_fcf_YoY 净利润_fcf_CAGR2 净利润_fcf_加速 资本支出_YoY 资本支出_CAGR2 资本支出_加速 FCF_margin FCF_conversion capex_to_dep capex_intensity NOPAT_margin 总分_delta_1y 总分_delta_2y 总分_delta_4y 盈利能力_delta_1y 盈利能力_delta_2y 盈利能力_delta_4y 成长能力_delta_1y 成长能力_delta_2y 成长能力_delta_4y PE_vs_行业 PB_vs_行业 PE_vs_同行均值 PE_vs_同行中位 PB_vs_同行均值 PB_vs_同行中位 PS_vs_同行均值 vol_ratio_20_60 vol_ratio_60_250 return_acceleration price_vs_MA20 price_vs_MA60 price_vs_MA120 price_vs_MA250 行业PE_60d增长 行业PB_60d增长 行业PE_120d增长 行业PB_120d增长 行业PE_250d增长 行业PB_250d增长 市场波动率_120d 市场年化收益_120d 市场胜率_120d 市场距离MA250 市场波动率比值 三浪_score 三浪_gain 三浪_retr 抵抗_score 抵抗_corr_div_stock 大盘MA10_slope3%
feature_infos=[20200103:20251118] [2.0099999999999998:1201.5] [-6.8899999999999997:5.0899999999999999] [-4.4299999999999997:3.0600000000000001] [-2.29:1.98] [-0.20000000000000001:0] [52.25:86.400000000000006] [15:27] [12.5:22.25] [53.119999999999997:86.280000000000001] [15:27] [12.5:22.5] [52.5:85.579999999999998] [15:27] [12.5:22.25] [53.119999999999997:88.5] [15:27] [12.5:22.5] [52.880000000000003:87.379999999999995] [15:27] [12.5:22.5] [0.1195:1.4625999999999999] [-2.6371000000000002:2463.5351559309834] [-0.28290062667860338:1.2024999999999999] [0.14999999999999999:0.90000000000000002] [0.10680000000000001:1.2746999999999999] [-2.4862000000000002:110.43613319149621] [-0.59670000000000001:2.0994615140956601] [0.30508474576271188:0.67796610169491522] [0.15690000000000001:1.2012] [-1.0992:13.332530408506422] [-0.6206896551724137:5.3498999999999999] [0.3417:0.60504201680672265] [0.13600000000000001:0.9042] [-0.6835:6.8868999999999998] [-0.6835:6.8868999999999998] [0:0.58799999999999997] [2:430.23000000000002] [2.02:427.62] [2.1400000000000001:388.38] [2.2000000000000002:368.65325000000001] [2.4100000000000001:367.66000000000003] [2.0099999999999998:465.10000000000002] [2.2799999999999998:287.88] [2.2000000000000002:279.26999999999998] [0.12:93.069999999999993] [-2.4862000000000002:7.3459000000000003] [0.10680000000000001:1.2746999999999999] [165:340] [20200103:20251118] [20191231:20251115] [-5697.5200000000004:31258.7556] [0.33069999999999999:305.96879999999999] [0.039800000000000002:310.12779999999998] [4.1900000000000004:1085.47] [0.41999999999999998:22.859999999999999] [0.31118218350000004:4237.0183399999996] [-218.51458:895.18636000000004] [-166.42310000000001:761.70000000000005] [-218.51458:895.18636000000004] [0.00087798968000000013:121.340600780416] [0.0035264958:423.44558000000001] [-207.86294001949997:957.03999999999996] [2019:2025] [0:3620.12554] [-184.99903:677.57000000000005] [-144.09429:641.99000000000001] [-184.99903:677.57000000000005] [3.2636999999999999e-05:108.77442154552] [0.0003788733:311.79942999999997] [-385.78217000000001:1542.01] [2018:2024] [0.10285449599999999:4009.1704490000002] [-34.879772221300001:623.88] [-39.248952115500003:609.33000000000004] [-34.879772221300001:623.88] [8.081047999999999e-06:100.59862560000001] [0:449.6591878232] [-144.99585579770002:780.67999999999995] [2017:2023] [0.27760807050000003:3285.939875] [-85.493939999999995:561.24000000000001] [-49.653460000000003:523.11000000000001] [-85.493939999999995:561.24000000000001] [1.1296280000000001e-05:128.3222552] [0.0032653783000000003:482.15268099999997] [-1027.78:1781.77] [2016:2022] [0.25065353439999999:2430.9486853668] [-18.508875164199999:574.69000000000005] [-16.726886349899999:476.82999999999998] [-18.508875164199999:574.69000000000005] [8.8831440000000007e-05:126.61942000000001] [1.804e-05:437.677708] [-4082.02:371.11856] [2015:2021] [-379.97499999999991:89.361214999999987] [-318.83879342230023:308.24510000000026] [-179.00166950000002:155.14894500000003] [2:1271.2] [2.0099999999999998:1201.5] [-28103264000:73849000000] [0.080299999999999996:0.97729999999999995] [-3.2052:9.1241000000000003] [-0.25640000000000002:0.72989999999999999] [0.10000000000000001:0.84999999999999998] [0.094100000000000003:0.76019999999999999] [-1.4590000000000001:4.2027000000000001] [-0.35010000000000002:1.0086999999999999] [0.31669999999999998:0.7167] [0.0974:0.66820000000000002] [-0.84289999999999998:2.6808000000000001] [-0.40460000000000002:1.2867999999999999] [0.31669999999999998:0.625] [0.11550000000000001:0.66259999999999997] [-0.51549999999999996:4.4028] [-0.51549999999999996:4.4028] [0.35599999999999998:0.61199999999999999] [159.78:133913.85000000001] [160.69:133169.76999999999] [156.38999999999999:129637.69] [159.78999999999999:100391.05] [-1.4590000000000001:4.2027000000000001] [0.094100000000000003:0.76019999999999999] [306:679] [1:30] [4.1795599999999995:380.02109999999999] [4.2051999999999996:380.02109999999999] [0:160.87214803109825] [0.48230000000000006:15.645200000000001] [0.47239999999999999:15.645200000000001] [0.23304285714285713:1082.1322533333334] [0.096599999999999991:32.868699999999997] [15.378376556666666:10547.666900325999] [16.9008:10254.502892479999] [0:50.46948375597119] [0:48.589572146438016] [0:97613.444397387691] [0:1479.7951672172867] [0:8.3289521994505211] [0:5.9240640559334086] [-61.603870882456469:87.639753376470594] [-61.913053372474948:86.599082031126514] [-199.79205710283583:183.63991870464747] [-199.79205710283583:183.63991870464747] [0:1817.7131569502169] [0:181030.1123133878] [-1213.4185077792813:124.08414783199022] [-15.177340048867816:97.874662671630432] [2.6679255970283418:99.735390401315598] [0:99.05443916568548] [0.027410549023980185:376.9152400260117] [-3569.247966467974:5160.4977969452439] [0:8.8247396740711661] [-6562.1522860116556:20694.041255075284] [-9774.7097020552737:5895.1944797130936] [-9613.7293454737901:1645.6236389458386] [-9613.7293454737901:1645.6236389458386] [-11314.707138205045:1943.2223541814546] [-100:1315.8423698992694] [-100:1315.8423698992694] [-97.988307094617795:2458.6622398593217] [-0.84781572952157236:58.841633202321837] [-0.81251889440674285:6.6989353106282747] [-22.06124269242245:58.851125394541299] [-224.91252583660025:535.3238758578575] [-0.92099211407898973:46.550401218101499] [-1645.3313374046725:536.09105925602933] [-218.22885594267876:6801.815302554458] [-0.91144986920844284:11.796725073384904] [-926.67920043263291:6802.8126340889803] [-224.91252583660025:535.3238758578575] [-0.92099211407898973:46.550401218101499] [-1645.3313374046725:536.09105925602933] [-96.1372934547379:253.29013288067517] [-0.88807207114474429:11.209098329388533] [-131.83559460365606:254.06804007945726] [-0.90941899728873665:1414.5466204455097] [-0.80390211370451803:40.288479717491143] [-913.86992953241122:1415.4757142731469] [-10.871419568962798:2.5069798954028228] [-250.58466442382428:416.57496158843674] [0.0084111504892290384:1171.6408341386843] [0.000346472876086467:3.4349757038257804] [-12.133075162254579:3.3774965011978515] [-27:17.549999999999997] [-25.830000000000005:22.850000000000009] [-27.980000000000004:22.579999999999991] [-12:11.550000000000001] [-12:11.1] [-12:11.1] [-9:9] [-8.75:8.75] [-9.120000000000001:7.870000000000001] [-207.55992714025504:972.58107031736154] [0.11996194824961948:112.07648351648351] [-66.830504569541517:412.08546882125029] [-118.10461160872531:617.01204267540436] [0.21605334579621122:120.13133904199229] [0.22087664382123987:158.04173553719008] [0.0035744244643713848:96.97160528183656] [0.36670045615813479:1.6767167258970537] [0.34187316253674926:1.7415418746533557] [-5.6699165056969099:97.103602782989782] [0.76900149031296583:1.6527813712807247] [0.67820049672612337:1.8927059936162667] [0.57564814315744084:2.1051398073404513] [0.4197223211107155:2.6664388973807616] [-0.60522002269575093:2.2700548081714] [-0.54460719041278294:1.1521381578947372] [-0.63968196602818939:2.9751665657177462] [-0.7381465517241379:1.1164274322169061] [-0.82707455577944677:10.77219730941704] [-0.76784400294334065:1.8840970350404311] [0.11652689607196304:0.49418375383761609] [-0.84037644463935102:1.2135067764116692] [0.36666666666666664:0.6166666666666667] [-0.29634773883876053:0.49110781547974391] [0.33987433355820068:1.7028113305691333] none [0.10801963993453342:3.8078740157480317] [0.0017361111111113825:1.4238532110091744] none [-1.3055000000000001:2.0249000000000001] [-7.338963746795697:10.066549356043584]
tree_sizes=1483 1511 1516 1520 1305 1513 1410 1308 1299 1299 1307 1516 1410 1412 1410 1417 1306 1522 1400 1514 1299 1515 1528 1518 1285 1302 1301 1086 1089 1200 1085 1496 1306 1198 1194 1303 1199 1201 1423 1316 1303 1105 1513 1204 1085 1729 1201 1307 1303 1741 1313 1311 1111 883 1107 987 1312 1176 792 1199 1525 997 1201 784 1101 1523 1075 1522 1101 1298 1743 1001 1002 997 996 997 988 1104 897 1101 874 1308 797 1111 1311 782 991 1210 992 1210 1100 899 685 683 1314 1094 1424 1108 785 1117 1211 893 1314 1103 1002 1000 892 791 995 897 1423 999 893 792 794 891 995 894 893 897 881 1205 872 687 1423 1427 974 897 896 1192 787 1427 1101 1105 998 789 1208 1517 1087 997 891 785 893 999 970 897 1311 776 1425 1201

Tree=0
num_leaves=13
num_cat=0
split_feature=0 0 224 45 35 103 218 206 164 138 185 143
split_gain=93.5809 51.8933 33.3759 30.6628 19.3405 13.8982 12.8507 10.6493 9.66534 8.46938 8.4667 5.158
threshold=20240228.000000004 20210802.500000004 -3.2135779205952573 3.2850000000000006 0.50705000000000011 -0.26754999999999995 0.67340798472158014 0.92529384303619677 -0.288383740892106 3.6756798547494243 0.40499999999999764 10.647365855441013
decision_type=2 2 2 2 2 2 2 2 2 2 2 2
left_child=1 5 3 -3 8 7 -4 -1 -2 -6 -7 -10
right_child=4 2 6 -5 9 10 -8 -9 11 -11 -12 -13
leaf_value=0.1073380243348187 0.10264888017061066 0.10529348061584606 0.086741820386758081 0.058535556750504647 0.11459217634017861 0.099047080083722275 0.052373792870194988 0.071177525963963623 0.14128105546172132 0.079857159265696559 0.12515978700714089 0.11734023499646136
leaf_weight=10.291273757815359 11.361251652240751 32.217301070690155 11.505429953336714 20.579052180051804 11.514604970812799 43.247816368937492 76.256787106394768 24.345164686441422 29.605925962328911 13.669415459036825 15.23265804350376 12.512493714690207
leaf_count=40 44 125 44 77 45 167 284 92 118 52 60 49
internal_value=0.0892089 0.0796726 0.0681682 0.0870961 0.117479 0.0970129 0.0568342 0.0820213 0.127678 0.0956467 0.105945 0.134317
internal_weight=312.339 233.675 140.559 52.7964 78.6637 93.1169 87.7622 34.6364 53.4797 25.184 58.4805 42.1184
internal_count=1197 889 530 202 308 359 328 132 211 97 227 167
is_linear=0
shrinkage=1


Tree=1
num_leaves=13
num_cat=0
split_feature=0 0 224 45 35 103 218 193 134 164 138 144
split_gain=88.145 48.7875 31.3294 28.8325 18.2721 13.086 12.0494 10.7337 10.3004 9.13885 7.97973 4.88193
threshold=20240228.000000004 20210802.500000004 -3.2135779205952573 3.2850000000000006 0.50705000000000011 -0.26754999999999995 0.67340798472158014 -1.3750000000000007 60.357928930000007 -0.288383740892106 3.6756798547494243 10.647365855441013
decision_type=2 2 2 2 2 2 2 2 2 2 2 2
left_child=1 5 3 -3 9 8 -4 -7 -1 -2 -6 -11
right_child=4 2 6 -5 10 7 -8 -9 -10 11 -12 -13
leaf_value=0.0120761348677601 0.010375308308799994 0.012942187391177102 -0.0050629189912920081 -0.032386470169181607 0.021983741975213487 0.0005628719319413282 -0.038345655551012159 0.026365453815922351 -0.021849099032545567 0.047984417181250648 -0.011737364411686263 0.024656651637331519
leaf_weight=12.385982319712637 11.35535031557083 32.196143954992294 11.508111566305159 20.604936420917511 11.501168534159662 29.129535019397736 76.365747213363647 29.308924168348312 22.263215079903603 29.521006435155869 13.676520422101019 12.49590429663658
leaf_count=48 44 125 44 77 45 112 284 115 84 118 52 49
internal_value=-0.00266753 -0.011915 -0.0230615 -0.00471781 0.0247948 0.00490407 -0.0340317 0.0135779 -0.00963572 0.034724 0.00357379 0.0411929
internal_weight=312.313 233.763 140.675 52.8011 78.55 93.0877 87.8739 58.4385 34.6492 53.3723 25.1777 42.0169
internal_count=1197 889 530 202 308 359 328 227 132 211 97 167
is_linear=0
shrinkage=0.03


Tree=2
num_leaves=13
num_cat=0
split_feature=0 0 0 31 35 104 193 206 164 138 18 143
split_gain=83.0653 45.8962 19.7154 23.6205 17.2833 12.3224 10.1247 9.92873 8.65893 7.5198 6.15404 4.63724
threshold=20240228.000000004 20210802.500000004 20230529.500000004 0.19285000000000005 0.50705000000000011 -0.021399999999999995 -1.3750000000000007 0.92529384303619677 -0.288383740892106 3.6756798547494243 62.635000000000005 10.647365855441013
decision_type=2 2 2 2 2 2 2 2 2 2 2 2
left_child=1 5 3 -3 8 7 -7 -1 -2 -6 -4 -10
right_child=4 2 10 -5 9 6 -8 -9 11 -11 -12 -13
leaf_value=0.015110561974849217 0.010072429711634509 -0.0042018451762546776 -0.051986061446850328 -0.033292007320662169 0.021359524552658035 0.00054606205855227039 0.02561943529599367 -0.01980359759865764 0.046736346802348012 -0.011382815326658071 -0.025472367192650704 0.023961307090616044
leaf_weight=10.285960495471953 11.349005818367003 63.575762733817101 21.500096961855888 41.775703951716423 11.485324233770372 29.128706276416779 29.261132806539536 24.373264729976654 29.404450431466103 13.682457357645033 13.865325212478636 12.475972369313238
leaf_count=40 44 243 79 156 45 112 115 92 118 52 52 49
internal_value=-0.0025866 -0.0115573 -0.0223646 -0.0157862 0.0241048 0.00476071 0.0131848 -0.00934201 0.0337822 0.00346583 -0.0417769 0.0400965
internal_weight=312.163 233.766 140.717 105.351 78.3972 93.0491 58.3898 34.6592 53.2294 25.1678 35.3654 41.8804
internal_count=1197 889 530 399 308 359 227 132 211 97 131 167
is_linear=0
shrinkage=0.03


Tree=3
num_leaves=13
num_cat=0
split_feature=0 0 224 45 35 185 216 52 164 125 178 218
split_gain=78.3122 43.1896 28.8718 27.0354 16.3656 12.3727 13.8936 11.3763 8.21974 7.48477 6.64671 4.76729
threshold=20240228.000000004 20210802.500000004 -3.2135779205952573 3.2850000000000006 0.50705000000000011 -2.7899999999999987 0.56250000000000011 3.5642500000000004 -0.288383740892106 18.500000000000004 0.12812690111877137 0.96322755840882412
decision_type=2 2 2 2 2 2 2 2 2 2 2 2
left_child=1 5 3 -3 8 6 -1 -4 -2 -7 -6 -10
right_child=4 2 7 -5 10 9 -8 -9 11 -11 -12 -13
leaf_value=0.0055713462865589645 0.0097787401899354538 0.013016130125758375 -0.020211053416473525 -0.030867772236213738 -0.011530125270781139 0.023695151039797462 -0.027995539311026527 -0.042163461375900081 0.047403339785421265 -0.0045195856930711755 0.019148216741911549 0.025781448497793191
leaf_weight=33.161068111658096 11.342268168926237 32.198302194476128 40.097707360982895 20.620907455682755 12.860377267003061 32.130375057458878 16.494146764278412 47.827463284134865 25.319510251283646 11.210262209177015 12.29424926638603 16.392770737409592
leaf_count=128 44 125 151 77 49 126 62 177 102 43 48 65
internal_value=-0.00250967 -0.0112132 -0.0216937 -0.00408565 0.023445 0.00462247 -0.00555225 -0.0322206 0.0328865 0.0163346 0.00336148 0.0390597
internal_weight=311.949 233.74 140.744 52.8192 78.2092 92.9959 49.6552 87.9252 53.0545 43.3406 25.1546 41.7123
internal_count=1197 889 530 202 308 359 190 328 211 169 97 167
is_linear=0
shrinkage=0.03


Tree=4
num_leaves=11
num_cat=0
split_feature=0 0 224 45 49 129 126 47 218 163
split_gain=73.8506 40.6602 27.1755 25.4512 15.9462 12.0737 14.4061 11.9485 11.0949 9.51648
threshold=20240228.000000004 20210802.500000004 -3.2135779205952573 3.2850000000000006 20250730.500000004 6.2491533126294012 70.352444047619059 0.65255000000000007 0.67340798472158014 0.21354767939039035
decision_type=2 2 2 2 2 2 2 2 2 2
left_child=1 5 3 -3 7 6 -1 9 -4 -2
right_child=4 2 8 -5 -6 -7 -8 -9 -10 -11
leaf_value=0.00076836008539014639 0.046143796969859319 0.012635938026352652 -0.0035057761106920189 -0.029949412937114908 -0.00038254417062286904 -0.021890676765191346 0.028984601928847734 0.0066103417776457851 -0.035408381588904456 0.012503852247707841
leaf_weight=56.876333326101303 33.740883499383926 32.175432875752449 11.525017961859701 20.618698760867119 19.696387305855751 13.226906910538672 22.853772699832916 14.35881933569908 76.369868084788322 10.209195941686628
leaf_count=219 136 125 44 77 76 50 90 56 284 40
internal_value=-0.00243561 -0.0108826 -0.0210536 -0.00396419 0.0228084 0.00448488 0.00892 0.0306808 -0.0312681 0.0384438
internal_weight=311.651 233.646 140.689 52.7941 78.0053 92.957 79.7301 58.3089 87.8949 43.9501
internal_count=1197 889 530 202 308 359 309 232 328 176
is_linear=0
shrinkage=0.03


Tree=5
num_leaves=13
num_cat=0
split_feature=0 0 224 45 34 103 73 118 164 81 138 143
split_gain=69.6423 38.3049 25.6034 23.969 15.1094 11.4983 11.0459 9.39708 7.76545 7.05318 7.01365 4.42994
threshold=20240228.000000004 20210802.500000004 -3.2135779205952573 3.2850000000000006 0.50705000000000011 -0.26754999999999995 0.66941758865000012 6788.295000000001 -0.288383740892106 1.7665015433500002 3.6756798547494243 10.647365855441013
decision_type=2 2 2 2 2 2 2 2 2 2 2 2
left_child=1 5 3 -3 8 7 -4 -1 -2 -7 -6 -10
right_child=4 2 6 -5 10 9 -8 -9 11 -11 -12 -13
leaf_value=-0.020013848200828376 0.008844117484969034 0.012267596429190904 -0.046511372799828858 -0.029071654435131194 0.020227312633470572 0.018113098541271067 -0.023136630731285586 0.013256538598493193 0.043890248356928979 -0.0067405194798397655 -0.011427763663744829 0.021569217424403885
leaf_weight=23.553808450698853 11.315948486328123 32.150650411844254 26.846876904368401 20.607173770666122 11.447081580758097 45.247322574257851 60.963245868682861 11.093299373984335 28.979271501302719 13.02740855515003 13.680250272154806 12.375011831521986
leaf_count=89 44 125 99 77 45 177 229 43 118 50 52 49
internal_value=-0.00236421 -0.0105639 -0.0204417 -0.00384719 0.0221884 0.00435248 -0.0303621 -0.00926751 0.0313119 0.0125036 0.00289721 0.0373513
internal_weight=311.287 233.49 140.568 52.7578 77.7976 92.9218 87.8101 34.6471 52.6702 58.2747 25.1273 41.3543
internal_count=1197 889 530 202 308 359 328 132 211 227 97 167
is_linear=0
shrinkage=0.03


Tree=6
num_leaves=12
num_cat=0
split_feature=0 0 195 10 49 185 47 55 184 196 159
split_gain=65.7211 36.0964 17.866 19.267 14.6813 11.4921 11.308 10.4962 8.06343 7.23859 5.09562
threshold=20240228.000000004 20210802.500000004 1.2365027878239905 16.200000000000006 20250730.500000004 -2.7899999999999987 0.65255000000000007 3.0450000000000004 0.098471166351823222 1.0133210872977461 20.90075441300446
decision_type=2 2 2 2 2 2 2 2 2 2 2
left_child=1 5 3 -3 6 7 10 -1 -4 -7 -2
right_child=4 2 8 -5 -6 9 -8 -9 -10 -11 -12
leaf_value=0.010312701908222045 0.042508103666256777 -0.033969682588910539 -0.040202279572416823 0.0011080673676769647 -0.00064173961011861015 0.025798494052105936 0.0057606587041286383 -0.017481916355538831 -0.019712312617953691 0.00070984192140246551 0.017376378796099611
leaf_weight=21.152233973145485 33.460416123270988 19.555131167173386 36.892867371439934 49.239241376519203 19.667879074811935 25.380971997976303 14.305305764079092 28.478862717747688 34.722195044159889 17.862652704119682 10.101534783840178
leaf_count=82 136 73 137 189 76 100 56 108 131 69 40
internal_value=-0.00229578 -0.0102576 -0.0198537 -0.00885424 0.021603 0.00422347 0.0292034 -0.00557891 -0.030351 0.0155299 0.0368022
internal_weight=310.819 233.284 140.409 68.7944 77.5351 92.8747 57.8673 49.6311 71.6151 43.2436 43.562
internal_count=1197 889 530 262 308 359 232 190 268 169 176
is_linear=0
shrinkage=0.03


Tree=7
num_leaves=11
num_cat=0
split_feature=224 49 33 49 152 49 224 104 125 221
split_gain=39.451 22.5378 18.8368 19.366 17.9623 12.1236 10.7568 10.6469 14.7884 8.68778
threshold=1.5040919894376279 20240265.000000004 0.50135000000000007 20230614.000000004 -2.2319577614949822 20250726.500000004 -3.6552314890509963 -0.015649999999999997 17.500000000000004 0.47013077473244674
decision_type=2 2 2 2 2 2 2 2 2 2
left_child=1 2 3 -1 5 -2 -4 8 -6 -9
right_child=4 -3 6 -5 7 -7 -8 9 -10 -11
leaf_value=0.0011898948115550009 0.046332017084293797 0.021483554533003962 -0.011806615185265995 -0.032257310553015867 0.0055823987801277165 0.0049207530437586407 -0.03723452830989691 -0.0095591836718192241 -0.028914540326176217 0.017720124308241818
leaf_weight=67.794788882136345 17.391840502619747 16.200072839856148 24.47136826813221 20.067568182945251 32.024161398410797 10.312491625547407 40.795799553394318 12.97708113491535 16.990155145525932 51.398483604192734
leaf_count=261 71 65 93 75 124 40 152 50 64 202
internal_value=-0.00222856 -0.0119957 -0.0155688 -0.00644325 0.00947205 0.0310984 -0.0277791 0.00413895 -0.00634895 0.0121682
internal_weight=310.424 169.33 153.13 87.8624 141.094 27.7043 65.2672 113.39 49.0143 64.3756
internal_count=1197 646 581 336 551 111 245 440 188 252
is_linear=0
shrinkage=0.03


Tree=8
num_leaves=11
num_cat=0
split_feature=0 0 45 31 0 34 164 138 18 164
split_gain=59.0663 33.4258 22.0889 27.5641 16.9367 13.8175 7.44132 6.55327 5.937 4.08697
threshold=20240228.000000004 20230529.500000004 3.1050000000000004 0.11610000000000002 20210715.500000004 0.50705000000000011 -0.288383740892106 3.6756798547494243 62.635000000000005 0.10977297779929963
decision_type=2 2 2 2 2 2 2 2 2 2
left_child=1 2 3 -1 -4 6 -2 -7 -3 -8
right_child=5 8 4 -5 -6 7 9 -9 -10 -11
leaf_value=0.016906333286847704 0.0073669877800371679 -0.046683973576825688 -0.0012331846141669658 -0.012364968071644982 -0.028886819314545547 0.018946289074747137 0.041457669043925512 -0.011707449422505721 -0.020681449242274545 0.019559772786595948
leaf_weight=63.067293047904968 11.259173631668089 21.329034313559532 35.595480844378471 53.277239724993706 45.915443256497383 11.389309704303743 29.139191940426826 13.669864177703856 13.782786950469015 11.629802718758581
leaf_count=246 44 79 137 203 172 45 120 52 52 47
internal_value=-0.00216368 -0.0097047 -0.0048917 0.00347736 -0.0168637 0.0205704 0.0293757 0.00212526 -0.0366499 0.0353476
internal_weight=310.055 232.967 197.855 116.345 81.5109 77.0873 52.0282 25.0592 35.1118 40.769
internal_count=1197 889 758 449 309 308 211 97 131 167
is_linear=0
shrinkage=0.03


Tree=9
num_leaves=11
num_cat=0
split_feature=0 0 52 101 214 50 47 163 185 110
split_gain=55.7686 31.6116 20.2288 16.8763 16.0915 13.1699 10.7067 8.91014 6.98898 2.9686
threshold=20240228.000000004 20230529.500000004 2.2468500000000007 51905138.70000001 0.28995369770446366 20250727.500000004 0.65255000000000007 0.21354767939039035 -1.5299999999999974 0.22610000000000002
decision_type=2 2 2 2 2 2 2 2 2 2
left_child=1 2 3 -1 -4 6 7 -2 9 -3
right_child=5 8 4 -5 -6 -7 -8 -9 -10 -11
leaf_value=0.033835670616605404 0.042353697146782006 -0.0313874550308414 -0.015110398344950865 -0.0041476801922552525 0.0074945019903517231 -0.0010139105556672473 0.0044596482539389394 0.0095825436592233276 -0.01461634726656396 -0.054119402091891623
leaf_weight=19.726116567850113 32.87034347653389 10.651177719235422 118.92968027293682 22.147941738367081 36.935039281845093 19.63022780418396 14.214447632431982 10.070795804262159 10.52236585319042 13.82186636328697
leaf_count=78 136 40 452 85 143 76 56 40 40 51
internal_value=-0.00210231 -0.00942572 -0.00474869 0.0137121 -0.00973314 0.0200389 0.0273111 0.0347778 -0.0356786 -0.0445161
internal_weight=309.52 232.734 197.739 41.8741 155.865 76.7858 57.1556 42.9411 34.9954 24.473
internal_count=1197 889 758 163 595 308 232 176 131 91
is_linear=0
shrinkage=0.03


Tree=10
num_leaves=11
num_cat=0
split_feature=0 0 224 45 49 129 126 47 218 159
split_gain=52.6413 30.3863 22.3856 21.2359 12.5126 10.9781 13.3557 10.2103 10.0458 4.78852
threshold=20240228.000000004 20210802.500000004 -3.2135779205952573 3.7050000000000005 20250730.500000004 6.2491533126294012 70.352444047619059 0.65255000000000007 0.67340798472158014 20.90075441300446
decision_type=2 2 2 2 2 2 2 2 2 2
left_child=1 5 3 -3 7 6 -1 9 -4 -2
right_child=4 2 8 -5 -6 -7 -8 -9 -10 -11
leaf_value=0.00051907808359628904 0.039584309439241086 0.011582479882587531 -0.0009241887765208351 -0.028145445390545545 -0.00098356844134417408 -0.021015368937495393 0.027730976964317179 0.0043293219667108101 -0.031286413413393374 0.015075320149396922
leaf_weight=56.796934455633163 32.679635062813759 33.980280175805092 11.509315267205237 18.661613315343857 19.631782501935959 13.227315366268156 22.763647437095642 14.20621347427368 75.610480576753616 9.9716084003448469
leaf_count=219 136 132 44 70 76 50 90 56 284 40
internal_value=-0.00204229 -0.00915227 -0.0179875 -0.0024709 0.0195187 0.00412849 0.00836757 0.0266397 -0.0273153 0.0339731
internal_weight=309.039 232.55 139.762 52.6419 76.4892 92.7879 79.5606 56.8575 87.1198 42.6512
internal_count=1197 889 530 202 308 359 309 232 328 176
is_linear=0
shrinkage=0.03


Tree=11
num_leaves=13
num_cat=0
split_feature=224 33 214 163 152 214 22 207 52 49 197 46
split_gain=32.6265 19.9483 25.5412 16.6499 15.6486 13.5221 11.8018 16.515 11.3697 10.6654 8.96979 8.62967
threshold=1.5040919894376279 0.50135000000000007 0.21868376131434122 0.16254271082106167 -2.2319577614949822 0.27997802381743125 1.3909500000000004 0.9906409780775719 3.5642500000000004 20250726.500000004 0.79972576554657715 0.5838000000000001
decision_type=2 2 2 2 2 2 2 2 2 2 2 2
left_child=1 2 8 -4 9 11 7 -6 -1 -2 -8 -3
right_child=4 5 3 -5 6 -7 10 -9 -10 -11 -12 -13
leaf_value=-0.0055794708609419137 0.04361738234502742 -0.020531225067332307 0.032441264433794713 -0.006136559687994393 0.010902370911238558 0.0041913899780409809 0.041816573632605734 -0.016183048326836237 -0.034324058414353938 0.0045553439755486504 0.007828958911955456 -0.04523478003476343
leaf_weight=37.93079000711441 16.975596368312839 37.522224292159081 23.443373054265976 17.348723873496056 41.095869839191437 13.173419818282126 10.460135966539381 39.695081457495689 18.567928776144981 10.290123879909514 21.739931553602219 20.12539678812027
leaf_count=146 71 143 94 67 161 51 42 152 70 40 85 75
internal_value=-0.00198436 -0.0109025 -0.00204587 0.015986 0.00868375 -0.0230071 0.00372001 -0.002372 -0.0151231 0.0290555 0.0190579 -0.0292708
internal_weight=308.369 168.112 97.2908 40.7921 140.257 70.821 112.991 80.791 56.4987 27.2657 32.2001 57.6476
internal_count=1197 646 377 161 551 269 440 313 216 111 127 218
is_linear=0
shrinkage=0.03


Tree=12
num_leaves=12
num_cat=0
split_feature=0 0 45 31 0 34 164 185 178 218 110
split_gain=48.0602 27.9527 19.2509 24.8972 14.5159 12.3972 7.07278 6.70699 6.19201 4.44962 2.87976
threshold=20240228.000000004 20230529.500000004 3.1050000000000004 0.11610000000000002 20210715.500000004 0.50705000000000011 -0.288383740892106 -1.5299999999999974 0.12812690111877137 0.96322755840882412 0.22610000000000002
decision_type=2 2 2 2 2 2 2 2 2 2 2
left_child=1 2 3 -1 -4 6 -2 10 -7 -8 -3
right_child=5 7 4 -5 -6 8 9 -9 -10 -11 -12
leaf_value=0.016268966046553174 0.0057180988109070017 -0.02932421432592424 -0.0010739985458952503 -0.011581781529802621 -0.02672181975873672 -0.013123218192214264 0.041375747926620826 -0.012883870703936534 0.016637763219247134 0.020174374643800553 -0.051769079770862723
leaf_weight=62.896189793944359 11.168790876865385 10.546935677528383 35.578532725572586 53.168289706110954 45.611210614442825 12.781097710132601 24.08201290667057 10.448489859700201 12.166027933359144 15.801314324140547 13.639210402965544
leaf_count=246 44 40 137 203 172 49 102 40 48 65 51
internal_value=-0.00192679 -0.00872132 -0.00433162 0.00348593 -0.0155346 0.0187495 0.0272087 -0.0335511 0.0012791 0.0331225 -0.042266
internal_weight=307.888 231.889 197.254 116.064 81.1897 75.9992 51.0521 34.6346 24.9471 39.8833 24.1861
internal_count=1197 889 758 449 309 308 211 131 97 167 91
is_linear=0
shrinkage=0.03


Tree=13
num_leaves=12
num_cat=0
split_feature=0 0 45 30 0 34 164 185 138 143 94
split_gain=45.4062 26.5109 18.1451 22.5708 13.7172 11.8032 6.76701 6.40379 6.0551 4.33882 2.96225
threshold=20240228.000000004 20230529.500000004 3.1050000000000004 0.23959050479087399 20210715.500000004 0.50705000000000011 -0.288383740892106 -1.5299999999999974 3.6756798547494243 10.647365855441013 0.030677325425000016
decision_type=2 2 2 2 2 2 2 2 2 2 2
left_child=1 2 3 -1 -4 6 -2 10 -7 -8 -3
right_child=5 7 4 -5 -6 8 9 -9 -10 -11 -12
leaf_value=0.015616319331579261 0.0055522888105834873 -0.050916480145761875 -0.0010418089206573979 -0.010896785067353717 -0.025990340614995697 0.017509861812607067 0.039035447417954817 -0.012521490384606693 -0.012045666890322772 0.016688307630556343 -0.028174152390674598
leaf_weight=62.586085543036461 11.160374388098715 13.554141312837602 35.580567121505737 53.419839128851891 45.492660373449326 11.296021595597269 27.572457775473595 10.431503966450689 13.642544224858282 11.995732232928274 10.473612457513807
leaf_count=245 44 51 137 204 172 45 118 40 52 49 40
internal_value=-0.00187375 -0.00847615 -0.00420637 0.00338253 -0.0150929 0.0182743 0.0265714 -0.0327262 0.00123828 0.0323953 -0.0412854
internal_weight=307.206 231.538 197.079 116.006 81.0732 75.6671 50.7286 34.4593 24.9386 39.5682 24.0278
internal_count=1197 889 758 449 309 308 211 131 97 167 91
is_linear=0
shrinkage=0.03


Tree=14
num_leaves=12
num_cat=0
split_feature=0 0 52 101 218 34 164 185 116 218 94
split_gain=42.9124 25.1596 17.2904 15.4506 14.9197 11.2399 6.48075 6.12444 5.92858 4.35541 2.84899
threshold=20240228.000000004 20230529.500000004 2.2468500000000007 51905138.70000001 1.1107283554392475 0.50705000000000011 -0.288383740892106 -1.5299999999999974 0.49180000000000007 0.96322755840882412 0.030677325425000016
decision_type=2 2 2 2 2 2 2 2 2 2 2
left_child=1 2 3 -1 -4 6 -2 10 -7 -8 -3
right_child=5 7 4 -5 -6 8 9 -9 -10 -11 -12
leaf_value=0.032340220143658061 0.005391251976542312 -0.049856224278450191 -0.013053289072116576 -0.0040741930953551728 0.011155853023707257 0.015629651739804847 0.039949687933848392 -0.012169701015657683 -0.013504496156612143 0.018846520161314651 -0.027468524819624019
leaf_weight=19.612700030207634 11.152037575840948 13.431087315082552 127.46042370796204 22.096868440508842 27.713686913251877 12.675683140754701 23.625461891293526 10.414211794733999 12.241820096969603 15.612318903207777 10.423711627721785
leaf_count=78 44 51 487 85 108 50 102 40 47 65 40
internal_value=-0.00182259 -0.00823927 -0.00408521 0.0130133 -0.00870588 0.0178182 0.0259579 -0.0319368 0.00119954 0.0316985 -0.0403543
internal_weight=306.46 231.153 196.884 41.7096 155.174 75.3073 50.3898 34.269 24.9175 39.2378 23.8548
internal_count=1197 889 758 163 595 308 211 131 97 167 91
is_linear=0
shrinkage=0.03


Tree=15
num_leaves=12
num_cat=0
split_feature=0 0 224 45 185 216 49 73 27 163 132
split_gain=40.5435 24.2437 19.4834 18.1011 10.8805 12.1729 10.8548 10.001 9.98729 9.08969 6.68384
threshold=20240228.000000004 20210802.500000004 -3.2135779205952573 3.7050000000000005 -2.7899999999999987 0.56250000000000011 20250730.500000004 0.66941758865000012 0.24980000000000002 0.21499700729141638 6.6475250000000008
decision_type=2 2 2 2 2 2 2 2 2 2 2
left_child=1 4 3 -3 5 -1 8 -4 9 -2 -6
right_child=6 2 7 -5 10 -7 -8 -9 -10 -11 -12
leaf_value=0.0047405029855563784 0.038100926083088592 0.011495090250405317 -0.040302819627953346 -0.025340154198203565 0.022499037947430921 -0.02669603336898313 -0.00171434385161594 -0.017834933136737195 -0.00057656630404162926 0.0053514441188754966 -0.003194247384003421
leaf_weight=33.035929664969444 33.815040469169617 33.870422855019569 26.141196176409721 18.454721137881279 30.395774960517883 16.488319873809814 19.528606295585632 59.776727631688118 11.437877073884009 10.174351111054419 12.689491987228392
leaf_count=128 145 132 99 70 120 62 76 229 46 41 49
internal_value=-0.00177109 -0.00800453 -0.0159616 -0.00146278 0.00384547 -0.00569805 0.0173721 -0.0247447 0.0241417 0.0306236 0.0148725
internal_weight=305.808 230.853 138.243 52.3251 92.6095 49.5242 74.9559 85.9179 55.4273 43.9894 43.0853
internal_count=1197 889 530 202 359 190 308 328 232 186 169
is_linear=0
shrinkage=0.03


Tree=16
num_leaves=11
num_cat=0
split_feature=0 0 45 31 115 49 27 163 185 110
split_gain=38.3003 23.1831 16.232 21.5491 12.9375 10.3252 9.53896 8.72516 5.95759 2.85844
threshold=20240228.000000004 20230529.500000004 3.1050000000000004 0.11610000000000002 0.46780000000000005 20250730.500000004 0.24980000000000002 0.21499700729141638 -1.5299999999999974 0.22610000000000002
decision_type=2 2 2 2 2 2 2 2 2 2
left_child=1 2 3 -1 -4 6 7 -2 9 -3
right_child=5 8 4 -5 -6 -7 -8 -9 -10 -11
leaf_value=0.01529814680588688 0.0373390609643297 -0.026112211484535887 -0.020858463620194896 -0.010644797934711819 0.007166482892199311 -0.0016629197705061768 -0.00055935947636708277 0.0051975855478556257 -0.011146313343774125 -0.048599362459908299
leaf_weight=62.667864248156548 33.477017566561699 10.310861721634867 61.454125225543976 53.075672909617424 19.285906746983528 19.531571879982948 11.439090788364409 10.164378032088278 10.354647830128668 13.243061661720274
leaf_count=246 145 40 234 203 75 76 46 41 40 51
internal_value=-0.00172292 -0.00778184 -0.00380402 0.00337686 -0.0141266 0.0169315 0.0235705 0.0299507 -0.0306642 -0.0390343
internal_weight=305.004 230.392 196.484 115.744 80.74 74.6121 55.0805 43.6414 33.9086 23.5539
internal_count=1197 889 758 449 309 308 232 186 131 91
is_linear=0
shrinkage=0.03


Tree=17
num_leaves=13
num_cat=0
split_feature=0 0 224 60 34 103 75 193 118 178 163 159
split_gain=36.1841 22.264 18.0845 16.7331 10.2536 10.1026 9.59453 9.01426 8.86175 5.73924 5.60111 4.50473
threshold=20240228.000000004 20210802.500000004 -3.2135779205952573 0.59079447794800011 0.50705000000000011 -0.26754999999999995 0.66941758865000012 -1.3750000000000007 6788.295000000001 0.12812690111877137 0.21354767939039035 -0.56634689851229825
decision_type=2 2 2 2 2 2 2 2 2 2 2 2
left_child=1 5 3 -3 10 8 -4 -7 -1 -6 11 -2
right_child=4 2 6 -5 9 7 -8 -9 -10 -11 -12 -13
leaf_value=-0.019440497125095501 0.01877587931924132 0.011939325528036046 -0.039046404447943606 -0.023025053660189681 -0.013210237635628922 -0.00027610019245871963 -0.016946890808671282 0.023261709368939849 0.012913415374539066 0.015514733303498287 0.0071798090990813444 0.040577512511604456
leaf_weight=23.491144701838493 17.126619681715965 32.437418133020401 25.876689612865448 19.70857173204422 12.756373569369318 29.002996057271957 59.44811138510704 28.968518450856209 11.058220744132994 12.081703513860701 13.068804815411566 19.223650559782982
leaf_count=89 73 127 99 75 49 112 229 115 43 48 53 85
internal_value=-0.00167635 -0.00756418 -0.0152218 -0.00123681 0.0165049 0.00378549 -0.0237221 0.0114539 -0.00899101 0.00064801 0.0243967 0.0304676
internal_weight=304.249 229.992 137.471 52.146 74.2572 92.5209 85.3248 57.9715 34.5494 24.8381 49.4191 36.3503
internal_count=1197 889 530 202 308 359 328 227 132 97 211 158
is_linear=0
shrinkage=0.03


Tree=18
num_leaves=12
num_cat=0
split_feature=0 0 52 10 18 85 195 0 185 86 110
split_gain=34.1981 21.3931 15.5222 14.7301 13.9616 9.8385 7.04415 10.8746 5.80611 3.75576 2.80009
threshold=20240228.000000004 20230529.500000004 2.2468500000000007 18.225000000000005 72.625000000000014 3.2797642749000002 1.188432268629976 20250724.500000004 -1.5299999999999974 -0.19528724794999994 0.22610000000000002
decision_type=2 2 2 2 2 2 2 2 2 2 2
left_child=1 2 3 -1 -4 6 9 -8 10 -2 -3
right_child=5 8 4 -5 -6 -7 7 -9 -10 -11 -12
leaf_value=-0.0082403220466065429 0.01593727065616455 -0.024994237818744724 -0.011035891365253726 0.027805410939225096 0.01824438375306817 -0.008465889560685922 0.024201490431358583 -0.011909289849519208 -0.010183432398196465 0.039224864405691388 -0.047361375178351359
leaf_weight=17.357805296778679 10.17799647152424 10.205352008342745 138.27360890805721 24.187831237912178 16.232467740774155 12.054429218173025 20.353402212262154 11.653615757822989 10.291619732975958 19.659886136651039 13.024238497018812
leaf_count=67 43 40 531 96 64 49 86 45 40 85 51
internal_value=-0.00162925 -0.00735221 -0.00354126 0.0126898 -0.00793048 0.0160949 0.0209365 0.0109641 -0.0294748 0.0314612 -0.0378128
internal_weight=303.472 229.573 196.052 41.5456 154.506 73.8993 61.8449 32.007 33.5212 29.8379 23.2296
internal_count=1197 889 758 163 595 308 259 131 131 128 91
is_linear=0
shrinkage=0.03


Tree=19
num_leaves=13
num_cat=0
split_feature=0 0 224 45 185 216 35 73 125 138 193 48
split_gain=32.3047 20.617 16.9329 16.3844 9.92429 11.3397 9.55349 9.16937 6.81596 5.60851 5.41832 8.25063
threshold=20240228.000000004 20210802.500000004 -3.2135779205952573 3.7050000000000005 -2.7899999999999987 0.56250000000000011 0.50705000000000011 0.66941758865000012 18.500000000000004 3.6756798547494243 -2.7549999999999994 331.50000000000006
decision_type=2 2 2 2 2 2 2 2 2 2 2 2
left_child=1 4 3 -3 5 -1 10 -4 -6 -8 -2 -12
right_child=6 2 7 -5 8 -7 9 -9 -10 -11 11 -13
leaf_value=0.0047439803990127734 0.037873477610254093 0.011302239631008638 -0.03788248880785277 -0.02385289974606284 0.02140086184079977 -0.025604891875049055 0.016168866766246084 -0.016179670046953191 -0.0056217266076918947 -0.012386294041278017 0.029005250456847678 -0.0011765044009975645
leaf_weight=32.999524146318436 15.911467701196669 33.78891633450985 25.597149148583412 18.303225815296173 31.81389644742012 16.484670832753181 11.181729927659037 59.121304586529732 11.13746803998947 13.601194486021994 18.965303137898445 13.903982251882551
leaf_count=128 70 132 99 70 126 62 45 229 43 52 83 58
internal_value=-0.00158391 -0.00714386 -0.0145394 -0.00101451 0.00377353 -0.00533689 0.015688 -0.0228093 0.0143273 0.000390057 0.023382 0.0161823
internal_weight=302.81 229.246 136.811 52.0921 92.4356 49.4842 73.5637 84.7185 42.9514 24.7829 48.7808 32.8693
internal_count=1197 889 530 202 359 190 308 328 169 97 211 141
is_linear=0
shrinkage=0.03


Tree=20
num_leaves=11
num_cat=0
split_feature=0 0 45 31 115 85 195 0 18 86
split_gain=30.5357 19.7632 14.5643 20.0709 11.6107 9.30472 6.69128 10.0747 5.75318 3.60701
threshold=20240228.000000004 20230529.500000004 3.1050000000000004 0.11610000000000002 0.46780000000000005 3.2797642749000002 1.188432268629976 20250724.500000004 62.635000000000005 -0.19528724794999994
decision_type=2 2 2 2 2 2 2 2 2 2
left_child=1 2 3 -1 -4 6 9 -8 -3 -2
right_child=5 8 4 -5 -6 -7 7 -9 -10 -11
leaf_value=0.015034250511448714 0.015139174904098293 -0.038551751239645562 -0.019515943806553457 -0.010046307726127255 0.0070826105765857865 -0.0085969797877450665 0.023174714219483937 -0.011655120930520209 -0.012467225003389096 0.038091864543541298
leaf_weight=62.467365220189095 10.085666924715044 19.968044281005859 61.048069670796394 52.870377242565155 19.223295971751213 12.023813426494597 20.120752409100536 11.650992229580877 13.139129325747488 19.319624036550522
leaf_count=246 43 79 234 203 75 49 86 45 52 85
internal_value=-0.00154086 -0.00694758 -0.00329574 0.00351269 -0.0131079 0.015298 0.0200497 0.0103117 -0.0283587 0.030399
internal_weight=301.917 228.716 195.609 115.338 80.2714 73.2008 61.177 31.7717 33.1072 29.4053
internal_count=1197 889 758 449 309 308 259 131 131 128
is_linear=0
shrinkage=0.03


Tree=21
num_leaves=13
num_cat=0
split_feature=0 0 224 60 13 12 185 21 34 164 138 218
split_gain=28.8548 18.9433 15.7475 15.9011 9.84265 12.3013 9.57782 8.90725 8.89635 6.22154 5.20573 4.4587
threshold=20240228.000000004 20210802.500000004 -3.2135779205952573 0.59079447794800011 18.825000000000003 57.695000000000007 -5.8599999999999985 0.53680000000000005 0.50705000000000011 -0.288383740892106 3.6756798547494243 0.96322755840882412
decision_type=2 2 2 2 2 2 2 2 2 2 2 2
left_child=1 4 3 -3 5 -1 -6 -4 9 -2 -10 -11
right_child=8 2 7 -5 6 -7 -8 -9 10 11 -12 -13
leaf_value=0.024296049928217787 0.0021752902385923554 0.012050768277943378 -0.014642377549098692 -0.022122052004664335 -0.0036459593314900895 -0.012163978478135717 0.026267827111779409 -0.035361784788188168 0.015424590387342736 0.036845308987544907 -0.012135740520371929 0.015082554664510524
leaf_weight=10.26697316765785 10.919489100575445 32.291852042078972 54.920453011989594 19.601752579212189 15.344705447554587 41.732979759573936 24.978241264820099 29.134088456630707 11.117431774735453 22.271180614829063 13.594829857349394 14.949839934706686
leaf_count=41 44 127 215 75 59 160 99 113 45 102 52 65
internal_value=-0.00149847 -0.00675407 -0.0138767 -0.000817341 0.00370537 -0.00487484 0.0148292 -0.0218931 0.0149146 0.0224134 0.000154254 0.0282485
internal_weight=301.124 228.271 135.948 51.8936 92.3229 52 40.3229 84.0545 72.8528 48.1405 24.7123 37.221
internal_count=1197 889 530 202 359 201 158 328 308 211 97 167
is_linear=0
shrinkage=0.03


Tree=22
num_leaves=13
num_cat=0
split_feature=224 33 214 163 103 214 125 120 52 46 78 10
split_gain=19.8466 16.7169 17.2705 14.2295 12.1403 11.1924 10.3407 12.0375 9.20269 7.48661 7.30968 5.75174
threshold=1.5040919894376279 0.50135000000000007 0.21868376131434122 0.16254271082106167 -0.26754999999999995 0.27997802381743125 17.500000000000004 7061.8750000000009 3.5642500000000004 0.5838000000000001 1.2219938587999997 20.775000000000002
decision_type=2 2 2 2 2 2 2 2 2 2 2 2
left_child=1 2 8 -4 6 9 7 -2 -1 -3 11 -6
right_child=4 5 3 -5 10 -7 -8 -9 -10 -11 -12 -13
leaf_value=-0.0026370503415064457 -0.0058067948142308153 -0.017376532115295416 0.030157697653906974 -0.0059176656213937584 0.012327790188365349 0.0050694318255411937 -0.022036962354335297 0.033471496805686125 -0.029019482619669662 -0.040787236798713676 -0.0034403908236553017 0.031404924748439977
leaf_weight=36.888573378324509 23.917113319039345 36.377092450857162 22.769030034542084 17.015620186924934 46.314555317163467 12.997052192687987 18.933084681630135 9.7842583954334241 17.694567441940308 19.367997512221336 16.994934171438217 21.241452515125275
leaf_count=146 94 143 94 67 188 51 74 40 70 75 68 87
internal_value=-0.00145636 -0.00853523 -0.000302083 0.0146771 0.00693846 -0.0197771 -0.00432455 0.0055731 -0.0112819 -0.0256225 0.0139822 0.0184081
internal_weight=300.295 163.11 94.3678 39.7847 137.185 68.7421 52.6345 33.7014 54.5831 55.7451 84.5509 67.556
internal_count=1197 646 377 161 551 269 208 134 216 218 343 275
is_linear=0
shrinkage=0.03


Tree=23
num_leaves=13
num_cat=0
split_feature=224 33 214 163 103 214 125 118 52 46 202 22
split_gain=18.7233 15.7864 16.2934 13.4723 11.452 10.6198 9.72112 13.0657 8.73796 7.5854 7.22558 12.7764
threshold=1.5040919894376279 0.50135000000000007 0.21868376131434122 0.16254271082106167 -0.26754999999999995 0.2940517751148885 17.500000000000004 6788.295000000001 3.5642500000000004 0.5838000000000001 1.2230120873073378 1.3909500000000004
decision_type=2 2 2 2 2 2 2 2 2 2 2 2
left_child=1 2 8 -4 6 9 7 -2 -1 -3 11 -6
right_child=4 5 3 -5 10 -7 -8 -9 -10 -11 -12 -13
leaf_value=-0.0025587302282260426 -0.0068445074712610255 -0.01618650752750864 0.029390935262624353 -0.0057400070146815694 0.0083474033246099446 0.0072410552472870352 -0.021350887206247969 0.033572806065626723 -0.028320195994302657 -0.039301872895634582 -0.009771921215454114 0.035299201547995047
leaf_weight=36.880348011851311 23.440231248736382 37.071079403162003 22.666313305497169 17.019044131040573 50.914294302463531 11.18012462556362 18.958039626479149 10.231662601232527 17.591576680541039 20.27880585193634 10.23811826109886 23.228057235479355
leaf_count=146 92 146 94 67 207 44 74 42 70 79 40 96
internal_value=-0.00141628 -0.00830352 -0.000294851 0.0142731 0.0067399 -0.0192469 -0.00419429 0.00541106 -0.01097 -0.0244665 0.0135922 0.0168677
internal_weight=299.698 162.687 94.1573 39.6854 137.01 68.53 52.6299 33.6719 54.4719 57.3499 84.3805 74.1424
internal_count=1197 646 377 161 551 269 208 134 216 225 343 303
is_linear=0
shrinkage=0.03


Tree=24
num_leaves=11
num_cat=0
split_feature=0 0 45 31 116 85 34 185 114 94
split_gain=26.0778 17.2718 13.3304 18.3298 10.2693 8.65976 5.95244 5.76957 5.10982 2.95681
threshold=20240228.000000004 20230529.500000004 3.1050000000000004 0.11610000000000002 0.46780000000000005 3.2797642749000002 0.84970000000000001 -1.5299999999999974 0.35005000000000003 0.030677325425000016
decision_type=2 2 2 2 2 2 2 2 2 2
left_child=1 2 3 -1 -4 6 8 9 -2 -3
right_child=5 7 4 -5 -6 -7 -8 -9 -10 -11
leaf_value=0.014568144054948502 0.014829663090782114 -0.04511057307919971 -0.018476071040386191 -0.0094566142961355765 0.0066197329934113555 -0.0087868284184851788 0 -0.0073109020649540718 0.034902522321072514 -0.021902575001821471
leaf_weight=62.210803240537643 27.422788232564926 12.48146064579487 60.510398223996162 52.581692487001419 19.100392788648605 11.966517776250837 11.975054159760473 10.06979778409004 20.872220739722252 9.8566562831401807
leaf_count=246 119 51 234 203 75 49 47 40 93 40
internal_value=-0.00137751 -0.00638647 -0.00298287 0.00353863 -0.0124166 0.0142954 0.018935 -0.0266392 0.023621 -0.035147
internal_weight=299.048 226.811 194.403 114.792 79.6108 72.2366 60.2701 32.4079 48.295 22.3381
internal_count=1197 889 758 449 309 308 259 131 212 91
is_linear=0
shrinkage=0.03


Tree=25
num_leaves=11
num_cat=0
split_feature=0 0 52 10 218 20 85 168 185 94
split_gain=24.6409 16.4508 13.2935 13.5543 12.5551 8.36486 9.21595 7.53085 5.55588 2.88411
threshold=20240228.000000004 20230529.500000004 2.2468500000000007 18.225000000000005 1.1107283554392475 13.315000000000003 3.0111280881000004 -1.1408171379372469 -1.5299999999999974 0.030677325425000016
decision_type=2 2 2 2 2 2 2 2 2 2
left_child=1 2 3 -1 -4 -2 7 -7 9 -3
right_child=5 8 4 -5 -6 6 -8 -9 -10 -11
leaf_value=-0.0079466490814107671 0.03445996653596553 -0.044422207390218439 -0.011014994008854454 0.026745091125013824 0.011320232510433225 0.037046409448823238 -0.017363559278479209 0.0078668376871469849 -0.007105222378486137 -0.021388091681528932
leaf_weight=17.256357863545418 14.306298136711119 12.298935517668726 125.50831760466099 23.986899986863136 27.423281833529472 10.1964143961668 9.8922623097896558 37.519205689430237 10.053599476814268 9.7943010777235013
leaf_count=67 64 51 487 96 108 45 40 159 40 40
internal_value=-0.00134059 -0.00621087 -0.00289653 0.0121732 -0.00698552 0.0139324 0.0087317 0.0142294 -0.0260662 -0.0344884
internal_weight=298.236 226.322 194.175 41.2433 152.932 71.9142 57.6079 47.7156 32.1468 22.0932
internal_count=1197 889 758 163 595 308 244 204 131 91
is_linear=0
shrinkage=0.03


Tree=26
num_leaves=11
num_cat=0
split_feature=0 0 52 10 218 35 164 55 115 143
split_gain=23.2809 15.6775 12.5192 12.7965 11.8228 8.28296 6.10237 5.52323 5.1671 4.3986
threshold=20240228.000000004 20230529.500000004 2.2468500000000007 18.225000000000005 1.1107283554392475 0.50705000000000011 -0.288383740892106 2.8950000000000005 0.49180000000000007 10.647365855441013
decision_type=2 2 2 2 2 2 2 2 2 2
left_child=1 2 3 -1 -4 6 -2 -3 -7 -8
right_child=5 7 4 -5 -6 8 9 -9 -10 -11
leaf_value=-0.0077071045723730094 0.00083844372713362872 -0.014686850641307455 -0.010691425334342627 0.026012717747127993 0.010985767002023163 0.012996454519118536 0.033885610501557958 -0.040521123293814909 -0.014397704078555043 0.010730847515266078
leaf_weight=17.261942446231842 10.794351965188978 18.753469929099086 125.43173004686832 23.926102861762047 27.413636922836304 12.432031139731409 24.987099453806877 13.127221047878264 12.143572226166723 11.254245191812513
leaf_count=67 44 77 487 96 108 50 118 54 47 49
internal_value=-0.00130332 -0.0060375 -0.00281085 0.0118236 -0.00677925 0.0135775 0.020941 -0.0255116 -0.000421767 0.0268271
internal_weight=297.525 225.914 194.033 41.188 152.845 71.6113 47.0357 31.8807 24.5756 36.2413
internal_count=1197 889 758 163 595 308 211 131 97 167
is_linear=0
shrinkage=0.03


Tree=27
num_leaves=9
num_cat=0
split_feature=0 18 100 0 18 92 52 16
split_gain=22.012 16.7442 16.1612 14.9818 8.55631 10.7614 10.5853 4.32334
threshold=20240228.000000004 72.625000000000014 5.7800000000000002 20230620.000000004 58.475000000000009 0.037500628300000012 3.8159500000000004 23.325000000000003
decision_type=2 2 2 2 2 2 2 2
left_child=1 2 -1 -4 -2 -6 -7 -3
right_child=4 7 3 -5 5 6 -8 -9
leaf_value=0.017822336008860101 0.034269348543936415 0.033865755235060351 -0.0078091673613206198 -0.033064237527497202 0.03468688935049518 0.015684373107573413 -0.01292163318968621 0.0057318547890220627
leaf_weight=18.946831792593002 13.983938395977018 10.130153149366381 161.91595812141895 24.376991882920265 10.907724738121031 23.630911529064178 22.709204331040382 10.137730166316031
leaf_count=76 63 41 631 101 48 105 92 40
internal_value=-0.00126664 -0.00586829 -0.00844972 -0.0111459 0.0132472 0.00800895 0.00160362 0.0200381
internal_weight=296.739 225.508 205.24 186.293 71.2318 57.2478 46.3401 20.2679
internal_count=1197 889 808 732 308 245 197 81
is_linear=0
shrinkage=0.03


Tree=28
num_leaves=9
num_cat=0
split_feature=0 18 1 0 18 92 51 205
split_gain=20.7956 15.7847 15.2339 14.3709 8.19157 10.2598 9.83798 4.20823
threshold=20240228.000000004 72.625000000000014 5.7800000000000002 20230620.000000004 58.475000000000009 0.037500628300000012 94.154400000000024 1.0517816112263352
decision_type=2 2 2 2 2 2 2 2
left_child=1 2 -1 -4 -2 -6 -7 -3
right_child=4 7 3 -5 5 6 -8 -9
leaf_value=0.017303714054118017 0.033610501398788427 0.0052532957117885437 -0.0075773897862268149 -0.032429483879466821 0.033995169947867609 0.0088499399271640931 -0.024697442072600734 0.033010949565855624
leaf_weight=18.932471856474876 13.834547147154806 10.069518506526949 161.86640326678753 24.114457547664642 10.799460425972937 36.356421858072281 9.9190252125263196 10.189894929528235
leaf_count=76 63 40 631 101 48 156 41 41
internal_value=-0.00122911 -0.00570024 -0.00821026 -0.0108316 0.0129147 0.00779576 0.0015567 0.0194555
internal_weight=296.082 225.173 204.913 185.981 70.9095 57.0749 46.2754 20.2594
internal_count=1197 889 808 732 308 245 197 81
is_linear=0
shrinkage=0.03


Tree=29
num_leaves=10
num_cat=0
split_feature=0 18 31 45 125 49 47 163 16
split_gain=19.6405 14.8821 14.6962 16.0683 10.9877 7.85925 9.55216 7.78412 4.09836
threshold=20240228.000000004 72.625000000000014 0.11610000000000002 3.1050000000000004 17.500000000000004 20250730.500000004 0.65255000000000007 0.21354767939039035 23.325000000000003
decision_type=2 2 2 2 2 2 2 2 2
left_child=1 2 3 -1 -4 6 7 -2 -3
right_child=5 8 4 -5 -6 -7 -8 -9 -10
leaf_value=0.0076529703940531836 0.034145240214973865 0.032372919473292482 -0.0083250949924133476 -0.01594730892950081 -0.029660362626617646 -0.0036321568804856702 -0.0029427678143741027 0.0024056482170956455 0.0049776865410387228
leaf_weight=72.889458402991295 28.59006156027317 10.107990369200708 54.92446069419384 40.181577026844025 36.58310204744339 19.229743480682373 13.320114865899084 9.4753752052783948 10.13934004306793
leaf_count=291 136 41 216 158 143 76 56 40 40
internal_value=-0.0011928 -0.00553731 -0.00797794 -0.000713933 -0.0169104 0.0125852 0.0187076 0.0263501 0.0188934
internal_weight=295.441 224.826 204.579 113.071 91.5076 70.6153 51.3856 38.0654 20.2473
internal_count=1197 889 808 449 359 308 232 176 81
is_linear=0
shrinkage=0.03


Tree=30
num_leaves=9
num_cat=0
split_feature=0 18 1 0 18 92 52 0
split_gain=18.5574 14.0335 14.0015 13.9097 7.83591 9.88712 9.69183 4.07484
threshold=20240228.000000004 72.625000000000014 5.7800000000000002 20230620.000000004 58.475000000000009 0.037500628300000012 3.8159500000000004 20210812.000000004
decision_type=2 2 2 2 2 2 2 2
left_child=1 2 -1 -4 -2 -6 -7 -3
right_child=4 7 3 -5 5 6 -8 -9
leaf_value=0.016722991485306243 0.032721967056528627 0.032153743567189273 -0.0070850893702684315 -0.031685714728580706 0.033190209941933002 0.014763442184251262 -0.012703561987647868 0.0048314797279277229
leaf_weight=18.902035519480705 13.581490546464918 9.8332006335258502 161.57269002497196 23.777312412858009 10.647035568952559 23.317848861217499 22.700739130377769 10.397508382797239
leaf_count=76 63 40 631 101 48 105 92 41
internal_value=-0.00115896 -0.00537956 -0.00775262 -0.0102725 0.0122743 0.00727155 0.00115089 0.0183519
internal_weight=294.73 224.483 204.252 185.35 70.2471 56.6656 46.0186 20.2307
internal_count=1197 889 808 732 308 245 197 81
is_linear=0
shrinkage=0.03


Tree=31
num_leaves=13
num_cat=0
split_feature=0 0 29 217 13 12 185 20 217 23 56 46
split_gain=17.536 13.5287 14.2589 14.436 8.92664 11.0929 8.42482 7.58378 8.15941 10.6317 5.39814 2.2505
threshold=20240228.000000004 20210802.500000004 0.62570000000000003 -0.042054705238660096 18.825000000000003 57.695000000000007 -5.8599999999999985 13.315000000000003 0.14163763670076504 0.063900000000000012 33.392144638950008 0.62154660667683559
decision_type=2 2 2 2 2 2 2 2 2 2 2 2
left_child=1 4 3 -3 5 -1 -6 -2 10 -10 -9 -4
right_child=7 2 11 -5 6 -7 -8 8 9 -11 -12 -13
leaf_value=0.023250528371819065 0.032042937693722955 0.0021443599990776884 -0.023569107579042639 -0.019963561067661246 -0.0031013013601033619 -0.011509328277237562 0.025028840103558703 0.025590581820118495 -0.023184119527858739 0.017289623134971111 0 -0.04384104378179484
leaf_weight=10.173542112112044 13.614184722304342 65.00388602912426 12.469253703951837 44.613520070910454 15.278728127479551 41.573376163840294 24.749660179018974 21.346462145447731 13.891364946961405 9.8668196499347669 11.198661237955092 10.232981503009794
leaf_count=41 64 263 50 176 59 160 99 97 56 42 49 41
internal_value=-0.00112467 -0.00522667 -0.0113676 -0.00683606 0.00359723 -0.00458595 0.0142359 0.0119686 0.00701326 -0.00624754 0.0167751 -0.0329904
internal_weight=294.012 224.095 132.32 109.617 91.7753 51.7469 40.0284 69.9175 56.3033 23.7582 32.5451 22.7022
internal_count=1197 889 530 439 359 201 158 308 244 98 146 91
is_linear=0
shrinkage=0.03


Tree=32
num_leaves=11
num_cat=0
split_feature=0 10 1 114 203 186 34 164 44 164
split_gain=16.5729 13.0114 13.9729 13.5492 7.36415 11.2128 7.33973 5.9834 4.75206 4.35206
threshold=20240228.000000004 15.975000000000003 5.2950000000000008 0.24175000000000002 -0.12339999999999998 -1.8149999999999975 0.50705000000000011 -0.288383740892106 26.680000000000003 0.10977297779929963
decision_type=2 2 2 2 2 2 2 2 2 2
left_child=1 4 -3 -4 -1 -6 7 -2 -8 -9
right_child=6 2 3 -5 5 -7 8 9 -10 -11
leaf_value=-0.04070894956857362 -0.00067540716560219357 0.032589208946198323 -0.026477460229706259 -0.00049130569074085344 -0.026516786354593182 0.010640498175513871 -0.012812510194962394 0.03165346740054012 0.013925908486938957 0.0077559122561635281
leaf_weight=11.411557942628859 10.577548474073408 10.052194103598593 20.449086621403694 151.21294210851192 18.873410731554031 11.677554100751879 14.163675770163538 24.57405748963356 10.165283694863318 10.11759541928768
leaf_count=45 44 41 82 599 75 47 56 120 41 47
internal_value=-0.00109328 -0.00508093 -0.00158171 -0.00361796 -0.0201229 -0.0122278 0.0116682 0.0188025 -0.00150641 0.0248125
internal_weight=293.275 223.677 181.714 171.662 41.9625 30.551 69.5982 45.2692 24.329 34.6917
internal_count=1197 889 722 681 167 122 308 211 97 167
is_linear=0
shrinkage=0.03


Tree=33
num_leaves=10
num_cat=0
split_feature=0 0 207 174 126 148 20 23 55
split_gain=15.6623 12.7016 11.2921 17.2194 11.8193 7.29164 9.60717 6.573 5.34613
threshold=20240228.000000004 20230529.500000004 1.0235518404242949 1.0029337347589913 73.832511904761915 52.943833161288232 13.315000000000003 0.068850000000000008 2.8950000000000005
decision_type=2 2 2 2 2 2 2 2 2
left_child=1 2 3 -1 -4 6 -2 -8 -3
right_child=5 8 4 -5 -6 -7 7 -9 -10
leaf_value=0.010347360604655711 0.039797569368878002 -0.012144308676297004 -0.017520795505313727 -0.023834985344916928 0.0046995399495806996 -0.010019965469746699 -0.0002277078346198817 0.022658447563913046 -0.038101451691476773
leaf_weight=83.943266123533249 11.868427544832228 18.120797276496891 60.032788172364235 15.61599327623844 33.235895812511444 11.671359747648237 26.39663077890873 19.310417830944061 12.421391472220419
leaf_count=333 58 77 233 60 132 50 115 85 54
internal_value=-0.00106279 -0.00493685 -0.00206748 0.00493718 -0.00957399 0.0113796 0.0157795 0.00940415 -0.0228888
internal_weight=292.617 223.37 192.828 99.5593 93.2687 69.2468 57.5755 45.707 30.5422
internal_count=1197 889 758 393 365 308 258 200 131
is_linear=0
shrinkage=0.03


Tree=34
num_leaves=10
num_cat=0
split_feature=0 18 26 214 85 195 0 16 86
split_gain=14.7933 13.1015 12.5676 11.7867 7.53423 5.63074 8.29056 3.88644 3.67175
threshold=20240228.000000004 72.625000000000014 3.2125500000000007 0.27997802381743125 3.2797642749000002 1.188432268629976 20250724.500000004 23.325000000000003 -0.19528724794999994
decision_type=2 2 2 2 2 2 2 2 2
left_child=1 2 3 -1 5 8 -7 -3 -2
right_child=4 7 -4 -5 -6 6 -8 -9 -10
leaf_value=-0.008934412080645885 0.009788572983063671 0.031384169559450441 -0.037976863180076897 0.0098198918743899657 -0.010688852065272876 0.018828381460889543 -0.01327019459088454 0.0046139838230223702 0.033705349231911701
leaf_weight=154.49184308946133 9.3493566364049929 10.026466712355615 11.141947537660597 37.243614941835403 11.647986918687819 18.870815441012386 11.524280443787573 10.084812313318251 17.577777087688446
leaf_count=617 43 41 44 147 49 86 45 40 85
internal_value=-0.00103375 -0.00479902 -0.00710134 -0.00527263 0.0110857 0.0155735 0.00655624 0.0181979 0.0255792
internal_weight=291.959 222.989 202.877 191.735 68.9702 57.3222 30.3951 20.1113 26.9271
internal_count=1197 889 808 764 308 259 131 81 128
is_linear=0
shrinkage=0.03


Tree=35
num_leaves=11
num_cat=0
split_feature=0 10 100 0 85 0 30 195 0 104
split_gain=13.9757 12.0726 13.1143 12.2261 7.14344 6.39727 5.92547 5.39705 7.84335 2.98297
threshold=20240228.000000004 15.975000000000003 5.2950000000000008 20230620.000000004 3.2797642749000002 20210715.500000004 0.27890000000000009 1.188432268629976 20250724.500000004 0.044000000000000004
decision_type=2 2 2 2 2 2 2 2 2 2
left_child=1 5 -3 -4 7 -1 -7 9 -9 -2
right_child=4 2 3 -5 -6 6 -8 8 -10 -11
leaf_value=-0.0015978995096734663 0.032029908459709711 0.031888866550641846 -0.00050877844122877475 -0.026754862522831414 -0.010348306082663891 -0.015650560677007312 -0.044101384112021094 0.018385551124855962 -0.012857921057259736 0.0098113300017916207
leaf_weight=13.104442209005354 18.100753843784336 10.007865533232687 153.34417989850044 17.766817644238472 11.673262774944304 17.187243565917019 11.326962530612944 18.749835565686229 11.539940446615217 8.5600322782993299
leaf_count=51 88 41 604 77 49 70 46 86 45 40
internal_value=-0.0010031 -0.00465974 -0.00128996 -0.00326552 0.0108114 -0.0192144 -0.0271718 0.0152117 0.00638041 0.0250716
internal_weight=291.361 222.738 181.119 171.111 68.6238 41.6186 28.5142 56.9506 30.2898 26.6608
internal_count=1197 889 722 681 308 167 116 259 131 128
is_linear=0
shrinkage=0.03


Tree=36
num_leaves=10
num_cat=0
split_feature=0 18 31 101 125 18 85 7 16
split_gain=13.2123 12.3223 12.9661 11.7472 10.2532 7.26946 8.05059 7.56042 3.69534
threshold=20240228.000000004 72.625000000000014 0.11610000000000002 46778934.815000005 17.500000000000004 58.475000000000009 2.7781555278000005 21.375000000000004 23.325000000000003
decision_type=2 2 2 2 2 2 2 2 2
left_child=1 2 3 -1 -4 -2 7 -7 -3
right_child=5 8 4 -5 -6 6 -8 -9 -10
leaf_value=0.0085882854525892935 0.030746847752774278 0.030681803540066437 -0.0069221994903270389 -0.010978180577298645 -0.027696820560272152 0.0013034433249338952 -0.018288867578490079 0.026577421926156711 0.0045421946775997804
leaf_weight=63.161921262741089 12.94594584405422 9.9924692362546939 54.359674707055092 48.907421097159386 35.825823202729225 27.782844513654709 10.086289465427397 17.464064434170723 10.081164434552191
leaf_count=256 63 41 216 193 143 123 41 81 40
internal_value=-0.00097636 -0.00453095 -0.00676887 2.04969e-05 -0.0152296 0.0105438 0.00571599 0.0111618 0.0177905
internal_weight=290.608 222.328 202.255 112.069 90.1855 68.2791 55.3332 45.2469 20.0736
internal_count=1197 889 808 449 359 308 245 204 81
is_linear=0
shrinkage=0.03


Tree=37
num_leaves=10
num_cat=0
split_feature=0 18 31 42 125 18 92 51 205
split_gain=12.4806 11.6216 12.2522 11.8678 9.76036 6.96919 9.18351 9.12431 3.8963
threshold=20240228.000000004 72.625000000000014 0.11610000000000002 5.5750000000000002 17.500000000000004 58.475000000000009 0.037500628300000012 94.154400000000024 1.0517816112263352
decision_type=2 2 2 2 2 2 2 2 2
left_child=1 2 3 -1 -4 -2 -7 -8 -3
right_child=5 8 4 -5 -6 6 7 -9 -10
leaf_value=0.02786832727189606 0.03019492321971582 0.0035940045575425426 -0.0067196485274249379 -0.0033745456777192618 -0.027029824968139687 0.031126593137027776 0.0068175355100596729 -0.025855719057930514 0.030406711536785924
leaf_weight=12.187229946255682 12.791286468505858 9.9827636033296603 54.321891576051712 99.854094505310059 35.614267066121101 10.192918851971625 35.274207442998886 9.7275869250297529 10.065612673759459
leaf_count=50 63 40 216 399 143 48 156 41 41
internal_value=-0.000947499 -0.00440102 -0.0065763 1.89483e-05 -0.0148168 0.0102767 0.00556019 -0.000220266 0.0172888
internal_weight=290.012 222.026 201.977 112.041 89.9362 67.986 55.1947 45.0018 20.0484
internal_count=1197 889 808 449 359 308 245 197 81
is_linear=0
shrinkage=0.03


Tree=38
num_leaves=12
num_cat=0
split_feature=224 221 214 33 103 107 183 125 118 85 33
split_gain=11.4014 15.4445 13.6462 12.91 10.6289 10.5199 9.89838 9.63524 10.4077 7.27247 2.28097
threshold=2.6284574125712035 0.51725753429008559 0.28068536013700135 0.50135000000000007 -0.26754999999999995 0.33585000000000004 0.055815062535922215 17.500000000000004 6183.630000000001 2.7256208341000003 0.50135000000000007
decision_type=2 2 2 2 2 2 2 2 2 2 2
left_child=1 10 3 -3 7 -4 -6 8 -2 -8 -1
right_child=4 2 5 -5 6 -7 9 -9 -10 -11 -12
leaf_value=-0.018824612421211518 -0.0077601089583842131 0.00074418437864408598 0.033454719905773568 -0.019208087712227481 -0.0056050445140949437 -0.0035725907153459696 0.026470831079372946 -0.023723196859793586 0.029754773960287022 0.00087057326258708817 -0.039620480710671549
leaf_weight=10.400170966982843 19.037195235490803 77.931571900844574 15.036721199750902 46.29840512573719 17.935703530907631 12.422552600502966 39.799160823225975 15.957846477627752 10.057063832879065 13.658125817775725 10.847325831651686
leaf_count=42 76 327 63 190 72 51 172 63 42 55 44
internal_value=-0.000919147 -0.0058132 -0.00242769 -0.00667703 0.0063222 0.0166426 0.0135265 -0.00503252 0.00516247 0.0199999 -0.0297178
internal_weight=289.382 172.937 151.689 124.23 116.445 27.4593 71.393 45.0521 29.0943 53.4573 21.2475
internal_count=1197 717 631 517 480 114 299 181 118 227 86
is_linear=0
shrinkage=0.03


Tree=39
num_leaves=11
num_cat=0
split_feature=0 0 45 31 36 217 177 18 211 72
split_gain=11.4598 11.3134 10.453 14.2052 9.80874 6.84209 9.0125 5.86565 4.43547 3.62518
threshold=20240228.000000004 20230529.500000004 3.1050000000000004 0.018050000000000004 0.51502811244979929 0.14163763670076504 1.0000000180025095e-35 62.635000000000005 -0.080119680851063899 13.906599313750002
decision_type=2 2 2 2 2 2 2 2 2 2
left_child=1 2 3 -1 -4 8 -7 -3 -2 -10
right_child=5 7 4 -5 -6 6 -8 -9 9 -11
leaf_value=0.018209055355549678 -0.00049804937295746599 -0.032407894354417467 -0.016770233204688925 -0.0037745168058454575 0.0065202673566969772 -0.02157692880396575 0.012509147152693969 -0.0049054751106165674 0.037580085961186033 0.015336617518176903
leaf_weight=41.660714864730835 8.6300045400857908 17.653257012367252 55.435352146625519 71.706720694899559 22.736355796456337 11.551243811845781 17.282386794686317 12.036832883954046 10.843532904982569 19.248766914010048
leaf_count=167 40 79 219 282 90 48 77 52 52 91
internal_value=-0.000893921 -0.00420612 -0.00151354 0.00428658 -0.00995815 0.00989856 -0.00107001 -0.0214126 0.018125 0.0235492
internal_weight=288.785 221.229 191.539 113.367 78.1717 67.5559 28.8336 29.6901 38.7223 30.0923
internal_count=1197 889 758 449 309 308 125 131 183 143
is_linear=0
shrinkage=0.03


Tree=40
num_leaves=11
num_cat=0
split_feature=0 7 6 99 106 186 217 177 102 97
split_gain=10.8311 11.3661 11.979 11.0509 12.882 12.2003 9.82215 8.47099 3.35732 2.99801
threshold=20240702.500000004 15.525 57.900000000000013 13.750000000000002 0.28455000000000003 -2.1850000000000018 0.14163763670076504 1.0000000180025095e-35 0.23780000000000004 -1.9518497489999966
decision_type=2 2 2 2 2 2 2 2 2 2
left_child=1 2 -1 4 -3 -5 8 -8 -2 -4
right_child=6 3 9 5 -6 -7 7 -9 -10 -11
leaf_value=0.0063380367983409619 0.012282438597847199 -0.0027242966767789907 -0.042863671739546041 -0.013154225191336712 0.023083478825739565 0.0061969421657737129 -0.020852816693683131 0.012176295466875414 0.034226462476208586 -0.020822548557356661
leaf_weight=11.095968559384344 12.540056049823763 39.123197361826897 10.999328672885893 81.191310808062553 30.980632647871971 45.549474030733109 11.596552491188051 17.225777894258499 14.128111422061918 13.591878667473795
leaf_count=46 60 158 44 328 127 185 48 77 69 55
internal_value=-0.000869265 -0.00372151 -0.0192778 -0.000877625 0.00865471 -0.00617654 0.0110142 -0.00103526 0.0241043 -0.0309364
internal_weight=288.022 232.532 35.6872 196.845 70.1038 126.741 55.4905 28.8223 26.6682 24.5912
internal_count=1197 943 145 798 285 513 254 125 129 99
is_linear=0
shrinkage=0.03


Tree=41
num_leaves=9
num_cat=0
split_feature=45 224 33 214 22 196 206 26
split_gain=10.8384 11.7112 11.1286 12.8179 10.9114 9.57762 9.06831 3.90595
threshold=0.35500000000000004 1.5040919894376279 0.60320000000000007 0.21868376131434122 1.4954000000000003 0.92475108260239025 1.0167244222292444 0.58210000000000017
decision_type=2 2 2 2 2 2 2 2
left_child=-1 2 3 -2 6 -6 -3 -4
right_child=1 4 7 -5 5 -7 -8 -9
leaf_value=0.036571608833899878 -0.013446617764013026 0.0075451821349276482 -0.012465453155844004 0.0055575487930072422 0.032590404544222386 8.7846003922347119e-05 -0.011036424796932353 -0.038070676740178666
leaf_weight=6.6960134804248801 64.040859803557396 55.409176900982857 10.337409451603891 63.28398509323597 20.080559492111206 14.010931864380835 41.049955859780312 12.522607550024984
leaf_count=29 269 231 43 261 86 58 169 51
internal_value=-0.000844167 -0.00175998 -0.00747831 -0.00398053 0.00479608 0.0193596 -0.000334733 -0.0267273
internal_weight=287.431 280.735 150.185 127.325 130.551 34.0915 96.4591 22.86
internal_count=1197 1168 624 530 544 144 400 94
is_linear=0
shrinkage=0.03


Tree=42
num_leaves=13
num_cat=0
split_feature=52 126 19 9 12 55 214 185 102 198 178 19
split_gain=10.4408 12.7831 11.2366 8.79281 13.1741 8.99316 8.3496 8.0557 8.03443 7.26699 6.8816 5.6935
threshold=3.3139500000000006 73.075673750000007 22.125000000000004 65.515000000000015 59.260000000000012 2.9950000000000006 0.29992472560720179 -7.0100000000000007 0.30735000000000007 0.63370072041054593 0.14862175651212087 18.975000000000005
decision_type=2 2 2 2 2 2 2 2 2 2 2 2
left_child=3 6 10 4 -1 11 7 -2 -8 -6 -3 -5
right_child=1 2 -4 5 9 -7 8 -9 -10 -11 -12 -13
leaf_value=0.021147848535791585 -0.033820262273114271 -0.012638628412123586 0.029250782940876584 0.012229184445829471 -0.03154583578108381 -0.0049800188948056255 0.024254728911065941 -0.011236195690550213 -0.012119714406683638 -0.0029656327722991753 0.0090015302966519797 0.034125798916574523
leaf_weight=14.020720422267912 18.41434209048748 25.414577946066856 13.396010205149649 30.992486134171486 12.37966552376747 17.29575115442276 9.9861852675676364 65.871342644095421 11.738194003701208 23.169582828879356 27.282697796821594 16.974650233983994
leaf_count=60 74 107 56 133 51 72 42 270 47 97 116 72
internal_value=-0.000819604 -0.00550209 0.00481598 0.00617076 -0.00330316 0.0134065 -0.0119618 -0.01624 0.00449782 -0.0130631 -0.00138233 0.0200953
internal_weight=286.936 172.103 66.0933 114.833 49.57 65.2629 106.01 84.2857 21.7244 35.5492 52.6973 47.9671
internal_count=1197 712 279 485 208 277 433 344 89 148 223 205
is_linear=0
shrinkage=0.03


Tree=43
num_leaves=10
num_cat=0
split_feature=0 10 100 18 18 92 176 0 30
split_gain=10.1109 10.6329 10.8833 10.9767 6.81134 8.65676 8.60466 5.6569 5.41509
threshold=20240228.000000004 15.975000000000003 5.2950000000000008 72.625000000000014 58.475000000000009 0.037500628300000012 -0.53288494599750236 20210715.500000004 0.27890000000000009
decision_type=2 2 2 2 2 2 2 2 2
left_child=1 7 -3 -4 -2 -6 -7 -1 -9
right_child=4 2 3 -5 5 6 -8 8 -10
leaf_value=-0.0011556219037715785 0.029331359893376749 0.02971054786778439 -0.0052443037996017057 0.019225160271039474 0.029926219912975484 -0.025051242929479762 0.0062325120345306274 -0.014342408660463392 -0.041993333346886624
leaf_weight=13.024969279766081 12.487083867192267 9.8585527986288053 150.65630522370338 18.396043762564659 9.9151305258274061 10.164623022079466 34.333115592598915 16.900461494922641 10.838792115449904
leaf_count=51 63 41 606 75 48 42 155 70 46
internal_value=-0.000795763 -0.00391536 -0.000743801 -0.00255404 0.00939366 0.00471775 -0.000886519 -0.0177258 -0.0253665
internal_weight=286.575 219.675 178.911 169.052 66.9 54.4129 44.4977 40.7642 27.7393
internal_count=1197 889 722 681 308 245 197 167 116
is_linear=0
shrinkage=0.03


Tree=44
num_leaves=9
num_cat=0
split_feature=45 224 221 214 22 216 183 33
split_gain=9.88612 10.6272 12.5793 13.1823 9.74642 8.97652 6.64968 2.15724
threshold=0.35500000000000004 2.6284574125712035 0.51725753429008559 0.28068536013700135 1.4954000000000003 0.4958333333333334 0.070854674068769705 0.50135000000000007
decision_type=2 2 2 2 2 2 2 2
left_child=-1 2 7 -4 5 -3 -6 -2
right_child=1 4 3 -5 6 -7 -8 -9
leaf_value=0.03517200145230541 -0.017626582486463517 0.026283748244487443 -0.0076650122300982552 0.015592523461342643 0 -0.0034987250555373437 0.030198159229193593 -0.038046792495349639
leaf_weight=6.6174836903810492 10.238821983337404 10.28809344768524 118.04243706166744 26.780820444226265 9.9322361946105975 73.751237660646439 19.716259211301804 10.569496408104895
leaf_count=29 42 52 497 112 40 295 86 44
internal_value=-0.000772827 -0.00164743 -0.00650209 -0.00333572 0.00539844 0.000138495 0.0201565 -0.0282748
internal_weight=285.937 279.319 165.632 144.823 113.688 84.0393 29.6485 20.8083
internal_count=1197 1168 695 609 473 347 126 86
is_linear=0
shrinkage=0.03


Tree=45
num_leaves=15
num_cat=0
split_feature=52 110 29 224 51 101 129 19 202 113 14 70 22 218
split_gain=9.76761 12.0354 9.30261 16.7239 12.9091 9.00213 9.70805 8.53808 7.22982 8.0808 5.984 5.44486 6.7115 4.12941
threshold=3.3139500000000006 0.27420000000000005 0.58670000000000011 3.313980578887322 39.432550000000006 66421125.150000006 2.9205200956937802 18.525000000000002 0.91016803697041182 0.46250000000000008 16.185000000000006 0.05385826089999967 0.5263500000000001 0.87767024953957984
decision_type=2 2 2 2 2 2 2 2 2 2 2 2 2 2
left_child=5 11 4 -4 -3 8 7 -7 10 -10 -1 13 -13 -2
right_child=1 2 3 -5 -6 6 -8 -9 9 -11 -12 12 -14 -15
leaf_value=0.034436069279934756 0.0079041802710932106 -0.012648196453605156 -0.023091163751924829 0.013531397311609831 0.01437011427669316 -0.0061173600691240707 -0.02001087068628371 0.02511163447208976 0.027300790612623672 -0.0048415652878603076 0.0048746633959480786 -0.039488161983608792 -0.0087066806166672481 -0.019633909451636605
leaf_weight=19.098301112651829 9.5218095183372515 22.605998739600182 32.597538560628891 16.896839424967766 52.610094636678696 18.734496414661407 19.338701501488686 13.336308240890501 9.7024285644292814 24.588331609964371 9.5048116445541364 15.950685009360315 11.17185455560684 9.7137555778026563
leaf_count=84 41 92 136 70 219 79 78 56 43 105 40 65 46 43
internal_value=-0.0007501 -0.0052951 -0.000414814 -0.0105261 0.00620399 0.0060245 -0.00323814 0.00681333 0.0136365 0.00421869 0.0247685 -0.0183301 -0.0269979 -0.00587673
internal_weight=285.372 171.069 124.71 49.4944 75.2161 114.303 51.4095 32.0708 62.8939 34.2908 28.6031 46.3581 27.1225 19.2356
internal_count=1197 712 517 206 311 485 213 135 272 148 124 195 111 84
is_linear=0
shrinkage=0.03


Tree=46
num_leaves=10
num_cat=0
split_feature=91 45 216 214 127 224 97 78 52
split_gain=9.70465 11.0145 18.6784 11.6171 10.5891 8.80895 7.91147 9.49136 7.77794
threshold=0.35131604710000003 2.8350000000000004 0.57916666666666672 0.27997802381743125 50.948350000000012 1.0000000180025095e-35 -1.9518497489999966 -0.2943509211 3.4904500000000005
decision_type=2 2 2 2 2 2 2 2 2
left_child=6 2 3 -2 8 -6 -1 -8 -3
right_child=1 4 -4 -5 5 -7 7 -9 -10
leaf_value=-0.028550313714898284 0.0067909546322474533 0.0026704630885657069 -0.027074764764069916 0.031103399111701013 -0.015538413964729719 0.017536312674276921 -0.019524550023834117 0.013084683593783794 -0.019054623571694851
leaf_weight=18.07726514339447 97.124510183930397 21.172386273741722 12.506639435887335 21.725073888897896 10.039993986487387 24.845487356185913 16.399935796856884 15.48194098472595 47.550727531313896
leaf_count=72 411 93 48 98 42 104 68 68 193
internal_value=-0.000728863 0.00181436 0.00759005 0.0112828 -0.00547946 0.0079145 -0.0127297 -0.0036042 -0.0123238
internal_weight=284.924 234.965 131.356 118.85 103.609 34.8855 49.9591 31.8819 68.7231
internal_count=1197 989 557 509 432 146 208 136 286
is_linear=0
shrinkage=0.03


Tree=47
num_leaves=11
num_cat=0
split_feature=91 52 127 9 12 61 52 218 114 94
split_gain=9.15312 9.51015 10.0665 8.48415 10.387 8.27414 7.81285 7.57196 7.5596 5.33497
threshold=0.35131604710000003 3.3139500000000006 49.248850000000004 65.235000000000014 59.260000000000012 1.4720384688500003 8.4695000000000018 0.94312165783410029 0.31972500000000004 2.3193886017500005
decision_type=2 2 2 2 2 2 2 2 2 2
left_child=7 3 6 4 -2 -4 -3 8 -1 -5
right_child=1 2 5 9 -6 -7 -8 -9 -10 -11
leaf_value=-0.016614546671439606 0.023283699500135525 -0.0058345085477354208 -0.0075592756724584004 0.020755781832196916 -0.011360800299522519 0.015623522693888623 -0.030811483618941236 -0.027105000170179406 0.013175091211598456 -0.0019227151185600402
leaf_weight=16.71785327792168 10.619015231728552 66.974266096949577 22.904541954398155 46.495818093419075 28.272885724902153 34.344496056437492 13.612139791250227 19.218076482415199 13.924437642097471 11.359250351786612
leaf_count=71 46 277 97 201 119 147 54 79 58 48
internal_value=-0.000708206 0.00176302 -0.00328117 0.00897642 -0.0017891 0.00629909 -0.0101236 -0.0123751 -0.00298116 0.0162557
internal_weight=284.443 234.582 137.835 96.747 38.8919 57.249 80.5864 49.8604 30.6423 57.8551
internal_count=1197 989 575 414 165 244 331 208 129 249
is_linear=0
shrinkage=0.03


Tree=48
num_leaves=11
num_cat=0
split_feature=0 0 52 10 169 130 20 152 145 0
split_gain=8.92703 10.0531 9.40673 10.2604 10.1592 7.13072 6.55128 6.8781 7.83602 5.59755
threshold=20240228.000000004 20230614.500000004 2.2468500000000007 18.225000000000005 -0.42987434800618057 2.3450500000000005 13.315000000000003 -2.2319577614949822 57.254943202412413 20250728.500000004
decision_type=2 2 2 2 2 2 2 2 2 2
left_child=1 2 3 -1 -4 -3 -2 9 -9 -8
right_child=6 5 4 -5 -6 -7 7 8 -10 -11
leaf_value=-0.0060625663520871339 0.028612336461133675 -0.0029467572982824616 0.024229726552374896 0.024343338108351039 -0.0067827085052189675 -0.034864081509299108 0.02554287536338979 0.0074904312700742378 -0.02471756996554296 -0.0030902021670476403
leaf_weight=16.989367827773094 12.339400470256804 11.406855493783953 10.061163201928137 23.58944845199585 141.25897070765495 14.662789493799208 16.966515779495243 15.879073277115824 11.637120172381399 9.2993311434984189
leaf_count=67 64 50 41 97 565 69 84 72 50 38
internal_value=-0.000688762 -0.00362784 -0.00123188 0.0115558 -0.00468626 -0.0210778 0.00894543 0.00433278 -0.00606249 0.0153184
internal_weight=284.09 217.969 191.899 40.5788 151.32 26.0696 66.1214 53.782 27.5162 26.2658
internal_count=1197 889 770 164 606 119 308 244 122 122
is_linear=0
shrinkage=0.03


Tree=49
num_leaves=15
num_cat=0
split_feature=45 31 85 214 73 188 32 0 202 33 115 179 80 103
split_gain=8.58809 12.6035 10.1303 10.0235 8.75302 8.99894 7.98934 7.57601 7.89189 7.07323 6.82078 9.52319 4.73514 3.09647
threshold=3.1050000000000004 0.14400000000000002 2.3096491041500005 0.19494509298344193 0.72880097825000012 -2.4749999999999992 0.4811457983193278 20240817.000000004 1.0155024509803925 0.38005000000000005 0.045450000000000011 0.48230026244214363 8.4302424831000025 -0.24179999999999999
decision_type=2 2 2 2 2 2 2 2 2 2 2 2 2 2
left_child=1 2 3 -1 13 -6 7 8 -2 -4 12 -12 -8 -3
right_child=6 4 9 -5 5 -7 10 -9 -10 -11 11 -13 -14 -15
leaf_value=0.0016581302757826793 -0.03334729147203068 -0.034363284822782857 0.013941273363737895 0.025737553389974702 -0.02500867337526606 0.0074730910627361985 0.002202982336141962 0.0060210310646639405 -0.0029690440703835767 -0.016193922621123846 -0.0022523761810953899 0.027501704981083935 -0.024312888081572614 -0.01048418004049812
leaf_weight=24.733734607696533 23.423937693238258 10.056024536490442 11.525041013956072 43.216150596737862 9.4893714338541013 38.246575310826302 9.9251043498516101 9.9972111731767637 11.807898595929144 17.397251442074776 35.135285958647728 13.180923059582708 14.669611304998396 10.59034241735935
leaf_count=105 96 41 49 190 39 162 43 45 49 70 144 56 62 46
internal_value=-0.000669208 0.00373394 0.0107015 0.0170321 -0.00609389 0.000914584 -0.00685167 -0.0167447 -0.0232882 -0.00407553 -0.000659105 0.00584277 -0.0135254 -0.0223689
internal_weight=283.394 165.254 96.8722 67.9499 68.3823 47.7359 118.14 45.229 35.2318 28.9223 72.9109 48.3162 24.5947 20.6464
internal_count=1197 702 414 295 288 201 495 190 145 119 305 200 105 87
is_linear=0
shrinkage=0.03


Tree=50
num_leaves=11
num_cat=0
split_feature=89 33 224 188 112 97 179 204 203 119
split_gain=8.41427 9.81882 10.7216 14.7107 10.2341 7.38407 9.12993 7.35498 7.33042 8.09822
threshold=0.35131604710000003 0.37435000000000002 2.6284574125712035 -1.3499999999999994 0.45670000000000005 -1.9518497489999966 0.43162116766318209 1.0111041654111095 -0.067530224954132009 3862.7450000000003
decision_type=2 2 2 2 2 2 2 2 2 2
left_child=5 8 3 -3 -4 -1 7 -7 -2 -10
right_child=1 2 4 -5 -6 6 -8 -9 9 -11
leaf_value=-0.02724186310052535 -0.0010292075981847267 -0.021761983475573423 0.0033842258623223809 0.00092396097081747842 0.036343312300307684 0.002212166174418708 0.019104594926273876 -0.033134418607035455 0.010593480602477647 0.047553986603519324
leaf_weight=17.895152449607849 13.561988934874533 39.248507618904114 75.14372231066227 73.609132274985313 9.5118623524904233 10.807555004954343 10.812616676092146 10.002456977963446 12.721827670931818 9.5430452376604062
leaf_count=72 59 163 318 313 41 46 47 43 54 41
internal_value=-0.000651145 0.00172251 -0.000886725 -0.00695125 0.0071614 -0.0118778 -0.00303028 -0.0147111 0.0161532 0.0267112
internal_weight=282.858 233.34 197.513 112.858 84.6556 49.5178 31.6226 20.81 35.8269 22.2649
internal_count=1197 989 835 476 359 208 136 89 154 95
is_linear=0
shrinkage=0.03


Tree=51
num_leaves=11
num_cat=0
split_feature=0 218 18 47 188 214 217 177 138 0
split_gain=8.18308 9.80274 11.9497 11.1843 10.5478 11.2241 8.97612 7.30236 3.94614 3.71408
threshold=20240702.500000004 1.1107283554392475 71.685000000000016 0.40465000000000001 0.45000000000000023 0.27997802381743125 0.14163763670076504 1.0000000180025095e-35 5.8757060245333115 20210812.000000004
decision_type=2 2 2 2 2 2 2 2 2 2
left_child=1 2 3 -1 5 -3 8 -8 -2 -4
right_child=6 4 9 -5 -6 -7 7 -9 -10 -11
leaf_value=0.00087971093106138784 0.032039842849357097 -0.010313343396702318 0.029295807922713531 -0.015173365575630768 0.036585085361882298 0.024860932242635397 -0.020094865562339529 0.010789707825454534 0.007412793931768317 0.0026108647719491999
leaf_weight=63.632816016674042 15.717917189002039 23.840441584587097 9.4815750569105166 99.6287981569767 9.8490431159734708 12.272672876715658 11.528193145990373 16.744265973567963 9.996261000633238 9.7759790420532209
leaf_count=261 79 100 40 410 42 50 48 77 50 40
internal_value=-0.000630895 -0.00312359 -0.00625165 -0.00890145 0.00921965 0.00159307 0.00984943 -0.00172429 0.0226482 0.0159878
internal_weight=282.468 228.481 182.519 163.262 45.9622 36.1131 53.9866 28.2725 25.7142 19.2576
internal_count=1197 943 751 671 192 150 254 125 129 80
is_linear=0
shrinkage=0.03


Tree=52
num_leaves=9
num_cat=0
split_feature=45 214 129 127 186 107 81 164
split_gain=8.7611 8.94098 10.4094 10.7633 9.80172 12.5916 10.329 9.06555
threshold=0.35500000000000004 0.283708452036944 4.1660447368421059 47.443600000000011 -2.0849999999999969 -0.094549999999999981 0.52603631220000013 -0.14904080317892407
decision_type=2 2 2 2 2 2 2 2
left_child=-1 4 7 -4 6 -6 -2 -3
right_child=1 2 3 -5 5 -7 -8 -9
leaf_value=0.033599851139673932 -0.027438677065375384 -0.00025651483668795211 -0.028646207560079708 0.0078554137942008599 -0.0092181902740335782 0.014674116382383019 -0.0055293787678986472 0.031604938117024035
leaf_weight=6.4734577834606162 23.853651389479637 12.557371377944945 10.604984462261198 22.403801366686821 36.362833559513092 43.300895676016808 104.94113291800022 21.340635001659393
leaf_count=29 103 53 42 95 152 183 444 96
internal_value=-0.000609886 -0.00143691 0.00808131 -0.00383223 -0.00450866 0.00373288 -0.00962854 0.0197477
internal_weight=281.839 275.365 66.9068 33.0088 208.459 79.6637 128.795 33.898
internal_count=1197 1168 286 137 882 335 547 149
is_linear=0
shrinkage=0.03


Tree=53
num_leaves=7
num_cat=0
split_feature=100 175 19 207 61 53
split_gain=7.72829 8.99048 8.82053 11.209 5.82 4.85306
threshold=5.7800000000000002 1.395622335578089 23.475000000000005 1.0465176381263872 1.9288584085500002 1.8331500000000003
decision_type=2 2 2 2 2 2
left_child=5 2 3 -2 -4 -1
right_child=1 -3 4 -5 -6 -7
leaf_value=0.031035538903889451 0.0034454694924493743 -0.027967612458217057 0.0009751388018916198 -0.0099001809754765396 0.033602006945026325 0.002135760192305919
leaf_weight=10.595460370182993 126.52287697792053 11.401338458061216 9.6080021262168902 102.11899922788143 10.438673183321951 10.732915818691252
leaf_count=47 546 46 40 429 44 45
internal_value=-0.000592193 -0.00202848 -0.000816453 -0.00250375 0.0181959 0.0167104
internal_weight=281.418 260.09 248.689 228.642 20.0467 21.3284
internal_count=1197 1105 1059 975 84 92
is_linear=0
shrinkage=0.03


Tree=54
num_leaves=9
num_cat=0
split_feature=45 214 107 186 107 81 119 29
split_gain=8.08713 8.49778 10.4804 9.84084 13.2629 12.7835 9.0153 8.6347
threshold=0.35500000000000004 0.28995369770446366 0.22770000000000004 -2.0849999999999969 -0.094549999999999981 0.52603631220000013 4097.7250000000013 0.51892742003552361
decision_type=2 2 2 2 2 2 2 2
left_child=-1 3 6 5 -5 -2 -3 -4
right_child=1 2 7 4 -6 -7 -8 -9
leaf_value=0.032438447653273347 -0.028353844487706111 0.043235108423278691 0.017796669222576909 -0.0092305788083268774 0.015117265479826891 -0.0046386135549762479 0.0086031668275733213 -0.015844479670079986
leaf_weight=6.4169607907533637 25.249823346734047 10.662156552076341 10.485547974705698 36.573195159435272 44.361533060669899 108.96347068250179 19.186611667275429 19.289164736866951
leaf_count=29 109 48 47 153 188 462 82 79
internal_value=-0.000573223 -0.00136661 0.00862986 -0.00415356 0.00408 -0.00914033 0.0211771 -0.00387698
internal_weight=281.188 274.772 59.6235 215.148 80.9347 134.213 29.8488 29.7747
internal_count=1197 1168 256 912 341 571 130 126
is_linear=0
shrinkage=0.03


Tree=55
num_leaves=8
num_cat=0
split_feature=45 0 18 26 49 152 205
split_gain=7.66339 8.54004 9.68882 10.0762 6.97626 8.55672 4.05668
threshold=0.35500000000000004 20240702.500000004 72.625000000000014 3.2125500000000007 20250730.500000004 -0.75035812671059765 1.0477139062796434
decision_type=2 2 2 2 2 2 2
left_child=-1 2 3 -2 5 -3 -4
right_child=1 4 6 -5 -6 -7 -8
leaf_value=0.0316828148750916 -0.004276381388775295 0.031830038073604225 0.0015949569791832289 -0.033751432029512474 -0.0051702957688754773 0.0017735013900747184 0.02906997982558537
leaf_weight=6.3759144991636267 190.32483474910259 17.832355871796608 9.5868950635194796 10.993860170245169 18.734786793589592 16.697622030973434 10.217810198664663
leaf_count=29 787 95 40 46 76 81 43
internal_value=-0.000555437 -0.00132675 -0.00393437 -0.00591684 0.00942938 0.0174294 0.0159957
internal_weight=280.764 274.388 221.123 201.319 53.2648 34.53 19.8047
internal_count=1197 1168 916 833 252 176 83
is_linear=0
shrinkage=0.03


Tree=56
num_leaves=11
num_cat=0
split_feature=45 216 214 31 224 51 28 51 33 82
split_gain=7.63781 11.9858 13.3903 9.32265 7.41005 9.85243 11.6242 5.96689 6.55153 5.08877
threshold=3.1050000000000004 0.57916666666666672 0.27997802381743125 0.13685000000000003 2.2365026666442911 120.50300000000001 0.49576271186440685 103.47820000000002 0.5575500000000001 0.9674836884500001
decision_type=2 2 2 2 2 2 2 2 2 2
left_child=1 2 3 -1 7 6 -6 8 -2 -4
right_child=4 -3 9 -5 5 -7 -8 -9 -10 -11
leaf_value=0.0089952418438354886 -0.0095333954568708953 -0.020962237171999545 0.0090104978827337031 -0.0078904736505723203 -0.0083532454751408542 -0.023922127253420456 0.021286204214529862 0.0045564675591082326 -0.032889215670749261 0.036810556560687491
leaf_weight=72.480179950594902 27.840657576918602 15.927482053637503 10.223493590950968 49.270074799656868 22.535315051674843 11.28954368829727 24.839023694396019 12.083727955818174 18.265903159976006 15.505026362836359
leaf_count=311 119 62 45 211 92 46 107 53 78 73
internal_value=-0.000537798 0.00363779 0.00632728 0.00213642 -0.00640061 0.00107748 0.00713604 -0.0139799 -0.0189023 0.0259577
internal_weight=280.26 163.406 147.479 121.75 116.854 58.6639 47.3743 58.1903 46.1066 25.7285
internal_count=1197 702 640 522 495 245 199 250 197 118
is_linear=0
shrinkage=0.03


Tree=57
num_leaves=10
num_cat=0
split_feature=7 6 207 101 53 101 14 48 102
split_gain=7.44772 10.2368 9.00469 10.7563 9.12662 8.4795 8.95023 7.89905 4.46283
threshold=15.525 57.900000000000013 1.0327244336031345 50964879.900000006 5.1114000000000006 304964830.16500002 13.685 331.50000000000006 0.24980000000000005
decision_type=2 2 2 2 2 2 2 2 2
left_child=1 -1 3 4 -2 6 -4 -5 -3
right_child=2 8 5 7 -6 -7 -8 -9 -10
leaf_value=0.010354059072071863 0.023900117033479582 -0.0059883632286163229 0.01280917963374258 0.013918337216321457 0.0016844461642997394 0.014192417352514317 -0.012457592986317271 -0.009643220287925431 -0.031989251297333404
leaf_weight=11.791918471455572 40.996486261487007 9.5562912076711672 14.820067167282103 18.266281634569168 28.510534182190895 17.575365617871284 78.885428935289383 41.922082647681236 17.387070268392563
leaf_count=51 181 42 65 80 128 74 330 173 73
internal_value=-0.000522812 -0.0127228 0.00143027 0.00680921 0.0148463 -0.0048123 -0.00842013 -0.00243165 -0.0229344
internal_weight=279.712 38.7353 240.976 129.695 69.507 111.281 93.7055 60.1884 26.9434
internal_count=1197 166 1031 562 309 469 395 253 115
is_linear=0
shrinkage=0.03


Tree=58
num_leaves=6
num_cat=0
split_feature=45 214 45 31 224
split_gain=7.14848 8.07018 7.65622 10.7468 6.86092
threshold=0.35500000000000004 0.13836055321727503 3.1050000000000004 0.14400000000000002 -2.3250416435998535
decision_type=2 2 2 2 2
left_child=-1 -2 3 -3 -4
right_child=1 2 4 -5 -6
leaf_value=0.030805830724077565 -0.022182977377346751 0.011850506020683759 -0.017905508793595783 -0.0046315117086771608 -0.0012693867378475391
leaf_weight=6.3041052520275107 15.529473081231115 80.91786452382803 30.685909852385521 63.118670850992203 82.794241100549698
leaf_count=29 69 349 131 269 350
internal_value=-0.000506645 -0.00125159 7.15189e-06 0.00460886 -0.00580614
internal_weight=279.35 273.046 257.517 144.037 113.48
internal_count=1197 1168 1099 618 481
is_linear=0
shrinkage=0.03


Tree=59
num_leaves=10
num_cat=0
split_feature=0 0 55 214 125 130 18 85 7
split_gain=7.11542 9.21109 10.3492 10.4774 6.8263 6.48636 6.30176 6.65563 6.61886
threshold=20240228.000000004 20230614.500000004 6.4150000000000009 0.27997802381743125 11.500000000000002 2.3450500000000005 58.475000000000009 2.7781555278000005 21.525000000000002
decision_type=2 2 2 2 2 2 2 2 2
left_child=1 2 3 -1 -4 -3 -2 8 -8
right_child=6 5 4 -5 -6 -7 7 -9 -10
leaf_value=-0.0021957082889145145 0.02791540955469201 -0.0028381838022137631 -0.0032695023935784937 0.016089045403971214 -0.036572919840627625 -0.033715238351725151 5.3073790532802031e-06 -0.018388501733981922 0.024669643316018099
leaf_weight=130.59486603736877 11.853230245411394 11.268897667527201 11.438743382692339 35.816799372434616 11.092518448829649 13.985764667391775 27.879636213183403 9.8195512145757657 15.200632020831106
leaf_count=534 63 50 46 147 43 69 128 41 76
internal_value=-0.000492593 -0.00313742 -0.000841977 0.001729 -0.019887 -0.0201214 0.00820136 0.00368311 0.00881443
internal_weight=278.951 214.198 188.943 166.412 22.5313 25.2547 64.753 52.8998 43.0803
internal_count=1197 889 770 681 89 119 308 245 204
is_linear=0
shrinkage=0.03


Tree=60
num_leaves=13
num_cat=0
split_feature=48 122 92 53 195 31 32 186 82 21 126 106
split_gain=7.00305 11.3726 10.2531 13.328 9.03551 8.62886 14.4616 8.00658 15.8233 7.24465 7.19077 4.45495
threshold=331.50000000000006 -0.20539999999999997 0.039719958128000006 5.1818000000000008 1.6041712421281598 0.11610000000000002 0.47279411764705886 -2.0399999999999987 0.59116538145000008 0.47860000000000008 71.222327622377648 0.29530000000000006
decision_type=2 2 2 2 2 2 2 2 2 2 2 2
left_child=2 5 -1 4 -4 6 -2 8 -3 -9 -5 -7
right_child=1 7 3 10 -6 11 -8 9 -10 -11 -12 -13
leaf_value=0.028505082792250107 -0.024393102473259501 -0.028790282820938259 0.021488416242236696 -0.023245683555103199 -0.011532731740996581 -0.043682076034348823 0.013125039687418455 0.024067027777405409 0.0027662138121710162 -0.00046616257205437457 0.0021350469793620891 -0.015506559090992529
leaf_weight=15.300396442413328 18.718973390758038 18.343841016292572 31.542393237352371 19.993914172053337 9.5579813867807371 10.811693802475931 17.989671394228935 21.236272856593132 63.085702747106552 21.522435367107391 19.668307609856129 10.548558071255682
leaf_count=72 79 80 142 84 40 45 76 91 267 89 88 44
internal_value=-0.000479597 -0.00394386 0.0060591 0.00173964 0.0137271 -0.0148944 -0.00593951 0.00116023 -0.0043324 0.0116761 -0.0106103 -0.0300448
internal_weight=278.32 182.257 96.063 80.7626 41.1004 58.0689 36.7086 124.188 81.4295 42.7587 39.6622 21.3603
internal_count=1197 771 426 354 182 244 155 527 347 180 172 89
is_linear=0
shrinkage=0.03


Tree=61
num_leaves=8
num_cat=0
split_feature=45 224 221 153 181 51 127
split_gain=6.82526 7.57252 10.4756 9.46482 8.20961 8.39277 2.73745
threshold=0.35500000000000004 2.71674965728096 0.51221299878977977 0.10022371979572459 2.0027445506483574 120.50300000000001 40.128512500000006
decision_type=2 2 2 2 2 2 2
left_child=-1 2 6 -4 5 -3 -2
right_child=1 4 3 -5 -6 -7 -8
leaf_value=0.030249515637941468 -0.037646086818944872 0.011352872808743747 -0.0058610858274714926 0.014837365223051001 -0.020672980791955276 -0.012626503082888551 -0.014772478474444009
leaf_weight=6.2545740455389014 9.1940910369157809 83.334285669028759 118.59142546355724 23.737481504678726 10.075707763433455 15.393675833940504 11.294716402888296
leaf_count=29 40 356 507 111 41 64 49
internal_value=-0.000466735 -0.00119595 -0.00529832 -0.00237996 0.00491467 0.00757466 -0.0253154
internal_weight=277.876 271.621 162.818 142.329 108.804 98.728 20.4888
internal_count=1197 1168 707 618 461 420 89
is_linear=0
shrinkage=0.03


Tree=62
num_leaves=10
num_cat=0
split_feature=7 55 224 207 162 214 110 224 221
split_gain=6.75181 8.65183 8.97686 8.17378 8.57659 11.1098 8.19826 12.8903 6.23093
threshold=15.525 4.8050000000000006 1.0121308121002521 1.0327244336031345 0.66034777634550113 0.22891963123729858 0.28275000000000006 3.4276320399199398 0.51725753429008559
decision_type=2 2 2 2 2 2 2 2 2
left_child=1 2 -1 4 5 -2 8 -8 -5
right_child=3 -3 -4 6 -6 -7 7 -9 -10
leaf_value=-0.016589608083822149 -0.00026364892353256407 -0.035501334347907587 0.018291043096862372 -0.033153513951888695 -0.018289555017713906 0.018139552664335964 -0.0084728857387306386 0.017070720361645579 -0.006574964493930446
leaf_weight=17.435752570629123 58.315379396080971 10.32290370762348 10.547164037823675 12.89450268447399 11.232521533966063 59.039936825633049 48.105885550379753 28.050040885806084 21.536430239677429
leaf_count=78 248 42 46 53 46 268 203 119 94
internal_value=-0.000454139 -0.0121385 -0.00331744 0.00140897 0.00655932 0.00897678 -0.00455315 0.00090614 -0.0166828
internal_weight=277.481 38.3058 27.9829 239.175 128.588 117.355 110.587 76.1559 34.4309
internal_count=1197 166 124 1031 562 516 469 322 147
is_linear=0
shrinkage=0.03


Tree=63
num_leaves=6
num_cat=0
split_feature=195 55 187 14 38
split_gain=6.63575 8.09962 7.75753 9.55323 7.35381
threshold=3.4194185272029096 6.4150000000000009 4.9400000000000057 20.185000000000006 35.215000000000011
decision_type=2 2 2 2 2
left_child=1 2 3 -1 -3
right_child=-2 4 -4 -5 -6
leaf_value=0.0030132132905392214 -0.017584059089618687 -0.028932901322440963 0.02327279081969692 -0.019995059013258196 0.0029267358033536195
leaf_weight=199.28420102596283 18.851463586091995 14.725397631525995 15.173679932951925 17.566835165023804 11.329066440463064
leaf_count=871 79 60 66 74 47
internal_value=-0.000443044 0.000803732 0.00259774 0.00112716 -0.0150067
internal_weight=276.931 258.079 232.025 216.851 26.0545
internal_count=1197 1118 1011 945 107
is_linear=0
shrinkage=0.03


Tree=64
num_leaves=9
num_cat=0
split_feature=89 127 127 52 218 186 180 19
split_gain=6.59094 8.74556 8.49307 8.56644 7.0262 8.34881 6.80837 4.76612
threshold=0.35131604710000003 17.392525000000003 72.606300000000019 9.6591000000000005 0.94312165783410029 -0.51500000000000046 -0.020410664748433657 16.725000000000005
decision_type=2 2 2 2 2 2 2 2
left_child=4 -2 3 -3 5 7 -4 -1
right_child=1 2 6 -5 -6 -7 -8 -9
leaf_value=-0.026549006130867931 0.026205514285625758 -7.5920288197214145e-05 -0.0035516891712064052 -0.023600010581932611 -0.024937986715797431 0.021125148184753383 0.027266367643849602 0.0025425345728699741
leaf_weight=10.374770715832716 12.284575402736662 173.98890428245068 9.9758084565401095 15.070160254836081 18.562196224927902 9.7814617753028852 17.277310475707054 9.458236947655676
leaf_count=46 54 752 44 62 79 43 77 40
internal_value=-0.000430166 0.00168494 0.00026707 -0.0019784 -0.0105111 -0.00131402 0.0159042 -0.0125818
internal_weight=276.773 228.597 216.312 189.059 48.1767 29.6145 27.2531 19.833
internal_count=1197 989 935 814 208 129 121 86
is_linear=0
shrinkage=0.03


Tree=65
num_leaves=13
num_cat=0
split_feature=48 107 25 31 32 55 53 186 81 29 60 106
split_gain=6.4195 10.6584 9.54626 8.04932 13.5319 7.56498 7.63331 7.42351 13.0976 6.99732 5.75695 4.21829
threshold=331.50000000000006 -0.20539999999999997 0.63190000000000013 0.11610000000000002 0.47279411764705886 1.9550000000000003 5.3661500000000011 -2.0399999999999987 0.52603631220000013 0.58881598042292882 0.45638521825200012 0.29530000000000006
decision_type=2 2 2 2 2 2 2 2 2 2 2 2
left_child=2 3 5 4 -2 -1 -7 8 -3 -9 -4 -5
right_child=1 7 10 11 -6 6 -8 9 -10 -11 -12 -13
leaf_value=-0.0069366230741367309 -0.023653640323175625 -0.030407357572910368 0.0061200551848197308 -0.042513261079407928 0.01272297994485431 0.028976802868157334 0.006422618994958944 0.018858609646573744 0.0013905342856477896 -0.0082190981923363268 -0.022879772453910822 -0.014925011586255109
leaf_weight=15.421082139015196 18.603541865944862 13.978886365890501 10.726390391588213 10.655735552310945 17.928531855344772 24.91804127395153 30.455735333263874 30.847647577524185 66.949799925088882 11.644572898745535 13.875903531908987 10.454088002443312
leaf_count=68 79 62 50 45 76 115 134 131 285 49 59 44
internal_value=-0.000417844 -0.00374568 0.00586425 -0.0143884 -0.00573351 0.0114751 0.01666 0.00120816 -0.00409567 0.0113659 -0.0101411 -0.0291271
internal_weight=276.46 181.063 95.3972 57.6419 36.5321 70.7949 55.3738 123.421 80.9287 42.4922 24.6023 21.1098
internal_count=1197 771 426 244 155 317 249 527 347 180 109 89
is_linear=0
shrinkage=0.03


Tree=66
num_leaves=9
num_cat=0
split_feature=0 0 55 214 29 18 85 7
split_gain=6.29933 8.59201 8.66202 10.9325 6.82207 6.20119 6.12015 6.08198
threshold=20240228.000000004 20231023.000000004 6.4150000000000009 0.27997802381743125 0.51610000000000011 58.475000000000009 2.7781555278000005 21.525000000000002
decision_type=2 2 2 2 2 2 2 2
left_child=1 2 3 -1 -4 -2 7 -7
right_child=5 -3 4 -5 -6 6 -8 -9
leaf_value=-0.0029996800867887244 0.027543835466931621 -0.029717690578124761 -0.00010413558647519617 0.015561004630169375 -0.033504499869437279 0 -0.017865722910630065 0.023746314071198184
leaf_weight=143.75213316082954 11.664922140538691 10.149665981531141 9.9957382082939166 35.518415316939354 12.663852661848066 27.659393548965454 9.7742082923650724 14.813072845339773
leaf_count=602 63 49 40 147 51 128 41 76
internal_value=-0.000407081 -0.00290577 -0.00152923 0.000667601 -0.0189677 0.00782912 0.00332597 0.00830381
internal_weight=275.991 212.08 201.93 179.271 22.6596 63.9116 52.2467 42.4725
internal_count=1197 889 840 749 91 308 245 204
is_linear=0
shrinkage=0.03


Tree=67
num_leaves=13
num_cat=0
split_feature=45 31 80 99 24 188 107 224 214 125 111 221
split_gain=6.23721 9.58147 8.91726 7.44893 7.42505 7.20772 6.45641 10.5534 8.36072 6.43267 6.23706 6.0367
threshold=3.1050000000000004 0.14400000000000002 11.710134751850001 44.230000000000011 0.3842105263157895 -0.6750000000000006 0.088950000000000015 5.4385256084485656 0.29284351179384754 14.500000000000002 -0.19034999999999999 0.46312960846033402
decision_type=2 2 2 2 2 2 2 2 2 2 2 2
left_child=1 2 10 5 -4 -3 8 11 9 -2 -1 -8
right_child=6 3 4 -5 -6 -7 7 -9 -10 -11 -12 -13
leaf_value=0.0020557204521439382 -0.0053395597995278005 -0.024338453076914679 0.023341246600360351 0.014244467430300348 -0.0062324026279655812 -0.0014898054035722113 -0.02573867388226396 0.02789072338006535 0.0099140794434009558 -0.028069991743192319 0.02562103229698812 0.00073808067582763941
leaf_weight=14.850218310952185 20.016350239515305 20.44458444416523 9.5944201797246915 13.723123908042906 35.965514861047268 32.256518691778183 9.6982816755771619 10.871214985847471 11.505270004272459 26.660376533865929 33.736590005457401 36.116847410798073
leaf_count=65 85 85 42 63 155 140 40 44 50 116 152 160
internal_value=-0.000396123 0.00340971 0.00957239 -0.00528116 0 -0.0104397 -0.00574062 0.00141815 -0.0127573 -0.0184189 0.0184991 -0.00484511
internal_weight=275.439 160.571 94.1467 66.4242 45.5599 52.7011 114.868 56.6863 58.182 46.6767 48.5868 45.8151
internal_count=1197 702 414 288 197 225 495 244 251 201 217 200
is_linear=0
shrinkage=0.03


Tree=68
num_leaves=9
num_cat=0
split_feature=188 0 217 218 218 214 182 138
split_gain=6.10047 7.22374 7.28557 6.92215 10.457 7.96463 5.86907 3.55385
threshold=3.0749999999999997 20240702.500000004 0.14163763670076504 1.1107283554392475 0.94293703399709694 0.27997802381743125 3.3553771472611826 5.8757060245333115
decision_type=2 2 2 2 2 2 2 2
left_child=1 3 7 4 -1 -5 -4 -3
right_child=-2 2 6 5 -6 -7 -8 -9
leaf_value=-0.0018387527904378887 0.018484996257579489 0.029992168374100417 -0.022095318146799797 -0.0025287027159495031 -0.01838453565478949 0.024655185449646125 0.0075643638312348728 0.0058797882178471313
leaf_weight=118.22578744590282 14.480708703398703 14.504432976245882 8.7487299889326113 27.723126709461212 48.679310500621796 14.67625932395458 18.45625014603138 9.4819467514753324
leaf_count=499 62 77 37 119 205 62 87 49
internal_value=-0.000384142 -0.00145126 0.00862151 -0.00393211 -0.00669056 0.0068461 -0.00190988 0.0206489
internal_weight=274.977 260.496 51.1914 209.304 166.905 42.3994 27.205 23.9864
internal_count=1197 1135 250 885 704 181 124 126
is_linear=0
shrinkage=0.03


Tree=69
num_leaves=11
num_cat=0
split_feature=7 6 207 101 174 53 100 134 218 207
split_gain=6.00654 9.25316 7.48249 9.60664 8.63216 8.08528 7.72018 8.47509 7.94091 3.99735
threshold=15.525 57.900000000000013 1.0327244336031345 50964879.900000006 1.0029337347589913 5.1114000000000006 61.140000000000008 69.530839275000019 0.91215442948517733 0.96224741133988578
decision_type=2 2 2 2 2 2 2 2 2 2
left_child=1 -1 3 5 -5 -2 8 -8 -4 -3
right_child=2 9 6 4 -6 -7 7 -9 -10 -11
leaf_value=0.010637843399144703 0.022646496098353546 -0.037048028380895832 -0.0010488900581441464 0.0030255170173482818 -0.026146715820042136 0.0015118601878265961 -0.013651472172329643 0.021598664693612577 -0.020008335113029341 -0.012166284867451358
leaf_weight=11.559088528156279 40.123804681003094 9.4457357972860354 48.568006612360477 48.011323019862175 11.141349568963049 27.941684782505035 9.1490482687950152 17.813998565077782 34.003852859139442 16.724219635128975
leaf_count=51 181 40 209 207 46 128 39 77 144 75
internal_value=-0.000371853 -0.0114809 0.00138992 0.006346 -0.00245327 0.0140294 -0.00433943 0.00952056 -0.00890761 -0.0213681
internal_weight=274.482 37.729 236.753 127.218 59.1527 68.0655 109.535 26.963 82.5719 26.17
internal_count=1197 166 1031 562 253 309 469 116 353 115
is_linear=0
shrinkage=0.03


Tree=70
num_leaves=15
num_cat=0
split_feature=45 31 72 54 111 188 214 107 224 202 126 152 111 56
split_gain=5.88215 8.85638 7.74888 8.05487 7.09882 8.88651 8.13476 6.03892 10.0465 8.04157 6.66094 5.4308 5.07138 4.37513
threshold=3.1050000000000004 0.14400000000000002 15.118806789700002 45.930000000000007 -0.0097499999999999983 -0.6750000000000006 0.23155509441534755 0.088950000000000015 5.4385256084485656 0.88131055802482383 70.914841666666675 -2.2319577614949822 -0.19034999999999999 18.385915660300004
decision_type=2 2 2 2 2 2 2 2 2 2 2 2 2 2
left_child=1 2 12 -4 6 -6 -3 9 11 13 -11 -9 -1 -2
right_child=7 4 3 -5 5 -7 -8 8 -10 10 -12 -13 -14 -15
leaf_value=0.0027562818853815113 -0.01198836948807429 -0.0086200291623462141 0.0071643191777885909 -0.023085500424427884 -0.027428693790690885 -0.0006784474284807087 0.03022848834643016 0.011374625377555844 0.027239445085691035 -0.011274964870980286 0.017943357447838728 -0.011365869163275593 0.023913076788321764 -0.040072524210797433
leaf_weight=15.068011224269865 9.8780071735382098 9.7425656169652957 34.44746245443821 10.177555188536642 18.533178135752678 28.541837453842163 9.334291920065878 13.105524003505705 10.832412347197531 27.496914684772491 9.2734249085187894 32.525270402431488 34.005728147923946 11.161254584789274
leaf_count=66 43 43 151 43 76 127 42 60 44 120 42 140 154 46
internal_value=-0.000361793 0.00334136 0.00928186 0.000162024 -0.00502891 -0.0113093 0.0102906 -0.00556657 0.0013646 -0.0123788 -0.0037961 -0.00475843 0.0174967 -0.0271479
internal_weight=274.123 159.851 93.6988 44.625 66.1519 47.075 19.0769 114.273 56.4632 57.8096 36.7703 45.6308 49.0737 21.0393
internal_count=1197 702 414 194 288 203 85 495 244 251 162 200 220 89
is_linear=0
shrinkage=0.03


Tree=71
num_leaves=8
num_cat=0
split_feature=169 45 216 214 108 202 214
split_gain=6.0312 7.15227 9.31547 10.0238 8.52218 9.87907 9.34424
threshold=-0.59012630323632453 2.9150000000000005 0.57916666666666672 0.27997802381743125 0.021350000000000004 0.88131055802482383 0.2224497481027107
decision_type=2 2 2 2 2 2 2
left_child=-1 2 3 -2 5 -3 -6
right_child=1 4 -4 -5 6 -7 -8
leaf_value=0.022545039020726129 0.0018898470612751593 -0.031561438849270311 -0.019487897260525817 0.02390261307579104 0.0224711655090322 -0.0056207085648551465 -0.0056356453887961167
leaf_weight=9.8635978400707227 112.41194727271795 20.657639235258102 14.681032478809355 22.317329823970795 14.127103023231028 37.532912254333496 42.018299132585526
leaf_count=43 492 88 58 108 62 165 181
internal_value=-0.000351786 -0.00122767 0.00307947 0.00557344 -0.00688008 -0.0149195 0.00141053
internal_weight=273.61 263.746 149.41 134.729 114.336 58.1906 56.1454
internal_count=1197 1154 658 600 496 253 243
is_linear=0
shrinkage=0.03


Tree=72
num_leaves=8
num_cat=0
split_feature=89 127 195 192 218 29 110
split_gain=5.73669 8.29312 7.95166 9.8832 6.35594 7.22021 5.72114
threshold=0.35131604710000003 17.392525000000003 1.2365027878239905 -5.3749999999999991 0.94312165783410029 0.44105000000000005 0.2798000000000001
decision_type=2 2 2 2 2 2 2
left_child=4 -2 3 -3 5 -1 -4
right_child=1 2 6 -5 -6 -7 -8
leaf_value=-0.019423072259187581 0.025611354830108526 -0.022591642677990714 -0.015269885186779067 0.0087414441411912385 -0.023678200805603206 0.010938788146081967 -0.00047167390020135116
leaf_weight=11.582544758915903 12.18576270341873 9.8233214020729047 36.317998766899109 99.912438921630383 18.229348942637444 17.629964560270309 67.623641103506088
leaf_count=50 54 44 157 445 79 79 289
internal_value=-0.000341218 0.00164045 0.000248047 0.00589124 -0.00982235 -0.00102231 -0.00568082
internal_weight=273.305 225.863 213.677 109.736 47.4419 29.2125 103.942
internal_count=1197 989 935 489 208 129 446
is_linear=0
shrinkage=0.03


Tree=73
num_leaves=8
num_cat=0
split_feature=0 0 169 52 18 92 176
split_gain=5.69693 7.95806 7.18192 8.40238 5.80074 6.98444 6.48266
threshold=20240228.000000004 20231023.000000004 -0.50878485919998984 2.2468500000000007 58.475000000000009 0.037500628300000012 -0.53288494599750236
decision_type=2 2 2 2 2 2 2
left_child=1 2 -1 -4 -2 -6 -7
right_child=4 -3 3 -5 5 6 -8
leaf_value=0.023007421139209384 0.026869076207931296 -0.028905636663187812 0.0091583689270395511 -0.0060837378813709403 0.026972729256646403 -0.022855766322701622 0.0045795073642887728
leaf_weight=10.168717011809347 11.390887849032877 9.8616144806146604 41.480521366000175 148.35868085920811 9.0683158785104734 10.032161846756933 32.627434529364109
leaf_count=43 63 49 174 623 48 42 155
internal_value=-0.00033221 -0.00271975 -0.00139983 -0.00273442 0.00755062 0.00319503 -0.00184059
internal_weight=272.988 209.87 200.008 189.839 63.1188 51.7279 42.6596
internal_count=1197 889 840 797 308 245 197
is_linear=0
shrinkage=0.03


Tree=74
num_leaves=8
num_cat=0
split_feature=51 51 185 176 55 18 78
split_gain=5.59044 9.68702 8.83845 7.11632 6.81635 6.68862 5.67385
threshold=120.50300000000001 149.12070000000003 6.9100000000000046 -6.6329949755378745 2.8950000000000005 58.390000000000008 -0.3084712007499999
decision_type=2 2 2 2 2 2 2
left_child=2 -2 3 -1 -5 -3 -7
right_child=1 5 -4 4 -6 6 -8
leaf_value=-0.028253644265117867 -0.033703977666290658 0.020502467520998824 0.029952374943446592 0.0069933054419022995 -0.0037927216714201749 -0.026612601570984346 0.0023031335425135772
leaf_weight=7.4580864161252967 11.445085823535917 8.7890062853693944 9.3700854778289777 101.13388291746378 109.66014412790537 10.364917188882826 14.230582460761072
leaf_count=32 49 42 41 448 478 43 64
internal_value=-0.000321349 -0.0100015 0.00157551 0.000330321 0.00136879 -0.00170965 -0.00981934
internal_weight=272.452 44.8296 227.622 218.252 210.794 33.3845 24.5955
internal_count=1197 198 999 958 926 149 107
is_linear=0
shrinkage=0.03


Tree=75
num_leaves=8
num_cat=0
split_feature=10 213 169 168 12 160 33
split_gain=5.59265 8.24744 8.21841 9.43468 7.09571 6.3624 4.35471
threshold=16.200000000000006 -0.30127502792816013 -0.59012630323632453 -1.2716399608139322 58.890000000000008 7.294214534428126 0.49705000000000005
decision_type=2 2 2 2 2 2 2
left_child=4 -2 -3 -4 -1 -6 -7
right_child=1 2 3 -5 5 6 -8
leaf_value=0.010828354703362715 0.021327490504329236 0.029030222414245216 0.011090432661052186 -0.004789934458549922 0.0067661134216037439 -0.0091301118816885778 -0.031752149963043423
leaf_weight=12.222947828471659 17.774792477488518 8.3448702841997129 43.298919036984444 149.5430523455143 9.1190015077590925 14.899915114045145 17.025369316339493
leaf_count=58 79 36 190 652 44 64 74
internal_value=-0.000312089 0.00179818 4.81345e-05 -0.00120486 -0.00902996 -0.0150286 -0.0213493
internal_weight=272.229 218.962 201.187 192.842 53.2672 41.0443 31.9253
internal_count=1197 957 878 842 240 182 138
is_linear=0
shrinkage=0.03


Tree=76
num_leaves=8
num_cat=0
split_feature=204 48 108 14 48 111 196
split_gain=5.55129 6.57519 9.6904 10.9119 7.89566 7.40193 6.62453
threshold=1.2078894640312128 331.50000000000006 -0.031299999999999994 14.185 332.50000000000006 -0.38424999999999992 0.99181715132758819
decision_type=2 2 2 2 2 2 2
left_child=1 5 4 -4 -3 -1 -7
right_child=-2 2 3 -5 -6 6 -8
leaf_value=0.033083996810470584 -0.021950426380355364 0.0063419405244152134 0.01988439604674468 -0.002564026183239513 -0.017775309969459016 0.011591758734359345 -0.0059904060635938639
leaf_weight=8.8875836730003339 10.165044501423834 15.893412463366984 25.307922169566154 82.985523253679276 49.922795087099075 46.089008450508118 32.787014581263065
leaf_count=41 43 70 112 356 215 211 149
internal_value=-0.000301778 0.000535157 -0.00282736 0.00266794 -0.0119051 0.00723565 0.00424693
internal_weight=272.038 261.873 174.11 108.293 65.8162 87.7636 78.876
internal_count=1197 1154 753 468 285 401 360
is_linear=0
shrinkage=0.03


Tree=77
num_leaves=9
num_cat=0
split_feature=204 45 149 218 32 224 182 202
split_gain=5.61205 7.05262 7.39157 7.70632 6.05389 6.57066 5.13827 5.02356
threshold=1.2120606053997831 3.1050000000000004 38.969705307187027 1.1107283554392475 0.45604075630252106 2.2365026666442911 2.4938042917722609 0.95446395956104968
decision_type=2 2 2 2 2 2 2 2
left_child=1 2 6 -4 7 -6 -1 -3
right_child=-2 4 3 -5 5 -7 -8 -9
leaf_value=-0.0017856462755617847 -0.023060084606583677 -0.032297005917309482 -0.002543722157490646 0.016205386719739118 -0.010548973818972291 0.0056476450328241277 0.025189277729321786 -0.0025616801418497661
leaf_weight=8.518346309661867 9.3122986406087858 12.013718813657762 94.718364514410496 24.778596550226212 41.468769714236259 48.964626923203468 22.673114731907845 9.2845522910356504
leaf_count=40 39 54 406 110 183 211 114 40
internal_value=-0.000292493 0.000512492 0.0047565 0.00132926 -0.00518355 -0.00174972 0.0177444 -0.0195472
internal_weight=271.732 262.42 150.688 119.497 111.732 90.4334 31.1915 21.2983
internal_count=1197 1158 670 516 488 394 154 94
is_linear=0
shrinkage=0.03


Tree=78
num_leaves=7
num_cat=0
split_feature=100 171 214 221 188 53
split_gain=5.45629 6.68846 8.48243 9.82193 9.08632 4.50365
threshold=5.7800000000000002 1.5464983523356601 0.28995369770446366 0.51473621039912099 1.0000000180025095e-35 1.8331500000000003
decision_type=2 2 2 2 2 2
left_child=5 2 4 -4 -2 -1
right_child=1 -3 3 -5 -6 -7
leaf_value=0.028696207188563909 -0.0071802555640190927 -0.01894393160749485 -0.013872068111003055 0.01782995268730523 0.007980123877484941 0.00033041414868106714
leaf_weight=10.112401455640795 133.9755532220006 18.266550719738007 11.141593195497988 39.233468189835548 48.188737884163857 10.375461816787718
leaf_count=47 591 78 49 177 210 45
internal_value=-0.000285169 -0.00151416 -0.000124557 0.0107453 -0.00315117 0.0145483
internal_weight=271.294 250.806 232.539 50.3751 182.164 20.4879
internal_count=1197 1105 1027 226 801 92
is_linear=0
shrinkage=0.03


Tree=79
num_leaves=9
num_cat=0
split_feature=103 133 48 41 88 14 125 138
split_gain=5.35189 8.71778 10.4667 7.22694 9.17887 9.45457 9.25636 5.15185
threshold=-0.44474999999999992 63.985928873125005 319.00000000000006 5.3865000000000007 29.707402438850004 17.060000000000006 7.5000000000000009 4.0554588894497376
decision_type=2 2 2 2 2 2 2 2
left_child=1 -1 -3 -2 5 -5 -6 -4
right_child=3 2 7 4 6 -7 -8 -9
leaf_value=0.016727931845422303 0.027017807291818106 0.015761973673713955 0.00088664580258232528 0.0095140123129505132 -0.036090057394916601 -0.0064395169532155813 -0.0014068216103029468 -0.020577910838846809
leaf_weight=11.971686884760855 10.124901130795477 11.00702679902315 12.541853889822958 99.083658337593079 10.804135978221895 50.125679455697536 19.532929658889771 45.789846286177635
leaf_count=53 47 50 58 447 44 218 84 196
internal_value=-0.000275918 -0.00672034 -0.0108303 0.00247302 0.00105794 0.00413374 -0.0139353 -0.0159179
internal_weight=270.982 81.3104 69.3387 189.671 179.546 149.209 30.3371 58.3317
internal_count=1197 357 304 840 793 665 128 254
is_linear=0
shrinkage=0.03


Tree=80
num_leaves=7
num_cat=0
split_feature=7 6 201 188 207 102
split_gain=5.35481 8.39175 7.30214 7.41409 7.9173 3.81586
threshold=15.525 57.900000000000013 1.4277236630339487 3.0749999999999997 1.0235518404242949 0.24980000000000005
decision_type=2 2 2 2 2 2
left_child=1 -1 3 4 -2 -3
right_child=2 5 -4 -5 -6 -7
leaf_value=0.010315524565421548 0.0068742204390119547 -0.004458709736185543 -0.021025896881748819 0.027333765647263798 -0.0047621026667072621 -0.029036644661101656
leaf_weight=11.408883318305014 112.49845539033413 9.2010959088802355 12.244595639407633 10.362224400043486 98.481515876948833 16.452223211526871
leaf_count=51 504 42 54 46 427 73
internal_value=-0.00026735 -0.0108544 0.00140353 0.00266681 0.00142871 -0.0203893
internal_weight=270.649 37.0622 233.587 221.342 210.98 25.6533
internal_count=1197 166 1031 977 931 115
is_linear=0
shrinkage=0.03


Tree=81
num_leaves=11
num_cat=0
split_feature=224 221 22 92 132 215 88 197 0 126
split_gain=5.18764 9.72925 8.84249 8.60141 7.6231 7.1751 7.81663 5.65324 4.98633 2.50818
threshold=2.71674965728096 0.51221299878977977 1.4954000000000003 0.039719958128000006 3.0193000000000008 0.54876614396378665 22.855007083050001 0.79972576554657715 20221221.000000004 68.651503508771938
decision_type=2 2 2 2 2 2 2 2 2 2
left_child=1 9 5 8 -5 6 -2 -4 -3 -1
right_child=2 3 7 4 -6 -7 -8 -9 -10 -11
leaf_value=-0.033245434287561652 0.0096138632932696328 0.032313031714354269 0.036611081451141357 0.0037029496734055688 -0.011113797228812143 -0.019408820630154776 -0.015052342482347488 0.0085526780392481336 0.00079469497894719715 -0.01092726280177022
leaf_weight=10.750290438532831 50.36589078605175 10.025177434086801 10.53658687323332 61.512884438037872 62.92123057693243 14.364687502384184 14.837928265333174 17.679344967007637 8.5274114757776243 8.9041557908058149
leaf_count=49 220 43 48 276 279 62 60 78 42 40
internal_value=-0.000259794 -0.00365204 0.00482977 -0.00090312 -0.00376809 -0.000256327 0.00394037 0.0192287 0.0180689 -0.0233929
internal_weight=270.426 162.641 107.784 142.987 124.434 79.5685 65.2038 28.2159 18.5526 19.6544
internal_count=1197 729 468 640 555 342 280 126 85 89
is_linear=0
shrinkage=0.03


Tree=82
num_leaves=6
num_cat=0
split_feature=204 169 45 214 108
split_gain=5.20876 6.44361 7.33908 9.82435 7.66211
threshold=1.2120606053997831 -0.59012630323632453 2.8650000000000007 0.23155509441534755 0.021350000000000004
decision_type=2 2 2 2 2
left_child=1 -1 3 -3 -4
right_child=-2 2 4 -5 -6
leaf_value=0.024981495385502612 -0.022291989775834384 -0.0024227903938082774 -0.013806484430777241 0.013703493885548016 0.0018544790245679848
leaf_weight=9.2515829950571042 9.2236512750387174 82.308441862463951 57.005993992090225 57.518932096660137 54.765056163072586
leaf_count=41 39 356 252 270 239
internal_value=-0.000251656 0.000524437 -0.000372528 0.00419448 -0.00611138
internal_weight=270.074 260.85 251.598 139.827 111.771
internal_count=1197 1158 1117 626 491
is_linear=0
shrinkage=0.03


Tree=83
num_leaves=9
num_cat=0
split_feature=55 214 186 217 168 107 38 116
split_gain=5.20927 8.03482 9.44432 9.34447 8.55581 8.21164 7.01264 6.00968
threshold=6.4150000000000009 0.28810978980554941 -2.1850000000000018 0.20764871907455398 0.59372461906783369 -0.094549999999999981 35.215000000000011 0.042850000000000006
decision_type=2 2 2 2 2 2 2 2
left_child=1 2 4 7 -1 -4 -2 -3
right_child=6 3 5 -5 -6 -7 -8 -9
leaf_value=-0.0027281737636436812 -0.027087435016783165 0.0058854768661122138 -0.0038266814685346804 -0.0055808579418368939 -0.022532425746059365 0.016297949913956354 0.0042571126575577109 0.032240049973993851
leaf_weight=96.096953488886356 14.231157660484316 13.816263616085051 34.049502924084663 17.832219801843166 24.750789932906628 38.676284052431583 11.338519662618635 18.911045365035534
leaf_count=429 60 63 150 79 110 170 48 88
internal_value=-0.000244072 0.00109587 -0.00167341 0.01174 -0.00682436 0.00684228 -0.0131088 0.0212573
internal_weight=269.703 244.133 193.574 50.5595 120.848 72.7258 25.5697 32.7273
internal_count=1197 1089 859 230 539 320 108 151
is_linear=0
shrinkage=0.03


Tree=84
num_leaves=11
num_cat=0
split_feature=188 33 224 180 7 48 108 52 202 215
split_gain=5.05931 9.45692 12.3652 9.83193 6.85918 6.87655 13.1922 7.40211 5.43316 3.51055
threshold=-1.3499999999999994 0.37435000000000002 2.6284574125712035 0.036274697844288682 24.525000000000002 332.50000000000006 -0.031299999999999994 2.0565500000000005 0.93236997609153993 0.076761258057805204
decision_type=2 2 2 2 2 2 2 2 2 2
left_child=1 -1 8 -4 5 7 -7 -2 -3 -6
right_child=4 2 3 -5 9 6 -8 -9 -10 -11
leaf_value=0.017511405282645488 0.026445008151765693 -0.033240206065034493 0.018661529907937693 -0.0163883668731814 0.0056542472943429678 -0.022125363710997284 0.0033343354537763393 0.0024714226406021525 -0.011600856801597764 0.031091938861963091
leaf_weight=12.78355850279331 13.974648162722586 17.58707582950592 17.979746453464035 11.814550340175627 9.8121953904628771 28.377995833754539 50.858126267790794 68.12661711871624 27.546234898269176 10.460810743272303
leaf_count=57 66 78 79 48 43 125 221 310 122 48
internal_value=-0.000236984 -0.00615978 -0.0102563 0.00465426 0.00260881 0.000518136 -0.0057625 0.00661573 -0.0201542 0.0190155
internal_weight=269.322 87.7112 74.9276 29.7943 181.61 161.337 79.2361 82.1013 45.1333 20.273
internal_count=1197 384 327 127 813 722 346 376 200 91
is_linear=0
shrinkage=0.03


Tree=85
num_leaves=6
num_cat=0
split_feature=195 55 181 78 29
split_gain=5.06964 6.4484 7.57529 7.29068 6.22877
threshold=3.4194185272029096 6.4150000000000009 3.4317923339094967 6.9928486040000006 0.51464500350272335
decision_type=2 2 2 2 2
left_child=1 2 3 -1 -3
right_child=-2 4 -4 -5 -6
leaf_value=0.0053128224486554843 -0.01546363253187439 0.0028039642195033525 -0.020319967646514777 -0.017025786877988447 -0.026880962348993769
leaf_weight=199.13501691818237 18.239069759845734 11.333228915929796 12.239304721355436 13.928827598690985 13.88477937877178
leaf_count=899 79 48 52 60 59
internal_value=-0.000228894 0.000874021 0.00249737 0.00383108 -0.0134634
internal_weight=268.76 250.521 225.303 213.064 25.218
internal_count=1197 1118 1011 959 107
is_linear=0
shrinkage=0.03


Tree=86
num_leaves=8
num_cat=0
split_feature=51 51 185 176 48 18 48
split_gain=4.98458 8.79865 7.69808 6.53996 6.1263 6.09451 7.044
threshold=120.50300000000001 149.12070000000003 6.9100000000000046 -6.6329949755378745 331.50000000000006 58.390000000000008 329.50000000000006
decision_type=2 2 2 2 2 2 2
left_child=2 -2 3 -1 -5 -3 -7
right_child=1 5 -4 4 -6 6 -8
leaf_value=-0.027235000625746887 -0.032281233175124262 0.019847583496199698 0.028417685840202076 0.0087600488251817748 -0.0021778047885094342 -0.029516528173477288 0.003377298392688684
leaf_weight=7.3231370002031317 11.208074904978274 8.6686687991023046 9.1267144083976728 68.560002893209457 139.43807395547628 9.3966585546731967 14.902361959218977
leaf_count=32 49 42 41 316 610 41 66
internal_value=-0.000223395 -0.00943276 0.00157922 0.000415043 0.00141557 -0.00150008 -0.00928894
internal_weight=268.624 44.1758 224.448 215.321 207.998 32.9677 24.299
internal_count=1197 198 999 958 926 149 107
is_linear=0
shrinkage=0.03


Tree=87
num_leaves=10
num_cat=0
split_feature=92 211 52 126 206 196 218 34 61
split_gain=4.96746 7.0995 6.76591 8.84052 6.60889 6.55947 6.43283 7.67291 5.5835
threshold=0.035622909724000007 -0.089904627661388445 3.5916000000000001 73.075673750000007 0.92529384303619677 0.99181715132758819 0.63752471646454589 0.27735000000000004 0.61417021695000018
decision_type=2 2 2 2 2 2 2 2 2
left_child=1 -1 6 4 -4 -5 -2 -8 -3
right_child=2 8 3 5 -6 -7 7 -9 -10
leaf_value=0.033044515869039365 0.026230614966889634 -0.011594953855385904 0.0034935779332568033 0.011710118939985073 -0.017895021041724444 -0.012131386212633707 0.0056040808567028016 -0.014059436913764668 0.015756592689536542
leaf_weight=9.0253283828496915 10.062308415770529 13.06142643839121 16.415036603808403 30.295364730060101 58.153402373194695 15.595207020640371 79.307751931250095 22.912870183587074 13.545689500868319
leaf_count=42 44 61 71 135 252 70 360 98 64
internal_value=-0.000216974 0.0101853 -0.00182612 -0.0067703 -0.0131481 0.00353396 0.00345269 0.00115773 0.00222426
internal_weight=268.374 35.6324 232.742 120.459 74.5684 45.8906 112.283 102.221 26.6071
internal_count=1197 167 1030 528 323 205 502 458 125
is_linear=0
shrinkage=0.03


Tree=88
num_leaves=8
num_cat=0
split_feature=201 85 76 0 224 89 161
split_gain=4.9347 6.53634 8.98869 7.41152 10.6659 7.17685 4.71888
threshold=1.4277236630339487 3.2115178389000008 1.0231104872360002 20240702.500000004 -3.6552314890509963 7.8012774994000011 1.1007319159212317
decision_type=2 2 2 2 2 2 2
left_child=1 3 -3 4 -1 -4 -5
right_child=-2 2 5 6 -6 -7 -8
leaf_value=0.01450054157929539 -0.017304238226913033 -0.032281244254053827 -0.010408611187135271 1.6174875191261288e-05 -0.0035995022454240562 0.020278609481750823 0.022728460382828886
leaf_weight=37.377280831336975 14.296435527503489 11.566456213593481 23.941208347678185 12.741319149732588 134.0726849809289 9.4773718714714033 24.623132847249508
leaf_count=163 64 48 103 64 583 41 131
internal_value=-0.000209304 0.000748268 -0.00959581 0.00299459 0.000335098 -0.0015818 0.0150843
internal_weight=268.096 253.799 44.985 208.814 171.45 33.4186 37.3645
internal_count=1197 1133 192 941 746 144 195
is_linear=0
shrinkage=0.03


Tree=89
num_leaves=10
num_cat=0
split_feature=188 33 224 180 217 7 80 52 13
split_gain=4.86661 8.70093 11.8045 9.07063 7.16645 6.35379 6.62974 10.7244 3.21307
threshold=-1.3499999999999994 0.37435000000000002 2.6284574125712035 0.036274697844288682 -0.069119848880904888 24.525000000000002 69.842789139600015 2.0111500000000002 23.475000000000005
decision_type=2 2 2 2 2 2 2 2 2
left_child=1 -1 4 -4 -3 6 7 -2 -7
right_child=5 2 3 -5 -6 8 -8 -9 -10
leaf_value=0.016705337151352837 0.022532444319517054 -0.0060902389235025604 0.018129744988610096 -0.015620699823537278 -0.030478646427478231 0.0062037279017676476 -0.017606554378933836 -0.00069691316511945529 0.030666526335576743
leaf_weight=12.733494602143763 20.770103678107262 19.957779958844185 17.855785712599758 11.764723405241964 24.789108440279961 10.226796083152296 16.082860752940178 123.68278833478689 9.8688167557120305
leaf_count=57 97 89 79 48 111 47 68 557 44
internal_value=-0.000202809 -0.00603384 -0.00998483 0.00461629 -0.0197058 0.00259411 0.000579349 0.00263563 0.0184581
internal_weight=267.732 87.1009 74.3674 29.6205 44.7469 180.631 160.536 144.453 20.0956
internal_count=1197 384 327 127 200 813 722 654 91
is_linear=0
shrinkage=0.03


Tree=90
num_leaves=9
num_cat=0
split_feature=89 127 127 52 19 24 180 101
split_gain=4.76965 7.44218 6.99944 6.54382 5.93924 8.40804 5.75288 2.37765
threshold=0.35131604710000003 17.392525000000003 72.606300000000019 9.6591000000000005 18.675000000000004 0.46184210526315794 -0.020410664748433657 11787467.425000003
decision_type=2 2 2 2 2 2 2 2
left_child=4 -2 3 -3 5 -1 -4 -7
right_child=1 2 6 -5 -6 7 -8 -9
leaf_value=0.0038185376589879643 0.024579267967520326 -8.721262370427031e-05 -0.0033375564774360362 -0.021067871176533134 0.0058693644009042882 -0.01607612030522634 0.025502935684993878 -0.038301522707693672
leaf_weight=11.15251734107733 11.924337372183798 168.52116044610739 9.6472780406475085 14.461665421724318 15.697324827313421 8.7003774493932742 16.522261500358582 10.662484511733053
leaf_count=51 54 752 44 62 67 44 77 46
internal_value=-0.000196576 0.00162515 0.000291013 -0.00177236 -0.00896098 -0.0166821 0.0147846 -0.028603
internal_weight=267.289 221.077 209.152 182.983 46.2127 30.5154 26.1695 19.3629
internal_count=1197 989 935 814 208 141 121 90
is_linear=0
shrinkage=0.03


Tree=91
num_leaves=7
num_cat=0
split_feature=201 153 113 212 33 53
split_gain=4.70999 6.43757 8.38419 7.27737 7.24781 6.25105
threshold=1.4277236630339487 0.12884623316344404 0.55415000000000014 0.044889636898067249 0.37435000000000002 5.6642500000000009
decision_type=2 2 2 2 2 2
left_child=1 2 4 -3 -1 -4
right_child=-2 3 5 -5 -6 -7
leaf_value=0.0095247619852480876 -0.016912522060981747 0.034152978006976233 0.025465873799276621 0.00091224360970627307 -0.0057461852248095859 -0.0011692248193330016
leaf_weight=33.540546514093876 14.261155426502226 10.464870341122152 17.447784364223484 13.956510961055754 163.23576033115387 14.076763331890104
leaf_count=151 64 53 79 70 719 61
internal_value=-0.000191267 0.000746767 -0.000809303 0.0153599 -0.0031245 0.0135115
internal_weight=266.983 252.722 228.301 24.4214 196.776 31.5245
internal_count=1197 1133 1010 123 870 140
is_linear=0
shrinkage=0.03


Tree=92
num_leaves=5
num_cat=0
split_feature=38 214 202 194
split_gain=4.86478 5.69091 6.32497 6.59144
threshold=4.0850000000000009 0.13836055321727503 1.320082382292082 0.74242176508789692
decision_type=2 2 2 2
left_child=-1 -2 3 -3
right_child=1 2 -4 -5
leaf_value=0.028007978407296175 -0.01853827624500259 -0.0068066154785337181 -0.017562816974798098 0.0046804780918060325
leaf_weight=5.2917500734329215 15.1921189725399 61.027877353131771 16.486781440675259 168.82914043217897
leaf_count=25 72 272 74 754
internal_value=-0.000184293 -0.000776671 0.000313599 0.00161593
internal_weight=266.828 261.536 246.344 229.857
internal_count=1197 1172 1100 1026
is_linear=0
shrinkage=0.03


Tree=93
num_leaves=5
num_cat=0
split_feature=175 181 18 204
split_gain=4.72176 5.15078 5.68179 7.60773
threshold=1.395622335578089 3.4317923339094967 74.540000000000006 1.1552604006831293
decision_type=2 2 2 2
left_child=1 2 3 -1
right_child=-2 -3 -4 -5
leaf_value=0.0022118262672237866 -0.018645557084547369 -0.016934644564618032 0.023772053446277783 -0.019519062574064099
leaf_weight=215.44429562985897 11.816521652042864 13.996351867914198 9.9796073883771879 15.434068709611891
leaf_count=974 51 60 45 67
internal_value=-0.000179022 0.000672404 0.00171461 0.000738321
internal_weight=266.671 254.854 240.858 230.878
internal_count=1197 1146 1086 1041
is_linear=0
shrinkage=0.03


Tree=94
num_leaves=11
num_cat=0
split_feature=221 50 152 214 217 122 11 21 177 114
split_gain=4.69027 8.51294 7.81271 7.18754 9.32681 7.44751 9.03424 8.67658 3.7858 3.23486
threshold=0.51221299878977977 20210623.500000004 -3.227828386095561 0.28995369770446366 0.20764871907455398 -0.22469999999999998 17.685000000000006 0.576308223609589 0.12446297160635701 0.32295000000000007
decision_type=2 2 2 2 2 2 2 2 2 2
left_child=1 -1 -3 5 9 6 -2 -7 -4 -5
right_child=3 2 8 4 -6 7 -8 -9 -10 -11
leaf_value=0.01248880653235881 -0.016672891119889347 0.0040983871958470948 -0.039349775715770384 0.034147719924975499 -0.0074831232451422402 0.0080881155556603666 0.0092111954223191243 -0.011195900865987193 -0.014459315893176334 0.013613862059285022
leaf_weight=12.205490633845328 44.210932165384293 11.000837951898573 10.875937983393671 11.724456034600736 14.358106464147566 86.508297443389893 16.476396352052689 27.529354274272919 12.489175766706465 19.121676973998547
leaf_count=50 195 51 50 56 64 390 73 124 57 87
internal_value=-0.000174148 -0.00882242 -0.0164927 0.00164672 0.0123006 -0.0010979 -0.00959251 0.00340083 -0.0262914 0.0216007
internal_weight=266.501 46.5714 34.366 219.929 45.2042 174.725 60.6873 114.038 23.3651 30.8461
internal_count=1197 208 158 989 207 782 268 514 107 143
is_linear=0
shrinkage=0.03


Tree=95
num_leaves=9
num_cat=0
split_feature=0 0 93 55 20 23 152 211
split_gain=4.64067 7.20683 7.82605 7.11581 5.57537 6.18564 6.84304 3.82821
threshold=20240228.000000004 20231023.000000004 0.056144690800000008 6.4150000000000009 13.315000000000003 0.068850000000000008 -2.2319577614949822 0.10293893968329083
decision_type=2 2 2 2 2 2 2 2
left_child=1 2 -1 -4 -2 6 -6 -7
right_child=4 -3 3 -5 5 7 -8 -9
leaf_value=-0.024774390306382097 0.02632358519844458 -0.02787717941194862 0.0025623410175766824 -0.01590686676920593 0.0094972550858356264 0.02824879405175253 -0.018789740785457677 0.0014938716590655969
leaf_weight=11.703817009925841 11.003603301942347 9.4014028608798963 162.47907073795795 21.116290330886841 14.137523800134661 10.416412025690081 16.473040841519833 9.3564104884862882
leaf_count=51 64 49 701 88 72 53 75 44
internal_value=-0.000168689 -0.00234963 -0.00109179 0.000414264 0.00704708 0.00273391 -0.00563929 0.0158107
internal_weight=266.088 204.701 195.299 183.595 61.387 50.3834 30.6106 19.7728
internal_count=1197 889 840 789 308 244 147 97
is_linear=0
shrinkage=0.03


Tree=96
num_leaves=12
num_cat=0
split_feature=188 33 224 183 217 51 51 133 48 105 47
split_gain=4.61865 7.85674 11.1506 8.52673 6.78333 5.91283 8.7094 8.49561 5.91314 8.19505 6.9842
threshold=-1.3499999999999994 0.37435000000000002 2.6284574125712035 0.055815062535922215 -0.069119848880904888 120.50300000000001 149.12070000000003 161.64817804662684 331.50000000000006 0.62500000000000011 0.63945000000000007
decision_type=2 2 2 2 2 2 2 2 2 2 2
left_child=1 -1 4 -4 -3 8 -7 -8 10 -10 -2
right_child=5 2 3 -5 -6 6 7 -9 9 -11 -12
leaf_value=0.015830478518809522 0.0189688972219824 -0.0058904288341485181 -0.017477761051516053 0.016316742232645048 -0.029747745925519532 -0.034305519089875752 -0.012582217550695125 0.02383948964490186 -0.0023247184300266496 0.026245513561159856 -0.0083047700973061609
leaf_weight=12.614600256085394 40.977546669542789 19.823997549712658 10.124342635273935 19.312393091619015 24.417496353387833 8.7359251007437688 16.125861428678039 8.8362737745046598 84.270531639456749 10.013030610978602 10.406186699867247
leaf_count=57 194 89 41 86 111 38 71 43 374 45 48
internal_value=-0.000163263 -0.00587288 -0.00964584 0.00457222 -0.0191627 0.00256866 -0.00870589 0.000234572 0.00520163 0.000702283 0.0133818
internal_weight=265.658 86.2928 73.6782 29.4367 44.2415 179.365 33.6981 24.9621 145.667 94.2836 51.3837
internal_count=1197 384 327 127 200 813 152 114 661 419 242
is_linear=0
shrinkage=0.03


Tree=97
num_leaves=9
num_cat=0
split_feature=92 211 211 30 127 38 17 61
split_gain=4.57151 6.25032 5.98926 6.81619 7.35071 5.97817 5.93029 5.10593
threshold=0.035622909724000007 -0.089904627661388445 -0.11429993364299944 0.28760000000000002 62.071800000000003 4.8100000000000014 16.060000000000006 0.61417021695000018
decision_type=2 2 2 2 2 2 2 2
left_child=1 -1 6 5 -5 -4 -2 -3
right_child=2 7 3 4 -6 -7 -8 -9
leaf_value=0.031498502407688748 -0.00035636290915807829 -0.010983573817128819 0.03142120989609954 -0.011039165519250559 0.0082534833697384125 0.0034090048675656627 -0.02596087719312996 0.015376664105327058
leaf_weight=8.8982998430728895 16.185656972229481 12.829875476658346 7.3125513195991507 65.662131227552891 24.098216854035854 99.969480246305466 16.793257623910904 13.354009062051771
leaf_count=42 75 61 37 288 108 447 75 64
internal_value=-0.000159363 0.00989974 -0.00171022 0.000257728 -0.00582281 0.00537379 -0.0135242 0.00235359
internal_weight=265.103 35.0822 230.021 197.042 89.7603 107.282 32.9789 26.1839
internal_count=1197 167 1030 880 396 484 150 125
is_linear=0
shrinkage=0.03


Tree=98
num_leaves=6
num_cat=0
split_feature=188 14 210 7 72
split_gain=4.5207 6.11799 6.01864 6.37017 5.07438
threshold=3.0749999999999997 20.185000000000006 -0.27091415593296014 24.525000000000002 14.080894502750001
decision_type=2 2 2 2 2
left_child=1 2 -1 -4 -3
right_child=-2 4 3 -5 -6
leaf_value=-0.017917856094327559 0.016465323930850019 -0.00070709000016617768 -0.0003871944101328734 0.01495390618021313 -0.031152597605243058
leaf_weight=15.142998971045015 13.834576606750487 9.5533259660005587 187.88557063788176 27.834741868078709 10.561343073844908
leaf_count=67 62 43 852 128 45
internal_value=-0.000153607 -0.00108783 0.000285001 0.0015844 -0.0169161
internal_weight=264.813 250.978 230.863 215.72 20.1147
internal_count=1197 1135 1047 980 88
is_linear=0
shrinkage=0.03


Tree=99
num_leaves=9
num_cat=0
split_feature=169 52 110 101 111 178 202 125
split_gain=4.45876 5.22613 8.56877 6.65869 7.68852 6.15552 5.92501 5.27056
threshold=-0.56320038922336357 3.3139500000000006 0.27420000000000005 66421125.150000006 -0.11939999999999999 -0.30970834058343311 0.91016803697041182 10.500000000000002
decision_type=2 2 2 2 2 2 2 2
left_child=-1 3 7 6 -5 -4 -2 -3
right_child=1 2 5 4 -6 -7 -8 -9
leaf_value=0.018749363836715178 0.021711850536964439 -0.034821776774460834 -0.020428550697561599 -0.022605303603466444 0.0038912941970809366 0.0022561656653290181 0.0021515123099680022 -0.0097675703287650774
leaf_weight=10.663211427628992 25.818500012159348 10.350994348525999 11.975369893014429 14.086995199322699 31.828240193426609 98.965927302837372 31.029664196074009 29.958519987761974
leaf_count=48 122 46 54 62 140 441 144 140
internal_value=-0.000149693 -0.000961925 -0.00451728 0.00424111 -0.00420424 -0.000181673 0.0111104 -0.0163457
internal_weight=264.677 254.014 151.251 102.763 45.9152 110.941 56.8482 40.3095
internal_count=1197 1149 681 468 202 495 266 186
is_linear=0
shrinkage=0.03


Tree=100
num_leaves=10
num_cat=0
split_feature=93 107 138 74 204 163 96 148 78
split_gain=4.41674 7.01256 6.24144 6.86998 8.70728 7.8358 6.09354 5.51619 3.96012
threshold=2.962198555100001 -0.12369999999999999 2.7328552413268228 0.55055841025000019 0.98233757548430545 0.53817092905889774 0.068537960325000216 41.673775454397891 -0.5049180849499999
decision_type=2 2 2 2 2 2 2 2 2
left_child=2 -2 7 4 -4 -5 -3 8 -1
right_child=1 6 3 5 -6 -7 -8 -9 -10
leaf_value=0.038469226801998282 -0.025379939855117318 0.013004397376450195 0.0071516161477447535 0.00086187199360793318 -0.018948113154586593 0.027455335261786992 -0.017396276516069079 -0.0061167416179805463 0.011285112495488346
leaf_weight=8.4841677248477971 15.116148576140402 14.416064552962782 17.286493256688118 134.66198279708624 33.269817031919956 10.698195420205591 9.9273116141557676 8.1595277711749059 12.311950229108334
leaf_count=40 64 64 80 602 153 48 44 40 62
internal_value=-0.000145266 -0.00939976 0.00146879 -0.000440462 -0.00996823 0.00285725 0.000463716 0.0144473 0.02265
internal_weight=264.332 39.4595 224.872 195.916 50.5563 145.36 24.3434 28.9556 20.7961
internal_count=1197 172 1025 883 233 650 108 142 102
is_linear=0
shrinkage=0.03


Tree=101
num_leaves=7
num_cat=0
split_feature=201 153 113 134 33 53
split_gain=4.3679 5.86213 7.57185 7.10678 6.4235 5.71827
threshold=1.4277236630339487 0.12884623316344404 0.55415000000000014 120.09267255000002 0.37435000000000002 5.6642500000000009
decision_type=2 2 2 2 2 2
left_child=1 2 4 -3 -1 -4
right_child=-2 3 5 -5 -6 -7
leaf_value=0.0090386198558576707 -0.016361409382803838 0.028458496616895698 0.024493093964658517 -0.0043870455722575079 -0.0054108240777122479 -0.0011212340164899774
leaf_weight=33.191932201385498 14.055330179631708 14.111026383936407 17.214002452790741 9.89098973572254 161.64017355442047 13.933152645826338
leaf_count=151 64 73 79 50 719 61
internal_value=-0.000139712 0.000766543 -0.000720524 0.0148367 -0.00293043 0.012972
internal_weight=264.037 249.981 225.979 24.002 194.832 31.1472
internal_count=1197 1133 1010 123 870 140
is_linear=0
shrinkage=0.03


Tree=102
num_leaves=11
num_cat=0
split_feature=221 0 0 214 217 186 122 168 16 108
split_gain=4.3195 9.81254 9.1208 6.67115 8.69178 7.16955 9.20605 8.84221 4.22906 2.06723
threshold=0.51221299878977977 20210626.500000004 20241221.500000004 0.28995369770446366 0.20764871907455398 -2.0849999999999969 -0.20539999999999997 0.56595235148570733 20.925000000000004 0.064750000000000016
decision_type=2 2 2 2 2 2 2 2 2 2
left_child=1 -1 9 5 8 7 -7 -2 -5 -3
right_child=3 2 -4 4 -6 6 -8 -9 -10 -11
leaf_value=0.013656401957562112 -0.001320022834135738 -0.019408566357086633 0.0022173740417882298 0.029494036883571117 -0.0072266527179001248 -0.0072061558203314084 0.016260765288979885 -0.022438651933996186 0.0058856767548385721 -0.039830654814557491
leaf_weight=12.779808253049849 88.015621945261955 10.31104636192322 13.073265954852102 19.303834401071075 14.231175161898134 24.507759742438793 38.171537049114704 22.404279656708241 11.177692979574202 9.8799682408571226
leaf_count=53 400 51 61 93 64 110 171 101 50 43
internal_value=-0.000135044 -0.00848365 -0.017095 0.00161912 0.011941 -0.00103513 0.00704049 -0.00564858 0.0209824 -0.0296965
internal_weight=263.856 46.0441 33.2643 217.812 44.7127 173.099 62.6793 110.42 30.4815 20.191
internal_count=1197 208 155 989 207 782 281 501 143 94
is_linear=0
shrinkage=0.03


Tree=103
num_leaves=9
num_cat=0
split_feature=10 213 45 169 224 90 53 107
split_gain=4.33584 6.9014 6.9171 7.17525 5.18979 4.70887 4.43353 4.12537
threshold=16.200000000000006 -0.30127502792816013 0.44500000000000006 -0.59012630323632453 2.6284574125712035 0.60911806595000006 5.3661500000000011 0.0083500000000000015
decision_type=2 2 2 2 2 2 2 2
left_child=4 -2 -3 -4 6 -6 7 -1
right_child=1 2 3 -5 5 -7 -8 -9
leaf_value=-0.019854287113695596 0.019961281328235471 0.030671502085818286 0.026544152541108625 -0.0021621442386523227 -0.012188468681651608 0.017259030162704397 -0.033724226432718947 0.0054533352631098153
leaf_weight=12.576451331377035 17.106543906033039 6.3569113016128531 8.0845044478774053 180.68637488782406 8.6351290047168749 10.858236916363238 8.6935486793518049 10.355021372437475
leaf_count=60 79 30 36 812 38 51 42 49
internal_value=-0.000131674 0.00174664 0.000125022 -0.00090345 -0.00797686 0.0040657 -0.0154838 -0.00832197
internal_weight=263.353 212.234 195.128 188.771 51.1184 19.4934 31.625 22.9315
internal_count=1197 957 878 848 240 89 151 109
is_linear=0
shrinkage=0.03


Tree=104
num_leaves=8
num_cat=0
split_feature=92 93 107 134 202 209 16
split_gain=4.23039 5.74051 5.5626 9.15467 6.38284 5.13749 4.27592
threshold=0.035622909724000007 0.061794642500000004 -0.10269999999999999 58.478692615000007 1.320082382292082 0.01086444193061842 18.525000000000002
decision_type=2 2 2 2 2 2 2
left_child=5 -2 3 -3 -4 -1 -7
right_child=1 2 4 -5 -6 6 -8
leaf_value=0.025765800144167874 -0.026579958583015952 0.0050297433596835318 0.0049588750458008464 -0.014595484151349782 -0.021171312192736696 0.017840912079618042 -0.0086302164496791321
leaf_weight=11.6448637843132 7.9111237972974768 35.895833067595959 123.52702964842319 52.078484833240509 8.8973485827445966 8.7073921933770198 14.412335924804209
leaf_count=58 35 163 561 232 39 42 67
internal_value=-0.000126864 -0.00162379 -0.000702749 -0.00655719 0.00316595 0.00959435 0.00124408
internal_weight=263.074 228.31 220.399 87.9743 132.424 34.7646 23.1197
internal_count=1197 1030 995 395 600 167 109
is_linear=0
shrinkage=0.03


Tree=105
num_leaves=8
num_cat=0
split_feature=195 0 218 19 85 211 120
split_gain=4.21784 4.99999 6.44094 7.44341 6.15715 5.64391 4.83146
threshold=3.4194185272029096 20240702.500000004 1.1107283554392475 22.125000000000004 2.6480572097500006 -0.055830583058305842 4033.8550000000005
decision_type=2 2 2 2 2 2 2
left_child=1 2 3 -1 6 -4 -3
right_child=-2 4 5 -5 -6 -7 -8
leaf_value=-0.0064047091471142997 -0.014196254345600999 0.026508281176837171 -0.0060182499747563649 0.012495368899274682 -0.0099592515448084194 0.018159281840388768 0.0043642527645465223
leaf_weight=138.46291724592447 17.788754001259804 18.229874789714813 12.956000387668608 21.508392125368118 10.805174954235552 25.139083757996559 18.001723416149616
leaf_count=609 79 101 57 94 50 113 94
internal_value=-0.000123075 0.000891447 -0.00118436 -0.0038386 0.00968006 0.00986382 0.0156309
internal_weight=262.892 245.103 198.066 159.971 47.0368 38.0951 36.2316
internal_count=1197 1118 873 703 245 170 195
is_linear=0
shrinkage=0.03


Tree=106
num_leaves=7
num_cat=0
split_feature=201 85 84 169 224 7
split_gain=4.19959 5.5352 7.94985 6.57977 7.24374 5.7787
threshold=1.4277236630339487 3.2115178389000008 1.1370705140480002 -0.54260584938388257 -3.6552314890509963 18.075000000000003
decision_type=2 2 2 2 2 2
left_child=1 3 -3 -1 -5 -4
right_child=-2 2 5 4 -6 -7
leaf_value=0.02936750180457293 -0.016068273803340492 -0.025910961678563084 -0.016791267516911873 0.013992749937741408 -0.00094115618272512123 0.011043362928866705
leaf_weight=8.0120249167084676 13.978362217545508 15.685054853558539 10.613619178533556 35.557292029261589 160.71712853759527 17.843535929918289
leaf_count=38 64 68 47 158 745 77
internal_value=-0.000118624 0.000772849 -0.00883193 0.00286623 0.00175476 0.000534428
internal_weight=262.407 248.429 44.1422 204.286 196.274 28.4572
internal_count=1197 1133 192 941 903 124
is_linear=0
shrinkage=0.03


Tree=107
num_leaves=6
num_cat=0
split_feature=188 14 127 210 72
split_gain=4.21679 5.64118 5.87154 5.53419 4.82554
threshold=3.0749999999999997 20.185000000000006 17.392525000000003 -0.27091415593296014 14.080894502750001
decision_type=2 2 2 2 2
left_child=1 2 -1 -4 -3
right_child=-2 4 3 -5 -6
leaf_value=0.023527801411204589 0.016030676811767453 -0.00043046060361034343 -0.018362150795204708 0.00058887198085985019 -0.030297833074415106
leaf_weight=9.3001680523157102 13.672109857201574 9.4538702219724673 14.76294734328985 204.68661248683929 10.420048967003821
leaf_count=44 62 43 66 937 45
internal_value=-0.000115201 -0.00102123 0.000300821 -0.000680132 -0.0163136
internal_weight=262.296 248.624 228.75 219.45 19.8739
internal_count=1197 1135 1047 1003 88
is_linear=0
shrinkage=0.03


Tree=108
num_leaves=8
num_cat=0
split_feature=55 214 221 55 45 38 108
split_gain=4.09316 6.4219 7.97659 7.34104 7.98892 6.21351 6.08517
threshold=6.4150000000000009 0.29284351179384754 0.52443587643874279 5.7650000000000006 2.9150000000000005 35.215000000000011 0.052200000000000003
decision_type=2 2 2 2 2 2 2
left_child=1 3 -3 4 -1 -2 -4
right_child=5 2 6 -5 -6 -7 -8
leaf_value=0.0020484252960164934 -0.025110118816193832 -0.014233991151488486 0.028709287517204564 0.024233779078055989 -0.010988851267277692 0.0048069104842031959 0.0037670583407914768
leaf_weight=117.00201454758644 13.759239450097086 8.6680207848548871 19.788017183542252 9.5209662541747075 65.905900180339813 11.069085687398909 16.408569641411304
leaf_count=531 60 39 97 43 304 48 75
internal_value=-0.000111603 0.00109124 0.0113057 -0.0012793 -0.00263625 -0.0116862 0.0175267
internal_weight=262.122 237.293 44.8646 192.429 182.908 24.8283 36.1966
internal_count=1197 1089 211 878 835 108 172
is_linear=0
shrinkage=0.03


Tree=109
num_leaves=7
num_cat=0
split_feature=181 55 214 107 55 187
split_gain=4.09767 5.36719 6.92352 8.97578 7.40063 4.98438
threshold=3.4317923339094967 6.4150000000000009 0.29992472560720179 0.24210000000000001 5.7650000000000006 -2.4049999999999971
decision_type=2 2 2 2 2 2
left_child=1 2 4 -4 -1 -3
right_child=-2 5 3 -5 -6 -7
leaf_value=-0.001433517278951879 -0.015997381722900196 -0.0016671660449791581 0.029705484063772186 -0.00040275245889360696 0.025510838756966078 -0.030075314121603747
leaf_weight=179.49314205348492 13.750617012381552 14.706640467047693 17.364150129258633 17.796200983226299 9.5677950605750066 9.0949588268995267
leaf_count=820 60 64 89 81 43 40
internal_value=-0.000107086 0.000767888 0.00221895 0.0144234 -4.1321e-05 -0.0127283
internal_weight=261.774 248.023 224.221 35.1604 189.061 23.8016
internal_count=1197 1137 1033 170 863 104
is_linear=0
shrinkage=0.03


Tree=110
num_leaves=12
num_cat=0
split_feature=188 33 224 180 179 51 51 133 189 145 103
split_gain=4.06973 7.04736 10.271 7.88253 5.47235 5.36323 7.98109 7.90151 6.60968 10.2889 8.40482
threshold=-1.3499999999999994 0.37435000000000002 2.6284574125712035 0.036274697844288682 0.41688188150649647 120.50300000000001 149.12070000000003 161.64817804662684 -0.60000000000000042 47.693389380798131 -0.46519999999999995
decision_type=2 2 2 2 2 2 2 2 2 2 2
left_child=1 -1 4 -4 -3 8 -7 -8 9 -2 -10
right_child=5 2 3 -5 -6 6 7 -9 10 -11 -12
leaf_value=0.015205326660857957 -0.013631712740323465 -0.026066767641551011 0.017326972793609122 -0.014399905595899865 -0.0033238534614075249 -0.033151882926146452 -0.012226307312189134 0.023142268527973218 -0.012786786306510164 0.022068166833596761 0.0063246363042268666
leaf_weight=12.405023500323294 8.9833250939846021 28.49006050825119 17.493069335818294 11.587521225214003 14.809929221868513 8.5442978069186193 15.86961690336466 8.7236165478825551 29.186334133148193 34.940878868103027 70.489313773810863
leaf_count=57 41 132 79 48 68 38 71 43 131 162 327
internal_value=-0.000104409 -0.00551484 -0.00912346 0.00457617 -0.0183827 0.0024758 -0.00835278 0.000240919 0.00499959 0.0146843 0.000691287
internal_weight=261.523 84.7856 72.3806 29.0806 43.3 176.737 33.1375 24.5932 143.6 43.9242 99.6756
internal_count=1197 384 327 127 200 813 152 114 661 203 458
is_linear=0
shrinkage=0.03


Tree=111
num_leaves=8
num_cat=0
split_feature=146 89 216 45 224 101 45
split_gain=4.02477 4.85351 6.90183 6.59089 6.02931 5.56872 3.24421
threshold=28.877024608126124 0.35131604710000003 0.57916666666666672 3.1050000000000004 5.6204635666828802 11787467.425000003 2.7050000000000005
decision_type=2 2 2 2 2 2 2
left_child=-1 4 3 -3 5 -2 -4
right_child=1 2 6 -5 -6 -7 -8
leaf_value=0.019265611898595714 -0.0021855747339510302 0.007665592353512724 -0.027825253603883552 -0.0036217447537989296 0.0073631727757603868 -0.028418381722317733 -0.0031076326538913976
leaf_weight=9.1998710259795171 13.035678900778295 108.26034694164991 9.9246537983417529 81.146374046802521 12.406045064330099 17.250259011983871 9.7694175839424116
leaf_count=43 67 507 40 369 51 80 40
internal_value=-0.000102415 -0.000829351 0.00104103 0.00281464 -0.0100414 -0.0172703 -0.0157931
internal_weight=260.993 251.793 209.101 189.407 42.692 30.2859 19.6941
internal_count=1197 1154 956 876 198 147 80
is_linear=0
shrinkage=0.03


Tree=112
num_leaves=7
num_cat=0
split_feature=201 153 113 212 19 53
split_gain=3.99649 5.20305 6.8804 6.51047 5.6983 5.40547
threshold=1.4277236630339487 0.12884623316344404 0.55415000000000014 0.044889636898067249 18.525000000000002 5.6642500000000009
decision_type=2 2 2 2 2 2
left_child=1 2 4 -3 -1 -4
right_child=-2 3 5 -5 -6 -7
leaf_value=-0.0070554998251429243 -0.015698141444836045 0.032429584599146882 0.023784251952362077 0.00036693122057026792 0.003417926385488798 -0.0012950611142925465
leaf_weight=113.64877768605947 13.908450312912462 9.9777107387781161 16.98852447420359 13.570109486579893 78.86588828265667 13.717898227274416
leaf_count=525 64 53 79 70 345 61
internal_value=-0.000100418 0.000772555 -0.00063188 0.0141591 -0.00274982 0.012515
internal_weight=260.677 246.769 223.221 23.5478 192.515 30.7064
internal_count=1197 1133 1010 123 870 140
is_linear=0
shrinkage=0.03


Tree=113
num_leaves=6
num_cat=0
split_feature=188 45 85 169 76
split_gain=3.88824 5.44818 5.65317 7.38595 6.73256
threshold=3.0749999999999997 0.44500000000000006 3.2115178389000008 -0.59012630323632453 1.0231104872360002
decision_type=2 2 2 2 2
left_child=1 -1 3 -3 -4
right_child=-2 2 4 -5 -6
leaf_value=0.022916308387075948 0.015476453679636735 0.030535103872355782 -0.031389531645267539 -0.00085065190947668365 -0.0040567767979673127
leaf_weight=8.188797712326048 13.552042335271834 6.8917982950806609 11.526188015937803 192.32999906688929 28.043688267469406
leaf_count=40 62 32 49 892 122
internal_value=-9.62085e-05 -0.000968754 -0.00180964 0.000234818 -0.0121531
internal_weight=260.533 246.98 238.792 199.222 39.5699
internal_count=1197 1135 1095 924 171
is_linear=0
shrinkage=0.03


Tree=114
num_leaves=6
num_cat=0
split_feature=195 217 224 131 13
split_gain=3.96427 4.77122 6.30985 8.63644 6.57004
threshold=3.4194185272029096 -0.14101847049140714 2.71674965728096 2.8416368181818181 19.125000000000004
decision_type=2 2 2 2 2
left_child=1 -1 3 -3 -4
right_child=-2 2 4 -5 -6
leaf_value=0.017414149679599509 -0.013803292048585597 0.0085313278604536996 -0.00018658864794015179 -0.0091279495095448089 0.015905677954644495
leaf_weight=14.682102896273134 17.6160788834095 33.424279235303402 63.586958929896355 95.849760457873344 35.213527157902718
leaf_count=70 79 154 286 448 160
internal_value=-9.26703e-05 0.000895187 -0.000162225 -0.00453582 0.00552881
internal_weight=260.373 242.757 228.075 129.274 98.8005
internal_count=1197 1118 1048 602 446
is_linear=0
shrinkage=0.03


Tree=115
num_leaves=7
num_cat=0
split_feature=181 55 186 70 38 29
split_gain=3.87781 5.04925 6.27146 10.3501 6.87679 5.08682
threshold=3.4317923339094967 6.4150000000000009 -2.4350000000000054 0.16249342169999995 6.5150000000000015 0.51464500350272335
decision_type=2 2 2 2 2 2
left_child=1 2 4 -4 -1 -3
right_child=-2 5 3 -5 -6 -7
leaf_value=0.018481169453648232 -0.015589387023398118 0.0025156885264865621 0.017480955505304485 -0.0039900657235661819 -0.0038953055731393059 -0.025128886999778999
leaf_weight=13.5781237706542 13.67605637013912 10.822360798716547 49.235628850758076 33.844864524900913 126.14168932288885 12.793977335095404
leaf_count=65 60 47 228 157 583 57
internal_value=-8.94139e-05 0.000764636 0.00217599 0.00870386 -0.00168762 -0.0123769
internal_weight=260.093 246.417 222.8 83.0805 139.72 23.6163
internal_count=1197 1137 1033 385 648 104
is_linear=0
shrinkage=0.03


Tree=116
num_leaves=8
num_cat=0
split_feature=0 0 93 133 191 162 27
split_gain=3.91829 6.65618 7.09433 5.90628 5.19879 5.46344 4.82268
threshold=20240228.000000004 20231023.000000004 0.056144690800000008 67.180949931888122 1.6250000000000011 0.30208434094054604 0.24980000000000002
decision_type=2 2 2 2 2 2 2
left_child=1 2 -1 -4 5 6 -2
right_child=4 -3 3 -5 -6 -7 -8
leaf_value=-0.023808164915635203 0.020099825753463318 -0.027163005640411218 0.013148339648915855 -0.0017876341376992467 -0.015602176856495897 -0.01129110927061497 -0.0032917313900373219
leaf_weight=11.344713896512983 32.998201213777065 9.0197923704981786 28.149602092802525 151.54488372057676 7.9959324821829787 8.6709797754883748 10.124823346734045
leaf_count=51 182 49 123 666 40 40 46
internal_value=-8.68877e-05 -0.00211256 -0.000900537 0.00054145 0.00663321 0.0101472 0.0145434
internal_weight=259.849 200.059 191.039 179.694 59.7899 51.794 43.123
internal_count=1197 889 840 789 308 268 228
is_linear=0
shrinkage=0.03


Tree=117
num_leaves=7
num_cat=0
split_feature=92 88 42 167 209 61
split_gain=3.82134 5.65581 4.97863 5.64672 4.72701 5.98986
threshold=0.035622909724000007 2.0513976473000004 5.5750000000000002 1.3103627977783614 0.01086444193061842 0.69377082250000022
decision_type=2 2 2 2 2 2
left_child=4 -2 -3 -4 -1 -6
right_child=1 2 3 -5 5 -7
leaf_value=0.024924599344807022 -0.028076382006316781 0.015739385705172079 7.599164733319353e-05 -0.014383399356969334 -0.013724642352781974 0.016901556857532151
leaf_weight=11.402392342686651 6.8972869366407386 15.359707362949846 174.96303902566433 28.054757364094257 11.602000303566458 11.165070123970507
leaf_count=58 30 75 796 129 55 54
internal_value=-8.5943e-05 -0.00151654 -0.00065147 -0.00191346 0.00923516 0.00117162
internal_weight=259.444 225.275 218.378 203.018 34.1695 22.7671
internal_count=1197 1030 1000 925 167 109
is_linear=0
shrinkage=0.03


Tree=118
num_leaves=7
num_cat=0
split_feature=201 153 113 134 133 53
split_gain=3.82199 5.00231 6.50899 6.35823 5.45603 5.03459
threshold=1.4277236630339487 0.12884623316344404 0.55415000000000014 120.09267255000002 266.39339930625005 5.6642500000000009
decision_type=2 2 2 2 2 2
left_child=1 2 4 -3 -1 -4
right_child=-2 3 5 -5 -6 -7
leaf_value=-0.0052477875733841495 -0.015374843025010227 0.027066504113667293 0.023139050057301436 -0.0044062526877028602 0.007271159705951308 -0.0011301224223811792
leaf_weight=152.37975884974003 13.838118493556975 13.687513045966627 16.872724913060669 9.6525243520736677 39.179796002805233 13.64188104867935
leaf_count=690 64 73 79 50 180 61
internal_value=-8.27356e-05 0.000773229 -0.000604791 0.0139594 -0.00266917 0.012223
internal_weight=259.252 245.414 222.074 23.34 191.56 30.5146
internal_count=1197 1133 1010 123 870 140
is_linear=0
shrinkage=0.03


Tree=119
num_leaves=7
num_cat=0
split_feature=104 203 195 12 107 10
split_gain=3.79027 7.1589 6.99884 5.28499 8.65466 7.01037
threshold=0.13400000000000004 0.55295000000000016 3.4194185272029096 58.760000000000012 -0.10269999999999999 16.200000000000006
decision_type=2 2 2 2 2 2
left_child=2 -2 3 4 -1 -5
right_child=1 -3 -4 5 -6 -7
leaf_value=-0.0060339000904601446 0.025723108235102057 -0.0070782575916467187 -0.020852789623523979 -0.013899785837876256 0.029130756522275703 0.0010514035263310892
leaf_weight=11.362293638288977 13.439043559134008 10.474193617701529 15.225867740809916 34.065917633473873 13.641497693955897 160.87742009013891
leaf_count=56 65 47 69 159 65 736
internal_value=-7.97747e-05 0.0112613 -0.00125002 0.000102211 0.0130712 -0.00155169
internal_weight=259.086 23.9132 235.173 219.947 25.0038 194.943
internal_count=1197 112 1085 1016 121 895
is_linear=0
shrinkage=0.03


Tree=120
num_leaves=7
num_cat=0
split_feature=146 7 185 201 117 6
split_gain=3.77646 5.02807 6.14086 5.52083 6.67047 3.08343
threshold=28.877024608126124 15.525 -3.4349999999999947 1.4277236630339487 0.55800000000000016 59.245000000000012
decision_type=2 2 2 2 2 2
left_child=-1 2 -2 4 -3 -4
right_child=1 3 5 -5 -6 -7
leaf_value=0.018802345692639114 -0.026016581462533595 0.00067868830165785515 0.013341524633998812 -0.019208506399483044 0.024393563648435652 -0.011678885808903479
leaf_weight=9.0846891254186612 14.746934078633783 194.62455673515797 8.3304246887564677 11.563697054982184 11.218406021594999 9.2441361621022207
leaf_count=43 71 896 41 53 51 42
internal_value=-7.73071e-05 -0.000783377 -0.0118107 0.000846923 0.00199693 1.95546e-05
internal_weight=258.813 249.728 32.3215 217.407 205.843 17.5746
internal_count=1197 1154 154 1000 947 83
is_linear=0
shrinkage=0.03


Tree=121
num_leaves=10
num_cat=0
split_feature=221 0 0 153 204 30 177 204 107
split_gain=3.76636 8.85121 8.18808 5.59676 7.41799 11.3987 6.01501 3.31854 1.95963
threshold=0.51221299878977977 20210626.500000004 20241221.500000004 0.098593120560608566 1.1552604006831293 1.0009000000000001 -0.29908373521463683 1.0041429595409823 0.26415000000000005
decision_type=2 2 2 2 2 2 2 2 2
left_child=1 -1 8 4 5 -2 -5 -8 -3
right_child=3 2 -4 6 -6 -7 7 -9 -10
leaf_value=0.013195536621878537 -0.00072828770353052668 -0.018261757246817469 0.0020665782911665873 -0.0079463396891245215 -0.023417132309826588 0.031525092993125739 0.035515553754054442 0.010989065377011073 -0.038447676133987488
leaf_weight=12.5922275185585 162.3141812235117 9.9798722267150897 12.919647939503191 8.0517577454447764 11.650699034333227 10.391249440610407 9.4219368100166339 11.682559385895727 9.5946435481309873
leaf_count=53 735 51 61 40 52 50 53 59 43
internal_value=-7.44518e-05 -0.00795429 -0.0162577 0.0015784 -0.000339996 0.00121208 0.0137707 0.0221961 -0.0284537
internal_weight=258.599 45.0864 32.4942 213.512 184.356 172.705 29.1563 21.1045 19.5745
internal_count=1197 208 155 989 837 785 152 112 94
is_linear=0
shrinkage=0.03


Tree=122
num_leaves=7
num_cat=0
split_feature=181 55 214 107 55 38
split_gain=3.66357 4.75228 6.58966 8.04236 6.77985 4.77437
threshold=3.4317923339094967 6.4150000000000009 0.29992472560720179 0.24210000000000001 5.7650000000000006 35.215000000000011
decision_type=2 2 2 2 2 2
left_child=1 2 4 -4 -1 -3
right_child=-2 5 3 -5 -6 -7
leaf_value=-0.0014221646292469157 -0.015191942069920259 -0.023673408627348406 0.028837665307686864 0 0.024503486601232281 0.0034184273628675233
leaf_weight=177.21871441602707 13.578239023685454 13.442641645669939 16.946360170841217 17.578974634408951 9.46727506816387 9.9700870886445028
leaf_count=820 60 60 89 81 43 44
internal_value=-7.19846e-05 0.000760878 0.00213447 0.0141551 -7.89396e-05 -0.0120435
internal_weight=258.202 244.624 221.211 34.5253 186.686 23.4127
internal_count=1197 1137 1033 170 863 104
is_linear=0
shrinkage=0.03


Tree=123
num_leaves=5
num_cat=0
split_feature=127 129 200 48
split_gain=3.69553 4.64728 5.77954 5.16407
threshold=13.737000000000004 1.3492071052631582 4.0130497792261037 332.50000000000006
decision_type=2 2 2 2
left_child=-1 -2 3 -3
right_child=1 2 -4 -5
leaf_value=0.022331567048915871 -0.025352640494501012 0.0057330778688862863 -0.019896991749840744 -0.0032024148152846399
leaf_weight=6.3547965586185446 6.5755686834454528 111.88450747728348 12.35020327568054 120.77376638352871
leaf_count=30 29 534 58 546
internal_value=-6.93353e-05 -0.000655731 4.92178e-06 0.00108236
internal_weight=257.939 251.584 245.008 232.658
internal_count=1197 1167 1138 1080
is_linear=0
shrinkage=0.03


Tree=124
num_leaves=12
num_cat=0
split_feature=168 56 90 183 220 224 52 205 78 127 45
split_gain=3.69859 7.59998 10.0894 6.26572 7.10911 6.59008 6.22003 6.16841 7.06218 4.65866 3.82008
threshold=-1.299918577005996 12.177482033900001 1.4490411196500002 0.079405682975955641 0.41672100747727747 2.6284574125712035 4.3146500000000012 0.93179837446141811 -0.78516882524999987 31.514100000000003 3.9150000000000005
decision_type=2 2 2 2 2 2 2 2 2 2 2
left_child=1 10 9 7 6 -6 -5 -2 -9 -3 -1
right_child=3 2 -4 4 5 -7 -8 8 -10 -11 -12
leaf_value=0.035551350653291632 0.0074466138362264764 0.0017160020761897187 0.017986599376771821 0.027160496192629894 -0.0075875117785134611 0.0077312900541689593 -0.0039297859718536452 0.0057158298767626342 -0.019480799510003824 -0.025868614013472686 0.0082753240530403036
leaf_weight=9.4687665253877658 15.60500632226467 9.3260868862271327 14.572273291647432 16.338303551077846 63.266838803887367 41.842940390110016 8.6671143472194654 12.726326189935206 43.510854959487915 12.681060843169687 9.7812861949205381
leaf_count=44 75 44 68 79 296 195 39 59 196 58 44
internal_value=-6.75162e-05 0.00674787 -0.00121455 -0.00196883 0.00193907 -0.00145921 0.0162921 -0.00908107 -0.0137256 -0.0140883 0.0219614
internal_weight=257.787 55.8295 36.5794 201.957 130.115 105.11 25.0054 71.8422 56.2372 22.0071 19.2501
internal_count=1197 258 170 939 609 491 118 330 255 102 88
is_linear=0
shrinkage=0.03


Tree=125
num_leaves=12
num_cat=0
split_feature=188 168 50 36 187 47 48 108 216 200 209
split_gain=3.66323 6.39855 6.19517 5.47948 5.20095 5.03756 7.22422 13.1386 7.95191 5.11726 3.46745
threshold=-1.3499999999999994 -1.299918577005996 20220613.500000004 0.45490763052208844 -3.6749999999999967 0.62670154914935938 332.50000000000006 -0.031299999999999994 0.4958333333333334 0.99455242423613599 0.015112070245150046
decision_type=2 2 2 2 2 2 2 2 2 2 2
left_child=1 2 -1 -3 -5 6 8 -8 -2 -7 -11
right_child=5 3 -4 4 -6 9 7 -9 -10 10 -12
leaf_value=0.026888653074414182 0.024677150575310964 0.0080879700973719246 -0.0079431351355001029 -0.0074041152838032667 -0.027915289082531054 -0.021094993311866282 -0.018549890556589056 0.0080533131087960324 0.0034072590272312552 -0.013425637565471639 0.011400270892692497
leaf_weight=9.5968771129846591 27.023622274398804 12.413098260760306 8.4824334532022458 36.38356339931488 16.415538385510445 14.730721384286879 26.024121075868607 46.157402224838734 38.991266779601574 8.075167044997217 13.08380403369665
leaf_count=43 140 59 40 168 74 68 118 208 178 40 61
internal_value=-6.3123e-05 -0.00524507 0.0104275 -0.00964535 -0.0138786 0.00240055 0.00501426 -0.00150902 0.0121838 -0.00756638 0.00176594
internal_weight=257.378 83.2915 18.0793 65.2122 52.7991 174.086 138.196 72.1815 66.0149 35.8897 21.159
internal_count=1197 384 83 301 242 813 644 326 318 169 101
is_linear=0
shrinkage=0.03


Tree=126
num_leaves=8
num_cat=0
split_feature=93 107 146 65 52 183 101
split_gain=3.64129 6.05178 5.66908 6.26556 7.03646 5.17205 4.36369
threshold=2.962198555100001 -0.12369999999999999 42.874925586024297 3.8786557097000003 9.5991500000000016 0.07748615277797484 311772219.73500007
decision_type=2 2 2 2 2 2 2
left_child=2 -2 -1 4 -4 -5 -3
right_child=1 6 3 5 -6 -7 -8
leaf_value=0.020682447462644294 -0.023645807443357869 -0.010602900081056249 0.00045092715043958559 0 -0.017300044303856645 0.026342915543889307 0.015150749906357305
leaf_weight=12.847976937890051 14.689421296119688 13.25972952693701 155.94550754129887 12.926198564469816 22.92484063655138 13.895210474729536 10.513716429471968
leaf_count=62 64 60 732 61 104 66 48
internal_value=-6.12431e-05 -0.00857182 0.00142613 0.00019929 -0.00181575 0.0137057 0.000676647
internal_weight=257.003 38.4629 218.54 205.692 178.87 26.8214 23.7734
internal_count=1197 172 1025 963 836 127 108
is_linear=0
shrinkage=0.03


Tree=127
num_leaves=7
num_cat=0
split_feature=104 106 195 24 197 51
split_gain=3.64565 6.58575 6.32046 4.94586 7.4458 6.46802
threshold=0.13400000000000004 0.41565000000000007 3.4194185272029096 0.43552631578947371 0.70701567067980953 87.894900000000021
decision_type=2 2 2 2 2 2
left_child=2 -2 3 4 -1 -5
right_child=1 -3 -4 5 -6 -7
leaf_value=-0.0095795842320894106 0.025162689356471212 -0.0064276672694469602 -0.01996890653918577 0.00056225967583477168 0.015397309486933883 -0.014030371762751452
leaf_weight=14.887072101235388 13.21672858297825 10.444270081818102 15.019544668495653 131.96631336957216 36.987621329724789 34.267290361225605
leaf_count=69 63 49 69 610 177 160
internal_value=-5.86314e-05 0.0111237 -0.00121071 7.58421e-05 0.00816705 -0.00243445
internal_weight=256.789 23.661 233.128 218.108 51.8747 166.234
internal_count=1197 112 1085 1016 246 770
is_linear=0
shrinkage=0.03


Tree=128
num_leaves=7
num_cat=0
split_feature=187 2 196 47 216 216
split_gain=3.60036 8.22013 5.81249 5.68446 7.40424 7.11129
threshold=4.9400000000000057 0.93500000000000016 0.87894331190096586 0.63832184305627893 0.4958333333333334 0.53750000000000009
decision_type=2 2 2 2 2 2
left_child=1 3 -2 4 -1 -5
right_child=2 -3 -4 5 -6 -7
leaf_value=0.0095595670355902475 0.029369909066974519 -0.02646748776951615 -0.0035659798888791078 -0.017565188504319172 -0.0025635754016973735 0.011839177907398808
leaf_weight=75.868754118680954 9.2619273215532321 10.844633772969244 9.6147002577781659 29.517163351178169 111.80307187885046 9.6643222719430906
leaf_count=378 45 49 43 145 494 43
internal_value=-5.70119e-05 -0.00107213 0.0125057 0.000139795 0.00232387 -0.0102244
internal_weight=256.575 237.698 18.8766 226.853 187.672 39.1815
internal_count=1197 1109 88 1060 872 188
is_linear=0
shrinkage=0.03


Tree=129
num_leaves=10
num_cat=0
split_feature=127 65 53 126 182 136 12 97 11
split_gain=3.66525 5.76346 4.98983 8.3791 9.93985 6.30063 6.84583 4.26347 2.58276
threshold=72.606300000000019 0.4885335603 6.4813500000000008 40.9885626984127 3.3323678157902936 1.9435814752082814 58.625000000000007 -1.5048533615249988 15.940000000000003
decision_type=2 2 2 2 2 2 2 2 2
left_child=2 -2 5 -4 -5 6 -1 -7 -3
right_child=1 8 3 4 -6 7 -8 -9 -10
leaf_value=0.016119287532366151 -0.010485613317140241 0.031208774782475041 -0.033580388892719158 -0.022013637927743333 0.0047904802907231389 0.0043850190181616367 -0.0032667365916053117 0.033788582120914734 0.0093622683239488434
leaf_weight=18.820275284349918 8.7681147307157534 8.3636559024453181 9.9324414581060392 18.1646823361516 38.732035912573338 10.040494449436666 122.11401358246803 8.3154956549406034 13.147922091186045
leaf_count=92 43 41 47 85 182 48 550 48 61
internal_value=-5.53752e-05 0.00971647 -0.0013809 -0.00826159 -0.0037379 0.00149039 -0.000647074 0.0179787 0.0181001
internal_weight=256.399 30.2797 226.119 66.8292 56.8967 159.29 140.934 18.356 21.5116
internal_count=1197 145 1052 314 267 738 642 96 102
is_linear=0
shrinkage=0.03


Tree=130
num_leaves=6
num_cat=0
split_feature=177 188 14 0 72
split_gain=3.5671 4.27535 5.06927 5.53997 3.58181
threshold=4.8677732497723012 3.0749999999999997 20.185000000000006 20240228.000000004 14.080894502750001
decision_type=2 2 2 2 2
left_child=1 2 3 -1 -4
right_child=-2 -3 4 -5 -6
leaf_value=-0.0031613720799088846 0.017615954718955672 0.015861707182472651 -0.0020630971562667125 0.0080306878064606083 -0.028841554782242422
leaf_weight=162.04863420128822 9.773891940712927 13.031100168824194 8.5917315930128115 52.620346441864967 10.004725493490694
leaf_count=728 45 61 40 279 44
internal_value=-5.22297e-05 -0.000772404 -0.0017209 -0.000401508 -0.0167073
internal_weight=256.07 246.297 233.265 214.669 18.5965
internal_count=1197 1152 1091 1007 84
is_linear=0
shrinkage=0.03


Tree=131
num_leaves=12
num_cat=0
split_feature=103 133 168 211 214 195 196 5 94 99 217
split_gain=3.48526 7.55377 5.74485 11.6158 8.6803 7.76717 6.99355 5.63794 7.59599 5.21987 5.04692
threshold=-0.44474999999999992 63.985928873125005 -0.56399786501860094 -0.055830583058305842 0.27356705394912501 1.4961798848028358 1.0133210872977461 -0.12649999999999997 0.3717257120500001 47.100000000000001 0.20764871907455398
decision_type=2 2 2 2 2 2 2 2 2 2 2
left_child=1 -1 3 -2 5 -4 -5 8 -3 -9 -6
right_child=2 7 4 6 10 -7 -8 9 -10 -11 -12
leaf_value=0.01680870972972915 -0.016263725143526662 -0.010906835675466079 -0.00031152093396960014 0.025357833536220814 0.020205477505025472 -0.019929064810428797 0.0031274644452820048 -0.02233170962629135 0.023435265348998917 0.0026381028155577075 -0.0031875719959029345
leaf_weight=11.492637969553469 12.638668231666086 15.379930771887304 52.287700794637203 29.194629691541195 20.507610507309437 27.999820873141289 23.188376158475876 30.770587779581547 9.1429309546947461 9.6686176657676679 13.526866756379603
leaf_count=53 63 74 239 135 103 130 110 142 42 46 60
internal_value=-5.0258e-05 -0.00542085 0.00222427 0.0093441 -0.00180361 -0.00720663 0.015599 -0.00941945 0.00181837 -0.0162959 0.010838
internal_weight=255.798 76.4547 179.344 65.0217 114.322 80.2875 52.383 64.9621 24.5229 40.4392 34.0345
internal_count=1197 357 840 308 532 369 245 304 116 188 163
is_linear=0
shrinkage=0.03


Tree=132
num_leaves=9
num_cat=0
split_feature=221 126 115 18 204 208 44 131
split_gain=3.53091 7.34425 6.32458 5.49806 6.7695 6.52754 3.22139 1.27068
threshold=0.52443587643874279 70.352444047619059 0.43940000000000007 72.060000000000016 1.1552604006831293 0.097377932874812126 21.390000000000004 3.3215419028340087
decision_type=2 2 2 2 2 2 2 2
left_child=1 6 -3 4 5 -2 7 -1
right_child=3 2 -4 -5 -6 -7 -8 -9
leaf_value=-0.015644776569320538 -0.0014591061766483591 -0.0089325650783669119 0.025366216231133623 0.018154849223459946 -0.021397911821143194 0.012096107500234357 -0.0028356602020951555 -0.032941468389633598
leaf_weight=8.579462863504892 138.79794887453318 10.465412110090258 8.7249757051467878 16.531042769551277 12.157551996409891 41.344905659556389 9.3357097432017309 9.3581864610314351
leaf_count=38 640 50 42 78 56 205 44 44
internal_value=-4.82704e-05 -0.00753013 0.00655663 0.00160485 0.000157844 0.00164032 -0.0175394 -0.0249675
internal_weight=255.295 46.4637 19.1904 208.831 192.3 180.143 27.2734 17.9376
internal_count=1197 218 92 979 901 845 126 82
is_linear=0
shrinkage=0.03


Tree=133
num_leaves=9
num_cat=0
split_feature=146 224 22 204 196 188 48 89
split_gain=3.51972 4.0862 9.21988 7.37138 6.31402 5.52137 6.70962 6.46276
threshold=28.877024608126124 3.4276320399199398 1.3909500000000004 0.94835271977928415 0.92475108260239025 -1.3499999999999994 334.50000000000006 1.5420022617500002
decision_type=2 2 2 2 2 2 2 2
left_child=-1 5 3 -3 -4 7 -7 -2
right_child=1 2 4 -5 -6 6 -8 -9
leaf_value=0.018297883907163227 -0.018069252063350479 0.01677542051332967 0.034551340703554985 -0.0076162450278590066 0.0022138893760872891 0.0043199794135228469 -0.013384963178227271 0.0046710646151364617
leaf_weight=8.9650016501545888 37.922613233327866 14.748671181499956 12.993524372577669 44.440768301486969 9.6707800328731519 85.909663006663322 24.713477581739426 15.657814063131807
leaf_count=43 181 69 62 195 44 417 112 74
internal_value=-4.7985e-05 -0.000735759 0.00472083 -0.00146975 0.0209552 -0.00347529 0.000329041 -0.0113716
internal_weight=255.022 246.057 81.8537 59.1894 22.6643 164.204 110.623 53.5804
internal_count=1197 1154 370 264 106 784 529 255
is_linear=0
shrinkage=0.03


Tree=134
num_leaves=8
num_cat=0
split_feature=93 96 107 76 207 174 100
split_gain=3.52465 5.67324 8.12007 5.17911 5.50979 7.71912 6.51097
threshold=2.962198555100001 1.5042666751500005 -0.051149999999999994 1.0231104872360002 1.0465176381263872 1.0029337347589913 61.140000000000008
decision_type=2 2 2 2 2 2 2
left_child=3 2 -2 4 5 -1 -6
right_child=1 -3 -4 -5 6 -7 -8
leaf_value=0.0079513309916054674 -0.020511744046367627 -0.024886871165184517 0.01371827789657435 0.017951436631126253 -0.010318777147088348 -0.014218739865442307 0.0077011215659162774
leaf_weight=94.056145384907722 10.472023546695709 12.553761549293993 15.10352811217308 15.723441444337366 65.66812814027071 16.458852358162403 24.598527386784554
leaf_count=458 46 56 70 72 306 75 114
internal_value=-4.46075e-05 -0.00845417 -0.000205815 0.00142579 0.000108424 0.00461258 -0.0053719
internal_weight=254.634 38.1293 25.5756 216.505 200.782 110.515 90.2667
internal_count=1197 172 116 1025 953 533 420
is_linear=0
shrinkage=0.03


Tree=135
num_leaves=6
num_cat=0
split_feature=177 204 104 169 205
split_gain=3.47486 3.91564 4.85302 5.47994 3.81365
threshold=4.8677732497723012 1.1552604006831293 0.13400000000000004 -0.59012630323632453 1.0646288911816562
decision_type=2 2 2 2 2
left_child=1 2 3 -1 -4
right_child=-2 -3 4 -5 -6
leaf_value=0.02364392745115531 0.017452217160265342 -0.014617265632929232 0.028476959419324252 -0.0020135051720654401 0.0013558664554844536
leaf_weight=7.6717687398195258 9.7091734260320646 16.972290597856045 9.2355280816555041 200.91949247568846 9.8411591500043851
leaf_count=36 45 79 47 945 45
internal_value=-4.33512e-05 -0.000756813 0.000269255 -0.0010446 0.0147224
internal_weight=254.349 244.64 227.668 208.591 19.0767
internal_count=1197 1152 1073 981 92
is_linear=0
shrinkage=0.03


Tree=136
num_leaves=10
num_cat=0
split_feature=164 138 224 104 106 24 7 143 184
split_gain=3.3974 4.97327 5.40793 4.78339 5.74351 5.16602 7.75357 5.44315 4.277
threshold=-0.288383740892106 4.2533643539782116 5.4385256084485656 0.13400000000000004 0.41565000000000007 0.43552631578947371 24.225000000000005 6.9708413901303743 0.07566800090093255
decision_type=2 2 2 2 2 2 2 2 2
left_child=1 -1 8 5 -5 7 -7 -2 -3
right_child=3 2 -4 4 -6 6 -8 -9 -10
leaf_value=0.011772999109154851 0.028013068599265889 -0.034026849681292194 0.0045470776133558375 0.029047874734282681 -0.0023651705510593212 -0.0055704667710706202 0.014154766352107656 0.0031183299611967901 -0.0064450613684487899
leaf_weight=8.6128601878881437 10.173613607883452 11.995138287544256 9.6922465115785581 11.593857489526274 9.1659221202135068 126.85405277460814 20.729996226727962 36.061274990439415 9.327155373990534
leaf_count=42 54 55 42 57 44 592 98 168 45
internal_value=-4.02688e-05 -0.00811066 -0.0137489 0.00143924 0.0150896 -1.43945e-05 -0.00277179 0.0087096 -0.022188
internal_weight=254.206 39.6274 31.0145 214.579 20.7598 193.819 147.584 46.2349 21.3223
internal_count=1197 184 142 1013 101 912 690 222 100
is_linear=0
shrinkage=0.03


Tree=137
num_leaves=13
num_cat=0
split_feature=131 11 131 198 51 196 53 148 56 42 131 200
split_gain=3.36411 7.51191 6.61806 7.01701 5.62483 9.98739 6.33896 8.92509 5.62871 5.36862 4.31625 2.52022
threshold=2.8553687500000007 16.685000000000006 2.4249260000000006 1.012866736773318 41.357800000000005 0.99181715132758819 6.4813500000000008 35.998188460585311 3.7157542113000006 66.085000000000008 1.8934576923076929 1.4820635627678771
decision_type=2 2 2 2 2 2 2 2 2 2 2 2
left_child=1 2 3 -1 6 9 7 -2 -7 -6 -3 -8
right_child=4 10 -4 -5 5 8 11 -9 -10 -11 -12 -13
leaf_value=0.0083712142862437198 -0.0082399482670249425 0.03177631275341819 0.016115242933602423 -0.02442858412793027 0.0064344561652116506 0.019229580179195401 -0.035114441349239058 0.023031872301008512 -0.0078504156195432287 0.029557425295381381 0.0068892262276548499 -0.012141633353023828
leaf_weight=9.3783256188035029 53.140609256923199 11.707644730806352 11.10931947827339 14.962767019867895 29.714543744921684 7.6506594121456137 8.8453440889716166 9.5847428813576681 60.529654197394848 13.257594451308249 14.366042055189608 9.6499222815036756
leaf_count=43 248 54 52 69 138 39 40 52 286 64 66 46
internal_value=-3.7462e-05 0.006051 -0.00286849 -0.0116859 -0.00200237 0.00236157 -0.00800698 -0.00338465 -0.00474406 0.01369 0.0182574 -0.0234194
internal_weight=253.897 61.5241 35.4504 24.3411 192.373 111.152 81.2206 62.7254 68.1803 42.9721 26.0737 18.4953
internal_count=1197 284 164 112 913 527 386 300 325 202 120 86
is_linear=0
shrinkage=0.03


Tree=138
num_leaves=9
num_cat=0
split_feature=146 82 82 23 78 127 85 19
split_gain=3.35569 4.38721 8.24265 7.76653 10.4592 7.61067 4.26889 4.12223
threshold=32.845694027472597 0.50315982555000016 0.72030614735000009 0.02315 -0.26773661904999996 72.606300000000019 0.66855821830000017 18.375000000000004
decision_type=2 2 2 2 2 2 2 2
left_child=-1 3 6 4 -2 -4 -3 -5
right_child=1 2 5 7 -6 -7 -8 -9
leaf_value=0.014969055244483033 -0.019051526701107251 0.026045885996542995 -0.0037326458823295806 -0.026584379413923564 0.024947768312373424 0.01630524618416258 0.0018833365531234529 -0.0032580937608711028
leaf_weight=12.622988589107988 8.4177177548408526 16.422843217849735 143.85574147105217 19.343401275575165 11.141073502600191 19.227265276014805 11.432939305901526 11.033075824379919
leaf_count=61 40 77 665 95 55 95 57 52
internal_value=-3.421e-05 -0.00083879 0.00121898 -0.00875381 0.00585815 -0.00134328 0.0162783 -0.0182489
internal_weight=253.497 240.874 190.939 49.9353 19.5588 163.083 27.8558 30.3765
internal_count=1197 1136 894 242 95 760 134 147
is_linear=0
shrinkage=0.03


Tree=139
num_leaves=8
num_cat=0
split_feature=221 153 113 131 125 224 5
split_gain=3.36306 4.41965 6.32436 6.13239 5.93785 4.44417 5.88428
threshold=0.22211802577094394 0.098593120560608566 0.55415000000000014 2.8553687500000007 10.500000000000002 -3.6552314890509963 -0.13374999999999998
decision_type=2 2 2 2 2 2 2
left_child=-1 2 3 -2 -4 -3 -7
right_child=1 5 4 -5 -6 6 -8
leaf_value=-0.01724937528546288 0.0052853978843517557 0.029186561938705877 0.032605636291081 -0.0066990200711736286 0.0027651559489673323 0.024413378542252347 -0.0059020004034315903
leaf_weight=9.7275105118751508 54.89202693849802 8.6300234496593458 8.7423869445920008 126.14510202407837 19.562643952667713 8.5350469350814802 16.992709055542949
leaf_count=44 254 42 40 582 93 49 93
internal_value=-3.22561e-05 0.000650029 -0.000971064 -0.00304777 0.0121697 0.0106466 0.00417241
internal_weight=253.227 243.5 209.342 181.037 28.305 34.1578 25.5278
internal_count=1197 1153 969 836 133 184 142
is_linear=0
shrinkage=0.03


Tree=140
num_leaves=7
num_cat=0
split_feature=218 128 187 187 213 51
split_gain=3.25012 7.18603 4.84339 6.46634 4.75182 4.59907
threshold=0.63752471646454589 39.905788267306924 4.9400000000000057 2.4600000000000013 -0.27114107534131132 60.265200000000007
decision_type=2 2 2 2 2 2
left_child=1 -1 3 4 -2 -4
right_child=2 -3 5 -5 -6 -7
leaf_value=0.031263980459291345 0.01207012302772854 -0.0032034115372627319 0.02955669686567991 -0.025488260536036013 -0.0027436991585885477 -0.0011179439199161304
leaf_weight=9.089221693575384 21.686175681650639 12.987723693251608 8.5938446894288081 10.246046140789984 181.904988668859 8.525468245148657
leaf_count=40 106 63 41 49 857 41
internal_value=-2.93245e-05 0.0109287 -0.00109406 -0.00233764 -0.00114588 0.0141886
internal_weight=253.033 22.0769 230.957 213.837 203.591 17.1193
internal_count=1197 103 1094 1012 963 82
is_linear=0
shrinkage=0.03


Tree=141
num_leaves=6
num_cat=0
split_feature=210 213 93 93 134
split_gain=3.34132 5.31018 5.75596 6.72308 5.17391
threshold=-0.27091415593296014 -0.27114107534131132 0.061794642500000004 0.15376529305 73.69933117250001
decision_type=2 2 2 2 2
left_child=-1 4 -3 -4 -2
right_child=1 2 3 -5 -6
leaf_value=-0.01323371012647357 0.033323640073380109 -0.019320023808512884 0.01940285631502452 -0.00074420442505575485 0.00073933428856771835
leaf_weight=16.069963321089745 8.5170285850763339 13.503145247697828 16.065289363265038 189.4135951846838 9.3359069749712926
leaf_count=76 43 64 76 892 46
internal_value=-2.78995e-05 0.0008607 -0.000411705 0.000825065 0.0165503
internal_weight=252.905 236.835 218.982 205.479 17.8529
internal_count=1197 1121 1032 968 89
is_linear=0
shrinkage=0.03


Tree=142
num_leaves=7
num_cat=0
split_feature=175 207 18 215 216 11
split_gain=3.21374 4.31329 6.54505 7.94179 5.46015 5.77578
threshold=1.395622335578089 1.0465176381263872 72.060000000000016 -0.22326304436888214 0.57916666666666672 15.815000000000003
decision_type=2 2 2 2 2 2
left_child=1 4 3 -3 5 -1
right_child=-2 2 -4 -5 -6 -7
leaf_value=-0.0011329465054170185 -0.015794921038098889 -0.029581500782410699 0.018272681759662696 -0.0030804988613757794 -0.016618206205189032 0.011760769599428563
leaf_weight=56.087120108306408 11.036409936845301 11.561144791543482 10.669134393334387 83.737837165594101 10.2681837528944 69.419867403805256
leaf_count=274 51 58 50 386 43 335
internal_value=-2.64345e-05 0.00068728 -0.00383184 -0.00635454 0.00423661 0.00597857
internal_weight=252.78 241.743 105.968 95.299 135.775 125.507
internal_count=1197 1146 494 444 652 609
is_linear=0
shrinkage=0.03


Tree=143
num_leaves=8
num_cat=0
split_feature=93 96 107 76 213 177 134
split_gain=3.24973 5.29839 7.68471 4.76556 4.87668 6.01416 4.5276
threshold=2.962198555100001 1.5042666751500005 -0.051149999999999994 1.0231104872360002 -0.29699025690366382 1.0466281438624037 73.69933117250001
decision_type=2 2 2 2 2 2 2
left_child=3 2 -2 4 6 -6 -1
right_child=1 -3 -4 -5 5 -7 -8
leaf_value=0.030953326370593663 -0.019959189278854105 -0.024092851454018623 0.013495456468100167 0.017280347223658919 -0.0039548394967012512 0.010173732541407977 0.00062478435996185337
leaf_weight=8.3858426958322543 10.384094297885895 12.438759006559847 14.944995664060116 15.642981201410292 147.93706627190113 33.036236777901649 9.7123609110712987
leaf_count=43 46 56 70 72 703 160 47
internal_value=-2.69741e-05 -0.00814172 -0.000126428 0.00138955 0.000117748 -0.00135494 0.0149353
internal_weight=252.482 37.7678 25.3291 214.714 199.072 180.973 18.0982
internal_count=1197 172 116 1025 953 863 90
is_linear=0
shrinkage=0.03


Tree=144
num_leaves=8
num_cat=0
split_feature=146 7 185 168 20 201 185
split_gain=3.1954 4.01574 5.58355 4.83454 8.16361 7.0751 2.86491
threshold=28.877024608126124 15.525 -3.4349999999999947 -1.1526208405200522 15.06 1.2374373013387796 -0.12999999999999898
decision_type=2 2 2 2 2 2 2
left_child=-1 2 -2 4 -3 -5 -4
right_child=1 3 6 5 -6 -7 -8
leaf_value=0.017546430290186123 -0.024547377462350313 0.018415821652973847 0.013206654640095459 0.00098100168061974829 -0.0059571619374063269 -0.016083634588220031 -0.01122458948884154
leaf_weight=8.8709178790450078 14.19669806212187 31.1873809248209 8.4432892724871653 134.91361901909113 20.146853931248188 25.942119747400284 8.6060127988457662
leaf_count=43 71 148 42 639 92 121 41
internal_value=-2.48263e-05 -0.000684391 -0.010714 0.00078273 0.00879898 -0.00176075 0.000705968
internal_weight=252.307 243.436 31.246 212.19 51.3342 160.856 17.0493
internal_count=1197 1154 154 1000 240 760 83
is_linear=0
shrinkage=0.03


Tree=145
num_leaves=7
num_cat=0
split_feature=181 55 214 107 55 187
split_gain=3.21539 4.44743 5.94781 7.10585 6.27432 3.87731
threshold=3.4317923339094967 6.3800000000000008 0.29992472560720179 0.24210000000000001 5.7650000000000006 -2.4049999999999971
decision_type=2 2 2 2 2 2
left_child=1 2 4 -4 -1 -3
right_child=-2 5 3 -5 -6 -7
leaf_value=-0.0012866256045161455 -0.014358068897784428 -0.0018314733498252642 0.02777708513931873 2.0642547798381959e-05 0.024443672101689556 -0.027312655735004011
leaf_weight=173.24130500853062 13.259755924344061 14.403815872967245 16.383731514215469 17.159848898649216 8.8707090243697149 8.7654072791337949
leaf_count=820 60 65 89 81 41 41
internal_value=-2.39644e-05 0.000764997 0.00212035 0.0137092 -4.10671e-06 -0.0116764
internal_weight=252.085 238.825 215.656 33.5436 182.112 23.1692
internal_count=1197 1137 1031 170 861 106
is_linear=0
shrinkage=0.03


Tree=146
num_leaves=11
num_cat=0
split_feature=224 22 35 189 215 73 196 113 9 114
split_gain=3.20557 8.06651 6.20634 7.02832 5.91777 5.72725 5.68566 5.45725 6.33753 4.96152
threshold=2.71674965728096 1.4954000000000003 0.2960000000000001 -1.9500000000000017 0.54876614396378665 4.7702010676500004 0.92475108260239025 0.54585000000000006 65.515000000000015 0.36420000000000002
decision_type=2 2 2 2 2 2 2 2 2 2
left_child=2 4 7 -4 5 -2 -3 8 -1 -5
right_child=1 6 3 9 -6 -7 -8 -9 -10 -11
leaf_value=-0.010606265259388511 0.0070942836325771259 0.0302204539646895 -0.03356534614423471 0.0034576315339996623 -0.018805849964635937 -0.017701384327525427 0.0016391810857759998 0.021654159337028803 0.0049105596516912384 -0.021480839743114846
leaf_weight=39.084387138485909 51.514160051941872 15.213213056325914 10.677900828421114 20.13001557439566 13.523394547402857 9.8692305013537389 11.01239090412855 10.271357201039789 59.617189966142178 10.918563239276407
leaf_count=192 238 75 51 99 62 42 51 49 288 50
internal_value=-2.299e-05 0.00409438 -0.00280688 -0.0126356 -0.000886629 0.00303653 0.0183847 0.000937243 -0.00120803 -0.00525674
internal_weight=251.832 101.132 150.699 41.7265 74.9068 61.3834 26.2256 108.973 98.7016 31.0486
internal_count=1197 468 729 200 342 280 126 529 480 149
is_linear=0
shrinkage=0.03


Tree=147
num_leaves=6
num_cat=0
split_feature=146 62 130 32 2
split_gain=3.14346 4.03279 5.85511 7.43549 4.90496
threshold=36.293063562916608 17.899208331900002 1.9006750000000001 0.4811457983193278 -1.865
decision_type=2 2 2 2 2
left_child=-1 2 4 -4 -2
right_child=1 -3 3 -5 -6
leaf_value=0.013257430372092739 -0.0041047106735663539 -0.018812700557109811 -0.009533576423294771 0.0025692438345274794 0.020357245595906622
leaf_weight=14.955294720828531 11.028774254024031 10.6725827306509 73.197424493730068 120.61974161118269 20.965024992823601
leaf_count=73 53 46 346 575 104
internal_value=-2.20622e-05 -0.000879791 -1.09895e-05 -0.00198862 0.0118448
internal_weight=251.439 236.484 225.811 193.817 31.9938
internal_count=1197 1124 1078 921 157
is_linear=0
shrinkage=0.03


Tree=148
num_leaves=12
num_cat=0
split_feature=188 33 224 180 217 47 48 107 216 200 224
split_gain=3.15904 5.88288 8.55137 6.3045 5.7479 4.48509 6.39085 11.2715 6.77566 4.47476 7.0168
threshold=-1.3499999999999994 0.37435000000000002 2.6284574125712035 0.036274697844288682 -0.077613417732206383 0.62670154914935938 332.50000000000006 -0.12849999999999998 0.4958333333333334 0.94373142673626664 2.4079117091417817
decision_type=2 2 2 2 2 2 2 2 2 2 2
left_child=1 -1 4 -4 -3 6 8 -8 -2 -7 -11
right_child=5 2 3 -5 -6 9 7 -9 -10 10 -12
leaf_value=0.01435368151951104 0.023402279790049111 -0.0030196987023957196 0.016017884663207041 -0.012804695748784416 -0.026127638370920369 -0.020871348232257992 -0.01729121041308759 0.0075836661137837691 0.0034816950772312903 -0.014590817581111875 0.019498753019532748
leaf_weight=11.971911549568174 26.077382050454617 16.463830634951591 16.874556548893455 11.24606830626726 24.70537307113409 13.305220142006872 25.626505337655544 44.99419704079628 38.360518150031567 11.622645333409311 10.010453440248964
leaf_count=57 140 79 79 48 121 62 119 207 178 57 50
internal_value=-2.09474e-05 -0.00489461 -0.00827946 0.00438026 -0.016989 0.00229262 0.00478442 -0.00141208 0.0116136 -0.00724027 0.00106281
internal_weight=251.259 81.2617 69.2898 28.1206 41.1692 169.997 135.059 70.6207 64.4379 34.9383 21.6331
internal_count=1197 384 327 127 200 813 644 326 318 169 107
is_linear=0
shrinkage=0.03


Tree=149
num_leaves=10
num_cat=0
split_feature=221 127 224 168 85 6 19 59 14
split_gain=3.17946 7.43082 5.30432 4.73579 10.1251 8.22145 7.43866 4.29855 3.66015
threshold=0.52443587643874279 29.495525000000004 2.6284574125712035 -1.299918577005996 2.7256208341000003 58.70000000000001 23.025000000000002 1.4274519450500003 17.060000000000006
decision_type=2 2 2 2 2 2 2 2 2
left_child=1 -1 -3 4 8 -5 -7 -4 -2
right_child=3 2 7 5 -6 6 -8 -9 -10
leaf_value=-0.030098028199262314 0.026406346971672195 -0.015032347046974717 -0.0025371573360824396 0.02374787939845726 -0.014703167084316449 -0.0048039004814947233 0.018188721968346904 0.024404806848267676 0.0052400402594123359
leaf_weight=9.8720364496111852 20.54254287481308 14.072061672806738 12.556137278676035 11.303969435393808 10.71331314742565 136.72229320555925 13.82016087323427 8.9262268096208555 12.128259390592573
leaf_count=45 99 72 59 55 49 652 67 42 57
internal_value=-2.03191e-05 -0.00720472 -0.000697435 0.00155803 0.0103528 -0.000785881 -0.00266253 0.00857982 0.0186804
internal_weight=250.657 45.4265 35.5544 205.231 43.3841 161.846 150.542 21.4824 32.6708
internal_count=1197 218 173 979 205 774 719 101 156
is_linear=0
shrinkage=0.03


end of trees

feature_importances:
报价日=104
大盘MA10_slope3%=47
价格标准差=38
市场波动率_120d=38
总分_T=29
个股PB=26
市场波动率比值=23
行业PB=22
总分_delta_1y=21
行业年化收益_60d=20
波动率_250d=19
盈利能力_delta_1y=19
区间收益_120d=17
个股PE=17
资本支出_T3=17
同行PE_中位=16
营收_加速=16
盈利能力_T-4=15
数据天数=15
三浪_retr=15
同行公司数=14
PB_vs_行业=14
市场距离MA250=14
个股PS=13
应收账款周转率=13
市场胜率_120d=13
盈利能力_T-3=12
折旧_T4=12
报价日_md=11
净利润=11
行业年化收益_20d=11
price_vs_MA20=11
盈利能力_T=10
年化收益_250d=10
波动率=10
同行PE_均值=10
营收_CAGR2=10
FCF_CAGR2=10
总分_delta_2y=10
vol_ratio_60_250=10
price_vs_MA250=10
成长能力_T-2=9
资本支出_T4=9
FCF_YoY=9
PE_vs_同行均值=9
vol_ratio_20_60=9
年化收益_20d=8
波动率_120d=8
行业波动率_120d=8
资本支出_YoY=8
总分_T-2=7
区间收益_250d=7
MA30=7
FCF_T2=7
营业利润_T4=7
锁定价当前价=7
行业区间收益_20d=7
行业区间收益_60d=7
行业胜率_120d=7
同行市值_中位=7
现金利息负债比=7
已获利息倍数=7
研发费用率=7
FCF_conversion=7
总分_delta_4y=7
行业PB_120d增长=7
总分_T-4=6
盈利能力_T-1=6
成长能力_T=6
FCF_T4=6
同行PS_均值=6
同行市值_均值=6
ROE=6
FCF_margin=6
年化收益_120d=5
胜率_120d=5
资本支出_T=5
营收_T2=5
营业利润_T2=5
行业波动率_60d=5
行业年化收益_120d=5
行业波动率_250d=5
行业年化收益_250d=5
同行PB_均值=5
资本支出_CAGR2=5
capex_intensity=5
price_vs_MA60=5
行业PB_250d增长=5
成长能力_T-3=4
盈利能力_T-2=4
区间收益_20d=4
胜率_20d=4
漂移率=4
营收_T=4
折旧_T2=4
营业利润_T3=4
净利润_fcf_T3=4
营收_3年斜率=4
行业波动率_20d=4
行业MA20=4
净利润_fcf_加速=4
成长能力_delta_4y=4
PS_vs_同行均值=4
price_vs_MA120=4
市场年化收益_120d=4
报价日价格=3
总分_T-3=3
波动率_20d=3
年化收益_60d=3
区间收益_60d=3
当前价=3
邀请日=3
折旧_T=3
营收_T3=3
FCF_T3=3
营收_T4=3
FCF_3年斜率=3
报价日MA20=3
行业区间收益_250d=3
行业漂移率=3
同行PB_中位=3
毛利率=3
总营收增长=3
净利润_fcf_YoY=3
净利润_fcf_CAGR2=3
资本支出_加速=3
capex_to_dep=3
PE_vs_同行中位=3
return_acceleration=3
行业PB_60d增长=3
行业PE_120d增长=3
总分_斜率=2
溢价率上限=2
胜率_250d=2
中位价=2
营业利润_T1=2
FCF_T1=2
净利润_fcf_T4=2
NOPAT_T4=2
行业MA60=2
行业MA120=2
同行PS_中位=2
现金流动负债比=2
营收_YoY=2
NOPAT_margin=2
盈利能力_delta_2y=2
PB_vs_同行均值=2
行业PE_250d增长=2
成长能力_T-1=1
波动率_60d=1
胜率_60d=1
MA250=1
行业PE=1
NOPAT_T=1
FCF_T=1
净利润_fcf_T2=1
NOPAT_T2=1
折旧_T3=1
行业胜率_20d=1
行业区间收益_120d=1
行业胜率_250d=1
同行PE_标准差=1
速动比率=1
ROE摊薄=1
资产负债率=1
营收增长2=1
净资产增长=1
NOPAT_加速=1
营业利润_YoY=1
成长能力_delta_1y=1
成长能力_delta_2y=1
PE_vs_行业=1
行业PE_60d增长=1
三浪_gain=1

parameters:
[boosting: gbdt]
[objective: binary]
[metric: binary_logloss]
[tree_learner: serial]
[device_type: cpu]
[data_sample_strategy: bagging]
[data: ]
[valid: ]
[num_iterations: 150]
[learning_rate: 0.03]
[num_leaves: 20]
[num_threads: 4]
[seed: 42]
[deterministic: 0]
[force_col_wise: 0]
[force_row_wise: 0]
[histogram_pool_size: -1]
[max_depth: 4]
[min_data_in_leaf: 40]
[min_sum_hessian_in_leaf: 0.001]
[bagging_fraction: 0.8]
[pos_bagging_fraction: 1]
[neg_bagging_fraction: 1]
[bagging_freq: 0]
[bagging_seed: 400]
[bagging_by_query: 0]
[feature_fraction: 0.8]
[feature_fraction_bynode: 1]
[feature_fraction_seed: 30056]
[extra_trees: 0]
[extra_seed: 12879]
[early_stopping_round: 0]
[early_stopping_min_delta: 0]
[first_metric_only: 0]
[max_delta_step: 0]
[lambda_l1: 0.1]
[lambda_l2: 0.1]
[linear_lambda: 0]
[min_gain_to_split: 0]
[drop_rate: 0.1]
[max_drop: 50]
[skip_drop: 0.5]
[xgboost_dart_mode: 0]
[uniform_drop: 0]
[drop_seed: 17869]
[top_rate: 0.2]
[other_rate: 0.1]
[min_data_per_group: 100]
[max_cat_threshold: 32]
[cat_l2: 10]
[cat_smooth: 10]
[max_cat_to_onehot: 4]
[top_k: 20]
[monotone_constraints: ]
[monotone_constraints_method: basic]
[monotone_penalty: 0]
[feature_contri: ]
[forcedsplits_filename: ]
[refit_decay_rate: 0.9]
[cegb_tradeoff: 1]
[cegb_penalty_split: 0]
[cegb_penalty_feature_lazy: ]
[cegb_penalty_feature_coupled: ]
[path_smooth: 0]
[interaction_constraints: ]
[verbosity: -1]
[saved_feature_importance_type: 0]
[use_quantized_grad: 0]
[num_grad_quant_bins: 4]
[quant_train_renew_leaf: 0]
[stochastic_rounding: 1]
[linear_tree: 0]
[max_bin: 255]
[max_bin_by_feature: ]
[min_data_in_bin: 3]
[bin_construct_sample_cnt: 200000]
[data_random_seed: 175]
[is_enable_sparse: 1]
[enable_bundle: 1]
[use_missing: 1]
[zero_as_missing: 0]
[feature_pre_filter: 1]
[pre_partition: 0]
[two_round: 0]
[header: 0]
[label_column: ]
[weight_column: ]
[group_column: ]
[ignore_column: ]
[categorical_feature: ]
[forcedbins_filename: ]
[precise_float_parser: 0]
[parser_config_file: ]
[objective_seed: 16083]
[num_class: 1]
[is_unbalance: 1]
[scale_pos_weight: 1]
[sigmoid: 1]
[boost_from_average: 1]
[reg_sqrt: 0]
[alpha: 0.9]
[fair_c: 1]
[poisson_max_delta_step: 0.7]
[tweedie_variance_power: 1.5]
[lambdarank_truncation_level: 30]
[lambdarank_norm: 1]
[label_gain: ]
[lambdarank_position_bias_regularization: 0]
[eval_at: ]
[multi_error_top_k: 1]
[auc_mu_weights: ]
[num_machines: 1]
[local_listen_port: 12400]
[time_out: 120]
[machine_list_filename: ]
[machines: ]
[gpu_platform_id: -1]
[gpu_device_id: -1]
[gpu_use_dp: 0]
[num_gpu: 1]

end of parameters

pandas_categorical:[]
