{
  "上证指数": {
    "current_level": 3994.9975,
    "volatility_20d": 0.21784846147332707,
    "volatility_60d": 0.15878751056271467,
    "volatility_120d": 0.1401477367019825,
    "volatility_250d": 0.14292577361143183,
    "return_20d": -0.4186459434894454,
    "return_60d": -0.09047188843726861,
    "return_120d": 0.05237399152104307,
    "return_250d": 0.18414191998699128,
    "ma_20": 3969.8358749999998,
    "ma_60": 4067.6390283333335,
    "ma_120": 3997.662114166667,
    "ma_250": 3751.8458291999996,
    "win_rate_20d": 0.4,
    "win_rate_60d": 0.5333333333333333,
    "win_rate_120d": 0.55,
    "win_rate_250d": 0.584
  },
  "深证成指": {
    "current_level": 14042.4964,
    "volatility_20d": 0.2920741500446195,
    "volatility_60d": 0.22381194145674688,
    "volatility_120d": 0.21462988345501113,
    "volatility_250d": 0.21851705889011513,
    "return_20d": -0.36545231508062725,
    "return_60d": 0.005926286931698879,
    "return_120d": 0.1071783929246895,
    "return_250d": 0.31630703533834176,
    "ma_20": 13833.366585,
    "ma_60": 14082.089053333333,
    "ma_120": 13643.756473333331,
    "ma_250": 12269.6543604,
    "win_rate_20d": 0.4,
    "win_rate_60d": 0.5166666666666667,
    "win_rate_120d": 0.525,
    "win_rate_250d": 0.54
  },
  "沪深300": {
    "current_level": 4595.556,
    "volatility_20d": 0.22227315706169434,
    "volatility_60d": 0.16299560201851623,
    "volatility_120d": 0.15631274357197902,
    "volatility_250d": 0.1577824516893262,
    "return_20d": -0.289456889525614,
    "return_60d": -0.16971950214531945,
    "return_120d": -0.009601682460281806,
    "return_250d": 0.16863552206397908,
    "ma_20": 4550.651309999999,
    "ma_60": 4655.483821666666,
    "ma_120": 4629.07484,
    "ma_250": 4335.303507600001,
    "win_rate_20d": 0.35,
    "win_rate_60d": 0.4666666666666667,
    "win_rate_120d": 0.5,
    "win_rate_250d": 0.556
  },
  "中证500": {
    "current_level": 7945.1527,
    "volatility_20d": 0.3274048058884032,
    "volatility_60d": 0.2732740423312792,
    "volatility_120d": 0.238154478815304,
    "volatility_250d": 0.22484373373691124,
    "return_20d": -0.681540713338198,
    "return_60d": 0.06986116075760619,
    "return_120d": 0.15401460782099477,
    "return_250d": 0.33361595824709117,
    "ma_20": 7845.02484,
    "ma_60": 8154.701756666667,
    "ma_120": 7681.573210833334,
    "ma_250": 6896.8388008,
    "win_rate_20d": 0.4,
    "win_rate_60d": 0.55,
    "win_rate_120d": 0.55,
    "win_rate_250d": 0.576
  },
  "创业板指": {
    "current_level": 3347.61,
    "volatility_20d": 0.3348322558970322,
    "volatility_60d": 0.2584513734952006,
    "volatility_120d": 0.2710934740665163,
    "volatility_250d": 0.29534289479133974,
    "return_20d": -0.007160335721260266,
    "return_60d": 0.03554799878873754,
    "return_120d": 0.15682097298093442,
    "return_250d": 0.5605881529448276,
    "ma_20": 3276.5294200000003,
    "ma_60": 3295.168335,
    "ma_120": 3211.9040391666663,
    "ma_250": 2750.4767060000004,
    "win_rate_20d": 0.45,
    "win_rate_60d": 0.4666666666666667,
    "win_rate_120d": 0.5083333333333333,
    "win_rate_250d": 0.54
  },
  "科创50": {
    "current_level": 1352.6894,
    "volatility_20d": 0.38951018052272474,
    "volatility_60d": 0.32368669763353664,
    "volatility_120d": 0.30201791549848617,
    "volatility_250d": 0.30700416871536473,
    "return_20d": -0.4317620596963411,
    "return_60d": -0.2233400286745967,
    "return_120d": -0.1433933366481371,
    "return_250d": 0.2999506616471091,
    "ma_20": 1318.70173,
    "ma_60": 1421.5654133333337,
    "ma_120": 1395.4858358333333,
    "ma_250": 1235.4696308,
    "win_rate_20d": 0.4,
    "win_rate_60d": 0.48333333333333334,
    "win_rate_120d": 0.475,
    "win_rate_250d": 0.524
  },
  "中证1000": {
    "current_level": 6059.7473,
    "volatility_20d": 0.2861008753255672,
    "volatility_60d": 0.21371875740186586,
    "volatility_120d": 0.18885804368145534,
    "volatility_250d": 0.19041123595045056,
    "return_20d": -0.5014977210527941,
    "return_60d": -0.04888970019273238,
    "return_120d": 0.07261457072495951,
    "return_250d": 0.2349559483440812,
    "ma_20": 5993.674265,
    "ma_60": 6169.838478333333,
    "ma_120": 5991.78621,
    "ma_250": 5531.1298356,
    "win_rate_20d": 0.4,
    "win_rate_60d": 0.5333333333333333,
    "win_rate_120d": 0.525,
    "win_rate_250d": 0.552
  }
}