{
  "上证指数": {
    "current_level": 3966.1712,
    "volatility_20d": 0.21866583367130765,
    "volatility_60d": 0.15939191727199792,
    "volatility_120d": 0.14052711030889634,
    "volatility_250d": 0.14295621317214477,
    "return_20d": -0.49324095264670803,
    "return_60d": -0.12196908688882788,
    "return_120d": 0.041066202079364816,
    "return_250d": 0.18347004219369006,
    "ma_20": 3961.47278,
    "ma_60": 4065.680761666667,
    "ma_120": 3998.238306666667,
    "ma_250": 3754.2155183999994,
    "win_rate_20d": 0.4,
    "win_rate_60d": 0.5166666666666667,
    "win_rate_120d": 0.55,
    "win_rate_250d": 0.584
  },
  "深证成指": {
    "current_level": 13996.2652,
    "volatility_20d": 0.29162998591875555,
    "volatility_60d": 0.22391113963179773,
    "volatility_120d": 0.2142308538988959,
    "volatility_250d": 0.21845475736544867,
    "return_20d": -0.3292254738896411,
    "return_60d": -0.010184021046290135,
    "return_120d": 0.12041995559433724,
    "return_250d": 0.31948982566387163,
    "ma_20": 13809.909355000002,
    "ma_60": 14081.65094,
    "ma_120": 13649.0968625,
    "ma_250": 12282.9670172,
    "win_rate_20d": 0.4,
    "win_rate_60d": 0.5,
    "win_rate_120d": 0.525,
    "win_rate_250d": 0.54
  },
  "沪深300": {
    "current_level": 4566.2237,
    "volatility_20d": 0.2228845825825639,
    "volatility_60d": 0.16335013027266995,
    "volatility_120d": 0.15642185551280305,
    "volatility_250d": 0.15785936943546355,
    "return_20d": -0.3235595848680429,
    "return_60d": -0.1835678106961836,
    "return_120d": -0.012586584808788565,
    "return_250d": 0.16629115259525876,
    "ma_20": 4543.7377,
    "ma_60": 4651.742653333333,
    "ma_120": 4628.653086666667,
    "ma_250": 4337.8387556,
    "win_rate_20d": 0.35,
    "win_rate_60d": 0.4666666666666667,
    "win_rate_120d": 0.5,
    "win_rate_250d": 0.556
  },
  "中证500": {
    "current_level": 7898.6329,
    "volatility_20d": 0.3274712412703274,
    "volatility_60d": 0.2731085282203685,
    "volatility_120d": 0.23828384748506287,
    "volatility_250d": 0.2248054093367546,
    "return_20d": -0.6890973414457613,
    "return_60d": 0.012460557766199032,
    "return_120d": 0.1474459428506789,
    "return_250d": 0.3351235593509527,
    "ma_20": 7819.790005,
    "ma_60": 8156.110045,
    "ma_120": 7685.743284166666,
    "ma_250": 6904.6029256,
    "win_rate_20d": 0.4,
    "win_rate_60d": 0.5333333333333333,
    "win_rate_120d": 0.55,
    "win_rate_250d": 0.576
  },
  "创业板指": {
    "current_level": 3323.2989,
    "volatility_20d": 0.3340610881419232,
    "volatility_60d": 0.2588158836004774,
    "volatility_120d": 0.27079931020485676,
    "volatility_250d": 0.29532329679053576,
    "return_20d": 0.021764735582048573,
    "return_60d": -0.00800086370335418,
    "return_120d": 0.16547274533016074,
    "return_250d": 0.5615470979074803,
    "ma_20": 3275.2179300000003,
    "ma_60": 3295.2351266666665,
    "ma_120": 3213.6543458333335,
    "ma_250": 2755.1895212000004,
    "win_rate_20d": 0.45,
    "win_rate_60d": 0.45,
    "win_rate_120d": 0.5083333333333333,
    "win_rate_250d": 0.54
  },
  "科创50": {
    "current_level": 1343.9462,
    "volatility_20d": 0.38791447758340397,
    "volatility_60d": 0.3231033432972912,
    "volatility_120d": 0.3013938113511167,
    "volatility_250d": 0.3068703395360285,
    "return_20d": -0.35870735010522403,
    "return_60d": -0.2870612983711467,
    "return_120d": -0.1825490677682966,
    "return_250d": 0.3054660224296589,
    "ma_20": 1315.84483,
    "ma_60": 1420.142811666667,
    "ma_120": 1394.57976,
    "ma_250": 1236.6831364,
    "win_rate_20d": 0.4,
    "win_rate_60d": 0.4666666666666667,
    "win_rate_120d": 0.4666666666666667,
    "win_rate_250d": 0.524
  },
  "中证1000": {
    "current_level": 6020.053,
    "volatility_20d": 0.28632050705558976,
    "volatility_60d": 0.21407073748516028,
    "volatility_120d": 0.18903036795928724,
    "volatility_250d": 0.19035935732239406,
    "return_20d": -0.516791615528808,
    "return_60d": -0.08310357591731161,
    "return_120d": 0.06645567837442029,
    "return_250d": 0.2364689993250006,
    "ma_20": 5979.025680000001,
    "ma_60": 6167.9778,
    "ma_120": 5993.156245833333,
    "ma_250": 5535.582635600001,
    "win_rate_20d": 0.4,
    "win_rate_60d": 0.5166666666666667,
    "win_rate_120d": 0.525,
    "win_rate_250d": 0.552
  }
}