tree
version=v4
num_class=1
num_tree_per_iteration=1
label_index=0
max_feature_idx=319
objective=binary sigmoid:1
feature_names=总分_T-4 总分_T-3 总分_T-2 总分_T-1 总分_T 评级_T-4 评级_T-3 评级_T-2 评级_T-1 评级_T 盈利能力_T-4 盈利能力_T-3 盈利能力_T-2 盈利能力_T-1 盈利能力_T 成长能力_T-4 成长能力_T-3 成长能力_T-2 成长能力_T-1 成长能力_T 总分_斜率 总分_趋势 盈利能力_斜率 盈利能力_趋势 成长能力_斜率 成长能力_趋势 综合趋势 市场指数_通过 行业PE_通过 个股PE_通过 DCF估值_通过 修正PE估值_通过 参数构造_通过 蒙特卡洛_通过 反向推算_通过 子场景通过数 定增建议参与 有效阈值数_excel 溢价率下限_excel 溢价率上限_excel 报价日价格_excel 报价日_excel 波动率_20d 年化收益_20d 区间收益_20d 胜率_20d 波动率_60d 年化收益_60d 区间收益_60d 胜率_60d 波动率_120d 年化收益_120d 区间收益_120d 胜率_120d 波动率_250d 年化收益_250d 区间收益_250d 胜率_250d MA20 MA30 MA60 MA120 MA250 当前价 均价_all 中位价 价格标准差 漂移率 波动率 数据天数 报价日_md 邀请日 最新交易日 行情_时间匹配 个股PE 个股PB 个股PS 行业PE 行业PB 行业PS 报价日 报价日价格 报价日MA20 锁定价当前价 融资金额 锁定期 溢价率 无风险利率 净资产负债表 净债务 净利润_x 营收增长率 营业利润率 Beta 溢价率下限 溢价率上限 有效阈值数 step1通过 step2通过 step3通过 行业级别 行业波动率_20d 行业年化收益_20d 行业区间收益_20d 行业胜率_20d 行业波动率_60d 行业年化收益_60d 行业区间收益_60d 行业胜率_60d 行业波动率_120d 行业年化收益_120d 行业区间收益_120d 行业胜率_120d 行业波动率_250d 行业年化收益_250d 行业区间收益_250d 行业胜率_250d 行业MA20 行业MA60 行业MA120 行业MA250 行业漂移率 行业波动率_总 行业总天数 sw_l1_code sw_l1_name sw_l2_code sw_l2_name sw_l3_code sw_l3_name 同行公司数 同行PE_均值 同行PE_中位 同行PE_标准差 同行PB_均值 同行PB_中位 同行PS_均值 同行PS_中位 同行市值_均值 同行市值_中位 营收_T 营业利润_T 净利润_fcf_T NOPAT_T 折旧_T 资本支出_T 营运资金变动_T FCF_T FCF年份_T 营收_T1 营业利润_T1 净利润_fcf_T1 NOPAT_T1 折旧_T1 资本支出_T1 营运资金变动_T1 FCF_T1 FCF年份_T1 营收_T2 营业利润_T2 净利润_fcf_T2 NOPAT_T2 折旧_T2 资本支出_T2 营运资金变动_T2 FCF_T2 FCF年份_T2 营收_T3 营业利润_T3 净利润_fcf_T3 NOPAT_T3 折旧_T3 资本支出_T3 营运资金变动_T3 FCF_T3 FCF年份_T3 营收_T4 营业利润_T4 净利润_fcf_T4 NOPAT_T4 折旧_T4 资本支出_T4 营运资金变动_T4 FCF_T4 FCF年份_T4 FCF_3年斜率 营收_3年斜率 NOPAT_3年斜率 财报年份 流动比率 速动比率 存货周转率 应收账款周转率 流动资产周转率 总资产周转率 ROA 总资产净利率 ROE ROE摊薄 现金流动负债比 现金利息负债比 净利率 毛利率 资产负债率 利息资本化率 产权比率 已获利息倍数 研发费用率 营收增长 利润增长 净利增长 扣非净利增长 ROE增长 总营收增长 营收增长2 净资产增长 report_year 总资产 流动资产 非流动资产 总负债 流动负债 非流动负债 股东权益 货币资金 存货 应收账款 商誉 无形资产 固定资产 总股本 短期借款 长期借款 应付债券 资产负债比 流动比率_bs 商誉占总资产比 无形资产占比 营业总收入 营业收入 营业利润 利润总额 净利润_y 归母净利润 sell_exp admin_exp fin_exp rd_exp 基本EPS EBIT EBITDA 营业利润率_is 净利润率_is 销售费用率 管理费用率 研发费用率_is 经营现金流 投资现金流 经营活动现金流小计 投资活动现金流 筹资活动现金流 net_profit 营收_YoY 营收_CAGR2 营收_加速 NOPAT_YoY NOPAT_CAGR2 NOPAT_加速 FCF_YoY FCF_CAGR2 FCF_加速 营业利润_YoY 营业利润_CAGR2 营业利润_加速 净利润_fcf_YoY 净利润_fcf_CAGR2 净利润_fcf_加速 资本支出_YoY 资本支出_CAGR2 资本支出_加速 FCF_margin FCF_conversion capex_to_dep capex_intensity NOPAT_margin 总分_delta_1y 总分_delta_2y 总分_delta_4y 盈利能力_delta_1y 盈利能力_delta_2y 盈利能力_delta_4y 成长能力_delta_1y 成长能力_delta_2y 成长能力_delta_4y PE_vs_行业 PB_vs_行业 PE_vs_同行均值 PE_vs_同行中位 PB_vs_同行均值 PB_vs_同行中位 PS_vs_同行均值 vol_ratio_20_60 vol_ratio_60_250 return_acceleration price_vs_MA20 price_vs_MA60 price_vs_MA120 price_vs_MA250 行业PE_60d增长 行业PB_60d增长 行业PE_120d增长 行业PB_120d增长 行业PE_250d增长 行业PB_250d增长 市场波动率_120d 市场年化收益_120d 市场胜率_120d 市场_above_MA250 市场距离MA250 市场波动率比值
feature_infos=[52.25:86.579999999999998] [53:86.280000000000001] [52.5:85.579999999999998] [53:88.5] [52.880000000000003:87.379999999999995] none none none none none [15:27] [15:27] [15:27] [15:27] [15:27] [12.5:22.5] [12.5:22.5] [12.5:22.25] [12.5:22.5] [12.5:22.5] [-6.8899999999999997:5.7800000000000002] none [-3.1400000000000001:3.4199999999999999] none [-2.29:1.98] none none [0:1] [0:1] [0:1] [0:1] [0:1] [0:1] [0:1] [0:1] [0:8] [0:1] [1:3] none [-0.20000000000000001:0] [1.71:712] [20200103:20260602] [0.10979999999999999:2.5908000000000002] [-4.2196999999999996:4953.141318846906] [-0.34108761329305137:0.97513812154696144] [0.20000000000000001:0.90000000000000002] [0.1406:1.575] [-2.0413000000000001:15.088498507053909] [-0.4899:1.2024999999999999] [0.31669999999999998:0.67796610169491522] [0.15859999999999999:1.2012] [-1.4400999999999999:6.6543249632550365] [-0.69130000000000003:2.1351] [0.29170000000000001:0.60504201680672265] [0.1525:1.0705] [-0.75570000000000004:11.0679] [-0.75570000000000004:11.0679] [0:0.59599999999999997] [1.8500000000000001:687.5] [1.8100000000000001:695.48000000000002] [1.78:667.38] [1.76:650.98383333333334] [1.8:570.80999999999995] [1.71:712] [1.8500000000000001:515.64999999999998] [1.8:512.89999999999998] [0.12:132.25999999999999] [-2.0413000000000001:5.0105000000000004] [0.1406:1.575] [166:500] [20200103:20260602] [20191231:20260530] [20200103:20260602] [-1:1] [-5697.5200000000004:6752.1841999999997] [0.33069999999999999:118.783] [0.039800000000000002:329.20710000000003] [4.1900000000000004:2079.0300000000002] [0.41999999999999998:25.09] none [20200103:20260602] [1.71:712] [1.8500000000000001:687.5] [1.71:712] none none none none none none [-28116000000:73849000000] none none none none [-20:0] [1:3] [0:1] [0:1] [0:1] [161.81:139165.16] [0.080299999999999996:0.92869999999999997] [-3.2052:9.1241000000000003] [-0.25640000000000002:0.72989999999999999] [0.10000000000000001:0.80000000000000004] [0.094100000000000003:0.76019999999999999] [-1.4590000000000001:4.2027000000000001] [-0.35010000000000002:1.0086999999999999] [0.31669999999999998:0.7167] [0.0974:0.66820000000000002] [-0.80169999999999997:2.6808000000000001] [-0.38479999999999998:1.2867999999999999] [0.31669999999999998:0.625] [0.11550000000000001:0.66259999999999997] [-0.51549999999999996:4.4028] [-0.51549999999999996:4.4028] [0.35599999999999998:0.61199999999999999] [159.78:133913.85000000001] [160.69:133169.76999999999] [156.38999999999999:129637.69] [159.78999999999999:100391.05] [-1.4590000000000001:4.2027000000000001] [0.094100000000000003:0.76019999999999999] [306:679] none none none none none none [1:30] [4.1795599999999995:2924.1673000000001] [4.2051999999999996:2924.1673000000001] [0:167.66295472620476] [0.48230000000000006:709.11890000000005] [0.47239999999999999:709.11890000000005] [0.23304285714285713:1300.3074703703703] [0.058200000000000002:32.868699999999997] [15.378376556666666:10547.666900325999] [16.9008:10254.502892479999] [0.31118218350000004:4483.2549062437001] [-218.51458:883.62] [-166.42310000000001:761.70000000000005] [-218.51458:883.62] [0.00087798968000000013:205.7192] [0.00060701750000000001:455.18304000000001] none [-381.13902751559999:957.03999999999996] [2019:2025] [0:4060.3184799999999] [-184.99903:913.66999999999996] [-144.09429:641.99000000000001] [-184.99903:913.66999999999996] [3.2636999999999999e-05:205.54640000000001] [0:711.99734337759992] none [-385.78217000000001:1542.01] [2018:2024] [0.026383170000000001:3663.9330100000002] [-42.5531045468:981.38] [-39.248952115500003:696.25999999999999] [-42.5531045468:981.38] [8.081047999999999e-06:198.70480000000001] [0:783.53940971220004] none [-585.19622907910002:842.84000000000003] [2017:2023] [0.029456719999999999:3352.1599999999999] [-85.493939999999995:782.41999999999996] [-49.653460000000003:523.11000000000001] [-85.493939999999995:782.41999999999996] [1.0683200000000001e-06:190.42080000000001] [9.7799200000000004e-05:581.19829362559994] none [-1027.78:1781.77] [2016:2022] [0.059927300000000003:2699.2166720331002] [-18.508875164199999:634.89999999999998] [-16.726886349899999:476.82999999999998] [-18.508875164199999:634.89999999999998] [8.8831440000000007e-05:199.76124410254397] [1.804e-05:731.38582189140004] none [-4082.02:628.76999999999998] [2015:2021] [-412.24028663694992:135.82104726164999] [-503.06394775159998:308.24510000000026] [-95.084999999999908:155.14894500000003] none none none none none none none none none none none none none none none none none none none none none none none none none none none none none none none none none none none none none none none none none none none none none none none none none none none none none none none none none none none none none none none none none none none none none none none none none none [-0.78875002017069107:408.52808802813507] [-0.81251889440674285:23.841659053659008] [-428.60111103776654:409.40370377863059] [-224.91252583660025:535.3238758578575] [-0.94926988945123936:18.77565703686891] [-223.90254367766238:536.09105925602933] [-218.22885594267876:6801.815302554458] [-0.91736347466431289:13.960463791366763] [-926.67920043263291:6802.8126340889803] [-224.91252583660025:535.3238758578575] [-0.94926988945123936:18.77565703686891] [-223.90254367766238:536.09105925602933] [-66.530825663418327:253.29013288067517] [-0.87026802071592435:11.209098329388533] [-131.83559460365606:254.06804007945726] [-0.99474440222308358:1414.5466204455097] [-0.80390211370451803:474.31337014830444] [-123778.58890892175:1415.4757142731469] [-10.871419568962798:2.6582966117430842] [-666.60014374148591:416.57496158843674] [0.0043898472312842067:1171.6408341386843] [0.00016650564710816957:3.4349757038257804] [-12.133075162254579:1.3891045069482229] [-27:17.499999999999993] [-25.830000000000005:22.850000000000009] [-27.980000000000004:21.920000000000002] [-12:12] [-12:11.550000000000001] [-12:11.550000000000001] [-9:9] [-8.75:9] [-9.120000000000001:8.379999999999999] [-207.55992714025504:245.98120947176685] [0.11996194824961948:41.101384083044984] [-66.830504569541517:89.407791498149493] [-118.10461160872531:143.10341122351986] [0.0062564966185501471:50.739956813604365] [0.0062564966185501471:57.481671465556886] [0.0030515090395272526:96.97160528183656] [0.23404764003850975:1.6767167258970537] [0.34684827367754201:1.8339417065825907] [-4.0342000000000002:13.958286402836777] [0.74201340455210441:1.5733137829912023] [0.65724703737465817:1.675061804697157] [0.57564814315744084:1.8038563454924732] [0.44384579656293544:2.1342805683410044] [-0.59367313473626671:1.3407928388746804] [-0.47484493452791177:1.1521381578947372] [-0.62759390596270026:1.9667747163695299] [-0.7381465517241379:1.120675105485232] [-0.78960760680326769:5.4502969678024389] [-0.67403017241379315:2.5970873786407767] [0.11652689607196304:0.49418375383761609] [-0.84037644463935102:1.0346442393394357] [0.36666666666666664:0.6166666666666667] [0:1] [-0.29634773883876053:0.49110781547974391] [0.33987433355820068:1.7028113305691333]
tree_sizes=1488 1507 1495 1506 1506 1506 1503 1613 1503 1514 1616 1517 1500 1514 1515 1613 1503 1625 1510 1487 1620 1499 1516 2147 1516 1726 1510 2144 1520 2353 1622 1622 1299 1504 1624 1522 2270 1301 1413 1519 1522 2252 1523 1725 1727 1625 1740 1318 1739 1626 2153 1840 1481 1194 1311 1709 1634 1712 1294 1942 1949 1918 1844 1625 1287 1849 1500 1075 2046 2141 1731 1738 1519 1208 1204 1841 2058 1197 1622 1826 1320 1194 2168 2250 2588 1733 2051 1316 1420 1837 2278 1096 1206 2151 1318 1736 1189 1956 1932 1511 1184 1286 2260 2166 1522 1520 2249 1930 1293 1949 1176 1840 1180 1206 1740 1529 1309 986 1206 1950 1845 1314 2038 796 2467 2145 2064 1528 1736 1644 1095 2262 1309 1429 1106 996 2050 1637 2154 1013 1071 1323 1933 1005 2060 792 997 1427 2162 1738 1101 1836 1005 1517 1519 1643 1106 1303 1719 1728 1956 1088 1513 798 1000 1416 1627 1853 1851 1619 1065 2250 1317 2256 1516 2160 1835 1950 1107 1215 899 1714 1627 1916 2049 1001 1414 779 1326 1851 905 2161 1005 1212 1307 1207 1954 1098 1642 1320 1744 1212 1411 1095 1205 1863 1294 793 1630 1707 1713 1324 1729 2158 2245 1419 2057 1086 1624 1324 1003 1531 1848 1181 1940 1737 897 982 2385 989 2238 2463 887 1315 1310 1195 2340 1646 1629 2041 1850 1175 2261 980 1395 1720 1309 1513 2157 1631 1897 1212 1306 1105 1109 1315 1392 1629 777 1297 1626 2348 1291 2149 1607 2017 2267 997 1104 1737 1477 1726 1102 1204 1836 1941 2040 1398 1203 971 1520 1511 2155 997 1297 1623 891 1741 1611 1722 2154 993 1630 1597 889 1394 1388 2035 2254 1518

Tree=0
num_leaves=13
num_cat=0
split_feature=70 41 41 75 144 90 40 319 262 0 18 90
split_gain=61.874 76.1353 66.1006 45.5309 20.3493 19.7757 17.1575 11.789 10.5848 8.12556 4.96289 5.31552
threshold=20250976.000000004 20240265.000000004 20210804.000000004 3.6311000000000004 0.12359273156000002 32480363.305000003 15.000000000000002 1.1748112990718089 0.24483549392908902 69.840000000000018 13.440000000000003 171856122.86500004
decision_type=2 2 2 2 2 2 2 2 2 2 2 2
left_child=1 2 4 5 9 -4 -6 -5 10 -1 -3 -12
right_child=-2 8 3 7 6 -7 -8 -9 -10 -11 11 -13
leaf_value=-0.28040858506815847 -0.30006496988946074 -0.22147879365939649 -0.22250688061538526 -0.27740190633050088 -0.21012810071886726 -0.25233043782643616 -0.23373601421578527 -0.23743163627262531 -0.23523488557663774 -0.23549423986197418 -0.18179120495489209 -0.211251732640586
leaf_weight=7.9089949876070005 14.526929453015326 5.7529875040054312 32.380088701844215 64.740189179778099 53.827502310276031 51.762350633740425 58.502940371632576 7.2303023636341086 6.9840832203626624 6.4225945472717285 23.19184443354607 8.5213628858327848
leaf_count=31 59 20 113 252 183 192 209 26 25 23 74 29
internal_value=-0.239725 -0.237022 -0.242778 -0.255828 -0.226676 -0.240874 -0.222374 -0.273337 -0.200562 -0.260131 -0.194228 -0.189475
internal_weight=341.752 327.225 282.775 156.113 126.662 84.1424 112.33 71.9705 44.4503 14.3316 37.4662 31.7132
internal_count=1236 1177 1029 583 446 305 392 278 148 54 123 103
is_linear=0
shrinkage=1


Tree=1
num_leaves=13
num_cat=0
split_feature=71 41 41 75 144 90 65 319 262 167 19 302
split_gain=58.5357 71.1989 62.0834 43.0019 19.0789 18.554 16.2378 11.1678 9.83321 7.78891 6.45774 5.49429
threshold=20250973.000000004 20240265.000000004 20210804.000000004 3.6311000000000004 0.12359273156000002 32480363.305000003 15.495000000000003 1.1748112990718089 0.24483549392908902 3.1232621015500004 15.940000000000003 1.1916151247692754
decision_type=2 2 2 2 2 2 2 2 2 2 2 2
left_child=1 2 4 5 9 -4 -6 -5 10 -1 11 -3
right_child=-2 8 3 7 6 -7 -8 -9 -10 -11 -12 -13
leaf_value=0.014498701887632073 -0.051656941745627398 0.064643771689719548 0.023890439923342138 -0.029408609239328289 0.033344316637996405 -0.0049742519595682632 0.009964777227027476 0.0094739009605434316 0.011600309172742664 -0.030308146888955237 0.024397775137404841 0.033121120564158855
leaf_weight=5.6074347347021094 14.422900959849356 23.083257868885998 32.473707973957062 64.48576582968235 67.509564056992531 51.72940681874752 45.142919450998306 7.2388280928134909 6.9941255748271933 8.6988314241170865 7.228449583053588 7.3694491684436789
leaf_count=20 59 73 113 252 230 192 162 26 25 34 25 25
internal_value=0.00725193 0.00986988 0.00429293 -0.00837327 0.0198672 0.00613723 0.0240193 -0.0254349 0.045028 -0.0125588 0.0511061 0.057247
internal_weight=341.985 327.562 282.886 155.928 126.959 84.2031 112.652 71.7246 44.6753 14.3063 37.6812 30.4527
internal_count=1236 1177 1029 583 446 305 392 278 148 54 123 98
is_linear=0
shrinkage=0.03


Tree=2
num_leaves=13
num_cat=0
split_feature=70 41 41 75 285 40 41 319 110 263 106 289
split_gain=55.4331 66.6974 58.3323 40.6264 17.9628 22.2523 17.3768 10.5841 9.60852 9.08352 6.80834 4.81699
threshold=20250976.000000004 20240265.000000004 20210804.000000004 3.6311000000000004 -2.605 7.2750000000000012 20230604.500000004 1.1748112990718089 0.32955000000000007 0.33816108981352694 1.0765500000000003 -1.1249999999999998
decision_type=2 2 2 2 2 2 2 2 2 2 2 2
left_child=1 2 4 6 5 -1 -4 -5 -6 10 11 -3
right_child=-2 9 3 7 8 -7 -8 -9 -10 -11 -12 -13
leaf_value=0.045801485908903469 -0.05054116693818457 0.035610997417862486 0.013511100755318478 -0.028651304072522907 0.021336671759954299 0.0012271466355043546 -0.018552597784747733 0.0091834573609970299 0.046824055937012457 0.0069040538824368348 0.017236322465915822 0.061735092548708549
leaf_weight=12.13285121321678 14.30306853353977 10.439323171973227 64.509034857153893 64.211331278085709 33.846004039049149 58.188217177987099 19.742960199713707 7.2467756867408744 23.039839461445808 5.5712223649024954 5.7329657822847357 23.09875351190567
leaf_count=40 59 35 230 252 118 212 75 26 76 20 20 73
internal_value=0.00703324 0.00956953 0.00416326 -0.00813384 0.0192339 0.0090145 0.00594889 -0.024765 0.0317762 0.0435267 0.0486152 0.0538227
internal_weight=342.062 327.759 282.917 155.71 127.207 70.3211 84.252 71.4581 56.8858 44.8423 39.271 33.5381
internal_count=1236 1177 1029 583 446 252 305 278 194 148 128 108
is_linear=0
shrinkage=0.03


Tree=3
num_leaves=13
num_cat=0
split_feature=70 80 80 75 314 144 130 319 262 0 19 302
split_gain=52.5443 62.5664 54.8369 38.3915 17.9263 17.6144 14.96 10.0351 8.79029 7.65791 5.95855 5.1276
threshold=20250976.000000004 20240265.000000004 20210804.000000004 3.6311000000000004 0.27945095279734472 0.12359273156000002 14.500000000000002 1.1748112990718089 0.24483549392908902 69.840000000000018 15.940000000000003 1.1916151247692754
decision_type=2 2 2 2 2 2 2 2 2 2 2 2
left_child=1 2 5 4 -4 9 -7 -5 10 -1 11 -3
right_child=-2 8 3 7 -6 6 -8 -9 -10 -11 -12 -13
leaf_value=-0.032304304011479643 -0.049503039863410238 0.06081802264010093 0.0016107889105218449 -0.027921901136080021 0.05226117684205514 0.031552041911450758 0.0091657279170939653 0.0089025907836282701 0.010548511974869782 0.011322508459282718 0.022268738611650896 0.030509264396205247
leaf_weight=7.8707084655761701 14.169035777449606 23.257625833153728 77.547185674309731 63.919110551476479 6.7604636400938025 67.686644330620766 45.435903146862984 7.2541815638542166 7.0193353295326224 6.4312536120414734 7.2680682688951483 7.4156042337417594
leaf_count=31 59 73 283 252 22 230 162 26 25 23 25 25
internal_value=0.00682438 0.00928212 0.00403944 -0.00790235 0.00576499 0.0186289 0.0226031 -0.0241193 0.0421218 -0.0125357 0.0478411 0.053711
internal_weight=342.035 327.866 282.905 155.481 84.3076 127.425 113.123 71.1733 44.9606 14.302 37.9413 30.6732
internal_count=1236 1177 1029 583 305 446 392 278 148 54 123 98
is_linear=0
shrinkage=0.03


Tree=4
num_leaves=13
num_cat=0
split_feature=70 41 41 75 314 285 63 110 319 262 19 302
split_gain=49.8494 58.7898 51.5434 36.2997 16.7912 16.7017 17.3472 11.0739 9.51806 8.24883 5.58728 4.80557
threshold=20250976.000000004 20240265.000000004 20210804.000000004 3.6311000000000004 0.27945095279734472 -2.389999999999993 7.2750000000000012 0.32955000000000007 1.1748112990718089 0.24483549392908902 15.940000000000003 1.1916151247692754
decision_type=2 2 2 2 2 2 2 2 2 2 2 2
left_child=1 2 5 4 -4 6 -1 -7 -5 10 11 -3
right_child=-2 9 3 8 -6 7 -8 -9 -10 -11 -12 -13
leaf_value=0.041233373785840403 -0.048535015417730303 0.0589116814199186 0.0015622356939824454 -0.02721846188501284 0.050481774294205119 0.019338573955110107 0.0019941228328525309 0.047260779451336561 0.008630924234310642 0.010225961092712827 0.021580552123007822 0.02956080662498712
leaf_weight=12.114783868193625 14.022287607192991 23.292504832148555 77.561485588550568 63.611180707812309 6.7918113917112342 32.759880840778351 60.937007531523705 21.790791541337967 7.2610788047313681 7.0265608876943579 7.2778787016868582 7.426951438188552
leaf_count=40 59 73 283 252 22 114 221 71 26 25 25 25
internal_value=0.00662425 0.00900665 0.00391994 -0.00767646 0.00559169 0.0180452 0.00858997 0.0306133 -0.0234963 0.0408141 0.04635 0.0520319
internal_weight=341.874 327.852 282.828 155.226 84.3533 127.602 73.0518 54.5507 70.8723 45.0239 37.9973 30.7195
internal_count=1236 1177 1029 583 305 446 261 185 278 148 123 98
is_linear=0
shrinkage=0.03


Tree=5
num_leaves=13
num_cat=0
split_feature=70 41 41 75 90 144 81 61 263 0 106 289
split_gain=47.3341 55.3148 48.4757 34.3301 17.0835 16.3217 14.325 8.8956 7.83856 7.26426 6.28133 4.57587
threshold=20250976.000000004 20240265.000000004 20210804.000000004 3.6311000000000004 32480363.305000003 0.12359273156000002 15.000000000000002 9.8859583333333365 0.33816108981352694 69.840000000000018 1.0765500000000003 -1.1249999999999998
decision_type=2 2 2 2 2 2 2 2 2 2 2 2
left_child=1 2 5 4 -4 9 -7 -5 10 -1 11 -3
right_child=-2 8 3 7 -6 6 -8 -9 -10 -11 -12 -13
leaf_value=-0.031829002067272245 -0.047630504390423142 0.03166767607437828 0.022416135890844773 0.0087102548019583354 -0.0052413550119729847 0.032412453268289093 0.010951546612147398 -0.026445543718537801 0.0056049533242093288 0.010653512546965647 0.014286736346499573 0.056951822326320012
leaf_weight=7.847431614995001 13.864196404814718 10.491154864430426 32.609296843409538 7.0268382132053366 51.77941058576107 54.482529506087303 58.966744929552078 63.530111193656921 5.5888547450304022 6.4460160881280899 5.7565037161111823 23.202311754226685
leaf_count=31 59 35 113 26 192 183 209 252 20 23 20 73
internal_value=0.00643384 0.00874396 0.00380654 -0.00745818 0.00542437 0.0174887 0.0213038 -0.0228945 0.0395904 -0.012521 0.0443029 0.0492849
internal_weight=341.591 327.727 282.688 154.946 84.3887 127.743 113.449 70.5569 45.0388 14.2934 39.45 33.6935
internal_count=1236 1177 1029 583 305 446 392 278 148 54 128 108
is_linear=0
shrinkage=0.03


Tree=6
num_leaves=13
num_cat=0
split_feature=71 41 41 75 90 285 75 319 130 262 19 302
split_gain=44.9755 52.098 45.5977 32.4748 17.0253 15.7895 12.5294 10.7471 8.70954 7.49275 5.26161 4.59355
threshold=20250973.000000004 20240265.000000004 20210804.000000004 3.6142750000000006 19922274.935000006 1.8049999999999999 2.3015500000000002 1.1748112990718089 16.500000000000004 0.24483549392908902 15.940000000000003 1.1916151247692754
decision_type=2 2 2 2 2 2 2 2 2 2 2 2
left_child=1 2 5 4 -4 6 -1 -5 -7 10 11 -3
right_child=-2 9 3 7 -6 8 -8 -9 -10 -11 -12 -13
leaf_value=0.029286859823350716 -0.046783703974959408 0.055961882203269676 0.024628529206188302 -0.02619124283103531 -0.0040778255240737126 0.049061153114147979 0.0054315620192610294 0.011236852397876508 0.0079096951849870582 0.0093052269198554503 0.019733393001957707 0.027334931438781178
leaf_weight=26.945548713207245 13.6960352063179 23.248819738626484 27.643099367618561 63.493609547615051 55.958200737833977 18.276382952928547 76.127740055322647 7.5703169703483573 6.4915630221366873 7.0428919941186896 7.2930243313312522 7.4382754117250434
leaf_count=91 59 73 95 254 207 59 273 27 23 25 25 25
internal_value=0.00624834 0.0084887 0.0036945 -0.00724794 0.00539629 0.0169517 0.0117193 -0.0221517 0.0384714 0.0384296 0.0437129 0.0492317
internal_weight=341.226 327.529 282.506 154.665 83.6013 127.841 103.073 71.0639 24.7679 45.023 37.9801 30.6871
internal_count=1236 1177 1029 583 302 446 364 281 82 148 123 98
is_linear=0
shrinkage=0.03


Tree=7
num_leaves=14
num_cat=0
split_feature=70 41 41 75 41 144 130 319 167 263 289 277 318
split_gain=42.7677 49.1373 42.9061 30.7148 16.3235 15.2001 13.428 10.1953 7.26204 7.12927 4.04833 3.93523 2.84036
threshold=20250976.000000004 20240265.000000004 20210804.000000004 3.6142750000000006 20230604.500000004 0.12359273156000002 14.500000000000002 1.1748112990718089 3.1232621015500004 0.33816108981352694 -0.60000000000000042 0.12301900059879183 0.12645614636216443
decision_type=2 2 2 2 2 2 2 2 2 2 2 2 2
left_child=1 2 5 4 -4 8 -7 -5 -1 10 11 -3 -12
right_child=-2 9 3 7 -6 6 -8 -9 -10 -11 12 -13 -14
leaf_value=0.013511814812923992 -0.045989490913926102 0.0091623084756693868 0.012623981428003325 -0.02554837002200153 -0.018498791976127821 0.028560957008644073 0.0074037278499800453 0.010891270751001705 -0.029743987665459628 0.0049437294691928512 0.056592630250956219 0.041232594256547184 0.031671948308231904
leaf_weight=5.6213313341140738 13.5189803391695 6.0088003277778617 63.894033163785934 63.146367013454437 19.727335035800934 68.039905473589897 45.609731778502464 7.5792432427406302 8.6617134809494001 5.5951171219348899 17.214083850383762 9.2284345477819425 6.9120721369981757
leaf_count=20 59 21 227 254 75 230 162 27 34 20 54 30 23
internal_value=0.00607146 0.00824478 0.00358784 -0.00704531 0.00523257 0.0164353 0.0201105 -0.0215911 -0.0125358 0.0373447 0.04185 0.0289235 0.049737
internal_weight=340.757 327.238 282.28 154.347 83.6214 127.933 113.65 70.7256 14.283 44.9585 39.3634 15.2372 24.1262
internal_count=1236 1177 1029 583 302 446 392 281 54 148 128 51 77
is_linear=0
shrinkage=0.03


Tree=8
num_leaves=13
num_cat=0
split_feature=70 41 41 75 90 144 65 319 167 262 18 90
split_gain=40.6937 46.392 40.3742 29.0536 16.0131 14.2894 13.0714 9.67408 6.87045 6.84322 4.22045 4.81974
threshold=20250976.000000004 20240265.000000004 20210804.000000004 3.6142750000000006 19922274.935000006 0.12359273156000002 15.495000000000003 1.1748112990718089 3.1232621015500004 0.24483549392908902 13.440000000000003 171856122.86500004
decision_type=2 2 2 2 2 2 2 2 2 2 2 2
left_child=1 2 5 4 -4 8 -7 -5 -1 10 -3 -12
right_child=-2 9 3 7 -6 6 -8 -9 -10 -11 11 -13
leaf_value=0.013094438419667363 -0.04524333471655631 0.01668583702468605 0.023702344234828684 -0.024925843110154597 -0.0041201716927111503 0.027809483210512114 0.0069354005612467908 0.010557324361701922 -0.02899035004644537 0.0085026546788392228 0.052942444951937721 0.025407219569546363
leaf_weight=5.6295511424541465 13.334120213985441 5.8244480192661277 27.69393964111805 62.789692416787148 55.960919007658958 68.210529237985611 45.524168714880943 7.587453067302703 8.6234575361013395 7.054068759083747 23.376949295401577 8.6164194494485837
leaf_count=20 59 20 95 254 207 230 162 27 34 25 74 29
internal_value=0.00589987 0.00800841 0.00348296 -0.0068488 0.00507196 0.0159362 0.0194941 -0.0210482 -0.0121836 0.0363131 0.0413853 0.0457224
internal_weight=340.226 326.892 282.02 154.032 83.6549 127.988 113.735 70.3771 14.253 44.8719 37.8178 31.9934
internal_count=1236 1177 1029 583 302 446 392 281 54 148 123 103
is_linear=0
shrinkage=0.03


Tree=9
num_leaves=13
num_cat=0
split_feature=70 41 41 40 102 44 66 42 133 263 106 141
split_gain=38.7458 43.8294 39.5101 26.2173 20.5774 15.2744 9.60994 8.28665 8.07339 6.55617 5.8166 2.3284
threshold=20250976.000000004 20240265.000000004 20230604.500000004 12.785000000000002 -0.42839999999999995 -0.050649999999999994 1.4550000000000003 0.27840000000000004 80.270576862582189 0.33816108981352694 1.0765500000000003 6.9674054668000007
decision_type=2 2 2 2 2 2 2 2 2 2 2 2
left_child=1 2 3 5 -5 -1 7 -4 -8 10 11 -3
right_child=-2 9 6 4 -6 -7 8 -9 -10 -11 -12 -13
leaf_value=0.045411073723698278 -0.04454119793329793 0.048359361725770572 0.020275399004169317 -0.017229046478493722 0.0069224278164359415 0.014079982199637854 -0.050402581309504493 -0.028304421633926342 -0.0065294622972949766 0.004276087217946643 0.010860939054359659 0.025644478936727961
leaf_weight=17.110208958387375 13.142459720373152 27.460609912872314 5.6675915867090207 45.178914427757263 106.13098885118961 79.908057689666748 15.642129778862001 6.8221471905708313 5.2247503846883765 5.5992590039968482 5.7444584667682639 5.9475134164094916
leaf_count=56 59 88 20 174 386 281 65 27 20 20 20 20
internal_value=0.00573489 0.00778123 0.00338241 0.00751247 -0.00027565 0.0196775 -0.0272053 -0.00603564 -0.039644 0.0353329 0.0396757 0.0444937
internal_weight=339.579 326.437 281.685 248.328 151.31 97.0183 33.3566 12.4897 20.8669 44.7518 39.1526 33.4081
internal_count=1236 1177 1029 897 560 337 132 47 85 148 128 108
is_linear=0
shrinkage=0.03


Tree=10
num_leaves=14
num_cat=0
split_feature=70 80 80 75 106 285 144 186 130 262 300 19 46
split_gain=36.9045 41.4525 37.0752 26.9263 15.3032 14.5719 11.057 9.34759 7.97964 6.36389 7.57721 4.33054 1.03857
threshold=20250976.000000004 20240265.000000004 20210804.000000004 3.6142750000000006 -0.20889999999999997 1.8049999999999999 0.12359273156000002 1.0000000180025095e-35 16.500000000000004 0.14971594809776403 0.9427622082534014 15.940000000000003 0.56840000000000013
decision_type=2 2 2 2 2 2 2 2 2 2 2 2 2
left_child=1 2 5 4 -4 6 -1 -5 -7 11 -11 12 -3
right_child=-2 9 3 7 -6 8 -8 -9 -10 10 -12 -13 -14
leaf_value=-0.016704850681900592 -0.043879474333264924 0.051391125626662634 -0.013877872002554272 -0.025743437181589762 0.013597491879161622 0.045999892162880876 0.013762022661211149 0.001820721568990643 0.0066411420822292764 0.035272942429237258 -0.010160703085895227 0.018050290305282282 0.033793464507039128
leaf_weight=11.976281672716139 12.944928139448164 19.127101346850402 26.627949357032776 56.398452669382095 57.034762546420097 18.287672951817516 91.236304208636284 13.507631152868269 6.500193014740943 7.8355076611042005 5.4586980938911438 6.1418960988521567 6.0443588346242896
leaf_count=46 59 61 100 229 202 59 318 52 23 26 20 21 20
internal_value=0.00557043 0.00755498 0.00328107 -0.00664238 0.00481076 0.0152061 0.010185 -0.0203795 0.0358674 0.0343977 0.016457 0.0418424 0.0474346
internal_weight=339.122 326.177 281.569 153.569 83.6627 128 103.213 69.9061 24.7879 44.6076 13.2942 31.3134 25.1715
internal_count=1236 1177 1029 583 302 446 364 281 82 148 46 102 81
is_linear=0
shrinkage=0.03


Tree=11
num_leaves=13
num_cat=0
split_feature=70 80 80 63 103 51 62 294 262 133 19 302
split_gain=35.1771 39.2272 35.1124 24.5036 23.7187 13.0461 10.0983 7.22546 6.11382 5.73735 4.77892 4.50167
threshold=20250976.000000004 20240265.000000004 20230604.500000004 14.920000000000002 -0.033999999999999996 0.0042500000000000012 10.225000000000003 1.1549589464454579 0.24483549392908902 80.270576862582189 15.940000000000003 1.1916151247692754
decision_type=2 2 2 2 2 2 2 2 2 2 2 2
left_child=1 2 3 5 -5 -1 7 -4 10 -8 11 -3
right_child=-2 8 6 4 -6 -7 9 -9 -10 -11 -12 -13
leaf_value=0.02831324261126146 -0.043254948182115484 0.050419919883134594 0.021109955754072506 -0.021313316677672441 0.0063774870623350844 0.0077065267067482962 -0.046983009526918723 -0.02780644576059552 0.0072660957876914912 -0.011480356756431123 0.015591234215722671 0.022141118158344738
leaf_weight=52.643669411540031 12.742382660508154 22.726572126150135 5.6373653113841993 38.785091504454613 97.767086744308472 59.439761713147163 16.010075420141224 5.0470089614391327 7.0655335783958426 5.9276145845651618 7.2707448899745932 7.3741758912801734
leaf_count=179 59 73 20 152 356 212 67 20 25 23 25 25
internal_value=0.00541551 0.00734158 0.0031862 0.00703785 -0.00147546 0.0174285 -0.0260101 -0.00176223 0.0335089 -0.0376219 0.0383577 0.0436877
internal_weight=338.437 325.695 281.258 248.636 136.552 112.083 32.6221 10.6844 44.437 21.9377 37.3715 30.1007
internal_count=1236 1177 1029 899 508 391 130 40 148 90 123 98
is_linear=0
shrinkage=0.03


Tree=12
num_leaves=13
num_cat=0
split_feature=70 80 80 75 90 285 40 319 319 262 300 289
split_gain=33.5432 37.1749 34.1402 24.8654 14.8461 13.9459 17.7292 9.20713 8.92386 5.89523 7.12662 4.30351
threshold=20250976.000000004 20240265.000000004 20210804.000000004 3.6142750000000006 19922274.935000006 -2.605 7.2750000000000012 1.1162619516581602 1.1748112990718089 0.14971594809776403 0.9427622082534014 -1.2749999999999992
decision_type=2 2 2 2 2 2 2 2 2 2 2 2
left_child=1 2 5 4 -4 6 -1 -7 -5 11 -11 -3
right_child=-2 9 3 8 -6 7 -8 -9 -10 10 -12 -13
leaf_value=0.038298119610090567 -0.042664718453154095 0.024163484882809148 0.022459270002859237 -0.023495783867346635 -0.0043222021550268254 0.018413343956523432 -0.00129220747229203 0.046502347035611097 0.010616702583301583 0.033700738882024087 -0.010402443770490271 0.048505536752943237
leaf_weight=12.193733319640158 12.535613656044005 11.211180508136751 27.722610503435135 61.856578350067139 55.954872936010361 43.043283894658089 58.464945718646049 14.268214926123617 7.5807996094226828 7.8072038590908033 5.453024834394455 19.759248375892639
leaf_count=40 59 38 95 254 207 148 212 46 27 26 20 64
internal_value=0.00526217 0.00713073 0.00309098 -0.00645224 0.00453099 0.0145289 0.00554206 0.0255274 -0.0197185 0.0326707 0.0153975 0.0398965
internal_weight=337.851 325.316 281.085 153.115 83.6775 127.97 70.6587 57.3115 69.4374 44.2307 13.2602 30.9704
internal_count=1236 1177 1029 583 302 446 252 194 281 148 46 102
is_linear=0
shrinkage=0.03


Tree=13
num_leaves=13
num_cat=0
split_feature=70 41 41 63 102 51 62 294 17 102 90 304
split_gain=32.0088 35.2088 34.1132 21.6313 22.6114 12.1409 9.84002 6.7783 5.73309 4.19655 3.68858 2.58222
threshold=20250976.000000004 20240265.000000004 20230604.500000004 14.920000000000002 -0.42839999999999995 0.0042500000000000012 10.225000000000003 1.1549589464454579 18.940000000000001 1.4023500000000002 13663811.085000003 0.96042062777789738
decision_type=2 2 2 2 2 2 2 2 2 2 2 2
left_child=1 2 3 5 -5 -1 7 -4 9 11 -8 -3
right_child=-2 8 6 4 -6 -7 10 -9 -10 -11 -12 -13
leaf_value=0.027069615653737892 -0.042106176070641863 0.022569669257634015 0.020429628279159145 -0.02063807417411723 0.0064790197033852172 0.0071887795141418014 -0.018101603105565165 -0.027009033068775095 0.010096772187439087 0.012920219264535793 -0.045535592582758716 0.04670067938639598
leaf_weight=52.665273636579514 12.325349077582358 5.8197202533483532 5.6477764844894391 38.55589684844017 97.200145483016968 59.403424650430679 7.1030886769294765 5.0140405744314194 9.1312391608953458 5.7420988380908957 15.081144765019415 23.327593088150024
leaf_count=179 59 20 20 152 354 212 28 20 32 20 64 76
internal_value=0.00511853 0.00693284 0.00300369 0.00682352 -0.00120991 0.0165741 -0.0256592 -0.00164474 0.0318531 0.0374162 -0.0370069 0.0420788
internal_weight=337.017 324.691 280.671 247.825 135.756 112.069 32.8461 10.6618 44.0207 34.8894 22.1842 29.1473
internal_count=1236 1177 1029 897 506 391 132 40 148 116 92 96
is_linear=0
shrinkage=0.03


Tree=14
num_leaves=13
num_cat=0
split_feature=71 80 80 75 90 285 144 307 130 263 106 289
split_gain=30.5525 33.3705 31.4383 22.9895 13.8176 13.2306 10.1019 8.77437 7.56524 5.71649 5.3875 4.17038
threshold=20250973.000000004 20240265.000000004 20210804.000000004 3.6142750000000006 19922274.935000006 1.8049999999999999 0.12359273156000002 0.85180486083528584 16.500000000000004 0.33816108981352694 1.0765500000000003 -1.1249999999999998
decision_type=2 2 2 2 2 2 2 2 2 2 2 2
left_child=1 2 5 4 -4 6 -1 -5 -7 10 11 -3
right_child=-2 9 3 7 -6 8 -8 -9 -10 -11 -12 -13
leaf_value=-0.016612329938085237 -0.041576968843055791 0.023172546733804245 0.021564955609831467 0.0015789767666564752 -0.0042728878957750526 0.043486623434411849 0.012524508133314259 -0.024576338485236288 0.0051840214925945602 0.002158846989725413 0.0074525870813107213 0.047385847120464897
leaf_weight=11.962451651692389 12.112260609865187 10.261344745755194 27.732704162597656 14.350672185420988 55.89856082201004 18.229246735572818 91.193492740392685 54.565171524882317 6.5028804540634146 5.6087370514869681 5.6845985502004615 22.256067678332329
leaf_count=46 59 35 95 56 207 59 318 225 23 20 20 73
internal_value=0.00497463 0.00673511 0.00291447 -0.00626751 0.00427481 0.0138867 0.00910379 -0.019092 0.0335979 0.0310606 0.0352089 0.0399314
internal_weight=336.358 324.246 280.435 152.547 83.6313 127.888 103.156 68.9158 24.7321 43.8107 38.202 32.5174
internal_count=1236 1177 1029 583 302 446 364 281 82 148 128 108
is_linear=0
shrinkage=0.03


Tree=15
num_leaves=14
num_cat=0
split_feature=72 41 41 75 314 11 62 0 291 187 318 133 280
split_gain=29.1826 31.6588 31.8705 20.8827 23.3484 16.1116 9.38713 6.90067 5.6399 5.86601 7.658 5.60753 1.07364
threshold=20250976.000000004 20240265.000000004 20230604.500000004 2.2525500000000007 0.2940517751148885 18.525000000000002 10.225000000000003 62.990000000000002 2.1300000000000003 -0.45634525672499976 0.12645614636216443 80.270576862582189 0.030438710258473532
decision_type=2 2 2 2 2 2 2 2 2 2 2 2 2
left_child=1 2 3 5 -5 -1 7 -4 9 10 -3 -8 -11
right_child=-2 8 6 4 -6 -7 11 -9 -10 12 -12 -13 -14
leaf_value=0.0041862096875293275 -0.041074965486815114 0.037027434024932651 -0.027113519421549624 -0.0041301116339877179 0.021347179019747236 0.035470568518397409 -0.045327709826367558 0.020807243355741651 0.001660505956258127 0.046920814594469715 -0.0090589813743548395 -0.010119609169476764 0.029332930726607215
leaf_weight=26.673451259732246 11.896963670849798 7.5137201547622663 5.011686831712721 145.22380450367928 41.529735639691353 33.998292908072472 16.097101315855983 5.6239481568336487 5.617006540298461 19.115348517894748 5.449579119682312 5.8477391898632041 5.8630692213773719
leaf_count=95 59 25 20 544 145 113 69 20 20 63 20 23 20
internal_value=0.0048398 0.00654946 0.0028317 0.00651666 0.00152779 0.0217957 -0.0249954 -0.00153659 0.0303181 0.0344663 0.0175027 -0.0361702 0.0430455
internal_weight=335.461 323.564 280.006 247.425 186.754 60.6717 32.5805 10.6356 43.5587 37.9417 12.9633 21.9448 24.9784
internal_count=1236 1177 1029 897 689 208 132 40 148 128 45 92 83
is_linear=0
shrinkage=0.03


Tree=16
num_leaves=13
num_cat=0
split_feature=70 41 41 75 102 90 62 0 262 300 133 289
split_gain=27.8808 30.0455 30.1529 19.6579 18.41 13.4268 8.9787 6.51345 5.50144 6.67762 5.4071 4.02401
threshold=20250976.000000004 20240265.000000004 20230604.500000004 2.2525500000000007 -0.42839999999999995 19922274.935000006 10.225000000000003 62.990000000000002 0.14971594809776403 0.9427622082534014 80.270576862582189 -1.2749999999999992
decision_type=2 2 2 2 2 2 2 2 2 2 2 2
left_child=1 2 3 5 -5 -1 7 -4 11 -10 -8 -3
right_child=-2 8 6 4 -6 -7 10 -9 9 -11 -12 -13
leaf_value=0.039620230666787153 -0.040598217716502051 0.021454193833181513 -0.026445915508317784 -0.013019095127001511 0.0075997814024028471 0.010212882604816346 -0.04450397720255142 0.020141656031051121 0.030796782305375359 -0.012048475574999955 -0.0098415128092551856 0.0451974802863827
leaf_weight=22.358674228191376 11.680026203393934 11.03897140920162 4.986956983804701 55.228927850723267 131.50688265264034 38.304726108908653 15.907903462648393 5.6385741829872131 7.7206229716539365 5.4335002303123474 5.8356042951345435 19.114421501755718
leaf_count=73 59 38 20 213 476 135 69 20 26 20 23 64
internal_value=0.00470492 0.00636408 0.00274814 0.00632282 0.00148179 0.0211483 -0.0244164 -0.00148663 0.029594 0.0129152 -0.0354261 0.036704
internal_weight=334.756 323.076 279.768 247.399 186.736 60.6634 32.369 10.6255 43.3075 13.1541 21.7435 30.1534
internal_count=1236 1177 1029 897 689 208 132 40 148 46 92 102
is_linear=0
shrinkage=0.03


Tree=17
num_leaves=14
num_cat=0
split_feature=70 80 80 75 61 114 40 186 291 187 46 54 280
split_gain=26.6488 28.5289 27.9812 20.987 14.1513 12.7827 11.7613 8.74061 5.44107 5.58258 6.48892 3.61619 1.06643
threshold=20250976.000000004 20240265.000000004 20210804.000000004 3.6142750000000006 4.495000000000001 0.74495000000000011 15.000000000000002 1.0000000180025095e-35 2.1300000000000003 -0.45634525672499976 0.47025000000000006 0.5615500000000001 0.030438710258473532
decision_type=2 2 2 2 2 2 2 2 2 2 2 2 2
left_child=1 2 5 4 -4 6 -1 -5 9 10 -3 -7 -11
right_child=-2 8 3 7 -6 11 -8 -9 -10 12 -12 -13 -14
leaf_value=0.018779946347022687 -0.040144975118929491 0.034620543258407681 0.047443577384380896 -0.023637327259443106 0.00048467726318924365 0.043734482975225059 -0.0012269506889145809 0.0032251027832918958 0.00073190168536206753 0.04535990369878011 -0.0078585334388956533 0.018298756611264254 0.027829102342559853
leaf_weight=51.593726173043251 11.461966916918753 7.4137459546327573 6.1549164056777945 54.967977836728096 77.314985185861588 13.256734430789949 53.581722870469093 13.328249767422674 5.5937018096446982 18.776555597782139 5.4636441618204117 9.2853768318891508 5.7845332771539679
leaf_count=177 59 25 20 229 282 43 194 52 20 63 20 32 20
internal_value=0.00457431 0.00618485 0.00266738 -0.00602554 0.00403587 0.0130172 0.00856744 -0.0183541 0.0289013 0.033017 0.0164446 0.0335168 0.0414824
internal_weight=333.978 322.516 279.484 151.766 83.4699 127.718 105.175 68.2962 43.0322 37.4385 12.8774 22.5421 24.5611
internal_count=1236 1177 1029 583 302 446 371 281 148 128 45 75 83
is_linear=0
shrinkage=0.03


Tree=18
num_leaves=13
num_cat=0
split_feature=70 41 41 40 314 304 62 0 17 133 102 304
split_gain=25.4872 27.0962 28.0597 17.8611 16.639 13.1253 8.45358 6.13788 5.29051 5.25966 3.95867 2.46289
threshold=20250976.000000004 20240265.000000004 20230604.500000004 12.785000000000002 0.2940517751148885 1.0207540668207729 10.225000000000003 62.990000000000002 18.940000000000001 80.270576862582189 1.4023500000000002 0.96042062777789738
decision_type=2 2 2 2 2 2 2 2 2 2 2 2
left_child=1 2 3 5 -5 -1 7 -4 10 -8 11 -3
right_child=-2 8 6 4 -6 -7 9 -9 -10 -11 -12 -13
leaf_value=0.02465839358647956 -0.03971362476049619 0.0191701173653121 -0.025849795811930407 -0.0058521078453829447 0.017970680819212177 0.0017754070289565725 -0.043597317693453631 0.019429746962836808 0.0072837466985849865 -0.0092789042014518996 0.0098224982352324575 0.042936077118188427
leaf_weight=60.31951068341732 11.243263199925421 5.6623229384422329 4.9571847617626172 116.16830137372017 34.025385722517967 36.498859882354736 15.655955076217653 5.6455174535512924 9.0089828073978406 5.8043362349271765 5.6387919783592215 22.437115460634232
leaf_count=206 59 20 20 440 120 131 69 20 32 23 20 76
internal_value=0.00445192 0.00601607 0.00259289 0.00603236 -0.000426886 0.0160736 -0.0237477 -0.00150366 0.0282361 -0.0345405 0.0337042 0.0383383
internal_weight=333.066 321.822 279.075 247.012 150.194 96.8184 32.063 10.6027 42.7472 21.4603 33.7382 28.0994
internal_count=1236 1177 1029 897 560 337 132 40 148 92 116 96
is_linear=0
shrinkage=0.03


Tree=19
num_leaves=13
num_cat=0
split_feature=70 41 41 75 314 11 62 294 291 303 133 142
split_gain=24.3808 25.7396 26.5662 17.2515 20.8414 15.0678 8.09777 5.98471 5.24057 5.40323 5.08759 3.06543
threshold=20250976.000000004 20240265.000000004 20230604.500000004 2.2525500000000007 0.2940517751148885 18.525000000000002 10.225000000000003 1.1549589464454579 2.1300000000000003 0.80995000000000006 80.270576862582189 2.56466675825
decision_type=2 2 2 2 2 2 2 2 2 2 2 2
left_child=1 2 3 5 -5 -1 7 -4 9 11 -8 -3
right_child=-2 8 6 4 -6 -7 10 -9 -10 -11 -12 -13
leaf_value=0.0027347363928467427 -0.039302692275793048 0.04397326718385626 0.019159870239545164 -0.0040445447629214853 0.020026091898612847 0.033007499805309877 -0.04286829259394298 -0.025591603887975437 0 0.0035680597610607181 -0.0090235337798019091 0.023500943394824038
leaf_weight=26.649927362799644 11.024351119995115 19.593425795435909 5.6544674485921878 144.84202049672604 41.562042742967606 33.888771593570709 15.449362382292749 4.9332154095172882 5.5695365071296683 5.5059519261121741 5.7925547659397116 11.802720829844473
leaf_count=95 59 67 20 544 145 113 69 20 20 20 23 41
internal_value=0.00432904 0.00584748 0.00251672 0.00585381 0.0013142 0.019757 -0.0232167 -0.00145525 0.027582 0.0316661 -0.0338651 0.0364714
internal_weight=332.268 321.244 278.772 246.943 186.404 60.5387 31.8296 10.5877 42.4716 36.9021 21.2419 31.3961
internal_count=1236 1177 1029 897 689 208 132 40 148 128 92 108
is_linear=0
shrinkage=0.03


Tree=20
num_leaves=14
num_cat=0
split_feature=40 70 41 41 288 147 17 18 67 1 262 268 20
split_gain=23.382 18.279 22.2467 25.8848 16.8196 7.93907 6.90972 6.48522 8.98088 6.34774 3.56486 2.14591 1.40536
threshold=6.4250000000000007 20250976.000000004 20240265.000000004 20230618.500000004 -1.4250000000000005 -3.7352364580999997 18.940000000000001 15.315000000000003 0.077050000000000021 72.435000000000016 0.14971594809776403 -0.78248363760008954 -0.36999999999999994
decision_type=2 2 2 2 2 2 2 2 2 2 2 2 2
left_child=5 2 3 4 -2 -1 10 8 -7 -5 -4 -9 -13
right_child=1 -3 6 9 -6 7 -8 11 -10 -11 -12 12 -14
leaf_value=-0.0091370806937109712 -0.009029598037478298 -0.038852378269209502 0.037032865911217426 -0.038258549219644958 0.0086120878857550414 0.034121895663572613 -0.0013109651179947727 0.02384427810484975 -0.0082471464215533811 -0.0016653762788487582 0.012671122634484397 0.053167433769353081 0.031534658586008076
leaf_weight=5.5333026945590964 74.462911412119865 9.8898968696594221 21.486094236373905 18.957658812403682 139.41463470458984 9.6744817048311251 7.4565777182579032 6.9007901400327691 8.1214370578527433 5.7333523482084265 7.9646661132574073 10.034192889928816 5.7944641709327707
leaf_count=21 281 54 75 83 505 33 27 24 30 23 28 32 20
internal_value=0.0042103 0.000994696 0.00244972 -0.00089494 0.00245465 0.0240229 0.0240946 0.0286358 0.0146805 -0.0299235 0.0306112 0.0393184 0.0456843
internal_weight=331.424 285.366 275.476 238.569 213.878 46.0587 36.9073 40.5254 17.7959 24.691 29.4508 22.7294 15.8287
internal_count=1236 1076 1022 892 786 160 130 139 63 106 103 76 52
is_linear=0
shrinkage=0.03


Tree=21
num_leaves=13
num_cat=0
split_feature=70 41 41 304 61 285 40 319 262 18 90 284
split_gain=22.4251 23.3976 24.296 20.0333 14.5693 12.3433 14.5627 8.36852 5.13611 3.92779 4.63292 1.53996
threshold=20250976.000000004 20240265.000000004 20210804.000000004 1.1138832330698125 10.765000000000002 -2.605 7.2750000000000012 1.1162619516581602 0.24483549392908902 13.440000000000003 171856122.86500004 0.07652694696907901
decision_type=2 2 2 2 2 2 2 2 2 2 2 2
left_child=1 2 5 4 -4 6 -1 -7 9 -3 -11 -5
right_child=-2 8 3 11 -6 7 -8 -9 -10 10 -12 -13
leaf_value=0.033536516965810635 -0.038576741120867522 0.0072051716221916808 0.01119325588468365 -0.048651979126576587 -0.0093744773310016592 0.015611218916483011 -0.0025924508057013182 0.042475629933443101 0.0025171468177117443 0.042988433387466427 0.015402254556111945 -0.024814266155099431
leaf_weight=11.996596068143843 10.60993057489395 5.5761583745479575 46.9938013702631 8.6333131045103055 90.309081509709358 42.819491848349571 58.454381838440895 14.137596592307089 7.0373684018850318 21.181900486350063 8.107741564512251 4.8287739008665076
leaf_count=40 59 20 168 37 358 148 212 46 25 74 29 20
internal_value=0.00409345 0.00552886 0.00236477 -0.00577074 -0.00231003 0.0120122 0.00355599 0.0223947 0.0264065 0.0311216 0.0355327 -0.0405687
internal_weight=330.686 320.076 278.173 150.765 137.303 127.408 70.451 56.9571 41.9032 34.8658 29.2896 13.4621
internal_count=1236 1177 1029 583 526 446 252 194 148 123 103 57
is_linear=0
shrinkage=0.03


Tree=22
num_leaves=13
num_cat=0
split_feature=70 41 41 54 306 304 292 46 291 303 57 147
split_gain=21.4773 22.2591 23.5261 16.2761 16.6528 13.1275 7.58642 8.85779 5.0052 5.19778 4.14025 2.97084
threshold=20250976.000000004 20240265.000000004 20230604.500000004 0.54485000000000017 0.92738908913131013 1.1682634053128884 -1.4400000000000002 0.41155000000000003 2.1300000000000003 0.80995000000000006 0.44088353413654624 2.1671441782000005
decision_type=2 2 2 2 2 2 2 2 2 2 2 2
left_child=1 2 3 5 -5 -1 10 -8 9 11 -4 -3
right_child=-2 8 6 4 -6 -7 7 -9 -10 -11 -12 -13
leaf_value=0.012721149334309465 -0.03821768144877908 0.03930503966333275 -0.010448380755479134 0.012786214738496893 -0.015365333429750666 -0.028568891378312509 0.017577406007997769 -0.031961439510527323 -0.00020431879059947759 0.0022449547913426446 -0.043338238836238531 0.014273009333420071
leaf_weight=156.82530185580254 10.392551660537718 24.771879151463512 5.0967901200056138 29.040668159723282 53.47156223654747 7.115848407149314 7.2007315009832364 5.7209120094776154 5.5341373085975638 5.4450588077306739 13.290778085589407 5.831336870789527
leaf_count=558 59 87 21 104 207 28 27 25 20 20 59 21
internal_value=0.00398309 0.00537737 0.00229692 0.00542104 -0.00541743 0.0108943 -0.0221383 -0.00420199 0.0258273 0.0298962 -0.0344897 0.034695
internal_weight=329.738 319.345 277.763 246.453 82.5122 163.941 31.3092 12.9216 41.5824 36.0483 18.3876 30.6032
internal_count=1236 1177 1029 897 311 586 132 52 148 128 80 108
is_linear=0
shrinkage=0.03


Tree=23
num_leaves=19
num_cat=0
split_feature=40 285 108 48 314 273 292 75 314 147 298 305 78 11 50 10 286 163
split_gain=20.9075 16.5694 20.2605 17.7813 12.1504 11.9087 11.4909 12.7367 14.2145 8.71764 8.69323 7.95953 7.94992 6.49811 5.61525 4.63776 1.78389 1.70637
threshold=6.4250000000000007 -2.3500000000000045 0.55835000000000012 0.23171469648562296 0.29610384010751828 -0.58340651670172983 -6.2449999999999992 2.9178500000000001 0.2940517751148885 -0.34243654094999992 0.65691791212399109 1.0645039534200162 3.1450000000000005 17.925000000000004 0.49856289410661719 16.275000000000002 3.0400000000000031 1.4265313403500002
decision_type=2 2 2 2 2 2 2 2 2 2 2 2 2 2 2 2 2 2
left_child=11 6 3 4 -3 -5 14 10 -9 -4 -8 12 13 15 -2 -1 -11 -15
right_child=1 2 9 5 -6 -7 7 8 -10 16 -12 -13 -14 17 -16 -17 -18 -19
leaf_value=0.036692698744460177 -0.04463998312822641 0.0051492828290339507 0.0081713009072379977 0.0094422304371001575 0.039932169909424102 -0.036542308954665009 -0.0064500255820844734 -0.01467108151699892 0.011441795061608603 0.057860773102927102 0.018308262624092003 -0.0039481626954611295 -0.0045105718677364553 0.05423519990168256 -0.0068226195356903526 0.0028506019813166945 0.034666709880950566 0.031576920866417946
leaf_weight=7.040914058685301 9.0833930522203428 52.467530563473701 7.7906043529510525 7.7118491381406811 10.911740869283674 14.02955913543701 19.873279958963394 80.690323486924171 24.225828111171722 8.3922037184238416 34.679600849747658 8.0977313965558988 5.4418779909610739 11.276298701763155 6.1486394852399817 7.909848228096962 7.2150632590055457 5.9699151664972296
leaf_count=24 38 195 29 28 37 58 76 326 89 27 125 30 20 36 24 29 24 21
internal_value=0.00387115 0.0008177 0.0100284 0.00317813 0.0112384 -0.0201253 -0.004889 -0.00248184 -0.00860773 0.0347023 0.00923878 0.0226708 0.0284725 0.0341369 -0.0297142 0.0191254 0.0476184 0.0467921
internal_weight=328.956 283.22 108.519 85.1207 63.3793 21.7414 174.701 159.469 104.916 23.3979 54.5529 45.7366 37.6389 32.197 15.232 14.9508 15.6073 17.2462
internal_count=1236 1076 398 318 232 86 678 616 415 80 201 160 130 110 62 53 51 57
is_linear=0
shrinkage=0.03


Tree=24
num_leaves=13
num_cat=0
split_feature=70 41 41 304 318 114 137 68 19 141 262 302
split_gain=20.4402 20.8689 22.0851 18.3826 14.8762 12.4172 10.9342 4.96379 5.24887 3.30777 2.22548 1.49098
threshold=20250976.000000004 20240265.000000004 20210804.000000004 1.1138832330698125 -0.03430281666205743 0.74495000000000011 2.7523000000000004 0.62575000000000014 16.185000000000006 1.1591027659000004 0.14971594809776403 1.0002824858757065
decision_type=2 2 2 2 2 2 2 2 2 2 2 2
left_child=1 2 5 4 -4 6 -1 8 10 -7 -3 -5
right_child=-2 7 3 11 -6 9 -8 -9 -10 -11 -12 -13
leaf_value=0.019122185970630621 -0.037865599033692646 0.041219438660489147 0.0055490113863493331 -0.023666762216478315 -0.014702246407437405 0.014396325241615439 -0.00072184725788985613 0.00045364457784168711 0.006211653818566417 0.039865559192507616 0.02098040196217122 -0.047282026006193599
leaf_weight=40.579559624195099 10.167696937918661 19.438328266143802 83.436968430876732 4.7487793117761603 53.399597227573395 7.4671285897493389 64.067132741212845 6.48484182357788 7.2480909228324881 14.929855346679686 7.9773728698492041 8.4871311336755735
leaf_count=140 59 70 316 20 210 26 231 24 26 49 28 37
internal_value=0.00376386 0.00511471 0.00213872 -0.00563877 -0.00233697 0.0113468 0.00695548 0.0250301 0.029527 0.0316092 0.035537 -0.0392753
internal_weight=328.432 318.265 277.116 150.072 136.837 127.044 104.647 41.1486 34.6638 22.397 27.4157 13.2359
internal_count=1236 1177 1029 583 526 446 371 148 124 75 98 57
is_linear=0
shrinkage=0.03


Tree=25
num_leaves=15
num_cat=0
split_feature=70 40 112 285 304 69 283 47 74 54 153 113 287 12
split_gain=19.5891 18.9727 19.4523 17.9419 14.7074 16.3676 13.9736 9.9352 7.55836 8.25166 8.23455 4.38793 1.77739 0.268687
threshold=20250976.000000004 6.4250000000000007 0.53750000000000009 -3.5249999999999981 1.1552604006831293 331.50000000000006 0.062198463787398357 1.1819000000000004 25.526650000000004 0.41180000000000005 0.61080162348800016 0.29065000000000002 -3.6749999999999967 18.375000000000004
decision_type=2 2 2 2 2 2 2 2 2 2 2 2 2 2
left_child=1 8 4 6 5 -3 -4 -5 11 -10 -11 13 -6 -1
right_child=-2 2 3 7 12 -7 -8 -9 9 10 -12 -13 -14 -15
leaf_value=0.054258229237214566 -0.037537505738330368 0.01212575000520987 -0.037498133404064708 0.044416706216823865 -0.049844074719370378 -0.0064991226396005353 0.01057677645529273 0.0089982338239306646 -0.0087479616252714408 0.046409346212236809 0.00011270638983734183 0.017257044130599638 -0.022433610490098638 0.039126367094619988
leaf_weight=6.5173242092132586 9.9529915750026685 61.703306972980499 6.7246005982160559 20.909731164574623 5.3459445536136627 135.50779299438 26.700453504920006 11.236903384327887 10.185178130865099 7.9575713723897916 6.2865146398544312 7.3673087656497946 4.9028556942939741 6.3226083219051361
leaf_count=21 59 223 27 70 23 521 97 41 38 26 23 26 20 21
internal_value=0.00366066 0.00497231 0.00199225 0.0162284 -0.00249856 -0.000653386 0.000732366 0.0321955 0.0230884 0.0116062 0.0263291 0.0366963 -0.0373647 0.0473988
internal_weight=327.621 317.668 273.032 65.5717 207.46 197.211 33.4251 32.1466 44.6365 24.4293 14.2441 20.2072 10.2488 12.8399
internal_count=1236 1177 1022 235 787 744 124 111 155 87 49 68 43 42
is_linear=0
shrinkage=0.03


Tree=26
num_leaves=13
num_cat=0
split_feature=70 41 41 54 306 114 292 46 262 19 57 42
split_gain=18.7768 19.8034 21.3826 14.6292 15.2043 15.1606 7.18905 8.19455 4.8582 4.36398 3.93954 2.78775
threshold=20250976.000000004 20240265.000000004 20230604.500000004 0.54485000000000017 0.92738908913131013 0.61225000000000007 -1.4400000000000002 0.41155000000000003 0.24483549392908902 15.940000000000003 0.44088353413654624 0.6694500000000001
decision_type=2 2 2 2 2 2 2 2 2 2 2 2
left_child=1 2 3 5 -5 -1 10 -8 9 11 -4 -3
right_child=-2 8 6 4 -6 -7 7 -9 -10 -11 -12 -13
leaf_value=0.006940773873913249 -0.037223270212866637 0.039555236427006493 -0.010148351081696911 0.012004293483739267 -0.014930098907220614 0.036757830798605222 0.016812983625863361 -0.031047923902437512 0.0011398716376072697 0.0071909592507336563 -0.042412203891057862 0.01421557288859907
leaf_weight=146.32391200959682 9.7399697899818403 21.311624258756641 5.0636646002531114 29.001972869038582 53.18107707798481 17.143581211566925 7.2069775909185392 5.6237728446722031 7.0072101503610602 6.9472254961729041 13.038008391857145 5.4605858325958243
leaf_count=529 59 78 21 104 207 57 27 25 25 25 59 20
internal_value=0.00355802 0.00483061 0.0019391 0.00491144 -0.00538559 0.0101067 -0.0215089 -0.00401053 0.0243411 0.0290562 -0.033657 0.0345706
internal_weight=327.05 317.31 276.583 245.651 82.183 163.467 30.9324 12.8308 40.7266 33.7194 18.1017 26.7722
internal_count=1236 1177 1029 897 311 586 132 52 148 123 80 98
is_linear=0
shrinkage=0.03


Tree=27
num_leaves=19
num_cat=0
split_feature=83 314 106 172 14 75 302 302 142 130 78 3 305 78 67 11 267 163
split_gain=18.4043 14.8865 19.564 11.7581 13.2126 11.2985 15.5183 11.1726 11.0616 8.85655 8.3585 12.4906 7.48888 7.42831 6.20231 6.03974 4.40067 1.61247
threshold=6.4250000000000007 0.29199464751051613 -0.10279999999999999 0.99073493280000002 18.675000000000004 3.0064500000000005 0.7362076609125271 1.2886414946871665 0.5401769581000001 7.5000000000000009 2.9750000000000005 62.010000000000012 1.0645039534200162 3.1450000000000005 0.49795000000000006 17.925000000000004 0.32294789178461142 1.4265313403500002
decision_type=2 2 2 2 2 2 2 2 2 2 2 2 2 2 2 2 2 2
left_child=12 2 5 8 -5 6 -2 10 -4 -7 14 -12 13 15 -3 16 -1 -17
right_child=1 7 3 4 -6 9 -8 -9 -10 -11 11 -13 -14 -15 -16 17 -18 -19
leaf_value=0.0036698268563592042 -0.038099858813969621 0.052082076933649413 0.011071865828358441 0.0017530250976535611 0.026369787113855462 0.00022057888821555834 0.0084930952969535824 -0.022621778102548312 -0.017048548940285901 -0.029954176137718416 0.036159263282872903 -0.0018929500251029907 -0.004715973627394821 -0.0050702643024561926 0.011395130012194233 0.051970605518595281 0.037195580737385284 0.029777541776153556
leaf_weight=8.699183717370035 8.09040619432926 9.7556042820215207 19.733748286962509 51.12928369641304 32.056222051382065 11.026895821094511 29.805067792534828 6.3406141549348822 34.033918276429176 38.969120234251022 11.541337370872496 22.878277853131294 8.0287632644176465 5.4117604345083228 5.5533848553895941 11.1230625808239 6.1264717727899543 5.8545808941125861
leaf_count=32 33 32 75 197 113 42 110 25 138 163 40 88 30 20 20 36 21 21
internal_value=0.00346102 0.000587141 -0.0028517 0.00422042 0.0112956 -0.0138979 -0.0014493 0.0144113 -0.00667074 -0.0232519 0.0192293 0.0108473 0.0211978 0.0268665 0.0376872 0.0323939 0.0178812 0.0447124
internal_weight=326.158 280.914 224.845 136.953 83.1855 87.8915 37.8955 56.0692 53.7677 49.996 49.7286 34.4196 45.2438 37.2151 15.309 31.8033 14.8257 16.9776
internal_count=1236 1076 871 523 310 348 143 205 213 205 180 128 160 130 52 110 53 57
is_linear=0
shrinkage=0.03


Tree=28
num_leaves=13
num_cat=0
split_feature=70 41 41 102 63 112 292 68 17 102 57 268
split_gain=17.9212 18.5808 19.9232 13.8995 15.5569 12.855 6.84073 8.35506 4.81919 3.83992 3.76377 2.22628
threshold=20250976.000000004 20240265.000000004 20230604.500000004 -0.42839999999999995 14.665000000000001 0.55415000000000014 -1.4400000000000002 0.41165000000000007 18.940000000000001 1.4023500000000002 0.44088353413654624 -0.46738536559938942
decision_type=2 2 2 2 2 2 2 2 2 2 2 2
left_child=1 2 3 4 -1 -5 10 -8 9 11 -4 -3
right_child=-2 8 6 5 -6 -7 7 -9 -10 -11 -12 -13
leaf_value=0.0087590801138872475 -0.036925049917901208 0.04201096644357076 -0.0099091206940462532 0.0054995798524163754 -0.019256345085434338 0.027146304752569246 0.017691946200795044 -0.030637206462986528 0.0034491066351900524 0.0053292606857395352 -0.041588993235601918 0.023110159112110552
leaf_weight=32.649433925747871 9.5267668068408948 14.524868518114092 5.0425149351358476 143.73578676581383 38.870496347546577 29.906442523002625 7.0298569798469526 5.738284632563591 8.7280553132295591 5.4238007068634024 12.811582282185553 11.580726429820063
leaf_count=116 59 53 21 522 156 103 26 26 32 20 59 43
internal_value=0.00336577 0.00460109 0.00180641 0.00466858 -0.00643081 0.00925855 -0.0209511 -0.0038644 0.0236198 0.0290801 -0.0329138 0.033861
internal_weight=325.569 316.042 275.784 245.162 71.5199 173.642 30.6222 12.7681 40.2575 31.5294 17.8541 26.1056
internal_count=1236 1177 1029 897 272 625 132 52 148 116 80 96
is_linear=0
shrinkage=0.03


Tree=29
num_leaves=21
num_cat=0
split_feature=40 285 112 52 283 292 106 148 305 113 306 305 102 16 105 57 298 110 4 177
split_gain=17.2243 14.4035 15.768 14.7933 14.5595 12.066 12.5805 10.4722 9.6065 7.96169 7.14007 7.13413 6.99674 13.9157 6.82441 4.81481 3.6418 3.57808 3.49727 2.92314
threshold=6.4250000000000007 -2.3500000000000045 0.53750000000000009 0.12375000000000001 0.060262470174850952 -6.2449999999999992 -0.13174999999999998 2019.5000000000002 0.99928046726689901 0.28650000000000003 1.26593878510705 1.0645039534200162 0.24430000000000004 15.685 0.22900000000000001 0.51502811244979929 1.3180766475725409 0.74595000000000011 61.910000000000004 1.4563053582500001
decision_type=2 2 2 2 2 2 2 2 2 2 2 2 2 2 2 2 2 2 2 2
left_child=11 4 3 9 8 16 -7 -5 14 -3 17 12 13 -1 -2 -10 -6 -4 -15 -14
right_child=1 2 10 7 5 6 -8 -9 15 -11 -12 -13 19 18 -16 -17 -18 -19 -20 -21
leaf_value=-0.014292508079169973 0.022665542722249042 -0.0041635893652566909 0.044029883872793725 0.024238009455444791 -0.04785207760581859 -0.010314617266673445 0.010039203092924205 -0.020165552259878389 -0.041449037046761457 0.022196818582852183 -0.0015852189942752997 -0.0048166624345733523 0.051677843031127296 0.016955041938291195 -0.015831229833866478 -0.009930331215222141 -0.010843051633401221 0.016115815502076941 0.049784839484032208 0.022891049301348911
leaf_weight=8.7010504007339495 5.7539322525262859 15.187110066413878 15.716582059860235 5.6068034619092932 5.4018249511718732 42.056697279214859 77.295236021280289 28.221367925405502 16.872580304741863 30.750621363520622 5.4318571537733069 8.0098744034767133 9.7943239212036115 6.0757216662168485 13.898989811539648 6.3423324376344672 4.8156678974628448 6.3428841531276694 6.6312705278396606 5.753974273800849
leaf_count=34 21 58 54 19 22 168 293 114 73 109 21 30 32 22 55 26 20 23 22 20
internal_value=0.00327402 0.000489569 0.00912661 0.00232066 -0.00486752 0.000127877 0.00283927 -0.0126678 -0.0200012 0.0134267 0.0286853 0.0204875 0.0260511 0.0146009 -0.00435068 -0.0330463 -0.0309741 0.0362479 0.0345768 0.0414308
internal_weight=324.661 279.694 107.257 79.7659 172.437 129.569 119.352 33.8282 42.8678 45.9377 27.4913 44.9662 36.9563 21.408 19.6529 23.2149 10.2175 22.0595 12.707 15.5483
internal_count=1236 1076 398 300 678 503 461 133 175 167 98 160 130 78 76 99 42 77 44 52
is_linear=0
shrinkage=0.03


Tree=30
num_leaves=14
num_cat=0
split_feature=70 41 41 288 51 40 62 294 133 54 289 287 147
split_gain=17.0768 17.6115 18.6293 13.2043 15.9073 9.75563 6.60011 5.12987 5.03932 4.80146 4.01113 4.63937 2.02037
threshold=20250976.000000004 20240265.000000004 20230604.500000004 -1.4250000000000005 -0.11449999999999999 5.6050000000000013 10.225000000000003 1.1549589464454579 80.270576862582189 0.65385000000000015 -1.2749999999999992 -8.4650000000000016 1.2419631673000002
decision_type=2 2 2 2 2 2 2 2 2 2 2 2 2
left_child=1 2 3 5 -5 -1 7 -4 -8 10 11 -3 -12
right_child=-2 9 6 4 -6 -7 8 -9 -10 -11 12 -13 -14
leaf_value=0.029037070554840626 -0.036622454471944788 0.029187596405390134 0.018235104873245877 0.023560457451740607 0.0031214571594610865 -0.0083465752971289085 -0.039939524287262294 -0.023649900177963149 -0.0056403421496409268 -0.0025422473680041919 0.040557676287389481 -0.0066141542098048815 0.017504979048722689
leaf_weight=6.719680815935134 9.3041353821754438 7.2125137448310852 5.6178798377513903 49.615809068083763 111.84933698177338 76.456980109214783 14.333859205245973 4.7655448466539383 5.6043413877487174 5.4801181107759467 16.246707022190098 5.6178739666938764 5.2790780067443839
leaf_count=23 59 26 20 172 412 290 69 20 23 21 60 21 20
internal_value=0.0031817 0.00437893 0.0016627 0.00442428 0.00943132 -0.00525916 -0.0204611 -0.000744367 -0.0305245 0.023001 0.027158 0.0133496 0.0351499
internal_weight=324.104 314.8 274.963 244.642 161.465 83.1767 30.3216 10.3834 19.9382 39.8363 34.3562 12.8304 21.5258
internal_count=1236 1177 1029 897 584 313 132 40 92 148 127 47 80
is_linear=0
shrinkage=0.03


Tree=31
num_leaves=14
num_cat=0
split_feature=70 80 80 55 318 114 137 0 130 291 187 318 280
split_gain=16.3888 16.7539 18.1515 16.6433 15.0468 11.0715 9.85555 7.97457 5.62155 4.79529 5.12032 6.84483 1.1825
threshold=20250976.000000004 20240265.000000004 20210810.000000004 0.26155000000000006 -0.03430281666205743 0.74495000000000011 2.7167000000000003 66.91500000000002 13.500000000000002 2.1300000000000003 -0.45634525672499976 0.12645614636216443 0.030438710258473532
decision_type=2 2 2 2 2 2 2 2 2 2 2 2 2
left_child=1 2 5 4 -4 6 -1 -5 -7 10 11 -3 -12
right_child=-2 9 3 7 -6 8 -8 -9 -10 -11 12 -13 -14
leaf_value=0.017601073980868447 -0.03634552764936605 0.030074696998666866 0.0084296406953460901 -0.01011678242402142 -0.014065226491343679 0.037876904926336621 -0.0012495685071497891 -0.039971976607388375 0.0024522781932560665 -0.0032023532544646505 0.039560486157657386 -0.014804099427360906 0.021012823901833764
leaf_weight=39.652834981679916 9.097660154104231 6.9371508508920652 70.312085434794426 17.551386594772339 43.066555127501488 16.571871981024746 66.351344481110573 15.498450785875319 5.5814499557018271 5.407949596643447 16.670826971530918 5.2288270145654678 5.2708390802144995
leaf_count=138 59 25 266 71 170 55 241 68 20 20 63 20 20
internal_value=0.00309475 0.00425786 0.00161418 -0.00558714 -9.3399e-05 0.0098635 0.00578353 -0.024286 0.0291377 0.022502 0.0266628 0.0105782 0.0353566
internal_weight=323.199 314.102 274.586 146.428 113.379 128.158 106.004 33.0498 22.1533 39.5156 34.1076 12.166 21.9417
internal_count=1236 1177 1029 575 436 454 379 139 75 148 128 45 83
is_linear=0
shrinkage=0.03


Tree=32
num_leaves=11
num_cat=0
split_feature=61 70 314 70 298 318 266 47 19 2
split_gain=16.0817 14.0354 15.7428 18.2714 17.1747 8.75464 10.0328 9.49811 6.03323 4.62933
threshold=4.495000000000001 20250976.000000004 0.2940517751148885 20240265.000000004 1.3547978301927937 0.18427065775666321 0.21825741267572488 0.38680000000000009 16.060000000000006 61.310000000000009
decision_type=2 2 2 2 2 2 2 2 2 2
left_child=9 2 3 4 -2 7 -7 -4 -5 -1
right_child=1 -3 5 8 -6 6 -8 -9 -10 -11
leaf_value=0.010453435774559693 0.0028489113694790368 -0.036041377821073341 0.039949419554619954 0.031102748381267854 -0.014630797917565911 0.014208784647875693 -0.03540988272668999 0.00839020927545347 -0.0023621720666993072 0.046531516917958676
leaf_weight=5.3458978533744803 140.95483574271202 8.5831562876701337 19.621913254261017 19.930965855717663 78.627390131354332 13.007383421063425 4.9912749379873267 15.811702355742453 6.1651046723127356 9.2483760565519315
leaf_count=20 522 57 66 76 317 46 20 58 23 31
internal_value=0.00301046 0.00153549 0.00263549 -0.000564627 -0.00340033 0.017379 0.000163467 0.0260143 0.0231034 0.0336813
internal_weight=322.288 307.694 299.111 245.678 219.582 53.4323 17.9987 35.4336 26.0961 14.5943
internal_count=1236 1185 1128 938 839 190 66 124 99 51
is_linear=0
shrinkage=0.03


Tree=33
num_leaves=13
num_cat=0
split_feature=61 283 314 81 177 174 303 50 48 291 2 181
split_gain=15.2388 13.681 12.9163 14.6243 16.512 13.138 9.05285 8.83523 9.92719 5.97685 4.4204 2.31358
threshold=4.495000000000001 0.016182375165814208 0.29199464751051613 16.250000000000004 1.4749650452 1.2053216258000004 0.18040000000000003 0.72865000000000013 0.068350000000000008 -1.2450000000000008 61.310000000000009 0.39007785955000002
decision_type=2 2 2 2 2 2 2 2 2 2 2 2
left_child=10 6 3 5 -5 -3 11 8 -4 -8 -1 -2
right_child=1 2 7 4 -6 -7 9 -9 -10 -11 -12 -13
leaf_value=0.010160862937712555 -0.05064658256513218 0.01298837631214745 0.035308108056849606 -0.014805577371205402 0.010263484473918479 -0.011691545371714348 -0.024789873952420431 -0.019002113773645333 0.0082497449569759202 0.020386858778775906 0.045496882298108124 -0.02199278876931008
leaf_weight=5.3378364890813819 6.7569189071655291 90.177358701825142 22.026354864239693 80.868718937039375 33.176175847649574 24.523439094424248 4.798277273774147 5.6046498566865912 28.23189902305603 5.6009385734796506 9.1782587617635709 5.2221145331859589
leaf_count=20 29 330 77 334 125 98 21 22 106 20 31 23
internal_value=0.00292857 0.0014929 0.00328048 0.000106671 -0.00748399 0.00768 -0.0210217 0.0161995 0.0202146 -0.000209868 0.0328668 -0.0386892
internal_weight=321.503 306.987 284.609 228.746 114.045 114.701 22.3782 55.8629 50.2583 10.3992 14.5161 11.979
internal_count=1236 1185 1092 887 459 428 93 205 183 41 51 52
is_linear=0
shrinkage=0.03


Tree=34
num_leaves=14
num_cat=0
split_feature=70 41 41 102 82 112 292 68 262 0 289 57 297
split_gain=15.0567 15.3137 17.161 12.4823 15.3118 11.6551 6.58354 7.56594 4.62138 5.78577 4.21599 4.10672 0.147801
threshold=20250976.000000004 20240265.000000004 20230604.500000004 -0.42839999999999995 14.205000000000002 0.55415000000000014 -1.4400000000000002 0.41165000000000007 0.14971594809776403 67.125000000000014 -1.2749999999999992 0.43687550200803221 0.84014563309032975
decision_type=2 2 2 2 2 2 2 2 2 2 2 2 2
left_child=1 2 3 4 -1 -5 11 -8 10 -10 -3 -4 -12
right_child=-2 8 6 5 -6 -7 7 -9 9 -11 12 -13 -14
leaf_value=0.0088322005067682872 -0.035836365049897637 0.012767693556226683 -0.0063947087483149211 0.0048432045124773785 -0.019108170207908854 0.025528249261521446 0.017284820262447143 -0.029170366722455852 0.023706878456374241 -0.017098681339404433 0.029468635124469303 -0.040580615040241776 0.041468905668063133
leaf_weight=31.929848656058311 8.6942576318979246 10.030039191246031 4.5360029041767183 142.95445458590984 39.00488668680191 29.682274267077446 6.9966883361339551 5.553883820772171 7.2077614963054639 5.3051804900169373 4.9645116031169954 12.817803129553793 11.321171537041662
leaf_count=114 59 38 19 522 158 103 26 26 26 20 20 61 44
internal_value=0.0028451 0.00394268 0.00142441 0.00407024 -0.00649441 0.00842977 -0.0199677 -0.00310349 0.021553 0.00617007 0.0287028 -0.0319047 0.038196
internal_weight=320.999 312.305 273.476 243.571 70.9347 172.637 29.9044 12.5506 38.8287 12.5129 26.3157 17.3538 16.2857
internal_count=1236 1177 1029 897 272 625 132 52 148 46 102 80 64
is_linear=0
shrinkage=0.03


Tree=35
num_leaves=13
num_cat=0
split_feature=70 41 41 319 107 285 292 16 319 57 291 116
split_gain=14.4638 14.5885 16.2735 12.3892 14.1488 12.5975 6.31666 7.42447 4.55186 3.98595 3.56815 3.2052
threshold=20250976.000000004 20240265.000000004 20230604.500000004 1.1118182608657612 -0.048999999999999995 -2.4399999999999973 -1.4400000000000002 16.685000000000006 1.6290933788053821 0.43687550200803221 0.74499999999999933 0.51800000000000013
decision_type=2 2 2 2 2 2 2 2 2 2 2 2
left_child=1 2 3 4 -1 -5 9 -8 10 -4 11 -3
right_child=-2 8 6 5 -6 -7 7 -9 -10 -11 -12 -13
leaf_value=-0.012754903386994859 -0.035589702338552943 0.035428708634068051 -0.0062168192986092261 0.0046601333107251742 0.005468396979733431 0.035923895367429556 -0.02478909215081438 0.021096348327776467 -0.0037029216967672113 -0.039990986018185209 0.0038810648445944795 0.0092363780649951689
leaf_weight=52.302506670355797 8.4955771565437299 21.182747095823292 4.5287951827049318 28.643712550401688 142.69604186713696 19.740395694971085 6.6370692104101163 5.870033785700798 5.4726799726486197 12.621041506528853 6.0718820840120307 5.7624266296625128
leaf_count=202 59 81 19 103 525 67 29 23 21 61 23 23
internal_value=0.00276823 0.00383498 0.00138247 0.0039517 0.000561135 0.0175252 -0.0195438 -0.00301893 0.0211063 -0.0313338 0.0253078 0.0299931
internal_weight=320.025 311.529 273.04 243.383 194.999 48.3841 29.6569 12.5071 38.4897 17.1498 33.0171 26.9452
internal_count=1236 1177 1029 897 727 170 132 52 148 80 127 104
is_linear=0
shrinkage=0.03


Tree=36
num_leaves=20
num_cat=0
split_feature=81 283 102 314 186 139 119 298 270 18 305 78 297 11 154 113 144 275 163
split_gain=14.3343 12.4184 13.6909 11.5413 11.7292 10.8634 10.3433 9.62469 10.3926 7.37593 6.85976 6.92904 6.59492 5.48233 4.97098 4.51579 3.64618 3.37777 1.49322
threshold=6.4250000000000007 0.046219828622948621 -0.43874999999999992 0.15222783793632869 -0.88139629377499995 58.552659755000008 5254.2150000000011 1.3434841405462512 -3.4311009208532126 18.060000000000006 1.0645039534200162 3.1450000000000005 1.0763354964643332 17.925000000000004 0.16614813275000004 0.25765000000000005 0.98917670517200007 0.2046132681889519 1.4265313403500002
decision_type=2 2 2 2 2 2 2 2 2 2 2 2 2 2 2 2 2 2 2
left_child=10 7 5 17 -5 6 -3 8 -2 -7 11 13 -10 15 -9 -1 -16 -4 -15
right_child=1 2 3 4 -6 9 -8 14 12 -11 -12 -13 -14 18 16 -17 -18 -19 -20
leaf_value=0.032448511477247026 0.03247823587848038 -0.0062670998434754856 -0.0078306447142441268 0.004719344616486652 0.023293838489285335 -0.0099822886882655875 0.034936667279851813 -0.0047424473253849355 0.0051261094356521708 -0.039270952718603785 -0.0064281185268014063 -0.0069079048896502539 -0.026217334922662844 0.048624824201309334 -0.048379771003569133 -0.00061808736712586684 -0.014825945805183403 -0.040986718481328954 0.026913421167489692
leaf_weight=7.1154091656208056 6.0256754159927395 17.835593268275264 8.5023082643747312 106.19821177423 43.269774720072746 25.585121423006058 7.7565594315528861 5.7882377952337292 11.276352643966677 11.339115783572195 7.8739067167043677 5.3277057111263266 12.531574726104735 10.743383675813677 10.159313440322874 7.3011211454868317 4.6470721811056128 4.2834073305129996 5.6092992126941672
leaf_count=26 22 71 36 400 159 104 28 25 44 50 30 20 52 36 45 27 20 20 21
internal_value=0.00269212 0.000137282 0.00316778 0.00777243 0.0101285 -0.00872844 0.00619169 -0.0132905 -0.00226831 -0.0191394 0.0185773 0.0241174 -0.011287 0.0295916 -0.0290243 0.0156067 -0.0382201 -0.0194031 0.0415686
internal_weight=319.169 275.198 224.77 162.254 149.468 62.5164 25.5922 50.4282 29.8336 36.9242 43.9708 36.0969 23.8079 30.7692 20.5946 14.4165 14.8064 12.7857 16.3527
internal_count=1236 1076 868 615 559 253 99 208 118 154 160 130 96 110 90 53 65 56 57
is_linear=0
shrinkage=0.03


Tree=37
num_leaves=11
num_cat=0
split_feature=61 70 41 41 288 113 262 300 2 19
split_gain=13.8768 12.3109 13.7392 18.4184 12.2086 5.28188 4.59249 4.87922 4.28567 3.58534
threshold=4.495000000000001 20250976.000000004 20240265.000000004 20230618.500000004 -1.4250000000000005 0.24330000000000004 0.14971594809776403 0.9427622082534014 61.310000000000009 15.940000000000003
decision_type=2 2 2 2 2 2 2 2 2 2
left_child=8 2 3 4 -2 -5 9 -8 -1 -4
right_child=1 -3 6 5 -6 -7 7 -9 -10 -11
leaf_value=0.0089688949630836508 -0.0070927232728501934 -0.035275839763123575 0.033260252311549734 -0.0099305378815700146 0.0073605050366917467 -0.037745142152011572 0.021052120410872826 -0.017214258295618047 0.043999295155927209 0.0052189174264901791
leaf_weight=5.264429196715354 79.240971133112907 7.9779261499643317 18.775386869907383 12.439544528722765 155.36032755672932 13.00736355781555 6.6330181956291181 5.2578698247671127 9.0026617944240552 5.6376196891069403
leaf_count=20 302 57 76 55 568 62 24 20 31 21
internal_value=0.00261434 0.00124351 0.00224831 -0.000156606 0.00246493 -0.0243577 0.0195105 0.00387899 0.0314346 0.0269548
internal_weight=318.597 304.33 296.352 260.048 234.601 25.4469 36.3039 11.8909 14.2671 24.413
internal_count=1236 1185 1128 987 870 117 141 44 51 97
is_linear=0
shrinkage=0.03


Tree=38
num_leaves=12
num_cat=0
split_feature=71 304 66 319 319 112 304 316 54 285 156
split_gain=13.3124 13.233 15.4618 14.0347 17.1488 10.7237 11.3134 8.87109 8.41937 8.22849 0.215322
threshold=20250973.000000004 1.1552604006831293 3.1850000000000005 1.1118182608657612 1.0030076477408703 0.54585000000000006 1.0275486152540734 0.52916666666666679 0.43305000000000005 -3.5249999999999981 0.1325814042000002
decision_type=2 2 2 2 2 2 2 2 2 2 2
left_child=1 2 3 4 -1 6 -4 10 -5 -7 -3
right_child=-2 7 5 8 -6 9 -8 -9 -10 -11 -12
leaf_value=0.010985152583368756 -0.035137447787785464 -0.033361708712130123 -0.01551402388431406 0.0098639573053862506 -0.016989267977841536 -0.0018457302623873923 0.0070110437716260667 0.0016746784697778006 0.039527877473888598 0.032233813216185375 -0.049992439810769805
leaf_weight=117.16114646196365 8.1069901436567289 4.2937776446342486 62.064658656716347 15.197693720459936 23.547634124755859 13.631636172533037 29.35117170214653 7.1236493140459052 21.068627700209618 11.614196032285689 4.585690826177597
leaf_count=434 59 20 251 57 91 52 112 26 73 41 20
internal_value=0.0025428 0.00355006 0.00500901 0.0106001 0.00627358 -0.00344884 -0.00824929 -0.0228984 0.0272408 0.0137793 -0.0427456
internal_weight=317.747 309.64 293.637 176.975 140.709 116.662 91.4158 16.0031 36.2663 25.2458 8.87947
internal_count=1236 1177 1111 655 525 456 363 66 130 93 40
is_linear=0
shrinkage=0.03


Tree=39
num_leaves=13
num_cat=0
split_feature=70 41 41 43 295 130 41 39 110 17 102 304
split_gain=12.796 13.0519 14.8805 15.5796 13.3271 10.496 15.3803 11.6095 6.7475 4.4597 3.76175 2.50276
threshold=20250976.000000004 20240265.000000004 20210810.000000004 1.2771000000000001 1.2761541545380071 14.500000000000002 20210319.500000004 -0.14979999999999996 0.21350000000000002 18.940000000000001 1.4023500000000002 0.96042062777789738
decision_type=2 2 2 2 2 2 2 2 2 2 2 2
left_child=1 2 5 4 -4 7 -7 -1 -5 10 11 -3
right_child=-2 9 3 8 -6 6 -8 -9 -10 -11 -12 -13
leaf_value=-0.0055726655498799906 -0.034916204123035741 0.01051479493610746 0.0091464744525517096 -0.013116008496927388 -0.012304894004100854 -0.013602552488598679 0.020723771743517586 0.022254357907194086 -0.040859427602548341 0.00037670608204664181 0.0016586872917770312 0.035551435675778238
leaf_weight=17.337516278028488 7.9171131029725066 5.0102695971727433 63.530116647481918 25.179876580834389 44.039362072944641 33.91930365562439 17.824387118220329 57.831970304250717 11.874444320797918 8.4144433140754682 5.1720398515462866 19.002156615257263
leaf_count=64 59 20 236 103 184 127 62 201 52 32 20 76
internal_value=0.00247094 0.00344912 0.00114049 -0.00542398 0.000333066 0.00864302 -0.00170297 0.0157974 -0.0221735 0.0199951 0.0255285 0.0305172
internal_weight=317.053 309.136 271.537 144.624 107.569 126.913 51.7437 75.1695 37.0543 37.5989 29.1845 24.0124
internal_count=1236 1177 1029 575 420 454 189 265 155 148 116 96
is_linear=0
shrinkage=0.03


Tree=40
num_leaves=13
num_cat=0
split_feature=61 283 314 107 69 43 302 303 306 291 2 181
split_gain=12.8695 12.1041 11.38 13.2978 15.2558 11.1918 8.83328 8.46501 7.79882 5.28954 4.1029 2.15458
threshold=4.495000000000001 0.016182375165814208 0.29199464751051613 -0.024649999999999995 332.50000000000006 1.2771000000000001 1.2886414946871665 0.18040000000000003 0.92738908913131013 -1.2450000000000008 61.310000000000009 0.39007785955000002
decision_type=2 2 2 2 2 2 2 2 2 2 2 2
left_child=10 7 3 4 -3 -5 8 11 -4 -9 -1 -2
right_child=1 2 6 5 -6 -7 -8 9 -10 -11 -12 -13
leaf_value=0.0083116062286461498 -0.049359771189311563 0.0040048143910188612 0.03803263589386105 0.011368983532767789 -0.020847223514640877 -0.0072397806504530329 -0.018438848798728615 -0.023642131331599626 0.011426691544846183 0.019256106930836299 0.042789813513403469 -0.021226640874710372
leaf_weight=5.2168836295604697 6.6038536727428454 41.391530014574528 14.218922287225721 94.793749749660492 47.437968201935291 41.65983922034502 6.1382790207862845 4.6671800389885902 34.540317386388779 5.5527740120887739 8.8465240150690061 5.0444743931293488
leaf_count=20 29 161 49 362 198 166 24 21 132 20 31 23
internal_value=0.00240371 0.00108249 0.00277232 -0.000201237 -0.0092418 0.00566454 0.0150077 -0.0203455 0.0193087 -8.29341e-05 0.0303608 -0.0377161
internal_weight=316.112 302.049 280.181 225.283 88.8295 136.454 54.8975 21.8683 48.7592 10.22 14.0634 11.6483
internal_count=1236 1185 1092 887 359 528 205 93 181 41 51 52
is_linear=0
shrinkage=0.03


Tree=41
num_leaves=20
num_cat=0
split_feature=40 285 283 292 102 306 116 106 293 309 105 305 78 113 11 113 299 55 163
split_gain=12.2915 11.3773 12.3264 10.8495 10.377 11.9351 12.6921 10.3678 10.0914 9.1789 7.44076 6.53708 6.52459 6.48298 5.19464 4.46936 3.41227 3.19043 1.44533
threshold=6.4250000000000007 -2.3500000000000045 0.060262470174850952 -6.2449999999999992 -0.6641999999999999 0.89732849858413299 0.51000000000000012 -0.13174999999999998 1.9400000000000006 -0.050844513472365453 0.22745000000000001 1.0645039534200162 3.1450000000000005 0.31255000000000005 17.925000000000004 0.25765000000000005 1.5614714077183798 -0.037999999999999992 1.4265313403500002
decision_type=2 2 2 2 2 2 2 2 2 2 2 2 2 2 2 2 2 2 2
left_child=11 2 9 16 8 17 -7 -5 13 -2 -11 12 14 -3 15 -1 -4 -6 -16
right_child=1 4 3 7 5 6 -8 -9 -10 10 -12 -13 -14 -15 18 -17 -18 -19 -20
leaf_value=0.031316474396831405 0.017028030940310114 -0.024422225714113673 -0.046522847973963638 -0.0097342953217561968 0.049410191665580916 -0.0052627020320785041 0.01998607314175592 0.008981701763601295 -0.049067555551629179 0 -0.032118517577136615 -0.0073815077224407095 -0.0075334223850262528 0.016724081567187667 0.046882295195575428 -0.0018002904761548453 -0.010221254421503271 0.019005513464495756 0.025330658810374693
leaf_weight=6.9993066787719744 5.3541540801525107 5.5487910062074688 5.2984708696603757 40.93378484249115 8.3393320590257627 36.166456058621407 35.085704945027828 75.512554779648781 4.8434622436761847 8.5801709443330747 27.469055965542793 7.7708535790443412 5.2883314788341513 8.725908659398554 10.472514018416403 7.2354142814874649 4.6732724756002426 5.8656471520662299 5.4777768403291693
leaf_count=26 21 23 22 168 28 143 130 293 21 35 119 30 20 32 36 27 20 21 21
internal_value=0.00233499 -1.5145e-05 -0.00486505 -0.000183742 0.00773649 0.0122226 0.00713874 0.00237412 -0.0121195 -0.0190515 -0.0245254 0.0171737 0.0226428 0.00046256 0.028036 0.014379 -0.0300783 0.0372856 0.0398717
internal_weight=315.641 272.397 167.821 126.418 104.575 85.4571 71.2522 116.446 19.1182 41.4034 36.0492 43.2442 35.4733 14.2747 30.185 14.2347 9.97174 14.205 15.9503
internal_count=1236 1076 678 503 398 322 273 461 76 175 154 160 130 55 110 53 42 49 57
is_linear=0
shrinkage=0.03


Tree=42
num_leaves=13
num_cat=0
split_feature=70 80 80 304 318 130 80 95 319 309 285 284
split_gain=12.2414 12.4147 13.5998 14.9538 12.9621 10.045 14.7473 10.7981 4.3637 3.23879 3.10629 1.30002
threshold=20250976.000000004 20240265.000000004 20210804.000000004 1.1138832330698125 -0.03430281666205743 14.500000000000002 20210263.500000004 -14.981803653270644 1.6290933788053821 0.1339376133720607 -0.21000000000000082 0.07652694696907901
decision_type=2 2 2 2 2 2 2 2 2 2 2 2
left_child=1 2 5 4 -4 7 -7 -1 9 10 -3 -5
right_child=-2 8 3 11 -6 6 -8 -9 -10 -11 -12 -13
leaf_value=-0.0048441686856003207 -0.034729716926614126 0.033769355269383072 0.0051910210641398918 -0.044406181899817036 -0.013934277085193665 -0.014660439894372448 0.018820023332285316 0.021776585154289405 -0.0050240979969242193 0.0031437442175990715 0.0075116674619996942 -0.021545867711487057
leaf_weight=17.87380813062191 7.7351408749818793 20.270459949970249 81.408295124769211 7.9168838709592801 52.198740005493164 31.382643774151802 18.850959300994873 56.076088607311249 5.3660400956869116 5.9691575318574897 5.5373125076293972 4.4672810584306717
leaf_count=66 59 81 316 37 210 118 66 196 21 24 22 20
internal_value=0.00226897 0.00322098 0.000970584 -0.00522303 -0.00226341 0.00827433 -0.00202433 0.0153039 0.019463 0.023695 0.028302 -0.0366388
internal_weight=315.053 307.318 270.175 145.991 133.607 124.183 50.2336 73.9499 37.143 31.7769 25.8078 12.3842
internal_count=1236 1177 1029 583 526 446 184 262 148 127 103 57
is_linear=0
shrinkage=0.03


Tree=43
num_leaves=15
num_cat=0
split_feature=70 288 40 52 110 0 165 165 41 302 276 41 18 67
split_gain=11.7746 12.0206 11.1237 10.2121 12.7769 10.117 10.0516 9.95229 9.32456 8.39513 8.10329 7.19161 4.539 2.95684
threshold=20250976.000000004 -0.37499999999999994 5.5550000000000006 0.12065000000000002 0.19650000000000004 70.110000000000014 -0.21313016670000007 0.29147086905000003 20210306.500000004 0.78527334728436904 -0.046597038551818355 20210724.500000004 13.185 0.077050000000000021
decision_type=2 2 2 2 2 2 2 2 2 2 2 2 2 2
left_child=1 2 13 6 10 9 8 -7 -3 -4 -5 -6 -8 -1
right_child=-2 3 5 4 11 7 12 -9 -10 -11 -12 -13 -14 -15
leaf_value=0.041617289426446866 -0.034522623382068129 -0.031588274152919663 -0.02808905923096023 -0.031399486840361181 0.025738041993941307 0.014629774397442492 0.00031737847841039712 -0.0095339111821646401 0.010496469697308459 -0.0060212045696701154 0.0019673609778490852 -0.0020655845136910611 0.027698573488473207 0.010194968681996484
leaf_weight=5.5661222040653211 7.5514726042747489 5.6674292832613018 20.136866331100464 13.845928639173509 17.108425632119179 36.982248857617378 6.4441571235656729 25.936599284410477 26.165127247571945 69.44749504327774 12.030926153063772 15.921120077371596 45.455883696675301 5.9163314998149872
leaf_count=20 59 22 82 58 59 139 25 103 99 271 48 64 165 22
internal_value=0.00220597 0.00313125 -0.00239372 0.00950131 -2.05213e-05 -0.00456032 0.0162278 0.00462202 0.00283435 -0.0110409 -0.0158229 0.0122796 0.0243636 0.0259138
internal_weight=314.176 306.625 163.986 142.639 58.9064 152.503 83.7326 62.9188 31.8326 89.5844 25.8769 33.0295 51.9 11.4825
internal_count=1236 1177 637 540 229 595 311 242 121 353 106 123 190 42
is_linear=0
shrinkage=0.03


Tree=44
num_leaves=15
num_cat=0
split_feature=61 112 288 113 54 302 53 0 165 179 76 134 77 109
split_gain=11.4726 11.0614 10.066 10.7928 19.5956 18.8733 8.75626 8.50473 11.315 9.34629 6.98456 4.12594 3.79276 2.44317
threshold=4.495000000000001 0.56250000000000011 -0.37499999999999994 0.30950000000000005 0.55425000000000013 0.86103765479680028 0.4811457983193278 70.110000000000014 0.29147086905000003 0.56571667505000012 6.0526000000000009 2.3408206578947373 51.885000000000005 0.26645000000000002
decision_type=2 2 2 2 2 2 2 2 2 2 2 2 2 2
left_child=11 2 7 5 -5 -4 -3 9 -9 -2 13 -1 -12 -8
right_child=1 6 3 4 -6 -7 10 8 -10 -11 12 -13 -14 -15
leaf_value=0.042587567746590421 -0.03001428718403204 -0.014296879604211714 0.015960647238679012 0.024990880427415461 -0.0078323695996004011 -0.019480101805675092 0.02144732784991308 0.013517767652516473 -0.013036864944415605 -0.0067879765313202519 -0.012304688018248544 0.0083625593915007002 0.023621986827358814 0.048889944240462918
leaf_weight=8.078471824526785 20.818758070468903 5.9371109828352955 23.005104668438435 44.53204084187746 25.609845571219921 32.389185383915901 5.3567593246698406 33.99242490530014 24.89931396394968 63.82843180000782 4.8551621884107572 5.6803873330354682 5.4481564834713936 9.1442018300294858
leaf_count=30 89 24 90 163 101 138 21 129 103 256 19 21 21 31
internal_value=0.00214373 0.000899569 -0.00104007 0.00514903 0.0129698 -0.00470535 0.0179225 -0.00647363 0.0022366 -0.0125645 0.0257814 0.0288364 0.00644859 0.0391742
internal_weight=313.575 299.816 269.075 125.536 70.1419 55.3943 30.7414 143.539 58.8917 84.6472 24.8043 13.7589 10.3033 14.501
internal_count=1236 1185 1069 492 264 228 116 577 232 345 92 51 40 52
is_linear=0
shrinkage=0.03


Tree=45
num_leaves=14
num_cat=0
split_feature=70 41 41 54 306 114 292 16 291 187 318 135 280
split_gain=11.2907 11.7643 13.5284 10.65 12.8346 11.7225 5.96866 7.01803 4.39942 4.84328 6.11652 2.91327 1.34323
threshold=20250976.000000004 20240265.000000004 20230604.500000004 0.54485000000000017 0.92738908913131013 0.61225000000000007 -1.4400000000000002 16.685000000000006 2.1300000000000003 -0.45634525672499976 0.12645614636216443 1.9922500000000001 0.030438710258473532
decision_type=2 2 2 2 2 2 2 2 2 2 2 2 2
left_child=1 2 3 5 -5 -1 11 -8 9 10 -3 -4 -11
right_child=-2 8 6 4 -6 -7 7 -9 -10 12 -12 -13 -14
leaf_value=0.0048370285117186034 -0.034328618710451453 0.026579456089956037 -0.0097307635472107801 0.010363483073707177 -0.014624923604542291 0.031572989254672418 -0.024081828441539627 0.020985841899782188 -0.0060116945937292244 0.036770568493337923 -0.016908187220242607 -0.038505594445778168 0.016678479959631044
leaf_weight=143.37555022537708 7.3687493279576293 6.47354304790497 4.8726697862148347 28.474070355296135 51.965070873498917 16.4413852840662 6.4173079282045347 5.8217702656984329 5.2339595556259146 15.050873875617983 5.0584500133991241 11.657448694109915 4.8367682099342337
leaf_count=529 59 25 21 104 207 57 29 23 20 63 20 59 20
internal_value=0.0020841 0.00298263 0.000795707 0.00313674 -0.00574032 0.00762431 -0.0185939 -0.00240499 0.0189064 0.0231584 0.00726455 -0.0303134 0.0321421
internal_weight=313.048 305.679 269.025 240.256 80.4391 159.817 28.7692 12.2391 36.6536 31.4196 11.532 16.5301 19.8876
internal_count=1236 1177 1029 897 311 586 132 52 148 128 45 80 83
is_linear=0
shrinkage=0.03


Tree=46
num_leaves=15
num_cat=0
split_feature=304 66 314 315 319 53 307 102 282 112 316 55 59 156
split_gain=11.1781 13.6475 12.6181 12.2487 11.4775 9.69644 9.26286 8.97602 8.4109 7.85731 7.62098 6.76736 5.56279 0.353882
threshold=1.1552604006831293 3.1850000000000005 0.18807366726482624 0.50557622050445949 0.75775862165442731 0.43093571428571437 0.84973399779002301 -0.96329999999999993 15.822107593534829 0.54585000000000006 0.52916666666666679 0.079450000000000007 43.705000000000005 0.05385826089999967
decision_type=2 2 2 2 2 2 2 2 2 2 2 2 2 2
left_child=1 2 4 6 11 -6 -4 12 9 -9 13 -1 -3 -2
right_child=10 7 3 -5 5 -7 -8 8 -10 -11 -12 -13 -14 -15
leaf_value=0.0031737210777804331 -0.030499758360771591 -0.046817162716636218 0.036590882863195014 -0.02850469796040199 0.018678451181432059 -0.014702876369975861 0.013118615225697954 -0.0091860683569436209 0.025076215356977689 0.010660997802536456 0.00015899654113425902 0.038876103584545206 -0.0084531389899621667 -0.048661053107811374
leaf_weight=11.721804216504099 3.9850180149078351 6.6239664852619153 18.844971060752869 5.3364095315337172 9.4433838427066785 42.360374823212624 81.591860078275204 71.22296516597271 9.6387666016817075 23.785197325050831 7.155366212129592 8.2361737936735135 7.4610266759991646 4.7103372812271118
leaf_count=43 20 30 66 23 36 181 306 291 37 96 27 28 31 21
internal_value=0.00202726 0.00335213 0.0086216 0.0152062 -0.00104975 -0.00853568 0.0175846 -0.00450247 -0.00143514 -0.00417985 -0.0224137 0.0181772 -0.0269095 -0.0411204
internal_weight=312.118 296.267 177.535 105.773 71.7617 51.8038 100.437 118.732 104.647 95.0082 15.8507 19.958 14.085 8.69536
internal_count=1236 1168 683 395 288 217 372 485 424 387 68 71 61 41
is_linear=0
shrinkage=0.03


Tree=47
num_leaves=11
num_cat=0
split_feature=70 288 48 11 60 169 52 137 165 281
split_gain=10.7721 11.0483 13.1495 10.5813 17.0698 10.1602 10.0006 9.70477 16.6883 8.51283
threshold=20250976.000000004 -1.3500000000000003 -0.26059999999999994 21.975000000000005 13.250000000000002 0.15927673905000003 0.040300000000000009 2.6441250000000003 0.05096026480000005 0.0090351480696376375
decision_type=2 2 2 2 2 2 2 2 2 2
left_child=1 5 -3 4 -4 -1 -5 8 -7 -9
right_child=-2 2 3 6 -6 7 -8 9 -10 -11
leaf_value=-0.043197918383734012 -0.034107921318878159 0.045991930990820461 0.011011490536114752 0.034567476070829627 -0.0094762939592145361 0.03383642519408659 0.0059284499685703157 0.0019222824180697004 -0.0055891605523753357 -0.021375473250224791
leaf_weight=5.8364920467138282 7.1627552136778823 7.4057859480381003 78.800381362438202 19.111790105700493 68.094712659716606 14.696353793144224 26.442600682377815 25.363665416836739 27.525500684976578 31.080242276191711
leaf_count=25 59 26 297 67 274 53 102 98 109 126
internal_value=0.00196967 0.0028395 0.00697777 0.00543776 0.00149378 -0.00504517 0.0180587 -0.00271644 0.00811052 -0.0108684
internal_weight=311.52 304.358 199.855 192.449 146.895 104.502 45.5544 98.6658 42.2219 56.4439
internal_count=1236 1177 766 740 571 411 169 386 162 224
is_linear=0
shrinkage=0.03


Tree=48
num_leaves=15
num_cat=0
split_feature=61 314 121 113 42 139 138 40 274 318 42 296 174 174
split_gain=10.6105 10.8581 12.393 11.5228 13.1523 9.64275 16.1853 10.2895 8.23451 8.06488 8.95326 7.02597 6.04738 4.09639
threshold=4.495000000000001 0.2940517751148885 -0.13174999999999998 0.30797500000000005 0.30965000000000004 55.96680712500001 300.73432612017791 15.640000000000002 0.40030210424427148 0.20764871907455398 0.76285000000000014 0.83846455939249165 -1.5563086193499998 -1.0000000180025095e-35
decision_type=2 2 2 2 2 2 2 2 2 2 2 2 2 2
left_child=13 2 5 4 -4 7 -7 -2 -5 10 12 -11 -3 -1
right_child=1 9 3 8 -6 6 -8 -9 -10 11 -12 -13 -14 -15
leaf_value=0.0090436886283990093 0.012450504683510803 -0.011346268320121212 0.015288308389420897 0.017278283819068572 -0.012409764730022137 -0.030230819476451398 0.0065731435199749251 -0.019637980996773292 -0.0051405151467487477 -0.032259423713061536 -0.016943573754823082 0.014445112028448727 0.028255096357784424 0.043011265876763745
leaf_weight=6.2003304362297058 24.129414513707161 3.7034638971090308 20.981261610984802 56.644613787531853 56.960050538182259 36.135867044329643 15.075509391725062 14.195316590368746 19.620433822274208 5.8069979771971685 5.299872249364852 5.5088650956749916 33.358692154288292 7.3093346655368787
leaf_count=24 91 16 80 214 239 158 60 61 77 24 21 23 121 27
internal_value=0.00191421 0.000718318 -0.00196225 0.00317726 -0.00490516 -0.0108411 -0.0193464 0.000466816 0.0114722 0.0129271 0.0189518 -0.00933225 0.0241973 0.0278231
internal_weight=310.93 297.42 243.742 154.206 77.9413 89.5361 51.2114 38.3247 76.265 53.6779 42.362 11.3159 37.0622 13.5097
internal_count=1236 1185 980 610 319 370 218 152 291 205 158 47 137 51
is_linear=0
shrinkage=0.03


Tree=49
num_leaves=14
num_cat=0
split_feature=70 80 80 288 307 180 292 16 51 110 178 57 51
split_gain=10.3355 11.1086 11.6566 10.2429 11.5822 5.60017 5.50933 6.60851 4.09298 5.13346 6.21507 3.55852 0.138413
threshold=20250976.000000004 20240265.000000004 20230604.500000004 3.0749999999999997 1.0287594181957134 0.65989656843200006 -1.4400000000000002 16.685000000000006 -0.11129999999999998 0.23290000000000002 0.7577980550500002 0.43687550200803221 0.34750000000000009
decision_type=2 2 2 2 2 2 2 2 2 2 2 2 2
left_child=1 2 3 4 -1 -5 11 -8 -3 12 -11 -4 -10
right_child=-2 8 6 5 -6 -7 7 -9 9 10 -12 -13 -14
leaf_value=0.0067795570415370042 -0.033927275878506948 0.00063691820850610181 -0.0053139588538595748 0.037527207393021594 -0.0071356466353077255 0.0038469121639555263 -0.023510440820245105 0.020391316232528062 0.040830404995848175 0.031205235113029067 -0.0095679871740845315 -0.038140425821807426 0.028496348847311854
leaf_weight=127.57127740979195 6.9850677251815787 9.1555945426225644 4.3559656590223339 11.087331667542459 92.899670585989952 7.7661361992359152 6.312617823481558 5.8226943612098694 9.0229537338018435 6.4631856679916364 6.6743815988302231 11.42502202093601 4.7351486831903449
leaf_count=472 59 39 19 38 360 29 29 23 37 25 27 59 20
internal_value=0.00186089 0.00270592 0.000582745 0.00273586 0.000901941 0.0239054 -0.0177125 -0.00220607 0.0183164 0.0241989 0.0103485 -0.0293589 0.0370381
internal_weight=310.277 303.292 267.241 239.324 220.471 18.8535 27.9163 12.1353 36.0513 26.8957 13.1376 15.781 13.7581
internal_count=1236 1177 1029 899 832 67 130 52 148 109 52 78 57
is_linear=0
shrinkage=0.03


Tree=50
num_leaves=19
num_cat=0
split_feature=304 66 319 319 10 102 304 281 14 54 179 138 316 294 117 113 105 156
split_gain=10.3558 12.1661 11.8864 16.5849 10.2347 8.4715 10.7423 9.78874 7.94772 7.87844 7.81778 10.5656 7.19445 6.71155 4.22322 3.9085 3.24679 0.310161
threshold=1.1552604006831293 3.1850000000000005 1.1118182608657612 1.0030076477408703 24.525000000000002 0.58445000000000003 1.0644452829707134 0.51513314013646283 19.125000000000004 0.43305000000000005 1.5167854943500003 86.051129214537511 0.52916666666666679 1.1871547347817146 6664.2000000000007 0.25765000000000005 0.32585000000000003 0.05385826089999967
decision_type=2 2 2 2 2 2 2 2 2 2 2 2 2 2 2 2 2 2
left_child=1 2 3 4 -1 10 7 -7 -5 15 13 -12 17 -3 -8 -4 -11 -2
right_child=12 5 9 8 -6 6 14 -9 -10 16 11 -13 -14 -15 -16 -17 -18 -19
leaf_value=0.0058138722202219191 -0.029856596706631395 -0.026776631935905328 0.025023438756733872 -0.027562896540541202 0.034824223647759292 0.0065124514969006255 0.010047140079294 -0.036559652933729016 0.012059571168949257 0.017620623221703515 0.039387965319454384 -0.0071324364399459553 3.3348954487398631e-05 -0.0060362118399499339 0.046307579063206712 -0.0058431912738380531 0.044350407352038122 -0.04752764189394186
leaf_weight=103.73942620307207 3.8915359973907453 26.764426566660404 6.1239157915115348 18.857667282223705 12.225638218224047 19.769219025969509 5.5978524312376958 6.1206945031881324 5.8141603767871848 6.7430516257882145 5.8429584503173855 16.57028990238905 7.1318107321858397 30.565177462995052 6.6804096102714539 8.7494623735547048 13.626416072249411 4.6480404585599899
leaf_count=401 20 116 24 83 44 78 23 26 21 26 21 67 27 131 23 35 49 21
internal_value=0.00181052 0.0030898 0.00809252 0.0041548 0.00892551 -0.00434753 0.00721755 -0.00365638 -0.0180934 0.0236649 -0.00992273 0.0049829 -0.0218494 -0.0158009 0.030233 0.00674762 0.0357777 -0.0402609
internal_weight=309.462 293.791 175.88 140.637 115.965 117.911 38.1682 25.8899 24.6718 35.2428 79.7429 22.4132 15.6714 57.3296 12.2783 14.8734 20.3695 8.53958
internal_count=1236 1168 683 549 445 485 150 104 104 134 335 88 68 247 46 59 75 41
is_linear=0
shrinkage=0.03


Tree=51
num_leaves=16
num_cat=0
split_feature=112 63 265 314 295 110 130 315 307 64 305 11 275 289 51
split_gain=9.99339 10.9467 11.9822 12.3131 10.9729 9.43911 7.68359 7.56296 7.09448 6.44267 5.86688 5.46248 4.41806 4.38334 1.32464
threshold=0.56250000000000011 5.3600000000000003 1.3037335105190133 0.2940517751148885 1.2761541545380071 -0.25374999999999998 8.5000000000000018 -0.17445291733879251 1.1166366109695174 25.400000000000002 0.99408619774463503 17.625000000000004 0.15374346580188561 -0.60000000000000042 0.0042500000000000012
decision_type=2 2 2 2 2 2 2 2 2 2 2 2 2 2 2
left_child=1 11 3 4 -3 -4 -2 -5 -7 10 -8 12 -1 -12 -13
right_child=6 2 5 7 -6 8 9 -9 -10 -11 13 14 -14 -15 -16
leaf_value=-0.013320321882465158 0.043998609082003558 0.003578721890506854 0.013042146227193806 0.045015285740220769 -0.010928062512467189 -0.043662493929281183 0.039463796885326058 0.0093508018902353843 -0.00098767999832201445 -0.019606444953836049 -0.014312074731015256 0.044008151925506028 0.022098375029792301 0.022478051391980551 0.021223228338277157
leaf_weight=5.8739862442016619 7.5967974513769176 101.9232868924737 5.1415712684392956 6.3165036290884009 86.510295659303665 13.357527337968351 6.8322460949420991 35.587323524057865 4.9443440288305274 5.2556714341044417 5.6286047399044099 6.2612168788909894 6.5491854548454285 5.7624994516372601 5.2589917331933975
leaf_count=24 26 397 20 22 368 58 24 138 21 24 23 23 26 22 20
internal_value=0.00176113 -3.59677e-05 -0.00187897 0.000191705 -0.00306773 -0.0222657 0.0178666 0.0148926 -0.0323647 0.00913339 0.0176475 0.0193002 0.00513933 0.00407179 0.0341371
internal_weight=308.8 277.724 253.781 230.337 188.434 23.4434 31.0758 41.9038 18.3019 23.479 18.2234 23.9434 12.4232 11.3911 11.5202
internal_count=1236 1117 1024 925 765 99 119 160 79 93 69 93 50 45 43
is_linear=0
shrinkage=0.03


Tree=52
num_leaves=13
num_cat=0
split_feature=71 80 80 318 50 101 114 137 130 17 102 304
split_gain=9.81751 10.534 11.0327 12.8132 15.2038 12.5502 8.77657 7.60855 4.79406 4.15599 3.61718 2.46913
threshold=20250973.000000004 20240265.000000004 20210810.000000004 -0.03430281666205743 0.55445000000000011 0.21400000000000005 0.74495000000000011 2.7167000000000003 13.500000000000002 18.940000000000001 1.4023500000000002 0.96042062777789738
decision_type=2 2 2 2 2 2 2 2 2 2 2 2
left_child=1 2 6 4 -4 -5 7 -1 -8 10 11 -3
right_child=-2 9 3 5 -6 -7 8 -9 -10 -11 -12 -13
leaf_value=0.013935100528023325 -0.033713552005245701 0.008358658095539229 0.0087544393121356499 0.0018164868702259882 -0.02079651146337139 -0.027842471262696608 0.032871615693475346 -0.0028902737563331962 0 -0.00065809577181432451 0 0.033716646754257139
leaf_weight=38.29324409365654 6.7715484350919715 4.8060631901025834 67.068628996610641 20.317183777689934 20.315977945923805 33.910782739520073 15.772328183054926 64.792682513594627 5.4046328514814368 8.1222506463527662 4.9663800597190848 17.692213237285614
leaf_count=138 59 20 261 80 89 145 55 241 20 32 20 76
internal_value=0.00171419 0.00253084 0.00046487 -0.00524593 0.00183395 -0.0166923 0.00699612 0.00333821 0.0245619 0.0178374 0.0233986 0.0284934
internal_weight=308.234 301.462 265.875 141.613 87.3846 54.228 124.263 103.086 21.177 35.5869 27.4647 22.4983
internal_count=1236 1177 1029 575 350 225 454 379 75 148 116 96
is_linear=0
shrinkage=0.03


Tree=53
num_leaves=10
num_cat=0
split_feature=304 71 288 48 108 169 137 316 156
split_gain=9.75763 11.3564 11.5753 12.1234 9.89151 9.37351 9.38978 6.71921 0.277997
threshold=1.1552604006831293 20250917.500000004 -1.3500000000000003 -0.26059999999999994 0.55835000000000012 0.15927673905000003 2.6047750000000005 0.52916666666666679 0.05385826089999967
decision_type=2 2 2 2 2 2 2 2 2
left_child=1 2 5 -4 -5 -1 -7 8 -2
right_child=7 -3 3 4 -6 6 -8 -9 -10
leaf_value=-0.042075729490912012 -0.029241277105646387 -0.034890571874082392 0.046677590219493963 0.0033028002617413055 0.021449559189170124 0.0092026781017736647 -0.010016842098915318 0 -0.046542529894215701
leaf_weight=5.5103151053190222 3.8111020028591138 6.8670849949121466 7.0461013615131369 144.87522566318512 33.336056724190712 38.661367803812027 55.532810866832733 7.1015571132302275 4.5700554698705673
leaf_count=24 20 59 25 567 122 149 222 27 21
internal_value=0.00166806 0.00291124 0.00384464 0.00828441 0.00672427 -0.0043747 -0.00209511 -0.0214401 -0.0394665
internal_weight=307.312 291.829 284.962 185.257 178.211 99.7045 94.1942 15.4827 8.38116
internal_count=1236 1168 1109 714 689 395 371 68 41
is_linear=0
shrinkage=0.03


Tree=54
num_leaves=11
num_cat=0
split_feature=61 283 149 112 316 285 49 134 151 287
split_gain=9.43051 9.93132 9.74696 8.91038 16.7857 8.03684 7.84153 4.19219 3.53416 0.815389
threshold=4.495000000000001 0.016182375165814208 2.4062547741000002 0.53750000000000009 0.57916666666666672 -3.5249999999999981 0.52936186440677979 2.3408206578947373 1.74448195895 -3.7600000000000011
decision_type=2 2 2 2 2 2 2 2 2 2
left_child=7 6 -3 4 -4 -5 8 -1 9 -2
right_child=1 2 3 5 -6 -7 -8 -9 -10 -11
leaf_value=0.040757912773645814 -0.026693010543069825 0.041445681309229682 0.00080917321847244234 0.00053119491076538783 -0.029392710923945145 0.021666016912749341 0.009895983781423404 0.0056347169794012759 -0.0091176622682126365 -0.048328580489594694
leaf_weight=7.6149237081408483 3.8189098984003067 5.4387107938528052 183.75859037786722 33.659558236598969 18.087005913257599 31.659268572926521 5.7889985591173163 5.4905966371297836 5.0657358914613715 6.3438082560896891
leaf_count=30 17 19 735 136 77 125 25 21 21 30
internal_value=0.00161945 0.000493475 0.00203809 0.00120943 -0.00189552 0.0108383 -0.0193134 0.0264242 -0.030605 -0.0408301
internal_weight=306.726 293.621 272.603 267.164 201.846 65.3188 21.0175 13.1055 15.2285 10.1627
internal_count=1236 1185 1092 1073 812 261 93 51 68 47
is_linear=0
shrinkage=0.03


Tree=55
num_leaves=15
num_cat=0
split_feature=304 66 319 319 43 102 282 54 112 4 106 75 24 105
split_gain=9.31306 10.9391 10.8553 15.2913 10.0422 8.01772 7.74954 7.57926 7.08037 6.94746 6.5777 5.29817 3.78793 3.09452
threshold=1.1552604006831293 3.1850000000000005 1.1118182608657612 1.0030076477408703 -0.84374999999999989 -0.96329999999999993 15.822107593534829 0.43305000000000005 0.54585000000000006 64.565000000000012 0.5565500000000001 4.9500000000000011 -0.29499999999999993 0.32585000000000003
decision_type=2 2 2 2 2 2 2 2 2 2 2 2 2 2
left_child=1 2 3 4 -1 11 8 12 -7 -5 -2 -3 -4 -9
right_child=10 5 7 9 -6 6 -8 13 -10 -11 -12 -13 -14 -15
leaf_value=0.03410633369613468 -0.039445158460156414 -0.046794978809412462 -0.010298974399585145 -0.027867386203457429 0.0052913629348105519 -0.0088182217701131584 0.024162830557820036 0.016834138419161964 0.010196206099894913 0.0070418013880378348 0 -0.008684521331018779 0.019956816129945324 0.043138550451786911
leaf_weight=12.157096251845358 8.1253249049186689 5.9965317100286466 6.7206495553255081 17.3685941323638 102.9421458914876 70.277201391756535 9.5574504286050779 6.672135233879092 23.302241310477257 7.0419907122850409 7.2583698257803908 7.7599862068891525 7.9338011071085912 13.272191748023031
leaf_count=44 39 27 28 78 401 291 37 26 96 26 29 34 31 49
internal_value=0.00157328 0.00278777 0.00755824 0.00379462 0.00838789 -0.00429241 -0.00138164 0.0225928 -0.00404558 -0.0176867 -0.0210763 -0.0257314 0.00590218 0.0346163
internal_weight=306.386 291.002 174.109 139.51 115.099 116.893 103.137 34.5988 93.5794 24.4106 15.3837 13.7565 14.6545 19.9443
internal_count=1236 1168 683 549 445 485 424 134 387 104 68 61 59 75
is_linear=0
shrinkage=0.03


Tree=56
num_leaves=14
num_cat=0
split_feature=70 41 41 307 310 292 279 115 319 57 280 105 174
split_gain=9.01914 9.8234 11.3061 9.44862 10.0062 5.37569 6.03607 5.03294 4.14857 3.41788 3.17348 2.47491 2.39071
threshold=20250976.000000004 20240265.000000004 20230604.500000004 0.79024173475611958 0.048551340753588031 -1.4400000000000002 -0.0065860979636806335 -0.10149999999999999 1.6290933788053821 0.43687550200803221 0.030438710258473532 0.29145000000000004 0.45281109170000017
decision_type=2 2 2 2 2 2 2 2 2 2 2 2 2
left_child=1 2 3 7 -5 9 -7 -1 10 -4 12 -12 -3
right_child=-2 8 5 4 -6 6 -8 -9 -10 -11 11 -13 -14
leaf_value=0.038011277205217527 -0.03335967789957231 0.037548823501260958 -0.0053985889004775686 0.0024090427351251193 -0.021942989667468025 -0.025331232469426247 0.016890843915440785 0.0082919326376143226 -0.0070834421113295087 -0.037695604597916127 -0.0082868088770675658 0.021294013213034129 0.015504493884318722
leaf_weight=9.2744803875684756 6.4157201871275893 11.464446678757673 4.3101618736982372 198.65241032838821 16.335910752415657 5.5273162722587585 6.5096293538808805 12.221628636121748 5.1572949141263953 11.513106629252432 4.6493986546993238 5.1882626265287399 8.5277682840824109
leaf_count=32 59 50 19 752 68 26 26 45 21 61 20 21 36
internal_value=0.00152962 0.00229832 0.000306982 0.0024501 0.000535362 -0.0177208 -0.00229915 0.0213699 0.0172146 -0.0291757 0.0215254 0.00706917 0.028419
internal_weight=305.748 299.332 264.345 236.484 214.988 27.8602 12.0369 21.4961 34.9872 15.8233 29.8299 9.83766 19.9922
internal_count=1236 1177 1029 897 820 132 52 77 148 80 127 41 86
is_linear=0
shrinkage=0.03


Tree=57
num_leaves=15
num_cat=0
split_feature=46 319 319 101 284 113 174 40 136 285 78 43 114 148
split_gain=8.96805 9.9513 12.1131 11.8251 10.6198 10.2629 9.13342 8.38775 10.0048 7.62644 8.42212 6.76079 6.52252 5.31741
threshold=0.23515000000000003 1.1118182608657612 1.0030076477408703 0.19305000000000003 0.32597443302590379 0.30080000000000001 0.17624236210000002 32.490000000000002 4.589018750000001 -2.4399999999999973 3.0950000000000002 0.062550000000000008 0.2546000000000001 2021.5000000000002
decision_type=2 2 2 2 2 2 2 2 2 2 2 2 2 2
left_child=11 2 4 -4 5 -2 -5 9 -9 10 -3 -1 -10 -11
right_child=1 7 3 6 -6 -7 -8 8 12 13 -12 -13 -14 -15
leaf_value=0.0039032854424753925 -0.0061745237400381604 0.016674898437521568 0.020552415923688384 -0.035192063513371112 -0.038245440903557186 0.0081566445594675099 0 -0.04511127588604797 -0.011633701712694072 0.040439771950492212 -0.023185987136958457 0.043569960824156324 0.029763316205567814 0.0049795684857369075
leaf_weight=8.1423309668898565 80.596838638186455 18.307901859283451 5.8815781325101844 23.151879593729973 6.06400442123413 101.23025531321764 9.1742623522877675 4.4166027456522015 7.7061419114470464 15.025800243020059 6.3004264533519736 7.6349864453077307 5.9412504956126213 5.3966688811779013
leaf_count=34 339 72 24 103 26 395 39 18 33 54 26 27 22 24
internal_value=0.00148697 0.000271169 -0.00265873 -0.0180357 0.000460156 0.00178781 -0.0251908 0.0108055 -0.00631779 0.0177397 0.00629544 0.0234413 0.00625525 0.0312855
internal_weight=304.971 289.194 226.099 38.2077 187.891 181.827 32.3261 63.0948 18.064 45.0308 24.6083 15.7773 13.6474 20.4225
internal_count=1236 1175 926 166 760 734 142 249 73 176 98 61 55 78
is_linear=0
shrinkage=0.03


Tree=58
num_leaves=11
num_cat=0
split_feature=304 70 288 69 106 169 76 137 316 156
split_gain=8.80429 10.3977 10.3634 9.6635 15.2497 8.8279 8.63641 8.5583 6.36274 0.262109
threshold=1.1552604006831293 20250920.500000004 -1.3500000000000003 332.50000000000006 -0.13174999999999998 0.15927673905000003 5.5516500000000013 2.6047750000000005 0.52916666666666679 0.05385826089999967
decision_type=2 2 2 2 2 2 2 2 2 2
left_child=1 2 5 6 -5 -1 -4 -7 9 -2
right_child=8 -3 3 4 -6 7 -8 -9 -10 -11
leaf_value=-0.041180616503601261 -0.028365864635843757 -0.034545079514610173 0.021669504785845155 -0.015706240998704216 0.0095523150380205871 0.0087431348426495713 0.0014021164920131684 -0.0096670708440485878 0 -0.045514404256995156
leaf_weight=5.4230532348155966 3.7006421461701375 6.5030157491564742 57.935079455375671 31.974190071225166 65.125256612896919 38.3786790817976 28.584129214286804 55.195721924304962 7.0651555731892577 4.4691844135522842
leaf_count=24 20 59 219 133 250 149 112 222 27 21
internal_value=0.00144597 0.00262925 0.00350716 0.00772974 0.00119638 -0.00429442 0.0150176 -0.002083 -0.0206845 -0.0385464
internal_weight=304.354 289.119 282.616 183.619 97.0994 98.9975 86.5192 93.5744 15.235 8.16983
internal_count=1236 1168 1109 714 383 395 331 371 68 41
is_linear=0
shrinkage=0.03


Tree=59
num_leaves=17
num_cat=0
split_feature=112 52 65 170 11 132 14 156 130 178 123 159 268 42 75 139
split_gain=8.80972 9.14255 10.8264 11.2446 11.0734 9.43679 12.2752 7.53354 7.066 7.05635 7.01748 7.84864 7.59001 6.81056 6.76591 1.65894
threshold=0.56250000000000011 0.11659270833333339 16.390000000000004 8.0004442537000013 19.875000000000004 72.401250000000019 18.675000000000004 -6.2879484560999988 8.5000000000000018 1.7047246528500002 673.50000000000011 14.463264285400001 -0.092834853888491928 0.58415000000000006 4.666500000000001 53.675911107500006
decision_type=2 2 2 2 2 2 2 2 2 2 2 2 2 2 2 2
left_child=1 2 10 4 -4 7 -7 -3 -2 -9 11 -1 -12 14 15 -10
right_child=8 5 3 -5 -6 6 -8 9 13 -11 12 -13 -14 -15 -16 -17
leaf_value=0.017316752582699355 0.042089880088288532 0.018335013854526863 -0.021867108056073874 0.031510583229730042 0.002893000168786697 -0.020361407848498849 0.035597471971992908 -0.0096591392305232573 0.044480656796911454 -0.033059192383654339 -0.017436633395824883 -0.020067900704416122 0.016095237245224527 -0.017708268577077177 -0.0098171080756667816 0.019672768292464917
leaf_weight=71.358166754245758 7.407096371054652 6.9110889583826056 30.945678882300854 6.7215570509433737 33.698002755641937 5.5114167109131804 9.2507655024528486 64.536899425089359 5.0690530836582237 14.315248116850851 14.658061362802984 5.2837545350193968 10.173873588442801 6.3656593933701506 5.0790144875645629 6.4166079014539719
leaf_count=275 26 27 135 26 133 29 35 273 18 64 60 23 37 27 23 25
internal_value=0.00140315 -0.000290625 0.00388149 -0.00503952 -0.00892908 -0.00749053 0.0145071 -0.0113243 0.0167148 -0.0139818 0.0101838 0.0146775 -0.00356853 0.00824061 0.018439 0.0311698
internal_weight=303.702 273.365 172.839 71.3652 64.6437 100.525 14.7622 85.7632 30.3374 78.8521 101.474 76.6419 24.8319 22.9303 16.5647 11.4857
internal_count=1236 1117 689 294 268 428 64 364 119 337 395 298 97 93 66 43
is_linear=0
shrinkage=0.03


Tree=60
num_leaves=17
num_cat=0
split_feature=61 314 318 106 69 133 43 285 130 46 108 62 24 74 135 108
split_gain=8.54123 9.35207 12.3131 10.8577 11.7793 10.7549 10.6887 10.9916 10.3576 8.18711 7.98325 7.04716 5.1955 4.3945 4.01529 3.45721
threshold=4.495000000000001 0.27997802381743125 0.20764871907455398 -0.10279999999999999 332.50000000000006 90.186144056773955 1.2771000000000001 -1.9900000000000018 7.5000000000000009 0.36275000000000007 0.55835000000000012 19.545000000000005 -0.70499999999999985 53.768800000000006 1.8698000000000004 0.50835000000000019
decision_type=2 2 2 2 2 2 2 2 2 2 2 2 2 2 2 2
left_child=14 3 11 4 8 -6 7 -5 -2 -8 13 15 -13 -4 -1 -3
right_child=1 2 10 6 5 -7 9 -9 -10 -11 -12 12 -14 -15 -16 -17
leaf_value=0.039518875016856539 0.025956698167967387 0.043645777497090289 -0.046691604796542906 0.00066239654993152609 -0.025947435446223611 0.019174467439438493 -0.044275990385199034 0.021998905991622856 -0.0079834882469892073 -0.004723165677796598 0.015903052230984451 0.026918233282702764 -0.00084066757041144108 -0.0080480662244463014 0.0047222140252436238 0.018169163185014717
leaf_weight=7.4035621881484968 10.872215181589125 10.421167179942133 5.1585649922490138 62.206892386078835 42.352884843945503 5.2028319686651221 5.4063346534967414 33.555810064077377 30.663523189723492 34.778383448719978 6.0025417953729621 8.7191776558756846 18.813167132437229 5.8930986374616623 5.3612283319234848 10.302881285548208
leaf_count=30 43 38 23 258 186 21 25 124 127 144 23 33 76 25 21 39
internal_value=0.00136466 0.000294249 0.0102888 -0.00259633 -0.0107372 -0.020918 0.00272058 0.00818528 0.000869499 -0.0102157 -0.0114674 0.0180475 0.00790729 -0.0266116 0.0252877 0.0312723
internal_weight=303.114 290.349 65.3106 225.039 89.0915 47.5557 135.947 95.7627 41.5357 40.1847 17.0542 48.2564 27.5323 11.0517 12.7648 20.724
internal_count=1236 1185 257 928 377 207 551 382 170 169 71 186 109 48 51 77
is_linear=0
shrinkage=0.03


Tree=61
num_leaves=17
num_cat=0
split_feature=46 319 319 101 284 66 137 113 174 307 178 14 112 305 13 304
split_gain=8.3021 9.12358 11.5154 10.9704 9.84907 9.60825 10.4781 9.54406 8.51075 6.73345 5.5009 5.19914 9.94469 5.03479 1.62242 1.43108
threshold=0.23515000000000003 1.1118182608657612 1.0030076477408703 0.19305000000000003 0.32597443302590379 3.8300000000000005 4.8282000000000007 0.30080000000000001 0.17624236210000002 0.90103406162565369 0.76481173155000015 18.525000000000002 0.47915000000000002 1.0324276276629492 22.425000000000004 1.0022940811658099
decision_type=2 2 2 2 2 2 2 2 2 2 2 2 2 2 2 2
left_child=9 2 4 -4 7 11 13 -2 -5 -1 -8 12 -3 -7 -13 -11
right_child=1 5 3 8 -6 6 10 -9 -10 15 -12 14 -14 -15 -16 -17
leaf_value=-0.0058226260117492509 -0.0060355179935157313 0.033741339749983938 0.019580731141408934 -0.034396518808649072 -0.037122814823720422 -0.0036749149679502955 -0.004913308129995431 0.007828613369683643 0 0.02203487851279785 0.036368219739581181 0.04095917746121245 -0.0053584266445179394 -0.042740986326234763 0.018313881910791061 0.046604606445035661
leaf_weight=4.9322424009442321 80.027164131402969 9.7413787841796893 5.8322163298726073 22.868375107645992 5.9862094819545737 5.9907961338758486 5.543273486196993 100.67817157506943 9.1295610591769201 4.8907647058367711 5.7147144004702568 9.704509384930132 14.144560195505617 6.2114981263875961 5.2248636782169333 5.7716417759656906
leaf_count=21 339 39 24 103 26 24 24 395 39 20 20 37 57 27 21 20
internal_value=0.00132855 0.000155314 -0.00265281 -0.0177243 0.00039299 0.0103155 -0.00472826 0.00167221 -0.0246571 0.0225756 0.0159134 0.019474 0.0105367 -0.0239909 0.0334082 0.0359229
internal_weight=302.392 286.797 224.522 37.8302 186.692 62.2756 23.4603 180.705 31.9979 15.5946 11.258 38.8153 23.8859 12.2023 14.9294 10.6624
internal_count=1236 1175 926 166 760 249 95 734 142 61 44 154 96 51 58 40
is_linear=0
shrinkage=0.03


Tree=62
num_leaves=16
num_cat=0
split_feature=112 63 265 314 113 110 311 130 307 288 1 275 186 319 318
split_gain=8.31199 8.64961 10.5554 10.7718 9.96221 8.55688 6.7702 6.72125 6.48971 6.08157 5.62104 5.31245 4.78369 5.22014 0.821104
threshold=0.56250000000000011 5.3600000000000003 1.3037335105190133 0.2940517751148885 0.31500000000000006 -0.25374999999999998 -0.033103511255193833 8.5000000000000018 1.1166366109695174 -1.5749999999999991 66.175000000000026 0.15374346580188561 -0.9308618214750003 0.94865160215432687 0.030956877448212631
decision_type=2 2 2 2 2 2 2 2 2 2 2 2 2 2 2
left_child=1 10 3 4 -3 -4 -5 -2 -7 -9 11 -1 13 -11 -12
right_child=7 2 5 6 -6 8 -8 9 -10 12 14 -13 -14 -15 -16
leaf_value=-0.018433228968772451 0.041178822008986829 -0.0094968073528202013 0.012289950682469179 0.045307453680193246 0.0044601843470749277 -0.042027529568816085 0.0090064799691155981 -0.019659891534382048 -0.00071365850030832595 -0.01924228338053274 0.042363530357687175 0.020422784676329478 0.036010051566091737 0.022566149173462363 0.022262529199463397
leaf_weight=5.4276294559240359 7.3022023737430599 100.36018900573254 5.1203737854957607 5.3152264133095732 84.538072630763054 13.057503916323187 35.570009499788284 5.3076659142971065 4.8309648334980002 4.7507350593805366 5.5097602009773237 7.2408649474382401 6.8397068828344301 5.8682231158018112 4.7444565296173096
leaf_count=23 26 429 20 20 336 58 140 22 21 20 21 29 26 25 20
internal_value=0.00129186 -0.000355936 -0.00199394 -4.15395e-06 -0.0031003 -0.0213052 0.013898 0.0162335 -0.0311031 0.00795605 0.0172233 0.00352656 0.0165867 0.0035769 0.0336577
internal_weight=301.784 271.715 248.792 225.783 184.898 23.0088 40.8852 30.0685 17.8885 22.7663 22.9227 12.6685 17.4587 10.619 10.2542
internal_count=1236 1117 1024 925 765 99 160 119 79 93 93 52 71 45 41
is_linear=0
shrinkage=0.03


Tree=63
num_leaves=14
num_cat=0
split_feature=71 41 41 288 307 292 68 314 291 187 318 135 280
split_gain=8.1497 8.94488 10.0739 8.55807 9.36273 5.13992 5.68985 4.62491 4.21271 4.30989 5.26793 2.72438 1.44224
threshold=20250973.000000004 20240265.000000004 20230604.500000004 3.0749999999999997 1.0287594181957134 -1.4400000000000002 0.41165000000000007 0.22939046180932524 2.1300000000000003 -0.45634525672499976 0.12645614636216443 1.9784250000000003 0.030438710258473532
decision_type=2 2 2 2 2 2 2 2 2 2 2 2 2
left_child=1 2 3 4 -1 11 -7 -5 9 10 -3 -4 -11
right_child=-2 8 5 7 -6 6 -8 -9 -10 12 -12 -13 -14
leaf_value=0.00577460201452686 -0.032987180304841317 0.024261360730879627 -0.0076677158717286887 0.0083372810050203611 -0.0068713634036156922 0.015473189794986181 -0.026179687430186033 0.03931650428617308 -0.0082900922262805505 0.034816543400096732 -0.017089309585475335 -0.036661602434374781 0.013377466504957183
leaf_weight=124.36522389948368 6.0177645459771147 6.0657242089509982 4.4412002265453365 10.578385263681414 91.22761844098568 6.8269814699888212 5.0215828269720078 7.7396721094846717 5.0624247491359702 13.648192822933199 4.879545733332634 10.910596765577791 4.4222835451364508
leaf_count=470 59 25 20 40 360 26 26 27 20 63 20 60 20
internal_value=0.00125822 0.00197745 7.6809e-05 0.00210011 0.000408877 -0.0171568 -0.00200015 0.0217318 0.0164098 0.0208359 0.00556726 -0.0285719 0.0298375
internal_weight=301.207 295.189 261.111 233.911 215.593 27.2004 11.8486 18.3181 34.0782 29.0157 10.9453 15.3518 18.0705
internal_count=1236 1177 1029 897 830 132 52 67 148 128 45 80 83
is_linear=0
shrinkage=0.03


Tree=64
num_leaves=11
num_cat=0
split_feature=304 70 41 41 319 316 292 319 181 17
split_gain=8.18408 9.47027 9.60367 10.3715 8.4373 6.046 4.8997 4.65607 3.97183 0.181408
threshold=1.1552604006831293 20250920.500000004 20240213.500000004 20230604.500000004 1.1118182608657612 0.52916666666666679 -1.4400000000000002 1.6290933788053821 3.3110205709000007 16.315000000000001
decision_type=2 2 2 2 2 2 2 2 2 2
left_child=1 2 3 4 -1 9 -5 8 -4 -2
right_child=5 -3 7 6 -6 -7 -8 -9 -10 -11
leaf_value=0.00037243710169076528 -0.028454834791389563 -0.034172091729845568 0.029965069242766536 -0.02795660962046324 0.015152067602211328 0 -0.00098937502054253427 -0.0071870435835355026 0.0023006977184917097 -0.044601451729117655
leaf_weight=178.44926652312279 3.6729942485690099 6.1298653483390799 20.635718867182735 14.869826704263689 43.213716521859169 7.0200011730194092 10.603810742497442 5.0717513263225547 6.3626671433448783 4.3037468791007996
leaf_count=684 20 59 92 78 161 27 45 21 28 21
internal_value=0.00122374 0.00237129 0.00319628 0.00117578 0.00327282 -0.0202826 -0.0168961 0.0186212 0.0235887 -0.0379823
internal_weight=300.333 285.337 279.207 247.137 221.663 14.9967 25.4736 32.0701 26.9984 7.97674
internal_count=1236 1168 1109 968 845 68 123 141 120 41
is_linear=0
shrinkage=0.03


Tree=65
num_leaves=16
num_cat=0
split_feature=46 306 314 46 113 24 14 65 75 69 108 137 307 102 304
split_gain=7.92908 7.78824 13.1212 9.67715 9.48915 10.0297 9.36669 9.15196 9.10769 9.00183 7.71677 8.17613 6.33567 3.47672 1.35985
threshold=0.23515000000000003 0.92619572985962151 0.22807110959940372 0.63675000000000015 0.30080000000000001 -0.41499999999999992 20.925000000000004 40.620000000000012 2.7674000000000007 326.50000000000006 0.52500000000000013 5.0630000000000015 0.90103406162565369 -0.60544999999999993 1.0022940811658099
decision_type=2 2 2 2 2 2 2 2 2 2 2 2 2 2 2
left_child=12 2 10 4 9 -6 8 13 -5 -3 11 -2 -1 -4 -14
right_child=1 3 7 6 5 -7 -8 -9 -10 -11 -12 -13 14 -15 -16
leaf_value=-0.0055821250112844129 -0.00099500034407031847 0.017069389549278047 0.011882314201023099 0.021522759841282768 0.018866456362592963 -0.001294055807886031 0.0076732325976142362 -0.0047818271958190483 -0.033794664324524389 -0.011854548469039659 0.021567803269076657 -0.035322428093290996 0.021456836625684338 0.037103625085670208 0.045636821118609817
leaf_weight=4.8740579634904853 24.774093374609947 11.124596171081064 7.285587020218375 2.910750791430476 35.681155145168304 57.868909046053886 9.4143627285957319 8.6662112921476346 21.986543096601963 67.970272719860077 8.8252953514456731 8.3410992324352247 4.8123956397175771 19.289428293704987 5.6944098472595215
leaf_count=21 102 43 29 11 141 233 38 36 104 295 34 36 20 73 20
internal_value=0.00118826 3.85174e-05 0.00817589 -0.0029842 -7.11844e-05 0.00637531 -0.0175116 0.0216534 -0.0271472 -0.00773213 -0.00310203 -0.00981207 0.0220968 0.0303721 0.0351513
internal_weight=299.519 284.138 77.1817 206.957 172.645 93.5501 34.3117 35.2412 24.8973 79.0949 41.9405 33.1152 15.3809 26.575 10.5068
internal_count=1236 1175 310 865 712 374 153 138 115 338 172 138 61 102 40
is_linear=0
shrinkage=0.03


Tree=66
num_leaves=13
num_cat=0
split_feature=112 140 314 75 115 106 53 109 45 54 111 0
split_gain=7.79903 8.03515 8.31877 12.1298 8.94684 8.00345 6.75853 6.71647 5.5862 4.57058 4.10094 4.17995
threshold=0.56250000000000011 2.6270313630500004 0.2940517751148885 3.5875000000000004 0.74495000000000011 -0.22974999999999998 0.4811457983193278 0.29385000000000006 0.58947368421052648 0.61580000000000013 0.17190000000000003 66.990000000000023
decision_type=2 2 2 2 2 2 2 2 2 2 2 2
left_child=1 -1 3 5 -5 -3 -2 -4 -9 10 -8 -12
right_child=6 2 7 4 -6 -7 9 8 -10 -11 11 -13
leaf_value=0.037166819044003097 -0.012661997195990515 -0.0084197715089462041 0.032440579058886698 -0.015184339565984386 0.012370718711683484 0.0078530812760493167 0.048698710867128812 -0.0039354606269605937 0.02111333138715954 -0.0016166639310913387 0.034969447467701267 0
leaf_weight=4.9123412743210784 5.8536197915673283 40.047942422330379 9.7613144889473897 82.994716756045818 11.958851508796213 83.719747364521027 6.7018879503011766 23.905477836728096 11.840782359242437 5.1462027654051772 6.3731795102357847 5.6024810597300529
leaf_count=18 25 167 39 373 47 330 24 97 46 22 24 24
internal_value=0.00115692 -0.000443908 -0.00116828 -0.0036073 -0.011673 0.00256085 0.0157281 0.0104707 0.0043139 0.0228529 0.0297275 0.0185469
internal_weight=298.819 269.141 264.229 218.721 94.9536 123.768 29.6774 45.5076 35.7463 23.8238 18.6775 11.9757
internal_count=1236 1117 1099 917 420 497 119 182 143 94 72 48
is_linear=0
shrinkage=0.03


Tree=67
num_leaves=9
num_cat=0
split_feature=304 70 41 70 68 106 262 150
split_gain=7.63249 9.07988 9.01017 9.90995 9.25285 5.78878 4.22744 4.42641
threshold=1.1552604006831293 20250920.500000004 20240213.500000004 20231022.000000004 0.23410000000000003 0.5565500000000001 0.24483549392908902 2.7954193352500005
decision_type=2 2 2 2 2 2 2 2
left_child=1 2 3 4 -1 -2 7 -4
right_child=5 -3 6 -5 -6 -7 -8 -9
leaf_value=0.029118418759465369 -0.037563401878281652 -0.034030465072517273 0.032320852509840493 -0.034041356248241172 0.00082116936997445836 0 -0.004154785860006378 0.0054907768481336104
leaf_weight=10.814471036195753 7.7246183604001981 5.9675336480140677 16.940224349498756 6.9133403897285453 228.13430924713612 7.0856599807739258 5.9745956957340232 8.7010001540184003
leaf_count=39 39 59 79 35 894 29 23 39
internal_value=0.00112616 0.00223543 0.00303817 0.00108345 0.00212606 -0.0197751 0.0180932 0.0233897
internal_weight=298.256 283.445 277.478 245.862 238.949 14.8103 31.6158 25.6412
internal_count=1236 1168 1109 968 933 68 141 118
is_linear=0
shrinkage=0.03


Tree=68
num_leaves=18
num_cat=0
split_feature=288 306 11 60 282 106 287 169 281 54 70 51 108 59 284 69 148
split_gain=7.52012 9.85134 11.6932 14.5449 12.1952 10.1 8.87959 8.02609 8.71663 8.15448 8.85057 7.1501 6.91264 6.4871 5.18214 4.62981 0.84404
threshold=-1.3500000000000003 0.84424207872508539 21.975000000000005 13.250000000000002 7.6986394800504785 0.17020000000000005 -5.5799999999999974 0.15927673905000003 1.0000000180025095e-35 0.5162500000000001 20210802.500000004 0.072250000000000023 0.50835000000000019 7.0950000000000006 0.2464436117950061 332.50000000000006 2020.5000000000002
decision_type=2 2 2 2 2 2 2 2 2 2 2 2 2 2 2 2 2
left_child=7 15 3 6 11 -5 -3 -1 9 12 -11 -4 -9 -10 -15 16 -2
right_child=1 2 4 5 -6 -7 -8 8 13 10 -12 -13 -14 14 -16 -17 -18
leaf_value=-0.039990722537668215 0.048468948385459863 -0.0098291808418260185 0.041017262701053055 -0.023048772095099444 -0.019076708333037179 0.00080576267189396181 0.013719481549500099 0.0035170512679140692 0.012712149375363654 0.02408035777773573 -0.024173290852033385 0.012731489403166157 0.035879645160678202 -0.011266916839809366 -0.040234708111119462 0.0050186269035441882 0.027670958264331628
leaf_weight=5.6405689716339102 5.2697700113058108 19.487809091806412 13.254562154412268 34.909515284001827 7.1126886904239646 28.934683211147785 53.440847717225552 13.543403081595899 8.5824560075998289 4.7876437902450553 11.076352983713148 21.751015603542328 10.849505037069319 41.402016647160053 6.5010505318641654 5.9419541656970969 5.0762278884649277
leaf_count=27 19 86 47 160 31 124 210 53 34 17 51 84 41 176 30 24 22
internal_value=0.00109408 0.00455594 0.00249654 -0.00174257 0.016305 -0.0122064 0.00738095 -0.0054742 -0.00339152 0.00721998 -0.00936313 0.0236134 0.0181215 -0.0110067 -0.0153363 0.026838 0.0389143
internal_weight=297.562 195.179 178.891 136.773 42.1183 63.8442 72.9287 102.383 96.7424 40.2569 15.864 35.0056 24.3929 56.4855 47.9031 16.288 10.346
internal_count=1236 807 742 580 162 284 296 429 402 162 68 131 94 240 206 65 41
is_linear=0
shrinkage=0.03


Tree=69
num_leaves=19
num_cat=0
split_feature=112 314 298 4 64 113 45 176 106 54 123 35 53 76 158 281 67 113
split_gain=7.4186 7.41916 9.67737 11.8353 10.8643 8.55483 8.82162 7.11516 6.93389 7.76283 6.53969 9.35184 6.33965 6.65429 6.07275 2.55699 2.35083 1.4381
threshold=0.56250000000000011 0.2940517751148885 1.3547978301927937 63.685000000000009 16.265000000000004 0.38115000000000004 0.35921052631578948 6.0489263241500009 0.72355000000000014 0.53865000000000007 671.50000000000011 5.5000000000000009 0.4811457983193278 6.0526000000000009 5.6564017913000013 -0.88683731774996044 0.25910000000000005 0.26995000000000008
decision_type=2 2 2 2 2 2 2 2 2 2 2 2 2 2 2 2 2 2
left_child=1 2 3 4 -1 6 -4 -7 10 -10 15 -12 -2 17 -5 -3 -15 -14
right_child=12 8 5 14 -6 7 -8 -9 9 -11 11 -13 13 16 -16 -17 -18 -19
leaf_value=0.0015573543605050305 -0.012186070379591723 0.01244445516904831 0.012547251852179616 0.038066674619170952 -0.021442015087632927 -0.022474285742803669 -0.021217915383764187 0.020502299060255198 0.016984268651015908 -0.027576599754571027 0.021692888638073959 -0.023895586280304592 0.020431295416687895 0.018752913043729277 0.0089761329999654901 0.040660127593682413 -0.010484540525679509 0.042946539121311127
leaf_weight=70.43758025765419 5.8302711173892048 4.6137730181217185 7.8548301309347144 7.6974550634622565 24.863267213106155 4.796145528554919 51.95868843048811 11.526501625776289 6.3198125436902028 7.5920039564371109 11.117865547537805 6.2041205540299407 4.8539780601859119 4.4741312712430936 41.896365523338318 10.504384726285933 5.2017167508602142 9.0691317170858365
leaf_count=286 25 20 31 28 112 22 242 45 25 31 43 26 19 17 165 41 23 35
internal_value=0.00106539 -0.000499456 -0.0027995 0.0017337 -0.00442775 -0.0114569 -0.0167202 0.0076317 0.0103862 -0.00714279 0.0179945 0.00514908 0.0153382 0.0222875 0.0136192 0.0323847 0.00278157 0.0355127
internal_weight=296.812 267.383 221.031 144.895 95.3008 76.1362 59.8135 16.3226 46.352 13.9118 32.4401 17.322 29.4292 23.599 49.5938 15.1182 9.67585 13.9231
internal_count=1236 1117 931 591 398 340 273 67 186 56 130 69 119 94 193 61 40 54
is_linear=0
shrinkage=0.03


Tree=70
num_leaves=15
num_cat=0
split_feature=102 138 313 46 186 132 137 314 310 11 268 60 120 277
split_gain=7.27677 9.91797 10.5401 7.79967 8.58746 10.4129 10.9461 8.92676 7.9562 7.85225 7.19105 7.04221 9.6165 9.43179
threshold=-0.43874999999999992 66.342284141588252 -0.13767711962833909 0.22905000000000003 -0.88139629377499995 67.562000000000012 2.7167000000000003 0.15185821667532318 0.1409313496875291 18.975000000000005 -0.47212263784651914 12.565000000000001 7697.9950000000008 1.1895116016261964
decision_type=2 2 2 2 2 2 2 2 2 2 2 2 2 2
left_child=1 10 -3 -2 5 6 -5 -6 -9 -7 -1 13 -13 -4
right_child=3 2 11 4 7 9 -8 8 -10 -11 -12 12 -14 -15
leaf_value=-0.0068536687369955621 0.029869685914224561 0.019875876166316864 -0.01401903240067329 0.0047657117095445357 -0.021543911414334361 -0.006057231926487514 -0.013560325558851128 0.019852569196825237 -0.015000723534133053 0.030188104383893768 0.032547969663521616 -0.03579666143827543 -0.0026447151034706953 0.030257312618388148
leaf_weight=7.5529492869973209 9.9116207808256132 8.2163678854703885 17.569911003112797 54.45639181137085 6.2838516458868972 8.2350953519344348 62.962007015943527 49.807027086615562 6.5104590579867354 14.6345372274518 8.855488680303095 23.248584188520908 12.214910574257372 5.6196226552128783
leaf_count=31 38 35 75 225 28 37 266 194 31 54 34 114 52 22
internal_value=0.0010386 -0.00646093 -0.0116132 0.00398923 0.00269604 -0.0014091 -0.00503871 0.011931 0.0157508 0.0170364 0.0142977 -0.0161017 -0.0245018 -0.00307669
internal_weight=296.079 83.2778 66.8694 212.801 202.889 140.288 117.418 62.6013 56.3175 22.8696 16.4084 58.653 35.4635 23.1895
internal_count=1236 363 298 873 835 582 491 253 225 91 65 263 166 97
is_linear=0
shrinkage=0.03


Tree=71
num_leaves=15
num_cat=0
split_feature=71 112 51 58 285 145 288 277 305 176 76 286 156 116
split_gain=7.08902 7.74088 8.45125 8.51011 8.3177 8.18424 8.03035 7.44078 6.85148 6.3231 7.57348 5.0693 3.84415 2.5529
threshold=20250973.000000004 0.54585000000000006 0.29055000000000003 4.8850000000000007 -3.5249999999999981 1.4167744435500003 1.0000000180025095e-35 -0.20327386090266478 1.1773547308517167 19.441355762900002 9.6792500000000015 -2.3200000000000034 -0.30170025184999999 0.49400000000000005
decision_type=2 2 2 2 2 2 2 2 2 2 2 2 2 2
left_child=1 2 3 13 9 11 -5 -7 12 10 -3 -4 -6 -1
right_child=-2 4 5 6 8 7 -8 -9 -10 -11 -12 -13 -14 -15
leaf_value=0.03808484925844885 -0.032476880387164057 0.018324885503092622 -0.036055976723732092 -0.0029017907396914509 0.011497850627265696 0.030056881599246032 0.012892066171825959 -0.0059357301468429494 -0.0080791763173672648 -0.026678808299584123 -0.02480623886334159 -0.0096531082234383343 0.03985616932959863 0.0096209093006582955
leaf_weight=7.4178660437464696 5.4740323647856703 15.546629503369337 12.615741498768331 111.94424334168434 6.680995509028441 5.8005540370941153 38.928749531507492 41.202940620481968 4.7099746763706198 5.9873210638761512 4.6453799903392783 14.53409458696842 14.742226883769034 5.2298082113265991
leaf_count=32 59 60 62 454 26 21 152 168 20 25 20 61 55 21
internal_value=0.00100931 0.00166274 -0.000626339 0.00316969 0.0121014 -0.00903062 0.00115936 -0.00137592 0.0240406 2.30292e-05 0.00818094 -0.0221191 0.0312463 0.0267182
internal_weight=295.461 289.987 237.674 163.521 52.3125 74.1533 150.873 47.0035 26.1332 26.1793 20.192 27.1498 21.4232 12.6477
internal_count=1236 1177 971 659 206 312 606 189 101 105 80 123 81 53
is_linear=0
shrinkage=0.03


Tree=72
num_leaves=13
num_cat=0
split_feature=70 41 41 310 112 55 158 90 291 187 110 147
split_gain=6.8403 7.55238 8.33481 7.6853 8.05422 6.13886 4.54772 5.69331 4.11814 3.92926 4.23228 1.27148
threshold=20250976.000000004 20240265.000000004 20230604.500000004 0.1069373261761294 0.55415000000000014 0.13160000000000002 10.448280243700003 38776790.280000009 2.1300000000000003 -0.45634525672499976 0.13735000000000003 0.81363719445000005
decision_type=2 2 2 2 2 2 2 2 2 2 2 2
left_child=1 2 3 4 -1 -5 -4 -8 9 10 -3 -11
right_child=-2 8 6 5 -6 -7 7 -9 -10 11 -12 -13
leaf_value=0.00066179736504298249 -0.032335485808802744 0.022761810482616683 -0.035423568520884546 -0.0027628673753510124 0.016800548782446714 -0.04308536840318309 0.0085067476161151193 -0.024517462360227334 -0.0094356786393030891 0.033683383596274624 -0.014609428016380401 0.013267319321550883
leaf_weight=183.40928769111633 5.3355594947934142 5.6764390021562594 7.7196407169103649 8.4861121624708158 32.81143145263195 5.7870064228773108 9.3041842654347438 9.141160771250723 4.9633289575576773 12.605686500668527 4.9950353801250458 4.4490023702383033
leaf_count=711 59 24 45 34 124 28 41 46 20 62 21 21
internal_value=0.000981303 0.00161699 -0.000103445 0.00170868 0.00313135 -0.0195063 -0.0161268 -0.00774161 0.0151754 0.019707 0.00501757 0.0286408
internal_weight=294.684 289.348 256.659 230.494 216.221 14.2731 26.165 18.4453 32.6895 27.7262 10.6715 17.0547
internal_count=1236 1177 1029 897 835 62 132 87 148 128 45 83
is_linear=0
shrinkage=0.03


Tree=73
num_leaves=10
num_cat=0
split_feature=61 283 149 314 75 48 303 134 307
split_gain=6.71592 8.37661 9.15579 6.97663 8.75126 7.36217 5.56204 4.21926 1.51939
threshold=4.495000000000001 0.015163471214555529 2.4062547741000002 0.29199464751051613 3.5875000000000004 0.068350000000000008 0.18040000000000003 2.3408206578947373 0.97906859166312066
decision_type=2 2 2 2 2 2 2 2 2
left_child=7 6 -3 4 -4 -5 8 -1 -2
right_child=1 2 3 5 -6 -7 -8 -9 -10
leaf_value=0.038168842028052527 -0.019711273523882335 0.038627063654495246 0.0037129750009506422 0.023550913226209457 -0.0086135633307030859 0.00011230940979293839 -0.0015473422323682186 0.0016682048743237726 -0.046022430633644806
leaf_weight=6.8285851553082448 4.3072431683540362 5.7110741138458243 114.2494962438941 22.002903714776039 94.480066977441311 27.120473131537437 8.60378799587488 5.1616440266370773 5.4128630757331848
leaf_count=30 20 21 461 87 420 112 37 21 27
internal_value=0.000952958 3.24611e-06 0.00138043 0.00052919 -0.00185364 0.0106982 -0.0195429 0.0228477 -0.0349882
internal_weight=293.878 281.888 263.564 257.853 208.73 49.1234 18.3239 11.9902 9.72011
internal_count=1236 1185 1101 1080 881 199 84 51 47
is_linear=0
shrinkage=0.03


Tree=74
num_leaves=10
num_cat=0
split_feature=304 70 80 70 46 316 263 90 156
split_gain=6.79581 8.02572 8.09798 9.12368 9.01187 5.52533 4.55585 3.98256 0.22013
threshold=1.1552604006831293 20250920.500000004 20240213.500000004 20231022.000000004 0.23515000000000003 0.52916666666666679 0.33816108981352694 275645086.75000006 0.05385826089999967
decision_type=2 2 2 2 2 2 2 2 2
left_child=1 2 3 4 -1 8 7 -4 -2
right_child=5 -3 6 -5 -6 -7 -8 -9 -10
leaf_value=0.027227014907767341 -0.026319805282517005 -0.03360413920398727 0.028830823270843138 -0.033443342440384202 0.00049371956315277018 2.6132189157112188e-05 -0.0088612958382503285 0.00066539396283699201 -0.043146787550470037
leaf_weight=11.871375918388365 3.3687162026762945 5.4783690236508837 19.650512315332897 6.6724873036146155 224.24168780446053 6.9122753515839577 4.8517736792564383 6.1502840071916571 4.2200134620070457
leaf_count=44 20 59 95 35 889 27 19 27 21
internal_value=0.000926526 0.00198002 0.00271595 0.000865478 0.00186148 -0.019006 0.0172247 0.0222612 -0.0365068
internal_weight=293.417 278.916 273.438 242.786 236.113 14.501 30.6526 25.8008 7.58873
internal_count=1236 1168 1109 968 933 68 141 122 41
is_linear=0
shrinkage=0.03


Tree=75
num_leaves=16
num_cat=0
split_feature=288 48 11 60 282 108 287 169 187 165 0 169 60 136 0
split_gain=6.73989 10.2109 9.67935 12.204 11.7391 9.30213 7.92618 7.42501 7.14114 6.87164 9.09662 8.66348 8.42755 8.10587 7.76387
threshold=-1.3500000000000003 -0.26059999999999994 21.975000000000005 13.250000000000002 7.6986394800504785 0.52500000000000013 -5.5799999999999974 0.15927673905000003 1.3775536692250003 -0.10085990259999998 58.765000000000008 0.72961883940000016 5.330000000000001 3.8731008333333343 70.110000000000014
decision_type=2 2 2 2 2 2 2 2 2 2 2 2 2 2 2
left_child=7 -2 3 6 8 -5 -3 -1 -4 11 -11 13 -12 -9 -13
right_child=1 2 4 5 -6 -7 -8 9 -10 10 12 14 -14 -15 -16
leaf_value=-0.039008151297456203 0.040439468839279943 -0.0086131681395174263 0.028552293004388232 -0.018644115864921668 -0.019234022315918944 0.0045194414092581099 0.0132851986328325 0.01292793273683243 -0.0059696513435799296 0.034762728713326245 0.027584539013742578 0.00034691052534913629 -0.015020252136820423 -0.037845542612653771 0.038144588581946068
leaf_weight=5.4940318018198004 6.6671293675899497 20.125249780714512 29.558061510324478 42.709705330431461 7.2054419368505469 24.217558048665524 55.002086102962494 5.3940920978784579 6.3862497359514228 3.892888903617858 4.3767216801643363 9.5968335121870059 56.22199472039938 5.6362178176641464 10.234331063926218
leaf_count=27 26 90 111 197 32 105 220 22 26 14 19 39 245 26 37
internal_value=0.000899638 0.00420803 0.00286644 -0.000896268 0.0152965 -0.0102234 0.00737549 -0.00536312 0.022336 -0.00335431 -0.00894355 0.00821988 -0.0118533 -0.0128535 0.0200973
internal_weight=292.719 191.871 185.204 142.055 43.1498 66.9273 75.1273 100.847 35.9443 95.3531 64.4916 30.8615 60.5987 11.0303 19.8312
internal_count=1236 807 781 612 169 302 310 429 137 402 278 124 264 48 76
is_linear=0
shrinkage=0.03


Tree=76
num_leaves=18
num_cat=0
split_feature=288 48 2 61 319 51 114 168 314 78 74 42 298 262 160 314 167
split_gain=6.35513 9.74605 8.93926 10.1633 16.427 8.86249 15.7494 7.61981 9.29833 10.5403 12.2114 9.12234 8.1138 6.55417 6.03005 6.02825 1.50462
threshold=-1.3500000000000003 -0.26059999999999994 67.590000000000018 14.640708333333334 0.83914074638412506 0.27690000000000009 0.34190000000000004 8.9757771579000032 0.21228244937114069 3.0150000000000001 46.186450000000008 0.60745000000000016 1.3111741304290074 0.064097203945442174 0.40638494455000002 0.18248699604379562 7.6653128255000018
decision_type=2 2 2 2 2 2 2 2 2 2 2 2 2 2 2 2 2
left_child=7 -2 3 15 -5 14 -7 8 12 11 -11 -10 13 -1 -4 -3 -14
right_child=1 2 5 4 -6 6 -8 -9 9 10 -12 -13 16 -15 -16 -17 -18
leaf_value=-0.035391387602602888 0.039693779290057726 -0.0048313391669483653 -0.0090002764679341079 0.0077999414687877928 -0.024815441874334855 -0.021520812146034962 0.028669301340175934 0.020564849019722269 0.023637693871202414 -0.038874627796628092 0.0018978814863643502 -0.020342459060875895 -0.021590993537930959 0.0010198510202759933 0.028871538734215954 0.012623739917801158 -0.04444698262858908
leaf_weight=5.8166094720363644 6.5916320383548728 28.79603087157011 4.2278152778744724 23.855423249304295 32.717150405049324 13.659385532140734 9.4138682484626752 9.2079005911946279 19.862675510346893 9.995517313480379 18.761575780808926 5.2363521158695212 4.8889530077576628 17.332721337676048 26.58906364440918 45.60271218419075 9.4304883703589422
leaf_count=29 26 123 19 99 156 64 35 36 78 43 80 22 24 70 101 184 47
internal_value=0.000875795 0.00409115 0.00278467 -0.00142814 -0.0110198 0.0130625 -0.000878478 -0.00521565 -0.00786746 6.77337e-05 -0.0122557 0.0142988 -0.0193229 -0.00811285 0.0235665 0.00583007 -0.0370554
internal_weight=291.986 191.453 184.861 130.971 56.5726 53.8901 23.0733 100.533 91.3249 53.8561 28.7571 25.099 37.4688 23.1493 30.8169 74.3987 14.3194
internal_count=1236 807 781 562 255 219 99 429 393 223 123 100 170 99 120 307 71
is_linear=0
shrinkage=0.03


Tree=77
num_leaves=10
num_cat=0
split_feature=304 71 71 66 103 319 149 147 1
split_gain=6.45595 7.61124 7.5365 7.91398 9.65683 8.13931 5.55326 2.76718 1.85392
threshold=1.1552604006831293 20250917.500000004 20241229.000000004 3.1850000000000005 0.046750000000000007 1.1118182608657612 10.895873353500003 0.48340999094999998 67.065000000000012
decision_type=2 2 2 2 2 2 2 2 2
left_child=1 2 3 5 -5 -1 -2 -4 -8
right_child=6 -3 7 4 -6 -7 8 -9 -10
leaf_value=0.0022452239024386197 0.0045865093743041605 -0.033429735905264761 0.034534708581079855 -0.011546664582451138 0.008053204711079183 0.019378492398036903 -0.045905212274330753 0.0042033033916623564 -0.016255942233175814
leaf_weight=125.51639483869076 5.4692572876811019 5.275692854076623 8.6800843328237516 68.142396122217178 33.582703478634357 31.238980650901794 4.8883762881159765 4.3050437271594992 3.984783835709095
leaf_count=495 25 59 42 292 130 130 24 20 19
internal_value=0.000850992 0.00188067 0.00259 0.00145263 -0.00504511 0.00568893 -0.0186846 0.024817 -0.0332541
internal_weight=291.084 276.741 271.466 258.48 101.725 156.755 14.3424 12.9851 8.87316
internal_count=1236 1168 1109 1047 422 625 68 62 43
is_linear=0
shrinkage=0.03


Tree=78
num_leaves=14
num_cat=0
split_feature=112 140 4 288 46 307 22 319 300 53 76 77 109
split_gain=6.22589 7.01496 6.91614 11.0359 9.63416 9.13672 9.19458 8.16869 6.4658 5.82351 6.24 3.78379 1.87427
threshold=0.56250000000000011 2.6270313630500004 65.390000000000015 -1.1249999999999998 0.41845000000000004 0.81179943076004091 -0.054999999999999993 0.89457603411583941 1.25603718485145 0.4811457983193278 6.0526000000000009 51.485000000000007 0.26645000000000002
decision_type=2 2 2 2 2 2 2 2 2 2 2 2 2
left_child=1 -1 5 4 -4 6 -3 -7 -5 -2 12 -12 -11
right_child=9 2 3 8 -6 7 -8 -9 -10 10 11 -13 -14
leaf_value=0.034973311316542757 -0.01251039675501075 0.021722641304450733 0.0085454018050208757 0.020712562128854896 -0.032705878211691408 -0.00041053820675509048 -0.01975918068779629 -0.014413356158724664 0.00062021124788479815 0.017435345311778729 -0.018335041669151213 0.019378292335771832 0.042654511613949724
leaf_weight=4.7861880138516417 5.7051229774951961 19.839933909475807 9.4864941239357012 35.166166953742504 10.612644627690313 75.041630856692791 6.1803994923830023 75.764930482953787 24.922911882400513 4.8410243988037136 4.3055967688560468 5.1065859720110893 8.5874546170234662
leaf_count=18 25 79 38 135 48 320 28 347 104 21 18 22 33
internal_value=0.000827515 -0.00061417 -0.0013019 0.00598501 -0.0131415 -0.00462487 0.011717 -0.0074703 0.0124437 0.0141103 0.0209159 0.00179958 0.0339807
internal_weight=290.347 261.801 257.015 80.1882 20.0991 176.827 26.0203 150.807 60.0891 28.5458 22.8407 9.41218 13.4285
internal_count=1236 1117 1099 325 86 774 107 667 239 119 94 40 54
is_linear=0
shrinkage=0.03


Tree=79
num_leaves=16
num_cat=0
split_feature=102 138 313 292 307 54 297 268 0 60 277 120 95 136 314
split_gain=6.31682 8.96941 9.84556 7.11084 7.51671 8.57653 8.10856 6.70234 6.38633 5.926 9.88734 8.81582 5.01451 4.5315 4.28466
threshold=-0.43874999999999992 66.342284141588252 -0.13767711962833909 -6.1249999999999991 0.78645572338750103 0.58211774076405942 0.89946568421743212 -0.47212263784651914 78.875000000000014 12.435 1.1895116016261964 7697.9950000000008 -5.0000000000000009 2.5232230769230779 0.214790007679212
decision_type=2 2 2 2 2 2 2 2 2 2 2 2 2 2 2
left_child=1 7 -3 12 14 8 -7 -1 -6 10 -4 -11 13 -2 -5
right_child=3 2 9 4 5 6 -8 -9 -10 11 -12 -13 -14 -15 -16
leaf_value=-0.0069349447130980868 -0.0036525213321609244 0.019494796164968745 -0.014718424464377844 0.0058788097062243668 0.0053421303224192819 0.011290946620144736 -0.017494508387030653 0.031427825924720633 0.031872742533375978 -0.034093101538597813 0.031781120508565339 -0.0021486270459061701 0.0078528337469868145 -0.044179907394954705 0.039670235859837782
leaf_weight=7.427067011594775 4.4610731080174428 8.049945227801798 16.774453528225425 6.034201204776763 128.67129854112864 12.561170622706411 28.267039753496647 8.6939011961221677 8.6953201293945295 23.120611980557442 5.3277124986052504 12.022426523268221 5.2168923839926711 6.1004854328930378 8.4424071758985502
leaf_count=31 20 35 73 25 534 50 129 34 33 117 21 52 22 28 32
internal_value=0.000805301 -0.00626282 -0.0112347 0.00358202 0.00518165 0.00346579 -0.00855915 0.013635 0.00706531 -0.0156347 -0.00328196 -0.0232871 -0.0156718 -0.0275378 0.0259279
internal_weight=289.866 81.4161 65.2951 208.45 192.671 178.195 40.8282 16.121 137.367 57.2452 22.1022 35.143 15.7785 10.5616 14.4766
internal_count=1236 363 298 873 803 746 179 65 567 263 94 169 70 48 57
is_linear=0
shrinkage=0.03


Tree=80
num_leaves=11
num_cat=0
split_feature=61 283 149 314 106 47 47 177 134 40
split_gain=5.96991 7.73724 7.70758 6.85248 8.74329 6.67191 5.40602 4.70038 4.14422 0.195646
threshold=4.495000000000001 0.018137056739739459 2.4062547741000002 0.29199464751051613 -0.25324999999999992 0.38680000000000009 0.73445000000000016 0.98401695355000007 2.3408206578947373 12.605000000000002
decision_type=2 2 2 2 2 2 2 2 2 2
left_child=8 6 -3 4 -4 -5 7 9 -1 -2
right_child=1 2 3 5 -6 -7 -8 -9 -10 -11
leaf_value=0.037321630099130879 -0.049225583207412146 0.037034174697717068 -0.011975579851606544 0.022155089147139675 0.0019606316481033197 -5.2017502767997462e-05 0.0081328807607792333 -0.0080922433665534289 0.00072380020100887667 -0.032571833774653329
leaf_weight=6.5589052438735944 4.1928783804178256 5.2306981682777396 55.593526974320412 23.458471775054932 147.83313577994704 24.645447768270969 5.2639966011047354 7.2479959726333609 5.0865671336650848 4.1852464973926544
leaf_count=30 18 19 245 95 625 103 23 33 21 24
internal_value=0.000783324 -9.21106e-05 0.00132815 0.000559284 -0.0018372 0.0107388 -0.0176147 -0.0264757 0.0217339 -0.0417425
internal_weight=289.297 277.651 256.761 251.531 203.427 48.1039 20.8901 15.6261 11.6455 8.37812
internal_count=1236 1185 1087 1068 870 198 98 75 51 42
is_linear=0
shrinkage=0.03


Tree=81
num_leaves=10
num_cat=0
split_feature=304 70 41 70 46 149 263 90 1
split_gain=6.02675 7.23288 7.24057 8.5665 8.07985 5.25201 4.26517 3.83379 1.62833
threshold=1.1552604006831293 20250920.500000004 20240213.500000004 20231022.000000004 0.23515000000000003 10.895873353500003 0.33816108981352694 275645086.75000006 66.365000000000009
decision_type=2 2 2 2 2 2 2 2 2
left_child=1 2 3 4 -1 -2 7 -4 -7
right_child=5 -3 6 -5 -6 8 -8 -9 -10
leaf_value=0.025921076302029871 0.0044099004569512637 -0.033255446128220435 0.02798688172474462 -0.033024475967887428 0.00036202679103949914 -0.04555928534290498 -0.0089697049204126248 6.6540170767036603e-05 -0.017503154252968261
leaf_weight=11.63701283931732 5.4503252729773513 5.097911298274993 18.932134568691261 6.4860094487667075 221.7151365429163 4.4676851481199247 4.7895717024803153 6.0498076528310767 4.2890698909759521
leaf_count=44 25 59 95 35 889 22 19 27 21
internal_value=0.000760983 0.00175898 0.00244426 0.000696177 0.00166004 -0.018204 0.0163768 0.0213723 -0.0325089
internal_weight=288.915 274.708 269.61 239.838 233.352 14.2071 29.7715 24.9819 8.75676
internal_count=1236 1168 1109 968 933 68 141 122 43
is_linear=0
shrinkage=0.03


Tree=82
num_leaves=19
num_cat=0
split_feature=132 11 66 304 266 314 266 314 135 76 263 95 305 165 165 288 266 17
split_gain=5.89448 9.62674 9.22833 8.77472 8.70892 7.80039 6.99106 7.42817 6.94749 6.32983 6.02248 5.97292 5.35993 6.67625 4.74119 4.67155 4.40955 2.28764
threshold=66.658425000000008 18.975000000000005 7.6850000000000014 1.1682634053128884 0.72575851042959738 0.18807366726482624 0.35184585556672182 0.29728870083134368 2.9204250000000003 5.600950000000001 -0.0083621349410059592 -5.0000000000000009 1.01248384729771 -1.0000000180025095e-35 -0.42103364649999991 -1.0000000180025095e-35 0.047082620447969188 16.440000000000001
decision_type=2 2 2 2 2 2 2 2 2 2 2 2 2 2 2 2 2 2
left_child=2 10 3 4 5 -1 7 16 -6 -8 -2 12 -3 -14 -12 -16 -4 -5
right_child=1 11 6 17 8 -7 9 -9 -10 -11 14 -13 13 -15 15 -17 -18 -19
leaf_value=-0.0031883898139889325 0.032700059784432953 0.035315030017974182 -0.0050456654967805008 -0.010743713679644705 -0.003749301415402178 0.00962200548792661 0.030075123834223012 0.0060418381244945526 -0.045357718578129216 -0.012000669022786637 -0.036742277630413704 0.043761399277496692 0.023932013770049537 -0.02548301849979227 -0.025664276828866146 0.015541434538921142 -0.038579293771786038 -0.043563954870259165
leaf_weight=68.451031088829041 2.9928135052323368 5.5118852332234409 4.8069439493119779 4.0571763738989812 10.89618916809559 112.56141185387969 4.9847539886832228 6.0449147894978514 5.4582080170512191 8.5833659470081312 4.985272258520129 8.5492473170161229 4.6623996123671523 4.9767789617180815 4.056561041623354 6.0038542747497505 16.364825207740068 4.3097823187708855
leaf_count=294 14 23 22 19 48 462 20 24 27 38 26 31 19 22 20 25 81 21
internal_value=0.00073869 0.0111563 -0.00101679 0.00155638 0.00285175 0.00476202 -0.0140423 -0.0228005 -0.0180095 0.00334489 -0.00521111 0.0237093 0.0119851 -0.00127299 -0.0131164 -0.000867335 -0.0311662 -0.0283184
internal_weight=288.257 41.7388 246.519 205.734 197.367 181.012 40.7848 27.2167 16.3544 13.5681 18.0385 23.7003 15.1511 9.63918 15.0457 10.0604 21.1718 8.36696
internal_count=1236 180 1056 871 831 756 185 127 75 58 85 95 64 41 71 45 103 40
is_linear=0
shrinkage=0.03


Tree=83
num_leaves=20
num_cat=0
split_feature=112 14 46 106 69 313 266 66 163 143 305 130 176 288 14 11 266 122 186
split_gain=5.87547 6.40429 10.892 9.23816 9.61358 9.22534 8.40972 7.86862 7.5844 7.27131 6.76403 5.93781 5.74157 4.95451 4.11117 3.72823 3.16766 2.91038 2.83631
threshold=0.56250000000000011 18.675000000000004 0.64135000000000009 -0.070899999999999977 331.50000000000006 -0.15426033113474216 0.14186380659757372 1.635 1.4188586161000003 0.19604157595000002 0.89712142916237692 8.5000000000000018 12.727006825100002 -1.5749999999999991 18.525000000000002 21.375000000000004 0.21606692457844082 0.28415000000000007 -0.94828918477499868
decision_type=2 2 2 2 2 2 2 2 2 2 2 2 2 2 2 2 2 2 2
left_child=1 2 5 4 12 16 -6 17 -9 -7 -4 -2 -3 -13 18 -12 -1 -5 -15
right_child=11 3 10 7 6 9 -8 8 -10 -11 15 13 -14 14 -16 -17 -18 -19 -20
leaf_value=0.0085260450284877828 0.037946508063967287 0.026823813380531983 0.011221548398984531 0.018184397336921062 0.0066142815480289847 0.01082006429474771 -0.027993794167735665 -0.0041509294256322363 0.021236579315960239 -0.0075188829291917437 -0.042598699288296973 -0.019739666607490484 -0.011745292801539034 0.0082610199601150618 -0.0060601099977408883 -0.0077888104468002645 0.039216210023669297 0.045428011637023182 0.040356278281855479
leaf_weight=7.1556529998779279 6.8191226273775127 10.02550072968006 3.4942237585783031 8.3426176160573942 9.4586576223373431 23.836684007197618 18.043718304485083 25.6112936809659 17.758782908320427 102.01877576485276 11.688942853361366 5.0623267740011242 5.0895821154117575 5.2130826115608278 5.7574641332030287 3.9804813414812079 5.6965564042329788 7.1795975193381301 5.3131193369626954
leaf_count=31 26 38 14 33 39 104 82 108 67 449 60 22 23 24 26 20 21 28 21
internal_value=0.000715935 -0.000688165 -0.0044773 0.0051739 -0.00540848 -0.00151751 -0.0160018 0.0128789 0.00620044 -0.00401589 -0.0256256 0.0137095 0.0136477 0.00568616 0.013846 -0.0340517 0.0225584 0.0311877 0.0249708
internal_weight=287.546 259.381 157.871 101.51 42.6175 138.708 27.5024 58.8923 43.3701 125.855 19.1636 28.1651 15.1151 21.346 16.2837 15.6694 12.8522 15.5222 10.5262
internal_count=1236 1117 699 418 182 605 121 236 175 553 94 119 61 93 71 80 52 61 45
is_linear=0
shrinkage=0.03


Tree=84
num_leaves=23
num_cat=0
split_feature=138 138 58 46 46 307 306 4 110 288 102 39 102 176 109 185 160 139 54 120 15 171
split_gain=5.69212 8.25141 6.83153 10.5763 11.1868 7.9845 6.44272 8.52076 9.64594 8.77847 6.19102 6.76128 5.74863 6.30415 9.90514 5.48353 5.46012 5.24405 4.89294 4.63128 4.56414 4.42289
threshold=69.809271121538487 190.12491336307974 13.196750000000002 0.33825000000000005 0.23515000000000003 0.87601965221921918 0.91478546677537731 62.945000000000007 0.42235000000000006 -0.97499999999999953 -0.6389999999999999 -0.03984999999999999 -0.4156999999999999 23.197648768650001 0.33240000000000008 -0.20348673617500021 0.44713346445000007 38.544246960000002 0.58211774076405942 8610.9450000000015 16.060000000000006 0.30061466346800009
decision_type=2 2 2 2 2 2 2 2 2 2 2 2 2 2 2 2 2 2 2 2 2 2
left_child=6 2 3 4 -2 -5 20 8 17 -9 19 -12 16 18 -15 -11 -3 -8 -14 -4 -1 -18
right_child=1 12 10 5 -6 -7 7 9 -10 15 11 -13 13 14 -16 -17 21 -19 -20 -21 -22 -23
leaf_value=0.0037474929987804744 0.022295280095751605 -0.040903436783142691 -0.039888567557260571 0.034477083741686031 -0.031255306861447396 0.002735663301668459 -0.037213381036832825 -0.013220988433345529 0.025882520127028779 0.0047922518482264431 -0.011993095583375959 0.013537381959437534 0.022780793515598283 0.011849410157697885 -0.032194856929056048 0.041666115905881554 0.01864750993709987 -0.0047867557529083522 0.0020233954754519503 -0.0051855485656145993 0.040173707866643336 -0.010837368590455828
leaf_weight=5.1376471370458594 4.6261431723833111 3.5346783213317421 10.641420695930721 9.5177796557545644 13.174623578786848 28.665888220071793 8.0939133092761093 6.1453401297330883 5.4116260260343543 5.9409264996647897 52.905560232698917 11.142723903059958 31.584565542638302 12.434147108346226 7.1254988312721244 10.238538384437556 6.7804070636630085 10.552588872611521 15.607655741274355 5.4695326238870612 8.6059168651700002 13.534499652683733
leaf_count=22 19 21 58 38 58 120 37 26 23 24 236 44 126 55 31 37 29 47 66 24 35 60
internal_value=0.000698761 -0.00146681 -0.00614406 0.00184998 -0.0171239 0.0107954 0.00890412 0.00346121 -0.00882766 0.0168183 -0.01176 -0.00749052 0.00552748 0.0100593 -0.00412529 0.0284233 -0.00702018 -0.0191457 0.015998 -0.0283969 0.0268989 -0.000806256
internal_weight=286.872 226.745 136.144 55.9844 17.8008 38.1837 60.1265 46.3829 24.0581 22.3248 80.1592 64.0483 90.6015 66.7519 19.5596 16.1795 23.8496 18.6465 47.1922 16.111 13.7436 20.3149
internal_count=1236 985 597 235 77 158 251 194 107 87 362 280 388 278 86 61 110 84 192 82 57 89
is_linear=0
shrinkage=0.03


Tree=85
num_leaves=15
num_cat=0
split_feature=70 132 136 76 46 304 77 176 316 33 75 17 185 112
split_gain=5.61151 6.44248 10.5213 8.61776 9.03424 8.28856 7.07876 6.88653 5.90165 5.72161 5.69071 3.44477 3.23893 2.93498
threshold=20250976.000000004 66.658425000000008 9.6280416666666699 10.430450000000002 0.46880000000000005 1.1552604006831293 64.410000000000011 3.4408688467500004 0.56250000000000011 1.0000000180025095e-35 13.995600000000001 15.440000000000003 -0.20348673617500021 0.52915000000000012
decision_type=2 2 2 2 2 2 2 2 2 2 2 2 2 2
left_child=1 3 12 5 9 7 -4 -1 -8 -5 -6 -7 -3 -14
right_child=-2 2 6 4 10 11 8 -9 -10 -11 -12 -13 13 -15
leaf_value=0.021338686119972389 -0.031683314483850512 0.046150045107045477 -0.027763027228537823 0.026679788752143416 -0.037543121969707521 -0.00489002883027587 0.024212050788645134 0.0012134473161540156 -0.013731637920141255 -0.014499778740814429 -0.0034088340673856161 -0.043289944781237738 0.00079844921438657751 0.032001114616440847
leaf_weight=16.648602537810802 4.6350977309048167 6.6459804773330715 6.4574687182903316 5.8942969366908056 14.133759804069998 4.0273232087492925 9.3838305473327619 183.37270710617304 5.8491706252098075 5.9782798364758492 6.6833340674638739 4.8736832812428474 4.9674672558903676 6.4847187846899033
leaf_count=64 59 25 28 24 67 19 38 764 24 26 28 24 21 25
internal_value=0.000680685 0.00123549 0.0124087 -0.000596477 -0.0149044 0.00163396 -0.00156601 0.00291337 0.00945223 0.00574587 -0.0267964 -0.0264963 0.0292388 0.0188505
internal_weight=286.036 281.401 39.7886 241.612 32.6897 208.922 21.6905 200.021 15.233 11.8726 20.8171 8.90101 18.0982 11.4522
internal_count=1236 1177 161 1016 145 871 90 828 62 50 95 43 71 46
is_linear=0
shrinkage=0.03


Tree=86
num_leaves=18
num_cat=0
split_feature=112 314 298 14 65 109 144 106 106 54 291 44 156 130 42 139 30
split_gain=5.42978 6.18809 7.42453 11.217 9.13867 9.05608 7.9233 6.81509 6.37675 6.77969 6.30942 6.234 5.80752 5.6119 5.18655 5.27272 2.09705
threshold=0.56250000000000011 0.2940517751148885 1.3434841405462512 18.975000000000005 16.390000000000004 0.32185000000000002 3.4269599537600004 -0.055649999999999998 0.72355000000000014 0.53865000000000007 -4.8749999999999991 0.075950000000000017 0.58565565650000007 8.5000000000000018 0.58415000000000006 69.033471510000012 1.0000000180025095e-35
decision_type=2 2 2 2 2 2 2 2 2 2 2 2 2 2 2 2 2
left_child=1 2 3 4 -1 6 -4 -5 10 -10 -3 -7 -12 -2 15 16 -15
right_child=13 8 5 7 -6 11 -8 -9 9 -11 12 -13 -14 14 -16 -17 -18
leaf_value=0.0014019996516860336 0.037010886389272753 -0.017079287690331006 -0.022699912349273155 0.0014235357146076442 -0.019004730895089559 0.012856492713317401 0.020964948182665387 0.027111494200933242 0.015441549112482179 -0.026912158080673015 0.029599026535914896 -0.016577890440290007 -0.0037700504772172818 0.013547220546800491 -0.017847997018685238 -0.0066886018505928511 0.043725772839096025
leaf_weight=74.793634209781885 6.70216175913811 4.0755857452750197 41.552383407950401 17.736018106341362 26.62649504467845 18.744341857731346 3.9600803777575484 20.077044539153576 6.0693567693233472 7.3713390752673149 21.076107963919647 9.724828936159609 5.8067695423960677 4.6876842901110667 5.975889027118682 5.9683869481086722 4.5216754376888275
leaf_count=313 26 17 204 73 122 79 17 78 25 31 86 45 27 21 27 26 19
internal_value=0.000660339 -0.00069106 -0.00282445 0.00123798 -0.00393941 -0.0105018 -0.0187972 0.0151774 0.00946988 -0.00759233 0.0169747 0.00267411 0.0222928 0.0132233 0.00540682 0.0148161 0.0289973
internal_weight=285.47 257.614 213.215 139.233 101.42 73.9816 45.5125 37.8131 44.3992 13.4407 30.9585 28.4692 26.8829 27.8558 21.1536 15.1777 9.20936
internal_count=1236 1117 931 586 435 345 221 151 186 56 130 124 113 119 93 66 40
is_linear=0
shrinkage=0.03


Tree=87
num_leaves=11
num_cat=0
split_feature=61 283 149 314 121 47 47 177 135 40
split_gain=5.45974 7.22235 6.96343 6.09299 7.5991 6.09833 5.01515 4.31688 3.96959 0.163333
threshold=4.495000000000001 0.018137056739739459 2.4062547741000002 0.29199464751051613 -0.25324999999999992 0.38680000000000009 0.73445000000000016 0.98401695355000007 1.8698000000000004 12.605000000000002
decision_type=2 2 2 2 2 2 2 2 2 2
left_child=8 6 -3 4 -4 -5 7 9 -1 -2
right_child=1 2 3 5 -6 -7 -8 -9 -10 -11
leaf_value=0.036507826205251621 -0.047985090883797668 0.035428568970948489 -0.011362742391001903 0.021182440091202799 0.0017349492965184653 -0.00024078324842064902 0.0076852007350015922 -0.0082061589735233417 0.00023309860168099132 -0.031728391575356521
leaf_weight=6.3477512747049314 4.1316301375627535 5.1362152844667426 54.631231121718884 22.97606934607029 145.85748257115483 24.251585207879543 5.17830666899681 7.160029172897338 4.9829845726490021 4.0291399843990803
leaf_count=30 18 19 245 95 625 103 23 33 21 24
internal_value=0.000643606 -0.000194881 0.00118515 0.000449026 -0.00182297 0.0101409 -0.0172861 -0.0259158 0.0209591 -0.0408032
internal_weight=284.682 273.352 252.853 247.716 200.489 47.2277 20.4991 15.3208 11.3307 8.16077
internal_count=1236 1185 1087 1068 870 198 98 75 51 42
is_linear=0
shrinkage=0.03


Tree=88
num_leaves=12
num_cat=0
split_feature=70 41 70 46 319 291 187 318 304 280 265
split_gain=5.42342 5.98169 6.92633 7.92906 8.38339 3.9656 3.59078 4.67978 3.12022 1.51393 0.984327
threshold=20250976.000000004 20240265.000000004 20231022.000000004 0.23515000000000003 1.1118182608657612 2.1300000000000003 -0.45634525672499976 0.12645614636216443 0.99870717031589518 0.030438710258473532 -0.040291340227496038
decision_type=2 2 2 2 2 2 2 2 2 2 2
left_child=1 2 3 8 -5 6 7 -3 -1 -8 -4
right_child=-2 5 10 4 -6 -7 9 -9 -10 -11 -12
leaf_value=0.0071812745386833476 -0.031585229379526923 0.022546949212750855 -0.039637925466089616 -0.0034359240363843421 0.011309912786377522 -0.01084037025468345 0.032796377134599819 -0.017876541526984466 0.039464621102343639 0.0098477485701112203 -0.014798276918775667
leaf_weight=5.3499162048101407 4.521637011319398 5.5626818835735374 3.9395340830087662 187.99829853326082 42.419539511203766 4.7987566143274298 11.763821206986902 4.5836130082607269 6.0694276541471481 3.9792611002922049 3.3057045489549628
leaf_count=21 59 25 22 775 169 20 63 20 23 20 19
internal_value=0.000625286 0.00116769 -0.000362405 0.000496874 -0.000704497 0.0136451 0.0183233 0.00399651 0.0247941 0.027284 -0.0290688
internal_weight=284.292 279.771 249.082 241.837 230.418 30.6881 25.8894 10.1463 11.4193 15.7431 7.24524
internal_count=1236 1177 1029 988 944 148 128 45 44 83 41
is_linear=0
shrinkage=0.03


Tree=89
num_leaves=16
num_cat=0
split_feature=311 132 66 44 316 288 112 2 291 64 286 319 304 67 105
split_gain=5.3719 7.66301 8.59695 7.52654 6.55424 6.1196 7.40523 7.86968 5.42962 6.14118 4.01091 5.59489 5.64986 3.11894 1.86907
threshold=0.087141989315513882 72.401250000000019 4.2550000000000008 -0.10804999999999999 0.57083333333333341 0.22499999999999967 0.53750000000000009 67.325000000000003 -5.9999999999999982 21.510000000000002 -8.0499999999999989 0.93861035348013677 1.0525603332518512 0.55795000000000006 0.27835000000000004
decision_type=2 2 2 2 2 2 2 2 2 2 2 2 2 2 2
left_child=1 2 3 14 -5 6 7 -3 -4 -10 -2 12 -12 -13 -1
right_child=10 5 8 4 -6 -7 -8 -9 9 -11 11 13 -14 -15 -16
leaf_value=0.041287295997982872 -0.036609024593474246 -0.04029967056221672 -0.036965554432245945 0.0045065245308001274 -0.013961050797954089 0.03633910179913389 0.028769297040786766 0.011629931038157942 -0.030847236270366944 -0.0026141033696464922 0.027141088032966044 -0.046071510945234186 -0.017423160149795728 -0.006469431982917744 0.014105327884260437
leaf_weight=5.2545872926712018 5.0972660481929806 4.358465209603315 5.6025058999657622 134.23275265842676 19.704525485634804 9.4108189791440946 7.6151475459337226 6.184638224542141 7.8888138234615317 55.506983261555433 5.8769642412662524 3.5330417007207862 4.3147685453295708 4.0091740489006042 5.0102873742580414
leaf_count=20 35 21 28 564 83 37 31 26 35 242 30 20 22 22 20
internal_value=0.00060807 0.00184168 5.76469e-05 0.00380421 0.0021156 0.0167692 0.00631904 -0.00973257 -0.00880762 -0.00621766 -0.0132975 -0.00626118 0.00799691 -0.0257731 0.0285733
internal_weight=283.601 260.77 233.2 164.202 153.937 27.5691 18.1583 10.5431 68.9983 63.3958 22.8312 17.7339 10.1917 7.54222 10.2649
internal_count=1236 1107 992 687 647 115 78 47 305 277 129 94 52 42 40
is_linear=0
shrinkage=0.03


Tree=90
num_leaves=20
num_cat=0
split_feature=288 165 313 55 67 14 107 304 288 14 268 13 90 41 319 112 174 171 114
split_gain=5.17012 7.67053 7.04096 6.84877 6.77499 10.8329 6.49028 6.25352 6.08758 5.93924 7.1076 6.40275 5.61145 5.58609 5.55575 5.42554 5.36769 3.32917 2.47376
threshold=-0.37499999999999994 -0.21313016670000007 -0.18509954193093728 -0.31669999999999993 0.59975000000000012 22.275000000000002 0.013500000000000002 1.0176704476155629 3.0749999999999997 15.225000000000001 -1.2506957771520593 24.975000000000005 64355296.930000007 20210814.500000004 0.90344497077614216 0.52915000000000012 0.060333172400000003 0.19724043411600004 0.0023000000000000004
decision_type=2 2 2 2 2 2 2 2 2 2 2 2 2 2 2 2 2 2 2
left_child=2 3 16 -2 6 15 7 -3 14 10 -4 13 -13 -11 -5 -6 -1 -12 -8
right_child=1 4 9 8 5 -7 18 -9 -10 11 17 12 -14 -15 -16 -17 -18 -19 -20
leaf_value=-0.00042789601301147724 0.035047095081985231 -0.0010396736350021267 0.0073174005516197715 -0.001761173323870957 -0.027531701393682408 0.027982701197483469 0.045962760235043636 0.025404980939518776 0.015185536041973964 0.0075049678135768244 -0.0046744482422057549 0.00458546950876201 -0.035598869540595046 -0.0063080789406865581 -0.024422984116141386 0.0076797427099218139 0.039907410905626599 -0.038297700050742921 0.022310243768411918
leaf_weight=5.8539076894521695 3.6585219353437415 21.450130365788937 6.1307106763124493 22.129746645689011 11.201742503792053 7.3398750871419898 6.570349000394347 12.582980405539272 8.9570147767662984 49.177811622619629 3.7371340915560713 4.5778601318597785 8.8824873343110067 56.515139859169722 17.759144090116024 5.8153944425284854 5.634345754981041 11.629883848130701 13.432876035571097
leaf_count=26 14 94 25 97 54 29 25 52 36 190 19 18 43 268 86 26 21 54 59
internal_value=0.000589169 0.00496735 -0.00315882 -0.00386019 0.0109153 -0.00210736 0.0168337 0.00869554 -0.00690126 -0.00502442 -0.0195192 -0.00236992 -0.0217779 9.16471e-05 -0.0119614 -0.0153488 0.0192691 -0.0303978 0.0304185
internal_weight=283.037 130.898 152.139 52.5044 78.3933 24.357 54.0363 34.0331 48.8459 140.651 21.4977 119.153 13.4603 105.693 39.8889 17.0171 11.4883 15.367 20.0032
internal_count=1236 572 664 233 339 109 230 146 219 617 98 519 61 458 183 80 47 73 84
is_linear=0
shrinkage=0.03


Tree=91
num_leaves=9
num_cat=0
split_feature=304 316 71 71 314 314 156 156
split_gain=5.12773 7.0321 6.24281 6.45093 6.53325 8.69792 2.62398 1.68946
threshold=1.1552604006831293 0.5458333333333335 20250917.500000004 20241229.000000004 0.32331654863689929 0.2940517751148885 0.22486516435000009 1.0000000180025095e-35
decision_type=2 2 2 2 2 2 2 2
left_child=2 7 3 4 5 -1 -5 -2
right_child=1 -3 -4 6 -6 -7 -8 -9
leaf_value=-0.00053923000484403601 -0.015050449646175877 0.013884917899011468 -0.032745623496607854 0.03468189239716387 -0.031484632667037618 0.015286968491966785 0.0052998145794825912 -0.042859162241958737
leaf_weight=210.12760590016842 3.9413287043571454 4.2845088914036742 4.5971725918352595 7.3200981020927411 5.3184154927730551 36.553938120603561 4.8212888315320015 5.4488484188914299
leaf_count=879 23 17 59 38 22 146 24 28
internal_value=0.000574198 -0.017261 0.00149898 0.0021185 0.00107247 0.00179903 0.0233981 -0.0317847
internal_weight=282.413 13.6747 268.739 264.141 252 246.682 12.1414 9.39018
internal_count=1236 68 1168 1109 1047 1025 62 51
is_linear=0
shrinkage=0.03


Tree=92
num_leaves=10
num_cat=0
split_feature=61 292 296 140 76 172 104 174 306
split_gain=5.18481 5.74159 7.5101 6.35721 6.99076 4.31876 8.09166 3.95767 3.30803
threshold=4.495000000000001 -6.2449999999999992 5.2515748161726217 2.7616242895000003 19.534900000000004 1.2576384850500002 0.47500000000000003 -1.0000000180025095e-35 0.99855540767751283
decision_type=2 2 2 2 2 2 2 2 2
left_child=7 5 3 -3 -5 6 -2 -1 -4
right_child=1 2 8 4 -6 -7 -8 -9 -10
leaf_value=0.0012512785764045653 0.023387756091240226 0.034692696932523852 -0.0045259294613241565 0.002277208067569743 -0.021926339978798632 -0.036914845420942997 -0.026033722129318659 0.037533938514152612 -0.044448079189842102
leaf_weight=5.3513750582933426 4.9099937602877635 5.0993000566959372 3.5099880099296561 228.33924298360944 11.157416980713604 6.1157284975051871 7.1863171309232712 5.7834987789392454 4.4693078026175499
leaf_count=24 21 19 17 989 52 31 33 27 23
internal_value=0.000556672 -0.00026084 0.000903579 0.00185433 0.00112844 -0.0164902 -0.00569987 0.02053 -0.0275315
internal_weight=281.922 270.787 252.575 244.596 239.497 18.212 12.0963 11.1349 7.9793
internal_count=1236 1185 1100 1060 1041 85 54 51 40
is_linear=0
shrinkage=0.03


Tree=93
num_leaves=19
num_cat=0
split_feature=102 138 313 296 44 314 301 268 120 186 132 55 172 20 42 315 167 106
split_gain=5.08175 7.90824 8.8352 6.40785 7.05164 6.62137 6.09872 6.07948 5.23874 5.12873 8.51438 7.25816 4.976 4.86953 4.20919 3.8964 1.33992 1.3265
threshold=-0.43874999999999992 66.342284141588252 -0.13767711962833909 0.44204527219106965 -0.038049999999999994 0.15222783793632869 0.91445217457420935 -0.47212263784651914 2246.2150000000006 -0.88139629377499995 67.562000000000012 0.091700000000000018 0.11591807840000001 -1.575 0.30665000000000003 -0.091820294342101857 14.346507264850002 0.027750000000000004
decision_type=2 2 2 2 2 2 2 2 2 2 2 2 2 2 2 2 2 2
left_child=1 7 -3 4 17 14 8 -1 -6 10 -7 -11 -4 -14 -5 -8 -16 -2
right_child=3 2 12 5 6 9 15 -9 -10 11 -12 -13 13 -15 16 -17 -18 -19
leaf_value=-0.0067659784070551064 0.021657703184454653 0.018776695103861769 0.016312763288240426 -0.00087809861971027301 0.017021686047780465 -0.0052564253696606384 -0.0017350493063442388 0.03012445861019095 -0.024516286674580241 0.022788721078930554 0.018754263911000903 -0.0018474584930453885 -0.0051521101052640749 -0.024582423611965689 -0.01612283568303351 0.024457242657678489 -0.04396149730963584 0.045472191285027871
leaf_weight=7.3008461818099013 5.0951764062046987 7.846207544207572 4.0698217451572409 6.6906233727931959 3.928315356373786 84.995465371757746 7.4249110147356978 8.4900725111365301 8.1057159714400751 22.124306067824364 15.631071671843527 20.439436234533787 18.860288009047508 32.342245310544968 3.164242047816515 14.89370681717992 4.7748066931962967 5.4076948463916779
leaf_count=31 20 35 18 32 16 363 33 34 40 89 63 90 86 159 17 64 26 20
internal_value=0.000539904 -0.00590147 -0.0106768 0.00306425 0.0130575 0.000198512 0.00632879 0.0129443 -0.0106811 0.00218608 -0.00148197 0.0109113 -0.0149384 -0.0175078 -0.0189343 0.015641 -0.0335777 0.0345154
internal_weight=281.585 78.9095 63.1186 202.675 44.8555 157.82 34.3526 15.7909 12.034 143.19 100.627 42.5637 55.2724 51.2025 14.6297 22.3186 7.93905 10.5029
internal_count=1236 363 298 873 193 680 153 65 56 605 426 179 263 245 75 97 43 40
is_linear=0
shrinkage=0.03


Tree=94
num_leaves=11
num_cat=0
split_feature=112 266 149 4 306 68 130 288 14 186
split_gain=4.97771 5.83466 6.72929 6.99235 8.82823 7.91637 5.33844 4.35858 3.51261 2.47828
threshold=0.56250000000000011 1.8775807951142154 2.4062547741000002 65.390000000000015 0.94168338027476872 0.46385000000000004 8.5000000000000018 -1.5749999999999991 18.525000000000002 -0.94828918477499868
decision_type=2 2 2 2 2 2 2 2 2 2
left_child=1 2 -1 4 -4 -5 -2 -8 9 -9
right_child=6 -3 3 5 -6 -7 7 8 -10 -11
leaf_value=0.033517934270179135 0.036143933893829687 -0.032802164289397855 0.0053014318361535116 0.016174954378173692 -0.0091460807249487755 -0.0033231378661784305 -0.019024393405882373 0.0074248073413808796 -0.0056500776036032575 0.038091770723757259
leaf_weight=5.1366006508469573 6.5539213120937374 4.9188034236431113 57.310827236622572 38.748129524290562 111.87317243218422 35.753760404884815 4.9696131050586745 5.0144425779581097 5.6476861014962205 5.0905546993017117
leaf_count=20 26 24 250 157 513 153 22 24 26 21
internal_value=0.000525136 -0.000774673 -0.000116568 -0.000851306 -0.00423405 0.00678562 0.0126851 0.0049836 0.012819 0.0233896
internal_weight=281.018 253.741 248.822 243.686 169.184 74.5019 27.2762 20.7223 15.7527 10.105
internal_count=1236 1117 1093 1073 763 310 119 93 71 45
is_linear=0
shrinkage=0.03


Tree=95
num_leaves=15
num_cat=0
split_feature=46 319 319 101 284 174 277 138 65 144 314 307 306 43
split_gain=4.97947 5.63415 8.63064 8.66323 7.73248 7.4989 7.35033 6.55726 8.40884 6.71822 5.70606 5.3311 2.75376 1.29051
threshold=0.23515000000000003 1.1118182608657612 1.0030076477408703 0.19305000000000003 0.32597443302590379 0.17624236210000002 1.0473732011311518 243.83776044000004 30.025000000000002 0.34922222101200001 0.23842829603390478 0.90103406162565369 0.95015209879564211 0.19055000000000002
decision_type=2 2 2 2 2 2 2 2 2 2 2 2 2 2
left_child=11 2 4 -4 6 -5 -2 8 10 -10 -3 -1 -9 -13
right_child=1 7 3 5 -6 -7 -8 12 9 -11 -12 13 -14 -15
leaf_value=-0.0080793444209384391 -0.0019624316172042358 -0.0075649608956737209 0.018022963641300585 -0.032314588723331074 -0.034491162375562781 0.00075165735904378893 0.013499699315174803 0.044453776340409867 0.0065961566935295226 -0.039319377434615901 0.018712094311934414 0.017714342568968942 0.014162291636788874 0.042081862978747941
leaf_weight=4.5844758264720431 134.63850149139762 10.741771727800367 5.4192136451601973 20.989957373589281 5.5474353656172743 8.472688425332306 34.674219094216824 5.1115829199552518 4.8621513694524747 6.4888608567416668 22.85308438539505 4.6794135048985463 6.7668401747941971 4.7938138246536255
leaf_count=21 585 51 24 103 26 39 149 20 20 30 98 21 30 19
internal_value=0.000511068 -0.000398583 -0.00267991 -0.0162826 2.42329e-05 -0.0227337 0.00119251 0.00795914 0.00262275 -0.0195038 0.0102236 0.017853 0.0277102 0.0306694
internal_weight=280.624 266.566 209.742 34.8819 174.86 29.4626 169.313 56.8243 44.9459 11.351 33.5949 14.0577 11.8784 9.47323
internal_count=1236 1175 926 166 760 142 734 249 199 50 149 61 50 40
is_linear=0
shrinkage=0.03


Tree=96
num_leaves=10
num_cat=0
split_feature=61 283 149 285 306 67 134 177 40
split_gain=4.86966 6.6734 5.92401 5.80297 6.13537 4.79559 3.89955 3.88276 0.107491
threshold=4.495000000000001 0.018137056739739459 2.4062547741000002 -14.209999999999999 0.92619572985962151 0.73730000000000007 2.3408206578947373 0.98401695355000007 12.605000000000002
decision_type=2 2 2 2 2 2 2 2 2
left_child=6 5 -3 -4 -5 7 -1 8 -2
right_child=1 2 3 4 -6 -7 -8 -9 -10
leaf_value=0.035957797922696114 -0.0465367785645956 0.033021057773828931 -0.026457098479448871 0.0091869277176733766 -0.0017233175265961203 0.0076321742316892843 0 -0.0084852183311508993 -0.031055550216713985
leaf_weight=6.0398968681693059 4.0544148087501544 5.0082305222749701 6.9441304281353942 63.029046170413494 174.01559539139271 5.1171860173344603 4.9267262667417526 7.0347034297883511 3.8939807713031769
leaf_count=30 18 19 32 269 767 23 21 33 24
internal_value=0.000497997 -0.000292989 0.00104063 0.000358633 0.00116767 -0.0168854 0.0200055 -0.0254529 -0.0398052
internal_weight=280.064 269.097 248.997 243.989 237.045 20.1003 10.9666 14.9831 7.9484
internal_count=1236 1185 1087 1068 1036 98 51 75 42
is_linear=0
shrinkage=0.03


Tree=97
num_leaves=17
num_cat=0
split_feature=138 181 138 280 44 49 296 312 46 75 312 301 20 314 145 106
split_gain=4.81072 8.18106 7.13574 7.41234 8.36078 5.78245 9.53197 8.49212 7.37224 7.02357 5.75948 5.36641 5.39362 4.77246 5.28681 4.7687
threshold=69.809271121538487 0.13806900645000003 190.12491336307974 0.13608683754965498 -0.013449999999999998 0.52936186440677979 2.5762732744179595 -0.2346076870158347 0.33495000000000003 3.8079000000000005 0.028568002102965288 0.69828864583978267 -0.12499999999999999 0.15222783793632869 2.6567944454500005 -0.18324999999999997
decision_type=2 2 2 2 2 2 2 2 2 2 2 2 2 2 2 2
left_child=1 -1 5 13 -5 7 9 -2 -9 -7 -3 -12 -13 14 -4 -15
right_child=2 10 3 4 -6 6 -8 8 -10 -11 11 12 -14 15 -16 -17
leaf_value=-0.023175993173285843 0.021785772582955561 -0.017917350909048897 0.011936916311243382 0.011544461870301366 -0.035484457229343222 0.026029295828395044 -0.034174322637290339 -0.02824473300925431 -0.0075716042038757115 -0.0019778997500794399 -0.0166887918599582 0.012580127004927971 0.038111499694149259 -0.00040354440606144655 -0.034714345261752939 0.016897562418117084
leaf_weight=6.5161184370517722 6.9237049520015708 5.0096207782626143 4.0465864539146406 5.8079939782619476 7.7521143555641157 13.957709230482577 4.9578944444656363 20.328942220658064 68.361671295017004 18.435617063194513 4.0986422374844542 33.120742812752724 9.8726565204560739 20.358650740236044 4.4059939384460449 45.800981890410185
leaf_count=29 29 25 18 23 37 57 23 95 309 84 19 137 41 91 27 192
internal_value=0.000482716 0.00812425 -0.00153205 0.00506399 -0.0151846 -0.00592909 0.00401591 -0.00984553 -0.0123704 0.0100405 0.0121332 0.0154247 0.0185874 0.00879955 -0.0121513 0.0115358
internal_weight=279.756 58.6178 221.138 88.1723 13.5601 132.966 37.3512 95.6143 88.6906 32.3933 52.1017 47.092 42.9934 74.6122 8.45258 66.1596
internal_count=1236 251 985 388 60 597 164 433 404 141 222 197 178 328 45 283
is_linear=0
shrinkage=0.03


Tree=98
num_leaves=17
num_cat=0
split_feature=311 131 75 112 316 151 306 186 13 0 57 174 286 294 319 108
split_gain=4.79174 6.9659 9.03365 7.78852 7.55865 6.58514 6.41917 6.37611 5.82749 5.43225 4.69304 4.11948 3.61256 5.9754 5.82143 2.32408
threshold=0.087141989315513882 75.577727777777795 3.5875000000000004 0.52915000000000012 0.57916666666666672 16.678143036600002 0.81207876141279645 -0.59969562380000052 24.675000000000004 71.660000000000011 0.48497188755020088 -0.36711657510000001 -8.0499999999999989 0.80188183355330833 0.66361802415497384 0.54165000000000008
decision_type=2 2 2 2 2 2 2 2 2 2 2 2 2 2 2 2
left_child=1 2 5 4 7 8 -4 -3 -1 -8 -5 -12 -2 -14 -15 -16
right_child=12 3 6 10 -6 -7 9 -9 -10 -11 11 -13 13 14 15 -17
leaf_value=0.0080726664388353717 -0.035484600689325303 -0.0020614550903272394 0.01797488819918221 -0.0031288058175377637 -0.034289056245589741 -0.026101984152040996 -0.016472636815615817 0.028870138236741713 -0.024693610458341668 0 0.0082393509402719761 0.036954078472023748 0.019947340396867082 0.030497089814753933 -0.041643214705883551 -0.01181738371678177
leaf_weight=97.769984945654869 4.8924764841794994 21.206393398344517 7.4629690647125235 5.0591572672128704 4.6396504044532767 5.797072507441043 52.450372740626335 8.1769943013787287 5.0061401873826972 27.25807948410511 6.8571278378367486 15.357566811144347 5.2859996557235744 1.7597805410623539 4.9354451298713666 5.3122066184878349
leaf_count=405 35 94 32 23 20 25 244 35 22 118 31 58 27 9 30 28
internal_value=0.000467162 0.0016339 -0.00111708 0.0104552 0.000777119 0.00463829 -0.00831695 0.00651336 0.00642504 -0.0108356 0.0223717 0.0283016 -0.0128625 -0.00612277 -0.0179173 -0.0267356
internal_weight=279.227 257.042 195.745 61.2969 34.023 108.573 87.1714 29.3834 102.776 79.7085 27.2739 22.2147 22.1859 17.2934 12.0074 10.2477
internal_count=1236 1107 846 261 149 452 394 129 427 362 112 89 129 94 67 58
is_linear=0
shrinkage=0.03


Tree=99
num_leaves=13
num_cat=0
split_feature=102 138 313 68 285 133 112 123 60 120 60 95
split_gain=4.74315 7.08182 7.85544 6.05278 6.34034 5.92814 5.58267 6.41523 4.82421 8.22113 6.83971 4.37594
threshold=-0.43874999999999992 66.342284141588252 -0.13767711962833909 0.21650000000000003 -14.209999999999999 43.602386286617183 0.55415000000000014 668.50000000000011 12.435 7697.9950000000008 9.8850000000000033 -6.2913244303561973
decision_type=2 2 2 2 2 2 2 2 2 2 2 2
left_child=1 5 -3 -2 -5 -1 7 -6 10 -10 -4 -8
right_child=3 2 8 4 6 -7 11 -9 9 -11 -12 -13
leaf_value=0.029274379013624983 0.030231348734174091 0.017430904886762025 -0.013626037374716205 -0.03061279382996113 0.016738819032315666 -0.0073288784734650298 0.0038048615868374633 -0.0016509542344554087 -0.032448397873995137 -0.0008341785955954062 0.024125847581457995 0.027305737285309509
leaf_weight=8.3558768294751626 6.9534757733345023 7.8229767456650725 15.569126781076195 5.1399376653134814 19.331332050263882 7.2731579020619384 15.74696693941951 139.86042791604996 21.63523518294096 11.535183221101759 5.8386590853333464 13.540499147027729
leaf_count=33 29 35 71 25 84 32 71 604 117 52 23 60
internal_value=0.00045271 -0.00580574 -0.0103535 0.00290411 0.00189212 0.0121116 0.00281022 0.000572467 -0.0144155 -0.0215801 -0.00312598 0.0148281
internal_weight=278.603 78.0302 62.4012 200.573 193.619 15.629 188.479 159.192 54.5782 33.1704 21.4078 29.2875
internal_count=1236 363 298 873 844 65 819 688 263 169 94 131
is_linear=0
shrinkage=0.03


Tree=100
num_leaves=10
num_cat=0
split_feature=304 316 71 41 71 68 263 90 156
split_gain=4.71753 6.41278 5.80117 6.21131 7.42247 5.98593 3.50954 3.55648 1.64335
threshold=1.1552604006831293 0.5458333333333335 20250917.500000004 20240213.500000004 20231019.000000004 0.21650000000000003 0.33816108981352694 275645086.75000006 -1.0000000180025095e-35
decision_type=2 2 2 2 2 2 2 2 2
left_child=2 8 3 4 5 -1 7 -5 -2
right_child=1 -3 -4 6 -6 -7 -8 -9 -10
leaf_value=0.030339519355924049 -0.014318946796127214 0.013057041406712497 -0.032601855618024679 0.026690030988996433 -0.032139551433046781 0.0003655978007854603 -0.0081501604072420058 0 -0.042042617613766618
leaf_weight=6.0726872086524954 3.8660809695720664 4.21499329060316 4.3484168387949458 17.560262590646751 6.0735430195927611 220.20837286114693 4.5844980478286734 5.8414214998483649 5.2924780622124663
leaf_count=24 23 17 59 95 35 909 19 27 28
internal_value=0.000440545 -0.0168599 0.00133203 0.00192264 0.000298578 0.0011963 0.0152505 0.0199776 -0.0309448
internal_weight=278.063 13.3736 264.689 260.341 232.355 226.281 27.9862 23.4017 9.15856
internal_count=1236 68 1168 1109 968 933 141 122 51
is_linear=0
shrinkage=0.03


Tree=101
num_leaves=11
num_cat=0
split_feature=61 283 154 291 306 303 295 78 134 181
split_gain=4.62221 6.27841 5.71291 6.58636 5.16349 4.59789 5.96491 4.31317 3.77029 2.01225
threshold=4.495000000000001 0.018137056739739459 0.16614813275000004 -5.1249999999999991 0.92738908913131013 0.107 0.9587770897832818 3.0150000000000001 2.3408206578947373 0.39007785955000002
decision_type=2 2 2 2 2 2 2 2 2 2
left_child=8 5 -3 7 -5 9 -7 -4 -1 -2
right_child=1 2 3 4 -6 6 -8 -9 -10 -11
leaf_value=0.035558521741266759 -0.043432503540269479 0.02395584441079136 -0.0028765045353901751 0.010073991513044521 -0.00076925494272270397 -0.034120989149743021 0.013814322281943773 -0.025347304197420463 0 -0.013859128780752916
leaf_weight=5.8888178020715696 5.4955472499132174 9.2478208653628808 18.328912869095806 53.042332086712122 152.63416149839759 3.4264162182807905 6.7723481729626656 13.629404839128254 4.8756623715162277 4.0857888162136078
leaf_count=30 28 39 83 226 676 15 32 63 21 23
internal_value=0.000426758 -0.000343539 0.000950612 3.30185e-05 0.00201609 -0.0165707 -0.00217385 -0.0126025 0.0196126 -0.0314048
internal_weight=277.427 266.663 246.883 237.635 205.676 19.7801 10.1988 31.9583 10.7645 9.58134
internal_count=1236 1185 1087 1048 902 98 47 146 51 51
is_linear=0
shrinkage=0.03


Tree=102
num_leaves=20
num_cat=0
split_feature=314 106 54 270 49 278 172 271 69 139 270 270 268 47 49 0 291 41 130
split_gain=4.57233 8.57643 8.07405 8.0716 7.53426 7.1895 7.38486 6.55753 6.54393 9.09283 7.03651 6.46596 5.34474 4.74941 8.49292 6.02959 4.73065 4.87759 1.0063
threshold=0.27997802381743125 -0.13174999999999998 0.64775000000000016 -2.7667679313809725 0.44533898305084751 2.3459687304731736 5.2872409158500009 1.7386593055836974 333.50000000000006 57.341376072500005 3.6372137191178919 -6.7881698695238555 -0.65057367138346545 0.22075275757470686 0.4789381355932204 73.265000000000015 -1.6199999999999999 20210327.500000004 15.500000000000002
decision_type=2 2 2 2 2 2 2 2 2 2 2 2 2 2 2 2 2 2 2
left_child=1 3 5 4 -1 6 -3 13 9 -5 -10 -6 -4 16 -15 -16 17 -2 -18
right_child=7 2 12 8 11 -7 -8 -9 10 -11 -12 -13 -14 14 15 -17 18 -19 -20
leaf_value=0.032870807804390299 -0.014258598973287165 -6.7173959937727359e-05 0.0045356503749456661 0.0081702168832890956 -0.028623092641247194 0.039957932406987008 0.018284285592573498 -0.023997034010569424 -0.036809974468804602 -0.020250780129048306 0.0033398114141135783 0.017952879131879297 -0.036218232736184734 -0.032170420248136003 8.9438463564444799e-05 0.030932639658641358 0.021867842219176131 0.024698066973881046 0.042461286279798081
leaf_weight=6.8378448002040413 5.1148803085088748 96.023924209177494 4.5056065171957016 18.481340616941452 5.7459197640419015 5.049126796424388 24.63667168840766 5.1868041306734076 16.996308580040935 21.951111935079098 4.9074569046497336 4.7973181381821606 7.3582194037735444 5.0029032826423672 18.088129412382845 8.3674873858690244 4.8261345177888852 6.2724496722221375 6.9307828992605209
leaf_count=29 21 428 22 78 29 20 99 22 85 104 21 23 36 23 86 32 21 28 29
internal_value=0.000412995 -0.00159774 0.00292249 -0.00943009 0.0085032 0.00517912 0.00366705 0.00776109 -0.0144841 -0.00719766 -0.0277039 -0.00717896 -0.0205816 0.010871 0.00314926 0.0100374 0.021179 0.00696683 0.0345166
internal_weight=277.08 217.291 137.574 79.7173 17.3811 125.71 120.661 59.7896 62.3362 40.4325 21.9038 10.5432 11.8638 54.6028 31.4585 26.4556 23.1442 11.3873 11.7569
internal_count=1236 974 605 369 81 547 527 262 288 182 106 52 58 240 141 118 99 49 50
is_linear=0
shrinkage=0.03


Tree=103
num_leaves=19
num_cat=0
split_feature=311 138 299 147 186 102 179 183 299 130 280 46 10 286 294 319 77 53
split_gain=4.56545 4.98772 8.21685 8.32217 7.92402 6.42677 6.24402 6.22024 5.80567 8.23342 5.8158 6.01054 4.93997 3.45426 5.6616 5.52519 3.38313 2.41793
threshold=0.087141989315513882 243.83776044000004 1.007403290811008 -5.6764256058999996 -0.6605842383749968 -0.28864999999999991 1.4563053582500001 0.29632296940000002 1.1386401690374832 16.500000000000004 0.12043469597928462 0.63675000000000015 17.925000000000004 -8.0499999999999989 0.80188183355330833 0.66361802415497384 38.525000000000006 0.51465252100840353
decision_type=2 2 2 2 2 2 2 2 2 2 2 2 2 2 2 2 2 2
left_child=1 2 3 -1 6 -6 -4 -5 9 12 11 -10 -3 -2 -15 -16 -11 -17
right_child=13 8 4 7 5 -7 -8 -9 10 16 -12 -13 -14 14 15 17 -18 -19
leaf_value=-0.028694334062381716 -0.035174579415398775 -0.007334327883701525 -0.013860090785734228 0.01818672056659746 -0.011230289702730142 0.015504853620104812 0.0038948461788687922 -0.0031133528055827531 0.030453775157230179 -0.0040644798236062138 -0.010341597329923572 -0.0038561283089105654 0.024472778789358936 0.019407291402172431 0.030017612549523207 -0.037939841304483329 -0.039828067956652641 -0.0065454098660991701
leaf_weight=4.9087729901075354 4.7646263018250492 7.3093161731958451 72.841644763946533 39.160304389894009 11.770802676677702 24.827061831951141 23.225594699382782 17.633840534836054 21.626983635127548 4.8581078946590406 5.3760648593306533 5.6116243973374358 10.379066392779349 5.2163659334182766 1.7162241414189328 6.2030205205082876 5.0498026385903358 3.8697426244616508
leaf_count=21 35 31 335 161 57 103 99 76 89 20 24 26 43 27 9 36 22 22
internal_value=0.00040318 0.0015431 -0.000780947 0.00823717 -0.00500094 0.00681723 -0.00953681 0.0115267 0.00908398 -0.000944144 0.0176377 0.0232874 0.0111932 -0.012736 -0.00610477 -0.0177139 -0.0228078 -0.0263566
internal_weight=276.349 254.579 194.368 61.7029 132.665 36.5979 96.0672 56.7941 60.211 27.5963 32.6147 27.2386 17.6884 21.77 17.0054 11.789 9.90791 10.0728
internal_count=1236 1107 852 258 594 160 434 237 255 116 139 115 74 129 94 67 42 58
is_linear=0
shrinkage=0.03


Tree=104
num_leaves=13
num_cat=0
split_feature=48 266 46 316 139 1 314 306 53 289 55 145
split_gain=4.57448 5.90242 6.39702 7.74288 7.08717 6.77472 7.37937 6.03783 8.08661 4.52792 4.45325 2.05092
threshold=-0.26059999999999994 0.72575851042959738 0.63280000000000014 0.5458333333333335 60.916048425000014 79.710000000000022 0.29199464751051613 1.1850529100529104 0.43933739495798324 -1.4250000000000005 -0.05269999999999999 4.3855122832500006
decision_type=2 2 2 2 2 2 2 2 2 2 2 2
left_child=9 2 5 10 -5 6 -2 8 -3 -1 -4 -10
right_child=1 7 3 4 -6 -7 -8 -9 11 -11 -12 -13
leaf_value=-0.0024831167660522907 -0.00063164138516869008 0.013069838316189948 0.0062077894987313887 0.038721727110591297 -0.010822942779102392 0.02868127010062143 0.015282153762477265 0.017985424781540062 -0.041837313110230596 0.037143363045703731 -0.027239943687719207 -0.016920381290676582
leaf_weight=4.3595831096172333 169.81612865254283 4.3574516177177491 4.2170415073633221 4.3902279660105687 5.9525975361466408 8.7405710183083993 30.85294297337532 3.9655802659690371 9.0349086523056013 5.8234107270836812 18.657390378415585 5.4684426374733439
leaf_count=20 751 20 18 17 26 36 134 18 47 25 97 27
internal_value=0.000389476 -0.000359811 0.00100307 -0.0111891 0.0100895 0.00295576 0.00180656 -0.0149182 -0.022053 0.0200274 -0.0209429 -0.0328281
internal_weight=275.636 265.453 242.627 33.2173 10.3428 209.41 200.669 22.8264 18.8608 10.183 22.8744 14.5034
internal_count=1236 1191 1079 158 43 921 885 112 94 45 115 74
is_linear=0
shrinkage=0.03


Tree=105
num_leaves=13
num_cat=0
split_feature=292 296 288 46 307 307 264 134 180 61 48 293
split_gain=4.39671 5.90433 5.82741 5.07419 6.41569 5.79333 4.56093 3.76202 3.71608 3.14774 2.22691 1.7597
threshold=-6.2449999999999992 5.2515748161726217 3.0749999999999997 0.23515000000000003 0.90103406162565369 0.81179943076004091 0.13239315035699278 2.106414743589744 0.68495875628800007 13.900000000000002 0.044500000000000005 0.9400000000000005
decision_type=2 2 2 2 2 2 2 2 2 2 2 2
left_child=6 2 3 4 -2 -5 7 -1 11 -9 -3 -4
right_child=1 10 8 5 -6 -7 -8 9 -10 -11 -12 -13
leaf_value=0.01997699001966911 -0.01000384637905806 -0.0053949811163040394 0.013953713312219913 0.013113662338184492 0.036035597762852638 -0.0018832148263500301 -0.039456799929754198 0.0033498453254542184 8.8140244047179973e-05 -0.029785607037479064 -0.038001793585859159 0.03946946893830388
leaf_weight=3.7959332950413254 3.9952615052461606 3.7418793290853483 4.8496947363019007 26.244902938604355 7.707354050129652 192.91948433965445 4.5750481486320487 4.5111777521669847 6.4602718129754058 5.4549004249274731 4.3753252178430557 6.4804044961929321
leaf_count=16 19 20 20 112 34 868 23 21 28 28 22 25
internal_value=0.000378927 0.00140507 0.00224204 0.000949726 0.020112 -6.84972e-05 -0.0137572 -0.00477422 0.0187458 -0.0146044 -0.0235843 0.0290279
internal_weight=275.112 256.775 248.657 230.867 11.7026 219.164 18.3371 13.762 17.7904 9.96608 8.1172 11.3301
internal_count=1236 1148 1106 1033 53 980 88 65 73 49 42 45
is_linear=0
shrinkage=0.03


Tree=106
num_leaves=20
num_cat=0
split_feature=112 14 46 314 319 106 69 266 42 105 144 306 108 180 53 76 291 109 275
split_gain=4.41914 4.98938 8.33597 8.45057 8.40656 7.4715 8.0205 7.37626 6.58632 10.5051 5.61041 5.01104 4.92129 4.89837 4.48517 5.47536 2.49768 1.85357 1.44626
threshold=0.56250000000000011 18.675000000000004 0.64135000000000009 0.29346221699651048 1.0030076477408703 -0.070899999999999977 331.50000000000006 0.14186380659757372 0.44795000000000001 0.28550000000000003 0.76909437701600014 0.94591384628517317 0.54165000000000008 0.29275637614000005 0.4811457983193278 6.0526000000000009 -1.6850000000000003 0.26645000000000002 0.055441081117031173
decision_type=2 2 2 2 2 2 2 2 2 2 2 2 2 2 2 2 2 2 2
left_child=1 2 3 4 -1 6 13 -8 10 -10 -7 -4 -5 -3 -2 17 -17 -16 -13
right_child=14 5 11 12 -6 8 7 -9 9 -11 -12 18 -14 -15 15 16 -18 -19 -20
leaf_value=0.00037923177712254964 -0.01217638441947873 0.026562718534898194 0.0014458289662047088 0.028330898519739692 -0.017580886405555 0.011668624599972933 0.0062449933986349236 -0.026757697293934426 -0.026919007598568061 0.012527638559909704 0.041638084076820549 -0.015424376459278875 -0.00553433721568811 -0.0085727048114568639 0.014125474280235268 -0.017059534117704313 0.01469247861340362 0.03993800769812926 -0.039879950804691283
leaf_weight=83.351596381515265 5.2972417660057571 8.7520348057150823 5.0058773458004024 12.052801787853243 32.371301293373108 15.49098511785269 9.1673178300261515 17.182618021965027 8.0616810619831103 23.544395588338375 9.2230181992053968 3.6843330934643737 5.4217501655220977 5.751937508583068 4.5080603808164614 4.0357195064425468 4.7376731187105161 7.8884151577949524 9.2099768780171853
leaf_count=369 25 34 22 53 159 65 39 82 38 98 35 20 24 27 21 19 21 33 52
internal_value=0.000368222 -0.000864575 -0.00428417 -0.0016691 -0.00462971 0.00442071 -0.00528891 -0.0151822 0.011514 0.0023183 0.0230966 -0.0234592 0.0176813 0.0124601 0.012005 0.0182256 0 0.0309793 -0.0332955
internal_weight=274.739 248.272 151.098 133.197 115.723 97.174 40.8539 26.3499 56.3201 31.6061 24.714 17.9002 17.4746 14.504 26.4671 21.1699 8.77339 12.3965 12.8943
internal_count=1236 1117 699 605 528 418 182 121 236 136 100 94 77 61 119 94 40 54 72
is_linear=0
shrinkage=0.03


Tree=107
num_leaves=17
num_cat=0
split_feature=132 136 76 46 304 270 274 102 59 303 282 274 0 17 74 165
split_gain=4.31817 7.92153 7.3985 6.99061 6.4452 6.32438 7.26247 5.67661 5.5779 5.13457 4.73498 4.5161 3.25997 3.1771 2.7061 0.740836
threshold=66.658425000000008 9.6280416666666699 10.430450000000002 0.46880000000000005 1.1552604006831293 -4.6138166308121873 1.0451225981827865 -0.43874999999999992 42.640000000000008 0.15680000000000005 6.0633341487578436 0.68059907327179536 67.790000000000006 15.315000000000003 145.83250000000004 0.05096026480000005
decision_type=2 2 2 2 2 2 2 2 2 2 2 2 2 2 2 2
left_child=2 12 4 9 5 10 -7 -3 -9 -4 -1 14 -2 -6 -5 -14
right_child=1 7 3 11 13 6 -8 8 -10 -11 -12 -13 15 -15 -16 -17
leaf_value=0.023791740567454152 0.0066862372086626013 -0.028734458309001652 -0.012603402941479181 -0.040553190966102534 -0.003018390413061818 0.0022714507921227848 -0.017145004611167469 -0.010347139973908456 0.025000774736915626 0.027827081585621073 -0.0094123363802575358 0.0001662386626564985 0.042233674340770695 -0.04083168125999919 -0.010043165313001244 0.023585671140063425
leaf_weight=18.172180708497766 6.4405906684696701 5.4749609716236618 6.7721026688814181 11.477595668286087 3.7787631675600988 152.94961233064532 19.451140336692333 8.2498023435473424 7.5417561009526244 4.6648136600852013 4.6966275423765174 4.5490050017833701 6.0528162866830808 4.6859812885522842 3.8514429070055476 5.1529181748628616
leaf_count=77 35 30 32 58 19 674 90 36 32 20 22 19 25 25 20 22
internal_value=0.000359014 0.00961072 -0.0011633 -0.0147204 0.000911978 0.00204238 5.4726e-05 -0.0025994 0.00639668 0.00372534 0.0168306 -0.025449 0.0244266 -0.024534 -0.0331967 0.0342083
internal_weight=273.962 38.9128 235.049 31.315 203.734 195.27 172.401 21.2665 15.7916 11.4369 22.8688 19.878 17.6463 8.46474 15.329 11.2057
internal_count=1236 180 1056 149 907 863 764 98 68 52 99 97 82 44 78 47
is_linear=0
shrinkage=0.03


Tree=108
num_leaves=11
num_cat=0
split_feature=48 266 266 46 132 316 116 110 289 3
split_gain=4.24853 5.30863 6.04816 5.98141 6.80083 6.74065 5.74315 4.3447 4.31575 1.09359
threshold=-0.26059999999999994 0.72575851042959738 0.59476465896514996 0.63280000000000014 105.34610000000002 0.5458333333333335 0.46200000000000008 0.31350000000000006 -1.4250000000000005 64.985000000000014
decision_type=2 2 2 2 2 2 2 2 2 2
left_child=8 2 3 4 -2 -5 -3 9 -1 -8
right_child=1 6 -4 5 -6 -7 7 -9 -10 -11
leaf_value=-0.0025811247712325116 0.0010219642865399272 0.014402197368384984 0.027471068089651388 -0.021423582821155005 0.034539319835412814 0.0081490255931983922 -0.01638448436822889 0 0.036334230458744468 -0.038379649845584479
leaf_weight=4.3257022649049759 196.31938292086124 4.7519841864705112 7.3810329698026171 21.690071333199743 5.5152351260185233 9.9348964393138868 3.7114638276398209 5.5491747520864001 5.7132338285446149 8.4848391190171224
leaf_count=20 872 21 30 112 23 42 19 26 25 46
internal_value=0.000347815 -0.000374573 0.000917841 5.409e-05 0.00196935 -0.0120425 -0.0142858 -0.0221737 0.0194099 -0.0321179
internal_weight=273.377 263.338 240.841 233.46 201.835 31.625 22.4975 17.7455 10.0389 12.1963
internal_count=1236 1191 1079 1049 895 154 112 91 45 65
is_linear=0
shrinkage=0.03


Tree=109
num_leaves=17
num_cat=0
split_feature=311 131 75 15 307 112 151 163 101 176 69 142 315 319 296 105
split_gain=4.21015 6.14395 7.7342 7.07172 6.30757 10.6406 6.22332 6.09677 9.24941 5.92387 5.40271 3.34252 3.9213 4.54011 3.22333 2.06826
threshold=0.087141989315513882 75.577727777777795 3.5875000000000004 18.940000000000001 0.8260351575717928 0.52915000000000012 16.678143036600002 3.4821579200500001 0.32595000000000007 2.1421418586500005 332.50000000000006 3.3821302180500008 0.39015740496588386 0.66777843593199326 0.40196944115300731 0.35425000000000006
decision_type=2 2 2 2 2 2 2 2 2 2 2 2 2 2 2 2
left_child=1 2 6 4 -3 -6 10 9 -9 -4 -1 12 13 -2 -15 -5
right_child=11 3 7 15 5 -7 -8 8 -10 -11 -12 -13 -14 14 -16 -17
leaf_value=0.013762283567719899 0.023383532214207574 0.035911717515417531 0.011692929367935893 0.016632247926162944 -0.01269070518878619 0.016975050669328962 -0.02594904096127356 0.031240151234783804 -0.016857737112236044 -0.014753990293531713 -0.00015661247626146037 -0.033251422526726922 0.023017413601051223 0.0065801192676590943 -0.030863534755965465 0.044224873122772845
leaf_weight=44.466856196522713 2.3562080115079942 5.1431136950850478 8.4776178412139398 5.3648286685347539 23.365222189575434 20.167951431125402 5.6949403062462798 7.9747593998908979 6.3216811120510101 62.401968624442816 56.490009933710098 5.1764525845646849 3.3036924749612799 2.5720126777887335 8.0134876891970617 5.7161708176136017
leaf_count=190 11 20 36 24 107 87 25 30 27 301 237 32 21 15 50 23
internal_value=0.000338375 0.00143796 -0.00116579 0.0098344 0.00480866 0.000991431 0.00419764 -0.00791376 0.00979421 -0.0115365 0.00595189 -0.0123827 -0.00538682 -0.0129886 -0.0215085 0.0314025
internal_weight=273.007 251.585 191.828 59.7573 48.6763 43.5332 106.652 85.176 14.2964 70.8796 100.957 21.4219 16.2454 12.9417 10.5855 11.081
internal_count=1236 1107 846 261 214 194 452 394 57 337 427 129 97 76 65 47
is_linear=0
shrinkage=0.03


Tree=110
num_leaves=10
num_cat=0
split_feature=61 283 154 291 69 135 49 181 174
split_gain=4.19824 5.6867 5.20315 5.79685 4.91718 4.55584 4.17222 5.41054 3.76928
threshold=4.495000000000001 0.018137056739739459 0.16614813275000004 -5.1249999999999991 331.50000000000006 2.3485750000000003 0.52936186440677979 0.54809787375000008 -1.0000000180025095e-35
decision_type=2 2 2 2 2 2 2 2 2
left_child=8 6 -3 5 -5 -4 7 -2 -1
right_child=1 2 3 4 -6 -7 -8 -9 -10
leaf_value=0 -0.039881624319758127 0.023034465143926864 0 0.0088209498618099045 -0.0012848951608997654 -0.022996259052387832 0.0058230810184434966 -0.0012485439989349209 0.036215215128179351
leaf_weight=5.113566942512989 8.3383488692343253 9.0430984944105131 15.072692278772594 62.478150520473719 139.69916913658381 16.243792198598385 5.4078267849981776 5.598138850182294 5.3572227135300619
leaf_count=24 44 39 68 281 621 78 27 27 27
internal_value=0.000330764 -0.000406061 0.00083333 -2.31591e-05 0.00182606 -0.0120249 -0.0160241 -0.0246963 0.0188725
internal_weight=272.352 261.881 242.537 233.494 202.177 31.3165 19.3443 13.9365 10.4708
internal_count=1236 1185 1087 1048 902 146 98 71 51
is_linear=0
shrinkage=0.03


Tree=111
num_leaves=16
num_cat=0
split_feature=314 106 270 54 278 292 2 314 294 265 302 268 77 17 134
split_gain=4.12521 7.73777 7.28279 7.14659 6.43648 6.92475 6.13991 5.94044 6.4472 5.81008 5.37756 5.1222 4.65692 6.10144 3.55808
threshold=0.27997802381743125 -0.13174999999999998 -2.7667679313809725 0.64775000000000016 2.3459687304731736 -6.1249999999999991 65.310000000000016 0.25695215083010908 0.56957659026331853 1.7386593055836974 1.2886414946871665 -0.65057367138346545 27.940000000000001 17.440000000000001 2.7296138888888897
decision_type=2 2 2 2 2 2 2 2 2 2 2 2 2 2 2
left_child=1 2 6 4 5 -3 -1 8 -4 10 12 -5 -2 -14 -8
right_child=9 3 7 11 -6 -7 14 -9 -10 -11 -12 -13 13 -15 -16
leaf_value=0.026468644429680572 0.035009549710795965 -0.023037320929936884 0.0021201980498287824 0.0049905245732859548 0.038064479646898589 0.0054041678083990696 0.0083646221625750909 0.011495840113007329 -0.02278736923331862 -0.022816643500017122 -0.0149933718713913 -0.035343455538639601 0.016763063288682857 -0.0097275615292133945 -0.029433485604532694
leaf_weight=8.3204823248088378 7.852887585759162 8.1523791775107366 11.694767359644173 4.4345203042030334 4.9560822248458853 110.73648755997419 4.5708881840109807 7.086654443293809 42.424129419028759 5.0724605917930594 6.4228168390691271 7.11747884377837 28.480690006166697 10.545536275953053 4.0879743956029415
leaf_count=38 34 40 52 22 20 487 21 31 205 22 29 36 127 50 22
internal_value=0.000320927 -0.00159978 -0.00911679 0.00272229 0.00485154 0.00341096 0.00811988 -0.0139529 -0.0173557 0.00739049 0.0103587 -0.0196928 0.0139205 0.00952161 -0.00927021
internal_weight=271.956 213.582 78.1849 135.397 123.845 118.889 16.9793 61.2056 54.1189 58.3744 53.3019 11.552 46.8791 39.0262 8.65886
internal_count=1236 974 369 605 547 527 81 288 257 262 240 58 211 177 43
is_linear=0
shrinkage=0.03


Tree=112
num_leaves=10
num_cat=0
split_feature=48 288 266 266 0 116 68 110 3
split_gain=4.10044 5.25492 4.85775 5.67603 5.81775 5.4476 4.83768 4.14985 1.03901
threshold=-0.26059999999999994 -1.4250000000000005 0.72575851042959738 0.59476465896514996 81.015000000000015 0.46200000000000008 0.63280000000000014 0.31350000000000006 64.985000000000014
decision_type=2 2 2 2 2 2 2 2 2
left_child=1 -1 3 4 6 -4 -2 8 -7
right_child=2 -3 5 -5 -6 7 -8 -9 -10
leaf_value=-0.0072536432101626518 0.00086451562805755816 0.036634022116295413 0.01413937583748096 0.026627817828532095 0.025979263214978038 -0.016049373283227964 -0.012018293002875194 0 -0.037700655959853994
leaf_weight=3.8942659348249435 194.31506225466728 6.0061458647251111 4.7309917286038425 7.3413968086242667 7.4124374687671652 3.6784811578691032 30.184469286352396 5.4928297363221636 8.2577651552855951
leaf_count=18 870 27 21 30 31 19 148 26 46
internal_value=0.000312164 0.0191712 -0.000397662 0.000837352 0 -0.0138102 -0.00085883 -0.0216055 -0.0314662
internal_weight=271.314 9.90041 261.413 239.253 231.912 22.1601 224.5 17.4291 11.9362
internal_count=1236 45 1191 1079 1049 112 1018 91 65
is_linear=0
shrinkage=0.03


Tree=113
num_leaves=10
num_cat=0
split_feature=70 41 70 17 113 292 22 262 2
split_gain=4.02059 5.27789 6.82542 5.65379 5.59608 6.7212 2.87525 2.47084 0.318647
threshold=20250920.500000004 20240213.500000004 20231022.000000004 19.440000000000001 0.18495000000000003 -6.1249999999999991 -1.2399999999999998 0.24106606885166623 67.635000000000019
decision_type=2 2 2 2 2 2 2 2 2
left_child=1 2 4 6 -1 -6 -3 -8 -2
right_child=8 3 -4 -5 5 -7 7 -9 -10
leaf_value=0.030629684334089406 -0.032228337020543736 -0.00035642290796825322 -0.031605438923010126 -0.020220990064427014 -0.020137511523293305 0.00081968314102925455 0.029467240288398529 0.0025155522378317178 -0.0090762817617818098
leaf_weight=5.2084547132253638 3.4141428768634787 5.4505717456340852 6.1428501531481734 3.8175666630268088 14.621078327298163 211.98613206297159 14.97674408555031 4.1800343990325919 1.224921081215143
leaf_count=21 46 29 37 18 69 898 84 18 16
internal_value=0.000303356 0.000801277 -0.00064822 0.0130006 0.00017245 -0.000527564 0.018337 0.0237857 -0.0270687
internal_weight=271.022 266.383 237.959 28.4249 231.816 226.607 24.6074 19.1568 4.63906
internal_count=1236 1174 1025 149 988 967 131 102 62
is_linear=0
shrinkage=0.03


Tree=114
num_leaves=15
num_cat=0
split_feature=112 130 77 270 314 319 14 274 50 156 303 42 139 298
split_gain=4.06706 4.83005 4.82551 5.41836 5.27793 6.34975 8.26001 6.41084 5.45429 5.79043 4.43265 4.14364 4.23115 1.27099
threshold=0.56250000000000011 8.5000000000000018 12.460000000000003 -0.70226466349629357 0.29199464751051613 0.89842447368688527 18.525000000000002 1.4490501726476446 0.71330000000000016 0.75275234405000013 -0.10579999999999998 0.58415000000000006 69.033471510000012 1.0724833351008363
decision_type=2 2 2 2 2 2 2 2 2 2 2 2 2 2
left_child=2 -2 3 -1 5 7 -7 -4 9 -6 -5 12 13 -3
right_child=1 11 4 10 8 6 -8 -9 -10 -11 -12 -13 -14 -15
leaf_value=0.040272976810675029 0.034523076204426767 0.039694744814813096 0.0034150943908560572 0.02311316043138251 0.016779257873283632 -0.017592123411665037 0.001138391087491445 -0.022902328355251932 -0.021627439525714751 -0.014507448164644504 -0.018045715678297266 -0.017283506929525769 -0.0069702233116225969 0.014487522211439771
leaf_weight=5.1429659873247138 6.1962735503911999 3.7017782926559466 91.261270340532064 4.4730753004550925 31.379113610833883 52.291647806763649 35.078026283532381 9.0559490919113141 4.9301574863493434 6.2251759245991698 4.7285476326942435 5.6203948408365241 5.5816576406359664 4.8386553861200809
leaf_count=22 26 16 398 20 137 264 158 44 24 29 21 27 26 24
internal_value=0.000293396 0.0115733 -0.000894939 0.0159031 -0.00196106 -0.00413404 -0.010045 0.000989022 0.00754424 0.0114956 0.00167322 0.00408157 0.0128573 0.0260935
internal_weight=270.505 25.9388 244.566 14.3446 230.221 187.687 87.3697 100.317 42.5344 37.6043 9.20162 19.7425 14.1221 8.54043
internal_count=1236 119 1117 63 1054 864 422 442 190 166 41 93 66 40
is_linear=0
shrinkage=0.03


Tree=115
num_leaves=13
num_cat=0
split_feature=311 132 288 306 11 295 314 3 319 315 294 102
split_gain=3.98511 5.89728 4.36194 8.13418 8.63198 7.65344 5.34079 3.18422 4.4892 3.84894 2.15976 2.01061
threshold=0.087141989315513882 105.34610000000002 -1.4250000000000005 0.82073357920544343 21.975000000000005 0.56223366007207554 0.21228244937114069 62.185000000000009 0.82438237452798779 0.38451494982331375 1.0773827490243748 -0.16819999999999999
decision_type=2 2 2 2 2 2 2 2 2 2 2 2
left_child=1 2 5 10 -5 -1 -7 8 -2 11 -4 -9
right_child=7 -3 3 4 -6 6 -8 9 -10 -11 -12 -13
leaf_value=-0.037947520381405801 0.029740627215700904 0.029500413353293078 0.041421999902344429 -0.0023498628692961224 0.014544311793603479 -0.011636205922958531 0.0045212965294063913 -0.010725788440464011 -0.015911528388973813 0.0044352416396194983 0.013344910891446049 -0.041083888875322973
leaf_weight=5.8293636888265601 3.2074652314186123 6.430780664086341 5.6286160796880704 115.74648147076368 35.423066042363644 32.322488553822041 42.217700682580471 3.4131494760513306 4.5376265682280064 3.6434195823967448 5.2979785576462746 6.2694342248141748
leaf_count=25 15 27 24 523 146 152 185 22 31 24 25 37
internal_value=0.000286182 0.00135935 0.00058876 0.00343264 0.00159606 -0.00510688 -0.00245101 -0.0121952 0.00275005 -0.0210606 0.0283248 -0.0309082
internal_weight=269.968 248.896 242.466 162.096 151.17 80.3696 74.5402 21.0711 7.74509 13.326 10.9266 9.68258
internal_count=1236 1107 1080 718 669 362 337 129 46 83 49 59
is_linear=0
shrinkage=0.03


Tree=116
num_leaves=11
num_cat=0
split_feature=304 316 132 13 305 10 282 270 290 156
split_gain=3.9215 5.40865 4.58516 4.81272 10.9042 4.98438 6.95083 5.97839 1.7601 1.46882
threshold=1.1552604006831293 0.5458333333333335 105.34610000000002 24.675000000000004 1.0376396915483914 24.675000000000004 7.6986394800504785 -4.6138166308121873 1.7999999999999992 -1.0000000180025095e-35
decision_type=2 2 2 2 2 2 2 2 2 2
left_child=2 9 3 5 8 7 -7 -1 -5 -2
right_child=1 -3 -4 4 -6 6 -8 -9 -10 -11
leaf_value=0.014094606388586166 -0.013118775658355505 0.01175967430808576 0.027057052555891466 -0.041846417804817147 0.012933045707902954 0.023799482517363559 -0.014818124902351555 -0.0016520823799850131 -0.015159307433523181 -0.040203587562806523
leaf_weight=24.489731915295124 3.6431218758225432 4.0991967543959609 5.8848433941602698 7.2451665475964564 7.8073653616011134 17.905225697904829 5.2926581501960746 184.17172854021192 4.036862924695015 4.9768230095505706
leaf_count=109 23 17 29 36 35 71 24 845 19 28
internal_value=0.000278297 -0.0159005 0.00109707 0.000465814 -0.0139564 0.00167166 0.0148342 0.000187537 -0.0327781 -0.0293823
internal_weight=269.553 12.7191 256.834 250.949 19.0894 231.859 23.1979 208.661 11.282 8.61994
internal_count=1236 68 1168 1139 90 1049 95 954 55 51
is_linear=0
shrinkage=0.03


Tree=117
num_leaves=8
num_cat=0
split_feature=46 143 165 113 54 314 270
split_gain=3.9869 5.01871 4.45685 5.40505 9.43415 6.76619 3.67162
threshold=0.20360000000000003 39.921266969150004 -10.550822932799997 0.31255000000000005 0.54485000000000017 0.30045685686135964 -0.24591299754971235
decision_type=2 2 2 2 2 2 2
left_child=-1 2 6 5 -5 -4 -2
right_child=1 -3 3 4 -6 -7 -8
leaf_value=0.026043375125336287 0.03679693374495728 -0.030872425897788412 -0.0071697583463927591 0.011157733349680303 -0.0053661680953860751 0.017077983281708908 0
leaf_weight=5.1972224824130526 5.2813167795538902 4.6284409128129473 112.43607324361801 70.697254192084074 55.100668340921402 11.251013875007628 4.6368457898497564
leaf_count=25 21 22 534 308 254 52 20
internal_value=0.000268908 -0.000236749 0.000309998 -0.000465906 0.00389777 -0.00492785 0.0199367
internal_weight=269.229 264.032 259.403 249.485 125.798 123.687 9.91816
internal_count=1236 1211 1189 1148 562 586 41
is_linear=0
shrinkage=0.03


Tree=118
num_leaves=10
num_cat=0
split_feature=77 292 294 102 140 13 54 74 314
split_gain=3.9094 5.04818 5.49334 5.17086 6.38033 6.19208 4.23968 3.68114 2.17995
threshold=12.460000000000003 -6.2449999999999992 9.8317436961736338 -0.49814999999999993 8.9042272316500028 24.975000000000005 0.43970000000000004 84.248600000000025 0.23100535706823414
decision_type=2 2 2 2 2 2 2 2 2
left_child=6 7 3 4 -3 -5 -1 8 -2
right_child=1 2 -4 5 -6 -7 -8 -9 -10
leaf_value=0.029561065843210391 -0.040111559499169905 -0.025874527894459948 -0.030656895021806168 0.005264936018767527 -0.0014855827556503605 -0.017368920032163455 -0.0023931711522820749 0.007640098649653977 -0.011918829667662948
leaf_weight=8.1667024902999383 5.4105351231992227 12.049061223864554 4.9026378951966754 162.66660439223051 48.641481172293425 11.510168004781006 6.4998340643942347 3.6157061681151381 5.4041001312434673
leaf_count=36 32 62 28 725 228 54 29 16 26
internal_value=0.000262119 -0.00059802 0.000430123 0.00110457 -0.00641154 0.0037429 0.0152763 -0.0177732 -0.0265367
internal_weight=268.867 254.2 239.77 234.867 60.6905 174.177 14.6665 14.4303 10.8146
internal_count=1236 1171 1097 1069 290 779 65 74 58
is_linear=0
shrinkage=0.03


Tree=119
num_leaves=17
num_cat=0
split_feature=138 103 313 288 290 278 43 46 282 156 172 46 106 48 303 163
split_gain=3.87143 5.62846 7.72119 5.41006 6.38363 6.34663 4.86682 5.04 5.12753 5.21269 4.83133 4.76575 4.45529 3.65163 3.6785 3.41192
threshold=69.809271121538487 -0.035549999999999991 -0.13767711962833909 -4.7999999999999989 -6.5249999999999977 1.926628335369414 -0.64829999999999999 0.50135000000000007 4.2950411495330032 -1.4703889483999997 0.11591807840000001 0.22905000000000003 -0.20889999999999997 0.29035000000000005 -0.16365000000000007 1.1825965760000001
decision_type=2 2 2 2 2 2 2 2 2 2 2 2 2 2 2 2
left_child=6 2 -2 4 -3 11 15 8 9 -8 -4 -5 -12 14 -9 -1
right_child=1 3 10 5 -6 -7 7 13 -10 -11 12 -13 -14 -15 -16 -17
leaf_value=0.038011498811222372 0.018625284347736228 0.0074690834108582984 0.017730668870172595 0.02825665417024565 -0.040249901883455841 0.030152055923071082 -0.028035684342691734 -0.0027996458235269341 0.031061366432433259 0.009969564385739588 -0.026426917212795737 0.00019123906507085607 -0.0073854417697249378 0.0079361161363886348 -0.038416896607273383 0.0038675542268523729
leaf_weight=6.830625578761099 7.359033837914466 4.2258139252662659 3.809152513742446 5.5898545384407035 5.7561731524765474 7.179205246269702 3.9303250573575523 5.5058223456144342 7.7969403639435759 16.378727916628126 22.150971136987209 132.63505062460899 23.329930197447538 6.119892105460166 5.2569232881069192 4.6279908120632172
leaf_count=27 34 18 17 24 29 31 19 26 30 74 117 599 116 29 25 21
internal_value=0.000251689 -0.00159607 -0.00968873 0.0013393 -0.0198771 0.00282908 0.00723612 0.00269367 0.0105149 0.00236624 -0.0140059 0.00136751 -0.0167628 -0.0101356 -0.0206661 0.0246335
internal_weight=268.482 212.035 56.6491 155.386 9.98199 145.404 56.4472 44.9886 28.106 20.3091 49.2901 138.225 45.4809 16.8826 10.7627 11.4586
internal_count=1236 985 284 701 47 654 251 203 123 93 250 623 233 80 51 48
is_linear=0
shrinkage=0.03


Tree=120
num_leaves=16
num_cat=0
split_feature=112 130 77 270 291 14 132 70 135 287 303 101 180 105 131
split_gain=3.83966 4.55148 4.4489 5.0316 4.97556 6.11325 5.87136 5.79454 5.0771 7.03727 4.12649 3.86034 3.09529 3.89819 3.06399
threshold=0.56250000000000011 8.5000000000000018 12.460000000000003 -0.70226466349629357 -5.0599999999999996 18.525000000000002 71.789950000000019 20201015.500000004 3.2096250000000004 -11.284999999999998 -0.10579999999999998 0.21505000000000005 0.17400625050800003 0.32525000000000004 75.229658461538477
decision_type=2 2 2 2 2 2 2 2 2 2 2 2 2 2 2
left_child=2 -2 3 -1 8 7 -7 -6 9 -4 -5 -3 -13 -14 -10
right_child=1 11 4 10 5 6 -8 -9 14 -11 -12 12 13 -15 -16
leaf_value=0.039268758287339375 0.033823436689319829 0.027184820254018895 0.022475699164732819 0.02247015292287682 -0.023417833402602437 0.0029727546679024189 0.026835078272990014 -0.0021220941119495206 -0.04518272685422859 -0.016002349173033392 -0.017467259800306723 0.016661714914301441 -0.032325977242109241 0.0041777334862256954 -0.010082049286935062
leaf_weight=4.9936106093227854 6.0679315179586437 4.7795688584446934 5.9634652249515083 4.4164976738393298 12.852447018027304 66.967560321092606 10.769837349653242 107.62507466599345 5.6881457492709142 14.233129199594261 4.6785307750105849 4.5214226245880118 4.7752199657261354 5.4134360551834106 4.1865426935255527
leaf_count=22 26 23 24 20 54 290 46 518 29 73 21 21 23 26 20
internal_value=0.000246501 0.0112914 -0.000909945 0.0153671 -0.0019339 -0.000190871 0.00634744 -0.00443632 -0.013285 -0.00443834 0.00163333 0.00398621 -0.00348153 -0.0127871 -0.0308522
internal_weight=267.932 25.5576 242.375 14.0886 228.286 198.215 77.7374 120.478 30.0713 20.1966 9.09503 19.4896 14.7101 10.1887 9.87469
internal_count=1236 119 1117 63 1054 908 336 572 146 97 41 93 70 49 49
is_linear=0
shrinkage=0.03


Tree=121
num_leaves=11
num_cat=0
split_feature=70 41 70 46 306 17 291 303 304 2
split_gain=3.82165 4.95066 6.35056 5.41474 5.33601 5.29825 2.82426 3.25923 2.63782 0.284699
threshold=20250920.500000004 20240213.500000004 20231022.000000004 0.23515000000000003 0.92619572985962151 19.440000000000001 0.74499999999999933 0.59746724365462123 0.99870717031589518 67.590000000000018
decision_type=2 2 2 2 2 2 2 2 2 2
left_child=1 2 3 8 -5 6 7 -3 -1 -2
right_child=9 5 -4 4 -6 -7 -8 -9 -10 -11
leaf_value=0.0045032060200613407 -0.032124297539726412 0.029992736010084325 -0.031038614093955499 0.0067206752552955874 -0.0037813838459580165 -0.019604714669379041 -0.0015341067710318472 0.0001670929460536529 0.035436838631459501 -0.0097251552499616842
leaf_weight=4.9975024312734586 3.2382419109344474 14.597939934581527 5.9441626220941535 59.772602066397667 158.89240556210279 3.7862556651234618 5.0332034155726424 4.5147890821099272 5.4512751027941704 1.252249877899885
leaf_count=21 45 84 37 256 688 18 24 23 23 17
internal_value=0.000240655 0.000725166 -0.000683603 0.000104041 -0.000895148 0.0126476 0.0178887 0.023141 0.0211091 -0.0268794
internal_weight=267.481 262.99 235.058 229.114 218.665 27.9322 24.1459 19.1127 10.4488 4.49049
internal_count=1236 1174 1025 988 944 149 131 107 44 62
is_linear=0
shrinkage=0.03


Tree=122
num_leaves=18
num_cat=0
split_feature=311 131 75 263 112 307 41 151 163 101 102 151 142 140 15 279 15
split_gain=3.7626 5.37611 6.92901 6.80741 6.50168 8.69554 8.52249 5.76099 5.72338 8.45946 5.41999 5.1901 3.10647 3.57012 4.47832 2.52169 1.75592
threshold=0.087141989315513882 75.577727777777795 3.5875000000000004 0.018305915860172387 0.52915000000000012 0.8260351575717928 20210814.500000004 16.678143036600002 3.4821579200500001 0.32595000000000007 -0.17854999999999996 4.3196280044500002 3.3821302180500008 16.607588613350003 15.815000000000003 -0.05779475354991901 15.940000000000003
decision_type=2 2 2 2 2 2 2 2 2 2 2 2 2 2 2 2 2
left_child=1 2 7 16 5 -5 -6 11 10 -10 -4 -1 13 15 -15 -2 -3
right_child=12 3 8 4 6 -7 -8 -9 9 -11 -12 -13 -14 14 -16 -17 -18
leaf_value=0.0025149292104594619 0 0.017637357819116038 -0.022212331453489238 0.030452227878483458 0.029285654544896976 -0.013301484703630248 -0.012328587180376197 -0.025463424701526887 0.030165740488130581 -0.016144198584257762 -0.0046979759391531251 0.020939093445458343 -0.032493506185029504 -0.017825281992993134 0.025156462244975863 -0.035643392536329657 0.044198603756184215
leaf_weight=82.304646629840136 2.7931805774569511 5.2932456731796247 25.458488289266825 4.8811504691839245 14.764469265937807 22.237075615674257 6.1239215061068526 5.5360734537243834 7.9054635316133481 6.2057521492242813 43.854244500398636 16.576581798493862 4.9920358136296263 3.5517990216612798 5.189991369843483 4.1682312823832062 5.0657005608081818
leaf_count=358 19 24 134 20 60 104 32 25 30 27 203 69 32 21 29 28 21
internal_value=0.000233348 0.00127887 -0.00117909 0.00922926 0.00436851 -0.00523286 0.0169419 0.00395074 -0.00763278 0.00961842 -0.0111969 0.00565192 -0.0120071 -0.0051402 0.00734954 -0.021131 0.0312115
internal_weight=266.902 246.207 187.841 58.3656 48.0066 27.1182 20.8884 104.417 83.4239 14.1112 69.3127 98.8812 20.6952 15.7032 8.74179 6.96141 10.3589
internal_count=1236 1107 846 261 216 124 92 452 394 57 337 427 129 97 50 47 45
is_linear=0
shrinkage=0.03


Tree=123
num_leaves=6
num_cat=0
split_feature=63 149 76 132 264
split_gain=3.74563 4.22024 5.32172 5.02659 4.95095
threshold=3.7150000000000003 2.4062547741000002 24.706800000000005 105.34610000000002 -0.90841355905861365
decision_type=2 2 2 2 2
left_child=-1 -2 3 4 -3
right_child=1 2 -4 -5 -6
leaf_value=0.024850329250787527 0.025016644472729426 -0.029579566958522995 -0.025951446578556536 0.027533165517509416 -0.00012214531035279402
leaf_weight=5.3489505872130385 5.6977060176432124 5.1543162316083899 7.2894967943429938 5.6798308715224257 236.96108943223953
leaf_count=27 25 28 36 27 1093
internal_value=0.00022702 -0.000275865 -0.00086215 -0.000101814 -0.000773594
internal_weight=266.131 260.782 255.085 247.795 242.115
internal_count=1236 1209 1184 1148 1121
is_linear=0
shrinkage=0.03


Tree=124
num_leaves=22
num_cat=0
split_feature=314 318 106 69 133 138 138 172 44 41 296 62 181 282 279 44 66 117 276 286 108
split_gain=3.64993 8.3131 6.90807 6.74622 7.37932 6.52272 11.1614 6.1814 6.73906 8.18241 5.53907 5.06892 4.99806 4.95111 4.90633 4.81794 4.53127 3.30057 2.23826 1.98768 1.17077
threshold=0.27997802381743125 0.20764871907455398 -0.13174999999999998 332.50000000000006 90.186144056773955 70.910345273400011 293.76273787720004 5.2872409158500009 0.046150000000000004 20211129.500000004 0.89534942473991797 19.545000000000005 3.1493186992000006 13.421433693898882 -0.23572738539991298 0.10215 3.1200000000000006 1994.3150000000003 -0.0041891087745193891 -3.7499999999999996 0.52500000000000013
decision_type=2 2 2 2 2 2 2 2 2 2 2 2 2 2 2 2 2 2 2 2 2
left_child=2 11 3 5 16 19 -7 12 18 -10 -3 17 15 14 -13 -4 -5 -2 -9 -1 -19
right_child=1 10 7 4 -6 6 -8 8 9 -11 -12 13 -14 -15 -16 -17 -18 20 -20 -21 -22
leaf_value=0.0067380893773050102 0.0017692361742708126 -0.028786299799945486 0.0054895727553497878 -0.013167557165663195 0.018149219535441685 -0.02112855835560808 0.019968998302635269 0.017522334158638974 0.021258998293416556 -0.030337560483780238 0.0072281889978711251 -0.028750731594449006 -0.023682586653460527 0.031174431366554112 0.0063342748911510271 -0.0088964880741006103 -0.03548175490938308 0.041275385561363009 0.043876669731688141 0.035405515619412985 0.021004176372823945
leaf_weight=4.5357477813959122 4.1123965308070209 8.1060302592813951 71.307778619229794 22.72888607531786 4.5770656317472449 17.168342549353842 8.9210487902164441 6.6820324659347534 6.3123341351747495 4.7589332722127438 6.9735882654786101 4.6058803573250797 7.6912720650434485 4.9947920441627494 14.824318412691357 29.480203997343779 13.554481342434881 7.85762722045183 6.3237053602933901 4.850211597979067 5.576527327299118
leaf_count=20 19 39 327 105 20 85 40 28 24 25 33 22 36 19 68 141 78 37 24 21 25
internal_value=0.000220328 0.00694842 -0.00160529 -0.0087971 -0.0170946 0.000696747 -0.00693845 0.00251718 0.0162385 -0.000724034 -0.0119958 0.0138384 -0.000512798 0.00481405 -0.00193356 0.00124731 -0.0216606 0.0261319 0.0308024 0.0220854 0.0332998
internal_weight=265.943 57.0512 208.892 76.3358 40.8604 35.4754 26.0894 132.556 24.077 11.0713 15.0796 41.9715 108.479 24.425 19.4302 100.788 36.2834 17.5466 13.0057 9.38596 13.4342
internal_count=1236 262 974 369 203 166 125 605 101 49 72 190 504 109 90 468 183 81 52 41 62
is_linear=0
shrinkage=0.03


Tree=125
num_leaves=19
num_cat=0
split_feature=112 130 14 313 319 319 305 106 69 82 54 288 147 42 75 113 314 138
split_gain=3.65112 4.33899 4.17098 7.44029 7.2501 7.4864 6.78769 5.9587 7.77318 6.08213 5.72792 5.49508 5.36312 3.74177 3.97882 3.58457 3.46164 1.2604
threshold=0.56250000000000011 8.5000000000000018 18.525000000000002 -0.15426033113474216 0.89457603411583941 1.1162619516581602 0.86040269769916267 -0.070899999999999977 333.50000000000006 11.165000000000001 0.39385000000000003 -0.97499999999999953 -0.019574578900000007 0.58415000000000006 4.666500000000001 0.28895000000000004 0.23024714747249095 101.78576718541127
decision_type=2 2 2 2 2 2 2 2 2 2 2 2 2 2 2 2 2 2
left_child=2 -2 3 16 6 -6 -5 8 10 15 -4 -11 -10 14 17 -9 -1 -3
right_child=1 13 7 4 5 -7 -8 9 12 11 -12 -13 -14 -15 -16 -17 -18 -19
leaf_value=0.0036679686487868877 0.033355795137723361 0.034402848498484941 0.031651235953849798 0.032834410828141307 -0.022203613745624271 -0.0011196311742380797 -0.0022885920360747767 0.0086953041922743154 0 -0.0094503388593643028 -0.0021470053527288162 0.012807884905528571 -0.036996218535931893 -0.016519261881449976 -0.01107150940171776 0.040756990125077518 0.035522448844056698 0.011003829804352222
leaf_weight=7.5762047469615919 5.9278191998600986 4.7387134954333323 5.5575304031372097 5.2911651432514182 37.442414328455925 25.959101226180792 60.281636945903301 5.733516648411749 5.9346104636788377 15.650229319930075 21.651039022952318 26.782294072210789 8.7600581049919093 5.5209564417600623 4.2456681542098513 7.8898107931017876 5.3891703635454178 4.7413548454642296
leaf_count=34 26 22 23 23 200 124 277 28 28 70 97 113 45 27 23 32 23 21
internal_value=0.000217245 0.0110718 -0.00091345 -0.00420856 -0.0064066 -0.0136336 0.000545535 0.00382989 -0.00467273 0.0102362 0.00473728 0.00452502 -0.0222133 0.00391653 0.0124135 0.0276438 0.0173087 0.0232502
internal_weight=265.073 25.1745 239.899 141.94 128.974 63.4015 65.5728 97.9591 41.9032 56.0559 27.2086 42.4325 14.6947 19.2467 13.7257 13.6233 12.9654 9.48007
internal_count=1236 119 1117 681 624 324 300 436 193 243 120 183 73 93 66 60 57 43
is_linear=0
shrinkage=0.03


Tree=126
num_leaves=18
num_cat=0
split_feature=48 288 54 113 132 106 279 132 314 306 297 291 288 156 113 120 103
split_gain=3.61222 4.63763 4.41885 6.55109 6.88684 7.25659 6.47897 6.96322 5.92624 5.58818 7.06595 5.78413 4.68818 4.14624 4.0377 3.92997 1.3461
threshold=-0.26059999999999994 -1.4250000000000005 0.54485000000000017 0.30080000000000001 20.452950000000005 -0.53054999999999997 1.4786992479078698 29.671000000000003 0.21285808626472272 0.92952984865470856 1.0663673361827799 -4.8749999999999991 -0.29999999999999888 5.5975800997500018 0.33870000000000006 3728.6850000000004 -0.042949999999999995
decision_type=2 2 2 2 2 2 2 2 2 2 2 2 2 2 2 2 2
left_child=1 -1 3 4 13 -6 7 -5 12 11 -11 -10 16 -2 -8 -14 -4
right_child=2 -3 8 6 5 -7 14 -9 9 10 -12 -13 15 -15 -16 -17 -18
leaf_value=-0.0067280763880213533 0.021345747883806977 0.035258108749510811 -0.014426232695266612 -0.012349381166373637 -0.040794985048223043 -0.0046993664565075192 0.047829575257221514 0.0099033365396243665 -0.015196305276205382 0.0068817362170515411 -0.017254830020288509 0.025732112696369231 0.017718603536915827 -0.010165302841955028 0.010988626182293825 -0.023480609426585107 -0.042400416549683233
leaf_weight=3.7792199179530144 13.82242012023926 5.698762580752371 2.6114863008260727 16.13803343474865 5.3435749486088744 69.846567533910275 5.4620839953422529 56.162169978022575 4.1901689283549777 18.454474780708551 26.033494781702757 10.683628000319002 3.7390193827450258 4.9333131052553645 5.8226034939289093 4.3901482000946999 7.1738985292613524
leaf_count=18 64 27 16 72 28 328 19 250 19 83 134 43 19 27 26 23 40
internal_value=0.000213595 0.018308 -0.000454606 0.00213933 -0.0032724 -0.00735521 0.00825438 0.0048847 -0.00644762 -0.00181547 -0.00718225 0.0139771 -0.0215349 0.0128884 0.0293476 -0.00418139 -0.0354597
internal_weight=264.285 9.47798 254.807 177.531 93.9459 75.1901 83.5849 72.3002 77.2763 59.3618 44.488 14.8738 17.9146 18.7557 11.2847 8.12917 9.78538
internal_count=1236 45 1191 814 447 356 367 322 377 279 217 62 98 91 45 42 56
is_linear=0
shrinkage=0.03


Tree=127
num_leaves=13
num_cat=0
split_feature=138 181 285 103 313 20 312 165 74 295 132 22
split_gain=3.58464 6.65412 5.44965 5.67674 7.38082 4.86295 4.83735 4.65802 4.29555 8.16678 6.10528 4.27976
threshold=69.809271121538487 0.13806900645000003 -16.135000000000002 -0.035549999999999991 -0.13767711962833909 -1.575 -0.06174012788718574 -1.6565096656999996 25.838350000000002 0.94490709015427587 65.029775000000015 -0.44499999999999995
decision_type=2 2 2 2 2 2 2 2 2 2 2 2
left_child=1 -1 -2 4 -4 -6 -3 -8 9 -5 -10 -9
right_child=2 6 3 8 5 -7 7 11 10 -11 -12 -13
leaf_value=-0.022111028042233298 -0.041314740060260015 -0.02039731247314094 0.019057337012072274 -0.0044426370912080846 -0.00083393177240462897 -0.020798531142399979 -0.010052866627501034 0.0073895302977269291 -0.0050261983641593354 0.021500163358856718 0.012318210340807711 0.027536668295183177
leaf_weight=6.1252866983413687 2.9657327383756629 3.9720885306596747 7.0560113675892344 19.409877974539995 17.745380438864231 30.179970888420939 6.2695764899253836 19.904790483415123 83.258099984377623 24.328235317021608 23.251801941543818 19.187119528651241
leaf_count=29 16 21 33 87 89 159 28 89 382 112 107 84
internal_value=0.000206469 0.00698699 -0.00158781 -0.000979268 -0.00922792 -0.0134858 0.0106979 0.0135257 0.0020234 0.00993509 -0.00120366 0.0173997
internal_weight=263.654 55.4589 208.195 205.229 54.9814 47.9254 49.3336 45.3615 150.248 43.7381 106.51 39.0919
internal_count=1236 251 985 969 281 248 222 201 688 199 489 173
is_linear=0
shrinkage=0.03


Tree=128
num_leaves=15
num_cat=0
split_feature=304 316 76 174 314 10 179 158 278 290 112 291 109 156
split_gain=3.55296 4.93606 4.27008 7.30766 8.43193 6.50488 9.69283 5.8698 5.68387 5.374 5.37097 5.19915 2.43154 1.37475
threshold=1.1552604006831293 0.5458333333333335 10.430450000000002 0.34767734885000007 0.22974577135871946 24.525000000000002 0.71955001500000015 59.735333760650008 1.5093719710652589 -0.6750000000000006 0.56250000000000011 3.3100000000000001 0.34825000000000006 -1.0000000180025095e-35
decision_type=2 2 2 2 2 2 2 2 2 2 2 2 2 2
left_child=2 13 5 8 -5 10 -7 -8 9 -4 11 -1 -12 -2
right_child=1 -3 3 4 -6 6 7 -9 -10 -11 12 -13 -14 -15
leaf_value=-0.0023223501279203327 -0.012589780429839149 0.011136721358288883 -0.033020631800199873 -0.017211808920394193 0.036514901894207218 0.041960491587388023 -0.0081537175768780848 0.031501570153462617 0.017104608057561102 -0.0058111382584678196 0.0085425111020227262 0.018220556110959688 0.033534898612637754 -0.039328843284668555
leaf_weight=155.66691600345075 3.5208526775240889 4.0184466727077952 14.042234353721144 4.4194868132472021 6.0607874654233456 8.92981204390526 11.682075250893833 4.5778527148067942 4.0861366465687743 12.815781943500044 11.337951447814705 11.823854044079779 5.3909068256616584 4.7872659415006629
leaf_count=725 23 17 74 21 25 34 54 20 18 67 54 51 25 28
internal_value=0.000198853 -0.0154452 0.000985441 -0.00778498 0.0136265 0.00273757 0.0170104 0.00295185 -0.0151539 -0.0202181 0.000761502 -0.000844235 0.016926 -0.0286385
internal_weight=263.16 12.3266 250.834 41.4244 10.4803 209.409 25.1897 16.2599 30.9442 26.858 184.22 167.491 16.7289 8.30812
internal_count=1236 68 1168 205 46 963 108 74 159 141 855 776 79 51
is_linear=0
shrinkage=0.03


Tree=129
num_leaves=14
num_cat=0
split_feature=63 314 110 102 186 162 168 62 270 277 107 139 13
split_gain=3.53706 4.39784 4.96242 4.35819 7.01158 6.52302 6.31853 5.86275 6.98213 5.61347 3.994 5.04556 1.75498
threshold=3.7150000000000003 0.15222783793632869 -0.21454999999999999 -0.49814999999999993 -0.7357243501999986 0.27967454130000008 2.1165974778000005 16.105000000000004 -1.5894197326293242 1.1895116016261964 -0.025799999999999997 77.70516132500002 15.975000000000003
decision_type=2 2 2 2 2 2 2 2 2 2 2 2 2
left_child=-1 2 -2 7 5 -5 -6 9 -9 -3 12 -12 -4
right_child=1 3 10 4 6 -7 -8 8 -10 -11 11 -13 -14
leaf_value=0.024364250121330706 0.009327336652022733 -0.0025456622146074657 -0.013724823527804561 -0.011472148253111748 0.018735868829230517 0.0039425573318481498 -0.0075909596828597102 0.0066249317556583854 -0.024893213343005413 0.032392873296870961 0.0095050226191955977 -0.027767732141553116 -0.043696078078935129
leaf_weight=5.2414666786789885 7.611058913171294 21.585155643522743 3.1602377966046387 34.033330090343952 38.308086968958378 89.265295445919037 10.190086923539637 8.8592253699898738 20.641569953411818 4.9866222888231269 6.9962175935506767 5.8640855066478252 5.8491082079708576
leaf_count=27 38 94 20 165 173 391 45 43 114 21 35 37 33
internal_value=0.000194318 -0.000295572 -0.0111875 0.00110471 0.00348606 -0.000293802 0.0131383 -0.00613116 -0.0153364 0.00399551 -0.0184736 -0.00734238 -0.0337784
internal_weight=262.592 257.35 29.4807 227.869 171.797 123.299 48.4982 56.0726 29.5008 26.5718 21.8696 12.8603 9.00935
internal_count=1236 1209 163 1046 774 556 218 272 157 115 125 72 53
is_linear=0
shrinkage=0.03


Tree=130
num_leaves=9
num_cat=0
split_feature=311 132 276 288 282 277 264 156
split_gain=3.49649 4.50007 4.13494 4.07363 6.55207 6.39656 2.68551 2.37617
threshold=0.30622850432010745 105.34610000000002 -7.0372223751856868 -0.37499999999999994 5.9574356326500633 0.30650422226418172 -0.22714156068272737 -0.67575562784999976
decision_type=2 2 2 2 2 2 2 2
left_child=1 2 6 5 -5 -4 -1 -2
right_child=7 -3 3 4 -6 -7 -8 -9
leaf_value=-0.039932645978778714 0 0.025737160475884143 -0.0082168042583969075 0.0085063105998557167 -0.010554621679007071 0.0051402070544662093 -0.0025456797708077491 -0.038459286118302752
leaf_weight=3.6447237469255924 2.6631599813699722 6.2204908952116957 78.672739416360855 89.960376970469952 19.584531828761101 54.304610751569271 3.5811372473835936 3.3858197368681422
leaf_count=20 18 30 366 414 95 247 20 26
internal_value=0.000187935 0.000736027 9.12627e-05 0.00077367 0.0050647 -0.00273983 -0.0221008 -0.022152
internal_weight=262.018 255.969 249.748 242.522 109.545 132.977 7.22586 6.04898
internal_count=1236 1192 1162 1122 509 613 40 44
is_linear=0
shrinkage=0.03


Tree=131
num_leaves=20
num_cat=0
split_feature=314 298 14 64 90 64 144 137 69 301 288 22 297 318 297 2 133 177 295
split_gain=3.42418 5.71924 6.81576 6.93138 7.82023 6.63054 6.29607 5.97222 6.83616 4.8165 4.77997 6.51439 4.73999 4.21089 3.93521 3.78459 4.9378 3.47799 2.72775
threshold=0.29199464751051613 1.3434841405462512 18.975000000000005 17.370000000000001 33991211.470000006 22.090000000000003 1.0077281429680003 3.1464750000000001 334.50000000000006 1.2036431402980268 -0.6750000000000006 -1.0599999999999998 1.3298757987999601 0.31410160803000881 0.64900960671347641 74.340000000000018 12.735048598892687 0.19206790485000003 1.8279329004329006
decision_type=2 2 2 2 2 2 2 2 2 2 2 2 2 2 2 2 2 2 2
left_child=1 2 3 4 -1 -5 10 8 -4 12 18 -12 -8 15 -9 16 -2 -18 -3
right_child=13 6 7 5 -6 -7 9 14 -10 -11 11 -13 -14 -15 -16 -17 17 -19 -20
leaf_value=0.012967488168586871 -0.023896978134104664 -0.040457509590725714 0.03075666113505382 -0.041233842082399871 -0.0060631352876919205 -0.006220800375867871 0.010559372078675364 0.017712074967974098 -0.0046210966562219933 0.033812831796131169 0.019194015285398786 -0.013530555535258709 -0.023142702788217468 -0.018814765490825943 -0.015878586943954467 -0.0087608533553674792 -0.012327880095774707 0.021171997657690879 -0.016901003818270584
leaf_weight=35.488872155547142 2.5982047989964476 6.664593122899535 18.537572346627716 6.5485897958278683 42.513394251465797 19.44459218159318 10.144144736230375 4.8630081266164771 6.4553683847188941 4.2661394178867331 7.0597313642501858 22.654210489243269 5.8084689788520327 4.7260734550654879 8.3177394792437536 7.2439088299870482 2.8997591733932486 29.269390497356653 16.258566087111831
leaf_count=158 13 36 77 34 192 95 45 22 29 18 31 119 34 23 39 33 16 134 88
internal_value=0.000180414 -0.00140832 0.00207759 -0.00187907 0.00256238 -0.015281 -0.0082453 0.0129117 0.0215175 0.00585987 -0.013721 -0.0056166 -0.00159265 0.00754118 -0.00321944 0.010615 0.0147516 0.0180305 -0.024026
internal_weight=261.762 215.025 142.169 103.995 78.0023 25.9932 72.8559 38.1737 24.9929 20.2188 52.6371 29.7139 15.9526 46.7373 13.1807 42.0113 34.7674 32.1691 22.9232
internal_count=1236 1017 646 479 350 129 371 167 106 97 274 150 79 219 61 196 163 150 124
is_linear=0
shrinkage=0.03


Tree=132
num_leaves=11
num_cat=0
split_feature=304 316 132 13 305 14 314 66 138 156
split_gain=3.3879 4.66117 3.72969 3.89547 9.77177 7.72125 4.71021 4.43724 1.46017 1.36203
threshold=1.1552604006831293 0.5458333333333335 105.34610000000002 24.675000000000004 1.0376396915483914 23.175000000000004 0.27997802381743125 4.1900000000000004 106.07586951612301 -1.0000000180025095e-35
decision_type=2 2 2 2 2 2 2 2 2 2
left_child=2 9 3 5 8 6 -1 -7 -5 -2
right_child=1 -3 -4 4 -6 7 -8 -9 -10 -11
leaf_value=-0.0022391032814194568 -0.012134974285133595 0.010685856690351004 0.025213267101798734 -0.045929178414403887 0.012868606069431753 0.038119141184884853 0.0088108734556485418 0.003160864231406589 -0.021094026280620792 -0.038925407819331098
leaf_weight=167.67602160945535 3.4765067473053923 3.9812781177461138 5.474110782146453 4.1364804208278674 7.5405212454497805 7.7224418371915799 43.674229804426432 5.9896824955940247 6.555628664791584 4.6943622082471839
leaf_count=787 23 17 29 20 35 31 205 26 35 28
internal_value=0.000172154 -0.0152146 0.000941648 0.000373079 -0.0129086 0.00146763 3.32057e-05 0.0231994 -0.0313166 -0.028174
internal_weight=260.921 12.1521 248.769 243.295 18.2326 225.062 211.35 13.7121 10.6921 8.17087
internal_count=1236 68 1168 1139 90 1049 992 57 55 51
is_linear=0
shrinkage=0.03


Tree=133
num_leaves=12
num_cat=0
split_feature=77 292 307 294 106 289 102 78 3 271 264
split_gain=3.39863 4.40764 6.17162 6.13973 5.34879 3.92413 3.51002 3.12441 2.79609 2.77061 0.567474
threshold=12.460000000000003 -6.2449999999999992 0.78285397695735648 8.5784371062075113 -0.13174999999999998 -3.0749999999999988 -0.96329999999999993 2.1650000000000005 65.935000000000016 0.10506322538021466 -0.051636456409138227
decision_type=2 2 2 2 2 2 2 2 2 2 2
left_child=5 9 6 4 -4 -1 -3 -8 -7 -2 -11
right_child=1 2 3 -5 -6 8 7 -9 -10 10 -12
leaf_value=-0.011468844938288866 -0.0030111990512466389 -0.0077013161399811627 -0.0072477608030262607 -0.035701269479189404 0.0029651851837781571 0.0037131798338810133 -0.0010310261589572792 0.029416613572367245 0.036390263604868876 -0.018604478789717906 -0.039570478126957818
leaf_weight=3.6635674685239783 6.8918353356420976 4.2313189581036594 69.007682796567678 4.4412622414529315 138.62563563883305 4.1218992918729764 3.7297106906771686 12.600936606526373 6.2878326810896397 3.3044717852026224 3.6083758175373077
leaf_count=19 34 19 338 27 640 18 21 52 28 20 20
internal_value=0.000166871 -0.000642809 0.00032507 -0.00118609 -0.000416538 0.0144615 0.0159865 0.0223162 0.0238951 -0.0170543 -0.0303843
internal_weight=260.515 246.441 232.637 212.075 207.633 14.0733 20.562 16.3306 10.4097 13.8047 6.91285
internal_count=1236 1171 1097 1005 978 65 92 73 46 74 40
is_linear=0
shrinkage=0.03


Tree=134
num_leaves=9
num_cat=0
split_feature=311 132 111 122 304 76 76 76
split_gain=3.38061 4.09092 3.93741 5.38349 4.07261 4.29693 2.15391 1.95871
threshold=0.30622850432010745 105.34610000000002 0.46895000000000003 0.41820000000000007 1.1552604006831293 10.192100000000002 5.0321500000000006 5.600950000000001
decision_type=2 2 2 2 2 2 2 2
left_child=1 2 4 -4 5 -1 -6 -2
right_child=7 -3 3 -5 6 -7 -8 -9
leaf_value=0.0017309925639516514 -0.0038970296713393233 0.024770596197237548 0.035154607103599869 -0.0034060372409224272 -0.034089542618104852 -0.009635135385163961 -0.0011501516545957622 -0.039365517746144045
leaf_weight=192.12165131419897 3.0747069474309674 6.1002367436885825 6.5144431218504888 6.1383104845881462 4.8421626687049857 35.354272197932005 3.1138482317328453 2.8938978835940361
leaf_count=882 22 30 28 28 31 176 17 22
internal_value=0.000159808 0.00069929 8.55625e-05 0.0163322 -0.000781401 -2.58044e-05 -0.0217443 -0.0219537
internal_weight=260.154 254.185 248.085 12.6528 235.432 227.476 7.95601 5.9686
internal_count=1236 1192 1162 56 1106 1058 48 44
is_linear=0
shrinkage=0.03


Tree=135
num_leaves=8
num_cat=0
split_feature=293 293 77 54 307 2 18
split_gain=3.30291 3.70044 3.90322 5.10997 4.44751 8.03718 4.45393
threshold=-7.6899999999999986 -6.9399999999999995 12.460000000000003 0.43970000000000004 0.78285397695735648 74.340000000000018 15.940000000000003
decision_type=2 2 2 2 2 2 2
left_child=-1 -2 3 -3 5 -4 -6
right_child=1 2 4 -5 6 -7 -8
leaf_value=0.027887381864633343 -0.026630384562683376 0.035519455869547918 0.020698587585805298 -0.0029051097326955526 0.0026757538344778587 -0.026047491598814077 -0.0059177634374692565
leaf_weight=3.7100027725100508 4.5988989025354376 6.2331913895905 18.127131622284654 5.8417522236704826 101.0066293310374 3.9049159362912169 116.40112937241793
leaf_count=16 22 30 81 27 477 21 562
internal_value=0.000153413 -0.000247353 0.000233525 0.0168124 -0.000596693 0.0121976 -0.00191207
internal_weight=259.824 256.114 251.515 12.0749 239.44 22.032 217.408
internal_count=1236 1220 1198 57 1141 102 1039
is_linear=0
shrinkage=0.03


Tree=136
num_leaves=18
num_cat=0
split_feature=112 285 1 51 178 150 108 292 316 176 76 43 90 183 133 0 318
split_gain=3.35495 5.19526 4.86488 4.49594 5.13451 6.84545 4.99481 4.51744 4.64183 4.26281 4.75825 3.91585 3.62232 3.58833 2.39888 1.83168 0.538668
threshold=0.54585000000000006 -3.5249999999999981 79.840000000000018 0.25060000000000004 1.7047246528500002 3.8276597305000002 0.54165000000000008 -6.1249999999999991 0.57916666666666672 19.441355762900002 8.4687500000000018 1.3211000000000002 7168437.0600000015 0.067678122000000007 58.79775454589042 62.07500000000001 0.10783120730982211
decision_type=2 2 2 2 2 2 2 2 2 2 2 2 2 2 2 2 2
left_child=2 9 3 7 5 -5 -6 12 -9 10 13 15 -1 -2 -13 -3 -17
right_child=1 11 -4 4 6 -7 -8 8 -10 -11 -12 14 -14 -15 -16 16 -18
leaf_value=0.004435775561471852 0.0030505106136989846 0.0060167052420349821 0.023494287998084798 -0.007524465556698578 -0.036361099197019194 0.030132975693740606 0.0028529549008310283 0.0042738535038185817 -0.016410480388825605 -0.024866575142976965 -0.018892798411137307 -0.016930815702172922 -0.031269374389547001 0.037107828014955241 0.015545250723053291 0.038916717398050048 0.022160345050645583
leaf_weight=3.8766233846545202 8.5523622948676401 3.3567553646862534 6.7023530863225451 52.05938570573926 9.7350973449647409 4.6188586354255667 3.9455895423889151 115.07065634429455 10.528684187680481 5.645702462643384 5.2251497581601134 3.6434736996889097 6.6184158492833376 4.2119937911629668 4.4001698419451714 6.738280385732649 4.6146095804870129
leaf_count=18 44 20 31 260 53 19 17 523 48 29 25 18 37 18 22 28 26
internal_value=0.000149126 0.00746196 -0.00143103 -0.00226572 -0.00842124 -0.00435516 -0.0248952 0.000898418 0.00250439 -0.00227847 0.00474285 0.0176769 -0.0178802 0.0147231 0.000439141 0.0268338 0.0326207
internal_weight=259.544 46.3885 213.156 206.453 70.3589 56.6782 13.6807 136.094 125.599 23.6352 17.9895 22.7533 10.495 12.7644 8.04364 14.7096 11.3529
internal_count=1236 230 1006 975 349 279 70 626 571 116 87 114 55 62 40 74 54
is_linear=0
shrinkage=0.03


Tree=137
num_leaves=14
num_cat=0
split_feature=63 314 137 18 307 283 137 113 120 151 114 294 4
split_gain=3.26301 4.05946 4.82727 7.95703 6.85985 5.95127 6.17651 5.04122 4.82551 4.6143 3.15526 4.77956 1.80866
threshold=3.7150000000000003 0.15222783793632869 2.6441250000000003 15.940000000000003 0.7580803647151465 0.016182375165814208 1.8847750000000001 0.36315000000000003 5762.3050000000012 0.8990497970500001 0.0036500000000000005 1.2172875790350026 63.225000000000009
decision_type=2 2 2 2 2 2 2 2 2 2 2 2 2
left_child=-1 8 5 7 -5 9 -7 -4 10 -3 11 -2 -12
right_child=1 2 3 4 -6 6 -8 -9 -10 -11 12 -13 -14
leaf_value=0.0236741954783901 0.0059195628525728003 -0.038860697690191903 -0.00074462439914506058 0.019316225661638948 -0.011547971904752234 0.00061880347914046907 0.018280612897196881 0.016455895654848299 0.010101506770491217 0.003978640316976847 -0.042801405233649385 -0.031095368949002403 -0.013096002638506939
leaf_weight=5.1021583825349799 8.0314503908157402 4.1429722458124143 42.364064140245318 6.9726052209734908 71.158862493932247 34.92737102881074 37.089770197868347 23.660668682307005 7.1759926583617917 4.5739878118038177 5.3830239176750165 4.9329526722431174 3.4906457364559174
leaf_count=27 40 22 199 30 342 157 167 107 39 22 35 29 20
internal_value=0.000146374 -0.000323737 0.00102823 -0.00224528 -0.00873407 0.00690597 0.0097692 0.00538956 -0.0108735 -0.0162515 -0.0179173 -0.00806519 -0.0317266
internal_weight=259.007 253.904 224.89 144.156 78.1315 80.7341 72.0171 66.0247 29.0141 8.71696 21.8381 12.9644 8.87367
internal_count=1236 1209 1046 678 372 368 324 306 163 44 124 69 55
is_linear=0
shrinkage=0.03


Tree=138
num_leaves=19
num_cat=0
split_feature=138 181 138 280 44 156 288 137 49 74 312 46 17 139 54 77 185 114
split_gain=3.23413 5.9849 4.8353 5.6872 6.5015 4.74252 6.98386 6.30839 4.74172 6.8377 6.77154 6.75106 4.95532 4.20605 3.85298 7.59694 4.43988 2.64507
threshold=69.809271121538487 0.13806900645000003 190.12491336307974 0.13608683754965498 -0.013449999999999998 -2.1951615773499995 -1.0499999999999978 3.4887000000000006 0.52936186440677979 79.899050000000017 -0.2346076870158347 0.33495000000000003 17.060000000000006 70.036386940000014 0.58211774076405942 64.410000000000011 1.1296962262250003 0.020950000000000003
decision_type=2 2 2 2 2 2 2 2 2 2 2 2 2 2 2 2 2 2
left_child=1 -1 8 14 -5 -3 7 -7 10 12 -2 -12 -10 -11 16 -16 -4 -8
right_child=2 5 3 4 -6 6 17 -9 9 13 11 -13 -14 -15 15 -17 -18 -19
leaf_value=-0.021229961950951979 0.020143985678316965 -0.011139717548516673 0.017265262634276475 0.0099229787352875867 -0.033234550750180641 -0.017581081972979067 0.013598584374558379 0.025184455966037834 0.02479458208583428 0.001988467336629491 -0.027032144611165983 -0.0065575775412479278 -0.0032854641580262718 -0.033653817809984325 -0.01886469316562445 0.019832411690355552 -0.0032726687024928424 0.033052898078582825
leaf_weight=5.9949279278516761 6.4919959343969813 7.6463112682104102 36.646220246329904 5.3904007524251938 7.0532312244176847 9.0830262303352338 14.05232707411051 4.5679876059293738 13.888101466000082 6.1443751603364927 18.99178209155798 63.543753936886787 9.1727328523993474 5.411262009292841 11.679874490946533 7.317347638309001 12.416731022298334 12.972162846475838
leaf_count=29 29 35 169 23 37 46 63 19 60 30 95 309 45 29 60 34 65 59
internal_value=0.000141944 0.00665146 -0.00157774 0.00412011 -0.0143701 0.0102092 0.0143134 -0.00297337 -0.00531214 0.00404147 -0.00898321 -0.0113322 0.0135299 -0.0145902 0.00756087 -0.00377646 0.0120105 0.023135
internal_weight=258.465 54.3167 204.148 80.5038 12.4436 48.3218 40.6755 13.651 123.644 34.6165 89.0275 82.5355 23.0608 11.5556 68.0602 18.9972 49.063 27.0245
internal_count=1236 251 985 388 60 222 187 65 597 164 433 404 105 59 328 94 234 122
is_linear=0
shrinkage=0.03


Tree=139
num_leaves=8
num_cat=0
split_feature=48 288 264 181 172 54 267
split_gain=3.24459 4.15498 4.1441 4.29967 4.52071 4.52839 4.42636
threshold=-0.26059999999999994 -1.4250000000000005 -0.90841355905861365 0.034288336900000008 0.085360947800000017 0.58420000000000016 -0.31816063588716614
decision_type=2 2 2 2 2 2 2
left_child=1 -1 -2 -4 6 -6 -5
right_child=2 -3 3 4 5 -7 -8
leaf_value=-0.0061647357709788721 -0.027653474119733124 0.034219810963319601 -0.025679544118288055 0.036707703277952683 0.0019230877535522603 -0.0085461671354004776 -0.0015583379740435534
leaf_weight=3.6916575133800507 4.8574085384607306 5.4155198335647565 5.6065745651721945 5.9390974044799805 180.96026568487287 46.674805168062449 4.6740089021623117
leaf_count=18 28 27 29 24 852 233 25
internal_value=0.000137349 0.0176347 -0.000498129 4.16025e-05 0.000669992 -0.000213189 0.0197181
internal_weight=257.819 9.10718 248.712 243.855 238.248 227.635 10.6131
internal_count=1236 45 1191 1163 1134 1085 49
is_linear=0
shrinkage=0.03


Tree=140
num_leaves=9
num_cat=0
split_feature=311 132 276 263 177 285 45 156
split_gain=3.20419 3.90597 3.87451 3.67572 5.42308 4.17136 2.24919 2.18249
threshold=0.30622850432010745 105.34610000000002 -7.0372223751856868 -0.028865604801158181 0.87300763445000007 -14.209999999999999 0.53815789473684228 -0.67575562784999976
decision_type=2 2 2 2 2 2 2 2
left_child=1 2 6 4 -4 -5 -1 -2
right_child=7 -3 3 5 -6 -7 -8 -9
leaf_value=-0.0042363850708432666 0 0.024361666388780224 0.022928122805314165 -0.024929418848237173 -0.001394694899319664 0 -0.039057929561244861 -0.037625914231413649
leaf_weight=3.673210844397544 2.5785048641264439 6.005207233130931 15.430166184902189 6.1260628476738921 17.116084642708302 199.98888744041324 3.3876563496887684 3.250789698213338
leaf_count=22 18 30 71 33 80 938 18 26
internal_value=0.000132497 0.000657257 5.60655e-05 0.000720333 0.0100798 -0.000747176 -0.0216741 -0.0216512
internal_weight=257.557 251.727 245.722 238.661 32.5463 206.115 7.06087 5.82929
internal_count=1236 1192 1162 1122 151 971 40 44
is_linear=0
shrinkage=0.03


Tree=141
num_leaves=11
num_cat=0
split_feature=61 283 154 314 319 318 49 174 136 156
split_gain=3.12966 4.73758 4.31977 4.60628 5.79089 5.05309 3.85088 3.57362 3.43503 1.23667
threshold=4.495000000000001 0.018137056739739459 0.16614813275000004 0.27997802381743125 0.887610798344313 0.20764871907455398 0.52936186440677979 -1.0000000180025095e-35 1.7783718750000002 0.37540437514999991
decision_type=2 2 2 2 2 2 2 2 2 2
left_child=7 6 -3 4 -4 -5 8 -1 -2 -10
right_child=1 2 3 5 -6 -7 -8 -9 9 -11
leaf_value=-0.001027169965251568 0.0017730202455207274 0.021545191736321266 0.0026874031060791768 0.013271327527236913 -0.0083785231983781357 -0.008117810385304871 0.0062617186919001885 0.034863418090610658 -0.018065542980494797 -0.042316175071836243
leaf_weight=4.752403911203146 3.2663531303405788 8.4654823541641218 89.344206072390079 38.05336282774806 80.66329044662416 13.182162344455717 5.1018382161855689 4.8086219727992994 4.0184281393885595 5.6785881333053112
leaf_count=24 16 39 407 175 402 64 27 27 22 33
internal_value=0.000126335 -0.000514876 0.000638637 -0.000157135 -0.00254724 0.00770468 -0.0152703 0.0168871 -0.0239571 -0.0328599
internal_weight=257.335 247.774 229.709 221.243 170.007 51.2355 18.0652 9.56103 12.9634 9.69702
internal_count=1236 1185 1087 1048 809 239 98 51 71 55
is_linear=0
shrinkage=0.03


Tree=142
num_leaves=17
num_cat=0
split_feature=112 285 1 51 18 136 58 292 176 76 43 132 0 278 0 314
split_gain=3.09243 4.68832 4.59557 4.14467 4.91816 5.98814 4.22795 4.74269 4.03288 4.46335 3.69943 3.6337 1.92261 1.90076 1.73625 0.507879
threshold=0.54585000000000006 -3.5249999999999981 79.840000000000018 0.25060000000000004 20.685000000000006 2.83634577922078 4.8850000000000007 -6.1249999999999991 19.441355762900002 8.4687500000000018 1.3211000000000002 45.979425000000006 64.235000000000014 0.17477088001681509 62.07500000000001 0.22877796319888369
decision_type=2 2 2 2 2 2 2 2 2 2 2 2 2 2 2 2
left_child=2 8 3 6 5 -5 13 -8 9 11 14 -2 -12 -1 -3 -16
right_child=1 10 -4 4 -6 -7 7 -9 -10 -11 12 -13 -14 -15 15 -17
leaf_value=0.032773531481244032 0.00061507134901128918 0.0055866618837457195 0.022969636921714661 0.0081279841820830097 -0.03788365979176074 -0.011798847250181566 -0.021035270970201657 0.0010328153247330801 -0.024199688040069216 -0.018237257106468063 0.016179200261695614 0.03358807353932268 -0.012983188833962744 0.0049860183194193391 0.039321379643511671 0.023092196067477935
leaf_weight=4.9730603061616403 7.475090213119989 3.3070667833089855 6.6228757575154296 18.953667107969522 4.6110018379986277 46.113676462322474 9.3715875148773176 115.99993589892983 5.5779870860278598 5.1698269397020331 3.6914564445614806 5.1639715731143951 4.2790326811373234 4.526764914393425 5.5303828157484514 5.5784514173865318
leaf_count=26 37 20 31 90 27 232 50 526 29 25 18 25 22 24 26 28
internal_value=0.000122756 0.0071937 -0.0013984 -0.00221289 -0.00815253 -0.0059447 0.000837242 -0.000608326 -0.00208826 0.00476628 0.0169901 0.0144803 0.00018449 0.0200349 0.0260099 0.031718
internal_weight=256.946 45.7733 211.173 204.55 69.6783 65.0673 134.871 125.372 23.3869 17.8089 22.3864 12.6391 7.97049 9.49983 14.4159 11.1088
internal_count=1236 230 1006 975 349 322 626 576 116 87 114 62 40 50 74 54
is_linear=0
shrinkage=0.03


Tree=143
num_leaves=8
num_cat=0
split_feature=46 141 165 113 54 314 131
split_gain=3.15549 4.54062 3.78946 4.33749 7.3585 5.50861 3.15105
threshold=0.20360000000000003 39.778616969150001 -10.550822932799997 0.31255000000000005 0.54485000000000017 0.30045685686135964 47.631604166666669
decision_type=2 2 2 2 2 2 2
left_child=-1 2 6 5 -5 -4 -2
right_child=1 -3 3 4 -6 -7 -8
leaf_value=0.023987102485813622 0.036505384953711147 -0.029671323979522667 -0.0066866513352824442 0.010037709231831808 -0.0049125754548394098 0.015807616705830679 0.0013164771652749137
leaf_weight=4.7945666424930087 4.5405386164784414 4.5605299882590762 107.11500186100602 67.480301760137081 52.384874820709229 10.622216518968342 4.9033447578549385
leaf_count=25 19 23 533 308 254 52 22
internal_value=0.000121686 -0.000330519 0.000210767 -0.000521245 0.00348031 -0.00462007 0.0187546
internal_weight=256.401 251.607 247.046 237.602 119.865 117.737 9.44388
internal_count=1236 1211 1188 1147 562 585 41
is_linear=0
shrinkage=0.03


Tree=144
num_leaves=18
num_cat=0
split_feature=138 181 138 280 44 156 288 137 49 296 312 46 54 54 77 114 11
split_gain=3.07465 5.52368 4.52637 5.32331 6.01629 4.47558 6.49724 5.81179 4.34917 7.64527 6.39778 6.3764 5.75931 3.44217 7.14454 4.31868 2.58353
threshold=69.809271121538487 0.13806900645000003 190.12491336307974 0.13608683754965498 -0.013449999999999998 -2.1951615773499995 -1.0499999999999978 3.4887000000000006 0.52936186440677979 2.5762732744179595 -0.2346076870158347 0.33495000000000003 0.58515000000000017 0.58211774076405942 64.410000000000011 0.71000000000000008 22.725000000000005
decision_type=2 2 2 2 2 2 2 2 2 2 2 2 2 2 2 2 2
left_child=1 -1 8 13 -5 -3 7 -7 10 12 -2 -12 -10 15 -15 -4 -8
right_child=2 5 3 4 -6 6 16 -9 9 -11 11 -13 -14 14 -16 -17 -18
leaf_value=-0.020395176149821261 0.019677625225760345 -0.010810699946146233 0.0078973401654881033 0.0093826182178977594 -0.032408647196492085 -0.016856253602947749 0.016952095637133225 0.024311944274745371 0.015628678484937888 -0.032134178064215001 -0.026359617395748859 -0.0063602730290834332 -0.018345192168746714 -0.018202542254527578 0.019514655804007863 0.03430376498701105 0.039664190007388855
leaf_weight=5.9419646486639968 6.4503926895558825 7.625228911638259 42.121350502595305 5.3335235267877579 6.9217903316020948 9.0058961994945985 20.386422175914053 4.5465816706418982 24.469169408082966 4.4839992746710768 18.789781220257282 63.096646182239056 5.3334174342453471 11.531312078237535 7.2556066103279582 6.4789437614381304 6.2823349907994261
leaf_count=29 29 35 203 23 37 46 96 19 115 23 95 309 26 60 34 31 26
internal_value=0.000119271 0.00649809 -0.00156459 0.00397975 -0.0140495 0.00993606 0.0139607 -0.0027485 -0.00519034 0.00380973 -0.00871785 -0.0110125 0.00940743 0.00731904 -0.00345092 0.0115424 0.0225426
internal_weight=256.054 53.7884 202.266 79.6425 12.2553 47.8465 40.2212 13.5525 122.623 34.2866 88.3368 81.8864 29.8026 67.3872 18.7869 48.6003 26.6688
internal_count=1236 251 985 388 60 222 187 65 597 164 433 404 141 328 94 234 122
is_linear=0
shrinkage=0.03


Tree=145
num_leaves=6
num_cat=0
split_feature=149 76 132 264 60
split_gain=3.16879 4.7755 3.8636 4.38781 3.99817
threshold=2.4062547741000002 24.706800000000005 105.34610000000002 -0.90841355905861365 4.6750000000000007
decision_type=2 2 2 2 2
left_child=-1 2 3 -2 -5
right_child=1 -3 -4 4 -6
leaf_value=0.022085493147370835 -0.028291451097653977 -0.024664829565857006 0.025155816839955443 0.019059281298764358 -0.00048076737019678826
leaf_weight=5.679763786494731 4.8199595883488646 6.9844957999885073 5.4100565351545802 9.7346970029175264 222.78892928175628
leaf_count=26 28 36 28 55 1063
internal_value=0.000115893 -0.000380391 0.000315835 -0.000248094 0.00033223
internal_weight=255.418 249.738 242.754 237.344 232.524
internal_count=1236 1210 1174 1146 1118
is_linear=0
shrinkage=0.03


Tree=146
num_leaves=8
num_cat=0
split_feature=293 293 77 54 307 112 2
split_gain=3.08244 3.33438 3.63319 4.7097 4.09384 5.94526 5.4436
threshold=-7.6899999999999986 -6.9399999999999995 12.460000000000003 0.43970000000000004 0.78285397695735648 0.54585000000000006 74.235000000000014
decision_type=2 2 2 2 2 2 2
left_child=-1 -2 3 -3 6 -6 -4
right_child=1 2 4 -5 5 -7 -8
leaf_value=0.027081260127622651 -0.025560024824085193 0.034742013144120357 0.019382830842897162 -0.002585880601698406 -0.004399260614438516 0.0081047975538088082 -0.01784709065691141
leaf_weight=3.6604083329439154 4.5109619423747054 6.0193139612674695 17.242296621203426 5.7494448497891426 171.19115510396659 42.556729342788458 4.274756893515586
leaf_count=16 22 30 79 27 824 215 23
internal_value=0.000112365 -0.000278763 0.000180903 0.0163851 -0.00062356 -0.00189308 0.0117993
internal_weight=255.205 251.545 247.034 11.7688 235.265 213.748 21.5171
internal_count=1236 1220 1198 57 1141 1039 102
is_linear=0
shrinkage=0.03


Tree=147
num_leaves=12
num_cat=0
split_feature=48 288 46 1 318 302 314 121 114 154 120
split_gain=3.09423 4.45349 3.61525 5.43083 5.32062 5.02402 4.47768 6.71705 5.18192 3.75208 2.39094
threshold=-0.26059999999999994 -1.5749999999999991 0.63675000000000015 79.710000000000022 0.1605803781649818 1.3976229360420616 0.29199464751051613 -0.24634999999999999 0.37285000000000007 1.1650766123500003 4639.9150000000009
decision_type=2 2 2 2 2 2 2 2 2 2 2
left_child=1 -1 3 6 5 10 7 -2 -8 -6 -4
right_child=2 -3 4 -5 9 -7 8 -9 -10 -11 -12
leaf_value=-0.0095085626976961733 -0.011624130239124722 0.033496349142391371 -0.014418715655014128 0.024725942932759044 0.0266846579365572 0.0066855251086858705 0.018534884080306319 0.0016211039013041112 -0.0075090562239144999 -0.010309129511829593 -0.037711028986844732
leaf_weight=3.2838858664035797 47.068656798452139 5.6270746886730176 9.2205308862030559 8.1735247820615751 4.9671462196856719 5.5233184173703185 21.657449368387464 126.89704705402255 9.7912372685968858 4.5860349908471107 8.1205450408160669
leaf_count=16 235 29 49 38 24 27 100 599 48 23 48
internal_value=0.000109465 0.0173855 -0.000510939 0.000894526 -0.00983758 -0.0177144 -5.07082e-05 -0.00194995 0.0103332 0.00869207 -0.0256518
internal_weight=254.916 8.91096 246.005 213.588 32.4176 22.8644 205.414 173.966 31.4487 9.55318 17.3411
internal_count=1236 45 1191 1020 171 124 982 834 148 47 97
is_linear=0
shrinkage=0.03


Tree=148
num_leaves=19
num_cat=0
split_feature=311 131 263 75 112 13 300 266 151 69 66 174 319 43 156 279 15 138
split_gain=3.04132 4.18314 5.78704 5.59167 5.4984 7.159 5.25757 5.23007 5.0014 4.783 4.24703 3.96886 2.73161 4.62183 3.05778 2.8485 1.49681 0.04641
threshold=0.087141989315513882 75.577727777777795 0.018305915860172387 3.5875000000000004 0.53750000000000009 17.775000000000002 0.91906880087260767 0.34818588214202112 16.678143036600002 332.50000000000006 4.9500000000000002 -0.36711657510000001 0.93861035348013677 0.14460000000000003 0.13525129895000035 -0.12008423652671527 15.940000000000003 128.43111935159342
decision_type=2 2 2 2 2 2 2 2 2 2 2 2 2 2 2 2 2 2
left_child=1 3 16 8 5 -4 10 -8 9 -1 -5 -6 13 -2 -15 -14 -3 -17
right_child=12 2 4 6 11 -7 7 -9 -10 -11 -12 -13 15 14 -16 17 -18 -19
leaf_value=0.012790010055200848 0.029428501178404329 0.016415331185736536 -0.023558156249674271 -0.0086853942530696927 -0.005551735494158298 0.0069516403592621264 -0.0072749677826895245 0.014221200071694187 -0.024458972588770063 -0.00072609102768919458 -0.032639893258314588 0.027626923522949445 0.00048446822077246324 0.0028571757136419051 -0.033780727978622464 -0.026239702673736147 0.041958163795386645 -0.04209778712487916
leaf_weight=41.581266801804304 3.0566720552742499 5.0154910534620267 10.544162318110468 20.771315779536966 4.3217837177217016 19.508984349668026 34.337635401636362 14.342353761196135 5.2931553348898879 53.293133229017258 10.171617817133663 11.168263217434284 2.6988570280373096 4.3565387278795242 3.5393972657620907 2.7481505125761014 4.6403076723217964 3.0401156600564718
leaf_count=190 19 24 55 101 22 89 171 65 25 237 57 50 18 28 24 17 21 23
internal_value=0.000106236 0.0010631 0.00828557 -0.00114103 0.00370957 -0.00369587 -0.0070831 -0.000863983 0.00355473 0.00517335 -0.0167362 0.0182013 -0.0112531 -0.00102349 -0.0134079 -0.0239394 0.0293023 -0.0356517
internal_weight=254.429 234.989 55.199 179.79 45.5432 30.0531 79.6229 48.68 100.168 94.8744 30.9429 15.49 19.4397 10.9526 7.89594 8.48712 9.6558 5.78827
internal_count=1236 1107 261 846 216 144 394 236 452 427 158 72 129 71 52 58 45 40
is_linear=0
shrinkage=0.03


Tree=149
num_leaves=15
num_cat=0
split_feature=46 319 319 101 174 284 277 66 137 139 43 140 112 305
split_gain=2.97664 4.09199 6.43396 7.0382 6.03075 5.54251 5.88012 4.92487 7.54646 4.59587 3.91217 3.2681 3.15688 2.83875
threshold=0.23515000000000003 1.1118182608657612 1.0030076477408703 0.19305000000000003 0.17624236210000002 0.32597443302590379 1.0473732011311518 3.8300000000000005 4.8282000000000007 31.978366395000005 0.062550000000000008 12.505811079650002 0.47915000000000002 1.0324276276629492
decision_type=2 2 2 2 2 2 2 2 2 2 2 2 2 2
left_child=10 2 5 -4 -5 6 -2 9 13 -3 -1 -10 -11 -9
right_child=1 7 3 4 -6 -7 -8 8 11 12 -12 -13 -14 -15
leaf_value=-0.00098707229214823255 -0.0021532966436526835 -0.018708371246923643 0.017809830760004766 -0.030391006240405267 0.00092785046621539152 -0.031415788697303951 0.012364317554979699 -0.0050549764329334721 -0.0081166955887665166 0.032385802204012097 0.032395666609600894 0.027460204197633981 0.010690931097580843 -0.037175271582362508
leaf_weight=6.5400626435875875 123.1537571772933 3.2124022468924549 4.7604957446455982 18.674878856167201 7.5781362764537326 4.8646646663546553 31.398498557507992 4.9939439706504363 3.4741509445011598 9.5938470140099543 5.7152694761753082 6.1354117766022682 18.229800432920456 5.4294579140841961
leaf_count=34 585 15 24 103 39 26 149 24 18 50 27 26 89 27
internal_value=0.000101892 -0.000620736 -0.00265476 -0.0151349 -0.0212675 -0.000200062 0.00078276 0.00689563 -0.00457426 0.0143864 0.0144743 0.014338 0.0183681 -0.0222655
internal_weight=253.755 241.499 190.43 31.0135 26.253 159.417 154.552 51.069 20.033 31.036 12.2553 9.60956 27.8236 10.4234
internal_count=1236 1175 926 166 142 760 734 249 95 154 61 44 139 51
is_linear=0
shrinkage=0.03


Tree=150
num_leaves=9
num_cat=0
split_feature=304 149 294 149 76 132 24 319
split_gain=2.9846 3.66054 3.63466 4.07768 4.26128 4.76586 2.6826 1.12001
threshold=1.1552604006831293 10.895873353500003 9.8317436961736338 2.4062547741000002 22.847650000000005 98.087100000000007 -0.22499999999999998 0.82050251638203353
decision_type=2 2 2 2 2 2 2 2
left_child=2 -2 3 -1 5 -5 -6 -3
right_child=1 7 -4 4 6 -7 -8 -9
leaf_value=0.027630443851199411 0.0059300284910002643 -0.012665252355672979 -0.022523796217525278 0.00091139403044459221 -0.0010302167516783446 0.030487836782157565 -0.036904725104681541 -0.038895308324793959
leaf_weight=5.1299908906221381 4.4994987733662111 3.1868842393159866 5.7391017563641062 217.87819702364504 3.6658009253442287 4.9278591349720946 4.181992031633853 3.9562586732208729
leaf_count=22 25 17 34 1044 19 27 22 26
internal_value=9.83631e-05 -0.014658 0.000827883 0.0014183 0.000810592 0.00159239 -0.0207486 -0.0279435
internal_weight=253.166 11.6426 241.523 235.784 230.654 222.806 7.84779 7.14314
internal_count=1236 68 1168 1134 1112 1071 41 43
is_linear=0
shrinkage=0.03


Tree=151
num_leaves=16
num_cat=0
split_feature=48 288 54 176 0 113 279 61 60 318 138 151 270 130 114
split_gain=2.88328 4.2429 3.28071 5.96914 4.90029 5.8193 6.46826 6.178 4.87255 4.74795 5.63854 3.8147 3.88157 2.44685 2.34738
threshold=-0.26059999999999994 -1.5749999999999991 0.58420000000000016 4.1878506211500008 77.675000000000026 0.30080000000000001 1.4786992479078698 4.495000000000001 43.180000000000014 0.02476455577453392 121.37778927230521 0.61335672115000006 -0.55214110086899726 9.5000000000000018 -0.12644999999999998
decision_type=2 2 2 2 2 2 2 2 2 2 2 2 2 2 2
left_child=1 -1 4 11 5 7 -7 -2 13 14 -11 -4 -13 -6 -5
right_child=2 -3 3 9 8 6 -8 -9 -10 10 -12 12 -14 -15 -16
leaf_value=-0.0094012308780859026 0.024292670132019113 0.032853622338181628 -0.01066944544461338 -0.006507578099195211 0.011571765872931185 0.001994828388854859 0.025850519993097759 -0.007710827417918344 -0.006101739008632534 0.013535116475408997 -0.016983839654465902 -0.0013873405156220751 0.036188914832682162 0.040554288498982669 -0.036893716752621229
leaf_weight=3.2499426081776619 5.672718718647956 5.5122966617345792 5.7645450681447974 3.455616019666194 5.2934793829917925 75.280949298292398 11.816387817263601 83.25869994983077 5.5020661838352671 8.4190758503973502 14.758363932371138 4.1741322651505461 5.4665431417524806 6.2071206495165825 9.0818031728267652
leaf_count=16 31 29 29 19 23 352 51 418 27 41 81 19 23 27 50
internal_value=9.40647e-05 0.0169134 -0.000503952 -0.00726256 0.00127321 -0.000199359 0.00529164 -0.00561071 0.0166062 -0.0140147 -0.0057586 0.00818731 0.0197643 0.0276876 -0.0288737
internal_weight=252.914 8.76224 244.152 51.1201 193.031 176.029 87.0973 88.9314 17.0027 35.7149 23.1774 15.4052 9.64068 11.5006 12.5374
internal_count=1236 45 1191 262 929 852 403 449 77 191 122 71 42 50 69
is_linear=0
shrinkage=0.03


Tree=152
num_leaves=8
num_cat=0
split_feature=46 141 178 3 288 265 181
split_gain=2.88315 4.10053 3.48425 5.64851 3.80928 5.75256 5.24584
threshold=0.20360000000000003 39.778616969150001 6.8882641747500015 65.365000000000009 -0.29999999999999888 -4.4633185101721802 4.5623431665500007
decision_type=2 2 2 2 2 2 2
left_child=-1 2 4 -4 6 -6 -2
right_child=1 -3 3 -5 5 -7 -8
leaf_value=0.023239975106151341 -0.0024158739662218146 -0.028479974804374125 -0.0057698069625407101 0.037216192003149455 -0.025279045982216163 0.0052338832531757537 -0.026329621041827542
leaf_weight=4.6554148010909548 116.36595615558326 4.4757534824311724 5.0244229361414892 5.6596828363835812 5.7583602890372267 101.57833115011454 8.8394622616469842
leaf_count=25 566 23 25 24 32 497 44
internal_value=9.23876e-05 -0.000339754 0.000177234 0.0168569 -0.000583132 0.00354701 -0.00414778
internal_weight=252.357 247.702 243.226 10.6841 232.542 107.337 125.205
internal_count=1236 1211 1188 49 1139 529 610
is_linear=0
shrinkage=0.03


Tree=153
num_leaves=13
num_cat=0
split_feature=77 132 118 65 314 134 138 131 137 66 270 303
split_gain=2.86708 3.79069 7.01336 5.91486 6.07757 8.39009 5.72792 5.15522 4.4073 3.59847 3.21901 3.47059
threshold=12.460000000000003 45.768200000000007 1599.6050000000002 3.6750000000000003 0.29514816239687586 4.1990396825396834 76.745266220869581 56.039828571428579 1.3537250000000001 3.4900000000000007 -0.70226466349629357 -0.10579999999999998
decision_type=2 2 2 2 2 2 2 2 2 2 2 2
left_child=10 3 -3 -2 8 -6 9 -8 -5 -4 -1 -12
right_child=1 2 6 4 5 -7 7 -9 -10 -11 11 -13
leaf_value=0.033350836872662659 0.036005932217960654 -0.025150506947073551 0.034996739217379155 -0.022464074838766206 0.02241982905327217 -0.021529930668529925 0.031578579627724715 0.0006437880185654935 -0.0048481015580142395 0.0012603299528511764 0.021603344762312883 -0.015852066375957707
leaf_weight=4.6928524300456038 3.2099874615669242 6.6042022183537474 9.2185695096850377 14.500558998435734 14.764113746583464 5.1534489169716826 5.1769071742892256 62.81178930029273 112.93155153281987 4.3788854889571658 4.2625951319932929 4.4059063121676436
leaf_count=23 17 32 41 74 72 24 22 317 550 22 21 21
internal_value=8.84218e-05 -0.000658838 0.00426195 -0.00356202 -0.00446818 0.0108477 0.00670742 0.00308626 -0.0068922 0.0244399 0.0135695 0.00226022
internal_weight=252.111 238.75 88.1904 150.56 147.35 19.9176 81.5862 67.9887 127.432 13.5975 13.3614 8.6685
internal_count=1236 1171 434 737 720 96 402 339 624 63 65 42
is_linear=0
shrinkage=0.03


Tree=154
num_leaves=13
num_cat=0
split_feature=14 106 13 304 319 319 313 3 181 62 304 183
split_gain=2.85871 6.4244 5.09149 3.89313 4.06857 9.42429 7.25039 5.53814 5.24817 4.95262 3.2313 3.04918
threshold=23.325000000000003 0.39510000000000006 24.975000000000005 1.2098564990372236 1.1162619516581602 0.89457603411583941 -0.21774265960312464 68.560000000000016 2.6165909512500005 34.670000000000009 0.9977529159485351 0.24203868265
decision_type=2 2 2 2 2 2 2 2 2 2 2 2
left_child=3 2 11 4 5 7 -7 -1 9 -6 -10 -2
right_child=1 -3 -4 -5 8 6 -8 -9 10 -11 -12 -13
leaf_value=0.007592061532435232 0.029417366717419135 0.031174022314069908 -0.02437097295271197 -0.027733295309584138 0.018972264664863001 0.020484167374561268 -0.014005993866553391 -0.0070268706403628914 -0.031275639362001229 -0.0054245284759434353 0.0055915129925077217 -0.0049831466729140482
leaf_weight=75.787311747670174 4.4519486352801341 8.2617318928241712 5.485469974577426 4.6698974445462218 27.599539864808321 5.8486535474658004 63.522425470873713 33.398610811680555 4.3681956343352777 9.9778670668601972 3.8354218862950802 4.4273226633667946
leaf_count=354 20 36 30 30 134 26 333 163 21 48 20 21
internal_value=8.83065e-05 0.0102476 -0.00171295 -0.000906393 -0.00032248 -0.00238161 -0.0110297 0.00309052 0.00763092 0.0124174 -0.0138182 0.0120662
internal_weight=251.634 22.6265 14.3647 229.008 224.338 178.557 69.3711 109.186 45.781 37.5774 8.20362 8.87927
internal_count=1236 107 71 1129 1099 876 359 517 223 182 41 41
is_linear=0
shrinkage=0.03


Tree=155
num_leaves=14
num_cat=0
split_feature=138 181 285 103 313 156 288 137 172 319 319 266 4
split_gain=2.82317 5.24794 4.56551 4.92214 6.38678 4.22381 5.93737 5.3441 3.91105 3.82046 8.01093 6.06228 2.46149
threshold=69.809271121538487 0.13806900645000003 -16.135000000000002 -0.035549999999999991 -0.13767711962833909 -2.1951615773499995 -1.0499999999999978 3.4887000000000006 0.11591807840000001 0.89457603411583941 1.1088234256830807 0.70258321347248265 62.945000000000007
decision_type=2 2 2 2 2 2 2 2 2 2 2 2 2
left_child=1 -1 -2 4 -4 -3 7 -7 -6 11 -11 -5 -8
right_child=2 5 3 9 8 6 12 -9 -10 10 -12 -13 -14
leaf_value=-0.020134166557860513 -0.039441626531938598 -0.010634730256041079 0.017896533401034507 0.0093808039292022517 0.016313834145714835 -0.016093631044946839 0.011900610260414885 0.023664763802770165 -0.015600767358428552 -0.011375006010512109 0.0088766087242519182 -0.023063402517974483 0.031001503337413312
leaf_weight=5.8570916503667823 2.7245009504258624 7.5169150903820983 6.7899074852466574 65.728021286427975 3.5955678373575202 8.873605687171219 12.653094440698625 4.4824763089418402 41.77924838848412 42.310451118275523 29.804465368390083 5.4856766387820235 13.415269605815409
leaf_count=29 16 35 33 302 17 46 64 19 231 210 147 29 58
internal_value=8.52707e-05 0.00625432 -0.00154515 -0.000981771 -0.00887318 0.00964651 0.0136065 -0.00245054 -0.0129755 0.00187359 -0.00296295 0.00681068 0.0219258
internal_weight=251.016 52.7985 198.218 195.493 52.1647 46.9414 39.4244 13.3561 45.3748 143.329 72.1149 71.2137 26.0684
internal_count=1236 251 985 969 281 222 187 65 248 688 357 331 122
is_linear=0
shrinkage=0.03


Tree=156
num_leaves=9
num_cat=0
split_feature=293 266 14 106 169 306 314 54
split_gain=2.7784 3.05733 4.26278 5.71217 5.53454 3.99112 7.9993 6.79108
threshold=-7.6899999999999986 1.8775807951142154 23.325000000000003 0.39510000000000006 0.76353115720000009 0.94168338027476872 0.22906855110146332 0.54180000000000017
decision_type=2 2 2 2 2 2 2 2
left_child=-1 2 5 4 -4 6 -2 -7
right_child=1 -3 3 -5 -6 7 -8 -9
leaf_value=0.026018057002102041 -0.0038365586287402906 -0.024310023868461005 0.02818775730918259 0.033065457510839932 -0.013229326815419063 0.00024009157702169846 0.016779042148799987 -0.013691068875087449
leaf_weight=3.565635383129119 39.400136915966868 4.5806435197591773 4.2745944894850281 7.8929061442613593 8.5182756036519987 108.8528145160526 29.362531565129757 43.980645474046469
leaf_count=16 192 27 19 35 44 520 142 241
internal_value=8.2335e-05 -0.000290512 0.000161073 0.0131621 0.000488334 -0.00104442 0.00493458 -0.00375557
internal_weight=250.428 246.863 242.282 20.6858 12.7929 221.596 68.7627 152.833
internal_count=1236 1220 1193 98 63 1095 334 761
is_linear=0
shrinkage=0.03


Tree=157
num_leaves=11
num_cat=0
split_feature=112 130 140 162 14 41 106 42 180 64
split_gain=2.80911 4.0958 3.45272 4.4068 4.31489 6.50323 5.05466 3.07021 3.3747 5.32298
threshold=0.56250000000000011 8.5000000000000018 2.6270313630500004 0.013146037664000002 18.525000000000002 20201015.500000004 -0.67194999999999994 0.58415000000000006 0.17400625050800003 11.935
decision_type=2 2 2 2 2 2 2 2 2 2
left_child=2 -2 -1 -4 5 -5 -6 8 -3 -10
right_child=1 7 3 4 6 -7 -8 -9 9 -11
leaf_value=0.026310924500980732 0.032621457785108623 0.033699269514278138 -0.026490747496065618 -0.022912231380182838 -0.022257515808139477 -0.0017584058288987096 0.0063589218886632029 -0.016400475908940098 0.028732426986870323 -0.018470591729644655
leaf_weight=4.0021184384822837 5.4276154488325146 3.8962672352790859 6.0523125603795043 14.744175687432287 5.824618734419345 114.34357601776719 81.871277641505003 5.1103813536465159 3.4825241863727552 5.2733166627585888
leaf_count=18 26 18 35 66 28 587 383 27 19 29
internal_value=8.07789e-05 0.0100139 -0.000925445 -0.00143965 -0.00071453 -0.00421365 0.00440091 0.00279383 0.0108498 7.74942e-05
internal_weight=250.028 23.1901 226.838 222.836 216.784 129.088 87.6959 17.7625 12.6521 8.75584
internal_count=1236 119 1117 1099 1064 653 411 93 66 48
is_linear=0
shrinkage=0.03


Tree=158
num_leaves=15
num_cat=0
split_feature=46 43 46 158 43 4 109 46 178 159 102 277 289 123
split_gain=2.74958 3.65711 3.65475 5.93009 6.49695 4.87361 4.69395 4.65879 5.79758 5.76542 6.75282 4.52145 3.76777 3.15406
threshold=0.23515000000000003 0.062550000000000008 0.34590000000000004 15.400732480450001 -0.6580999999999998 64.040000000000006 0.25335000000000008 0.40585000000000004 7.2460750608000017 0.36125177285000004 0.78600000000000014 -0.27465487225346791 -6.0749999999999984 672.50000000000011
decision_type=2 2 2 2 2 2 2 2 2 2 2 2 2 2
left_child=1 -1 3 5 -5 6 -2 9 12 -4 -11 -6 -9 -7
right_child=2 -3 7 4 11 13 -8 8 -10 10 -12 -13 -14 -15
leaf_value=-0.00094815498011347182 -0.030202924572845419 0.031653567703665515 -0.015420007977964738 0.013415371376112777 0 0.036225486470157636 0.0050561948125215014 0.015179666474798893 0.027509238775251615 0.021951699580293662 -0.01296534376306094 -0.034903896651084572 -0.0036968980066253931 0.001062773161375177
leaf_weight=6.4487730450928193 5.5015211924910572 5.5592868030071259 6.3120140656828871 4.2891935035586384 4.142895966768271 4.6577045619487745 8.3047021850943548 10.084244113415478 5.9788458645343772 26.847348384559155 5.9311672970652571 14.222900126129383 136.59818136133254 4.801959440112114
leaf_count=34 31 27 34 22 22 20 39 48 24 119 27 73 694 22
internal_value=7.82621e-05 0.0140342 -0.000619832 -0.00822036 -0.0191247 0.00230564 -0.00889433 0.00118805 -0.00116221 0.0104227 0.0155221 -0.0269181 -0.00236926 0.0188877
internal_weight=249.681 12.0081 237.673 45.9209 22.655 23.2659 13.8062 191.752 152.661 39.0905 32.7785 18.3658 146.682 9.45966
internal_count=1236 61 1175 229 117 112 70 946 766 180 146 95 742 42
is_linear=0
shrinkage=0.03


Tree=159
num_leaves=15
num_cat=0
split_feature=77 132 118 78 314 282 183 137 138 131 66 270 318 0
split_gain=2.73277 3.48865 6.54932 6.295 7.17392 6.83503 6.23385 5.66937 5.18743 4.80652 3.43676 3.02094 2.1885 2.10968
threshold=12.460000000000003 45.768200000000007 1599.6050000000002 2.8950000000000005 0.2940517751148885 11.117907516186728 -0.20773020269999998 1.4898250000000004 76.745266220869581 56.039828571428579 3.4900000000000007 -0.70226466349629357 -0.017964312784636994 69.145000000000024
decision_type=2 2 2 2 2 2 2 2 2 2 2 2 2 2
left_child=11 3 -3 4 7 6 -5 -2 10 -10 -4 -1 -13 -6
right_child=1 2 8 5 13 -7 -8 -9 9 -11 -12 12 -14 -15
leaf_value=0.03282268591747696 -0.016751651809479306 -0.024490567412046978 0.034046756894943069 -0.0012751506906027957 0.010032156918750203 0.02124928566276383 -0.023626680886448502 0.0022557799076600594 0.030736796798383138 0.00065847354123497548 0.00078734919946533467 0.019111281627388399 -0.010889373249586025 0.03898471921828027
leaf_weight=4.5693685449659815 17.669960010796785 6.5263466425240031 8.9799099043011648 18.426156468689442 4.8775777965784055 4.969841204583644 29.931808318942785 68.08654822036624 5.103407807648181 62.218754716217518 4.3185179308056822 3.866109460592269 4.7029167786240569 4.9956386089324951
leaf_count=23 90 32 41 94 23 23 151 331 22 317 22 18 24 25
internal_value=7.75924e-05 -0.000653717 0.00409537 -0.00345316 0.00112531 -0.0117064 -0.015192 -0.00164067 0.00647408 0.00302529 0.0235565 0.0133519 0.00236436 0.0252264
internal_weight=249.243 236.104 87.1469 148.958 95.6297 53.3278 48.358 85.7565 80.6206 67.3222 13.2984 13.1384 8.56903 9.87322
internal_count=1236 1171 434 737 469 268 245 421 402 339 63 65 42 48
is_linear=0
shrinkage=0.03


Tree=160
num_leaves=17
num_cat=0
split_feature=283 137 137 66 172 138 18 307 60 102 110 74 52 303 75 1
split_gain=2.70483 3.6691 7.55086 7.49426 5.42664 5.33527 5.21005 6.42381 5.46332 4.90677 4.89074 4.88144 3.83108 3.58265 4.11334 3.50096
threshold=0.018137056739739459 2.6964500000000005 1.8421000000000003 4.8250000000000011 0.53242151785000014 434.17284542221751 15.940000000000003 0.76043045113024765 6.0850000000000009 -0.85964999999999991 1.0000000180025095e-35 61.486800000000009 0.12375000000000001 -0.0041499999999999948 2.3844000000000003 65.935000000000016
decision_type=2 2 2 2 2 2 2 2 2 2 2 2 2 2 2 2
left_child=13 2 4 9 -2 -6 8 -8 -3 -4 -9 -5 -10 14 -1 -15
right_child=1 6 3 11 5 -7 7 10 12 -11 -12 -13 -14 15 -16 -17
leaf_value=0.0024260167437602674 0.018251004754846232 -0.022007451690207531 -0.0080200190074284621 -0.028925537160603729 -0.013033022547512912 0.02106261663444 0.019682285131782037 -0.020700895231538424 0.013938445504565014 0.025094859387144931 -0.0040126211667318064 0.013143720977231451 -0.0014200269698329646 -0.016557672445890775 -0.039043800427433814 0.018013135108220824
leaf_weight=3.1448838599026221 8.4468204714357835 6.2833437323570243 4.4313788376748553 5.0701991096138936 30.220382198691368 4.632020939141511 7.0380639284849158 25.052207302302122 32.790212348103523 30.848841287195683 44.316127562895417 4.5813161507248878 25.694720085710287 4.9555667750537378 5.8690859489142895 5.3819091618061066
leaf_count=19 39 28 24 29 149 24 32 131 151 141 219 24 135 28 37 26
internal_value=7.86085e-05 0.00100088 0.00580527 0.0144186 -0.00307631 -0.00836845 -0.0019825 -0.0072988 0.00424442 0.0208398 -0.0101039 -0.00871873 0.00714875 -0.0106494 -0.0243784 0.00115334
internal_weight=248.757 229.406 88.231 44.9317 43.2992 34.8524 141.175 76.4064 64.7683 35.2802 69.3683 9.65152 58.4849 19.3514 9.01397 10.3375
internal_count=1236 1126 430 218 212 173 696 382 314 165 350 53 286 110 56 54
is_linear=0
shrinkage=0.03


Tree=161
num_leaves=9
num_cat=0
split_feature=311 111 177 304 132 306 76 156
split_gain=2.70808 3.48923 4.53522 3.91539 4.16066 3.93535 2.36097 2.05961
threshold=0.30622850432010745 0.46895000000000003 1.0804723236000002 1.1552604006831293 101.86380000000001 1.1850529100529104 5.0321500000000006 -0.67575562784999976
decision_type=2 2 2 2 2 2 2 2
left_child=1 3 -3 4 5 -1 -5 -2
right_child=7 2 -4 6 -6 -7 -8 -9
leaf_value=-0.0014027688774232939 0 -0.00026501463014653087 0.035186318569334622 -0.033572089760271172 0.028463990394904545 0.012631189747835829 -0.00025276628731596586 -0.03653512518079876
leaf_weight=197.41442877054214 2.4698024392127991 6.8796564042568189 5.7817656174302101 4.8815072514116746 4.581039782613515 19.680085029453039 3.409580260515213 3.0577406082302323
leaf_count=965 18 34 26 33 25 90 19 26
internal_value=7.5426e-05 0.000564423 0.0158374 -0.000269951 0.000478051 -0.000111518 -0.0203939 -0.0204843
internal_weight=248.156 242.628 12.6614 229.967 221.676 217.095 8.29109 5.52754
internal_count=1236 1192 60 1132 1080 1055 52 44
is_linear=0
shrinkage=0.03


Tree=162
num_leaves=13
num_cat=0
split_feature=18 14 110 77 306 314 306 98 16 12 264 174
split_gain=2.65623 3.52805 4.64702 5.16918 3.70698 9.43796 5.51794 5.83822 5.40878 5.20008 3.72942 2.45806
threshold=21.685000000000006 23.325000000000003 0.16465000000000005 32.195 0.94168338027476872 0.22906855110146332 0.96192645883293382 1.0000000180025095e-35 17.685000000000006 19.125000000000004 0.38973429426735656 0.13050541075000008
decision_type=2 2 2 2 2 2 2 2 2 2 2 2
left_child=1 4 3 -3 5 8 9 -8 -1 -6 -7 -4
right_child=-2 2 11 -5 6 10 7 -9 -10 -11 -12 -13
leaf_value=-0.011021528866481016 -0.019010880091670936 0.017960512369633839 0.038443506124663018 -0.026455091100482275 -0.0385292707625551 0.022414175715766739 -0.01377566263403855 0.0015250581838273719 0.013831965640561959 0.0032573512880991052 -0.006850699070961498 0.0085117640660320546
leaf_weight=29.112333651632071 6.2863331064581862 4.8708902820944804 6.1118375286459905 4.3567310124635696 7.1611964926123601 25.396214310079817 27.843000907450914 112.98842710256577 10.619347650557755 4.0266254171729088 4.4082541950047007 4.720146581530571
leaf_count=145 33 21 29 23 37 126 153 554 51 20 21 23
internal_value=7.21884e-05 0.000588762 0.0126098 -0.00274705 -0.000491288 0.00522569 -0.00312777 -0.0014863 -0.00428541 -0.0233284 0.017977 0.025872
internal_weight=247.901 241.615 20.0596 9.22762 221.555 69.5361 152.019 140.831 39.7317 11.1878 29.8045 10.832
internal_count=1236 1203 96 44 1107 343 764 707 196 57 147 52
is_linear=0
shrinkage=0.03


Tree=163
num_leaves=6
num_cat=0
split_feature=149 76 132 264 162
split_gain=2.65197 4.11486 3.39257 3.94421 3.47489
threshold=2.4062547741000002 24.706800000000005 105.34610000000002 -0.90841355905861365 0.013146037664000002
decision_type=2 2 2 2 2
left_child=-1 2 3 -2 -5
right_child=1 -3 -4 4 -6
leaf_value=0.020540476371664805 -0.027498353692902579 -0.023472513602723667 0.024189545185362548 -0.024632664391620148 0.00085365348237663615
leaf_weight=5.4732482880353919 4.5920443385839453 6.6588619574904433 5.1174498684704295 4.8191868886351577 220.76749182492495
leaf_count=26 28 36 28 28 1090
internal_value=7.02367e-05 -0.00038872 0.000261499 -0.000267727 0.000285226
internal_weight=247.428 241.955 235.296 230.179 225.587
internal_count=1236 1210 1174 1146 1118
is_linear=0
shrinkage=0.03


Tree=164
num_leaves=8
num_cat=0
split_feature=46 141 165 306 314 57 131
split_gain=2.63485 3.71951 3.4415 3.69499 6.70982 4.91528 2.90924
threshold=0.20360000000000003 39.778616969150001 -10.550822932799997 0.92619572985962151 0.22807110959940372 0.48096385542168679 47.631604166666669
decision_type=2 2 2 2 2 2 2
left_child=-1 2 6 4 -4 -5 -2
right_child=1 -3 3 5 -6 -7 -8
leaf_value=0.022536042486735113 0.035353789274612621 -0.02754946678514486 -0.0029818439128326728 -0.010087016349866583 0.01684818154048098 0.00075537939562341937 0.00093823993765759371
leaf_weight=4.5137742236256591 4.4155624806880933 4.342413328588008 34.711593870073557 56.498139962553978 27.12840099260211 110.94306120835245 4.7058037631213665
leaf_count=25 19 23 174 287 133 553 22
internal_value=6.73553e-05 -0.000347198 0.000147046 -0.000562733 0.00568205 -0.002889 0.0181265
internal_weight=247.259 242.745 238.403 229.281 61.84 167.441 9.12137
internal_count=1236 1211 1188 1147 307 840 41
is_linear=0
shrinkage=0.03


Tree=165
num_leaves=12
num_cat=0
split_feature=112 130 149 160 90 162 282 55 42 117 298
split_gain=2.60735 3.80642 3.38045 4.00892 4.47635 4.1137 3.89849 3.43518 2.79098 3.13632 3.58025
threshold=0.56250000000000011 8.5000000000000018 2.4062547741000002 0.19973563730000002 -15195807.249999998 0.013146037664000002 22.51309157539389 -0.25249999999999995 0.58415000000000006 3635.5200000000004 1.041242584033484
decision_type=2 2 2 2 2 2 2 2 2 2 2
left_child=2 -2 -1 4 -4 -5 -7 -6 9 -3 -11
right_child=1 8 3 5 7 6 -8 -9 -10 10 -12
leaf_value=0.023465692569302914 0.031901949424284509 0.03356166292608484 0.015835168700136879 -0.026752624069037324 0.017753719135316589 -0.00025642004509216789 0.02463763800107573 -0.026473193362964827 -0.015608852200599373 0.023549449859052968 -0.015029937796972414
leaf_weight=4.8947904556989661 5.2631105259060886 3.6363351643085506 3.3663292191922691 5.0249392539262763 1.6287438571453119 189.76737525686622 5.7308526188135138 13.85611960664391 5.0583884641528121 3.5512080639600736 5.2056240886449814
leaf_count=22 26 19 21 28 9 926 27 84 27 18 29
internal_value=6.64037e-05 0.00974003 -0.000903904 -0.00147176 -0.014663 -0.00021001 0.000470212 -0.0215447 0.00274174 0.0105368 0.000365903
internal_weight=246.984 22.7147 224.269 219.374 18.8512 200.523 195.498 15.4849 17.4516 12.3932 8.75683
internal_count=1236 119 1117 1095 114 981 953 93 93 66 47
is_linear=0
shrinkage=0.03


Tree=166
num_leaves=14
num_cat=0
split_feature=77 112 18 1 307 180 53 52 66 2 270 303 30
split_gain=2.57478 3.21154 4.20656 4.79525 4.62436 3.79049 3.41427 3.2448 4.06078 3.15795 2.89481 3.13251 2.43731
threshold=12.460000000000003 0.54585000000000006 20.685000000000006 79.430000000000021 0.78285397695735648 0.057372133524000009 0.4811457983193278 0.073100000000000012 3.5350000000000006 59.390000000000008 -0.70226466349629357 -0.10579999999999998 1.0000000180025095e-35
decision_type=2 2 2 2 2 2 2 2 2 2 2 2 2
left_child=10 2 3 4 -2 -3 12 8 -4 -8 -1 -12 -7
right_child=1 5 7 -5 -6 6 9 -9 -10 -11 11 -13 -14
leaf_value=0.032322891124328033 0.012352691570569112 0.027595689870548543 0.011626450362874715 0.022798576437558862 -0.0038109487895292391 -0.030877345556335273 -0.016635321686049111 -0.037616707177125501 -0.030333250156637109 0.011988977124337746 0.020923524309102159 -0.015009772229435952 0.0010796787613737871
leaf_weight=4.4772248975932589 17.620953418314457 6.5701545588672152 4.6122003495693189 7.1351130753755561 153.02978107519448 3.8964084684848768 3.8802571184933212 4.9793983213603488 3.5472628846764565 24.121690049767494 4.1559275798499575 4.3384686261415473 4.2572743035852909
leaf_count=23 85 32 22 34 754 21 22 30 20 127 21 21 24
internal_value=6.6051e-05 -0.000646337 -0.0023224 -0.001089 -0.00211811 0.00676121 0.00282677 -0.018651 -0.00639838 0.00787064 0.0130342 0.00226061 -0.0140173
internal_weight=246.622 233.65 190.925 177.786 170.651 42.7258 36.1556 13.1389 8.15946 28.0019 12.9716 8.4944 8.15368
internal_count=1236 1171 945 873 839 226 194 72 42 149 65 42 45
is_linear=0
shrinkage=0.03


Tree=167
num_leaves=16
num_cat=0
split_feature=138 181 138 280 44 314 314 138 156 123 264 289 120 285 162
split_gain=2.56534 4.65815 4.16309 4.72323 5.26499 4.19446 5.22062 4.60747 3.99387 3.98359 3.19805 3.91372 3.06568 3.99565 2.3547
threshold=69.809271121538487 0.13806900645000003 190.12491336307974 0.13608683754965498 -0.013449999999999998 0.32331654863689929 0.30321194935819523 167.42841817755757 -2.1951615773499995 671.50000000000011 -0.21521833945086269 -0.97499999999999953 14537.675000000001 3.3449999999999993 0.32061944551200006
decision_type=2 2 2 2 2 2 2 2 2 2 2 2 2 2 2
left_child=1 -1 5 12 -5 6 7 -2 -3 -8 -10 -12 13 -4 -14
right_child=2 8 3 4 -6 -7 9 -9 10 -11 11 -13 14 -15 -16
leaf_value=-0.019162926458730106 -0.0041213750572351836 -0.010569567417743238 0.0066425907823216435 0.0088420190396013114 -0.031148015173533803 -0.036452580174142865 0.037461138521549336 -0.025747133287898464 0.029802089473852704 0.0015829960717477197 -0.0027909598437552401 0.018580118943299476 0.008575709167735427 0.031622452948127489 -0.023608645687022291
leaf_weight=5.7100859582424155 92.276419688016176 7.4390642493963233 49.943934224545956 5.1109999492764473 6.5610038675367814 3.6290628202259532 4.2379942759871474 9.8163005486130697 8.2082885019481164 8.3396349847316724 14.278681240975855 16.094920255243782 3.3270740956068021 6.5502721071243277 4.6880637034773827
leaf_count=29 469 35 251 23 37 19 21 49 39 39 68 80 18 32 27
internal_value=6.46357e-05 0.00600711 -0.00150289 0.00394157 -0.0134558 -0.00503467 -0.00398333 -0.00625323 0.00922992 0.0141088 0.0131425 0.0084589 0.00715174 0.00964267 -0.00993823
internal_weight=246.212 51.731 194.481 76.1813 11.672 118.299 114.67 102.093 46.021 12.5776 38.5819 30.3736 64.5093 56.4942 8.01514
internal_count=1236 251 985 388 60 597 578 518 222 60 187 148 328 283 45
is_linear=0
shrinkage=0.03


Tree=168
num_leaves=16
num_cat=0
split_feature=293 288 282 40 67 35 313 47 51 151 270 42 67 20 67
split_gain=2.55421 2.79979 5.45573 6.21406 4.95334 6.62972 5.39821 5.38697 4.99369 4.70158 6.75985 4.55844 4.13433 3.27796 2.43187
threshold=-7.6899999999999986 -0.37499999999999994 5.9574356326500633 66.885000000000005 0.7672500000000001 6.5000000000000009 -0.15426033113474216 0.38680000000000009 0.35905000000000004 0.40290438155000002 -3.4311009208532126 0.40475000000000005 0.59975000000000012 -0.81499999999999984 -0.3338411880163345
decision_type=2 2 2 2 2 2 2 2 2 2 2 2 2 2 2
left_child=-1 4 9 11 6 8 14 -8 -6 10 -3 -4 -11 -7 -2
right_child=1 2 3 -5 5 13 7 -9 -10 12 -12 -13 -14 -15 -16
leaf_value=0.025177126560247287 -0.0021692958413455431 0.034068822098227446 -0.0011730321822044387 0.02127828290676376 0.016611799288801275 0.043854862588258534 -0.0047504489570116496 -0.022070053891616228 -0.013517668374739269 0.015193444292313354 -0.011918623918133005 -0.032801061226403153 -0.00073026432045362631 0.0075993906362708964 0.026187055030259733
leaf_weight=3.4941362440586081 4.6273114904761314 3.2412933968007591 7.6856286749243798 4.2497547939419738 7.7704886272549656 5.1750946193933487 67.108789574354887 21.54000461101532 13.143938014283775 47.525477509945631 19.903976626694202 9.2445027753710729 20.688963491469622 4.3957635462284106 5.896696984767912
leaf_count=16 24 16 38 21 35 20 343 110 73 225 112 54 103 21 25
internal_value=6.25038e-05 -0.00029768 0.00314934 -0.0104835 -0.00331284 0.00720018 -0.00657871 -0.00901272 -0.00215491 0.00635064 -0.00523057 -0.0187105 0.010326 0.0277642 0.0135336
internal_weight=245.692 242.198 112.54 21.1799 129.658 30.4853 99.1728 88.6488 20.9144 91.3597 23.1453 16.9301 68.2144 9.57086 10.524
internal_count=1236 1220 569 113 651 149 502 453 108 456 128 92 328 41 49
is_linear=0
shrinkage=0.03


Tree=169
num_leaves=14
num_cat=0
split_feature=46 67 46 158 43 304 17 46 178 159 102 277 106
split_gain=2.47555 3.54179 3.39956 5.51586 5.71439 4.48669 5.35313 4.44915 5.31591 5.12649 6.24567 4.05863 3.60098
threshold=0.23515000000000003 -0.15298428672395967 0.34590000000000004 15.400732480450001 -0.6580999999999998 1.0362951323316025 16.440000000000001 0.40585000000000004 7.2460750608000017 0.36125177285000004 0.78600000000000014 -0.27465487225346791 -0.53994999999999982
decision_type=2 2 2 2 2 2 2 2 2 2 2 2 2
left_child=1 -1 3 5 -5 6 -2 9 12 -4 -11 -6 -9
right_child=2 -3 7 4 11 -7 -8 8 -10 10 -12 -13 -14
leaf_value=-0.0082728472764873068 0.022550093178414249 0.025563673130531494 -0.014371588325489048 0.012261811452011009 0 -0.024324184280912233 -0.0099620150198826574 -0.014108306670678243 0.026541633531120181 0.021341704421584565 -0.012446666611506866 -0.033638153146615141 -0.00039703811068269836
leaf_weight=4.1230893060564995 10.750649165362125 7.615627419203518 6.1754401773214331 4.1808444336056736 4.0858411304652753 4.4389993473887435 7.6312572434544554 20.021381296217442 5.8679136931896201 26.393323339521885 5.8581448867917052 13.948500305414195 124.08568242564797
leaf_count=24 46 37 34 22 22 22 44 107 24 119 27 73 635
internal_value=6.16921e-05 0.0134561 -0.000604489 -0.008008 -0.0186289 0.00223625 0.00890948 0.00115266 -0.00116466 0.0102543 0.0150922 -0.0259837 -0.00233127
internal_weight=245.177 11.7387 233.438 45.0361 22.2152 22.8209 18.3819 188.402 149.975 38.4269 32.2515 18.0343 144.107
internal_count=1236 61 1175 229 117 112 90 946 766 180 146 95 742
is_linear=0
shrinkage=0.03


Tree=170
num_leaves=9
num_cat=0
split_feature=311 111 177 304 132 306 76 156
split_gain=2.49321 3.22184 4.26268 3.5259 3.79484 3.69899 2.28466 1.94873
threshold=0.30622850432010745 0.46895000000000003 1.0804723236000002 1.1552604006831293 101.86380000000001 1.1850529100529104 5.0321500000000006 -0.67575562784999976
decision_type=2 2 2 2 2 2 2 2
left_child=1 3 -3 4 5 -1 -5 -2
right_child=7 2 -4 6 -6 -7 -8 -9
leaf_value=-0.0013862167395497134 0 -0.00024893151695828275 0.034516083141330679 -0.032855908776218093 0.027595418987141154 0.012284769564655186 0 -0.035826821047315376
leaf_weight=194.97013576701283 2.4331183433532715 6.78619736433029 5.5958011001348495 4.7214911840856058 4.4353296719491473 19.497415579855442 3.371563546359539 2.9629580061882725
leaf_count=965 18 34 26 33 25 90 19 26
internal_value=5.86497e-05 0.000529327 0.0153727 -0.000273542 0.000436043 -0.000124249 -0.0196038 -0.0199052
internal_weight=244.774 239.378 12.382 226.996 218.903 214.468 8.09305 5.39608
internal_count=1236 1192 60 1132 1080 1055 52 44
is_linear=0
shrinkage=0.03


Tree=171
num_leaves=20
num_cat=0
split_feature=137 18 302 137 278 138 66 102 160 77 50 113 13 150 106 77 281 302 67
split_gain=2.51187 5.50513 5.17089 4.95756 6.1676 5.85813 5.84575 5.14936 4.56152 5.95871 4.54774 4.28518 3.91009 5.42471 3.87882 4.5609 3.4324 3.41987 2.47357
threshold=2.6964500000000005 15.940000000000003 1.4133448656670062 1.8421000000000003 -0.27664863659654837 384.80570671125008 5.3450000000000015 -0.69889999999999997 0.78382784830000019 71.215000000000018 0.41815000000000008 0.36315000000000003 17.325000000000003 0.81373544935000008 0.94050000000000011 54.135000000000005 -2.6406920361992934 0.79848510941195394 0.96800000000000008
decision_type=2 2 2 2 2 2 2 2 2 2 2 2 2 2 2 2 2 2 2
left_child=3 11 8 5 -5 12 7 -6 10 -10 -3 14 17 -14 15 -2 -13 -1 -18
right_child=1 2 -4 4 6 -7 -8 -9 9 -11 -12 16 13 -15 -16 -17 18 -19 -20
leaf_value=0.0061948311148100326 0.0083146566347897782 0.020052036075294304 0.024143228453854578 -0.018751584621192897 -0.0059081766829558935 0.022973117417124586 -0.011640615196459351 0.023715317311347031 -0.021110447087276794 0.0041340367166115624 -0.0073009251441577125 -0.014119548812559864 0.025384464033940037 -0.0072376736120637079 -0.026924171812035869 -0.013909386772690657 0.024769242293796727 -0.027830232146537209 0
leaf_weight=3.2755095027387133 27.144696149975061 7.3596331775188473 4.1692052967846385 5.5987222343683234 6.1143902055919161 6.6194588318467131 6.4790919795632353 31.486013181507587 36.395517382770777 10.656056351959704 20.415869262069464 3.1132110469043281 5.6559780947864082 22.428835820406675 4.7520594112575045 11.821827499195932 15.259212486445906 11.024685949087141 4.7539294734597197
leaf_count=18 130 35 21 29 34 34 38 148 185 49 115 16 26 112 24 65 71 60 26
internal_value=5.60129e-05 -0.00243208 -0.00780191 0.00376223 0.0104446 -0.00295836 0.0142548 0.0188156 -0.00965171 -0.0153329 0 0.00387126 -0.00712336 -0.000494732 -0.00159596 0.0014771 0.0142982 -0.0198394 0.0189162
internal_weight=244.524 145.841 78.9963 98.6827 49.6782 49.0045 44.0795 37.6004 74.8271 47.0516 27.7755 66.8449 42.385 28.0848 43.7186 38.9665 23.1264 14.3002 20.0131
internal_count=1236 737 405 499 249 250 220 182 384 234 150 332 216 138 219 195 113 78 97
is_linear=0
shrinkage=0.03


Tree=172
num_leaves=11
num_cat=0
split_feature=48 288 181 54 176 130 0 113 66 51
split_gain=2.44591 3.94299 3.20664 3.21187 5.14542 4.75111 3.96132 4.78607 3.90776 3.90722
threshold=-0.26059999999999994 -1.5749999999999991 0.034288336900000008 0.58420000000000016 3.1473828611500005 8.5000000000000018 77.675000000000026 0.30080000000000001 5.3450000000000015 -0.084949999999999984
decision_type=2 2 2 2 2 2 2 2 2 2
left_child=1 -1 -2 6 9 -6 7 -4 -8 -5
right_child=2 -3 3 4 5 -7 8 -9 -10 -11
leaf_value=-0.0097271052024311411 -0.023298746287406528 0.031889062487289142 -0.0045588436769872136 -0.0076697886802182041 0.0048055806771868399 -0.01843246593556367 0.025737855822338826 0.0055987143392557774 -0.0064565631043716175 0.030420174524370895
leaf_weight=3.1352258622646332 5.3255560509860507 5.1957568749785406 83.969012850895524 4.3019158020615578 10.798119425773619 27.497826663777232 11.181177586317061 82.725915014743805 4.6140064150094977 5.0909516215324384
leaf_count=16 30 29 439 21 56 155 52 393 23 22
internal_value=5.4115e-05 0.0159421 -0.000501717 2.25895e-05 -0.00688815 -0.0118066 0.00184774 0.00046441 0.0161632 0.012762
internal_weight=243.835 8.33098 235.504 230.179 47.6888 38.2959 182.49 166.695 15.7952 9.39287
internal_count=1236 45 1191 1161 254 211 907 832 75 43
is_linear=0
shrinkage=0.03


Tree=173
num_leaves=20
num_cat=0
split_feature=138 104 106 4 47 266 136 103 313 20 282 288 290 278 307 277 305 134 43
split_gain=2.44824 4.43863 6.41301 4.48173 6.22351 5.0278 4.01115 3.97046 5.34101 4.0189 4.86071 3.55161 4.80051 4.46644 4.00994 3.2255 3.10315 2.56611 1.61082
threshold=69.809271121538487 0.57500000000000007 0.63370000000000004 62.945000000000007 -0.035249999999999997 0.024482827801274202 4.1398099999999998 -0.035549999999999991 -0.13767711962833909 -1.575 6.524148358187464 -4.7999999999999989 -6.5249999999999977 1.8382323176081725 0.79024173475611958 1.2328126112569509 1.0070672260513438 2.9453033126293997 0.20675000000000002
decision_type=2 2 2 2 2 2 2 2 2 2 2 2 2 2 2 2 2 2 2
left_child=1 3 16 4 5 -1 -6 8 -2 10 -10 12 -9 14 -13 -11 -3 18 -5
right_child=7 2 -4 17 6 -7 -8 11 9 15 -12 13 -14 -15 -16 -17 -18 -19 -20
leaf_value=-0.008196398170276226 0.015810580210553721 -0.0013194830333417432 0.017318060917837677 0.016942306873202452 -0.025830532152433475 0.036059669885155229 0.010258528343784679 0.0076492907615367074 0.011617143831763505 -0.02420306109867543 -0.021958125404818316 0.021002545821718337 -0.036085430077925688 0.025802771335406288 -0.00039321026353973546 0.0021356146912979656 -0.039698295368746223 0.006389972807237191 0.042506995817066309
leaf_weight=3.4781571254134178 6.7551438808441153 3.2889515161514264 5.0418154075741759 4.6778135672211665 7.4701009653508663 6.1065982058644295 4.1588197872042656 3.7916595935821533 10.421064507216217 22.807385949417952 6.0396595597267142 8.3350845128297788 5.0696683414280397 6.827797442674636 117.45888694934547 4.8504374511539927 5.0145593844354153 6.0106765814125529 5.8926391825079918
leaf_count=20 34 18 25 22 41 29 18 18 54 133 36 40 29 33 581 27 25 29 24
internal_value=5.22686e-05 0.00589163 -0.00881084 0.0111718 0.00185934 0.0197713 -0.0126909 -0.00148686 -0.00867239 -0.0125162 -0.000579123 0.00107999 -0.0171605 0.00233337 0.0010162 -0.0194848 -0.0250504 0.0228236 0.0317396
internal_weight=243.497 51.1401 13.3453 37.7948 21.2137 9.58476 11.6289 192.357 50.8737 44.1185 16.4607 141.483 8.86133 132.622 125.794 27.6578 8.30351 16.5811 10.5705
internal_count=1236 251 68 183 108 49 59 985 284 250 90 701 47 654 621 160 43 75 46
is_linear=0
shrinkage=0.03


Tree=174
num_leaves=13
num_cat=0
split_feature=265 14 300 106 160 140 137 18 137 43 295 102
split_gain=2.41779 3.42956 5.57819 4.41905 4.42956 4.21603 4.6252 7.81612 5.44949 3.25709 2.68015 2.63938
threshold=-4.4633185101721802 22.875000000000004 1.7588805162710546 0.35450000000000009 1.0016238535000002 3.9356983690000003 2.6964500000000005 15.940000000000003 1.8421000000000003 0.7461500000000002 1.238838502506266 -0.11509999999999999
decision_type=2 2 2 2 2 2 2 2 2 2 2 2
left_child=10 5 3 4 -3 11 8 -8 -7 -4 -1 -2
right_child=1 2 9 -5 -6 6 7 -9 -10 -11 -12 -13
leaf_value=0.0029989798971203196 -0.00067776968880190207 0.031417504135240561 -0.021204570903739308 0.040806336557879956 -0.010288416565050537 -0.0040594932697504485 0.0027081246379623159 -0.012731854763459673 0.011409603847601231 0.013823569644762845 -0.031846215913039141 0.028998363336093024
leaf_weight=3.3247259184718123 4.144710797816515 3.9666560590267199 5.683924946933983 6.5572805926203719 5.0275517702102661 39.75510148704052 55.346616750583053 62.408401008695364 41.714849952608347 3.8856780678033829 4.3086896315217018 6.695768114179371
leaf_count=18 22 19 30 29 27 202 276 322 211 19 27 34
internal_value=5.26401e-05 0.000607416 0.0110669 0.0221493 0.0079182 -0.0006338 -0.0016425 -0.00545324 0.00382861 -0.00667549 -0.016439 0.0174754
internal_weight=242.82 235.187 25.1211 15.5515 8.99421 210.065 199.225 117.755 81.47 9.5696 7.63342 10.8405
internal_count=1236 1191 124 75 46 1067 1011 598 413 49 45 56
is_linear=0
shrinkage=0.03


Tree=175
num_leaves=19
num_cat=0
split_feature=298 314 109 105 158 90 298 139 0 35 262 165 316 275 285 51 267 46
split_gain=2.39295 5.50626 5.73232 5.6174 4.97147 4.54457 4.05274 6.15323 5.96425 5.68235 5.31993 5.05349 4.887 3.97735 6.60499 3.27789 3.23423 2.19698
threshold=1.3434841405462512 0.2940517751148885 0.32185000000000002 0.43305000000000005 100.28460397805001 72124428.315000013 1.1866006812765797 65.445006700000008 57.900000000000013 5.5000000000000009 -0.15540579921410269 -1.7490955959999999 0.57083333333333341 0.43649059918105376 -3.5249999999999981 0.13315000000000002 -0.22506629161426125 0.48075000000000007
decision_type=2 2 2 2 2 2 2 2 2 2 2 2 2 2 2 2 2 2
left_child=6 2 4 17 5 -2 7 8 -1 16 -9 -10 -12 14 -4 -11 -8 -3
right_child=1 3 13 -5 -6 -7 9 10 11 15 12 -13 -14 -15 -16 -17 -18 -19
leaf_value=0.038811261145655175 -0.0098233744266284107 0.033425816101397055 -0.025266755376260535 -0.016799103006356952 0.016761540869557546 -0.031662990783566512 0.01410429973252697 0.022012456286450724 -0.013187366588061874 0.0091002116028347027 -0.0040419151286219908 0.0088651643334324466 -0.025482465555550886 0.022109687763176483 0.0098005157604460283 0.043546507027750543 -0.025628907138264587 0.0085014067388443013
leaf_weight=4.9091420024633399 23.082657765597105 6.3021617271006125 7.8711375556886241 4.8115592040121546 3.8611907809972754 14.27903265506029 3.6726467199623585 5.7132538408040991 11.417976655066012 4.6412845700979215 55.952535396441817 48.192179638892412 11.604188228026031 7.0079073011875144 12.065598413348198 6.1925697401165962 3.4406058043241527 7.3520595002919436
leaf_count=21 131 30 46 24 21 85 19 29 55 23 289 228 56 32 62 26 22 37
internal_value=5.20654e-05 -0.0039293 -0.00789016 0.0104946 -0.014922 -0.0183124 0.00228718 0.000513385 0.00728323 0.0156609 -0.00540885 0.00457588 -0.00780131 0.00277238 -0.00395152 0.0292821 -0.0047872 0.0203829
internal_weight=242.37 86.6333 68.1675 18.4658 41.2229 37.3617 155.736 137.789 64.5193 17.9471 73.27 59.6102 67.5567 26.9446 19.9367 10.8339 7.11325 13.6542
internal_count=1236 468 377 91 237 216 768 678 304 90 374 283 345 140 108 49 41 67
is_linear=0
shrinkage=0.03


Tree=176
num_leaves=16
num_cat=0
split_feature=283 186 137 78 114 90 289 174 307 110 136 109 22 302 279
split_gain=2.41551 3.34604 3.09744 6.59114 5.03878 10.2104 6.2876 4.18628 5.97025 7.43888 4.75664 5.12762 3.92074 2.8137 1.61535
threshold=0.018137056739739459 -0.26504274647499693 2.6441250000000003 5.1450000000000005 -0.019649999999999997 24093287.620000005 2.4000000000000008 0.17624236210000002 0.81179943076004091 0.18005000000000002 3.8476137228260874 0.33075000000000004 -0.11499999999999998 1.0321733431912892 -0.45784791011090509
decision_type=2 2 2 2 2 2 2 2 2 2 2 2 2 2 2
left_child=1 13 3 4 5 -2 -6 8 12 -10 -9 -12 -4 14 -1
right_child=2 -3 7 -5 6 -7 -8 10 9 -11 11 -13 -14 -15 -16
leaf_value=-0.0089661739694401523 0.02987462320027412 0.0070928682551229727 0.02621353019854521 0.040249973954744681 -0.0082501691102239098 -0.0036326413435463023 0.019702143251627589 -0.016622159303829476 -0.01768836101964702 0.00066898704341552477 5.3782205912165981e-05 0.021476499712047525 -0.0095962557766199642 0 -0.039662969668743386
leaf_weight=2.6649669036269197 15.637218050658701 6.3021033369004718 7.921251505613327 4.5585553608834735 37.706795729696751 16.726461078971624 8.8265484869480115 7.3964807726442805 40.021798932924867 38.739600965753198 23.89286133646965 17.626115284860134 3.9729234986007196 4.4224502518773079 5.2607744820415983
leaf_count=17 74 33 38 19 187 94 44 38 205 203 119 82 23 28 32
internal_value=5.23354e-05 -0.0102763 0.00093372 0.00551113 0.00341758 0.0125069 -0.0028529 -0.00178382 -0.00561426 -0.00863167 0.00525095 0.00925023 0.0140218 -0.0193678 -0.0299555
internal_weight=241.677 18.6503 223.027 83.4556 78.897 32.3637 46.5333 139.571 90.6556 78.7614 48.9155 41.519 11.8942 12.3482 7.92574
internal_count=1236 110 1126 418 399 168 231 708 469 408 239 201 61 77 49
is_linear=0
shrinkage=0.03


Tree=177
num_leaves=17
num_cat=0
split_feature=311 131 263 75 15 40 151 300 186 151 116 165 15 142 271 15
split_gain=2.37807 3.31969 4.92625 4.78891 4.54121 6.35949 4.4402 4.35322 4.81383 4.26016 3.18595 2.43321 3.43063 2.00266 1.82806 1.34847
threshold=0.087141989315513882 75.577727777777795 0.018305915860172387 3.5875000000000004 18.940000000000001 64.085000000000008 16.678143036600002 0.91906880087260767 -4.0831530486749958 4.3196280044500002 0.50600000000000012 0.12022308530000002 14.940000000000003 1.1245419311500002 0.28321618392508136 15.940000000000003
decision_type=2 2 2 2 2 2 2 2 2 2 2 2 2 2 2 2
left_child=1 3 15 6 5 -4 9 10 -9 -1 -5 12 -2 -14 -13 -3
right_child=11 2 4 7 -6 -7 -8 8 -10 -11 -12 14 13 -15 -16 -17
leaf_value=0.0019797269896048293 -0.027844746587427513 0.015024667849807799 -0.0079128915374623871 -0.028933019968898212 0.023969454862839398 0.023105957788455918 -0.023760899791584401 0.017604052244559423 -0.0060076361064034843 0.019593913988984579 -0.0079977886697257857 -0.036427585578290018 -0.0028812399091598371 0.026748189131238134 -0.0037183403075009055 0.040252666470960985
leaf_weight=75.545462939888239 3.120309833437207 4.6736504547297937 27.901391765102744 10.633713964372875 7.7048627212643614 7.4404602795839301 5.0078958272933951 9.747451286762951 36.523768160492182 14.817596573382614 18.55819921195507 4.2158020604401818 4.9530209191143495 3.2158834971487522 2.7695996910333633 4.2765199616551399
leaf_count=358 24 24 142 66 39 35 25 43 193 69 92 36 32 20 17 21
internal_value=5.15732e-05 0.00091893 0.00755563 -0.00108678 0.00323862 -0.00125113 0.00335896 -0.00674205 -0.000941688 0.0049197 -0.015799 -0.0103087 -0.0013639 0.0086027 -0.0241178 0.027722
internal_weight=241.106 222.831 51.9969 170.834 43.0467 35.3419 95.371 75.4631 46.2712 90.3631 29.1919 18.2746 11.2892 8.1689 6.9854 8.95017
internal_count=1236 1107 261 846 216 177 452 394 236 427 158 129 76 52 53 45
is_linear=0
shrinkage=0.03


Tree=178
num_leaves=9
num_cat=0
split_feature=18 0 314 297 80 286 156 121
split_gain=2.37761 3.68916 2.93556 4.31293 5.08761 4.89274 4.00451 3.61429
threshold=21.685000000000006 80.265000000000015 0.29199464751051613 1.3401910988971801 20210810.000000004 -2.1600000000000033 0.73478823860000009 0.74475000000000013
decision_type=2 2 2 2 2 2 2 2
left_child=1 2 3 4 -1 -5 7 -4
right_child=-2 -3 6 5 -6 -7 -8 -9
leaf_value=0.0093233051267460308 -0.018402882397787701 0.021085466184127214 0.018492740527036092 -0.015869649028446325 -0.0032644313641384585 0.00043944061919257968 -0.012871311722000334 -0.0023685025946822351
leaf_weight=47.039549820125103 6.0156546533107749 7.5148431211709967 22.363263484090567 33.765009259805083 74.179675836116076 31.69834204018116 7.1408058740198603 10.813826285302637
leaf_count=211 33 37 114 198 395 155 38 55
internal_value=4.96163e-05 0.000543378 -0.000132442 -0.00173162 0.00159921 -0.00793816 0.00718393 0.0116163
internal_weight=240.531 234.515 227 186.683 121.219 65.4634 40.3179 33.1771
internal_count=1236 1203 1166 959 606 353 207 169
is_linear=0
shrinkage=0.03


Tree=179
num_leaves=10
num_cat=0
split_feature=112 130 266 149 132 319 154 101 105
split_gain=2.3109 3.32711 3.07923 3.96114 3.27948 4.84851 3.32141 2.79738 2.03229
threshold=0.56250000000000011 8.5000000000000018 1.8775807951142154 2.4062547741000002 17.109225000000002 0.90344497077614216 1.5184303772000003 0.21505000000000005 0.32525000000000004
decision_type=2 2 2 2 2 2 2 2 2
left_child=2 -2 3 -1 6 -6 -5 -3 -9
right_child=1 7 -4 4 5 -7 -8 8 -10
leaf_value=0.027414473678648337 0.030625973139136429 0.024161341972242935 -0.027055965616132382 0.032326652668910952 0.0025630068155727656 -0.0068743102143442843 0.0020005422527552847 -0.015401081935493718 0.0082716468525501231
leaf_weight=4.4128932766616336 5.0032453089952496 4.0604948773980167 3.8717305101454249 4.9726618081331244 100.04305982962251 95.322173774242401 9.7512237131595594 6.7453431226313096 5.9886798150837421
leaf_count=20 26 23 24 22 487 512 52 36 34
internal_value=4.74796e-05 0.00935039 -0.000871248 -0.000372251 -0.000982945 -0.00202744 0.0125939 0.00269086 -0.00405658
internal_weight=240.172 21.7978 218.374 214.502 210.089 195.365 14.7239 16.7945 12.734
internal_count=1236 119 1117 1093 1073 999 74 93 70
is_linear=0
shrinkage=0.03


Tree=180
num_leaves=7
num_cat=0
split_feature=293 293 272 14 106 319
split_gain=2.30361 3.37209 2.76082 3.08181 4.8531 3.74051
threshold=-7.6899999999999986 -7.0599999999999996 1.8775807951142154 23.325000000000003 0.39510000000000006 1.1162619516581602
decision_type=2 2 2 2 2 2
left_child=-1 -2 3 5 -5 -3
right_child=1 2 -4 4 -6 -7
leaf_value=0.024128037815951475 -0.031465781494631764 -0.0025455168540853301 -0.023610014608111119 8.7988558218628695e-05 0.031107050046268719 0.0073411906572559927
leaf_weight=3.4262194707989684 2.9840281940996638 166.4346375670284 4.2318548746407023 12.243933759629728 7.3031320720911017 43.272167600691319
leaf_count=16 16 854 27 63 35 225
internal_value=4.84449e-05 -0.000297816 0.000100979 0.000561849 0.0119293 -0.000488608
internal_weight=239.896 236.47 233.486 229.254 19.5471 209.707
internal_count=1236 1220 1204 1177 98 1079
is_linear=0
shrinkage=0.03


Tree=181
num_leaves=15
num_cat=0
split_feature=46 43 46 158 43 123 298 60 61 139 123 319 269 277
split_gain=2.32218 3.41447 3.18005 4.85372 5.23953 4.24113 4.58621 4.21228 5.5282 5.02867 7.38567 4.2899 4.01086 3.55705
threshold=0.23515000000000003 0.062550000000000008 0.34590000000000004 15.400732480450001 -0.6580999999999998 670.50000000000011 0.52604332660240705 15.430000000000001 16.310000000000006 38.165626257500001 672.50000000000011 1.1088234256830807 -0.45360849351739857 -0.27465487225346791
decision_type=2 2 2 2 2 2 2 2 2 2 2 2 2 2
left_child=1 -1 3 5 -5 -2 -7 9 -9 10 -4 -11 -10 -6
right_child=2 -3 7 4 13 6 -8 8 12 11 -12 -13 -14 -15
leaf_value=-0.0014518357672755173 0.023639623262683231 0.030698855714502545 0.017450860550533142 0.011862584430073908 0 0.025936886004743597 -0.013679318703616496 -0.03019332144281547 0.021841461635089925 0.0051932911965958152 -0.028901516500201944 0.022947861097495911 -0.0025944757385661238 -0.032277226669026458
leaf_weight=6.2594846971333009 5.8700284101069 5.2756301909685135 4.9371485784649831 4.1165083032101419 3.9929750598967138 3.1411004066467312 13.295254677534102 6.1207286641001692 6.3480060845613471 47.941908534616232 7.7558374851942062 16.733964562416077 94.197078566998243 13.65589333698153
leaf_count=34 29 27 25 22 22 13 70 34 27 226 40 90 504 73
internal_value=4.72351e-05 0.013132 -0.000606769 -0.00784398 -0.0179022 0.00187247 -0.00581591 0.00111339 -0.00273161 0.00644977 -0.010642 0.00986168 -0.00100171 -0.0250414
internal_weight=239.642 11.5351 228.106 44.0718 21.7654 22.3064 16.4364 184.035 106.666 77.3689 12.693 64.6759 100.545 17.6489
internal_count=1236 61 1175 229 117 112 83 946 565 381 65 316 531 95
is_linear=0
shrinkage=0.03


Tree=182
num_leaves=14
num_cat=0
split_feature=13 303 14 135 306 54 80 118 74 106 300 183 294
split_gain=2.31252 5.97426 5.85126 3.61564 3.48595 5.41957 5.40097 5.35341 4.92595 4.33252 3.2928 2.67527 0.891335
threshold=24.975000000000005 0.71665791548086555 23.175000000000004 1.7841000000000002 0.94168338027476872 0.54180000000000017 20241208.500000004 6823.8200000000006 150.83275000000003 -0.24634999999999999 0.82968294083030503 0.24203868265 0.89808211678832139
decision_type=2 2 2 2 2 2 2 2 2 2 2 2 2
left_child=2 3 4 -2 8 7 -7 -6 9 -1 -4 -12 -5
right_child=1 -3 10 12 5 6 -8 -9 -10 -11 11 -13 -14
leaf_value=-0.0064501075240961962 0.0054137846425566872 0.023026365175972726 0.040713565549161848 -0.040051167595936493 -0.0033142975907480368 -0.016820725735933691 0.01325795885881371 0.012461879406995939 0.029204898621615585 0.0098230225233239057 0.025979172616002109 -0.0052393402080575481 -0.018184090384204037
leaf_weight=26.69763389788568 3.1874598599970332 3.4218817949295035 4.4675199016928664 4.9102250635623914 76.775392826646566 34.984618254005909 6.154342718422412 25.746510565280914 6.8563057072460643 32.322949092835188 4.412498399615286 5.1324622482061386 4.0035029202699661
leaf_count=137 17 16 21 28 383 188 48 127 35 163 21 27 25
internal_value=4.71099e-05 -0.0110983 0.000839067 -0.0211034 -0.000406028 -0.00303922 -0.012227 0.000626651 0.00528673 0.00241276 0.0195413 0.00900121 -0.0308733
internal_weight=239.073 15.5231 223.55 12.1012 209.538 143.661 41.139 102.522 65.8769 59.0206 14.0125 9.54496 8.91373
internal_count=1236 86 1150 70 1081 746 236 510 335 300 69 48 53
is_linear=0
shrinkage=0.03


Tree=183
num_leaves=17
num_cat=0
split_feature=138 181 156 103 313 20 268 302 319 319 282 266 120 2 264 289
split_gain=2.30363 3.9272 3.60008 3.59828 4.88717 3.717 5.1983 3.82346 3.29147 6.03392 7.12758 5.28845 4.62273 3.94425 2.79164 3.6304
threshold=69.809271121538487 0.13806900645000003 -2.1951615773499995 -0.035549999999999991 -0.13767711962833909 -1.575 -0.42225862825439914 1.0727606061366386 0.89457603411583941 1.1088234256830807 13.421433693898882 0.70258321347248265 13947.475 74.340000000000018 -0.21521833945086269 -0.97499999999999953
decision_type=2 2 2 2 2 2 2 2 2 2 2 2 2 2 2 2
left_child=1 -1 -3 4 -2 6 -6 -7 11 10 -10 12 -5 -11 -4 -16
right_child=3 2 14 8 5 7 -8 -9 9 13 -12 -13 -14 -15 15 -17
leaf_value=-0.017735013247604577 0.015194199188469266 -0.010247854283122229 0.02838068828175264 0.010429671602521453 0.011626653994382105 -0.025476298730582402 -0.023896722410654145 0 -0.015321273501232247 0.011533390007267401 0.025879563375440107 -0.022558022270857864 -0.01976652188890474 -0.019136833187230438 -0.0028392940023577282 0.018107070543533499
leaf_weight=5.5052990391850463 6.6570622734725466 7.232660546898841 7.9678109735250464 59.117097731679678 10.578640371561052 20.114090558141474 5.5724602602422229 6.8910257816314688 36.502562195062637 24.609097391366962 4.0743603706359854 5.3632897958159438 4.7896600216627112 4.3001224026083937 13.879498157650231 15.402269031852486
leaf_count=29 34 35 39 278 53 121 37 39 193 130 19 31 29 21 68 80
internal_value=4.70707e-05 0.00577838 0.00878903 -0.00145859 -0.00837295 -0.0121044 -0.000516664 -0.0188965 0.0010063 -0.00357818 -0.0110571 0.00564685 0.00809232 0.00681767 0.0125832 0.00810056
internal_weight=238.557 49.9875 44.4822 188.569 49.8133 43.1562 16.1511 27.0051 138.756 69.4861 40.5769 69.27 63.9068 28.9092 37.2496 29.2818
internal_count=1236 251 222 985 284 250 90 160 701 363 212 338 307 151 187 148
is_linear=0
shrinkage=0.03


Tree=184
num_leaves=18
num_cat=0
split_feature=298 314 109 105 158 90 14 279 319 319 275 53 116 275 285 111 77
split_gain=2.25974 4.90486 5.19663 5.19645 4.67074 4.22926 4.17517 4.9897 5.1691 7.24239 4.54975 4.40568 5.44711 3.66507 6.17432 3.58063 2.78665
threshold=1.3434841405462512 0.2940517751148885 0.32185000000000002 0.43305000000000005 100.28460397805001 72124428.315000013 22.125000000000004 1.4786992479078698 1.1088234256830807 0.99804117920160207 0.15374346580188561 0.4811457983193278 0.48200000000000004 0.43649059918105376 -3.5249999999999981 0.09240000000000001 47.785000000000004
decision_type=2 2 2 2 2 2 2 2 2 2 2 2 2 2 2 2 2
left_child=6 2 4 16 5 -2 7 8 9 -1 -10 12 -9 14 -4 -8 -3
right_child=1 3 13 -5 -6 -7 15 11 10 -11 -12 -13 -14 -15 -16 -17 -18
leaf_value=-0.00036756805266046158 -0.0095267231927327681 0.0065388282045164463 -0.024806648329513171 -0.016489285634183563 0.016516446493837825 -0.030898222400088413 0.0041553562962467509 0.02522623126053572 -0.0062774147177531046 -0.020728628320860375 0.02050509605061315 0.032813370163171388 -0.021052656077357412 0.021235590795336646 0.0094593890564713973 0.036108080312734769 0.034778743802334929
leaf_weight=79.426045496016741 22.634143281728029 7.3332013636827487 7.6963354535400912 4.7395582720637313 3.7937690615653983 13.823430024087427 7.5490280389785749 4.4044290557503718 8.630649212747814 19.603982962667942 15.781331732869146 7.5791722014546385 4.5359704755246639 6.9257706925272933 11.819931048899889 5.6879246830940247 5.9589081816375256
leaf_count=386 131 39 46 24 21 85 34 18 47 112 82 37 23 32 62 29 28
internal_value=4.43453e-05 -0.00387155 -0.0076494 0.00990117 -0.0144352 -0.0177745 0.00223068 0.000679589 -0.00137464 -0.00444535 0.010927 0.0161262 0.00144134 0.00258272 -0.00395823 0.0182782 0.0195881
internal_weight=237.924 84.725 66.6934 18.0317 40.2513 36.4576 153.199 139.962 123.442 99.03 24.412 16.5196 8.9404 26.442 19.5163 13.237 13.2921
internal_count=1236 468 377 91 237 216 768 705 627 498 129 78 41 140 108 63 67
is_linear=0
shrinkage=0.03


Tree=185
num_leaves=8
num_cat=0
split_feature=265 140 264 137 18 137 295
split_gain=2.30409 2.73243 3.43799 3.50299 6.43863 3.58927 2.32232
threshold=-4.4633185101721802 3.1143494560500002 -0.90841355905861365 2.6964500000000005 15.940000000000003 1.8421000000000003 1.238838502506266
decision_type=2 2 2 2 2 2 2
left_child=6 -2 -3 5 -5 -4 -1
right_child=1 2 3 4 -6 -7 -8
leaf_value=0.0020719565622127028 0.020554276392336143 -0.026570392295090894 -0.00086695877118003794 0.0048441168462922644 -0.0085372093143286209 0.011100085888588717 -0.030820900263322806
leaf_weight=3.2048153206706038 5.9097881466150275 4.181021559983491 44.083881668746471 58.196378272026777 72.232731644064188 45.163271987810731 4.1843885108828545
leaf_count=18 32 28 227 292 379 233 27
internal_value=4.45617e-05 0.000590662 4.1289e-05 0.000573289 -0.00254445 0.005161 -0.016317
internal_weight=237.156 229.767 223.857 219.676 130.429 89.2472 7.3892
internal_count=1236 1191 1159 1131 671 460 45
is_linear=0
shrinkage=0.03


Tree=186
num_leaves=12
num_cat=0
split_feature=304 316 294 112 100 78 41 3 75 183 286
split_gain=2.28363 3.3139 3.05549 3.0183 3.42713 5.85983 3.89106 2.96068 3.01903 1.14911 0.847131
threshold=1.1552604006831293 0.5458333333333335 9.8317436961736338 0.56250000000000011 7675.9500000000007 6.7500000000000009 20201221.500000004 65.065000000000012 3.0380500000000006 -0.39059669969999994 -2.8399999999999994
decision_type=2 2 2 2 2 2 2 2 2 2 2
left_child=2 9 3 4 6 -6 -1 10 -9 -2 -5
right_child=1 -3 -4 7 5 -7 -8 8 -10 -11 -12
leaf_value=-0.011144877604827868 -0.008846762642438671 0.0092396605057465473 -0.021317184612953347 0.014343328224377675 0.01380270906422436 -0.01119044883727353 0.00047194825641714422 0.02221359127028882 -0.0087703995193519485 -0.035708365636401812 0.036592352801373261
leaf_weight=32.557169534265995 2.8172504417598248 3.5596737191081047 5.4232498016208401 3.7194553911685944 33.393006537109613 11.075561106204985 124.2980778850615 4.4047796875238401 7.3969703279435635 4.1529711596667749 4.0971212238073376
leaf_count=148 19 17 34 18 170 55 652 24 43 32 24
internal_value=4.24703e-05 -0.0135336 0.000692936 0.00125617 0.000143895 0.00749934 -0.00192571 0.0124596 0.0026312 -0.0255543 0.0266992
internal_weight=236.895 10.5299 226.365 220.942 201.324 44.4686 156.855 19.6183 11.8018 6.97022 7.81658
internal_count=1236 68 1168 1134 1025 225 800 109 67 51 42
is_linear=0
shrinkage=0.03


Tree=187
num_leaves=6
num_cat=0
split_feature=18 0 149 76 132
split_gain=2.21036 3.44832 2.70212 3.07622 3.10342
threshold=21.685000000000006 80.265000000000015 2.4062547741000002 23.41 105.34610000000002
decision_type=2 2 2 2 2
left_child=1 2 -1 4 -4
right_child=-2 -3 3 -5 -6
leaf_value=0.021573537508498834 -0.017976912557638183 0.020591238928444708 -0.00054815460814535875 -0.020557166707520384 0.024678209266303625
leaf_weight=4.9352626055479041 5.864185504615306 7.3565489426255217 207.38803143799305 6.6705317441374055 4.3838616944849482
leaf_count=25 33 37 1078 38 25
internal_value=4.09195e-05 0.000519434 -0.000137089 -0.000650971 -3.86287e-07
internal_weight=236.598 230.734 223.378 218.442 211.772
internal_count=1236 1203 1166 1141 1103
is_linear=0
shrinkage=0.03


Tree=188
num_leaves=11
num_cat=0
split_feature=283 186 132 300 154 314 106 318 49 307
split_gain=2.21646 3.08353 3.53672 3.03415 3.13825 3.04457 5.01355 4.12327 2.42842 1.74171
threshold=0.018137056739739459 -0.26504274647499693 19.667025000000002 0.15646866203335644 0.16614813275000004 0.27997802381743125 -0.25324999999999992 0.20764871907455398 0.52936186440677979 1.0390602826470499
decision_type=2 2 2 2 2 2 2 2 2 2
left_child=1 2 -1 -2 9 6 -6 -7 -4 -5
right_child=3 -3 8 4 5 7 -8 -9 -10 -11
leaf_value=0.014337376328834426 0.020066525331379349 0.0068398035478481247 -0.036833362551885289 0.03123670753362397 -0.011429035891432258 0.011555150373844931 0.00069646116534642459 -0.0084835576754116303 -0.0037853542515884479 0.0023830811264341652
leaf_weight=2.1806318312883404 7.0867651253938666 6.1655602492392054 6.6488512419164163 4.339409761130808 41.600527387112379 34.448544234037399 114.72180760465562 12.361663395538924 3.1836938485503197 3.721263837069273
leaf_count=13 35 33 45 21 229 177 579 64 19 21
internal_value=3.97342e-05 -0.00998205 -0.0188484 0.000892293 0.000225494 -0.000492704 -0.00251644 0.00619256 -0.0265806 0.0184763
internal_weight=236.459 18.1787 12.0132 218.28 211.193 203.133 156.322 46.8102 9.83255 8.06067
internal_count=1236 110 77 1126 1091 1049 808 241 64 42
is_linear=0
shrinkage=0.03


Tree=189
num_leaves=16
num_cat=0
split_feature=46 307 46 120 14 46 102 160 106 147 69 78 269 130 287
split_gain=2.21479 3.1685 2.99435 4.40119 4.34348 4.05724 4.6348 5.01294 4.03921 6.14695 5.35165 4.009 4.8918 2.86256 1.06359
threshold=0.23515000000000003 0.90103406162565369 0.34590000000000004 6802.6600000000008 17.925000000000004 0.40585000000000004 0.77110000000000012 0.27515613250000009 -0.53994999999999982 -10.051753432449997 333.50000000000006 2.5650000000000004 -1.0000000180025095e-35 15.500000000000002 -4.4449999999999958
decision_type=2 2 2 2 2 2 2 2 2 2 2 2 2 2 2
left_child=1 -1 3 11 -5 6 7 -4 10 -10 -7 12 -2 -13 -3
right_child=2 14 5 4 -6 8 -8 -9 9 -11 -12 13 -14 -15 -16
leaf_value=-0.0078671130867729346 -0.028255472045806557 0.011656247271903314 -0.012812111120173744 -0.0063154583890676595 0.036334781679415673 -0.0032974867395032929 -0.012077653507191893 0.02025188655751238 0.031036556204752427 -0.00066561870887514953 -0.037946764752459165 -0.038006571226155805 0.0037133421685605272 -0.0084683407975350202 0.036464333677701709
leaf_weight=4.0055941566824895 5.6826354414224616 3.7302099950611591 4.7287958301603821 4.9333604816347343 3.5575732216238976 13.54372417367995 6.8111635632812968 25.605845849961042 5.6658215746283522 119.17702195979655 5.7547422125935546 7.338977597653864 16.419762022793297 5.5239270478487015 3.6199609339237213
leaf_count=21 33 21 26 30 17 76 34 120 25 633 32 37 83 29 19
internal_value=3.95966e-05 0.0129186 -0.000603264 -0.00767499 0.0114201 0.00107865 0.00991398 0.0149739 -0.00118274 0.000772819 -0.0139268 -0.0124169 -0.00446112 -0.0257161 0.0246024
internal_weight=236.099 11.3558 224.743 43.4562 8.49093 181.287 37.1458 30.3346 144.141 124.843 19.2985 34.9653 22.1024 12.8629 7.35017
internal_count=1236 61 1175 229 47 946 180 146 766 658 108 182 116 66 40
is_linear=0
shrinkage=0.03


Tree=190
num_leaves=7
num_cat=0
split_feature=293 293 68 314 110 137
split_gain=2.18939 3.11712 2.50357 2.83395 4.46796 3.45488
threshold=-7.6899999999999986 -7.0599999999999996 0.21650000000000003 0.15222783793632869 -0.21454999999999999 2.6789500000000004
decision_type=2 2 2 2 2 2
left_child=-1 -2 -3 4 -4 -5
right_child=1 2 3 5 -6 -7
leaf_value=0.023631560429807505 -0.030552101331298917 0.019409161449496542 0.010017449110213319 0.0060184062245119303 -0.018047049448676106 -0.0021978219431629188
leaf_weight=3.390260972082614 2.9270352870225897 5.7834196761250487 6.9385671541094807 71.989168055355549 17.671944748610258 126.95441335067153
leaf_count=16 16 33 38 363 114 656
internal_value=3.64214e-05 -0.000305097 8.10176e-05 -0.000414049 -0.0100048 0.000761737
internal_weight=235.655 232.265 229.338 223.554 24.6105 198.944
internal_count=1236 1220 1204 1171 152 1019
is_linear=0
shrinkage=0.03


Tree=191
num_leaves=19
num_cat=0
split_feature=311 131 112 307 134 75 163 101 96 151 151 119 11 3 315 319 101 283
split_gain=2.17548 3.00035 4.35776 5.03215 4.79874 4.33939 4.37422 5.99062 4.55649 4.08323 4.05764 3.20124 2.99144 2.38122 2.92187 2.51562 1.71434 1.32899
threshold=0.087141989315513882 75.577727777777795 0.52915000000000012 0.8260351575717928 2.649113888888889 3.5875000000000004 3.4821579200500001 0.32595000000000007 1.5000000000000002 16.678143036600002 4.3196280044500002 5664.1950000000006 22.875000000000004 62.445000000000007 0.4238736443351156 0.82438237452798779 0.20525000000000002 0.088447739135295897
decision_type=2 2 2 2 2 2 2 2 2 2 2 2 2 2 2 2 2 2
left_child=1 5 3 -3 -5 9 8 -8 -7 10 -1 12 -4 15 16 -2 -15 -13
right_child=13 2 11 4 -6 6 7 -9 -10 -11 -12 17 -14 14 -16 -17 -18 -19
leaf_value=0.0018424404151496385 0.023840431017179559 0.026677035928240386 -0.0062086779081344202 0.024524936879018609 -0.011982602040700103 0.0053468162824097023 0.026737769735299299 -0.013772025776748062 -0.014316309679445069 -0.02304770744504258 0.019254717501342035 0.010050130370527037 0.026356111265553494 -0.0042963481852332343 0.0079411414174387213 -0.01181050315523317 -0.036341345075747468 0.035323865345680799
leaf_weight=74.069478308781981 3.0085364282131222 5.0070299208164242 6.8790479134768265 3.7200947850942638 20.219993386417627 13.359630357474087 7.4320593997836095 5.6387282535433769 47.192861957475543 4.9056116119027129 14.42387632280588 3.0539016835391504 3.8221717700362206 2.3530984651297313 2.564104361459612 3.9901038967072964 5.8221750259399414 7.9613972827792168
leaf_count=358 17 24 39 18 107 71 30 27 266 25 69 17 18 18 19 33 42 38
internal_value=3.54192e-05 0.000873071 0.00726782 -0.000260211 -0.00610642 -0.00105192 -0.00650726 0.00906222 -0.00992693 0.00321862 0.00473293 0.017395 0.00528112 -0.0100236 -0.0188759 0.00321226 -0.0276437 0.0287403
internal_weight=235.424 217.686 50.6636 28.9471 23.9401 167.022 73.6233 13.0708 60.5525 93.399 88.4934 21.7165 10.7012 17.738 10.7394 6.99864 8.17527 11.0153
internal_count=1236 1107 261 149 125 846 394 57 337 452 427 112 57 129 79 50 60 55
is_linear=0
shrinkage=0.03


Tree=192
num_leaves=8
num_cat=0
split_feature=48 288 264 181 172 46 3
split_gain=2.17268 3.11448 2.9633 3.14424 3.1824 3.30073 3.29608
threshold=-0.26059999999999994 -1.4250000000000005 -0.90841355905861365 0.034288336900000008 0.085360947800000017 0.63675000000000015 71.865000000000009
decision_type=2 2 2 2 2 2 2
left_child=1 -1 -2 -4 6 -6 -5
right_child=2 -3 3 4 5 -7 -8
leaf_value=-0.0055699159297236322 -0.02516766358607752 0.031500861506161229 -0.023351200284151115 0.031634889014461209 0.0011698622289688201 -0.0103047668744183 -0.0039346893331972084
leaf_weight=3.3880066871643066 4.1975553035736075 4.5310285426676264 4.9785160310566416 5.7172818742692453 182.62502385675907 25.625989949330688 3.6650662273168564
leaf_count=18 28 27 29 28 936 149 21
internal_value=3.65462e-05 0.0153951 -0.000493022 -3.19682e-06 0.000527606 -0.000231999 0.0175289
internal_weight=234.728 7.91904 226.809 222.612 217.633 208.251 9.38235
internal_count=1236 45 1191 1163 1134 1085 49
is_linear=0
shrinkage=0.03


Tree=193
num_leaves=10
num_cat=0
split_feature=41 41 70 113 292 291 262 156 3
split_gain=2.15018 4.15828 5.01596 3.59425 3.75369 3.24996 2.06912 2.31645 0.765347
threshold=20250918.500000004 20240213.500000004 20231022.000000004 0.18495000000000003 -6.1249999999999991 1.8150000000000006 0.24483549392908902 3.1003349976500005 60.240000000000002
decision_type=2 2 2 2 2 2 2 2 2
left_child=1 2 3 -1 -5 6 7 -3 -2
right_child=8 5 -4 4 -6 -7 -8 -9 -10
leaf_value=0.026390340969392464 -0.00076629819044049649 0.026718977928353701 -0.030279512386437193 -0.016805172824838434 0.00025759984988196603 -0.012119825662230622 -0.0015809813721524505 -0.0033209678101399484 -0.030984356652040392
leaf_weight=4.3741363137960425 1.3475269805639976 13.688978606835017 5.015429161489009 12.262399688363073 184.75335443764925 3.9232716634869567 3.9755792543292037 2.5430175364017478 2.5888086948543787
leaf_count=21 20 90 37 69 898 19 20 18 44
internal_value=3.44126e-05 0.000427047 -0.000939214 -0.000178967 -0.000797166 0.0121929 0.0170974 0.0218375 -0.0216583
internal_weight=234.473 230.536 206.405 201.39 197.016 24.1308 20.2076 16.232 3.93634
internal_count=1236 1172 1025 988 967 147 128 108 64
is_linear=0
shrinkage=0.03


Tree=194
num_leaves=11
num_cat=0
split_feature=304 316 294 306 178 50 69 118 55 156
split_gain=2.13821 3.12956 2.86564 2.83557 4.62881 4.61348 3.80998 4.74141 4.70084 1.18091
threshold=1.1552604006831293 0.5458333333333335 9.8317436961736338 1.1850529100529104 0.37869365030000007 0.54810000000000014 332.50000000000006 7531.2300000000005 0.39055000000000006 -1.0000000180025095e-35
decision_type=2 2 2 2 2 2 2 2 2 2
left_child=2 9 3 6 -5 -6 8 -8 -1 -2
right_child=1 -3 -4 4 5 -7 7 -9 -10 -11
leaf_value=0.0080056410564772699 -0.0089276286620759218 0.0089512478767651352 -0.020781912165065922 0.036592765185037582 0.017525085598431394 -0.011968153137683048 -0.0071974033811310553 0.0079877250966743536 -0.00957819909071316 -0.036083865225983718
leaf_weight=71.303799916058779 2.9479098431766033 3.524335902184248 5.3563168402761212 4.9348342306911972 10.319003626704218 8.6216026395559293 82.901670813560486 23.562231499701738 16.700075447559357 3.8724700026214105
leaf_count=372 23 17 34 23 48 50 432 118 91 28
internal_value=3.10814e-05 -0.013223 0.000663039 0.00121213 0.0109467 0.00395011 0 -0.00380419 0.0046277 -0.0250785
internal_weight=234.044 10.3447 223.7 218.343 23.8754 18.9406 194.468 106.464 88.0039 6.82038
internal_count=1236 68 1168 1134 121 98 1013 550 463 51
is_linear=0
shrinkage=0.03


Tree=195
num_leaves=10
num_cat=0
split_feature=77 65 283 136 76 263 119 116 119
split_gain=2.14998 2.88456 3.0616 4.04661 3.7578 3.41541 3.03078 2.61609 2.50132
threshold=12.460000000000003 3.6750000000000003 0.020417335756594719 1.2616916666666669 0.64980000000000004 0.018305915860172387 5690.7500000000009 0.46600000000000008 2329.6300000000006
decision_type=2 2 2 2 2 2 2 2 2
left_child=7 -2 5 -4 -5 -3 -7 -1 -9
right_child=1 2 3 4 -6 6 -8 8 -10
leaf_value=-0.0041827020983724473 0.025464856028014668 0.0073686097326081867 -0.025073499784607423 0.022829454390379582 -9.315687238361084e-05 -0.03105089311346779 0.00095641505264848611 0.03964404185579587 0.0034549788370461768
leaf_weight=4.8900700062513334 3.6373910158872595 4.9219016879797008 5.5528056174516669 6.5556126609444609 188.54050246067345 8.7603653743863088 3.5427364706993094 3.9228430576622486 3.3817454464733601
leaf_count=25 20 27 31 32 982 58 21 20 20
internal_value=2.9138e-05 -0.000635466 -0.00109646 -3.66865e-05 0.00067302 -0.0131968 -0.021659 0.0122524 0.023568
internal_weight=233.706 221.511 217.874 200.649 195.096 17.225 12.3031 12.1947 7.30459
internal_count=1236 1171 1151 1045 1014 106 79 65 40
is_linear=0
shrinkage=0.03


Tree=196
num_leaves=17
num_cat=0
split_feature=138 104 106 302 159 138 314 314 138 151 294 66 177 131 108 305
split_gain=2.1193 4.00785 5.57728 5.5497 3.79127 3.27908 3.54719 4.43585 3.79127 3.09907 3.24426 2.99951 2.83126 3.40479 2.71219 2.66775
threshold=69.809271121538487 0.57500000000000007 0.63370000000000004 1.1448500107290649 1.3381077699000004 190.12491336307974 0.32331654863689929 0.30321194935819523 167.42841817755757 0.30022613435000006 2.4403067129567382 0.42500000000000004 -0.39239311479999994 105.2897654761905 0.54165000000000008 1.0070672260513438
decision_type=2 2 2 2 2 2 2 2 2 2 2 2 2 2 2 2
left_child=1 3 15 9 -5 6 7 8 -2 -1 -11 -7 -13 -14 -9 -3
right_child=5 2 -4 4 -6 11 -8 14 -10 10 -12 12 13 -15 -16 -17
leaf_value=-0.0047551298848772195 -0.0038024895246297121 -0.0015040439296688762 0.016469663664192426 0.0071835306868880209 -0.032572341318122533 0.031695204420346332 -0.034244720318595094 0.023842162017839577 -0.023970006956110946 0.026775914679746948 -0.002152995103266421 -0.019393976930653766 0.0013954434499342768 0.023512194340651181 -0.0057359425455464899 -0.037812700449609139
leaf_weight=4.572032909840348 87.853944001719356 3.1793922223150712 4.756809599697589 4.662460617721079 3.7406940162181854 3.1674887910485259 3.4538147486746302 7.8052558265626413 9.2878485284745675 19.198678761720661 4.0119140185415736 4.9417770802974692 56.916732303798199 7.0016740448772898 4.0421027392148972 4.8424937054514885
leaf_count=24 469 18 25 25 19 19 19 40 49 92 23 27 300 42 20 25
internal_value=2.92154e-05 0.00558347 -0.00868344 0.0107144 -0.0103361 -0.00143104 -0.00464223 -0.00364611 -0.00578425 0.0172032 0.0216591 0.00353988 0.00215718 0.00389793 0.013536 -0.0239872
internal_weight=233.435 48.9645 12.7787 36.1858 8.40315 184.471 112.443 108.989 97.1418 27.7826 23.2106 72.0277 68.8602 63.9184 11.8474 8.02189
internal_count=1236 251 68 183 44 985 597 578 518 139 115 388 369 342 60 43
is_linear=0
shrinkage=0.03


Tree=197
num_leaves=9
num_cat=0
split_feature=18 1 277 120 2 319 319 58
split_gain=2.12465 2.60048 2.86353 4.53534 4.25592 3.27876 6.0927 4.5366
threshold=21.685000000000006 79.840000000000018 1.0473732011311518 12116.835000000001 62.890000000000008 1.1088234256830807 0.90431813881396483 28.674250000000004
decision_type=2 2 2 2 2 2 2 2
left_child=1 2 5 4 -4 6 -1 -7
right_child=-2 -3 3 -5 -6 7 -8 -9
leaf_value=0.00090186134661155912 -0.017822254400477858 0.019100122427948785 0.026247451015611406 -0.019289801705900441 0.0037366521411141187 0.012986161950553641 -0.011941254097807063 -0.009662763494404876
leaf_weight=90.744211198762059 5.742765560746192 6.4692163206636897 11.173230081796644 4.9446106702089301 24.307001385837793 26.39466629549861 52.011391980573535 11.144696658477185
leaf_count=457 33 35 56 29 131 141 295 59
internal_value=2.65576e-05 0.000498572 -4.14493e-05 0.00715079 0.0109638 -0.00167376 -0.00376147 0.00617463
internal_weight=232.932 227.189 220.72 40.4248 35.4802 180.295 142.756 37.5394
internal_count=1236 1203 1168 216 187 952 752 200
is_linear=0
shrinkage=0.03


Tree=198
num_leaves=14
num_cat=0
split_feature=271 263 178 186 160 14 304 262 75 298 100 314 154
split_gain=2.10861 2.88343 4.25245 4.05753 5.67425 3.49327 6.40133 4.0892 4.95108 3.59454 2.42963 2.14823 0.309716
threshold=-4.4633185101721802 -0.028865604801158181 0.7577980550500002 10.598470880400006 2.9232874640500004 22.275000000000002 0.97652532653124935 -0.095368969675744514 2.8932000000000007 1.5597415790406444 3187.4150000000004 0.20165391846606825 0.61842862285000011
decision_type=2 2 2 2 2 2 2 2 2 2 2 2 2
left_child=10 2 11 4 -4 7 -7 -3 -9 -8 -1 -2 -13
right_child=1 5 3 -5 -6 6 9 8 -10 -11 -12 12 -14
leaf_value=-0.036402036124325507 0.0064610732782456647 -0.025081568532518427 0.0052705546156807106 0.025727689185260492 -0.037122310976953135 -0.015757511250064804 0.030310049427254133 0.0047428791197652734 -0.0058568140372039839 0.0048084179726243471 -0.00047153194687134893 0.021865914199402595 0.038788491396395335
leaf_weight=2.9299341998994342 5.4153281114995497 6.7582159899175158 7.8339920379221422 3.7404239401221266 4.2618114091455936 6.7577540203928974 10.08365721255541 68.178367078304291 94.110663764178753 10.452035438269375 4.2429204266518354 3.5046090222895145 4.304494634270668
leaf_count=18 30 37 42 19 23 38 47 340 520 55 27 19 21
internal_value=2.59843e-05 0.000551613 0.00936186 -0.000959998 -0.00960199 -0.000741234 0.00917536 -0.00236453 -0.00138518 0.0175621 -0.0158595 0.0218618 0.0319457
internal_weight=232.574 225.401 29.0607 15.8362 12.0958 196.341 27.2934 169.047 162.289 20.5357 7.17285 13.2244 7.8091
internal_count=1236 1191 154 84 65 1037 140 897 860 102 45 70 40
is_linear=0
shrinkage=0.03


Tree=199
num_leaves=11
num_cat=0
split_feature=48 288 264 55 64 15 139 53 270 114
split_gain=2.0834 2.95652 2.67825 2.80767 5.09537 5.02648 4.62265 4.0132 6.16024 5.67705
threshold=-0.26059999999999994 -1.4250000000000005 -0.90841355905861365 -0.14078072625698318 15.755000000000001 17.185000000000006 88.011455670000018 0.47699579831932776 -2.8570521912191387 0.057850000000000006
decision_type=2 2 2 2 2 2 2 2 2 2
left_child=1 -1 -2 4 6 -6 -4 8 -5 -9
right_child=2 -3 3 7 5 -7 -8 9 -10 -11
leaf_value=-0.0052389144939068485 -0.02421837627727981 0.031069718139870726 0.024384505572436169 0.013318515331764234 -0.014843513636300966 0.011060339534831161 -0.0037647745830483685 -0.0082980023736083253 -0.012729609669710871 0.0061460685012650826
leaf_weight=3.367324061691761 4.1028269939124575 4.4436262473464003 17.281218208372596 9.643763152882455 14.521572533994915 12.32555168867111 7.2419711127877227 36.197847031056881 48.187736909836531 74.806934054940939
leaf_count=18 28 27 87 53 76 61 37 195 260 394
internal_value=2.61705e-05 0.0151694 -0.000494306 -2.78757e-05 0.00609258 -0.00284278 0.0159683 -0.00191035 -0.00831865 0.00140573
internal_weight=232.12 7.81095 224.309 220.207 51.3703 26.8471 24.5232 168.836 57.8315 111.005
internal_count=1236 45 1191 1163 261 137 124 902 313 589
is_linear=0
shrinkage=0.03


Tree=200
num_leaves=15
num_cat=0
split_feature=13 303 14 306 314 264 282 306 98 2 300 108 297 130
split_gain=2.07547 5.36181 5.30273 3.14143 6.28902 5.33041 4.98812 4.91456 4.95179 4.90526 2.88645 2.81599 2.39056 0.427933
threshold=24.975000000000005 0.71665791548086555 23.175000000000004 0.94168338027476872 0.22906855110146332 0.48343692911704889 5.4774982651366519 0.96192645883293382 1.0000000180025095e-35 67.160000000000011 0.82968294083030503 0.50835000000000019 1.1353216475713481 13.500000000000002
decision_type=2 2 2 2 2 2 2 2 2 2 2 2 2 2
left_child=2 12 3 4 6 -6 -1 9 -9 -5 -4 -12 13 -2
right_child=1 -3 10 7 5 -7 -8 8 -10 -11 11 -13 -14 -15
leaf_value=0.0033538631988862763 -0.04051574248993952 0.021966497692464074 0.039522727684106931 -0.037769947941442374 0.02173150017959205 -0.014767752791893612 -0.022016564149713626 -0.013348915660298994 0.0015344180412658177 0.0041695952448336801 -0.0066329762762391041 0.025920321843286721 -0.0032531733725027806 -0.021002697282355591
leaf_weight=27.699617143720388 3.4693403914570791 3.3209650143980971 4.2029749527573577 6.7427816241979581 22.935614790767435 4.0940756201744071 9.1640773937106115 24.770246624946594 104.25951882079244 3.7451856434345245 4.7295090816915017 4.4694294184446335 4.7270694151520729 3.3819771632552147
leaf_count=140 20 16 21 36 124 20 51 146 544 20 26 22 29 21
internal_value=2.51338e-05 -0.0107539 0.000784316 -0.00040953 0.00507762 0.0160585 -0.0029144 -0.00294575 -0.00130767 -0.0226123 0.0189953 0.00896953 -0.0205036 -0.0317559
internal_weight=231.712 14.8994 216.813 203.411 63.8934 27.0297 36.8637 139.518 129.03 10.488 13.4019 9.19894 11.5784 6.85132
internal_count=1236 86 1150 1081 335 144 191 746 690 56 69 48 70 41
is_linear=0
shrinkage=0.03


Tree=201
num_leaves=10
num_cat=0
split_feature=80 80 70 17 113 292 291 308 112
split_gain=2.07262 3.9286 4.65163 3.77705 3.33429 3.50112 2.30123 1.54025 0.756099
threshold=20250918.500000004 20240213.500000004 20231022.000000004 19.440000000000001 0.18495000000000003 -6.1249999999999991 0.74499999999999933 0.066602150363914051 0.55415000000000014
decision_type=2 2 2 2 2 2 2 2 2
left_child=1 2 4 6 -1 -6 7 -3 -2
right_child=8 3 -4 -5 5 -7 -8 -9 -10
leaf_value=0.02570897048959922 -0.030744229523299096 0.027617634459320924 -0.02969632334954465 -0.017112826147478246 -0.016371745129281631 0.0002350851885128448 -0.0017969672787374752 0.0051062285026997499 -0.00027865294080789687
leaf_weight=4.2685814574360839 2.5529297161847349 11.894050821661954 4.8346946425735942 3.2701385952532283 12.068642016500233 182.52242085710168 4.3555167838931075 4.0640986766666165 1.2967190127819774
leaf_count=21 46 80 37 18 69 898 23 26 18
internal_value=2.31764e-05 0.000410376 -0.000920146 0.0119842 -0.000190885 -0.00078735 0.0168761 0.0221389 -0.0215086
internal_weight=231.128 227.278 203.694 23.5838 198.86 194.591 20.3137 15.9581 3.84965
internal_count=1236 1172 1025 147 988 967 129 106 64
is_linear=0
shrinkage=0.03


Tree=202
num_leaves=12
num_cat=0
split_feature=304 149 76 178 186 1 53 15 174 149 1
split_gain=2.0607 3.00904 2.72199 5.73121 6.39728 4.05999 3.79704 6.60482 5.26604 3.16511 1.01784
threshold=1.1552604006831293 10.895873353500003 10.430450000000002 1.4442598495500001 -0.11776535190000051 79.710000000000022 0.47699579831932776 16.560000000000006 4.8806815561000008 2.4933794332500003 67.065000000000012
decision_type=2 2 2 2 2 2 2 2 2 2 2
left_child=2 -2 5 4 9 6 7 -1 -8 -4 -3
right_child=1 10 3 -5 -6 -7 8 -9 -10 -11 -12
leaf_value=-0.011493269115305927 0.0065833597501883884 -0.03748027700562799 0.0053297600822766024 0.015277953541012116 0.012407964016956732 0.02471425584017355 0.0067733732084852864 0.0059564635777763549 -0.023966790145144693 -0.026195885418625161 -0.01062324239743825
leaf_weight=43.536101590842009 3.960991080850361 3.3782739266753197 3.1849134638905552 7.9243622943758956 6.4245544746518162 6.8049882426857939 94.422185502946377 35.003410737961531 5.1632809937000266 18.119805185124278 2.7821453474462032
leaf_count=235 25 24 16 39 37 37 482 177 32 113 19
internal_value=2.09665e-05 -0.0131341 0.000643857 -0.00691465 -0.0133967 0.00212026 0.00122688 -0.00368046 0.00512703 -0.02134 -0.0261938
internal_weight=230.705 10.1214 220.584 35.6536 27.7293 184.93 178.125 78.5395 99.5855 21.3047 6.16042
internal_count=1236 68 1168 205 166 963 926 412 514 129 43
is_linear=0
shrinkage=0.03


Tree=203
num_leaves=9
num_cat=0
split_feature=77 65 283 136 76 186 119 54
split_gain=2.01772 2.68957 2.94336 3.74628 3.65597 3.59189 3.23003 2.48119
threshold=12.460000000000003 3.3900000000000001 0.020417335756594719 1.2616916666666669 0.64980000000000004 -0.23553253645000008 5690.7500000000009 0.43970000000000004
decision_type=2 2 2 2 2 2 2 2
left_child=7 -2 5 -4 -5 6 -3 -1
right_child=1 2 3 4 -6 -7 -8 -9
leaf_value=0.024549240307607887 0.028246338399665467 -0.032658519490201342 -0.024372710550081941 0.022507842831169869 -6.5786559359995236e-05 0.0069507138661439229 0.0009119997059652944 -0.00229011338208868
leaf_weight=6.4276543222367746 2.7586215361952773 8.1041642408818024 5.4170900229364625 6.5796139910817137 186.65936450473964 5.2993926592171183 3.5055945627391329 5.519190214574337
leaf_count=36 16 55 31 33 985 30 21 29
internal_value=1.99637e-05 -0.00062622 -0.00102254 0 0.000698553 -0.0129999 -0.0223444 0.0119849
internal_weight=230.271 218.324 215.565 198.656 193.239 16.9092 11.6098 11.9468
internal_count=1236 1171 1155 1049 1018 106 76 65
is_linear=0
shrinkage=0.03


Tree=204
num_leaves=10
num_cat=0
split_feature=18 0 307 134 277 120 14 306 64
split_gain=2.02307 2.96481 2.5993 4.99672 3.32343 4.54999 3.74493 2.55943 2.52687
threshold=21.685000000000006 80.265000000000015 0.81179943076004091 2.7228335282651073 1.1549426717459508 11155.910000000002 23.175000000000004 0.79878474774902541 15.755000000000001
decision_type=2 2 2 2 2 2 2 2 2
left_child=1 2 3 8 6 -6 -4 -5 -1
right_child=-2 -3 4 7 5 -7 -8 -9 -10
leaf_value=0.003742384844813216 -0.017586292820344976 0.019496043155306099 -0.0044586299968999822 0.00022301386669240408 0.011799606972779417 -0.022140975939499093 0.013198096647055887 0.025279329359145581 -0.028141471447782212
leaf_weight=5.0100764036178607 5.6191194653511038 7.0474431477487078 147.44713338650763 5.5504177436232593 27.815286576747898 3.928783766925334 11.498639142140744 12.348782952874897 3.7284537255764008
leaf_count=26 33 37 793 32 149 23 59 59 25
internal_value=1.96502e-05 0.000481566 -0.000129916 0.00861489 -0.00137109 0.00744843 -0.00315493 0.0177206 -0.0096865
internal_weight=229.994 224.375 217.328 26.6377 190.69 31.7441 158.946 17.8992 8.73853
internal_count=1236 1203 1166 142 1024 172 852 91 51
is_linear=0
shrinkage=0.03


Tree=205
num_leaves=16
num_cat=0
split_feature=265 288 165 67 14 107 67 105 313 275 47 279 178 314 100
split_gain=2.01186 2.50153 4.55161 4.77581 6.84112 4.13695 3.97733 5.20931 4.98278 4.76589 4.58289 3.85084 4.55497 3.67339 2.20707
threshold=-4.4633185101721802 -0.37499999999999994 -0.21313016670000007 0.59975000000000012 22.275000000000002 0.013500000000000002 0.7672500000000001 0.41390000000000005 -0.15426033113474216 0.27708798402763152 0.22075275757470686 -1.1299713762288961 0.77862199770000018 0.23024714747249095 3187.4150000000004
decision_type=2 2 2 2 2 2 2 2 2 2 2 2 2 2 2
left_child=14 6 11 5 -5 -4 8 9 13 -8 -10 -3 -13 -2 -1
right_child=1 2 3 4 -6 -7 7 -9 10 -11 -12 12 -14 -15 -16
leaf_value=-0.035533839838573056 -0.0013033726836603162 0.017688905227610727 0.0077228624678153243 -0.014327771763705038 0.025540472788798604 0.027728148918335197 0.0028852710907743516 -0.017342040559791522 -0.0023685213235445286 0.031468782689188228 -0.017009972443466095 0.0037592923662407287 -0.018337551926251538 0.033794235350388176 -0.00085692797834580428
leaf_weight=2.8543042037636033 5.8701099008321744 6.126187313348054 27.006416894495487 13.781190788373353 5.2511997595429412 14.718623287975786 13.851690886542206 5.8404992036521426 53.212814891710877 8.6480925753712636 30.608509786427021 15.514339465647934 17.668589275330305 4.6050576865673065 4.1804710812866688
leaf_count=18 32 30 140 79 27 79 74 34 288 38 166 88 96 20 27
internal_value=1.95693e-05 0.000534748 0.00406342 0.00921856 -0.00309498 0.0149009 -0.00232102 0.00747271 -0.00530105 0.0140951 -0.00776469 -0.00383158 -0.00793601 0.0140161 -0.0156481
internal_weight=229.738 222.703 100.067 60.7574 19.0324 41.725 122.637 28.3403 94.2965 22.4998 83.8213 39.3091 33.1829 10.4752 7.03478
internal_count=1236 1191 539 325 106 219 652 146 506 112 454 214 184 52 45
is_linear=0
shrinkage=0.03


Tree=206
num_leaves=11
num_cat=0
split_feature=41 41 70 294 140 291 142 133 68 303
split_gain=1.97887 3.77991 4.38502 3.27835 3.44323 2.91448 1.91414 2.46025 1.18984 0.783081
threshold=20250918.500000004 20240213.500000004 20231022.000000004 9.8317436961736338 3.1143494560500002 1.8150000000000006 2.5564549087000006 40.527176063174103 0.66488921900768727 0.50105000000000011
decision_type=2 2 2 2 2 2 2 2 2 2
left_child=1 2 3 4 -1 6 8 -8 -3 -2
right_child=9 5 -4 -5 -6 -7 7 -9 -10 -11
leaf_value=0.025435345628852649 -0.030375467929822281 0.029469808980063131 -0.029230124665653393 -0.025401931597346002 -0.00025165446472000269 -0.011245343681384436 0.023485175792427114 -0.0095299012235074802 0.0039096882482654669 0
leaf_weight=4.7129867523908606 2.5556702259927984 9.0717070829123312 4.7049553953111163 4.4438647851347914 188.37605375982821 3.8753070048987857 3.4947589561343184 4.4420628175139427 2.3798314258456221 1.2021199427545068
leaf_count=24 50 68 37 25 939 19 23 24 13 14
internal_value=1.95096e-05 0.000396872 -0.000908793 -0.00020459 0.000372636 0.0118311 0.0166316 0.00474543 0.0244975 -0.0212713
internal_weight=229.259 225.502 202.238 197.533 193.089 23.2637 19.3884 7.93682 11.4515 3.75779
internal_count=1236 1172 1025 988 963 147 128 47 81 64
is_linear=0
shrinkage=0.03


Tree=207
num_leaves=6
num_cat=0
split_feature=293 18 293 0 314
split_gain=1.9754 2.1913 2.74468 2.71014 2.50711
threshold=-7.6899999999999986 21.685000000000006 -7.0599999999999996 81.015000000000015 0.29199464751051613
decision_type=2 2 2 2 2
left_child=-1 2 -2 4 -4
right_child=1 -3 3 -5 -6
leaf_value=0.022881313485290638 -0.029395433306389235 -0.019011405464244426 -0.0014918253134456121 0.022823935674466594 0.0069753705222591932
leaf_weight=3.2546964287757865 2.6913713738322249 5.4034364446997634 174.50404713302851 4.7026697769761077 38.289988437667489
leaf_count=16 15 32 941 25 207
internal_value=1.74701e-05 -0.000309095 0.000144665 0.000537331 2.02244e-05
internal_weight=228.846 225.592 220.188 217.497 212.794
internal_count=1236 1220 1188 1173 1148
is_linear=0
shrinkage=0.03


Tree=208
num_leaves=14
num_cat=0
split_feature=61 132 282 174 186 135 61 102 301 292 70 296 51
split_gain=1.96012 2.79215 5.44621 4.22033 4.74809 6.18973 3.94805 5.36847 5.02422 3.47301 2.79921 2.51595 2.67244
threshold=4.9365000000000014 45.768200000000007 1.1642604215344992 5.4478269323000008 -12.703956546849943 3.8698000000000006 14.640708333333334 0.055275000000000012 1.0916944696884818 -1.3749999999999998 20220303.500000004 1.1354184646078094 0.089016664112328461
decision_type=2 2 2 2 2 2 2 2 2 2 2 2 2
left_child=11 3 -3 4 10 -6 7 -4 -8 -5 -2 12 -1
right_child=1 2 6 9 5 -7 8 -9 -10 -11 -12 -13 -14
leaf_value=0.020567835853580383 0.030537915672353113 -0.025665204849253331 0.03179357269319804 -0.03706790937536282 -0.0013486233987088001 -0.024666209641269966 0.0072528447590469725 0.0027943177682810652 -0.013684720605990195 -0.0012095592987155345 0.0030443380844594704 0.035861044132963753 -0.014387663842105197
leaf_weight=3.8521068319678289 5.7950045242905608 5.1004278473556033 10.676927447319033 5.6844040378928185 103.63426304236054 11.32173679769039 35.832574212923646 12.891028504818676 14.335640581324695 4.5132157802581769 8.3682340905070287 2.9229927435517311 3.7646184023469687
leaf_count=25 25 33 48 32 556 59 197 69 82 25 44 17 24
internal_value=1.66134e-05 -0.000583221 0.00390863 -0.00314757 -0.00164703 -0.00369063 0.00602691 0.0161373 0.0011949 -0.0216551 0.0146391 0.0126029 0.00293952
internal_weight=228.693 218.153 78.8366 139.317 129.119 114.956 73.7362 23.568 50.1682 10.1976 14.1632 10.5397 7.61673
internal_count=1236 1170 429 741 684 615 396 117 279 57 69 66 49
is_linear=0
shrinkage=0.03


Tree=209
num_leaves=15
num_cat=0
split_feature=13 303 14 300 319 319 145 14 15 295 105 183 294 319
split_gain=1.96599 4.93845 4.71201 2.81875 2.5423 6.03185 4.51586 5.68953 4.20679 4.10005 3.8858 2.35821 2.15543 1.33984
threshold=24.975000000000005 0.71665791548086555 23.175000000000004 0.82968294083030503 1.131391705656321 1.0030076477408703 2.8060220030500003 18.525000000000002 19.440000000000001 2.5320966919940702 0.29815000000000008 0.24203868265 1.3992431485931858 0.78299791781376304
decision_type=2 2 2 2 2 2 2 2 2 2 2 2 2 2
left_child=2 12 4 -4 5 9 7 -6 -7 -1 -8 -5 13 -2
right_child=1 -3 3 11 6 8 10 -9 -10 -11 -12 -13 -14 -15
leaf_value=0.0024177567773466494 -0.0097039656840056075 0.021072212747118138 0.038896430197988399 0.024585261202852617 0.0043580409740202669 -0.020033239364418372 0.015237684982024808 0.035235542301875103 0.010120897703417156 -0.014683905631681839 -0.019094045093550841 -0.0055081521754437235 0 -0.037407418289038923
leaf_weight=119.55341724865139 2.8291814327239972 3.2575228139758101 4.0346600338816634 4.1856043711304647 18.228958275169138 23.15727345272899 4.2600288279354563 7.7097626253962508 4.8636922203004351 13.988822702318428 8.8580857012420875 4.8455320708453655 3.2528028581291428 5.2384271547198296
leaf_count=607 17 16 21 21 105 146 22 41 24 89 47 27 19 34
internal_value=1.60708e-05 -0.0105913 0.000758367 0.018149 -0.000367763 -0.00204294 0.00647269 0.013751 -0.0146752 0.000594228 -0.00768713 0.00822701 -0.0200701 -0.0282973
internal_weight=228.264 14.5779 213.686 13.0658 200.62 161.563 39.0568 25.9387 28.021 133.542 13.1181 9.03114 11.3204 8.06761
internal_count=1236 86 1150 69 1081 866 215 146 170 696 69 48 70 51
is_linear=0
shrinkage=0.03


Tree=210
num_leaves=15
num_cat=0
split_feature=46 307 46 158 43 304 17 46 55 159 178 39 277 287
split_gain=1.95165 2.88486 2.7319 4.28412 4.67079 3.88131 4.64167 3.57768 4.26637 4.25809 4.24277 3.15606 3.04324 0.958284
threshold=0.23515000000000003 0.90103406162565369 0.34590000000000004 15.400732480450001 -0.6580999999999998 1.0362951323316025 16.440000000000001 0.40585000000000004 0.39630000000000004 0.36125177285000004 7.2460750608000017 -0.03984999999999999 -0.27465487225346791 -4.4449999999999958
decision_type=2 2 2 2 2 2 2 2 2 2 2 2 2 2
left_child=1 -1 3 5 -5 6 -2 8 9 -4 11 -9 -6 -3
right_child=2 13 7 4 12 -7 -8 10 -10 -11 -12 -13 -14 -15
leaf_value=-0.0076510934921497483 0.021284193183804 0.011280546571817684 -0.010941872592576585 0.011712263756394892 0 -0.023631767458362117 -0.010103145589119612 -0.0046227396298887157 -0.015602883255886537 0.018679537514345333 0.024518708452613096 0.0065875077818231993 -0.030983777174151791 0.035681623240353226
leaf_weight=3.8609438054263574 10.133143205195671 3.531954862177372 5.0489494279027012 3.873653411865237 3.7511153295636239 4.1625783592462531 7.0141624845564357 105.18345490843058 5.0443510338664046 25.803653113543987 5.4588070586323729 28.516339870169759 12.948254335671658 3.3915773779153824
leaf_count=21 46 21 28 22 22 22 44 583 30 122 24 159 73 19
internal_value=1.69779e-05 0.012426 -0.000591518 -0.00747332 -0.017218 0.00183077 0.00828702 0.00104119 0.00948031 0.0137155 -0.00111945 -0.00220619 -0.0241371 0.0239987
internal_weight=227.723 10.7845 216.938 41.8829 20.573 21.3099 17.1473 175.056 35.897 30.8526 139.159 133.7 16.6994 6.92353
internal_count=1236 61 1175 229 117 112 90 946 180 150 766 742 95 40
is_linear=0
shrinkage=0.03


Tree=211
num_leaves=11
num_cat=0
split_feature=112 130 266 149 4 68 307 101 299 300
split_gain=1.98408 2.99584 2.46475 3.17979 2.65361 4.57277 4.1592 2.42934 2.09466 1.82005
threshold=0.56250000000000011 8.5000000000000018 1.8775807951142154 2.4062547741000002 65.390000000000015 0.46385000000000004 0.85180486083528584 0.21505000000000005 0.98808451783060658 0.98224419669371865
decision_type=2 2 2 2 2 2 2 2 2 2
left_child=2 -2 3 -1 6 -6 -5 -3 -9 -10
right_child=1 7 -4 4 5 -7 -8 8 9 -11
leaf_value=0.025306220760112887 0.029851494064100988 0.023316209413332286 -0.025528653941551644 0.0063412055331910173 0.012265329067568317 -0.0042643871729567675 -0.0060382009253968812 0.015772152528290818 -0.028359333471437605 -2.4262468938550964e-05
leaf_weight=4.1316228285431853 4.6586124151945141 3.7340862229466429 3.4837603624910107 31.236742906272411 31.135811792686582 28.663170283660293 108.22714520804584 3.2741027846932402 3.4775277152657491 5.2494011912494898
leaf_count=20 26 23 24 164 157 153 599 18 20 32
internal_value=1.64862e-05 0.00893341 -0.000851927 -0.000402182 -0.000962707 0.00429824 -0.00324144 0.00240144 -0.00399712 -0.0118485
internal_weight=227.272 20.3937 206.878 203.394 199.263 59.799 139.464 15.7351 12.001 8.72693
internal_count=1236 119 1117 1093 1073 310 763 93 70 52
is_linear=0
shrinkage=0.03


Tree=212
num_leaves=15
num_cat=0
split_feature=77 132 118 78 282 172 137 138 131 2 78 116 110 117
split_gain=1.93239 2.71505 5.05762 4.8103 5.61138 5.63914 4.32851 4.10818 4.0085 3.84802 3.46338 2.39997 2.15133 0.901988
threshold=12.460000000000003 45.768200000000007 1599.6050000000002 2.8950000000000005 11.117907516186728 4.9660167319500008 1.4898250000000004 76.745266220869581 56.039828571428579 68.865000000000009 2.1950000000000007 0.46600000000000008 0.10615000000000001 2670.9100000000003
decision_type=2 2 2 2 2 2 2 2 2 2 2 2 2 2
left_child=11 3 -3 6 5 -5 10 12 -9 -8 -2 -1 -4 -13
right_child=1 2 7 4 -6 -7 9 8 -10 -11 -12 13 -14 -15
leaf_value=-0.0041393148078633134 -0.023512856943389209 -0.022380303164024493 0.032571034206175985 -0.01822867655165428 0.020349230915125072 0.01323445096957453 -0.00070997756116077072 0.029227169244956091 0.00053854606645290643 0.014002376916334129 0.0034579830594855302 0.032455371855218955 0.0053344386363124085 0.0086597037604915737
leaf_weight=4.7085536867380124 10.204929416999223 5.9962344020605078 7.103969242423771 38.45444754883647 4.564692646265029 5.7264683954417697 45.957243463024497 4.6744632571935645 56.758459262549877 24.155281046405435 6.9997132979333392 3.9957959800958633 4.624395951628685 2.9952820707112551
leaf_count=25 61 32 35 219 23 26 248 22 317 124 36 21 28 19
internal_value=1.68425e-05 -0.000617717 0.00377973 -0.00319896 -0.0107433 -0.0140622 0.000985897 0.00599236 0.00281418 0.00432874 -0.0124098 0.0118504 0.0222214 0.0229492
internal_weight=226.92 215.22 79.1575 136.063 48.7456 44.1809 87.3172 73.1613 61.4329 70.1125 17.2046 11.6996 11.7284 6.99108
internal_count=1236 1171 434 737 268 245 469 402 339 372 97 65 63 40
is_linear=0
shrinkage=0.03


Tree=213
num_leaves=19
num_cat=0
split_feature=112 180 101 101 0 136 174 174 52 285 318 54 277 106 278 12 2 41
split_gain=1.92251 3.24903 3.4298 4.5407 4.38919 3.17944 6.23978 4.22911 5.93165 4.84026 5.02253 4.76491 4.05657 4.12994 3.78647 2.57112 3.18109 1.90016
threshold=0.54585000000000006 0.057372133524000009 0.45765000000000006 0.21400000000000005 67.790000000000006 2.8668777777777783 0.68102485835000004 0.17624236210000002 0.11260000000000002 5.9850000000000003 -0.12223217400363483 0.47770000000000007 0.36080168554008391 0.27290000000000009 0.79367795322532764 20.625000000000004 62.225000000000001 20210914.500000004
decision_type=2 2 2 2 2 2 2 2 2 2 2 2 2 2 2 2 2 2
left_child=5 -2 3 -3 -5 6 12 9 14 10 -7 -10 13 -1 -9 16 -8 -14
right_child=1 2 -4 4 -6 7 15 8 11 -11 -12 -13 17 -15 -16 -17 -18 -19
leaf_value=0.011909005479281342 0.026181723289475285 0.021367374286322131 0.025987672770856292 -0.01865753785054609 0.0078758108452128932 0.010547952460201574 0.0025913166345866039 0.014525220064197604 -0.031892147757595739 0.016550602510418982 -0.01314114719873706 0.00096996554230023872 0.04008139245122757 -0.013559983258153977 -0.012914528925398202 0.0039421988580695009 -0.032252624001276931 0.014554654965828071
leaf_weight=20.213271971791986 6.0233553666621438 5.9914531819522407 4.62330637872219 13.521434901282193 9.2755035758018476 8.9640537612140161 3.3790685161948222 28.603195302188396 6.3302643969655064 6.4378395527601233 65.5306686013937 9.9306322894990426 4.9929564073681814 7.8036416452378026 5.178235560655593 6.1424411665648213 6.6149033382534981 6.9604807496070862
leaf_count=103 32 37 27 80 54 46 23 138 35 33 363 61 21 39 29 35 38 42
internal_value=1.92683e-05 0.00604333 0.00225603 -0.0015281 -0.00774351 -0.00123707 0.00470912 -0.00380882 0.00299964 -0.00805417 -0.0102401 -0.0117564 0.0110963 0.00468535 0.0102048 -0.0108983 -0.0202654 0.0257101
internal_weight=226.517 39.4351 33.4117 28.7884 22.7969 187.082 56.1068 130.975 50.0423 80.9326 74.4947 16.2609 39.9704 28.0169 33.7814 16.1364 9.99397 11.9534
internal_count=1236 230 198 171 134 1006 301 705 263 442 409 96 205 142 167 96 61 63
is_linear=0
shrinkage=0.03


Tree=214
num_leaves=20
num_cat=0
split_feature=102 140 296 111 314 185 174 300 289 17 296 59 51 306 269 54 10 301 265
split_gain=1.91074 5.23508 3.28453 4.23262 4.25218 3.7353 3.60268 3.54737 3.41124 3.20915 3.19163 5.07511 3.86845 3.98155 3.20364 3.16832 2.09624 2.09068 0.537272
threshold=-0.49814999999999993 8.9832935419500028 0.44204527219106965 -0.15784999999999996 0.15222783793632869 0.52632120885 -0.84977068619999996 1.2832328785408793 -1.1249999999999998 15.06 0.41513904293286574 12.765000000000002 0.23455000000000004 1.0190472737265559 0.042398585535656681 0.58211774076405942 24.075000000000003 1.1926327247742889 -0.48990453037226211
decision_type=2 2 2 2 2 2 2 2 2 2 2 2 2 2 2 2 2 2 2
left_child=1 16 5 -4 9 7 -7 17 -8 -5 11 -3 13 -12 -14 -6 18 -2 -1
right_child=2 10 3 4 15 6 8 -9 -10 -11 12 -13 14 -15 -16 -17 -18 -19 -20
leaf_value=-0.017099298618824785 0.027305155005752011 0.010534241476821743 0.02100732430670094 0 0.0029221761746547827 -0.027675150767009094 -0.011482818159342609 -0.0058183139947780337 0.027243721079441806 -0.031721814519453502 0.0047380162130115401 -0.034695815494528881 0.015345473927588924 0.035865868865063974 -0.016262533075998637 -0.0085081270041955353 -0.0012746992026859919 0.0035062965734725762 -0.03753233572139722
leaf_weight=2.6861301623284817 15.158505391329532 3.5906628444790822 7.6039469484239808 4.9499860480427724 82.963142774999142 3.8549680300056934 4.0259693972766399 5.0066923573613158 3.8625073693692666 7.0183321610093117 17.790732914581898 5.3338014967739582 3.7071691974997512 4.6963658444583407 11.133794492110608 29.497809618711472 3.1355356574058533 4.6740242987871161 5.2412753961980325
leaf_count=17 81 18 38 29 424 20 24 29 21 49 99 32 20 23 69 164 19 24 36
internal_value=2.22622e-05 -0.00469146 0.00164415 -0.000540286 -0.00189698 0.00958992 -0.00412706 0.0161859 0.00720734 -0.0188205 -0.000175321 -0.0162505 0.00362095 0.0115018 -0.00811642 -5.41643e-05 -0.0231333 0.0218926 -0.0312818
internal_weight=225.931 57.3155 168.616 132.033 124.429 36.5827 11.7434 24.8392 7.88848 11.9683 46.2525 8.92446 37.3281 22.4871 14.841 112.461 11.0629 19.8325 7.92741
internal_count=1236 333 903 704 666 199 65 134 45 78 261 50 211 122 89 588 72 105 53
is_linear=0
shrinkage=0.03


Tree=215
num_leaves=12
num_cat=0
split_feature=13 303 14 186 306 306 74 298 183 297 130
split_gain=1.89204 4.64832 4.37314 2.66828 2.68258 4.82726 4.52072 2.50314 2.49657 2.06819 0.401517
threshold=24.975000000000005 0.71665791548086555 23.175000000000004 10.598470880400006 0.94168338027476872 0.96192645883293382 150.83275000000003 1.3547978301927937 0.33329480314999999 1.1353216475713481 13.500000000000002
decision_type=2 2 2 2 2 2 2 2 2 2 2
left_child=2 9 3 4 6 -6 -1 -4 -9 10 -2
right_child=1 -3 7 -5 5 -7 -8 8 -10 -11 -12
leaf_value=0.0014729086822821195 -0.039336447344971812 0.020373565141357377 0.034397846944077881 0.022715693248273192 -0.023330608130165929 -0.0016209350088673457 0.028349484865341341 0.022458428444398319 -0.010674044146055354 -0.0034084961473066088 -0.019951413623548783
leaf_weight=54.859383799135685 3.2742977589368802 3.2174611762166014 4.9214651063084585 4.309331487864255 9.9165501520037633 122.83022602461278 6.22291843779385 4.1765215322375298 3.707653172314167 4.5552923940122128 3.260594330728054
leaf_count=295 20 16 28 22 55 675 34 21 20 29 21
internal_value=1.98645e-05 -0.0104847 0.000751203 -0.000335916 -0.000875333 -0.00328163 0.00430192 0.0176767 0.00656309 -0.0198075 -0.0305629
internal_weight=225.252 14.3076 210.944 198.138 193.829 132.747 61.0823 12.8056 7.88417 11.0902 6.53489
internal_count=1236 86 1150 1081 1059 730 329 69 41 70 41
is_linear=0
shrinkage=0.03


Tree=216
num_leaves=18
num_cat=0
split_feature=314 106 69 278 139 287 165 118 298 282 156 291 106 300 268 282 159
split_gain=1.87945 3.54718 4.93103 5.28105 4.64695 4.21731 4.05024 4.00961 3.64369 3.40605 3.06301 3.8503 3.6653 2.92915 1.85811 1.75623 0.628674
threshold=0.29199464751051613 -0.13174999999999998 332.50000000000006 0.18316149966635212 56.179411500000008 1.8899999999999972 -10.550822932799997 5122.7800000000007 3.0449258035981859 5.7298873398128309 0.73478823860000009 -4.8749999999999991 0.046650000000000004 1.7588805162710546 0.78469254566838409 3.8014137419415786 0.8367243791500002
decision_type=2 2 2 2 2 2 2 2 2 2 2 2 2 2 2 2 2
left_child=1 2 5 14 -5 7 -3 -1 9 -8 11 -2 16 -14 -4 -10 -13
right_child=10 6 3 4 -6 -7 8 -9 15 -11 -12 12 13 -15 -16 -17 -18
leaf_value=-0.0032640805249099921 -0.014507654247164773 0.026653184939344918 -0.032533197818482497 0.01090278899231146 -0.018458651344831371 -0.023963099902660111 0.0049364762244132922 0.020106997526728357 -0.032233876391666125 -0.0079655159190808802 -0.012259867193375898 0.017014741033323285 0.013639091830402707 -0.012418796048249451 -0.0068414611781384277 -0.0015911830081625101 0.035422644941924313
leaf_weight=15.354350356385117 4.8151463605463496 5.5509274378418914 12.57028901576996 9.6126745808869618 9.498350150883196 4.6981178764253846 82.31490009278059 11.245064951479433 4.183705596253275 23.495880965143442 6.6694499477744094 3.8846426680684107 12.880160644650461 5.3444739244878283 3.6387163251638404 3.1465951316058636 6.0138275101780891
leaf_count=89 26 28 81 49 61 27 431 57 29 128 38 24 71 30 19 18 30
internal_value=1.94509e-05 -0.00123571 -0.00678034 -0.0144568 -0.00355407 0.00180566 0.00185412 0.00654213 0.000588474 0.00203837 0.00595576 0.00976087 0.014059 0.00580769 -0.027027 -0.0196824 0.028741
internal_weight=224.917 185.31 66.6176 35.32 19.111 31.2975 118.692 26.5994 113.141 105.811 39.6077 32.9383 28.1231 18.2246 16.209 7.3303 9.89847
internal_count=1236 1017 383 210 110 173 634 146 606 559 219 181 155 101 100 47 54
is_linear=0
shrinkage=0.03


Tree=217
num_leaves=9
num_cat=0
split_feature=311 110 177 304 132 76 76 156
split_gain=1.84676 2.4662 3.81232 2.68297 3.20014 2.98439 1.8994 1.76997
threshold=0.30622850432010745 0.9769000000000001 1.0804723236000002 1.1552604006831293 101.86380000000001 10.192100000000002 5.0321500000000006 -0.67575562784999976
decision_type=2 2 2 2 2 2 2 2
left_child=1 3 -3 4 5 -1 -5 -2
right_child=7 2 -4 6 -6 -7 -8 -9
leaf_value=0.0013628109637355873 0.00059579718413183458 -0.0013831436015898989 0.033104495283909116 -0.031186407522328798 0.026727510567995896 -0.0089269565879875491 0 -0.034246548668422333
leaf_weight=167.25402041897178 2.1975569017231464 6.1569918990135175 5.0676472075283527 4.1334772016853085 3.9565215781331053 29.785641202703118 3.1174466423690319 2.6389075797051182
leaf_count=881 18 34 26 33 25 174 19 26
internal_value=1.62596e-05 0.00043757 0.0140771 -0.000289613 0.000346624 -0.000181171 -0.0180991 -0.0181161
internal_weight=224.308 219.472 11.2246 208.247 200.996 197.04 7.25092 4.83646
internal_count=1236 1192 60 1132 1080 1055 52 44
is_linear=0
shrinkage=0.03


Tree=218
num_leaves=14
num_cat=0
split_feature=283 303 75 295 154 300 139 50 106 314 172 76 139
split_gain=1.84498 2.59815 3.38212 2.71341 2.53613 2.79724 4.36568 4.52894 3.40995 7.98794 3.78332 1.82112 1.26895
threshold=0.018137056739739459 -0.0041499999999999948 2.3844000000000003 0.9587770897832818 0.16614813275000004 0.32607483162703127 55.96680712500001 0.44385000000000002 -0.10279999999999999 0.2940517751148885 1.4503560905000004 5.9726500000000007 38.165626257500001
decision_type=2 2 2 2 2 2 2 2 2 2 2 2 2
left_child=1 2 -1 -3 11 6 12 -8 9 -7 -10 -2 -6
right_child=4 3 -4 -5 5 8 7 -9 10 -11 -12 -13 -14
leaf_value=0.0034583882016185835 0.032273227422311666 -0.018949340814093579 -0.036569085253967376 0.01438531994111842 0.010388136869650264 -0.011608150656445514 -0.01469106517892714 0.016130991747385515 -0.0023822423489393714 0.017374719681954816 0.0090145296949496571 0.0019996684016637457 0.034604372001564312
leaf_weight=2.7873944602906731 3.7758205309510222 3.472125791013239 5.0302086137235165 5.5642476417124271 3.7601257637143153 52.211809884756804 8.8348176423460263 8.1536263152956945 69.001834714785218 10.070460790768264 41.917646516114473 3.7678638473153114 5.6733952723443508
leaf_count=19 18 19 37 35 21 305 48 41 375 54 214 24 26
internal_value=1.50362e-05 -0.00948619 -0.0220548 0.00118128 0.000806681 0.000142091 0.00922863 0 -0.00123128 -0.00685346 0.00190194 0.0177689 0.0254769
internal_weight=224.021 16.854 7.8176 9.03637 207.167 199.624 26.422 16.9884 173.202 62.2823 110.919 7.54368 9.43352
internal_count=1236 110 56 54 1126 1084 136 89 948 359 589 42 47
is_linear=0
shrinkage=0.03


Tree=219
num_leaves=11
num_cat=0
split_feature=181 172 3 139 103 66 113 47 319 302
split_gain=1.82012 2.51495 3.13075 2.48281 5.03052 4.06673 4.71474 3.75254 3.49022 3.2747
threshold=0.034288336900000008 0.085360947800000017 71.790000000000006 58.552659755000008 -0.035549999999999991 7.6850000000000014 0.34900000000000003 0.35275000000000006 0.887610798344313 0.77600830079880367
decision_type=2 2 2 2 2 2 2 2 2 2
left_child=-1 2 -2 5 9 7 -7 -3 -6 -5
right_child=1 3 -4 4 8 6 -8 -9 -10 -11
leaf_value=-0.016333788046120928 0.029884401624961646 0.01188953740782508 -0.0052417251828080456 -0.032350685777925353 0.0062195320345055953 -0.031684429396208601 0.012476830728002384 -0.0020101933717485178 -0.0052188525750848534 -0.0080812851011026407
leaf_weight=5.8542113751173011 5.5235415846109372 43.27706122584641 3.5866893418133259 6.3697636313736465 49.027299042791128 5.6140004079788905 3.3241715878248215 28.690302416682243 46.748222835361958 25.522497763857245
leaf_count=35 30 224 22 40 255 36 17 154 262 161
internal_value=1.65655e-05 0.000477352 0.0158228 -0.000185803 -0.00280438 0.0039076 -0.0149723 0.00631158 0.000605523 -0.0131083
internal_weight=223.538 217.684 9.11023 208.573 127.668 80.9055 8.93817 71.9674 95.7755 31.8923
internal_count=1236 1201 52 1149 718 431 53 378 517 201
is_linear=0
shrinkage=0.03


Tree=220
num_leaves=8
num_cat=0
split_feature=48 288 181 264 172 46 267
split_gain=1.85526 2.68778 2.50256 2.62474 2.50262 2.86502 2.83621
threshold=-0.26059999999999994 -1.4250000000000005 0.034288336900000008 -0.90841355905861365 0.085360947800000017 0.63675000000000015 -0.37765804751115495
decision_type=2 2 2 2 2 2 2
left_child=1 -1 -2 -4 6 -6 -5
right_child=2 -3 3 4 5 -7 -8
leaf_value=-0.0050271704675951467 -0.021763272431621367 0.030318944376390912 -0.024271709520049766 0.032858792123817336 0.0011211316833694398 -0.009860528773611198 -0.00062406980933970213
leaf_weight=3.2487992793321609 4.7621112801134577 4.2009117901325217 3.8330944981425992 4.3824281617999077 174.19562845677137 24.25694989040494 4.2727405577898008
leaf_count=18 30 27 27 22 936 149 27
internal_value=1.37959e-05 0.0146448 -0.000484165 0 0.000467136 -0.000210343 0.0161685
internal_weight=223.153 7.44971 215.703 210.941 207.108 198.453 8.65517
internal_count=1236 45 1191 1161 1134 1085 49
is_linear=0
shrinkage=0.03


Tree=221
num_leaves=13
num_cat=0
split_feature=285 132 319 282 179 319 55 289 131 22 319 0
split_gain=1.80183 2.27066 3.27837 5.29223 5.22973 4.65972 5.77218 4.41029 4.15138 2.94832 3.01936 1.79769
threshold=-14.209999999999999 17.109225000000002 0.87936640507688779 5.8559620816512323 4.8914909462500011 1.1118182608657612 -0.31404999999999994 -3.5999999999999983 44.427336363636364 -0.78999999999999992 0.89020404624038363 71.500000000000014
decision_type=2 2 2 2 2 2 2 2 2 2 2 2
left_child=11 9 3 4 -3 6 -4 -7 -5 -2 -11 -1
right_child=1 2 5 8 -6 7 -8 -9 -10 10 -12 -13
leaf_value=-0.030531127089342264 -0.014275541205789654 0.0048598695550846772 0.015078070611729917 -0.030819554549891177 0.030535251499519231 0.024850839092580818 -0.011897506959789939 -0.00051126597360335896 -0.0012096333322862457 0.00017369246279620105 0.032813891285736176 0.00025139482782803117
leaf_weight=3.3191835284233084 2.7785927057266226 63.454552575945854 7.9240737147629252 5.6121321283280876 8.0454523339867574 7.4404657445847979 59.911828656680882 32.799066111445427 17.754448484629393 4.565841216593979 6.273350615054369 3.0297151766717434
leaf_count=23 16 328 42 32 38 41 355 186 100 25 33 17
internal_value=1.23643e-05 0.000490917 -0.00029299 0.00375866 0.00782947 -0.00387738 -0.00868471 0.00415391 -0.00855015 0.0123089 0.0194662 -0.0156003
internal_weight=222.909 216.56 202.942 94.8666 71.5 108.075 67.8359 40.2395 23.3666 13.6178 10.8392 6.3489
internal_count=1236 1196 1122 498 366 624 397 227 132 74 58 40
is_linear=0
shrinkage=0.03


Tree=222
num_leaves=16
num_cat=0
split_feature=61 132 118 138 112 137 137 280 138 266 266 141 66 135 133
split_gain=1.80519 2.52906 4.75082 3.94829 3.64317 3.33661 5.22485 4.78609 4.0608 3.37106 5.56947 5.01899 3.29215 2.0524 0.485926
threshold=4.9365000000000014 45.768200000000007 1599.6050000000002 76.745266220869581 0.53750000000000009 2.6964500000000005 1.7832250000000001 0.11212198002473558 384.80570671125008 0.35184585556672182 0.64683958604783021 0.90507122225000014 3.5350000000000006 2.0531250000000005 27.379436382968862
decision_type=2 2 2 2 2 2 2 2 2 2 2 2 2 2 2
left_child=13 5 -3 12 -5 6 8 -8 -2 11 -11 -7 -4 14 -1
right_child=1 2 3 4 -6 9 7 -9 -10 10 -12 -13 -14 -15 -16
leaf_value=0.034194710605527798 -0.010878874553091901 -0.021817105740727517 0.033993833717712141 -0.0023031463926970136 0.013297993394489704 0.0014191648901022377 0.013415346036215964 -0.019737831697062991 0.018723236590480322 0.017581744858796256 -0.014819580872000006 -0.019562828926590631 -0.0004402593354996306 -0.0019653728750737946 0.013149392268320688
leaf_weight=2.7355560660362226 30.463367087766528 5.8773047514259806 7.288171745836733 39.883990455418825 20.061649560928345 15.154414946213363 32.090401992201805 4.3062334544956675 4.6741613410413256 10.204168554395439 8.748927881009875 30.016515070572495 3.5154688395559788 4.5846904292702675 2.8329758457839489
leaf_count=19 170 32 38 219 119 81 169 26 25 51 55 164 21 26 21
internal_value=1.24698e-05 -0.000567582 0.00376888 0.00596451 0.00288148 -0.00304011 0.00137879 0.00936733 -0.00681396 -0.00801083 0.00246825 -0.0124697 0.0226127 0.0123201 0.0244381
internal_weight=222.438 212.285 76.6266 70.7493 59.9456 135.658 71.5342 36.3966 35.1375 64.124 18.9531 45.1709 10.8036 10.1532 5.56853
internal_count=1236 1170 429 397 338 741 390 195 195 351 106 245 59 66 40
is_linear=0
shrinkage=0.03


Tree=223
num_leaves=10
num_cat=0
split_feature=41 41 70 17 294 140 22 262 3
split_gain=1.78954 3.68914 4.03053 3.61656 2.9733 3.23103 2.36495 1.9269 0.75049
threshold=20250918.500000004 20240213.500000004 20231022.000000004 19.560000000000006 9.8317436961736338 3.1143494560500002 -1.2399999999999998 0.24483549392908902 59.910000000000004
decision_type=2 2 2 2 2 2 2 2 2
left_child=1 2 4 6 5 -1 -3 -8 -2
right_child=8 3 -4 -5 -6 -7 7 -9 -10
leaf_value=0.025060885498337307 0 -0.0023386327190904172 -0.028717954825958111 -0.017853949806980858 -0.024736619477092874 -0.0003098546468555487 0.0276734476077359 0.00055417489057542509 -0.030378314093510803
leaf_weight=4.5292691588401786 1.2180641796439879 4.3001731112599417 4.4917214699089518 3.0118928886950007 4.2655469551682463 182.53887258470058 12.017353141680358 3.2159920930862436 2.3439417229965329
leaf_count=24 19 28 37 17 25 939 85 17 45
internal_value=1.27057e-05 0.00037481 -0.000936232 0.0118486 -0.0002537 0.000301451 0.0166489 0.0221848 -0.0207711
internal_weight=221.933 218.371 195.825 22.5454 191.334 187.068 19.5335 15.2333 3.56201
internal_count=1236 1172 1025 147 988 963 130 102 64
is_linear=0
shrinkage=0.03


Tree=224
num_leaves=17
num_cat=0
split_feature=265 288 69 133 178 296 67 105 313 303 275 151 314 275 295 50
split_gain=1.79436 2.23059 3.89218 5.47793 4.78186 3.9668 3.69774 4.67152 4.37551 4.26819 4.20356 3.56869 3.37216 3.21079 1.56892 1.04226
threshold=-4.4633185101721802 -0.37499999999999994 331.50000000000006 25.260448647346212 0.48143154515000003 0.48912744878602243 0.7672500000000001 0.41390000000000005 -0.15426033113474216 -0.16719999999999999 0.27708798402763152 0.44126832650000009 0.23024714747249095 -0.1971410252845425 1.2665333740333742 0.55310000000000015
decision_type=2 2 2 2 2 2 2 2 2 2 2 2 2 2 2 2
left_child=14 6 3 15 11 -6 8 10 12 -10 -8 -4 -2 -5 -1 -3
right_child=1 2 4 13 5 -7 7 -9 9 -11 -12 -13 -14 -15 -16 -17
leaf_value=0 -0.0016710162563583269 0.036763922015326259 -0.0013326997283403942 -0.018188966131391027 0.010777598943069582 -0.0096634956980757407 0.0029427953808377053 -0.016660955020907146 0.0013035207721526427 -0.0128482888409077 0.030148452351219025 0.027207981596945929 0.032525926539797294 0.0096041094807980676 -0.028258880066267915 0.014639784636919949
leaf_weight=3.0403027832508078 5.6679180264472944 7.1284767426550371 6.9903161190450183 4.6394894346594837 10.83077686652541 37.679044134914875 13.475786499679094 5.6075806617736808 30.235504545271397 50.626363712362945 8.4501908719539625 8.3881075680255872 4.445294052362442 17.088407885283232 3.6226430367678404 3.6204930171370506
leaf_count=19 32 36 45 26 56 213 74 34 175 279 38 41 20 102 26 20
internal_value=9.94055e-06 0.000502116 0.00390102 0.0123427 -0.000355926 -0.00502512 -0.00223736 0.00733282 -0.00517158 -0.00752458 0.0136532 0.0141161 0.0132379 0.00347596 -0.0151914 0.0297922
internal_weight=221.537 214.874 96.3651 32.4769 63.8882 48.5098 118.509 27.5336 90.9751 80.8619 21.926 15.3784 10.1132 21.7279 6.66295 10.749
internal_count=1236 1191 539 184 355 269 652 146 506 454 112 86 52 128 45 56
is_linear=0
shrinkage=0.03


Tree=225
num_leaves=15
num_cat=0
split_feature=305 54 176 138 285 283 102 0 272 50 131 105 62 135
split_gain=1.75904 2.25707 4.13446 3.39996 3.81238 4.35379 3.45553 3.4566 3.00339 3.70484 2.99824 2.73921 2.73049 1.12938
threshold=0.80759572489241316 0.58420000000000016 4.1878506211500008 265.02105493298615 -0.13499999999999798 0.1277206090309306 1.9100000000000004 57.900000000000013 -0.056116585738116058 0.59055000000000013 52.247098529411765 0.32350000000000007 55.535000000000004 2.8423750000000005
decision_type=2 2 2 2 2 2 2 2 2 2 2 2 2 2
left_child=-1 3 11 6 5 -5 7 -2 -4 -10 -8 -3 -13 -6
right_child=1 2 8 4 13 -7 10 -9 9 -11 -12 12 -14 -15
leaf_value=0.018474024703588426 0.014914500125036992 0.020555720956978517 0.0062024131224834942 -0.0035195703695680733 0.014059211791990562 0.024631263740958823 0.033636285741596682 -0.0035410947588747762 -0.031060980989772058 -0.007438926892150549 -0.00053754193434336678 -0.02244640801093651 0.012601188010152687 0.038897704531158865
leaf_weight=4.4554064720869055 9.7533394750207645 6.8953685704618675 6.1366360504180184 18.254181302152578 3.7640280034393063 6.6153167709708205 4.6140326932072622 118.50408436730504 9.9922911599278468 16.00216206908226 4.195011381059885 3.9671951606869698 3.7477675378322601 4.211451381444931
leaf_count=25 53 33 36 102 20 38 23 652 59 103 26 25 18 23
internal_value=1.18837e-05 -0.000362292 -0.00620369 0.00122969 0.00989039 0.0039171 -0.00082948 -0.00210374 -0.0122421 -0.0167185 0.017202 0.00686506 -0.00509375 0.0278659
internal_weight=221.108 216.653 46.7414 169.911 32.845 24.8695 137.066 128.257 32.1311 25.9945 8.80904 14.6103 7.71496 7.97548
internal_count=1236 1211 274 937 183 140 754 705 198 162 49 76 43 43
is_linear=0
shrinkage=0.03


Tree=226
num_leaves=7
num_cat=0
split_feature=46 141 165 285 306 112
split_gain=1.97388 2.86687 2.40512 2.64312 2.71028 1.9431
threshold=0.20360000000000003 39.778616969150001 -10.550822932799997 -14.209999999999999 0.92619572985962151 0.4875000000000001
decision_type=2 2 2 2 2 2
left_child=-1 2 5 -4 -5 -2
right_child=1 -3 3 4 -6 -7
leaf_value=0.020873556569332669 0.00036553372329644186 -0.025608177521802066 -0.020968663260491668 0.0059021310690731514 -0.0020391407438528626 0.030553703937088578
leaf_weight=3.9135769866406909 3.9700877517461759 3.8737240359187117 5.4360786639153948 52.355400390923023 147.12163456343114 4.0342358388006687
leaf_count=25 19 23 34 293 820 22
internal_value=1.41782e-05 -0.000358 9.91131e-05 -0.000520411 3.20328e-05 0.01614
internal_weight=220.705 216.791 212.917 204.913 199.477 8.00432
internal_count=1236 1211 1188 1147 1113 41
is_linear=0
shrinkage=0.03


Tree=227
num_leaves=8
num_cat=0
split_feature=46 143 165 174 55 150 131
split_gain=1.87679 2.66143 2.287 2.63109 4.94257 2.77672 2.2814
threshold=0.20360000000000003 39.921266969150004 -10.550822932799997 -3.4992947918999993 -0.14954999999999996 4.4163356384500014 47.631604166666669
decision_type=2 2 2 2 2 2 2
left_child=-1 2 6 4 -4 -5 -2
right_child=1 -3 3 5 -6 -7 -8
leaf_value=0.020445863942759462 0.031714006509377224 -0.024939515607049132 0.013906868522863458 -0.00095161806548042566 -0.023670746332031308 0.0098690856840226472 0
leaf_weight=3.8782128244638434 3.9357908368110648 3.790420524775981 4.2816786486655465 165.65823691245168 10.588262874633072 24.368821773678064 4.0161493606865406
leaf_count=25 19 22 21 937 59 131 22
internal_value=1.39698e-05 -0.000347219 8.81394e-05 -0.000513751 -0.0126296 0.000424697 0.0157833
internal_weight=220.518 216.639 212.849 204.897 14.8699 190.027 7.95194
internal_count=1236 1211 1189 1148 80 1068 41
is_linear=0
shrinkage=0.03


Tree=228
num_leaves=21
num_cat=0
split_feature=314 318 296 62 106 69 278 105 319 54 268 55 314 183 78 109 304 174 268 130
split_gain=1.78879 4.69032 4.12432 3.62905 3.37685 4.41351 4.34984 4.06597 4.27674 3.76397 3.73737 3.48193 3.38664 4.79754 3.84264 3.33347 5.48913 3.29472 2.02992 0.585021
threshold=0.27997802381743125 0.20764871907455398 0.89534942473991797 19.545000000000005 -0.13174999999999998 332.50000000000006 0.18316149966635212 0.19245000000000004 0.86642500783557752 0.64775000000000016 -0.65057367138346545 -0.09509999999999999 0.24799005546760608 -0.53210801119999995 4.9800000000000013 0.29640000000000005 1.0583507506292702 -0.76754610234999987 0.78469254566838409 11.500000000000002
decision_type=2 2 2 2 2 2 2 2 2 2 2 2 2 2 2 2 2 2 2 2
left_child=4 3 -3 17 5 7 18 -1 -9 12 -11 -8 14 -14 -6 -5 -17 -2 -7 -19
right_child=1 2 -4 15 9 6 11 8 -10 10 -12 -13 13 -15 -16 16 -18 19 -20 -21
leaf_value=-0.026334597692364119 -0.0012233335194589013 -0.026079492866574565 0.0078869245966708378 0.024278456843438243 0.0028991997399456832 -0.031722275023035047 0.0108651341759726 0.020306742982828602 -0.0043802597096527385 0.0065173308658722897 -0.031436034465144203 -0.015726335903591102 0.016413513068793354 -0.018566418985367671 0.01967672576067557 -0.014475060194090505 0.026241024557845511 0.019069222804270803 -0.0039635988121870065 0.037348773701095822
leaf_weight=3.9637225642800358 3.5694572776556024 6.7793695330619794 5.7888102270662785 4.8398448415100601 69.530757300555706 12.16087833791971 7.6663088649511328 10.725528098642828 14.758342546410857 3.6781502850353718 5.6851855386048538 10.046745810657741 4.7556780986487892 12.338535983115433 15.023189049214123 11.548457890748976 3.8799346946179858 3.6832309253513777 3.2959966994822016 6.6339928954839706
leaf_count=22 20 39 33 26 380 81 43 53 91 22 36 62 26 69 72 63 20 24 17 37
internal_value=1.38763e-05 0.00523144 -0.0102592 0.0110325 -0.00137509 -0.00694959 -0.0144453 0.00141234 0.00593139 0.00174571 -0.0162987 -0.0040526 0.00345174 -0.00862152 0.00593532 0.00273746 -0.00393953 0.0228189 -0.0260594 0.0313567
internal_weight=220.352 46.7231 12.5682 34.1549 173.629 62.6175 33.1699 29.4476 25.4839 111.011 9.36334 17.7131 101.648 17.0942 84.5539 20.2682 15.4284 13.8867 15.4569 10.3172
internal_count=1236 262 72 190 974 369 203 166 144 605 58 105 547 95 452 109 83 81 98 61
is_linear=0
shrinkage=0.03


Tree=229
num_leaves=8
num_cat=0
split_feature=46 141 165 113 54 318 131
split_gain=1.77021 2.59921 2.18719 2.65139 4.31643 3.64426 2.16405
threshold=0.20360000000000003 39.778616969150001 -10.550822932799997 0.31255000000000005 0.58420000000000016 -0.037964248939649115 47.631604166666669
decision_type=2 2 2 2 2 2 2
left_child=-1 2 6 5 -5 -4 -2
right_child=1 -3 3 4 -6 -7 -8
leaf_value=0.019983407849973468 0.031173434250156704 -0.024542424335928518 0.0037808798677123313 0.0071650692466442168 -0.0059379627864993342 -0.0080996076683148618 0
leaf_weight=3.8287492059171191 3.8814340680837622 3.8207746297121039 35.303917797282338 69.410019341856241 33.235110057517886 66.206227156333625 3.9974730871617794
leaf_count=25 19 23 207 375 187 378 22
internal_value=1.36866e-05 -0.000335726 9.7691e-05 -0.000490049 0.00289164 -0.00393855 0.0155182
internal_weight=219.684 215.855 212.034 204.155 102.645 101.51 7.87891
internal_count=1236 1211 1188 1147 562 585 41
is_linear=0
shrinkage=0.03


Tree=230
num_leaves=20
num_cat=0
split_feature=112 180 136 174 116 136 174 51 54 285 318 278 53 67 141 105 2 285 30
split_gain=1.76302 2.99489 2.88631 5.56305 4.1388 4.41946 3.83447 4.64073 4.78302 4.38514 4.49731 3.38715 2.8177 2.52806 3.99682 2.5034 2.45447 2.20034 1.83352
threshold=0.54585000000000006 0.057372133524000009 2.8668777777777783 0.68102485835000004 0.51400000000000012 1.8367066017316021 0.17624236210000002 0.23455000000000004 0.47770000000000007 5.9850000000000003 -0.12223217400363483 0.79367795322532764 0.4811457983193278 0.16025000000000003 2.6300344682500003 0.2351 59.390000000000008 -3.5249999999999981 1.0000000180025095e-35
decision_type=2 2 2 2 2 2 2 2 2 2 2 2 2 2 2 2 2 2 2
left_child=2 -2 3 4 5 -1 9 11 -9 10 -4 -8 18 15 -15 -5 -14 -18 -3
right_child=1 12 6 13 -6 -7 7 8 -10 -11 -12 -13 16 14 -16 -17 17 -19 -20
leaf_value=0.001368962854984872 0.025445742067227637 -0.029006553955186448 0.010063592332915188 -0.0018846515173678558 -0.0088596124473001216 0.024695519556328763 0.013624713772927654 -0.03095704064304822 0.0024096403079665015 0.016095236399707384 -0.012708008194734714 -0.012817141349431941 -0.0154920215670138 -0.019709328921496707 0.022627324692460211 -0.037058625219493935 0.0018133905484495937 0.021359140655182195 0
leaf_weight=12.424391487613322 5.8679054286330929 3.5654260050505391 8.6736369617283327 3.3816807717084867 7.5934746209532014 18.746527634561062 27.454758945852518 6.0829241313040248 9.8996948413550836 6.1725573018193236 63.478874365799129 4.9833037480711928 3.5239613242447403 3.8676623776555061 3.9413214828819036 4.4248327985405922 11.649307459592821 9.8418055977672321 3.8822329342365265
leaf_count=72 32 22 46 23 39 94 137 35 62 33 363 29 22 25 23 25 67 62 25
internal_value=1.36741e-05 0.00586355 -0.0012103 0.00454126 0.0106629 0.0155279 -0.00370328 0.0028846 -0.0102166 -0.00781266 -0.00991892 0.00944347 0.00216451 -0.0104357 0.00129528 -0.0224177 0.00706795 0.0109607 -0.013783
internal_weight=219.456 38.3306 181.126 54.3799 38.7644 31.1709 126.746 48.4207 15.9826 78.3251 72.1525 32.4381 32.4627 15.6155 7.80898 7.80651 25.0151 21.4911 7.44766
internal_count=1236 230 1006 301 205 166 705 263 97 442 409 166 198 96 48 48 151 129 47
is_linear=0
shrinkage=0.03


Tree=231
num_leaves=22
num_cat=0
split_feature=314 318 296 62 174 106 69 133 270 301 172 43 80 278 185 133 77 109 304 276 130
split_gain=1.70425 4.37627 3.89878 3.49402 3.60036 3.22473 4.19277 4.33031 3.83548 5.84953 3.58293 4.04307 4.60823 3.44706 3.90102 3.23957 3.14226 3.13422 5.20678 1.67234 0.510795
threshold=0.27997802381743125 0.20764871907455398 0.89534942473991797 19.545000000000005 -0.84977068619999996 -0.13174999999999998 332.50000000000006 90.186144056773955 -2.1929641359306435 0.80774153479642019 5.2872409158500009 0.57545000000000013 20211129.500000004 2.3459687304731736 1.1296962262250003 27.379436382968862 12.460000000000003 0.29640000000000005 1.0583507506292702 -0.0041891087745193891 11.500000000000002
decision_type=2 2 2 2 2 2 2 2 2 2 2 2 2 2 2 2 2 2 2 2 2
left_child=5 3 -3 4 -2 6 8 16 15 -10 13 19 -13 14 -7 -1 -8 -5 -19 -12 -6
right_child=1 2 -4 17 20 10 7 -9 9 -11 11 12 -14 -15 -16 -17 -18 18 -20 -21 -22
leaf_value=0.039262977768600105 -0.0041153300354263705 -0.025358471344325902 0.0077597767741479614 0.023610577470614982 0.019591793938193398 0.00082788783696936482 0.015743845149336803 0.015370161998480299 -0.026854770090207609 0.0058509943299425281 0.01279509540428082 0.01676056086196907 -0.025835808954027383 0.025757631174792621 -0.015747033650303874 0 -0.020925995762105149 -0.014121647102011022 0.025709444572404365 0.037913318822922648 0.036872211702249337
leaf_weight=3.7292282246053245 3.2731906250119218 6.7130561526864749 5.7718330752104521 4.7971796244382885 3.8316520098596776 71.00956073962152 2.1137783899903324 3.7698703482747069 7.2153444364666965 14.707857882604001 5.4534236565232277 5.2323263436555845 3.8877476509660482 4.0819108039140692 15.413076203316448 3.6513051893562078 27.01312068477273 11.500004719942806 3.8377005755901328 5.2667825259268302 6.5740534067153931
leaf_count=18 18 39 33 26 25 393 13 20 39 84 28 24 25 22 89 25 170 63 20 24 38
internal_value=1.32518e-05 0.00513116 -0.00986934 0.0107709 0.0224425 -0.00134482 -0.00681142 -0.014154 0.0013495 -0.00484994 0.00171287 0.0132333 -0.00115551 -0.00079133 -0.00210828 0.0199841 -0.0181174 0.00262172 -0.00385906 0.0256492 0.0310417
internal_weight=218.844 46.2987 12.4849 33.8138 13.6789 172.545 62.2005 32.8968 29.3037 21.9232 110.345 19.8403 9.12007 90.5045 86.4226 7.38053 29.1269 20.1349 15.3377 10.7202 10.4057
internal_count=1236 262 72 190 81 974 369 203 166 123 605 101 49 504 482 43 183 109 83 52 63
is_linear=0
shrinkage=0.03


Tree=232
num_leaves=7
num_cat=0
split_feature=18 0 149 319 319 13
split_gain=1.72828 2.18259 2.25407 2.446 6.60357 3.46173
threshold=21.685000000000006 80.265000000000015 2.4062547741000002 1.1162619516581602 1.0332762170024485 22.425000000000004
decision_type=2 2 2 2 2 2
left_child=1 2 -1 4 -4 -5
right_child=-2 -3 3 5 -6 -7
leaf_value=0.020627276628582825 -0.016833174527297455 0.017383683319387794 -0.00035896444157016723 0.010434962542400221 -0.02210161340905932 -0.011259327030247991
leaf_weight=4.5192723162472239 5.234702266752719 6.54156869649887 147.61807987838984 32.37213908880949 13.67621089145541 8.1060926429927331
leaf_count=25 33 37 813 190 96 42
internal_value=1.78138e-05 0.000454069 -7.6401e-05 -0.000564968 -0.00223367 0.00599953
internal_weight=218.068 212.833 206.292 201.773 161.294 40.4782
internal_count=1236 1203 1166 1141 909 232
is_linear=0
shrinkage=0.03


Tree=233
num_leaves=11
num_cat=0
split_feature=304 149 294 306 77 68 285 313 107 11
split_gain=1.70504 2.74897 2.25838 2.36951 3.73429 3.93737 3.24093 3.62838 3.53632 0.967561
threshold=1.1552604006831293 10.895873353500003 9.8317436961736338 1.1850529100529104 63.415000000000006 0.51286318132919606 1.9300000000000035 -0.13767711962833909 -0.019099999999999995 18.975000000000005
decision_type=2 2 2 2 2 2 2 2 2 2
left_child=2 -2 3 6 5 -5 7 -1 -8 -3
right_child=1 9 -4 4 -6 -7 8 -9 -10 -11
leaf_value=0.012031600039278993 0.0071027641384592798 -0.035933199959898396 -0.019309563395469933 0.033133679553350399 -0.014415260815344329 0.0043127237043664862 -0.0017552166213759793 -0.0032448294865925448 0.019974946670978367 -0.008948399395545344
leaf_weight=15.402920225635169 3.7304301112890226 3.3083026651293039 4.8882241211831561 7.3522338811308208 4.2416238375008097 10.730226665735243 12.459617791697385 139.20412785280496 13.97404310107231 2.5235421694815159
leaf_count=84 25 26 34 36 28 57 65 787 77 17
internal_value=1.6386e-05 -0.0122891 0.00060144 0.00110404 0.0103033 0.0163139 -1.8824e-05 -0.00169671 0.00965127 -0.0251098
internal_weight=217.815 9.56227 208.253 203.365 22.3241 18.0825 181.041 154.607 26.4337 5.83184
internal_count=1236 68 1168 1134 121 93 1013 871 142 43
is_linear=0
shrinkage=0.03


Tree=234
num_leaves=11
num_cat=0
split_feature=41 70 70 17 113 292 97 296 10 304
split_gain=1.69352 4.58105 3.7937 3.32168 2.76565 2.99788 4.18441 4.18353 2.29894 2.73501
threshold=20240213.500000004 20250976.000000004 20231022.000000004 19.685000000000006 0.18495000000000003 -6.1249999999999991 1.0000000180025095e-35 5.2515748161726217 17.625000000000004 0.98508995852785397
decision_type=2 2 2 2 2 2 2 2 2 2
left_child=2 3 4 8 -1 6 -6 -7 -2 -10
right_child=1 -3 -4 -5 5 7 -8 -9 9 -11
leaf_value=0.024241665340543516 0.032294796041593327 -0.029511729616752518 -0.028338414182765413 -0.017287289107848876 0.011145858007241325 0.00099985519980444752 -0.027672828223288256 -0.025822239406312848 -0.0093912038420694739 0.018279622968538221
leaf_weight=3.9450105205178252 5.703623369336138 2.5892383046448222 4.3443678356707087 2.9228839240968219 3.4321680888533574 167.06088474951684 7.9278741590678692 5.3014054261147967 4.5375597812235346 9.7492571398615819
leaf_count=21 44 59 37 16 19 868 50 30 27 65
internal_value=1.5075e-05 0.00727637 -0.000937024 0.011674 -0.000271969 -0.000827563 -0.015688 0.000142989 0.0161229 0.00927852
internal_weight=217.514 25.5026 192.012 22.9133 187.667 183.722 11.36 172.362 19.9904 14.2868
internal_count=1236 211 1025 152 988 967 69 898 136 92
is_linear=0
shrinkage=0.03


Tree=235
num_leaves=10
num_cat=0
split_feature=283 54 109 300 154 281 281 78 76
split_gain=1.69426 2.61733 2.59524 2.28393 2.39608 2.20145 3.57552 2.17446 1.78434
threshold=0.018137056739739459 0.33840129150527443 0.32765000000000005 0.15646866203335644 0.16614813275000004 -18.246415482172235 -5.8084800628480444 1.5750000000000004 6.113500000000001
decision_type=2 2 2 2 2 2 2 2 2
left_child=1 -1 7 -2 8 -6 -7 -3 -5
right_child=3 2 -4 4 5 6 -8 -9 -10
leaf_value=0.01232830089050975 0.018304724062367859 -0.0017826618746135054 0.0046282271932749381 0.030092181496982645 0.027695371773828057 -0.02488198363656384 -0.00011298678496246132 -0.034754690948316486 0
leaf_weight=3.6632788777351406 6.3814742881804696 2.8471007440239173 3.6523574367165557 4.0174605324864379 2.3596741035580626 5.3119185119867316 179.51598682161421 6.0172193236649036 3.2590339742600918
leaf_count=20 35 19 28 20 13 32 1004 43 22
internal_value=1.31047e-05 -0.00928099 -0.0158908 0.000781005 0.000181421 -0.000463629 -0.000854136 -0.0246372 0.0169633
internal_weight=217.026 16.18 12.5167 200.846 194.464 187.188 184.828 8.86432 7.27649
internal_count=1236 110 90 1126 1091 1049 1036 62 42
is_linear=0
shrinkage=0.03


Tree=236
num_leaves=21
num_cat=0
split_feature=112 101 0 101 57 136 174 116 136 174 52 54 285 318 278 107 67 141 105 2
split_gain=1.6776 2.81272 4.34679 5.00277 2.99561 2.6988 5.22225 3.89231 4.16957 3.58539 4.95872 4.06099 3.9697 4.15223 3.229 2.61669 2.36603 3.74288 2.36256 1.83208
threshold=0.54585000000000006 0.45765000000000006 67.790000000000006 0.21865000000000004 0.50100401606425715 2.8668777777777783 0.68102485835000004 0.51400000000000012 1.8367066017316021 0.17624236210000002 0.11260000000000002 0.47770000000000007 5.9850000000000003 -0.12223217400363483 0.79367795322532764 0.0079500000000000022 0.16025000000000003 2.6300344682500003 0.2351 65.960000000000022
decision_type=2 2 2 2 2 2 2 2 2 2 2 2 2 2 2 2 2 2 2 2
left_child=5 2 3 -2 -5 6 7 8 -1 12 14 -12 13 -7 -11 -4 18 -18 -8 -17
right_child=1 -3 15 4 -6 9 16 -9 -10 10 11 -13 -14 -15 -16 19 17 -19 -20 -21
leaf_value=0.0013098549286459673 0.025058744536380923 0.025934545209481536 -0.0036017571409880321 -0.027661349652709166 0 0.0096952322130190692 -0.0018333193598837148 -0.0085864079180468008 0.024132865612555465 0.013567787899716476 -0.030284852665526898 0.0008519317160744094 0.015390588260923609 -0.012306328729860328 -0.01237174149881254 0.0029270140966585608 -0.019217201887682764 0.022013251373648068 -0.036299600305368898 0.031226893437209746
leaf_weight=12.270548913627865 3.2446282356977489 5.268723413348197 4.784923266619443 7.9310251362621766 6.3310250006616116 8.5697566755115968 3.3412260487675649 7.547087585553526 18.450675088912249 27.473277185112238 5.9479770399630061 9.5231460370123369 6.0356884822249404 62.819153426215053 4.9209209978580466 3.2712124586105329 3.8235507104545832 3.8842757567763329 4.3368876129388809 7.0323995538055897
leaf_count=72 19 33 28 51 38 46 23 39 94 138 35 61 33 363 29 22 25 23 25 39
internal_value=1.31761e-05 0.00575501 0.00233207 -0.00771005 -0.0154964 -0.00118756 0.00441202 0.010379 0.0151482 -0.00361105 0.00279425 -0.0110438 -0.00760812 -0.00961336 0.00950911 0.0141551 -0.0102066 0.00119203 -0.0219033 0.022645
internal_weight=216.808 37.8639 32.5952 17.5067 14.2621 178.944 53.6543 38.2683 30.7212 125.29 47.8653 15.4711 77.4246 71.3889 32.3942 15.0885 15.3859 7.70783 7.67811 10.3036
internal_count=1236 230 197 108 89 1006 301 205 166 705 263 96 442 409 167 89 96 48 48 61
is_linear=0
shrinkage=0.03


Tree=237
num_leaves=14
num_cat=0
split_feature=53 56 49 263 275 307 115 267 292 113 101 134 135
split_gain=1.66511 5.12502 4.68305 3.68011 3.78823 3.53857 4.6745 4.43604 4.31339 4.17908 3.99941 1.87411 0.86614
threshold=0.47699579831932776 0.63465000000000005 0.50423728813559332 -0.10094352180015619 -0.048623826908468608 0.78645572338750103 0.057850000000000006 1.0187582220218421 -3.8749999999999996 0.24255000000000002 0.21770000000000003 2.9991629699248121 2.7152750000000005
decision_type=2 2 2 2 2 2 2 2 2 2 2 2 2
left_child=1 2 3 -1 -5 -2 7 8 -7 -8 -11 -4 -9
right_child=5 -3 11 4 -6 6 9 12 -10 10 -12 -13 -14
leaf_value=0.022258957912972485 0.029560829645307797 -0.030769715175659355 -0.004778859425407532 -0.013228180516111422 0.0029317646119465918 0.016641785298471389 -0.02674907004709608 -0.014131138599737636 -0.0078526548073260798 0.026255702147171597 0.0046302851296366682 -0.035508134122597776 -0.038465707764411765
leaf_weight=6.6231102533638468 4.0449281409382811 5.5444545205682507 3.3644616343080989 17.103071730583906 53.680626029148698 8.2221495211124402 3.2734679672867051 3.0069826263934365 28.536317363381386 8.7513498999178392 65.610690075904131 4.5491454377770424 3.8298023566603661
leaf_count=36 21 35 20 95 308 48 25 21 161 47 369 26 24
internal_value=1.36136e-05 -0.00306229 -0.00119272 0.00102902 -0.000943704 0.00226922 0.00131028 -0.00650971 -0.00226205 0.00574281 0.00724742 -0.0230406 -0.0285533
internal_weight=216.141 90.8649 85.3204 77.4068 70.7837 125.276 121.231 43.5953 36.7585 77.6355 74.362 7.91361 6.83678
internal_count=1236 520 485 439 403 716 695 254 209 441 416 46 45
is_linear=0
shrinkage=0.03


Tree=238
num_leaves=14
num_cat=0
split_feature=311 41 41 66 11 304 51 289 119 51 302 1 78
split_gain=1.64039 2.1932 4.02598 4.44782 5.84598 2.88173 2.55527 3.02455 2.55129 2.20022 2.53516 1.11113 0.354085
threshold=0.30622850432010745 20240213.500000004 20230312.000000004 3.8300000000000005 21.825000000000003 0.90673212925688185 -0.069766779977137691 -0.82499999999999918 7365.8000000000011 0.25725000000000003 1.1728639282915296 63.625000000000007 2.6650000000000005
decision_type=2 2 2 2 2 2 2 2 2 2 2 2 2
left_child=1 2 5 4 -4 -1 7 -3 -7 12 -11 -2 -8
right_child=11 6 3 -5 -6 8 9 -9 -10 10 -12 -13 -14
leaf_value=0.019957499800456462 -0.00074843273525750011 -0.029499804622066958 -0.013523587843887411 -0.03524149234245405 0.027357154999540841 -0.0019228566391754998 0.03421958636169796 0.0097948044107148222 0.0070840514474165128 0.015303516795839455 -0.020374074240545728 -0.031443897396566216 0.016432265386207245
leaf_weight=6.8362931795418254 2.2379627116024485 2.7891363836824894 14.629788035526877 5.6323179677128783 3.8785457275807849 120.26740368455648 4.4315252676606169 4.2945572566241053 36.882956594228745 6.2559516560286266 2.3531509414315224 2.3665407719090581 2.8129837308079004
leaf_count=37 20 19 93 49 18 622 32 36 190 57 18 24 21
internal_value=1.0783e-05 0.000415004 -0.000639665 -0.0120613 -0.00469456 0.00102977 0.00916064 -0.00545473 0.000175134 0.0158724 0.00508522 -0.0174955 0.0280392
internal_weight=215.669 211.065 188.127 24.1407 18.5083 163.987 22.9373 7.08369 157.15 15.8536 8.6091 4.6045 7.24451
internal_count=1236 1192 1009 160 111 849 183 55 812 128 75 44 53
is_linear=0
shrinkage=0.03


Tree=239
num_leaves=18
num_cat=0
split_feature=138 43 301 302 138 280 44 112 15 314 314 132 41 163 301 185 287
split_gain=1.70356 2.96567 3.12885 3.48956 2.70941 3.52016 3.98873 2.91552 3.92251 3.67203 4.63049 2.77512 2.63105 2.2251 2.18032 3.10561 2.85105
threshold=69.809271121538487 -0.64829999999999999 0.69828864583978267 1.2136361047380431 190.12491336307974 0.13608683754965498 -0.013449999999999998 0.46250000000000008 18.440000000000001 0.31697257904358389 0.30408123016896554 25.381400000000003 20210906.500000004 1.1825965760000001 0.85702536666233231 1.1403538370500004 -7.6599999999999957
decision_type=2 2 2 2 2 2 2 2 2 2 2 2 2 2 2 2 2
left_child=1 13 -3 12 7 14 -7 8 11 10 -9 -2 -4 -1 15 -6 -16
right_child=4 2 3 -5 5 6 -8 9 -10 -11 -12 -13 -14 -15 16 -17 -18
leaf_value=0.032847164302600797 0 -0.026498371114231867 0.022075540270614629 -0.016637416760164156 0.0057991316085636404 0.0079648605886539492 -0.029395519500282526 -0.0029382174241274032 0.0093550113766618474 -0.027390444006392296 0.021052142350217927 -0.03188336001147607 0.001992230597109671 0.0014897159503697961 -0.0032773938931695903 -0.020433224831884932 0.015613034973986691
leaf_weight=5.3019938841462118 3.3259124197065857 3.1929459460079661 8.8579599931836146 5.7970359660685054 13.959607219323518 4.4152806475758553 5.6461235340684635 74.348227119073272 4.0473540201783171 4.7863927334547034 7.9136457033455363 9.6358405500650388 18.238052904605865 3.619491845369339 9.401645338162778 5.5837709773331872 27.114819448441267
leaf_count=27 21 18 43 33 84 23 37 415 25 30 40 66 109 21 57 35 152
internal_value=9.96761e-06 0.00520751 0.0012689 0.00412735 -0.00134927 0.00337074 -0.0127883 -0.00437766 -0.0157276 -0.00210998 -0.000571146 -0.023801 0.00872501 0.0206154 0.00634192 -0.0016089 0.0106718
internal_weight=215.186 45.0075 36.086 32.893 170.179 66.1212 10.0614 104.057 17.0091 87.0483 82.2619 12.9618 27.096 8.92149 56.0598 19.5434 36.5165
internal_count=1236 251 203 185 985 388 60 597 112 485 455 87 152 48 328 119 209
is_linear=0
shrinkage=0.03


Tree=240
num_leaves=16
num_cat=0
split_feature=304 316 306 68 293 69 119 55 77 3 174 303 138 315 301
split_gain=1.65092 2.6144 2.12746 3.86618 4.11482 2.97092 3.89628 4.94424 4.16094 3.70318 4.16263 3.56452 2.52516 2.5037 1.02805
threshold=1.1552604006831293 0.5458333333333335 1.1850529100529104 0.51286318132919606 -1.3699999999999999 332.50000000000006 7700.9000000000005 -0.023549999999999998 63.080000000000005 59.175000000000004 -1.1431239979499999 -0.092299355774155253 92.374592584605281 0.14259672679785335 1.1693747383121216
decision_type=2 2 2 2 2 2 2 2 2 2 2 2 2 2 2
left_child=2 14 5 13 -5 9 7 -7 -8 11 -11 -1 -6 -4 -2
right_child=1 -3 3 4 12 6 8 -9 -10 10 -12 -13 -14 -15 -16
leaf_value=0.034146909527897513 -0.0068659283732058155 0.0085272444750081732 0.0053488240768287598 0.018215447966547841 0.0074969514991882272 0.00061615535577322627 0.00080658067095482782 -0.014443420577102481 0.03488406993716546 -0.013950695050170239 0.0045268818001206728 0.0021211023697336345 -0.027098317352602305 0.038945234995482067 -0.03409528027889374
leaf_weight=6.4075179006904364 2.4462080299854261 3.2769903279840946 3.7739574313163775 5.8627240136265755 2.7459603361785394 37.498971490189433 18.104496773332361 40.211319195106626 3.8788139894604674 13.463666796684263 56.897039363160729 6.4611087869852764 5.1293098945170641 4.8877199161797762 3.6228160336613655
leaf_count=38 18 17 21 31 16 208 100 236 20 79 323 40 32 24 33
internal_value=9.01399e-06 -0.0122397 0.000586849 0.0092985 -0.000415941 -0.000468035 -0.00397406 -0.00714644 0.00708592 0.00369527 0.000933801 0.018439 -0.0147167 0.0248775 -0.0238956
internal_weight=214.669 9.34601 205.323 22.3997 13.738 182.923 99.6936 77.7103 21.9833 83.2293 70.3607 12.8686 7.87527 8.66168 6.06902
internal_count=1236 68 1168 124 79 1044 564 444 120 480 402 78 48 45 51
is_linear=0
shrinkage=0.03


Tree=241
num_leaves=10
num_cat=0
split_feature=181 149 159 178 0 139 10 277 319
split_gain=1.6773 2.12764 2.18344 2.9085 2.82258 3.00507 2.80226 2.3608 0.71252
threshold=0.034288336900000008 2.4062547741000002 0.11801477185000001 0.54193361600000012 57.900000000000013 70.371697562500017 16.275000000000002 -0.084629767770756495 0.8424230252480519
decision_type=2 2 2 2 2 2 2 2 2
left_child=-1 -2 3 8 5 -4 -6 -5 -3
right_child=1 2 4 7 6 -7 -8 -9 -10
leaf_value=-0.016104783466708447 0.02165889016016137 -0.036735614810265139 0.03169884937765903 0.01961533171412223 -0.0093674729639124793 0 0.0014949366324305356 -0.013025380831681081 -0.014078330230033975
leaf_weight=5.5482883565127841 4.0769991911947718 3.1511113662272674 5.2680524289607984 3.4011151269078255 24.692341463640332 5.2297665923833847 154.95439454354346 4.5070697646588087 3.3492168299853802
leaf_count=35 21 22 26 22 146 30 873 31 30
internal_value=1.19401e-05 0.00046243 1.49219e-05 -0.0111882 0.00088506 0.01593 0 0.000707613 -0.0259064
internal_weight=214.178 208.63 204.553 14.4085 190.145 10.4978 179.647 7.90818 6.50033
internal_count=1236 1201 1180 105 1075 56 1019 53 52
is_linear=0
shrinkage=0.03


Tree=242
num_leaves=20
num_cat=0
split_feature=296 292 298 167 135 163 140 314 47 315 90 312 131 289 181 314 277 312 318
split_gain=1.61034 4.3828 4.73146 4.72603 4.66445 4.36916 3.78922 3.42303 4.254 3.99269 3.53551 3.8056 4.19781 2.64404 2.63633 1.89802 1.38053 0.969204 0.4046
threshold=0.71963408414042995 -6.2449999999999992 1.3547978301927937 10.502527631500001 1.9784250000000003 1.5118356975000002 6.9667565267500011 0.29514816239687586 0.49795000000000006 0.2376178635472084 806402969.96500015 0.22701564076690209 20.972576754385969 -2.1750000000000003 1.7713456245500001 0.2356302268647435 0.45169605316821043 0.53373621846349462 0.17248058415620068
decision_type=2 2 2 2 2 2 2 2 2 2 2 2 2 2 2 2 2 2 2
left_child=1 15 3 13 -5 6 -4 10 16 -10 11 12 -2 -3 -7 -1 18 -13 -9
right_child=7 2 5 4 -6 14 -8 8 9 -11 -12 17 -14 -15 -16 -17 -18 -19 -20
leaf_value=-0.035056008520576484 0.018928260507832039 0.0023337753804879742 0.0077931284079387798 0.020044911578344763 -0.00085271093761585465 0.028570657874381275 -0.026335364534367835 0.035320411836212852 -0.02670280295958662 0.011009993459020461 0.020927691733867656 0.030465544267683498 -0.0094017533232781374 0.030229573239074256 -0.0046703938856594565 -0.0015038706287411635 0.0052435742198470026 0.0032436467132759394 0.017614597421861784
leaf_weight=3.5795151367783538 4.8443228956311932 4.4832694791257408 3.8041676618158844 12.453731533139942 39.992388928309083 3.6825738176703435 10.659569971263407 4.2279591932892817 4.4807798564434034 5.4225514121353626 4.4143750574439755 2.7244910001754752 80.00549097917974 11.652745902538298 4.6317187808454037 2.9311479218304157 4.0114925168454647 2.5361233130097389 3.4115497916936874
leaf_count=25 27 27 23 73 212 18 71 26 28 34 25 18 460 58 26 18 23 24 20
internal_value=1.03436e-05 0.00285718 0.00458635 0.00853829 0.0040812 -0.0071667 -0.0171612 -0.00236451 0.00834763 -0.00584969 -0.00484512 -0.00616275 -0.00772862 0.0227258 0.0098608 -0.0206557 0.0206177 0.0182069 0.028131
internal_weight=213.95 97.8708 91.3602 68.5821 52.4461 22.778 14.4637 116.079 21.5543 9.90333 94.5248 90.1104 84.8498 16.136 8.31429 6.51066 11.651 5.26061 7.63951
internal_count=1236 551 508 370 285 138 94 685 131 62 554 529 487 85 44 43 69 42 46
is_linear=0
shrinkage=0.03


Tree=243
num_leaves=8
num_cat=0
split_feature=46 141 165 174 55 53 131
split_gain=1.6148 2.42992 2.05508 2.39605 4.30561 2.59647 1.83661
threshold=0.20360000000000003 39.778616969150001 -10.550822932799997 -3.4992947918999993 -0.14954999999999996 0.47699579831932776 47.631604166666669
decision_type=2 2 2 2 2 2 2
left_child=-1 2 6 4 -4 -5 -2
right_child=1 -3 3 5 -6 -7 -8
leaf_value=0.019482039199825243 0.030023769350015383 -0.02409143146933207 0.012929676090654263 -0.0039681962674021068 -0.022750595096282786 0.0033190652471801595 0
leaf_weight=3.6720333546400061 3.7385619655251494 3.7016224525868884 4.1271962579339734 72.39813170209527 10.206735406070946 111.54271871596575 3.8805226758122444
leaf_count=25 19 23 21 423 59 644 22
internal_value=1.4275e-05 -0.000321614 0.000102651 -0.000473676 -0.0122509 0.00043394 0.0153011
internal_weight=213.268 209.595 205.894 198.275 14.3339 183.941 7.61908
internal_count=1236 1211 1188 1147 80 1067 41
is_linear=0
shrinkage=0.03


Tree=244
num_leaves=12
num_cat=0
split_feature=41 41 41 17 294 158 153 307 10 295 303
split_gain=1.60672 3.34216 3.29824 3.05688 2.99766 2.54885 3.79593 2.54521 1.93226 2.5161 0.729613
threshold=20250918.500000004 20240265.000000004 20230604.500000004 19.560000000000006 8.0194952207870021 10.448280243700003 1.1236215208440001 0.79024173475611958 17.625000000000004 0.89655067107566633 0.50105000000000011
decision_type=2 2 2 2 2 2 2 2 2 2 2
left_child=1 2 4 8 7 -4 -7 -1 -3 -10 -2
right_child=10 3 5 -5 -6 6 -8 -9 9 -11 -12
leaf_value=0.013114315107456066 -0.029774334514423607 0.032478400897461734 -0.031815857573221702 -0.016338984642791651 -0.023473804685497597 0.0031847499164444687 -0.033318886822480444 -6.1501514430348749e-05 -0.014457718044500863 0.016747607070195542 0
leaf_weight=14.305157884955404 2.2408197633922096 4.9142565634101691 4.7617882043123272 2.8362002596259108 4.5017802976071826 9.8915481045842153 3.3049025461077681 151.9794985987246 2.7985213436186305 10.461085602641104 1.1116205118596552
leaf_count=73 50 40 45 16 28 64 23 796 16 71 14
internal_value=1.45256e-05 0.000362526 -0.0008884 0.0116934 0.000383526 -0.0130859 -0.00591338 0.00106116 0.0162977 0.00987805 -0.02027
internal_weight=213.107 209.755 188.745 21.0101 170.786 17.9582 13.1965 166.285 18.1739 13.2596 3.35244
internal_count=1236 1172 1029 143 897 132 87 869 127 87 64
is_linear=0
shrinkage=0.03


Tree=245
num_leaves=15
num_cat=0
split_feature=46 46 158 43 304 17 63 136 0 179 315 316 183 43
split_gain=1.59791 2.4261 3.73974 3.94709 3.3852 4.17902 3.15099 3.6619 4.43572 4.28891 2.98456 3.60387 2.5139 2.41641
threshold=0.23515000000000003 0.34590000000000004 15.400732480450001 -0.6580999999999998 1.0362951323316025 16.440000000000001 16.310000000000006 4.1565631578947366 79.440000000000012 1.5167854943500003 0.418137294397457 0.5458333333333335 3.4398305774 0.062550000000000008
decision_type=2 2 2 2 2 2 2 2 2 2 2 2 2 2
left_child=13 2 4 -4 5 -2 10 8 -8 -9 11 -3 -5 -1
right_child=1 6 3 12 -6 -7 7 9 -10 -11 -12 -13 -14 -15
leaf_value=-0.0010932822572035702 0.02059561268801707 0.0033183454233466515 0.010859530480341923 -0.0309018729912117 -0.022746530579852733 -0.010193134678420613 -0.014069893248719273 -0.0022898667307437669 0.020065585340096542 0.016619336437425278 -0.014629501894999692 0.019511242124656186 -0.0032369868064079945 0.028000044479659501
leaf_weight=5.5036639589816314 9.5447506308555656 44.53881592489779 3.5781086590141085 11.119183763861654 3.930482566356658 6.5148719809949389 30.726971734315157 47.908448904752731 3.6989346146583548 13.775255298241971 5.5863627661019555 17.406128013506532 4.3923235051333895 4.4207346849143505
leaf_count=34 46 248 22 68 22 44 189 294 17 73 32 93 27 27
internal_value=1.1094e-05 -0.000552676 -0.00726802 -0.0167431 0.00166917 0.00793417 0.00103618 -0.00243052 -0.0102678 0.00190446 0.0060106 0.00794091 -0.0233312 0.0117169
internal_weight=212.645 202.721 39.0797 19.0896 19.9901 16.0596 163.641 96.1096 34.4259 61.6837 67.5313 61.9449 15.5115 9.9244
internal_count=1236 1175 229 117 112 90 946 573 206 367 373 341 95 61
is_linear=0
shrinkage=0.03


Tree=246
num_leaves=11
num_cat=0
split_feature=18 277 120 109 319 0 319 319 58 105
split_gain=1.58097 1.99458 3.98107 3.589 3.32031 3.012 2.65226 4.45546 3.54656 1.95002
threshold=21.685000000000006 1.0473732011311518 12116.835000000001 0.21450000000000002 1.0030076477408703 78.875000000000014 1.1088234256830807 0.90431813881396483 28.674250000000004 0.32900000000000007
decision_type=2 2 2 2 2 2 2 2 2 2
left_child=1 5 3 -3 -5 6 7 -1 -8 -7
right_child=-2 2 -4 4 -6 9 8 -9 -10 -11
leaf_value=0.00029620622792367302 -0.016276580452734953 -0.018645655076431792 -0.018993531976975085 0.019780907420921048 -0.0017170597706626675 0.03085797448430299 0.012003978826024421 -0.0113640882841995 -0.0094574379317756072 0.0012246215457788949
leaf_weight=81.522338403388858 5.1226627156138411 3.3179503902792922 4.6339628361165515 21.773144720122222 8.807497773319481 4.1412108466029149 23.329446069896221 45.686882619746029 9.6061304118484241 4.2153267227113247
leaf_count=444 33 25 30 121 51 22 140 288 56 26
internal_value=1.03007e-05 0.000435436 0.0065937 0.0102253 0.0135061 -0.000958105 -0.00189521 -0.00387363 0.00564396 0.0164559
internal_weight=212.157 207.034 38.5326 33.8986 30.5806 168.501 160.145 127.209 32.9356 8.35654
internal_count=1236 1203 227 197 172 976 928 732 196 48
is_linear=0
shrinkage=0.03


Tree=247
num_leaves=13
num_cat=0
split_feature=265 14 304 263 177 46 262 75 298 294 314 100
split_gain=1.58624 2.10198 4.64626 2.63686 3.71518 3.38921 3.38706 3.96158 2.46093 2.28789 1.97921 1.51682
threshold=-4.4633185101721802 22.875000000000004 0.97906991020596257 -0.028865604801158181 0.87300763445000007 0.37350000000000005 -0.095368969675744514 2.8932000000000007 1.5597415790406444 1.5268886106930066 0.20165391846606825 3968.5200000000004
decision_type=2 2 2 2 2 2 2 2 2 2 2 2
left_child=11 3 -3 4 10 -6 -5 -8 -4 -10 -2 -1
right_child=1 2 8 6 5 -7 7 -9 9 -11 -12 -13
leaf_value=-0.029149149359110435 0.0048192794058860748 -0.012121525325762588 0.031655775426306987 -0.023607741359704913 -0.024943163239407196 0.0077352279602129368 0.0046199264621431448 -0.0051286869671267228 -0.0058432952065442922 0.026123804244706689 0.031829220730011584 0
leaf_weight=3.130920721217989 4.3594032526016253 6.1325786188244846 6.8949724547564974 6.1572804842144242 3.9514805283397427 9.4668484181165677 64.107012226246297 89.772928814403713 4.8616909272968751 3.1940402239561081 6.6080458164215088 3.1642598751932383
leaf_count=22 27 38 38 37 23 55 348 539 31 17 38 23
internal_value=9.0896e-06 0.000480882 0.00943872 -0.000531482 0.00861512 -0.00177943 -0.00194845 -0.00104753 0.0185036 0.0066285 0.0215048 -0.0146902
internal_weight=211.801 205.506 21.0833 184.423 24.3858 13.4183 160.037 153.88 14.9507 8.05573 10.9674 6.29518
internal_count=1236 1191 124 1067 143 78 924 887 86 48 65 45
is_linear=0
shrinkage=0.03


Tree=248
num_leaves=19
num_cat=0
split_feature=138 43 181 103 293 95 265 168 319 319 282 266 120 2 302 110 163 283
split_gain=1.571 2.84633 2.90943 2.61349 3.56455 3.30158 3.49352 3.40375 2.62391 4.22344 5.448 4.00387 3.65369 2.85065 2.60011 2.55651 2.03618 0.786445
threshold=69.809271121538487 -0.64829999999999999 0.14231040300000003 -0.035549999999999991 1.4399999999999997 -12.530326482577502 0.37962701341331212 1.0421117327000002 0.89457603411583941 1.1088234256830807 13.421433693898882 0.70258321347248265 13947.475 74.340000000000018 1.2136361047380431 0.30480000000000007 1.1825965760000001 0.091220946244256126
decision_type=2 2 2 2 2 2 2 2 2 2 2 2 2 2 2 2 2 2
left_child=1 16 -3 4 5 6 -2 -7 11 10 -10 12 -5 -11 15 -4 -1 -6
right_child=3 2 14 8 17 7 -8 -9 9 13 -12 -13 -14 -15 -16 -17 -18 -19
leaf_value=0.032292644993661308 0.015412484807001196 -0.021671020238859289 0.003488081750530335 0.009641220510316682 -0.014952411419090424 0.00040728477496201632 -0.015520058885273566 -0.02275707449684336 -0.014099776525488985 0.010213379944087523 0.023785325432070566 -0.021298636545015352 -0.018827735579528077 -0.017235508777391932 -0.014056700055343202 0.027047469919829474 0.001894276772539767 -0.039983061509062251
leaf_weight=5.1369413658976537 11.167205819860099 4.2639472708106032 20.518869800493128 53.301965452730656 2.8189605623483649 10.702365983277561 4.4677336886525145 11.547731593251227 32.291806502267718 21.440940149128441 3.6750684585422269 4.5705753155052653 4.2341015748679629 3.8850504308938971 5.4265649691224089 5.2520567663013926 3.5673396214842796 3.1323823593556881
leaf_count=27 63 26 113 278 19 72 32 77 193 130 19 31 29 21 30 34 21 21
internal_value=8.85045e-06 0.00504872 0.00116484 -0.00130643 -0.00759713 -0.00407804 0.00634029 -0.0115287 0.000908322 -0.00346302 -0.0100903 0.00526924 0.0074651 0.00583346 0.00444108 0.00849138 0.020338 -0.0290656
internal_weight=211.402 44.1657 35.4614 167.236 43.8364 37.885 15.6349 22.2501 123.4 61.2929 35.9669 62.1066 57.5361 25.326 31.1975 25.7709 8.70428 5.95134
internal_count=1236 251 203 985 284 244 95 149 701 363 212 338 307 151 177 147 48 40
is_linear=0
shrinkage=0.03


Tree=249
num_leaves=14
num_cat=0
split_feature=65 314 115 20 0 10 307 274 35 307 158 291 116
split_gain=1.55677 2.14576 3.40706 2.83799 2.79783 3.73336 5.25793 3.61654 2.68426 2.68425 2.46914 2.08644 1.4959
threshold=3.6750000000000003 0.15185821667532318 -0.019649999999999997 0.15000000000000005 58.765000000000008 16.275000000000002 0.95768602386713675 0.079903315933077909 5.5000000000000009 0.85180486083528584 15.118806789700002 -0.5599999999999995 0.50600000000000012
decision_type=2 2 2 2 2 2 2 2 2 2 2 2 2
left_child=-1 2 3 11 7 6 -6 8 -3 -7 -4 -2 -9
right_child=1 4 10 -5 5 9 -8 12 -10 -11 -12 -13 -14
leaf_value=0.018692694437854328 0.019013690053806084 -0.020882528164538731 -0.0025016913567787258 -0.023861169566504269 -0.036004758124567895 0.009832638202979643 -0.0020554391926114928 0.036984701181141923 0.015357099707044004 -0.00067006458003519831 -0.034194949019171042 -0.010753915776273411 0.01089937993042623
leaf_weight=3.8433976881206027 6.4721113406121722 3.6741999015212086 3.8430889490991813 2.9286692496389142 5.9614847619086531 26.453289955854416 13.425496434792874 4.7259897291660291 3.4366805106401443 122.87012534402311 5.9795794412493706 2.9105792790651348 4.2557367496192455
leaf_count=25 40 27 28 22 38 149 81 23 17 695 47 20 24
internal_value=6.5591e-06 -0.000334865 -0.00914986 0.00115354 0.000709068 -0.000416753 -0.01278 0.0126268 -0.00298184 0.00117579 -0.0222476 0.00944717 0.0252114
internal_weight=210.78 206.937 22.134 12.3114 184.803 168.71 19.387 16.0926 7.11088 149.323 9.82267 9.38269 8.98173
internal_count=1236 1211 157 82 1054 963 119 91 44 844 75 60 47
is_linear=0
shrinkage=0.03


Tree=250
num_leaves=17
num_cat=0
split_feature=132 11 29 76 76 46 176 15 137 54 31 15 314 144 77 105
split_gain=1.54419 3.87604 3.40924 3.27732 3.6171 3.45861 3.38938 2.85079 2.74563 3.13649 2.37734 2.24439 1.78809 1.37473 1.23412 0.026877
threshold=66.658425000000008 18.975000000000005 1.0000000180025095e-35 10.430450000000002 11.918950000000001 0.46880000000000005 2.3294573632000009 15.940000000000003 7.4989250000000007 0.58420000000000016 1.0000000180025095e-35 14.56 0.22444925736065832 0.26001253876800007 66.760000000000005 0.38075000000000009
decision_type=2 2 2 2 2 2 2 2 2 2 2 2 2 2 2 2
left_child=3 11 13 6 -5 10 -1 -7 9 -8 -6 -2 -10 -3 -13 -15
right_child=1 2 -4 4 5 7 8 -9 12 -11 -12 14 -14 15 -16 -17
leaf_value=0.023041654155669111 0.0089353650607051707 0.0081313623303571093 -0.0025269827220645415 -0.035464711651647378 0.027184444041158551 0 0.0005000005541635717 -0.02962632378617348 0 -0.011728738068903991 -0.0063561679812424391 -0.030725381126613681 0.025868453448946515 0.025132953606095836 -0.0047706764884195242 0.038012551576191871
leaf_weight=5.6969996765255919 4.9122195448726433 3.3868792057037371 5.6766883656382552 4.5077498368918922 3.6852950938045979 5.3226786088198406 120.93250077031553 6.080445047467947 3.9873868748545629 22.188070688396692 3.5388909913599518 3.1945790555328131 5.6118391901254654 3.5853870883584023 4.0526479855179787 4.0207967013120651
leaf_count=28 35 19 35 32 19 34 693 41 20 140 23 20 26 22 30 19
internal_value=4.58048e-06 0.00645611 0.0158632 -0.00100635 -0.0115338 -0.00542399 0.000518452 -0.0157652 -0.000316642 -0.00138175 0.0104819 -0.00621987 0.0151049 0.0255673 -0.0168823 0.0327356
internal_weight=210.381 28.8292 16.6698 181.552 23.1351 18.6273 158.417 11.4031 152.72 143.121 7.22419 12.1594 9.59923 10.9931 7.24723 7.60618
internal_count=1236 180 95 1056 149 117 907 75 879 833 42 85 46 60 50 41
is_linear=0
shrinkage=0.03


Tree=251
num_leaves=10
num_cat=0
split_feature=181 264 298 298 46 109 314 50 90
split_gain=1.54404 2.15457 1.84658 3.34016 4.14653 3.19488 4.06774 3.59615 2.99756
threshold=0.034288336900000008 -0.90841355905861365 1.3434841405462512 1.1866006812765797 0.3867000000000001 0.32185000000000002 0.29928383749346715 0.54300000000000004 46918028.030000009
decision_type=2 2 2 2 2 2 2 2 2
left_child=-1 -2 3 8 -5 6 -4 -7 -3
right_child=1 2 5 4 -6 7 -8 -9 -10
leaf_value=-0.015609526102310832 -0.021371840411854762 0.0061582285341234347 -0.012503152999934999 -0.01031404627367744 0.025651106690501791 0.014996772352929949 0.016893429749663538 -0.0051308766705922982 -0.0034840009881357986
leaf_weight=5.4389542229473582 3.8848418686538926 57.21510112285614 33.857046875171363 3.6922882813960305 11.047755701467393 14.483661718666555 4.6720411702990523 17.298773402348161 58.342011855915189
leaf_count=35 30 320 224 27 59 77 27 107 330
internal_value=4.97507e-06 0.000442367 0.00089019 0.0030153 0.0164311 -0.00300401 -0.00882635 0.00396572 0.00126536
internal_weight=209.932 204.494 200.609 130.297 14.74 70.3115 38.5291 31.7824 115.557
internal_count=1236 1201 1171 736 86 435 251 184 650
is_linear=0
shrinkage=0.03


Tree=252
num_leaves=11
num_cat=0
split_feature=48 288 264 296 318 48 279 314 315 24
split_gain=1.5498 2.80018 2.00141 2.01945 4.17327 3.98023 2.91402 4.43413 3.07223 1.75542
threshold=-0.26059999999999994 -1.5749999999999991 -0.90841355905861365 0.71963408414042995 0.20764871907455398 0.18590000000000004 -0.45133837094342133 0.2940517751148885 -0.19331520454193904 -0.74499999999999988
decision_type=2 2 2 2 2 2 2 2 2 2
left_child=1 -1 -2 4 5 -4 8 -8 -5 -6
right_child=2 -3 3 6 9 -7 7 -9 -10 -11
leaf_value=-0.0086128086118633252 -0.022338412447051207 0.02943869823794016 0.0016305669736948073 -0.017206920135017734 0 0.017485887578642337 -0.0091550346814575963 0.0088466461636396588 0.0097097635591125702 -0.029777955991596126
leaf_weight=2.7330174595117569 3.5950514189898959 4.1254846043884745 65.246571669355035 4.37965174391866 2.6660752296447754 18.341777155175805 65.185167768038809 14.931248500943182 23.917407049797475 4.4818195998668662
leaf_count=16 28 29 369 34 16 104 385 89 140 26
internal_value=3.50344e-06 0.0139387 -0.00045975 -3.87266e-05 0.00324621 0.00516228 -0.00281614 -0.00575583 0.00539219 -0.0185088
internal_weight=209.603 6.8585 202.745 199.15 90.7362 83.5883 108.413 80.1164 28.2971 7.14789
internal_count=1236 45 1191 1163 515 473 648 474 174 42
is_linear=0
shrinkage=0.03


Tree=253
num_leaves=9
num_cat=0
split_feature=304 149 132 307 66 53 80 11
split_gain=1.54112 2.39278 2.01712 2.47875 2.14791 3.81044 2.96312 1.02289
threshold=1.1552604006831293 10.895873353500003 105.34610000000002 1.4831409208516195 4.870000000000001 0.46444243697478999 20220413.000000004 19.425000000000004
decision_type=2 2 2 2 2 2 2 2
left_child=2 -2 3 4 6 -6 -1 -3
right_child=1 7 -4 -5 5 -7 -8 -9
leaf_value=-0.0019933241533623305 0.0065923797646071734 -0.035287042955739256 0.021789832551164963 0.024760698674602198 -0.018048057100245207 -0.00031322057144708346 0.0068922407124839945 -0.0070139700731635182
leaf_weight=81.780739098787308 3.5106330066919309 3.2089359369128942 3.8528688307851544 3.5113138221204272 15.267212605103849 38.792869042605162 57.042098922654986 2.3297346197068691
leaf_count=433 25 27 29 19 100 232 355 16
internal_value=3.06063e-06 -0.012023 0.00056723 0.000124739 -0.000320796 -0.00540122 0.00163848 -0.0242619
internal_weight=209.296 9.0493 200.247 196.394 192.883 54.0601 138.823 5.53867
internal_count=1236 68 1168 1139 1120 332 788 43
is_linear=0
shrinkage=0.03


Tree=254
num_leaves=9
num_cat=0
split_feature=285 279 264 272 272 106 133 178
split_gain=1.51879 2.39046 2.15394 2.50331 4.74698 2.82487 2.78666 2.26735
threshold=-14.209999999999999 0.37810408920805322 1.5161628571945247 0.72575851042959738 0.59476465896514996 -0.24929999999999999 47.511336146828967 1.2293732319000001
decision_type=2 2 2 2 2 2 2 2
left_child=1 -1 3 4 5 -2 7 -5
right_child=2 -3 -4 6 -6 -7 -8 -9
leaf_value=-0.031218408092436409 -0.0063312044042741463 0.0060313740679582744 0.024129448261962456 -0.034023136412062553 0.027951136691110327 0.002300524002391841 0.0064768574609672227 -0.0030246046648489695
leaf_weight=3.3678027242422095 45.549992440268397 2.5494799241423607 3.3016004897654048 5.4257048387080413 5.5902329487726083 134.89508861210197 4.5268074795603743 3.8533283863216639
leaf_count=24 279 16 16 42 27 775 31 26
internal_value=1.89358e-06 -0.0148371 0.000455983 3.79942e-05 0.0009702 0.000102689 -0.0122245 -0.0216397
internal_weight=209.06 5.91728 203.143 199.841 186.035 180.445 13.8058 9.27903
internal_count=1236 40 1196 1180 1081 1054 99 68
is_linear=0
shrinkage=0.03


Tree=255
num_leaves=11
num_cat=0
split_feature=48 288 181 139 56 106 314 319 133 302
split_gain=1.51722 2.6642 2.11579 2.26565 4.8644 4.40908 4.93838 4.26702 4.24768 3.47312
threshold=-0.26059999999999994 -1.5749999999999991 0.034288336900000008 58.552659755000008 -0.030499999999999996 -0.17874999999999996 0.25695215083010908 0.89020404624038363 16.306336685383773 0.81025585767343766
decision_type=2 2 2 2 2 2 2 2 2 2
left_child=1 -1 -2 4 9 6 -5 -7 -6 -4
right_child=2 -3 3 5 8 7 -8 -9 -10 -11
leaf_value=-0.00815776246958538 -0.020790648093105706 0.029148332406910858 0.027017973038180425 -0.01944997634766463 -0.02770018850180514 0.0072140368207159111 0.0060013485283756376 -0.0060581150540967403 0.00097871309849523061 0.0057721740567066087
leaf_weight=2.7084675803780556 4.4022731259465209 4.0600371211767188 10.593730945140125 23.14990412350744 5.1226623207330695 45.976391447708011 9.4557760227471572 41.169561727903783 40.883597236126661 21.326704554259777
leaf_count=16 30 29 57 154 30 258 57 251 237 117
internal_value=1.45825e-06 0.0138818 -0.00045525 0 0.00398638 -0.00258221 -0.0119815 0.000909853 -0.00220268 0.0129793
internal_weight=208.849 6.7685 202.081 197.678 77.9267 119.752 32.6057 87.146 46.0063 31.9204
internal_count=1236 45 1191 1161 441 720 211 509 267 174
is_linear=0
shrinkage=0.03


Tree=256
num_leaves=12
num_cat=0
split_feature=41 41 71 289 51 263 276 140 279 181 110
split_gain=1.51489 3.05827 3.18879 2.6892 2.93442 2.79311 2.33431 2.89129 1.62375 0.754154 0.277071
threshold=20250918.500000004 20240213.500000004 20231019.000000004 -0.60000000000000042 0.015800000000000005 0.2615029443206987 -7.0372223751856868 3.1143494560500002 0.06777668129058427 0.27011067835000008 0.18605000000000002
decision_type=2 2 2 2 2 2 2 2 2 2 2
left_child=1 2 6 4 -3 10 -1 -8 -6 -2 -5
right_child=9 3 -4 5 8 -7 7 -9 -10 -11 -12
leaf_value=-0.021085629885117245 0 -0.021416534740551323 -0.026990763030592911 0.033591733249283787 0.026620714277644016 -0.0048619726229030416 0.024747397471878447 -0.00030908663996829247 -0.0030493288533709412 -0.029557159547061795 0.016269422121420348
leaf_weight=4.6228790376335374 1.0250735972076648 3.6064482592046279 4.0168652161955825 6.2259076908230764 3.2500811889767647 2.5871434919536105 4.1443661078810683 171.59806381724775 2.9376950636506081 2.2101307576522231 2.2285116910934448
leaf_count=33 12 21 37 50 23 15 24 931 19 52 19
internal_value=1.35844e-06 0.000341526 -0.000876696 0.0112179 0 0.0213001 -0.000263859 0.000278473 0.012233 -0.0200402 0.02962
internal_weight=208.453 205.218 184.382 20.8358 9.79422 11.0416 180.365 175.742 6.18778 3.2352 8.45442
internal_count=1236 1172 1025 147 63 84 988 955 42 64 69
is_linear=0
shrinkage=0.03


Tree=257
num_leaves=14
num_cat=0
split_feature=311 132 69 295 76 131 137 136 78 3 29 319 294
split_gain=1.53242 2.25245 2.24237 4.33388 5.02739 4.17349 3.50843 4.52344 4.3074 1.93926 2.56965 2.27065 1.61279
threshold=0.087141989315513882 105.34610000000002 331.50000000000006 1.3780402412430151 6.5945000000000009 76.262342156862744 2.6441250000000003 3.9271753196930956 5.1450000000000005 62.445000000000007 1.0000000180025095e-35 0.77779270331332362 0.80319342293558871
decision_type=2 2 2 2 2 2 2 2 2 2 2 2 2
left_child=1 2 3 4 -1 -5 8 -8 -4 11 -11 -2 -12
right_child=9 -3 6 5 -6 -7 7 -9 -10 10 12 -13 -14
leaf_value=0.017263614246426581 0.027569819033039681 0.021883634314112162 0.0016936801374392912 -0.011472916295886015 -0.013285806689325545 0.019105530894081801 -0.021457439741062602 -0.0025388260590005493 0.035901402856571209 -0.036338289429746748 0.010944445053729528 -0.0097223592896223694 -0.020797283980652139
leaf_weight=28.231691054999828 2.2164278328418723 4.3342984318733206 48.508330458775163 18.175494829192761 5.6590702645480624 5.0028644958510986 13.818096864968537 65.519118692725897 3.4809148013591757 3.8133464902639371 2.8755089230835438 3.8017473462969065 2.6113009788095951
leaf_count=153 13 27 284 109 33 33 82 371 15 34 22 37 23
internal_value=0 0.000742086 0.000228429 0.00520234 0.0120501 -0.00469021 -0.00191252 -0.00589449 0.00410616 -0.00908642 -0.0176621 0.00374774 -0.00372706
internal_weight=208.048 192.73 188.396 57.0691 33.8908 23.1784 131.326 79.3372 51.9892 15.3183 9.30016 6.01818 5.48681
internal_count=1236 1107 1080 328 186 142 752 453 299 129 79 50 45
is_linear=0
shrinkage=0.03


Tree=258
num_leaves=6
num_cat=0
split_feature=46 141 285 285 298
split_gain=1.50763 2.22542 1.7101 2.56992 2.33867
threshold=0.20360000000000003 39.778616969150001 -14.209999999999999 -13.375000000000002 1.3434841405462512
decision_type=2 2 2 2 2
left_child=-1 2 -2 -4 -5
right_child=1 -3 3 4 -6
leaf_value=0.019110887984191954 -0.016424111383993658 -0.023412105672350688 0.026960847637984387 0.0025653952027437491 -0.0043538860472416762
leaf_weight=3.5551565252244464 5.3824514746665946 3.59152110479772 3.164170302450656 123.87390153575689 67.988242886029184
leaf_count=25 35 23 15 703 435
internal_value=0 -0.000327644 8.256e-05 0.000561679 9.68608e-05
internal_weight=207.555 204 200.409 195.026 191.862
internal_count=1236 1211 1188 1153 1138
is_linear=0
shrinkage=0.03


Tree=259
num_leaves=11
num_cat=0
split_feature=65 314 114 276 113 113 305 137 158 19
split_gain=1.49398 2.0422 3.21231 2.62895 2.5909 2.98925 3.43248 2.98732 2.35352 2.34397
threshold=3.6750000000000003 0.15185821667532318 -0.019649999999999997 0.22226011802242052 0.18825000000000003 0.24160000000000001 1.0242609168249324 2.6441250000000003 15.118806789700002 13.685
decision_type=2 2 2 2 2 2 2 2 2 2
left_child=-1 2 3 9 -3 6 -6 -7 -4 -2
right_child=1 4 8 -5 5 7 -8 -9 -10 -11
leaf_value=0.018453368358278047 0.0099528335568189359 0.025056538711000154 -0.0024825627078888745 0.022167051838878928 -0.00052018157173779197 0.0070697091676417828 -0.030356721787556391 -0.0015151704503831589 -0.033779446036648564 -0.02150547724625395
leaf_weight=3.7804820723831645 3.5198117569088954 3.7442421093583098 3.7804327066987735 3.6561390403658143 8.8196081537753326 54.425282107666135 5.8610289692878714 109.16408882942051 5.813118021003902 4.8414846397936344
leaf_count=25 22 26 28 23 56 304 37 631 47 37
internal_value=0 -0.000337238 -0.00904401 0.00107456 0.000684463 0.000141992 -0.0127597 0.00132522 -0.0219089 -0.00794696
internal_weight=207.406 203.625 21.611 12.0174 182.014 178.27 14.6806 163.589 9.59355 8.3613
internal_count=1236 1211 157 82 1054 1028 93 935 75 59
is_linear=0
shrinkage=0.03


Tree=260
num_leaves=14
num_cat=0
split_feature=304 149 76 178 263 10 177 121 153 298 180 149 11
split_gain=1.49524 2.29626 1.88605 4.55686 4.64227 3.07907 5.69315 3.21896 2.79943 3.74684 3.51756 2.48485 0.993957
threshold=1.1552604006831293 10.895873353500003 10.430450000000002 1.4442598495500001 0.024273142072184565 24.525000000000002 0.71955001500000015 -0.17144999999999996 2.0129881831080003 1.3330231839954407 2.5141467276680003 2.4933794332500003 19.425000000000004
decision_type=2 2 2 2 2 2 2 2 2 2 2 2 2
left_child=2 -2 5 4 -4 8 -7 -8 9 -1 -10 -6 -3
right_child=1 12 3 -5 11 6 7 -9 10 -11 -12 -13 -14
leaf_value=0.005497365270815081 0.0063414013273768244 -0.035067172891097585 0.011197288045655687 0.014544117920897284 0.0050127926172654005 0.034834181072181614 -0.022391913163615416 0.010742406005358651 -0.020846121830363714 -0.0062704918395632353 0.0013299529444659077 -0.024182490784166996 -0.0069609388283227826
leaf_weight=88.562593720853329 3.480982977896927 3.1404327675700188 5.5726542659103933 7.1848460882902137 2.9052032306790379 6.8553184121847179 3.6473074331879625 8.7718072179704869 11.539309086278083 33.291548513807356 13.856952265836297 15.93772325105965 2.3085542693734169
leaf_count=490 25 27 37 39 16 34 23 51 65 216 84 113 16
internal_value=0 -0.0119259 0.000556625 -0.00612918 -0.0123697 0.00184627 0.0130934 0.000670588 0.000345821 0.00225519 -0.00867078 -0.0195201 -0.0240402
internal_weight=207.055 8.92997 198.125 31.6004 24.4156 166.525 19.2744 12.4191 147.25 121.854 25.3963 18.8429 5.44899
internal_count=1236 68 1168 205 166 963 108 74 855 706 149 129 43
is_linear=0
shrinkage=0.03


Tree=261
num_leaves=21
num_cat=0
split_feature=112 101 0 101 57 106 136 174 116 136 174 52 54 285 318 278 172 145 106 2
split_gain=1.50017 2.60352 3.86502 4.67243 2.79942 2.41835 2.31945 4.4751 3.47135 3.82292 3.28943 4.40651 3.56666 3.52234 3.72288 2.84256 2.15629 2.98832 1.92123 1.62101
threshold=0.54585000000000006 0.45765000000000006 67.790000000000006 0.22695000000000004 0.50100401606425715 0.033150000000000006 2.8668777777777783 0.68102485835000004 0.51400000000000012 1.8367066017316021 0.17624236210000002 0.11260000000000002 0.47770000000000007 5.9850000000000003 -0.12223217400363483 0.79367795322532764 2.4608354542500002 11.351447482800003 -0.039799999999999995 65.960000000000022
decision_type=2 2 2 2 2 2 2 2 2 2 2 2 2 2 2 2 2 2 2 2
left_child=6 2 3 -2 -5 -4 7 8 9 -1 13 15 -13 14 -8 -12 18 -18 -9 -7
right_child=1 -3 5 4 -6 19 10 16 -10 -11 11 12 -14 -15 -16 -17 17 -19 -20 -21
leaf_value=0.00086295576104363479 0.023161255609241066 0.025581675219074479 -0.0037882014208012395 -0.028026324148572045 0 0.0028611123170142606 0.0094299417779680327 -0.0045703991313788628 -0.0084048704821826029 0.02327220594779723 0.013160902142074465 -0.02906356695682338 0.00083876209294201449 0.014912578227219923 -0.011916900945854356 -0.011798029754879953 0.019096001397358009 -0.020674989042500726 -0.035246070053987041 0.030259543246573348
leaf_weight=11.68219216912985 3.3819578327238622 4.9606137573719016 4.5792905874550334 7.285145550966261 5.9718704838305712 3.1086785383522493 8.143748549744485 3.9560924153774977 7.2650938741862765 17.542288884520531 26.293415941298012 5.6494798064231864 9.0529953576624376 5.6889458894729605 59.981860022991896 4.657585894688963 3.9953468777239323 2.7813180275261402 3.8779482059180719 6.7011580597609282
leaf_count=72 21 33 28 49 38 22 46 27 39 94 138 35 61 33 363 29 25 21 23 39
internal_value=0 0.00556975 0.00220207 -0.0075099 -0.0156738 0.0136139 -0.00116241 0.00415483 0.00980716 0.0144501 -0.00346343 0.00281526 -0.0105674 -0.00738587 -0.00931104 0.0092825 -0.00972839 0.00227342 -0.0203862 0.0219964
internal_weight=206.557 35.9887 31.0281 16.639 13.257 14.3891 170.568 51.1003 36.4896 29.2245 119.468 45.6535 14.7025 73.8146 68.1256 30.951 14.6107 6.77666 7.83404 9.80984
internal_count=1236 230 197 108 87 89 1006 301 205 166 705 263 96 442 409 167 96 46 50 61
is_linear=0
shrinkage=0.03


Tree=262
num_leaves=11
num_cat=0
split_feature=283 281 22 154 19 291 186 117 76 290
split_gain=1.4993 2.23019 2.07947 1.97919 2.00671 1.95683 2.8086 2.64294 1.59051 1.5624
threshold=0.018137056739739459 1.0000749777644931 -0.18999999999999997 0.16614813275000004 12.625000000000002 -4.8749999999999991 -7.782114241799996 1037.7350000000004 6.113500000000001 -1.0000000180025095e-35
decision_type=2 2 2 2 2 2 2 2 2 2
left_child=1 9 -3 8 -5 6 -6 -7 -2 -1
right_child=3 2 -4 4 5 7 -8 -9 -10 -11
leaf_value=-0.028985560107291863 0.029259508927512948 0.021073522621921057 -0.011434194125952875 0.01989183326017618 0.0065299371559943359 -0.025463827527345776 -0.014410391325652387 0.0015387125884213182 0 -0.00081085314939425646
leaf_weight=5.3548512589186421 3.7701436243951312 3.1689327955245972 3.6779086161404839 4.4159240871667853 8.0892099495977181 3.2268353924155226 18.335672128945589 149.86370038054883 3.0284028388559818 2.9646031204611054
leaf_count=38 20 18 29 25 46 18 116 879 22 25
internal_value=0 -0.00903338 0.00326632 0.000736862 0.000128657 -0.000351602 -0.00788657 0.00093372 0.0165163 -0.0194308
internal_weight=205.896 15.1663 6.84684 190.73 183.931 179.515 26.4249 153.091 6.79855 8.31945
internal_count=1236 110 47 1126 1084 1059 162 897 42 63
is_linear=0
shrinkage=0.03


Tree=263
num_leaves=19
num_cat=0
split_feature=138 104 302 106 151 116 138 280 41 137 112 296 15 120 119 267 305 303
split_gain=1.47517 3.02826 4.1486 4.12309 3.30753 2.98966 2.37274 3.11815 3.76232 2.69593 3.04386 4.24801 3.51848 2.03189 2.67293 2.01308 1.92237 1.86264
threshold=69.809271121538487 0.57500000000000007 1.120891292060558 0.63370000000000004 0.30022613435000006 0.51000000000000012 190.12491336307974 0.13608683754965498 20220330.500000004 10.034975000000001 0.46250000000000008 2.5315246431516738 18.440000000000001 14537.675000000001 12001.885 0.10510523508472151 1.0070672260513438 0.13445000000000004
decision_type=2 2 2 2 2 2 2 2 2 2 2 2 2 2 2 2 2 2
left_child=1 2 4 16 -1 -4 9 13 -9 10 12 -12 -2 14 -8 -6 -3 -15
right_child=6 3 5 -5 15 -7 7 8 -10 -11 11 -13 -14 17 -16 -17 -18 -19
leaf_value=-0.0089203849191848705 -0.023757821122176857 -0.0017059486356153836 0.006942136599021485 0.014654940296826088 0.015111009180293429 -0.029411880908088606 0.0059397636995218595 -0.027158442371507215 0.010704370378217374 -0.028410036517235809 0.0017057880691496335 -0.019710577113962183 0.0086706782712908711 -0.025752916309190323 0.03096468084402948 0.038269048636963947 -0.034689753138550869 0.0053090980689745899
leaf_weight=3.7867682427167955 11.42816276103258 2.8284600488841516 4.4708778373897067 4.2268389798700809 15.190292529761793 3.4611620604991913 42.635842376388609 5.9019499719142896 3.6837364621460438 3.9020719788968554 71.112935442477465 9.327720580622552 3.8569947201758614 3.1309205982834092 4.2300265915691844 4.7676928229629985 4.2761123925447464 3.4359690435230732
leaf_count=23 82 18 27 25 88 20 258 34 26 25 404 61 25 24 25 25 25 21
internal_value=0 0.00494711 0.00974464 -0.00816981 0.0160481 -0.00871619 -0.00129428 0.00323178 -0.0123379 -0.00418764 -0.00314034 -0.000761747 -0.0153768 0.00609881 0.00832346 0.0209559 -0.0221806 -0.00921462
internal_weight=205.655 43.0082 31.6768 11.3314 23.7448 7.93204 162.646 63.0184 9.58569 99.6279 95.7258 80.4407 15.2852 53.4328 46.8659 19.958 7.10457 6.56689
internal_count=1236 251 183 68 136 47 985 388 60 597 572 465 107 328 283 113 43 45
is_linear=0
shrinkage=0.03


Tree=264
num_leaves=14
num_cat=0
split_feature=311 132 69 295 76 138 77 139 319 43 78 279 304
split_gain=1.4747 2.14531 2.19084 3.92785 4.65656 4.06975 3.35913 3.64751 1.8828 2.53905 2.07724 1.81286 0.946013
threshold=0.087141989315513882 105.34610000000002 331.50000000000006 1.3780402412430151 6.5945000000000009 309.04726313611116 12.460000000000003 65.445006700000008 0.93861035348013677 0.14460000000000003 2.3850000000000002 -0.12008423652671527 0.9965992286195986
decision_type=2 2 2 2 2 2 2 2 2 2 2 2 2
left_child=1 2 3 4 -1 -5 12 -8 9 -2 -11 -10 -4
right_child=8 -3 6 5 -6 -7 7 -9 11 10 -12 -13 -14
leaf_value=0.016812923240870595 0.025919576007156154 0.021591735610229187 0.0063921587883796777 -0.0096951594078567311 -0.012781218635266017 0.025474370153335819 0.0020137037784432894 -0.0082950700779918351 0.00047316183040062765 0.012983837992607534 -0.022633087797683544 -0.031880850948289866 0.030007805346780381
leaf_weight=27.794498663395643 2.3873528745025379 4.2376376502215853 3.6647039651870719 19.478483583778146 5.5817780494689933 3.3618062846362582 61.853713076561689 60.854991758242249 2.1109484992921352 2.0982239041477442 4.024923749268055 4.3785722684115163 3.2627037949860096
leaf_count=153 19 27 22 123 33 19 351 360 18 14 38 40 19
internal_value=0 0.00072821 0.00022501 0.00518034 0.0117507 -0.00429939 -0.00190308 -0.0030769 -0.00901203 0 -0.00993362 -0.0210538 0.0182104
internal_weight=205.09 190.09 185.853 56.2166 33.3763 22.8403 129.636 122.709 15 8.5105 6.12315 6.48952 6.92741
internal_count=1236 1107 1080 328 186 142 752 711 129 71 52 58 41
is_linear=0
shrinkage=0.03


Tree=265
num_leaves=18
num_cat=0
split_feature=14 304 153 168 109 283 283 304 4 300 291 300 53 186 116 75 304
split_gain=1.48202 4.14264 3.21577 2.50476 3.52213 2.18672 2.56511 3.7311 3.96842 3.6436 3.47895 4.07518 3.37099 2.22748 2.29146 2.06724 0.513292
threshold=22.125000000000004 0.97652532653124935 0.48553733154800011 1.0916669728000001 0.32290000000000002 0.018137056739739459 0.088886444608152371 1.0816456225588957 65.340000000000018 0.60614383235728786 -4.8749999999999991 1.6810727786259008 0.53135588235294129 -0.23553253645000008 0.48200000000000004 7.9568000000000003 1.0312013239875391
decision_type=2 2 2 2 2 2 2 2 2 2 2 2 2 2 2 2 2
left_child=5 2 -2 15 -5 13 7 8 -7 -9 11 -8 -12 14 -1 16 -3
right_child=1 3 -4 4 -6 6 10 9 -10 -11 12 -13 -14 -15 -16 -17 -18
leaf_value=0 -0.032429697249451564 0.037875308001002653 0.0063698439389646526 -0.019785843365511816 0.017156330996408394 0.0036659246936945732 -0.02505513193557753 0.0077285852990812863 0.024736799140406697 -0.032088665497967503 -0.003416429754825995 0.011515650260062901 0.011873320405517312 0.0032156322373715911 -0.033661857806506372 0.002467461078311738 0.018999897212661095
leaf_weight=2.9310422055423242 3.6570513658225563 4.7205782905221003 3.6718744188547134 3.9439141787588579 5.3281749188899994 42.412908164784312 11.357243772596119 3.5806901715695849 10.0023295879364 4.4142660442739725 72.372268173843622 3.4133346900343886 15.683552877977489 4.6325257979333392 5.3422827105969191 3.6653355266898862 3.497500766068697
leaf_count=22 26 22 22 25 30 249 73 19 56 36 427 20 89 29 46 24 21
internal_value=0 0.0063505 -0.0127628 0.013142 0.0010793 -0.00101353 -5.17917e-05 0.00483122 0.00778343 -0.01401 -0.0029516 -0.0163816 -0.000648774 -0.0128533 -0.02214 0.022216 0.0305278
internal_weight=204.627 28.4844 7.32893 21.1555 9.27209 176.142 163.237 60.4102 52.4152 7.99496 102.826 14.7706 88.0558 12.9059 8.27332 11.8834 8.21808
internal_count=1236 170 48 122 55 1066 969 360 305 55 609 93 516 97 68 67 43
is_linear=0
shrinkage=0.03


Tree=266
num_leaves=20
num_cat=0
split_feature=314 106 69 278 105 105 68 14 183 147 314 70 152 283 77 3 48 282 75
split_gain=1.42727 2.76602 3.57529 3.68891 3.59615 4.73714 3.13744 3.13869 2.946 4.47347 4.42324 2.91928 2.86398 2.22406 3.64492 3.02432 3.89591 1.82119 1.45559
threshold=0.27997802381743125 -0.13174999999999998 333.50000000000006 0.20872243229648216 0.19725000000000001 0.23770000000000002 0.59123859026016645 20.925000000000004 -0.19587113389999999 0.12564344670000008 0.17785841135917627 20221217.500000004 0.63808054530000013 0.26890664992961538 23.635000000000002 73.225000000000009 0.068350000000000008 10.471410650479411 2.1328500000000004
decision_type=2 2 2 2 2 2 2 2 2 2 2 2 2 2 2 2 2 2 2
left_child=1 2 4 18 -1 -6 8 11 10 -10 -3 -8 -5 14 -2 16 -16 -15 -4
right_child=13 6 3 12 5 -7 7 -9 9 -11 -12 -13 -14 17 15 -17 -18 -19 -20
leaf_value=-0.02509845432715585 0.034613665778783859 -0.0030213102288208964 -0.010257106594287963 0.021658564558742661 0.021347938132065408 -0.0042600045449719143 -0.028378970847903522 0.011349324256181565 0.0061271727234747586 -0.0118184033909062 0.018874625535329256 0.0048396132006782921 -0.014357711711203499 -0.024481059110468939 0.020984440022934883 -0.014457614133888122 -0.0020638774691397856 0.0049172557915831347 -0.035815826623838511
leaf_weight=4.8227272145450106 4.0218576472252598 12.995277833193539 3.3551156837493199 2.8912058025598508 8.6650293413549644 24.764961523003876 8.1549990475177747 3.9975528344511977 33.202740153297782 19.888375272974372 21.791064077988267 3.1081911902874699 5.7406251318752766 3.7349687218666068 12.423809060826903 5.9950184859335414 13.476184900850056 3.4276644513010979 7.6061016041785479
leaf_count=30 23 77 20 17 46 157 54 25 182 124 118 25 42 25 76 36 82 20 57
internal_value=6.37549e-07 -0.001283 -0.00653844 -0.0169356 -0.00110455 0.00233196 0.00163897 -0.0108222 0.00384691 -0.00054857 0.0106237 -0.018986 -0.00184071 0.00485881 0.00795013 0.0043965 0.00891483 -0.0101255 -0.0284272
internal_weight=204.063 160.984 57.8458 19.593 38.2527 33.43 103.138 15.2607 87.8775 53.0911 34.7863 11.2632 8.63183 43.0795 35.9169 31.895 25.9 7.16263 10.9612
internal_count=1236 974 369 136 233 203 605 104 501 306 195 79 59 262 217 194 158 45 77
is_linear=0
shrinkage=0.03


Tree=267
num_leaves=8
num_cat=0
split_feature=309 48 181 139 55 106 290
split_gain=1.4482 1.84802 3.09301 2.14138 4.24103 3.68983 1.77377
threshold=-0.19806393032882916 -0.25174999999999997 0.034288336900000008 58.552659755000008 -0.030499999999999996 -0.17874999999999996 -1.5749999999999991
decision_type=2 2 2 2 2 2 2
left_child=-1 6 -3 4 -4 -5 -2
right_child=1 2 3 5 -6 -7 -8
leaf_value=-0.018776742166662117 0.00080577714383149937 -0.026722473807870357 0.012918798232498011 -0.011108634482507379 -0.0015984247723763499 0.0010094099713946368 0.032004823157533398
leaf_weight=3.525737799704074 3.8005509376525879 3.7749115303158751 30.455628495663404 30.6156922923401 43.68310771510005 84.40434668213129 3.0981725789606562
leaf_count=25 27 27 170 203 260 505 19
internal_value=0 0.000354124 -0.000179757 0.000347926 0.0043341 -0.00219692 0.0155028
internal_weight=203.358 199.832 192.934 189.159 74.1387 115.02 6.89872
internal_count=1236 1211 1165 1138 430 708 46
is_linear=0
shrinkage=0.03


Tree=268
num_leaves=9
num_cat=0
split_feature=149 162 282 282 270 270 314 174
split_gain=1.42207 2.42551 2.15225 2.43731 3.95203 3.46989 2.36026 1.29387
threshold=2.4062547741000002 0.017580873264000003 13.421433693898882 6.8249204614646937 -2.8570521912191387 -3.305178152081822 0.24437357312939331 0.32096294235000006
decision_type=2 2 2 2 2 2 2 2
left_child=-1 7 3 4 -3 -5 -4 -2
right_child=1 2 6 5 -6 -7 -8 -9
leaf_value=0.016698844357364555 -0.028429092047463703 0.011623056873638214 -0.0019478959269640761 -0.032107410105566669 -0.0012884699913659197 -0.0033520761124275866 0.025009193727376641 -0.00034745799480214975
leaf_weight=4.3950684592127791 4.0599537640810004 25.273904237896204 5.0052110031247121 4.8246580101549652 132.8888981603086 17.716675020754337 6.2968034390360117 2.6355304829776287
leaf_count=26 32 154 31 33 796 112 35 17
internal_value=0 -0.000364436 0.000243427 -0.00053799 0.000761835 -0.00975388 0.0128955 -0.0179846
internal_weight=203.097 198.702 192.006 180.704 158.163 22.5413 11.302 6.69548
internal_count=1236 1210 1161 1095 950 145 66 49
is_linear=0
shrinkage=0.03


Tree=269
num_leaves=15
num_cat=0
split_feature=14 110 274 283 186 283 283 291 51 41 68 296 283 181
split_gain=1.42452 3.90291 3.04716 2.69092 2.11938 2.21636 2.73618 3.56165 3.41812 1.99318 1.88288 1.86949 1.75377 0.316022
threshold=22.125000000000004 0.16465000000000005 0.50422411778427023 0.077938183122122875 10.598470880400006 0.018137056739739459 0.088886444608152371 -4.8749999999999991 0.28520000000000006 20211122.500000004 0.39275000000000004 0.76678739048118116 0.12651839080780233 0.35652158115000004
decision_type=2 2 2 2 2 2 2 2 2 2 2 2 2 2
left_child=4 2 9 -3 5 10 8 -8 -7 -2 11 -1 -5 -12
right_child=1 3 -4 12 -6 6 7 -9 -10 -11 13 -13 -14 -15
leaf_value=0.011101163827749522 -0.010863210134542022 -0.0021706169837397808 -0.02259481644618359 0.040698777952337208 0.020544559035845504 0.0097942108555845921 -0.017397374847611748 -0.0012236299746625002 -0.0054346300314420618 0.016532044678678703 -0.034403183474171109 -0.019604382155190718 0.013216436398547488 -0.014500049089914792
leaf_weight=3.6525417268276197 3.7582561448216456 3.9064815230667582 5.1825292333960524 4.3992439135909063 3.8969773184508076 38.631145872175694 14.306542437523602 85.943118197843432 19.820723036304116 5.9051755256950855 3.1068490073084831 3.234311081469059 5.0053477268666029 2.1031669909134507
leaf_count=21 20 26 34 21 23 223 92 506 129 35 28 24 34 20
internal_value=0 0.00626034 -0.00414781 0.0180367 -0.000999494 -0.00152034 -0.000553154 -0.0035767 0.00457849 0.0055682 -0.0138545 -0.00296407 0.0266806 -0.0273581
internal_weight=202.852 28.157 14.846 13.3111 174.695 170.798 158.702 100.25 58.4519 9.66343 12.0969 6.88685 9.40459 5.21002
internal_count=1236 170 89 81 1066 1043 950 598 352 55 93 45 55 48
is_linear=0
shrinkage=0.03


Tree=270
num_leaves=13
num_cat=0
split_feature=41 41 41 294 292 291 296 288 303 57 185 303
split_gain=1.4059 2.83733 3.00016 2.59538 2.57408 2.49085 2.40295 2.36807 2.34126 1.51938 1.44679 0.646196
threshold=20250918.500000004 20240265.000000004 20230604.500000004 8.0194952207870021 -1.4400000000000002 2.3750000000000004 0.78673548084572065 3.0749999999999997 0.83105000000000018 0.43687550200803221 3.5995402993749965 0.50105000000000011
decision_type=2 2 2 2 2 2 2 2 2 2 2 2
left_child=1 2 3 7 9 8 -6 -1 10 -4 -3 -2
right_child=11 5 4 -5 6 -7 -8 -9 -10 -11 -12 -13
leaf_value=1.7435128392703192e-05 -0.029258865599455463 0.024829737761255927 -0.0041455607568944572 -0.02243682327223865 0.013266859913236428 -0.013375886185507386 -0.019645991351176211 0.01456938609338162 -0.0095010485238738521 -0.032349704785309491 0 0
leaf_weight=147.88251342251897 2.0329472552984948 11.752016181126242 2.7922173663973826 4.2537875920534125 4.6740924194455129 2.9595628157258025 3.3264528773725033 10.732845608144997 2.5827085897326461 6.0531396642327309 2.3759680539369574 1.0341911409050224
leaf_count=806 50 96 19 28 26 15 26 63 17 61 15 14
internal_value=0 0.000323757 -0.000846971 0.000384876 -0.0128657 0.0111219 -0.000120837 0.00102957 0.0156928 -0.0239277 0.0205437 -0.019822
internal_weight=202.452 199.385 179.715 162.869 16.8459 19.6703 8.00055 158.615 16.7107 8.84536 14.128 3.06714
internal_count=1236 1172 1029 897 132 143 52 869 128 80 111 64
is_linear=0
shrinkage=0.03


Tree=271
num_leaves=15
num_cat=0
split_feature=132 78 282 1 282 306 319 266 290 61 131 112 76 168
split_gain=1.41981 4.11501 4.18172 4.4591 3.92132 3.24851 3.14525 3.63866 4.96863 4.12938 3.03464 3.31826 3.92909 2.49314
threshold=45.768200000000007 2.8950000000000005 11.117907516186728 58.160000000000004 1.1285290371189591 0.82073357920544343 0.6366198186162918 0.35184585556672182 -0.45000000000000012 4.9365000000000014 54.482187307692307 0.52915000000000012 1.8538000000000003 1.4617587228500002
decision_type=2 2 2 2 2 2 2 2 2 2 2 2 2 2
left_child=1 6 3 -3 -2 -5 -1 9 -9 -8 -6 12 -12 -13
right_child=4 2 -4 5 10 -7 7 8 -10 -11 11 13 -14 -15
leaf_value=0.0220203603789382 -0.023323671481688565 0.01258466761040862 0.019216537363814443 0.011079487035919386 0.028173073628677141 -0.019273881679794314 0.019803361181278564 0.029528295687784967 -0.0020167533725568504 -0.0056855246183831303 0.021260488673463369 0.018465846044606746 -0.0060772241323836596 -0.0023770993261615133
leaf_weight=6.3871006667613974 4.4770405162125817 5.4063721951097241 4.0318708196282378 3.3332867361605159 4.778401192277669 31.422397824004292 6.2283174134790888 8.0584900975227374 9.6163144968450052 56.625527424737811 5.4177849553525439 16.804806835018102 32.336608026176691 7.0617429967969647
leaf_count=34 34 31 23 19 25 200 45 40 67 341 28 109 193 47
internal_value=0 -0.00184329 -0.00929752 -0.0122752 0.00342381 -0.0162533 0.00191881 0.000261923 0.012282 -0.00308468 0.00530476 0.00344006 -0.00202919 0.0121894
internal_weight=201.986 131.11 44.1939 40.1621 70.8764 34.7557 86.9158 80.5286 17.6748 62.8538 66.3993 61.6209 37.7544 23.8665
internal_count=1236 800 273 250 436 219 527 493 107 386 402 377 221 156
is_linear=0
shrinkage=0.03


Tree=272
num_leaves=9
num_cat=0
split_feature=311 132 110 122 272 272 66 156
split_gain=1.39506 1.92376 1.92068 3.40885 2.06616 3.60004 3.37996 1.53894
threshold=0.30622850432010745 105.34610000000002 0.9769000000000001 0.41820000000000007 0.34818588214202112 0.72575851042959738 3.1850000000000005 -0.67575562784999976
decision_type=2 2 2 2 2 2 2 2
left_child=1 2 4 -4 6 -6 -1 -2
right_child=7 -3 3 -5 5 -7 -8 -9
leaf_value=0.00092344227067742818 0.0017133853730694523 0.020066760792674509 0.030897237792678469 -0.0044934796013807446 0.012535688683910589 -0.0062850749906402303 -0.0086537552416691352 -0.032825931138170006
leaf_weight=94.487329646945 1.9168071821331976 4.268768932670354 4.7164177037775499 4.6845733001828194 24.032352801412344 14.414157336577771 50.613915653899312 2.3188024749979368
leaf_count=547 18 30 28 28 137 102 320 26
internal_value=0 0.000378856 -5.13454e-05 0.0130844 -0.000747228 0.00540368 -0.00240025 -0.0168244
internal_weight=201.453 197.218 192.949 9.40099 183.548 38.4465 145.101 4.23561
internal_count=1236 1192 1162 56 1106 239 867 44
is_linear=0
shrinkage=0.03


Tree=273
num_leaves=10
num_cat=0
split_feature=264 314 299 120 39 113 113 306 137
split_gain=1.42376 1.903 2.48242 3.04509 2.61599 2.39654 2.69768 4.29117 2.55048
threshold=1.7104930727405658 0.15185821667532318 0.67000046498891785 5353.8450000000003 -0.18729999999999999 0.18825000000000003 0.24160000000000001 1.0000919286633574 2.6441250000000003
decision_type=2 2 2 2 2 2 2 2 2
left_child=1 2 -1 4 -4 -3 7 -7 -8
right_child=-2 5 3 -5 -6 6 8 -9 -10
leaf_value=-0.033779472587088681 0.01989385122944819 0.024561473373329753 0.0073415153066090253 0.014352733404527659 -0.021331514834531124 0.0032764184618700163 0.0066635623384680457 -0.029187569531306495 -0.0013667293541624751
leaf_weight=2.9980072900652912 3.089460987597703 3.608371637761592 3.9407220017164972 5.300707481801509 8.9338136874139291 7.3755453284829837 53.242395611479878 6.8765532523393631 105.82250347267836
leaf_count=20 16 26 26 36 80 48 306 47 631
internal_value=0 -0.000310515 -0.00879856 -0.00435151 -0.0123349 0.000692728 0.000164617 -0.0122725 0.00130483
internal_weight=201.188 198.099 21.1733 18.1752 12.8745 176.925 173.317 14.2521 159.065
internal_count=1236 1220 162 142 106 1058 1032 95 937
is_linear=0
shrinkage=0.03


Tree=274
num_leaves=16
num_cat=0
split_feature=304 316 306 46 178 295 69 119 56 74 3 174 49 315 301
split_gain=1.41005 2.29839 2.00529 3.7862 4.73365 4.05097 2.43798 3.58179 4.05575 3.12472 3.10043 3.49708 2.36743 1.78381 0.850487
threshold=1.1552604006831293 0.5458333333333335 1.1850529100529104 0.51295000000000013 0.37869365030000007 1.2802729135618482 332.50000000000006 7700.9000000000005 -0.023549999999999998 38.301150000000007 59.175000000000004 -1.1431239979499999 0.46216355932203396 0.14259672679785335 1.1693747383121216
decision_type=2 2 2 2 2 2 2 2 2 2 2 2 2 2 2
left_child=2 14 6 13 -5 -6 10 8 -8 -9 12 -12 -1 -4 -2
right_child=1 -3 3 4 5 -7 7 9 -10 -11 11 -13 -14 -15 -16
leaf_value=0.034652178570672348 -0.0069948453881980956 0.0081667710579173183 0.0078671119401054843 0.032383434894405275 0.0066037473233780822 -0.03093782838297926 0.00030991539514823208 -0.0069181777384100191 -0.01376958793935548 0.016732051738385743 -0.013296508394382761 0.0041786173556231723 0.0064439034072183389 0.03759639182423611 -0.033270972912532247
leaf_weight=4.4430366195738298 2.2523548509925586 3.0554324854165316 3.5714992508292216 2.8777439370751372 5.3996986933052522 4.6525172088295221 35.139826787635684 8.1529557630419749 37.656720830127597 12.328276216983793 12.642500025220214 53.391127031296492 7.5076101962476969 4.5666007231920958 3.2612584661692381
leaf_count=26 18 17 21 15 31 33 208 50 236 70 79 323 52 24 33
internal_value=0 -0.0118256 0.000542878 0.00926146 -0.000635794 -0.0106099 -0.000516923 -0.00380302 -0.00694098 0.00718398 0.00337503 0.000772499 0.0173807 0.0251674 -0.0233872
internal_weight=200.899 8.56905 192.33 21.0681 12.93 10.0522 171.262 93.2778 72.7965 20.4812 77.9843 66.0336 11.9506 8.1381 5.51361
internal_count=1236 68 1168 124 79 64 1044 564 444 120 480 402 78 45 51
is_linear=0
shrinkage=0.03


Tree=275
num_leaves=17
num_cat=0
split_feature=46 46 90 14 133 54 132 60 61 139 319 174 134 47 102 277
split_gain=1.38257 2.34767 3.12112 4.15537 3.58349 3.26174 2.8059 2.63558 3.96271 3.72623 2.77944 2.77724 2.38871 2.14876 2.107 0.377505
threshold=0.23515000000000003 0.34590000000000004 89893107.320000008 17.625000000000004 34.269002362832175 0.38880000000000009 30.817050000000005 15.430000000000001 16.310000000000006 38.165626257500001 1.1357019795983569 0.17624236210000002 2.7228335282651073 -0.14434999999999998 -0.29069999999999996 0.24530054015316474
decision_type=2 2 2 2 2 2 2 2 2 2 2 2 2 2 2 2
left_child=13 2 3 6 -5 14 -2 9 -9 12 -11 -10 -3 -1 -4 -7
right_child=1 7 5 4 -6 15 -8 8 11 10 -12 -13 -14 -15 -16 -17
leaf_value=-0.0067904656608724816 -0.030605579083877787 0.0032510553063362633 0.015025650473538136 -0.0057459239354378001 0.029499180432248789 -0.039996299942065001 -0.001204321595230193 -0.027764332634703598 -0.0049868964673743365 0.0051251234177565877 0.021589410505536279 0.0061583182681625367 -0.024911265642052358 0.022216631445081327 -0.018526354332802804 -0.021395017206601755
leaf_weight=3.458984138444066 4.5169832929968861 5.2189868316054326 2.997632147744298 4.4625496380031091 5.654662262648344 3.9594854544848204 8.6055288240313512 5.0629330202937117 51.816370649263263 42.103079121559858 12.081292698159812 32.674130243249238 5.1586176156997681 5.8929413817822915 3.5234269462525827 3.243202943354845
leaf_count=24 34 32 20 24 30 26 52 34 337 233 83 194 33 37 22 21
internal_value=0 -0.000541703 -0.00733135 -0.000481923 0.0137554 -0.0186257 -0.0117065 0.00107099 -0.00223542 0.00570005 0.00888438 -0.000639174 -0.010566 0.0112121 -0.00265591 -0.0324391
internal_weight=200.431 191.079 36.9635 23.2397 10.1172 13.7237 13.1225 154.115 89.5534 64.562 54.1844 84.4905 10.3776 9.35193 6.52106 7.20269
internal_count=1236 1175 229 140 54 89 86 946 565 381 316 531 65 61 42 47
is_linear=0
shrinkage=0.03


Tree=276
num_leaves=18
num_cat=0
split_feature=53 55 49 314 39 270 114 51 15 272 55 300 147 102 281 318 293
split_gain=1.34736 4.13366 4.01165 2.83891 2.91879 2.74195 2.92801 2.84098 2.62291 5.08897 2.91236 2.53463 3.13066 2.69442 2.22104 1.28438 0.232522
threshold=0.47699579831932776 0.63465000000000005 0.50423728813559332 0.15185821667532318 -0.18729999999999999 2.3631799146995713 0.038800000000000008 0.27690000000000009 16.560000000000006 0.050599935183703544 -0.10829999999999999 0.38155080602253905 -0.55714981194999968 -0.43874999999999992 1.0147770113327683 0.05832462267616146 -1.3699999999999999
decision_type=2 2 2 2 2 2 2 2 2 2 2 2 2 2 2 2 2
left_child=1 2 8 4 -2 11 7 -7 9 -1 -10 12 -5 -13 -8 -4 -6
right_child=3 -3 15 5 16 6 14 -9 10 -11 -12 13 -14 -15 -16 -17 -18
leaf_value=-0.022592218613680454 0.0077661527291221994 -0.028888710368958157 -0.0079153972854138725 -0.0095329937090244989 -0.015209426138230142 0.015219170516250312 0.02876449032002705 -0.021061449650693301 0.016726008270266504 0.0020039669956906062 -0.0012846126580851633 -0.011950698042471654 0.019993605707301194 0.0018142351535424342 0 -0.034628655453277285 -0.034868001092280512
leaf_weight=9.9311447292566282 2.9273753874003887 5.0714611839503041 3.5752673409879199 4.2431770749390116 1.7557435296475885 4.0735474862158325 9.8701369520276767 3.5115972906351089 15.498222243040802 30.147136125713587 16.150966696441174 16.50863420125097 11.581609155982731 54.899474680423737 3.201601341366767 3.7096827030181885 3.2238490246236315
leaf_count=63 18 35 24 25 20 25 60 24 88 189 99 115 62 317 19 22 31
internal_value=0 -0.00287946 -0.00113771 0.00210724 -0.0150631 0.00340617 0.0132188 -0.00124234 0.000988595 -0.00405721 0.00746538 0.00103571 0.011878 -0.00133835 0.0217836 -0.0222094 -0.0289631
internal_weight=199.881 84.0839 79.0124 115.797 7.90697 107.89 20.6569 7.58514 71.7275 40.0783 31.6492 87.2329 15.8248 71.4081 13.0717 7.28495 4.97959
internal_count=1236 520 485 716 69 647 128 49 439 252 187 519 87 432 79 46 51
is_linear=0
shrinkage=0.03


Tree=277
num_leaves=12
num_cat=0
split_feature=292 296 107 69 57 13 149 296 314 47 298
split_gain=1.35541 2.56115 2.11195 3.53093 2.74376 2.70471 2.37784 2.01998 1.83588 1.43909 1.41531
threshold=-6.2449999999999992 5.2515748161726217 -0.12864999999999996 333.50000000000006 0.51000000000000012 25.725000000000005 2.4933794332500003 0.73427023636609012 0.2361662571048799 0.30825000000000008 1.3676632296092288
decision_type=2 2 2 2 2 2 2 2 2 2 2
left_child=7 2 3 4 -2 6 -4 8 -1 -3 -9
right_child=1 9 5 -5 -6 -7 -8 10 -10 -11 -12
leaf_value=-0.034202648924049527 -0.007973047299449686 -0.0031566385160948277 0.026350741979586183 -0.027355931851259941 0.020495392611208703 -0.021052764087184636 0.002506969469741003 0.017325104918556454 -0.00078254909526740313 -0.034411054588270908 -0.011254377663182137
leaf_weight=3.804805822670458 10.61395922675729 2.9843785464763632 3.7956251166760913 5.7853941172361365 4.1572450883686534 4.1537329610437146 152.65165112260729 2.9901580363512039 2.6933023575693369 2.725637461990118 2.9677241146564484
leaf_count=28 72 22 22 39 24 32 917 20 18 20 22
internal_value=0 0.000646661 0.00129029 -0.0077055 0 0.00246447 0.00312108 -0.00953558 -0.0210273 -0.0189276 0.00264317
internal_weight=199.324 186.868 181.158 20.5566 14.7712 160.601 156.447 12.456 6.49811 5.71002 5.95788
internal_count=1236 1148 1106 135 96 971 939 88 46 42 42
is_linear=0
shrinkage=0.03


Tree=278
num_leaves=10
num_cat=0
split_feature=264 305 68 318 48 47 3 133 154
split_gain=1.34112 1.73553 2.18359 3.58681 2.77443 5.17626 4.49118 2.71386 2.4375
threshold=1.7104930727405658 0.80759572489241316 0.63280000000000014 0.16230704526077758 0.18590000000000004 0.6039500000000001 58.475000000000001 24.01083459312547 1.1650766123500003
decision_type=2 2 2 2 2 2 2 2 2
left_child=1 -1 4 7 5 -3 -6 -4 -5
right_child=-2 2 3 8 6 -7 -8 -9 -10
leaf_value=0.019798962534166339 0.019412946654839884 0.00022795506146402954 0.0052901506292809273 0.025882914879820893 -0.015016711721619939 -0.021736818036205023 0.012543166884680296 -0.021642677789016521 -0.0087014764499210306
leaf_weight=3.6781629621982566 3.0528908222913733 119.03919608332217 4.0922784302383723 3.6794425854459396 6.2538051120936862 10.385765377432106 30.728439300321043 14.791635232046245 3.3173267915844917
leaf_count=24 16 730 28 22 36 65 185 108 22
internal_value=0 -0.000309702 -0.000720033 -0.00881539 0.000525528 -0.00152688 0.00777388 -0.015651 0.00917138
internal_weight=199.019 195.966 192.288 25.8807 166.407 129.425 36.9822 18.8839 6.99677
internal_count=1236 1220 1196 180 1016 795 221 136 44
is_linear=0
shrinkage=0.03


Tree=279
num_leaves=8
num_cat=0
split_feature=46 141 165 174 55 150 112
split_gain=1.34049 2.03293 1.8804 2.05507 3.57902 2.18252 1.60427
threshold=0.20360000000000003 39.778616969150001 -10.550822932799997 -3.4992947918999993 -0.14954999999999996 4.4163356384500014 0.4875000000000001
decision_type=2 2 2 2 2 2 2
left_child=-1 2 6 4 -4 -5 -2
right_child=1 -3 3 5 -6 -7 -8
leaf_value=0.018499262513174502 0 -0.022827567818861867 0.011754174658744905 -0.00090668382376800751 -0.021694898988428579 0.0091939120726224812 0.02883478220918733
leaf_weight=3.3651695903390637 3.5432038456201544 3.4484906885772935 3.9014634713530532 149.379782801494 9.5442581847310048 21.970293764024973 3.6184909008443356
leaf_count=25 19 23 21 936 59 131 22
internal_value=0 -0.000324432 7.58889e-05 -0.000496582 -0.0117526 0.000375511 0.0150641
internal_weight=198.771 195.406 191.957 184.796 13.4457 171.35 7.16169
internal_count=1236 1211 1188 1147 80 1067 41
is_linear=0
shrinkage=0.03


Tree=280
num_leaves=13
num_cat=0
split_feature=14 110 274 283 186 14 100 314 106 319 3 283
split_gain=1.33053 3.60696 2.80397 2.47434 2.03867 2.10697 3.37568 2.77552 3.47195 3.22178 2.02791 1.65015
threshold=22.125000000000004 0.16465000000000005 0.50422411778427023 0.077938183122122875 10.598470880400006 21.225000000000005 4232.880000000001 0.27997802381743125 0.020850000000000004 0.89457603411583941 72.235000000000014 0.12651839080780233
decision_type=2 2 2 2 2 2 2 2 2 2 2 2
left_child=4 2 10 -3 5 7 -7 9 -9 -1 -2 -5
right_child=1 3 -4 11 -6 6 -8 8 -10 -11 -12 -13
leaf_value=0.001633856058267223 -0.0090902565979858255 -0.0019271795447954295 -0.021987799350721725 0.039902875410429049 0.020331208082483444 0.0051384640361027316 -0.03214214373992795 0.019647962670458409 -0.00047260211161025096 -0.0079380333905484744 0.01823770408323375 0.012820598953568045
leaf_weight=68.959402183070779 4.3612868450582045 3.8264279104769221 5.0275071337819091 4.2476460598409158 3.8283621706068507 3.6434162668883783 4.8700441122055054 12.243590604513882 19.84546210616827 57.74316490534693 5.1116507984697819 4.8993907663971186
leaf_count=404 27 26 34 21 23 25 30 76 126 382 28 34
internal_value=0 0.00612041 -0.00398949 0.0175938 -0.000980368 -0.00149781 -0.0159648 -0.000693729 0.0071484 -0.00270758 0.00537915 0.0260168
internal_weight=198.607 27.4739 14.5004 12.9735 171.133 167.305 8.51346 158.792 32.0891 126.703 9.47294 9.14704
internal_count=1236 170 89 81 1066 1043 55 988 202 786 55 55
is_linear=0
shrinkage=0.03


Tree=281
num_leaves=13
num_cat=0
split_feature=77 54 132 119 78 282 172 314 319 41 136 314
split_gain=1.34309 2.1016 1.94774 3.34672 3.28762 4.04169 4.34317 4.02778 3.33249 2.88322 3.1396 1.26552
threshold=12.460000000000003 0.43970000000000004 45.768200000000007 1613.4550000000002 2.8950000000000005 11.117907516186728 4.9660167319500008 0.2940517751148885 0.64176499025186684 20200606.500000004 9.0794812500000024 0.31087399808252275
decision_type=2 2 2 2 2 2 2 2 2 2 2 2
left_child=1 -1 4 -4 7 6 -6 8 -2 -5 -11 -9
right_child=2 -3 3 9 5 -7 -8 11 -10 10 -12 -13
leaf_value=0.023137581852270106 0.020533360545860257 -0.0035355719965668251 -0.019315166692890736 0.029211229049913898 -0.016631100975820889 0.018566267472259299 0.012672416047999973 0.03515686608164164 -0.0034550256375334978 0.0091580579395804176 -0.0048182430682854041 0.0087485090294944796
leaf_weight=5.4635243155062181 5.5591337159276 4.7272701002657413 5.233909983187913 4.1858609467744818 33.291460017673671 3.9722541831433764 5.0771634615957728 3.4214169159531584 63.548342544585466 36.110036613419652 23.702203513123095 3.9454073645174503
leaf_count=36 30 29 33 23 219 23 26 22 391 226 152 26
internal_value=0 0.0105589 -0.000571556 0.00340533 -0.00291498 -0.00961627 -0.0126526 0.000763803 -0.00145513 0.00533751 0.0035707 0.0217219
internal_weight=198.238 10.1908 188.047 69.232 118.815 42.3409 38.3686 76.4743 69.1075 63.9981 59.8122 7.36682
internal_count=1236 65 1171 434 737 268 245 469 421 401 378 48
is_linear=0
shrinkage=0.03


Tree=282
num_leaves=19
num_cat=0
split_feature=112 130 14 70 110 12 110 50 18 68 90 168 159 22 314 101 52 105
split_gain=1.32488 2.19364 1.83945 4.58154 3.439 3.24525 3.04043 3.28732 3.26456 2.98168 4.46536 2.6217 2.96234 2.21846 1.96284 1.69317 1.6037 1.31775
threshold=0.56250000000000011 8.5000000000000018 18.525000000000002 20201015.500000004 -0.14439999999999997 18.375000000000004 -0.23854999999999996 0.44055000000000005 16.440000000000001 0.65505000000000013 20468325.090000004 0.66636199205000013 0.87112799740000013 0.68000000000000005 0.26749716222563752 0.21505000000000005 -0.011989489012443769 0.32525000000000004
decision_type=2 2 2 2 2 2 2 2 2 2 2 2 2 2 2 2 2 2
left_child=2 -2 3 5 6 -1 7 -4 -8 10 -5 13 -13 -6 -11 -3 -17 -18
right_child=1 15 4 9 11 -7 8 -9 -10 14 -12 12 -14 -15 -16 16 17 -19
leaf_value=-0.035982069817382424 0.027419854962351838 0.020917223031838298 0.023133215034426925 0.0093927371489684192 0.028483050734208454 -0.0046091685037000698 0.0011606955879085612 -0.01169489001817064 -0.036604300763078884 -0.03185834728625276 -0.00459239782937477 -0.017771490306288117 0.006141422671463885 0.0012352251785955519 -0.0035848471432151714 0.016938728512852472 -0.022226821115295257 0.0013430500891856744
leaf_weight=6.0415722876787168 3.9138566181063679 3.1407101824879637 4.0971681326627749 33.151520622894168 7.8127206824719888 6.2908629849553108 3.1895839720964414 5.6464470960199833 5.0131427608430386 4.2654881449416262 53.529075989499688 5.2003814224153748 36.61076320335269 4.4477012120187283 5.0880915094166994 2.3672824893146753 4.082122649997471 3.8846946470439434
leaf_count=30 26 23 25 209 44 36 19 37 34 36 333 37 205 35 37 16 26 28
internal_value=0 0.00789283 -0.000755081 -0.00323678 0.00293688 -0.0203856 -0.00833714 0.00273171 -0.0217212 -0.000984447 0.000726392 0.00674259 0.0030603 0.0189311 -0.0169963 0.00183985 -0.00381547 -0.0104879
internal_weight=197.773 17.3887 180.385 108.367 72.0179 12.3324 17.9463 9.74362 8.20273 96.0342 86.6806 54.0716 41.8111 12.2604 9.35358 13.4748 10.3341 7.96682
internal_count=1236 119 1117 681 436 66 115 62 53 615 542 321 242 79 73 93 70 54
is_linear=0
shrinkage=0.03


Tree=283
num_leaves=8
num_cat=0
split_feature=304 316 132 307 24 287 156
split_gain=1.32579 2.14502 1.73287 2.1766 1.85825 2.10853 0.849067
threshold=1.1552604006831293 0.5458333333333335 105.34610000000002 1.4831409208516195 1.3200000000000003 4.9100000000000046 -1.0000000180025095e-35
decision_type=2 2 2 2 2 2 2
left_child=2 6 3 4 5 -1 -2
right_child=1 -3 -4 -5 -6 -7 -8
leaf_value=-0.00074058044834200438 -0.0071569952866590075 0.0077332488204951899 0.021101455816250045 0.024044356191527932 -0.023009813693591327 0.012824500925447147 -0.033510477509619656
leaf_weight=168.08503811899573 2.3238430488854647 3.0227196011692286 3.5162536911666384 3.2614184599369755 3.0907394737005225 10.883413182571529 3.0381889194250089
leaf_count=1035 23 17 29 19 19 66 28
internal_value=0 -0.0115927 0.000529358 0.000111676 -0.00031355 7.42858e-05 -0.0229786
internal_weight=197.222 8.38475 188.837 185.321 182.059 178.968 5.36203
internal_count=1236 68 1168 1139 1120 1101 51
is_linear=0
shrinkage=0.03


Tree=284
num_leaves=11
num_cat=0
split_feature=80 70 70 291 68 294 291 142 318 68
split_gain=1.33071 3.69314 2.76826 2.40091 2.06949 1.84683 2.56602 1.59424 1.59727 0.936795
threshold=20240213.500000004 20250976.000000004 20231022.000000004 1.8150000000000006 0.21650000000000003 9.8317436961736338 3.3100000000000001 2.5564549087000006 0.12645614636216443 0.66488921900768727
decision_type=2 2 2 2 2 2 2 2 2 2
left_child=2 3 4 7 -1 6 -6 9 -9 -2
right_child=1 -3 -4 -5 5 -7 -8 8 -10 -11
leaf_value=0.020815869400652932 0.028496026109582916 -0.028910414043597329 -0.026105886701695648 -0.010304761553991267 -0.001366351720798189 -0.021472236198391507 0.013478759011924687 0.015382515144239892 -0.013932514528112457 0.0038841406686795205
leaf_weight=3.969023883342742 7.7245584186166614 2.1971201160922638 3.731784699484705 3.6623382903635493 151.97092166543007 3.7154057994484893 11.144498612731693 4.3330388851463786 2.515023797750473 2.0940637141466141
leaf_count=24 69 59 37 21 871 25 68 31 18 13
internal_value=0 0.00685347 -0.000878865 0.0109882 -0.000295176 -0.000827563 -0.000326075 0.0158796 0.00413891 0.0236415
internal_weight=197.058 22.5261 174.532 20.329 170.8 166.831 163.115 16.6667 6.84806 9.81862
internal_count=1236 211 1025 152 988 964 939 131 49 82
is_linear=0
shrinkage=0.03


Tree=285
num_leaves=14
num_cat=0
split_feature=65 314 114 0 274 10 307 307 35 20 158 291 3
split_gain=1.29961 1.72408 2.76298 2.35901 3.10113 3.04284 4.6501 2.4158 2.40528 2.31799 2.08796 1.68376 1.35913
threshold=3.6750000000000003 0.15185821667532318 -0.019649999999999997 58.765000000000008 0.079903315933077909 16.275000000000002 0.95768602386713675 0.85180486083528584 5.5000000000000009 0.15000000000000005 15.118806789700002 -0.5599999999999995 65.065000000000012
decision_type=2 2 2 2 2 2 2 2 2 2 2 2 2
left_child=-1 2 9 4 8 6 -5 -7 -3 11 -4 -2 -6
right_child=1 3 10 5 12 7 -8 -9 -10 -11 -12 -13 -14
leaf_value=0.017623639573417445 0.017740068557962473 -0.020501824214251306 -0.0022203513759672527 -0.03457562201627034 0.033644347458535784 0.0095422776196752435 -0.0015115078045025553 -0.00076518672223470352 0.014850513762498423 -0.022769384614726232 -0.032756669303775625 -0.0099931011276371186 0.0070597188673943261
leaf_weight=3.5981418378651133 5.9795303829014292 3.4236636478453866 3.5771605893969518 5.566437819972637 5.1619474347680789 24.699641488492489 12.476736597716807 115.08414922188967 3.2530414573848248 2.6421539653092614 5.3436494786292315 2.6873217066749957 3.1598344817757607
leaf_count=25 40 27 28 38 28 149 81 695 17 22 47 20 19
internal_value=0 -0.000330003 -0.00860412 0.000625578 0.0119615 -0.000439588 -0.0120117 0.0010402 -0.0028697 0.00101325 -0.0210048 0.00878278 0.0241099
internal_weight=196.653 193.055 20.2298 172.825 14.9985 157.827 18.0432 139.784 6.67671 11.309 8.92081 8.66685 8.32178
internal_count=1236 1211 157 1054 91 963 119 844 44 82 75 60 47
is_linear=0
shrinkage=0.03


Tree=286
num_leaves=7
num_cat=0
split_feature=290 290 290 285 132 15
split_gain=1.28099 2.37841 2.3427 2.20429 2.24429 1.45167
threshold=-9.0749999999999975 -7.8749999999999991 -6.8999999999999986 -14.209999999999999 14.014900000000003 17.315000000000001
decision_type=2 2 2 2 2 2
left_child=-1 5 -3 -4 -5 -2
right_child=1 2 3 4 -6 -7
leaf_value=0.015029571477917667 -0.032727243459602741 0.019559144665424057 -0.023356271610990183 0.018380903606539319 -0.00050446102658789713 -0.0026010191385856763
leaf_weight=4.8781825304031363 3.1168464533984652 5.3737060707062474 3.5751729924231759 5.755722362548112 170.50151555333287 3.0672056768089533
leaf_count=29 19 33 28 36 1068 23
internal_value=0 -0.000384992 0.000214749 -0.000357171 0.000105307 -0.0185416
internal_weight=196.268 191.39 185.206 179.832 176.257 6.18405
internal_count=1236 1207 1165 1132 1104 42
is_linear=0
shrinkage=0.03


Tree=287
num_leaves=15
num_cat=0
split_feature=264 273 262 47 136 57 172 123 106 113 46 16 113 283
split_gain=1.28057 1.55632 3.1799 2.38517 2.23743 2.03936 3.08677 4.49837 3.3415 2.90365 2.66353 1.97917 1.94033 0.10392
threshold=1.7104930727405658 1.6818705932174185 0.14838496826745864 -1.0000000180025095e-35 3.4610591008771934 0.47695582329317271 5.1558457888500007 673.50000000000011 -0.17144999999999996 0.24255000000000002 0.63280000000000014 14.815000000000003 0.20225000000000004 0.088447739135295897
decision_type=2 2 2 2 2 2 2 2 2 2 2 2 2 2
left_child=1 5 3 -3 -4 6 7 -1 -8 12 -11 -5 -7 -6
right_child=-2 2 4 11 13 9 8 -9 -10 10 -12 -13 -14 -15
leaf_value=-0.0011891452863483252 0.019080160906616812 0.027417955146284999 -0.0027705726296420926 0.012447281603694462 -0.022079966662704426 0.0063999482968203243 -0.014984743968210801 -0.020523012560798044 0.01903452473640015 0.0068312994690736062 -0.0059528338794456043 -0.022415055630785868 -0.024765743325125641 -0.037545561510475819
leaf_weight=38.941778087988496 3.0171010121703139 2.7934041023254395 4.6452348697930557 2.5850318744778651 2.8545901887118816 2.4653091467916957 3.4100988768041125 15.116819161921738 9.3083957545459253 82.063497046008706 17.526228952221572 3.0000615129247308 5.2121902909129858 3.1862334012985229
leaf_count=244 16 18 34 18 24 18 21 98 50 484 121 22 44 24
internal_value=0 -0.000302901 -0.00842718 0.00510285 -0.0192626 0.000574122 -0.00351742 -0.00667893 0.00963346 0.00315008 0.00454768 -0.00581639 -0.0144188 -0.0312044
internal_weight=196.126 193.109 19.0646 8.3785 10.6861 174.044 66.7771 54.0586 12.7185 107.267 99.5897 5.58509 7.6775 6.04082
internal_count=1236 1220 140 58 82 1080 413 342 71 667 605 40 62 48
is_linear=0
shrinkage=0.03


Tree=288
num_leaves=14
num_cat=0
split_feature=80 70 70 289 52 68 319 122 133 287 314 70 122
split_gain=1.27607 3.3183 2.57103 2.3666 2.59122 1.91241 2.23831 2.824 2.18053 1.40244 1.1779 1.41064 0.11771
threshold=20240213.500000004 20250920.500000004 20231022.000000004 -0.60000000000000042 -0.033149999999999992 0.21650000000000003 1.1118182608657612 0.25835000000000002 12.54788875406734 -8.4650000000000016 0.24858238873125446 20241219.500000004 0.37925000000000003
decision_type=2 2 2 2 2 2 2 2 2 2 2 2 2
left_child=2 3 5 4 -2 -1 8 -8 -7 -6 -5 -12 -3
right_child=1 12 -4 10 9 6 7 -9 -10 -11 11 -13 -14
leaf_value=0.020158866369705673 -0.023857703809655639 -0.028905928027390858 -0.025501351713695976 0.031651133742956208 0.02412313277114746 -0.014476349998991955 0.031039244482305165 0.0029662359894781463 -0.0012090642070977297 -0.0027198989809765345 -0.0049136939588801058 0.02469613690111749 -0.0066855555159021874
leaf_weight=3.9014553613960734 2.744822770357132 1.8560110405087464 3.6337704472243777 4.9663282334804535 3.2511881552636623 12.241332668811081 3.6786956042051342 24.862647894769907 125.17677172459662 3.2666429542005098 2.5862031225115061 2.7805289477109909 0.76881626248359669
leaf_count=24 17 47 37 42 24 75 22 148 719 23 20 23 15
internal_value=0 0.00675424 -0.000866061 0.0111246 0 -0.000306702 -0.000817732 0.00678505 -0.00242241 0.0103787 0.0209233 0.0100497 -0.0239827
internal_weight=195.715 22.2205 173.495 19.5957 9.26265 169.861 165.959 28.5413 137.418 6.51783 10.3331 5.36673 2.62483
internal_count=1236 211 1025 149 64 988 964 170 794 47 85 43 62
is_linear=0
shrinkage=0.03


Tree=289
num_leaves=15
num_cat=0
split_feature=304 316 306 46 178 295 13 28 14 76 105 315 291 183
split_gain=1.2701 2.05223 1.79131 3.4592 4.22378 3.73034 2.22248 2.64533 2.62932 3.22996 3.0667 1.662 1.07371 0.827145
threshold=1.1552604006831293 0.5458333333333335 1.1850529100529104 0.51295000000000013 0.37869365030000007 1.2802729135618482 24.675000000000004 1.0000000180025095e-35 23.175000000000004 9.0885000000000016 0.47840000000000005 0.14259672679785335 -2.3799999999999994 -0.39059669969999994
decision_type=2 2 2 2 2 2 2 2 2 2 2 2 2 2
left_child=2 13 6 11 -5 -6 8 -8 10 -10 -1 -4 -9 -2
right_child=1 -3 3 4 5 -7 7 12 9 -11 -12 -13 -14 -15
leaf_value=-0.0014373624346295673 -0.0064959246989151212 0.0074597106168126058 0.007556307156143395 0.030915012049505999 0.0063312155041418744 -0.030368748986590532 0.0050831066303968081 -0.031474000607100754 0.03344530255029865 -0.0039177928822359057 0.018949228298292133 0.0367845769516617 -0.005594616432004474 -0.03291564833062649
leaf_weight=139.81670512724668 2.1970688458532095 3.0001588761806488 3.4938566200435188 2.7884243987500659 5.2367254644632322 4.4437484480440617 4.3677558805793506 5.1093348897993565 4.5665329918265325 3.4922788888216019 6.8645005822181693 4.3473666701465845 2.493096299469471 3.0528121069073659
leaf_count=863 19 17 21 15 31 33 28 39 27 24 44 24 19 32
internal_value=0 -0.0114457 0.000512778 0.00890962 -0.000708441 -0.0103471 -0.000496943 -0.0129042 0.00045118 0.0170368 -0.000450597 0.0243981 -0.0235596 -0.0227479
internal_weight=195.27 8.25004 187.02 20.3101 12.4689 9.68047 166.71 11.9702 154.74 8.05881 146.681 7.84122 7.60243 5.24988
internal_count=1236 68 1168 124 79 64 1044 86 958 51 907 45 58 51
is_linear=0
shrinkage=0.03


Tree=290
num_leaves=19
num_cat=0
split_feature=138 104 302 110 159 138 280 41 137 49 296 283 151 267 301 122 301 100
split_gain=1.25461 2.67808 3.69617 3.67838 2.41219 2.1803 2.75759 3.35743 2.45787 2.75291 4.43991 3.34462 2.15763 1.99056 1.81352 2.64371 2.23161 1.09033
threshold=69.809271121538487 0.57500000000000007 1.1448500107290649 0.36965000000000003 1.3867037897000001 190.12491336307974 0.13608683754965498 20220330.500000004 10.034975000000001 0.52936186440677979 2.5762732744179595 0.020417335756594719 0.30022613435000006 0.17308610625527629 0.85702536666233231 0.34370000000000006 1.2036431402980268 2131.2250000000004
decision_type=2 2 2 2 2 2 2 2 2 2 2 2 2 2 2 2 2 2
left_child=1 2 12 17 -4 8 14 -8 9 11 -11 -2 -1 -14 15 -7 -16 -3
right_child=5 3 4 -5 -6 6 7 -9 -10 10 -12 -13 13 -15 16 -17 -18 -19
leaf_value=-0.0046155540060105202 -0.028800349612693052 -0.031513338981292646 0.0054316024655560128 0.017035956531363281 -0.029530914063435033 0.0079211202452783257 -0.02621337155847837 0.010535189776550824 -0.02786233841755326 0.010400278681459931 -0.026892409549543882 -0.0041740729352236841 0.01355386523317678 0.037366464330357202 0.014793595917664841 -0.015500542300565748 -0.0026861084582420524 -0.0069910254195229898
leaf_weight=3.8551130369305673 5.385447656735777 3.6999896951019746 3.853928066790103 3.40977518633008 2.9943483993411064 10.32598069123924 5.5816023349761945 3.477127093821764 3.6869022101163855 21.590615846216682 3.1835689321160308 60.726793501526117 14.809166362509133 4.3494406789541236 24.374351097270846 7.2741458909586063 8.5796645944938046 3.6675027050077915
leaf_count=24 42 22 26 22 18 67 34 26 25 133 22 375 91 24 149 52 60 24
internal_value=0 0.00468546 0.00935114 -0.00793367 -0.00962869 -0.00123356 0.0032285 -0.0118191 -0.00407829 -0.00305093 0.00539858 -0.00626588 0.0151461 0.0192816 0.0060021 -0.00162246 0.0101576 -0.0199651
internal_weight=194.825 40.6393 29.862 10.7773 6.84828 154.186 59.6129 9.05873 94.5733 90.8864 24.7742 66.1122 23.0137 19.1586 50.5541 17.6001 32.954 7.36749
internal_count=1236 251 183 68 44 985 388 60 597 572 155 417 139 115 328 119 209 46
is_linear=0
shrinkage=0.03


Tree=291
num_leaves=8
num_cat=0
split_feature=48 288 181 264 172 267 46
split_gain=1.26106 2.07498 1.75426 1.89908 1.91403 2.08257 2.00734
threshold=-0.26059999999999994 -1.4250000000000005 0.034288336900000008 -0.90841355905861365 0.085360947800000017 -0.37765804751115495 0.63675000000000015
decision_type=2 2 2 2 2 2 2
left_child=1 -1 -2 -4 5 -5 -6
right_child=2 -3 3 4 6 -7 -8
leaf_value=-0.0049968748526957301 -0.019842780329666517 0.028858682055770898 -0.022433012932873909 0.030884191312488332 0.00096163912044542254 -0.00017323149468076272 -0.0089398911850607759
leaf_weight=2.7801406793296337 4.0026481561362734 3.3749160207808009 3.2372461836785069 3.6937479265034199 152.75447489973158 3.5946488473564377 20.83558664470911
leaf_count=18 30 27 27 22 936 27 149
internal_value=0 0.0132516 -0.000440534 0 0.000405329 0.0153656 -0.000214008
internal_weight=194.273 6.15506 188.118 184.116 180.878 7.2884 173.59
internal_count=1236 45 1191 1161 1134 49 1085
is_linear=0
shrinkage=0.03


Tree=292
num_leaves=14
num_cat=0
split_feature=61 134 53 114 48 314 64 262 177 307 114 267 291
split_gain=1.26153 2.1939 1.83976 4.13754 4.28661 4.71606 4.03709 4.97124 3.72109 2.90868 3.5354 2.56982 2.14387
threshold=4.9365000000000014 2.3408206578947373 0.47699579831932776 -0.018749999999999996 0.084000000000000005 0.29610384010751828 17.725000000000005 -0.095368969675744514 1.6454596136000001 0.78645572338750103 -0.28144999999999992 1.534344373432931 0.25499999999999906
decision_type=2 2 2 2 2 2 2 2 2 2 2 2 2
left_child=1 -1 3 6 5 -5 7 -2 -8 -4 -11 -12 -6
right_child=2 -3 9 4 12 -7 8 -9 -10 10 11 -13 -14
leaf_value=0.027810182244898979 -0.027383608367057929 -0.0018520846373908768 0.028418946256622821 -0.0090003234207992056 -0.033469900356926617 0.027620684595569035 -0.021594286297217716 0.016161747193652539 0.0095309153556569718 -0.030289073314341018 0.0036820482508338223 -0.011351022370823707 -0.0052533413688746452
leaf_weight=3.8330893330275995 2.5382297467440393 4.8000093922019005 3.5190575197339049 23.098079935647551 8.7749739848077279 3.5426262952387324 8.6628610417246801 19.916358815506101 5.4762434624135485 3.0411359816789618 91.742710962891579 11.352459982037542 3.7642966303974381
leaf_count=36 18 30 20 144 54 24 64 114 32 18 575 83 24
internal_value=0 0.0111421 -0.000525359 -0.00412988 -0.0109095 -0.00393327 0.00305704 0.0110069 -0.00934617 0.00193959 0.00100747 0.0019882 -0.0253452
internal_weight=194.062 8.6331 185.429 75.7737 39.18 26.6407 36.5937 22.4546 14.1391 109.655 106.136 103.095 12.5393
internal_count=1236 66 1170 474 246 168 228 132 96 696 676 658 78
is_linear=0
shrinkage=0.03


Tree=293
num_leaves=14
num_cat=0
split_feature=41 70 41 17 109 158 102 294 140 76 295 263 90
split_gain=1.23203 3.22477 2.61637 2.56946 2.50135 2.75691 2.60356 2.10632 2.48436 2.29688 1.71095 1.87397 0.199957
threshold=20240213.500000004 20250920.500000004 20230604.500000004 19.560000000000006 0.24475000000000002 10.448280243700003 -0.31049999999999994 8.0194952207870021 3.1143494560500002 22.847650000000005 0.8777936507936509 0.29623081345514185 9345760.5150000025
decision_type=2 2 2 2 2 2 2 2 2 2 2 2 2
left_child=2 3 7 10 5 -4 -7 8 -1 -10 -2 -12 -3
right_child=1 12 4 -5 -6 6 -8 -9 9 -11 11 -13 -14
leaf_value=0.024706743052273404 -0.0025512131349536673 -0.0034402102542478771 -0.02946598309939601 -0.015607072297149697 -0.031009888210125017 0.0252303970539083 -0.0090684859986544051 -0.020904838563230305 0.0009438038818344593 -0.020131066068856666 0.026879815112598779 0 -0.029094371095674507
leaf_weight=3.7416997216641894 3.4287105612456896 0.68000733479857389 2.8077559787780029 2.6115254238247863 4.5972936041653147 3.197130622342228 4.795831512659789 3.9981339983642092 143.93646157346666 4.7060465998947612 9.8898648563772422 3.2760720662772647 1.9006479568779466
leaf_count=23 24 14 29 17 44 18 37 28 815 31 87 21 48
internal_value=0 0.0067014 -0.00085592 0.0110619 -0.0126179 -0.00430153 0.00442238 0.000290361 0.000879483 0.000243315 0.0155069 0.0204196 -0.0238341
internal_weight=193.567 21.7868 171.78 19.2062 15.398 10.8007 7.99296 156.382 152.384 148.643 16.5946 13.1659 2.58066
internal_count=1236 211 1025 149 128 84 55 897 869 846 132 108 62
is_linear=0
shrinkage=0.03


Tree=294
num_leaves=7
num_cat=0
split_feature=290 290 290 285 132 15
split_gain=1.24332 2.26243 2.15773 2.03136 2.087 1.37575
threshold=-9.0749999999999975 -7.8749999999999991 -6.8999999999999986 -14.209999999999999 17.109225000000002 17.315000000000001
decision_type=2 2 2 2 2 2
left_child=-1 5 -3 -4 -5 -2
right_child=1 2 3 4 -6 -7
leaf_value=0.014941524542896859 -0.032226012567811026 0.0189935214088327 -0.022652172770056822 0.012772215232576285 -0.00074629074137430595 -0.0025063484577642456
leaf_weight=4.7819996550679198 3.0556506328284732 5.2399510452523819 3.5039051268249741 10.867122061550615 162.65051462035626 2.9848132133483887
leaf_count=29 19 33 28 69 1035 23
internal_value=0 -0.000392895 0.000194139 -0.000355807 8.99404e-05 -0.018309
internal_weight=193.084 188.302 182.261 177.022 173.518 6.04046
internal_count=1236 1207 1165 1132 1104 42
is_linear=0
shrinkage=0.03


Tree=295
num_leaves=12
num_cat=0
split_feature=101 116 105 101 138 105 47 43 10 288 305
split_gain=1.23836 2.36882 1.908 3.02991 2.86684 2.8003 2.57623 2.07989 1.69784 1.64185 1.02915
threshold=0.47100000000000003 0.50200000000000011 0.41585000000000005 0.43350000000000005 770.12634359835681 0.46445000000000008 0.77575000000000005 0.36290000000000006 18.525000000000002 -1.0000000180025095e-35 1.0531729717383729
decision_type=2 2 2 2 2 2 2 2 2 2 2
left_child=2 10 3 4 6 7 -1 -4 -3 -7 -2
right_child=1 8 5 -5 -6 9 -8 -9 -10 -11 -12
leaf_value=-0.0018613765552136319 0.0055397841935389321 0 -0.004533677849367551 -0.024365547691920859 0.02365804275793007 -0.011028038554352084 0.0075240887952071388 -0.034887055282217527 0.027107732819227962 0.020133739859349405 -0.018517801777292783
leaf_weight=120.58974873926491 2.971214208751916 3.3148173522204143 3.9536604806780797 4.2883271723985663 4.7315172385424367 2.7897413372993469 33.544186933897436 4.8147526606917381 5.9627497047185898 2.9933691099286071 2.9950863961130381
leaf_count=762 22 25 25 28 31 21 213 30 37 21 21
internal_value=0 0.00817104 -0.000711752 0.000201362 0.00089829 -0.011086 0.000165286 -0.0217445 0.0176672 0.00465959 -0.00614878
internal_weight=192.949 15.2439 177.705 163.154 158.865 14.5515 154.134 8.76841 9.27757 5.78311 5.9663
internal_count=1236 105 1131 1034 1006 97 975 55 62 42 43
is_linear=0
shrinkage=0.03


Tree=296
num_leaves=12
num_cat=0
split_feature=292 307 296 55 290 132 296 78 314 17 120
split_gain=1.24313 2.1521 2.76342 2.59265 2.12603 2.27354 1.82246 1.77554 1.71681 1.53172 0.994292
threshold=-6.2449999999999992 0.78285397695735648 5.2515748161726217 -0.18444999999999998 -9.0749999999999975 17.109225000000002 0.73427023636609012 2.4150000000000005 0.2361662571048799 20.815000000000001 6768.9000000000005
decision_type=2 2 2 2 2 2 2 2 2 2 2
left_child=6 3 4 7 -3 -6 8 -2 -1 -8 -9
right_child=1 2 -4 -5 5 -7 9 10 -10 -11 -12
leaf_value=-0.03357948108813423 0 0.022486864713275691 -0.023056536923574466 -0.0074897726798656946 0.014399479002854158 -0.0011516185413591225 -0.011185024790621563 0.036626023517913588 -0.00058057834909344176 0.019110352248588008 0.012927385799726668
leaf_weight=3.6259958706796152 3.2236615736037475 3.688982516527175 4.5991771072149268 4.4501592442393294 8.8666258081793767 147.99832735210657 3.1103379810228944 4.3325570821762085 2.603592187166214 2.6655755359679461 3.5357677638530731
leaf_count=28 25 21 36 27 58 937 23 25 18 19 19
internal_value=0 0.000616865 -0.000372655 0.0112586 0.000272413 -0.000244883 -0.00931339 0.0190483 -0.020489 0.00237298 0.026649
internal_weight=192.701 180.695 165.153 15.5421 160.554 156.865 12.0055 11.092 6.22959 5.77591 7.86832
internal_count=1236 1148 1052 96 1016 995 88 69 46 42 44
is_linear=0
shrinkage=0.03


Tree=297
num_leaves=18
num_cat=0
split_feature=185 315 100 315 301 275 270 62 113 302 65 42 29 131 139 302 299
split_gain=1.24932 3.16606 2.97487 4.22766 2.97574 2.69119 2.66275 3.26154 4.26222 3.8806 3.34283 3.26437 3.17364 2.36903 2.09186 1.89613 1.44038
threshold=0.65697029042500021 0.33638509236508835 2135.4950000000003 -0.26242197114931903 1.0468061242453497 0.3908773539251072 -5.9464737632705118 19.235000000000003 0.31255000000000005 0.89793663765802989 19.705000000000002 0.26800000000000007 1.0000000180025095e-35 56.039828571428579 72.461986545000016 0.92138985614806879 1.3911639503577753
decision_type=2 2 2 2 2 2 2 2 2 2 2 2 2 2 2 2 2
left_child=6 2 4 13 -2 -5 14 8 9 -8 -9 -10 -12 -4 15 -1 -3
right_child=1 16 3 5 -6 -7 7 10 11 -11 12 -13 -14 -15 -16 -17 -18
leaf_value=0.037925199096802899 -0.0089910120255963996 0.029204779349837204 -0.0061717889985461035 -0.020444408301905859 0.024955233183543049 0.0024902101842433468 0.0087484823157654139 -0.02992337863285394 -0.011263076058111603 -0.0088509668891651981 0.004842282719979679 0.015981018661617226 -0.010904173551302578 0.028998742245255379 -0.00094373561703028821 0.0071598957910437725 0
leaf_weight=4.1224845275282842 4.3491020053625089 3.2384009137749663 3.4009177386760667 23.031669711694128 4.604917349293828 5.4421545602381221 18.504519472829998 4.6249661147594443 4.3905485570430747 28.300383429042995 22.006483595818281 28.405232841148973 23.628811644390225 3.1352469958364964 4.543545818887651 3.7413327619433403 2.9582289094105363
leaf_count=21 32 19 25 148 31 35 110 35 23 180 141 180 159 17 33 23 24
internal_value=0 -0.00407209 -0.00695558 -0.0109342 0.00821849 -0.0159626 0.00142961 0.000132898 0.00393166 -0.00182517 -0.00581975 0.0122194 -0.00325126 0.0104294 0.0146522 0.0239385 0.0156949
internal_weight=192.429 50.1606 43.964 35.01 8.95402 28.4738 142.268 129.861 79.6007 46.8049 50.2603 32.7958 45.6353 6.53616 12.4074 7.86382 6.19663
internal_count=1236 331 288 225 63 183 905 828 493 290 335 203 300 42 77 44 43
is_linear=0
shrinkage=0.03


Tree=298
num_leaves=20
num_cat=0
split_feature=112 137 280 270 180 136 174 116 136 174 51 4 14 291 278 12 2 139 76
split_gain=1.23585 2.33321 2.3049 2.61456 2.1421 1.79457 3.92715 3.13442 3.34969 2.91854 3.33546 3.45216 3.12906 3.34026 2.37121 1.94236 2.05823 1.7416 1.63975
threshold=0.54585000000000006 1.8847750000000001 -0.19268391757728029 0.64764733887179926 0.17562139985200004 2.8668777777777783 0.68102485835000004 0.51400000000000012 1.8367066017316021 0.17624236210000002 0.32855000000000006 61.785000000000004 23.025000000000002 3.3100000000000001 0.95864151849251744 20.625000000000004 65.060000000000016 65.235569580000018 7.2622500000000008
decision_type=2 2 2 2 2 2 2 2 2 2 2 2 2 2 2 2 2 2 2
left_child=5 -2 -3 4 -4 6 7 8 -1 12 14 -12 13 -7 -11 16 -8 -5 -14
right_child=1 2 3 17 -6 9 15 -9 -10 10 11 -13 18 -15 -16 -17 -18 -19 -20
leaf_value=0.00054999698978595987 -0.016597210618847263 0.030708593546581679 0.0252049303100681 0.0014990215823100441 0.0034414710202367222 -0.010921895960321486 -0.0018720756249365209 -0.008500914923816787 0.022400782626481871 0.011448428189896175 0.0067557695505332362 -0.025435207905774738 0.028430871956885387 0.017273604741797007 -0.012763451562713333 0.0042100751683523605 -0.032402687231571255 -0.030030269658818325 -0.001004078431412341
leaf_weight=10.738824631087484 3.7131672333925954 3.5349290128797319 5.9200901351869168 3.3131542336195698 14.001620681025086 58.573519481346011 3.9365588361397368 6.8650952205061904 16.308630503714085 26.755184233188633 5.3310458287596685 6.3459953553974628 3.008585061877965 3.8754032887518397 4.0147037655115119 5.1757495980709782 4.4618232818320394 2.6321566691622138 3.3422191813588142
leaf_count=72 28 23 34 24 100 375 33 39 94 153 35 48 17 25 27 35 28 21 25
internal_value=0 0.00525878 0.00816756 0.00486522 0.0101523 -0.00110436 0.00374384 0.00924123 0.0138697 -0.0032023 0.00293012 -0.0105514 -0.00702808 -0.00909938 0.00816109 -0.00973815 -0.0186356 -0.0122295 0.0126997
internal_weight=191.848 33.1151 29.402 25.867 19.9217 158.733 47.4867 33.9126 27.0475 111.247 42.4469 11.677 68.7997 62.4489 30.7699 13.5741 8.39838 5.94531 6.3508
internal_count=1236 230 202 179 134 1006 301 205 166 705 263 83 442 400 180 96 61 45 42
is_linear=0
shrinkage=0.03


Tree=299
num_leaves=13
num_cat=0
split_feature=311 80 80 66 11 304 119 268 51 262 76 55
split_gain=1.23342 1.64072 2.54665 3.859 4.20935 2.38978 2.15488 1.92315 2.62961 2.06623 1.14365 0.502458
threshold=0.30622850432010745 20240213.500000004 20230312.000000004 3.8300000000000005 21.825000000000003 0.90673212925688185 7365.8000000000011 -1.2506957771520593 -0.069766779977137691 0.14971594809776403 5.600950000000001 0.13785000000000003
decision_type=2 2 2 2 2 2 2 2 2 2 2 2
left_child=1 2 5 4 -4 -1 -7 11 -9 -10 -2 -3
right_child=10 7 3 -5 -6 6 -8 8 9 -11 -12 -13
leaf_value=0.019253039345333896 -0.00012891549132977267 0.031353698486010093 -0.011475423945387775 -0.03422957593915768 0.025669511938168552 -0.0020671498691498071 0.0066755298464203309 -0.015758462981449221 0.021584672655036004 -0.0067285361639802862 -0.03361211343952869 0.0089088970460912756
leaf_weight=5.9347591698169699 2.1649661930277939 3.3257418610155609 12.279767541214825 4.6671345047652713 3.4066035840660325 108.48494779132307 33.008310709148645 4.561671711504462 6.3500197054818219 3.3545318292453885 1.7731595635414121 1.9575877450406549
leaf_count=37 22 32 91 49 18 624 190 37 67 27 22 20
internal_value=0 0.000350911 -0.000592594 -0.0105228 -0.00310713 0.000764205 -3.14877e-06 0.00856291 0.00254185 0.011523 -0.0164068 0.0239147
internal_weight=191.269 187.331 167.782 20.3535 15.6864 147.428 141.493 19.5496 14.2662 9.70455 3.93813 5.28333
internal_count=1236 1192 1009 158 109 851 814 183 131 94 44 52
is_linear=0
shrinkage=0.03


end of trees

feature_importances:
市场波动率_120d=107
报价日_excel=102
市场波动率比值=88
波动率_60d=71
报价日_md=70
price_vs_MA20=68
行业胜率_120d=58
行业年化收益_60d=56
盈利能力_delta_1y=52
同行市值_均值=51
同行PE_中位=48
波动率_250d=46
盈利能力_T=43
行业年化收益_20d=42
总分_delta_1y=42
price_vs_MA250=42
个股PS=41
price_vs_MA120=41
总分_T-4=40
个股PB=40
FCF_T3=39
行业波动率_250d=38
同行PS_中位=38
capex_intensity=37
成长能力_delta_1y=37
FCF_T1=36
同行公司数=34
市场距离MA250=34
报价日=32
成长能力_delta_2y=31
行业PE=30
MA120=29
资本支出_T4=29
区间收益_60d=28
净利润_x=28
价格标准差=27
数据天数=27
行业波动率_60d=27
行业年化收益_120d=27
营收_T1=27
营收_YoY=27
capex_to_dep=27
PE_vs_行业=27
vol_ratio_60_250=27
市场胜率_120d=27
年化收益_20d=26
return_acceleration=26
同行市值_中位=25
PE_vs_同行均值=25
成长能力_T-2=24
年化收益_120d=24
同行PS_均值=24
NOPAT_CAGR2=24
PB_vs_同行均值=24
总分_T-2=23
盈利能力_T-3=23
成长能力_T-1=23
行业PB=23
营收_3年斜率=23
FCF_加速=23
年化收益_250d=22
行业波动率_20d=22
同行PE_均值=22
同行PE_标准差=22
FCF_T2=22
营收_加速=22
盈利能力_delta_2y=22
price_vs_MA60=22
报价日价格_excel=21
波动率=21
行业年化收益_250d=21
行业PB_120d增长=21
总分_T-1=20
营收_CAGR2=20
资本支出_YoY=20
PS_vs_同行均值=20
胜率_120d=19
资本支出_T3=19
成长能力_T-4=18
行业波动率_120d=18
行业MA250=18
净利润_fcf_T4=18
盈利能力_T-1=17
年化收益_60d=17
漂移率=17
行业胜率_250d=17
净利润_fcf_T1=17
FCF_margin=17
成长能力_delta_4y=17
PB_vs_行业=17
行业PB_250d增长=17
资本支出_CAGR2=16
总分_T-3=15
波动率_20d=15
胜率_250d=15
MA250=15
邀请日=15
同行PB_均值=15
营收_T=15
营收_T2=15
折旧_T=14
营业利润_T4=14
FCF_YoY=14
盈利能力_delta_4y=14
市场年化收益_120d=14
总分_T=13
盈利能力_T-4=13
胜率_60d=13
MA60=13
中位价=13
行业胜率_60d=13
同行PB_中位=13
营业利润_T=13
资本支出_加速=13
vol_ratio_20_60=13
成长能力_T=12
资本支出_T1=12
资本支出_T2=12
营收_T4=12
FCF_T4=12
NOPAT_YoY=12
净利润_fcf_CAGR2=12
总分_delta_4y=12
区间收益_20d=11
波动率_120d=11
区间收益_120d=11
个股PE=11
行业MA120=11
FCF_T=11
当前价=10
行业区间收益_20d=10
折旧_T4=10
总分_斜率=9
盈利能力_斜率=9
均价_all=9
营业利润_T2=9
NOPAT_加速=9
FCF_conversion=9
PE_vs_同行中位=9
行业区间收益_60d=8
行业总天数=8
FCF_3年斜率=8
NOPAT_3年斜率=8
净利润_fcf_YoY=8
总分_delta_2y=8
行业级别=7
行业MA60=7
净利润_fcf_T=7
净利润_fcf_T2=7
净利润_fcf_T3=7
营业利润_CAGR2=7
净利润_fcf_加速=7
NOPAT_margin=7
行业PE_250d增长=7
成长能力_T-3=6
成长能力_斜率=6
行业区间收益_120d=6
行业波动率_总=6
折旧_T2=6
营收_T3=6
营业利润_T3=6
NOPAT_T4=6
PB_vs_同行中位=6
盈利能力_T-2=5
子场景通过数=5
溢价率上限_excel=5
MA20=5
溢价率上限=5
行业胜率_20d=5
行业MA20=5
行业漂移率=5
资本支出_T=5
营业利润_T1=5
MA30=4
行业区间收益_250d=4
折旧_T1=4
营业利润_YoY=4
个股PE_通过=3
DCF估值_通过=3
胜率_20d=3
区间收益_250d=3
报价日价格=3
NOPAT_T=3
FCF年份_T=3
FCF_CAGR2=3
行业PB_60d增长=3
行业PE_120d增长=3
报价日MA20=2
step2通过=2
折旧_T3=2
营业利润_加速=2
行业PE_通过=1
修正PE估值_通过=1
蒙特卡洛_通过=1
最新交易日=1
锁定价当前价=1
有效阈值数=1
step1通过=1
NOPAT_T1=1
NOPAT_T3=1
行业PE_60d增长=1

parameters:
[boosting: gbdt]
[objective: binary]
[metric: binary_logloss]
[tree_learner: serial]
[device_type: cpu]
[data_sample_strategy: bagging]
[data: ]
[valid: ]
[num_iterations: 300]
[learning_rate: 0.03]
[num_leaves: 31]
[num_threads: 4]
[seed: 42]
[deterministic: 0]
[force_col_wise: 0]
[force_row_wise: 0]
[histogram_pool_size: -1]
[max_depth: 5]
[min_data_in_leaf: 20]
[min_sum_hessian_in_leaf: 0.001]
[bagging_fraction: 0.8]
[pos_bagging_fraction: 1]
[neg_bagging_fraction: 1]
[bagging_freq: 0]
[bagging_seed: 400]
[bagging_by_query: 0]
[feature_fraction: 0.8]
[feature_fraction_bynode: 1]
[feature_fraction_seed: 30056]
[extra_trees: 0]
[extra_seed: 12879]
[early_stopping_round: 0]
[early_stopping_min_delta: 0]
[first_metric_only: 0]
[max_delta_step: 0]
[lambda_l1: 0.1]
[lambda_l2: 0.1]
[linear_lambda: 0]
[min_gain_to_split: 0]
[drop_rate: 0.1]
[max_drop: 50]
[skip_drop: 0.5]
[xgboost_dart_mode: 0]
[uniform_drop: 0]
[drop_seed: 17869]
[top_rate: 0.2]
[other_rate: 0.1]
[min_data_per_group: 100]
[max_cat_threshold: 32]
[cat_l2: 10]
[cat_smooth: 10]
[max_cat_to_onehot: 4]
[top_k: 20]
[monotone_constraints: ]
[monotone_constraints_method: basic]
[monotone_penalty: 0]
[feature_contri: ]
[forcedsplits_filename: ]
[refit_decay_rate: 0.9]
[cegb_tradeoff: 1]
[cegb_penalty_split: 0]
[cegb_penalty_feature_lazy: ]
[cegb_penalty_feature_coupled: ]
[path_smooth: 0]
[interaction_constraints: ]
[verbosity: -1]
[saved_feature_importance_type: 0]
[use_quantized_grad: 0]
[num_grad_quant_bins: 4]
[quant_train_renew_leaf: 0]
[stochastic_rounding: 1]
[linear_tree: 0]
[max_bin: 255]
[max_bin_by_feature: ]
[min_data_in_bin: 3]
[bin_construct_sample_cnt: 200000]
[data_random_seed: 175]
[is_enable_sparse: 1]
[enable_bundle: 1]
[use_missing: 1]
[zero_as_missing: 0]
[feature_pre_filter: 1]
[pre_partition: 0]
[two_round: 0]
[header: 0]
[label_column: ]
[weight_column: ]
[group_column: ]
[ignore_column: ]
[categorical_feature: ]
[forcedbins_filename: ]
[precise_float_parser: 0]
[parser_config_file: ]
[objective_seed: 16083]
[num_class: 1]
[is_unbalance: 1]
[scale_pos_weight: 1]
[sigmoid: 1]
[boost_from_average: 1]
[reg_sqrt: 0]
[alpha: 0.9]
[fair_c: 1]
[poisson_max_delta_step: 0.7]
[tweedie_variance_power: 1.5]
[lambdarank_truncation_level: 30]
[lambdarank_norm: 1]
[label_gain: ]
[lambdarank_position_bias_regularization: 0]
[eval_at: ]
[multi_error_top_k: 1]
[auc_mu_weights: ]
[num_machines: 1]
[local_listen_port: 12400]
[time_out: 120]
[machine_list_filename: ]
[machines: ]
[gpu_platform_id: -1]
[gpu_device_id: -1]
[gpu_use_dp: 0]
[num_gpu: 1]

end of parameters

pandas_categorical:[]
