tree
version=v4
num_class=1
num_tree_per_iteration=1
label_index=0
max_feature_idx=218
objective=binary sigmoid:1
feature_names=报价日 报价日价格 总分_斜率 盈利能力_斜率 成长能力_斜率 溢价率上限 总分_T-4 盈利能力_T-4 成长能力_T-4 总分_T-3 盈利能力_T-3 成长能力_T-3 总分_T-2 盈利能力_T-2 成长能力_T-2 总分_T-1 盈利能力_T-1 成长能力_T-1 总分_T 盈利能力_T 成长能力_T 波动率_20d 年化收益_20d 区间收益_20d 胜率_20d 波动率_60d 年化收益_60d 区间收益_60d 胜率_60d 波动率_120d 年化收益_120d 区间收益_120d 胜率_120d 波动率_250d 年化收益_250d 区间收益_250d 胜率_250d MA20 MA30 MA60 MA120 MA250 当前价 均价_all 中位价 价格标准差 漂移率 波动率 数据天数 报价日_md 邀请日 个股PE 个股PB 个股PS 行业PE 行业PB 营收_T 营业利润_T 净利润_fcf_T NOPAT_T 折旧_T 资本支出_T FCF_T FCF年份_T 营收_T1 营业利润_T1 净利润_fcf_T1 NOPAT_T1 折旧_T1 资本支出_T1 FCF_T1 FCF年份_T1 营收_T2 营业利润_T2 净利润_fcf_T2 NOPAT_T2 折旧_T2 资本支出_T2 FCF_T2 FCF年份_T2 营收_T3 营业利润_T3 净利润_fcf_T3 NOPAT_T3 折旧_T3 资本支出_T3 FCF_T3 FCF年份_T3 营收_T4 营业利润_T4 净利润_fcf_T4 NOPAT_T4 折旧_T4 资本支出_T4 FCF_T4 FCF年份_T4 FCF_3年斜率 营收_3年斜率 NOPAT_3年斜率 报价日MA20 锁定价当前价 净利润 行业波动率_20d 行业年化收益_20d 行业区间收益_20d 行业胜率_20d 行业波动率_60d 行业年化收益_60d 行业区间收益_60d 行业胜率_60d 行业波动率_120d 行业年化收益_120d 行业区间收益_120d 行业胜率_120d 行业波动率_250d 行业年化收益_250d 行业区间收益_250d 行业胜率_250d 行业MA20 行业MA60 行业MA120 行业MA250 行业漂移率 行业波动率_总 行业总天数 同行公司数 同行PE_均值 同行PE_中位 同行PE_标准差 同行PB_均值 同行PB_中位 同行PS_均值 同行PS_中位 同行市值_均值 同行市值_中位 流动比率 速动比率 存货周转率 应收账款周转率 流动资产周转率 总资产周转率 ROA 总资产净利率 ROE ROE摊薄 现金流动负债比 现金利息负债比 净利率 毛利率 资产负债率 利息资本化率 产权比率 已获利息倍数 研发费用率 营收增长 利润增长 净利增长 扣非净利增长 ROE增长 总营收增长 营收增长2 净资产增长 营收_YoY 营收_CAGR2 营收_加速 NOPAT_YoY NOPAT_CAGR2 NOPAT_加速 FCF_YoY FCF_CAGR2 FCF_加速 营业利润_YoY 营业利润_CAGR2 营业利润_加速 净利润_fcf_YoY 净利润_fcf_CAGR2 净利润_fcf_加速 资本支出_YoY 资本支出_CAGR2 资本支出_加速 FCF_margin FCF_conversion capex_to_dep capex_intensity NOPAT_margin 总分_delta_1y 总分_delta_2y 总分_delta_4y 盈利能力_delta_1y 盈利能力_delta_2y 盈利能力_delta_4y 成长能力_delta_1y 成长能力_delta_2y 成长能力_delta_4y PE_vs_行业 PB_vs_行业 PE_vs_同行均值 PE_vs_同行中位 PB_vs_同行均值 PB_vs_同行中位 PS_vs_同行均值 vol_ratio_20_60 vol_ratio_60_250 return_acceleration price_vs_MA20 price_vs_MA60 price_vs_MA120 price_vs_MA250 行业PE_60d增长 行业PB_60d增长 行业PE_120d增长 行业PB_120d增长 行业PE_250d增长 行业PB_250d增长 市场波动率_120d 市场年化收益_120d 市场胜率_120d 市场距离MA250 市场波动率比值
feature_infos=[20200103:20251118] [1.71:1201.5] [-6.8899999999999997:5.7800000000000002] [-4.4299999999999997:3.4199999999999999] [-2.29:1.98] [-0.20000000000000001:0] [52.25:86.579999999999998] [15:27] [12.5:22.5] [53:86.280000000000001] [15:27] [12.5:22.5] [52.5:85.579999999999998] [15:27] [12.5:22.25] [53:88.5] [15:27] [12.5:22.5] [52.880000000000003:87.379999999999995] [15:27] [12.5:22.5] [0.10979999999999999:1.4625999999999999] [-2.7399:2463.5351559309834] [-0.28290062667860338:1.2024999999999999] [0.14999999999999999:0.90000000000000002] [0.10680000000000001:1.2746999999999999] [-2.4862000000000002:110.43613319149621] [-0.59670000000000001:2.1673] [0.29999999999999999:0.67796610169491522] [0.15690000000000001:1.2012] [-1.0992:13.332530408506422] [-0.6206896551724137:5.3498999999999999] [0.29170000000000001:0.60504201680672265] [0.13600000000000001:0.9042] [-0.6835:11.0807] [-0.6835:11.0807] [0:0.59599999999999997] [1.8500000000000001:615.28999999999996] [1.8100000000000001:598.36000000000001] [1.78:547.20000000000005] [1.76:474.48000000000002] [1.8:495.17000000000002] [1.71:667.29999999999995] [1.8200000000000001:351.55000000000001] [1.79:329.01999999999998] [0.12:124.34999999999999] [-2.4862000000000002:9.0303000000000004] [0.10680000000000001:1.2746999999999999] [165:340] [20200103:20251118] [20191231:20251115] [-5697.5200000000004:31258.7556] [0.33069999999999999:305.96879999999999] [0.039800000000000002:1378.7795000000001] [4.1900000000000004:2079.0300000000002] [0.41999999999999998:25.09] [0.052291509400000005:4483.2549062437001] [-218.51458:895.18636000000004] [-166.42310000000001:761.70000000000005] [-218.51458:895.18636000000004] [0.00087798968000000013:179.89326885520001] [0.0035264958:442.15334543] [-381.13902751559999:957.03999999999996] [2019:2025] [0:4011.8065496611998] [-184.99903:677.57000000000005] [-144.09429:641.99000000000001] [-184.99903:677.57000000000005] [3.2636999999999999e-05:184.88092216436002] [0:711.99734337759992] [-385.78217000000001:1542.01] [2018:2024] [0.026383170000000001:4009.1704490000002] [-34.879772221300001:623.88] [-39.248952115500003:609.33000000000004] [-34.879772221300001:623.88] [8.081047999999999e-06:181.03253368157601] [0:783.53940971220004] [-585.19622907910002:780.67999999999995] [2017:2023] [0.029456719999999999:3285.939875] [-85.493939999999995:561.24000000000001] [-49.653460000000003:523.11000000000001] [-85.493939999999995:561.24000000000001] [1.0683200000000001e-06:190.32951049042401] [9.7799200000000004e-05:581.19829362559994] [-1027.78:1781.77] [2016:2022] [0.059927300000000003:2660.9043182134001] [-18.508875164199999:574.69000000000005] [-16.726886349899999:476.82999999999998] [-18.508875164199999:574.69000000000005] [8.8831440000000007e-05:199.76124410254397] [1.804e-05:731.38582189140004] [-4082.02:371.36878126479996] [2015:2021] [-412.24028663694992:135.82104726164999] [-503.06394775159998:308.24510000000026] [-179.00166950000002:155.14894500000003] [1.8500000000000001:1271.2] [1.71:1201.5] [-28116000000:73849000000] [0.080299999999999996:0.99839999999999995] [-3.2052:9.1241000000000003] [-0.25640000000000002:0.72989999999999999] [0.10000000000000001:0.84999999999999998] [0.094100000000000003:0.76019999999999999] [-1.4590000000000001:4.2027000000000001] [-0.35010000000000002:1.0086999999999999] [0.31669999999999998:0.7167] [0.0974:0.66820000000000002] [-0.84289999999999998:3.2210999999999999] [-0.40460000000000002:1.5461] [0.31669999999999998:0.625] [0.11550000000000001:0.66259999999999997] [-0.51549999999999996:4.4028] [-0.51549999999999996:4.4028] [0.35599999999999998:0.61199999999999999] [159.78:133913.85000000001] [160.69:133169.76999999999] [156.38999999999999:129637.69] [159.78999999999999:100391.05] [-1.4590000000000001:4.2027000000000001] [0.094100000000000003:0.76019999999999999] [306:679] [1:30] [4.1795599999999995:2924.1673000000001] [4.2051999999999996:2924.1673000000001] [0:167.66295472620476] [0.48230000000000006:709.11890000000005] [0.47239999999999999:709.11890000000005] [0.23304285714285713:1300.3074703703703] [0.058200000000000002:32.868699999999997] [15.378376556666666:10547.666900325999] [16.9008:10254.502892479999] [0:50.46948375597119] [0:48.589572146438016] [0:97613.444397387691] [0:1479.7951672172867] [0:8.9236336563183922] [0:5.9240640559334086] [-61.603870882456469:87.639753376470594] [-61.913053372474948:86.599082031126514] [-475.87027503114177:389.97324342244974] [-475.87027503114177:389.97324342244974] [0:1817.7131569502169] [0:181030.1123133878] [-3548.7921081122968:124.08414783199022] [-30.438361107314144:97.874662671630432] [2.6679255970283418:116.82150049023838] [0:130.91602745399214] [-11.730217344689414:376.9152400260117] [-3569.247966467974:5160.4977969452439] [0:38.755124823380982] [-6562.1522860116556:20694.041255075284] [-9774.7097020552737:5895.1944797130936] [-9613.7293454737901:1645.6236389458386] [-9613.7293454737901:1645.6236389458386] [-11314.707138205045:1943.2223541814546] [-100:40852.80880281351] [-100:40852.80880281351] [-450.05095044033465:2458.6622398593217] [-0.84781572952157236:408.52808802813507] [-0.81251889440674285:23.841659053659008] [-428.60111103776654:409.40370377863059] [-224.91252583660025:535.3238758578575] [-0.94926988945123936:46.550401218101499] [-1645.3313374046725:536.09105925602933] [-218.22885594267876:6801.815302554458] [-0.91736347466431289:24.011501104187968] [-926.67920043263291:6802.8126340889803] [-224.91252583660025:535.3238758578575] [-0.94926988945123936:46.550401218101499] [-1645.3313374046725:536.09105925602933] [-96.1372934547379:253.29013288067517] [-0.88807207114474429:11.209098329388533] [-131.83559460365606:254.06804007945726] [-0.99474440222308358:1414.5466204455097] [-0.80390211370451803:474.31337014830444] [-123778.58890892175:1415.4757142731469] [-35.042181301043108:2.6582966117430842] [-666.60014374148591:416.57496158843674] [0.0084111504892290384:1171.6408341386843] [0.000346472876086467:3.4349757038257804] [-35.483327933922666:3.3774965011978515] [-27:17.549999999999997] [-25.830000000000005:22.850000000000009] [-27.980000000000004:22.579999999999991] [-12:12] [-12:11.550000000000001] [-12:11.550000000000001] [-9:9] [-8.75:9] [-9.120000000000001:8.379999999999999] [-207.55992714025504:972.58107031736154] [0.11996194824961948:112.07648351648351] [-66.830504569541517:412.08546882125029] [-118.10461160872531:617.01204267540436] [0.0062564966185501471:120.13133904199229] [0.0062564966185501471:158.04173553719008] [0.0030515090395272526:335.26812586557736] [0.36670045615813479:1.6767167258970537] [0.34187316253674926:1.7415418746533557] [-5.6699165056969099:97.103602782989782] [0.72347197728934565:1.6527813712807247] [0.65724703737465817:1.8927059936162667] [0.57564814315744084:2.1051398073404513] [0.4197223211107155:2.6664388973807616] [-0.60522002269575093:2.2700548081714] [-0.54460719041278294:1.1521381578947372] [-0.75612566249327906:2.9751665657177462] [-0.7381465517241379:1.120675105485232] [-0.82707455577944677:10.77219730941704] [-0.76784400294334065:1.8840970350404311] [0.11652689607196304:0.49418375383761609] [-0.84037644463935102:1.2135067764116692] [0.36666666666666664:0.6166666666666667] [-0.29634773883876053:0.49110781547974391] [0.33987433355820068:1.7028113305691333]
tree_sizes=2205 2153 2046 2452 2460 2159 2146 2359 2467 2370 2247 2419 2313 2241 2577 2153 2151 2683 2162 2252 2680 2241 2040 2555 2251 2466 2359 1938 2576 2249 2544 2027 2468 2251 2260 1943 2798 2239 2045 2572 2365 2149 2148 1849 2263 2341 2157 2135 2474 1823 1924 2360 1426 1929 2800 2271 1528 2373 1959 1418 2687 1737 1531 1507 1819 2687 1413 1851 1522 1848 1312 1210 2485 1928 1531 1417 1414 1102 2256 1397 1523 1608 1713 2284 1318 1527 795 1196 1104 1214 1210 2251 1432 1317 1206 1716 1946 1931 1210 1103 1216 1423 1318 1318 1949 1527 1402 906 1101 1902 1643 1425 1961 1000 1429 2376 1839 2142 1507 2260 2033 1413 1419 797 1303 1746 2038 1071 2200 1191 1417 2457 1107 1736 1007 1532 1211 1432 1424 1629 1531 2144 2046 2153 1321 1532 1852 2124 1751 1727 1213 1311 2151 1592 2142 1106 1310 1326 1526 1006 2017 1734 1734 2045 1523 1848 1112 2037 2165 1321 2033 1000 1504 2353 1418 1398 1531 1596 1108 1520 1426 1508 1525 2173 1738 1305 1276 1414 1200 1597 1311 2266 1624 2268 2035 1217 1198 987 2362 1322 1850 1602 1174 1401 1495 2246 1621 1523 1619 1528 1516 1513 1822 1628 1700 893 2267 1736 1402 1400 2259 778 892 991 1598 1183 958 1090 2676 2052 1717 986 2096 1089 1493 2373 1791 1208 1366 1207 1176 1202 2247 882 1093 1509 2796 1794 1301 1202 2046 1408 1727 1901 967 1412 2347 1093 1607 1187 2563 2266 1319 2674 1769 2375 1295 2482 892 1965 1211 1956 1410 786 1837 1840 969 1530 884 1311 1386 2352 1311 1737 2429 1937 2223 1203 1710 1303 2429 1521 1303 2234 1932 1206 2276 992 1313 2366

Tree=0
num_leaves=20
num_cat=0
split_feature=0 0 0 25 35 14 140 49 125 138 55 217 49 163 43 194 101 55 145
split_gain=117.036 67.3884 29.4527 30.5099 19.8229 19.5856 19.4312 14.2441 21.7624 13.7362 12.9559 12.2281 10.3754 11.1737 6.94077 7.41457 2.35123 5.48943 0.650915
threshold=20240265.000000004 20230527.500000004 20210766.000000004 0.49865000000000009 0.83425000000000005 20.060000000000006 0.34766066862086081 20210302.500000004 14.500000000000002 3.6756798547494243 6.5600000000000014 -0.080346473095105467 20250819.500000004 0.41588509030368864 10.285000000000002 1.1549589464454579 14315364.915000001 3.0150000000000001 157.03790719557378
decision_type=2 2 2 2 2 2 2 2 2 2 2 2 2 2 2 2 2 2 2
left_child=1 2 7 6 5 12 -4 8 -1 -6 -9 -5 13 -2 15 -3 17 -16 -18
right_child=4 14 3 11 9 -7 -8 10 -10 -11 -12 -13 -14 -15 16 -17 18 -19 -20
leaf_value=0.10286226795972431 0.13774562669644383 0.092249733651218607 0.12325102631458093 0.079940467022710751 0.11973589967636408 0.069938878453051828 0.082502872110613593 0.11937658785875385 0.07016902639054004 0.067537834158784643 0.077646991554452358 0.05092409477407072 0.10032459141549416 0.09404846597399516 0.072658869736789852 0.045061127212099657 0.029895062528918666 0.030939921057134966 0.047405850339121723
leaf_weight=44.427472129464149 56.113726481795311 5.7293986678123456 12.714527249336241 20.245762020349503 7.9022935628891018 5.3027859181165686 58.774028897285461 33.926719158887863 30.995983868837357 10.35610295832157 8.1674852520227414 39.26723974943161 10.090911269187925 5.9788675457239142 6.3488781005144101 6.2199508994817734 16.961787223815922 5.7451214790344238 5.3992192596197119
leaf_count=172 223 22 50 77 31 20 224 133 117 39 31 146 39 23 24 23 62 21 20
internal_value=0.0894867 0.0801238 0.0863425 0.0765605 0.118279 0.1249 0.0898252 0.0972255 0.0894549 0.0903194 0.111193 0.0607077 0.129004 0.133596 0.0469681 0.067468 0.0400376 0.0522545 0.0337711
internal_weight=390.668 294.924 248.519 131.002 95.7447 77.4863 71.4886 117.518 75.4235 18.2584 42.0942 59.513 72.1835 62.0926 46.4044 11.9493 34.455 12.094 22.361
internal_count=1497 1122 950 497 375 305 274 453 289 70 164 223 285 246 172 45 127 45 82
is_linear=0
shrinkage=1


Tree=1
num_leaves=19
num_cat=0
split_feature=49 49 45 214 49 52 207 213 107 34 34 218 138 15 44 192 70 101
split_gain=66.7694 49.8933 28.8311 34.5095 23.0196 20.3747 20.2377 18.5353 16.8082 13.4401 9.9776 9.58667 9.27109 8.64184 7.25145 5.44479 5.34866 2.8327
threshold=20240265.000000004 20230608.000000004 3.1150000000000007 0.21826758082694725 20210715.500000004 2.2468500000000007 1.0326912771044605 0.87574621987886192 0.36480000000000007 -0.40624999999999994 0.8418500000000001 0.96191146134006578 3.6756798547494243 65.905000000000015 10.000000000000002 -1.4399999999999993 2.413227124500001 14315364.915000001
decision_type=2 2 2 2 2 2 2 2 2 2 2 2 2 2 2 2 2 2
left_child=1 2 3 5 8 -1 -5 10 -4 -6 11 16 -12 -13 15 -3 -2 -16
right_child=7 14 4 6 9 -7 -8 -9 -10 -11 12 13 -14 -15 17 -17 -18 -19
leaf_value=0.007031937875845367 0.048589459767141054 -0.040689511360497137 -0.015163337177412771 0.026079591999857949 0.014427874677678932 -0.024060460977829233 -0.0015005318376403569 -0.02970056802923747 0.023611295616646044 -0.034679941687807039 0.03190664216912046 0.037629210532838506 -0.018474143902434442 0.0020832934039643047 -0.034868644107102192 0.00062115047864567106 0.017826110195466989 -0.058703467632667761
leaf_weight=30.814632520079613 26.28433296084404 5.9271420836448669 27.140734136104584 57.398361399769783 5.4109322577714911 48.588848531246185 40.676794975996017 5.5997974276542655 15.846541509032248 51.433660671114922 5.5766272246837598 10.850323632359506 7.676117017865181 14.526605904102324 8.0483047664165515 5.2106687128543836 6.9168440550565711 16.694409251213074
leaf_count=119 105 22 103 225 21 183 156 21 62 192 22 43 29 56 30 20 27 61
internal_value=-0.00268253 -0.00885728 -0.00453103 0.00271013 -0.017424 -0.0119628 0.0146203 0.0222336 -0.000778465 -0.0299356 0.0263597 0.0316746 0.00258112 0.0174873 -0.0421048 -0.0212624 0.0423434 -0.0512428
internal_weight=390.622 313.191 277.311 177.479 99.8319 79.4035 98.0752 77.4306 42.9873 56.8446 71.8309 58.5781 13.2527 25.3769 35.8805 11.1378 33.2012 24.7427
internal_count=1497 1194 1061 683 378 302 381 303 165 213 282 231 51 99 133 42 132 91
is_linear=0
shrinkage=0.03


Tree=2
num_leaves=18
num_cat=0
split_feature=50 50 195 10 12 214 213 50 21 34 34 14 138 148 44 192 101
split_gain=62.9288 46.9541 27.1627 22.1926 21.6917 21.6085 17.488 16.4603 15.7403 14.691 9.43115 10.5886 8.74386 7.89859 6.82161 5.12484 2.66084
threshold=20240226.500000004 20230605.000000004 1.280990743267354 18.525000000000002 58.090000000000011 0.29168925049141253 0.87574621987886192 20210807.000000004 0.41160000000000002 0.28330000000000005 0.8418500000000001 19.560000000000006 3.6756798547494243 58.760201157409803 10.000000000000002 -1.4399999999999993 14315364.915000001
decision_type=2 2 2 2 2 2 2 2 2 2 2 2 2 2 2 2 2
left_child=1 2 3 4 -1 7 10 -4 -7 -5 11 13 -12 -2 15 -3 -16
right_child=6 14 5 9 -6 8 -8 -9 -10 -11 12 -13 -14 -15 16 -17 -18
leaf_value=0.029545304253898758 0.039535196235443208 -0.039450590161487352 -0.0051050463649725273 0.021953276196041045 -0.016414882652563731 0.050364232724790861 -0.028792085381550068 -0.030654484032381902 -0.0035969357841325691 -0.0056720072244040316 0.031033100229177789 -0.0082512344482171956 -0.017917369549925642 0.0052088603289798798 -0.033811954076895551 0.00060288154407030833 -0.05694515335215132
leaf_weight=10.937258467078207 45.721572458744049 5.9329204857349396 36.3280378729105 61.672164633870125 55.926303327083588 6.2540369480848339 5.6062437593936911 61.991453036665916 20.374043941497803 23.814092218875885 5.5645870566368085 5.49744589626789 7.6802510172128677 7.2227795124053946 8.0538615584373492 5.2105579674243909 16.696571603417397
leaf_count=43 182 22 139 241 212 25 21 232 78 91 22 21 29 28 30 20 61
internal_value=-0.00260238 -0.00859284 -0.00439471 0.00409246 -0.00881921 -0.0147622 0.021612 -0.0212595 0.00910549 0.014225 0.0256303 0.0308074 0.00250195 0.0349275 -0.0408397 -0.0206165 -0.0497046
internal_weight=390.484 313.191 277.297 152.35 66.8636 124.948 77.2929 98.3195 26.6281 85.4863 71.6866 58.4418 13.2448 52.9444 35.8939 11.1435 24.7504
internal_count=1497 1194 1061 587 255 474 303 371 103 332 282 231 51 210 133 42 91
is_linear=0
shrinkage=0.03


Tree=3
num_leaves=22
num_cat=0
split_feature=0 0 0 52 217 34 34 185 138 178 215 30 46 37 114 107 55 185 101 85 114
split_gain=100.46 57.4685 25.5283 28.9904 21.8565 17.7008 17.4127 13.9013 13.4711 11.4582 11.2065 7.54025 8.66737 8.10457 7.53355 7.52429 6.55616 9.32447 10.2997 5.02542 2.21668
threshold=20240265.000000004 20230527.500000004 20210766.000000004 3.4109500000000006 -0.17148710403150855 0.33705828729281767 0.53585000000000005 3.3750000000000004 2.8622308765105053 -0.020194109145234947 0.54876614396378665 -0.088470103278887047 1.0408000000000002 29.045000000000005 0.32840000000000008 -0.019799999999999995 3.0150000000000001 -3.3399999999999994 38322251.340000011 3.3059357230000002 0.22785000000000002
decision_type=2 2 2 2 2 2 2 2 2 2 2 2 2 2 2 2 2 2 2 2 2
left_child=1 2 7 5 -5 -4 11 10 -8 -10 -1 13 19 -2 -11 -9 17 20 -19 -13 -3
right_child=6 16 3 4 -6 -7 8 15 9 14 -12 12 -14 -15 -16 -17 -18 18 -20 -21 -22
leaf_value=0.0032811472987075464 0.033828082293652376 -0.033412618756595257 0.0087108292149258078 0.031266714297524867 -0.031059362590780775 -0.040406768277098437 0.036190752270514555 0 -0.035786032849692388 -0.015753551391871092 -0.035874723690299905 0.049889115739371728 0.010455631701099904 -0.0067025689318041181 0.02946775115742583 0.044253391238197159 -0.056961291796101321 0.013140255613138117 -0.039805483321292391 0.019976289105609418 -0.058050462008845172
leaf_weight=94.195115178823471 9.797179043293001 7.2497884482145372 47.859856635332108 5.3294018507003775 70.368853360414505 7.5514071136713019 8.8073240816593188 5.205279245972636 8.0299716740846669 5.7911601215600932 6.9693550765514365 32.84639909863472 8.1949576139450055 7.8145347833633414 7.3626211732625961 11.059067741036413 16.961393535137177 6.4620270580053312 6.4764721244573593 6.6198119819164267 9.3129955530166608
leaf_count=363 39 27 185 21 263 28 35 20 30 22 26 132 32 30 29 44 62 25 24 26 34
internal_value=-0.00252652 -0.0111832 -0.00543674 -0.0145367 -0.0265964 0.00190234 0.0242325 0.00470162 0.00516842 -0.00769787 0.000521259 0.0329248 0.0391664 0.0157384 0.00936336 0.0303581 -0.0417802 -0.0327877 -0.0132341 0.0450107 -0.0477114
internal_weight=390.265 295.001 248.538 131.11 75.6983 55.4113 95.264 117.429 29.9911 21.1838 101.164 65.2729 47.6612 17.6117 13.1538 16.2643 46.4627 29.5013 12.9385 39.4662 16.5628
internal_count=1497 1122 950 497 284 213 375 453 116 81 389 259 190 69 51 64 172 110 49 158 61
is_linear=0
shrinkage=0.03


Tree=4
num_leaves=22
num_cat=0
split_feature=0 0 0 52 216 217 34 14 49 125 138 178 127 96 195 44 194 75 101 21 9
split_gain=94.7363 54.2123 24.0247 27.2633 23.1711 20.581 16.4883 14.5639 13.2794 19.9128 12.7236 10.775 10.7947 9.94551 7.8196 6.30953 7.62129 4.60418 1.9 3.31369 0.724879
threshold=20240265.000000004 20230527.500000004 20210766.000000004 3.4109500000000006 0.47916666666666669 -0.17148710403150855 0.53585000000000005 19.685000000000006 20210302.500000004 14.500000000000002 2.8622308765105053 -0.020194109145234947 46.858025000000005 0.81641122952500023 2.5335926912828328 10.000000000000002 1.1549589464454579 9.0932848847000027 14315364.915000001 0.45005000000000006 72.490000000000023
decision_type=2 2 2 2 2 2 2 2 2 2 2 2 2 2 2 2 2 2 2 2 2
left_child=1 2 8 4 -4 -5 7 14 9 -1 -8 -12 -13 -10 17 16 -3 -2 19 -17 -20
right_child=6 15 3 5 -6 -7 10 -9 13 -11 11 12 -14 -15 -16 18 -18 -19 20 -21 -22
leaf_value=0.0099033941743743147 0.042930870852097937 0.004585371678130926 0.026257936519430893 0.030401767353110735 -0.01349402155669408 -0.030121209367344554 0.035230256993694371 -0.01396153268402683 0.025234755729558439 -0.021371021740291471 -0.034683791795970004 -0.01281615898971957 0.042087782317814924 -0.011359652959124784 0.0022572505276271322 -0.019181621357189923 -0.043264703223333353 0.013120530344800766 -0.056501422156725684 -0.052053307323888423 -0.039234652587274106
leaf_weight=44.361590176820755 48.254935920238495 5.4620732516050321 21.420000970363617 5.3195853233337393 33.975663229823112 70.386495098471642 8.7791639268398303 5.5196256190538397 33.875732287764549 31.017429322004318 8.0396226197481191 7.8834233880042994 5.2614471763372421 8.133522763848303 5.6679185926914206 6.1071001142263395 6.2276477813720703 5.6145998388528815 17.215498059988025 6.0006697922945023 5.3937228024005881
leaf_count=172 194 21 84 21 129 263 35 21 133 117 30 30 21 31 22 23 23 22 63 22 20
internal_value=-0.00245233 -0.0108535 -0.00527363 -0.0141013 0.00184254 -0.0257944 0.0235732 0.0320527 0.00456342 -0.00293712 0.00501725 -0.00746921 0.00908537 0.0180682 0.0363852 -0.0405915 -0.0208028 0.0399095 -0.0470896 -0.0360117 -0.0527052
internal_weight=389.917 294.897 248.49 131.102 55.3957 75.7061 95.0207 65.0571 117.388 75.379 29.9637 21.1845 13.1449 42.0093 59.5375 46.4067 11.6897 53.8695 34.717 12.1078 22.6092
internal_count=1497 1122 950 497 213 284 375 259 453 289 116 81 51 164 238 172 44 216 128 45 83
is_linear=0
shrinkage=0.03


Tree=5
num_leaves=19
num_cat=0
split_feature=49 49 45 214 139 49 52 125 34 217 178 34 14 192 179 218 25 130
split_gain=52.4092 39.5014 25.2763 30.5559 20.3417 18.9401 17.3492 16.4914 11.7213 11.3124 11.0442 10.0353 9.71029 5.81733 8.78047 5.78554 4.27193 2.46127
threshold=20240265.000000004 20230608.000000004 3.1150000000000007 0.21826758082694725 0.85896943835403194 20210715.500000004 2.2468500000000007 14.500000000000002 -0.40624999999999994 0.22508802503646122 0.14862175651212087 0.77855000000000019 18.560000000000006 -1.4399999999999993 -0.39969358521073256 0.83184263082385657 0.62415000000000009 1.9905000000000002
decision_type=2 2 2 2 2 2 2 2 2 2 2 2 2 2 2 2 2 2
left_child=1 2 3 6 -5 7 -1 -4 -7 11 -11 12 16 17 -15 -12 -2 -3
right_child=9 13 5 4 -6 8 -8 -9 -10 10 15 -13 -14 14 -16 -17 -18 -19
leaf_value=0.006533053339038703 0.043390525619101845 -0.02781906259283624 0.015377107608424029 0.037260887044293978 0.0059114202344746182 0.014036625473996254 -0.022165676393701518 -0.021992451203141933 -0.031834861967425646 -0.021653260670761638 0.042264560084310135 -0.0021491293033612927 0.0018361648660193191 -0.050596103837670263 -0.0024686927950572242 -0.00074440523062347665 0.016895621814231973 -0.053689066114409691
leaf_weight=30.7710922062397 31.631863340735435 5.3394180983305004 24.122873172163963 25.127126097679138 72.67921955883503 5.401384785771369 48.590351045131683 18.824357837438583 51.458314791321754 10.009642139077188 5.732539236545561 8.8290082663297635 7.9985587745904914 5.713764175772666 8.6261015683412534 5.1750974655151367 7.3238865137100211 16.05708272755146
leaf_count=119 128 20 94 100 281 21 183 71 192 38 23 34 31 21 33 20 29 59
internal_value=-0.00238254 -0.00784077 -0.00399244 0.002796 0.0140258 -0.0160634 -0.0110062 -0.000945828 -0.0274076 0.019813 0.000841031 0.0268591 0.0323703 -0.0374891 -0.0220706 0.0217652 0.0385422 -0.0475323
internal_weight=389.412 312.711 276.975 177.168 97.8063 99.8069 79.3614 42.9472 56.8597 76.7006 20.9173 55.7833 46.9543 35.7364 14.3399 10.9076 38.9557 21.3965
internal_count=1497 1194 1061 683 381 378 302 165 213 303 81 222 188 133 54 43 157 79
is_linear=0
shrinkage=0.03


Tree=6
num_leaves=19
num_cat=0
split_feature=49 49 214 52 218 213 101 33 29 16 101 133 6 148 44 194 128 72
split_gain=49.4433 37.3486 23.8354 27.7444 18.5632 15.4361 14.9092 13.5351 13.1314 8.92152 8.54417 9.25196 8.08673 14.1259 6.00405 6.38951 2.64525 1.84466
threshold=20240265.000000004 20230608.000000004 0.28049082420620236 2.2468500000000007 1.1096851561790182 0.87574621987886192 19790003.565000005 0.50135000000000007 0.42862416853586521 22.425000000000004 213681188.17500004 242.23824267404481 68.865000000000009 58.760201157409803 10.000000000000002 1.1549589464454579 80.336416688937206 13.83266522335
decision_type=2 2 2 2 2 2 2 2 2 2 2 2 2 2 2 2 2 2
left_child=1 2 3 6 8 10 -1 -5 -4 -6 12 -12 13 -2 15 -3 -16 -14
right_child=5 14 4 7 9 -7 -8 -9 -10 -11 11 -13 17 -15 16 -17 -18 -19
leaf_value=0.032190826657775083 0.027128438470376298 0.0051540583110668845 0.038846959811014568 -0.0063276069174113313 0.041900145935573133 -0.028061389046555852 -0.0015716915274597385 -0.023807859377900493 -0.0080684978722204807 -0.0002349044373963122 -0.019383774287633947 0.030281791719196989 0.052092124681544429 -0.025431975999749834 -0.050956147109130864 -0.039636354349780238 -0.026551136996721941 0.031965805014175862
leaf_weight=18.202794522047043 31.282462641596794 5.4588886350393278 6.270996317267417 82.410511016845703 19.292696401476864 5.6018783897161475 32.530075281858444 78.411488741636276 33.98225511610508 5.7127429693937293 7.8485493659973127 5.7563779354095459 11.267182901501657 5.2535519301891318 18.131994932889942 5.6617043316364288 6.384113907814025 9.4657174795865995
leaf_count=72 125 21 25 315 77 21 125 295 130 22 30 23 46 20 67 21 24 38
internal_value=-0.00231404 -0.00761352 -0.00387375 -0.00877082 0.0119447 0.0192801 0.0105227 -0.0148785 -0.000607108 0.0321919 0.0230985 0.00147894 0.0281707 0.01944 -0.0364867 -0.0175322 -0.0448565 0.0432449
internal_weight=388.926 312.45 276.814 211.555 65.2587 76.4757 50.7329 160.822 40.2533 25.0054 70.8738 13.6049 57.2689 36.536 35.6367 11.1206 24.5161 20.7329
internal_count=1497 1194 1061 807 254 303 197 610 155 99 282 53 229 145 133 42 91 84
is_linear=0
shrinkage=0.03


Tree=7
num_leaves=21
num_cat=0
split_feature=0 0 0 216 34 34 195 14 49 125 55 138 177 195 134 55 192 93 88 21
split_gain=81.1098 46.9966 21.4271 24.8811 21.3029 15.0757 14.6391 13.4268 12.4627 18.1535 11.9349 11.8998 9.61915 7.34159 6.92017 6.25583 6.84742 7.72674 4.53063 2.36662
threshold=20240265.000000004 20230527.500000004 20210766.000000004 0.47916666666666669 0.26640000000000008 0.53585000000000005 1.6073811445341162 19.685000000000006 20210302.500000004 14.500000000000002 6.5600000000000014 2.8622308765105053 0.15528126502250159 2.5335926912828328 72.001453242500006 3.0150000000000001 -1.4399999999999993 1.0505776168500003 41.824377380950004 0.26790000000000008
decision_type=2 2 2 2 2 2 2 2 2 2 2 2 2 2 2 2 2 2 2 2
left_child=1 2 8 4 -4 7 -5 13 9 -1 -10 -7 -13 18 -14 16 19 -18 -2 -3
right_child=5 15 3 6 -6 11 -8 -9 10 -11 -12 12 14 -15 -16 -17 17 -19 -20 -21
leaf_value=0.0094744957066316103 0.041528180471072665 -0.025163767316339906 0.012613140767629412 -0.016051862839778466 -0.031028949864847357 0.033562730344480582 -0.045736936379898979 -0.014026085904038338 0.025451589582530642 -0.020388882821543493 -0.014624350511117568 -0.031139888536427976 -0.012796781319929356 0.001206420155120181 0.032109931168212848 -0.052682962919191036 0.0079922555724361178 -0.038875728323318266 0.016184968257644702 -0.050685180490624794
leaf_weight=44.309123709797859 45.140073031187057 6.1019461750984254 41.964272275567055 54.966035947203636 13.121793389320372 8.7045557498931903 20.863958537578583 5.5178340673446646 33.774141386151314 31.032274976372719 8.1612746268510801 9.061567038297655 6.0344679504632932 5.6399713158607474 6.0236389189958572 16.797505229711533 7.2430484443902952 5.3847161531448364 8.0729240924119932 10.529338285326956
leaf_count=172 184 23 163 208 49 35 77 21 133 117 31 34 23 22 24 62 28 20 32 39
internal_value=-0.00224729 -0.0100107 -0.00482534 -0.0131696 0.00212561 0.0219576 -0.0243084 0.0301244 0.00446712 -0.00279685 0.0175646 0.00418868 -0.00787769 0.0343315 0.00946925 -0.0378182 -0.0290319 -0.0119058 0.0377772 -0.0417072
internal_weight=388.444 294.249 248.193 130.916 55.0861 94.195 75.83 64.3708 117.277 75.3414 41.9354 29.8242 21.1197 58.853 12.0581 46.0566 29.259 12.6278 53.213 16.6313
internal_count=1497 1122 950 497 212 375 285 259 453 289 164 116 81 238 47 172 110 48 216 62
is_linear=0
shrinkage=0.03


Tree=8
num_leaves=22
num_cat=0
split_feature=0 0 0 25 140 34 187 6 181 49 202 163 138 96 94 55 192 93 140 19 21
split_gain=76.5883 44.5016 20.1798 24.0933 16.2051 14.3824 12.1467 14.0879 11.1374 10.4943 10.4754 12.2182 10.4257 9.21008 6.66473 5.95548 6.51091 7.30075 5.40925 2.33751 2.25917
threshold=20240265.000000004 20230527.500000004 20210766.000000004 0.49865000000000009 0.34766066862086081 0.83425000000000005 4.7199999999999998 71.660000000000011 0.27504534554443283 20250819.500000004 0.9855490359111273 0.25677250336952012 2.8864974898539053 -0.058491001425000001 4.3064107845000015 3.0150000000000001 -1.4399999999999993 1.0505776168500003 0.37828940908574893 20.625000000000004 0.26790000000000008
decision_type=2 2 2 2 2 2 2 2 2 2 2 2 2 2 2 2 2 2 2 2 2
left_child=1 2 6 4 -4 9 7 -1 -5 10 14 -12 -7 -14 -2 16 20 -18 -11 -8 -3
right_child=5 15 3 8 -6 12 19 -9 -10 18 11 -13 13 -15 -16 -17 17 -19 -20 -21 -22
leaf_value=-0.006413985336066623 0.047873806647066315 -0.024475403062079282 0.029637343830014203 -0.016757451502036003 -0.0076684280537276444 0.032783522279240897 0.016277172678177628 0.017103387979592172 -0.043934691541286743 -0.020906023166705361 0.030356448932576507 -0.012541406288377769 -0.041110089001997314 0.008970644300538658 0.011235474452791452 -0.051401146218572849 0.0077531855366732919 -0.037827613280861101 0.021249228858003465 0.044803376146966868 -0.049477777006913755
leaf_weight=71.804658174514771 30.842356845736504 6.0883719623088899 12.644150093197821 37.548509478569031 58.739384829998016 5.2175271809101131 5.1092180758714658 33.530648052692413 21.901760339736938 5.502956494688986 20.217191770672802 8.2836641520261747 6.7398488372564325 6.1863816380500767 5.5684128403663626 16.703778892755508 7.2454424947500211 5.3708706796169281 5.2584399431943893 6.7467311322689056 10.466076061129568
leaf_count=275 127 23 50 142 224 21 20 131 81 21 82 32 25 24 22 62 28 20 21 27 39
internal_value=-0.00218551 -0.00972609 -0.00468508 -0.0127854 -0.000986281 0.0213901 0.00433579 0.0010528 -0.026877 0.0271384 0.031681 0.0177832 -0.00243736 -0.0170267 0.0423989 -0.0368461 -0.0282619 -0.0115599 -2.51185e-05 0.0330001 -0.0406647
internal_weight=387.716 293.9 248.025 130.834 71.3835 93.8168 117.191 105.335 59.4503 75.673 64.9116 28.5009 18.1438 12.9262 36.4108 45.8745 29.1708 12.6163 10.7614 11.8559 16.5544
internal_count=1497 1122 950 497 274 375 453 406 223 305 263 114 70 49 149 172 110 48 42 47 62
is_linear=0
shrinkage=0.03


Tree=9
num_leaves=21
num_cat=0
split_feature=0 0 30 45 0 23 34 185 12 14 138 217 178 127 55 185 163 49 145 72
split_gain=72.334 42.1959 19.3897 21.4343 21.1276 14.4718 13.6764 12.9662 12.5933 12.5504 10.8019 10.6099 9.1223 9.70496 5.71105 9.92531 5.50251 7.05863 2.80372 0.737409
threshold=20240265.000000004 20230527.500000004 0.24185000000000004 2.8350000000000004 20210805.500000004 -0.047149999999999991 0.53585000000000005 -3.8249999999999988 58.400000000000013 19.685000000000006 2.8622308765105053 -0.072346467221552052 -0.020194109145234947 46.858025000000005 2.8850000000000002 -2.3650000000000015 0.41588509030368864 20250908.500000004 54.566269068394504 18.844523849250006
decision_type=2 2 2 2 2 2 2 2 2 2 2 2 2 2 2 2 2 2 2 2
left_child=1 2 3 5 7 -1 9 -4 -5 16 -8 -6 -12 -14 15 18 17 -2 -3 -16
right_child=6 14 4 8 11 -7 10 -9 -10 -11 12 -13 13 -15 19 -17 -18 -19 -20 -21
leaf_value=0.038215834397880143 0.039687226632424667 -0.049505479816201896 -0.017809194846338115 0.031471515801961669 -0.0079711793539623144 0.0065973405553099865 0.032043527708473456 0.010830070107438245 -0.016786789828278543 -0.013977540041722919 -0.032621259303130493 -0.034815349394084642 -0.012999895142673076 0.039293489848528519 -0.052133666746065337 -0.00053361131654958897 0.0030765459259518104 0.0047267503355935478 -0.02169783648012176 -0.034924162835045625
leaf_weight=16.603653714060783 46.756825894117355 10.448653861880308 23.470389932394028 5.319727197289466 20.464319914579391 61.195233508944511 8.6249317824840563 35.770660296082497 45.373213142156601 5.5162034183740607 8.0215979516506231 39.685563996434212 7.8605436384677851 5.1930160969495773 15.025591403245928 9.0995703637599927 5.3371326476335517 6.1016641706228247 5.7818615138530722 5.3019899725913993
leaf_count=66 193 39 89 21 78 237 35 139 172 21 30 148 30 21 56 35 21 24 22 20
internal_value=-0.00212395 -0.0094482 -0.00454633 0.00352236 -0.0132509 0.0134242 0.0208454 -0.0004767 -0.0116115 0.0286805 0.00389716 -0.0257606 -0.00757689 0.00771615 -0.0359276 -0.025983 0.0327925 0.0357248 -0.0399767 -0.0479848
internal_weight=386.952 293.54 247.883 128.492 119.391 77.7989 93.4119 59.2411 50.6929 63.7118 29.7001 60.1499 21.0752 13.0536 45.6577 25.3301 58.1956 52.8585 16.2305 20.3276
internal_count=1497 1122 950 496 454 303 375 228 193 259 116 226 81 51 172 96 238 217 61 76
is_linear=0
shrinkage=0.03


Tree=10
num_leaves=20
num_cat=0
split_feature=0 0 1 23 165 214 195 34 14 55 138 56 148 196 199 44 194 55 135
split_gain=68.3383 40.045 18.3832 16.9433 14.5506 13.7928 13.731 13.0586 14.7822 11.9878 9.60927 8.4998 9.32442 7.7658 5.89257 5.64397 6.73319 1.99226 5.29952
threshold=20240265.000000004 20230527.500000004 12.785000000000002 -0.047149999999999991 1.4721787429875084 0.29168925049141253 1.2775305251123201 0.83425000000000005 20.060000000000006 6.2350000000000012 3.6756798547494243 63.805542192750003 48.881367254627762 0.63728682695255412 0.77460595655188913 10.000000000000002 1.2158209095577523 3.0150000000000001 2.1857006135185504
decision_type=2 2 2 2 2 2 2 2 2 2 2 2 2 2 2 2 2 2 2
left_child=1 2 3 14 -5 6 -4 8 11 -7 -9 12 -2 -13 -1 16 -3 18 -17
right_child=7 15 5 4 -6 9 -8 10 -10 -11 -12 13 -14 -15 -16 17 -18 -19 -20
leaf_value=0.0099924597611999143 0.040931979945546142 0.0044928390660385516 -0.0041089177506135133 0.0046872778771505667 -0.04495471514807 0.013875513992654881 -0.024454212322952782 0.022520089831400757 -0.021827970733337761 -0.027194682778214234 -0.021401079409716792 0.02856384132071044 0.012579229940451785 -0.021165109989475041 0.051312743519713454 -0.046534598071012741 -0.040769407377525421 -0.05062131288865529 -0.013705678575976462
leaf_weight=5.1256084889173499 44.245774075388908 6.2215347737073881 54.334584772586823 68.018491968512535 5.6614276915788642 30.256753966212273 67.408446595072746 7.7391976863145855 5.2962424308061591 7.9766532033681861 10.331757619976996 5.9240921735763532 14.243259653449057 5.1831945925951004 8.9424315541982633 12.231488779187204 5.337272971868515 14.075750380754469 7.5561732798814765
leaf_count=20 184 24 208 263 21 118 254 31 20 30 39 24 57 20 36 46 20 53 29
internal_value=-0.00206563 -0.00918035 -0.00441225 0.00659657 0.000776457 -0.0104697 -0.0154094 0.0203231 0.0258432 0.00518017 -0.00240557 0.0295401 0.034112 0.00510845 0.0366465 -0.0350519 -0.0163201 -0.0412906 -0.0342813
internal_weight=386.11 293.147 247.724 87.748 73.6799 159.976 121.743 92.9635 74.8926 38.2334 18.071 69.5963 58.489 11.1073 14.068 45.4222 11.5588 33.8634 19.7877
internal_count=1497 1122 950 340 284 610 462 375 305 148 70 285 241 44 56 172 44 128 75
is_linear=0
shrinkage=0.03


Tree=11
num_leaves=22
num_cat=0
split_feature=0 0 0 217 33 52 34 116 216 14 85 103 195 125 44 194 128 88 101 55 11
split_gain=64.5575 38.0345 17.953 22.6019 23.5442 13.5598 12.5147 12.049 11.6161 11.3599 10.4117 7.73784 6.7584 6.34086 5.40216 6.39028 4.54417 4.20158 2.0121 4.64837 0.813599
threshold=20240265.000000004 20230527.500000004 20210766.000000004 -0.046361001054110978 0.59970000000000012 3.4109500000000006 0.53585000000000005 0.74860000000000004 0.57916666666666672 19.685000000000006 2.6267569265500001 0.67880000000000018 2.5335926912828328 13.500000000000002 10.000000000000002 1.2158209095577523 71.339174657267776 41.824377380950004 14315364.915000001 3.0150000000000001 18.315000000000001
decision_type=2 2 2 2 2 2 2 2 2 2 2 2 2 2 2 2 2 2 2 2 2
left_child=1 2 7 4 -4 -5 9 8 -1 12 11 16 17 -9 15 -3 -8 -2 19 -16 -20
right_child=6 14 3 5 -6 -7 10 13 -10 -11 -12 -13 -14 -15 18 -17 -18 -19 20 -21 -22
leaf_value=0.0057113186921493257 0.038384907254111915 0.0043593106407393044 0.010116508684088284 -0.0083527668406676182 -0.032847257744945658 -0.036298309783817782 0.038313994369011978 0.037618371772869537 -0.018606890286434686 -0.013148103293457314 -0.032839777450984042 -0.010890002992268253 0 0 -0.010546113697921146 -0.039788839164280006 0.0050205887257000065 0.013829722741434803 -0.049958324233466245 -0.049082102672308503 -0.032571001218568513
leaf_weight=75.30697563290596 43.890786841511726 6.2227833867073041 51.007947579026222 27.560162901878357 14.702430814504622 37.248650223016739 9.1084545701742226 13.074946328997614 22.991737961769104 5.5227221697568885 5.5785557329654685 8.2636424601078016 5.5899366438388816 5.7105350494384757 6.2570629417896253 5.3076512068510056 6.5936453342437735 7.9646275639533988 16.608348459005359 5.5462800860404968 5.2139383405446997
leaf_count=292 184 24 198 105 55 139 37 52 87 21 21 32 22 22 24 20 26 32 63 21 20
internal_value=-0.00200898 -0.00891958 -0.00428177 -0.0119348 0.00042265 -0.0244918 0.0198136 0.00422676 0 0.0273692 0.00357088 0.0122722 0.0313327 0.0261736 -0.0342181 -0.0158723 0.0246435 0.034705 -0.0403543 -0.0291661 -0.0461084
internal_weight=385.272 292.759 247.603 130.519 65.7104 64.8088 92.5124 117.084 98.2987 62.9681 29.5443 23.9657 57.4454 18.7855 45.1561 11.5304 15.7021 51.8554 33.6256 11.8033 21.8223
internal_count=1497 1122 950 497 253 244 375 453 379 259 116 95 238 74 172 44 63 216 128 45 83
is_linear=0
shrinkage=0.03


Tree=12
num_leaves=21
num_cat=0
split_feature=0 0 52 10 188 218 218 34 14 191 85 138 195 117 55 186 194 103 36 88
split_gain=61.0046 36.1604 17.2992 18.9261 19.2289 18.3071 12.9399 11.9144 10.8041 10.379 9.8146 7.73631 6.45949 6.18535 5.25009 5.53359 9.37788 5.22163 4.08018 4.03916
threshold=20240265.000000004 20230527.500000004 2.2468500000000007 18.525000000000002 -0.29999999999999888 1.1096851561790182 1.0151756304103581 0.53585000000000005 19.685000000000006 -0.25499999999999895 2.6267569265500001 2.8622308765105053 2.5335926912828328 0.46600000000000008 3.0150000000000001 -3.1700000000000048 1.1753930845566076 0.67880000000000018 0.44489156626506027 41.824377380950004
decision_type=2 2 2 2 2 2 2 2 2 2 2 2 2 2 2 2 2 2 2 2
left_child=1 2 3 4 -1 6 -4 8 12 -7 11 -9 19 -5 15 18 -17 -13 -3 -2
right_child=7 14 5 13 -6 9 -8 10 -10 -11 -12 17 -14 -15 -16 16 -18 -19 -20 -21
leaf_value=-0.037618063094014061 0.03757660351549142 -0.012907042006637911 -0.009090590293465756 0 0.015965531806829636 -0.00035317593945749667 -0.033368032827659939 0.036410316325048056 -0.012753921170868885 0.033540937897566694 -0.031877100350800547 0.013226783161436703 0 0.034694095666189972 -0.04734387676529353 0.019735582745660757 -0.035265069222541384 -0.021735493559681539 -0.045269815047610344 0.013451585342776729
leaf_weight=10.974080935120584 43.497968152165413 5.4332695901393953 135.41502057015896 5.9427841901779201 13.053291425108908 24.107995137572289 23.246458113193512 7.7314549237489762 5.5256534814834586 12.037883222103117 5.5776419490575782 10.130913883447649 5.5899366438388816 22.615286260843277 16.18339529633522 5.3553671389818174 5.5524117052555084 6.0587576925754538 12.339081138372419 7.9459622353315345
leaf_count=41 184 21 517 23 51 93 87 32 21 48 21 40 22 90 62 21 21 23 47 32
internal_value=-0.00195575 -0.00867133 -0.00415769 0.0110727 -0.00843798 -0.00828789 -0.0126853 0.0193179 0.0267267 0.0109134 0.00346695 0.0119313 0.0306199 0.0275649 -0.0334298 -0.025337 -0.00805502 0 -0.0356715 0.0339418
internal_weight=384.315 292.256 247.393 52.5854 24.0274 194.807 158.661 92.0583 62.5595 36.1459 29.4988 23.9211 57.0339 28.5581 44.8635 28.6801 10.9078 16.1897 17.7724 51.4439
internal_count=1497 1122 950 205 92 745 604 375 259 141 116 95 238 113 172 110 42 63 68 216
is_linear=0
shrinkage=0.03


Tree=13
num_leaves=20
num_cat=0
split_feature=0 0 52 217 0 216 213 185 34 175 49 218 41 29 178 107 69 85 111
split_gain=57.6539 34.5353 20.4973 14.3004 12.9677 19.7333 11.9798 11.8102 10.3357 9.7436 13.8063 8.93751 9.91331 8.89377 6.82379 6.73581 4.55773 4.18945 1.64287
threshold=20240265.000000004 20210766.000000004 3.4109500000000006 -0.17148710403150855 20230527.500000004 0.47916666666666669 0.87574621987886192 3.3750000000000004 0.8418500000000001 -0.18926730510356352 20201111.500000004 0.96191146134006578 19.763260000000006 0.58125240485040897 -0.020194109145234947 -0.019799999999999995 6.8965315751000009 2.6267569265500001 0.50775000000000003
decision_type=2 2 2 2 2 2 2 2 2 2 2 2 2 2 2 2 2 2 2
left_child=1 7 4 -4 5 -3 8 9 11 -1 -11 16 -13 -5 -10 -9 -2 -6 -17
right_child=6 2 3 13 17 -7 -8 15 14 10 -12 12 -14 -15 -16 18 -18 -19 -20
leaf_value=-0.027493735920507415 0.040443241766023992 0.025089459311490581 0.015538631106919502 -0.021872026017877792 -0.016935792432533708 -0.011668768487647913 -0.019098840342613822 0 -0.024954766852707765 -0.0093489339559808086 0.01410880066592023 0.031308468025690976 -0.0030334851640579233 -0.041612791278561316 0.015685161690467051 0.052586082227081256 0.01046472040859954 -0.048666571529218862 0.026426417559696776
leaf_weight=10.072192370891569 33.881938904523849 21.286913454532623 6.8410714715719214 59.508573696017265 15.213553592562677 33.932887732982635 6.7738720923662177 5.1816887408494976 6.035865619778634 41.084735497832298 49.715860545635223 15.037439942359926 14.803467109799383 32.801604896783829 9.3326622396707499 5.9109006375074369 5.6955543309450141 5.2392508983612052 5.0143635720014572
leaf_count=38 144 84 27 227 59 129 26 20 23 157 194 63 59 123 37 24 23 20 20
internal_value=-0.00190245 -0.0084267 -0.0168688 -0.0258438 -0.00505098 0.00246682 0.018844 0.00416789 0.0219297 0.000318275 0.00346322 0.026852 0.0142187 -0.0289566 -0.000140043 0.027941 0.0362419 -0.0254072 0.0412003
internal_weight=383.364 291.804 174.824 99.1513 75.6726 55.2198 91.5608 116.98 84.7869 100.873 90.8006 69.4184 29.8409 92.3102 15.3685 16.107 39.5775 20.4528 10.9253
internal_count=1497 1122 669 377 292 213 375 453 349 389 351 289 122 350 60 64 167 79 44
is_linear=0
shrinkage=0.03


Tree=14
num_leaves=23
num_cat=0
split_feature=214 139 206 45 122 49 47 49 40 188 201 74 196 45 115 121 9 169 161 132 164 56
split_gain=32.7514 22.3917 19.7186 20.2906 18.1919 15.1224 16.4584 13.9826 13.4252 12.3663 12.2474 11.4396 9.48432 8.5845 7.85082 7.60232 7.57351 7.49832 7.62487 5.95911 4.70104 4.36416
threshold=0.2281786293464281 0.84837198836282368 0.9265675907627916 8.1750000000000025 0.012100000000000001 20210624.000000004 0.25260000000000005 20240317.000000004 15.085000000000003 2.9249999999999994 1.3896158853116467 0.62143426935000012 1.032280868161753 3.3050000000000002 -0.27434999999999993 5248.2450000000017 73.365000000000009 -0.25970309402014913 7.5275835061542491 2.9614750000000005 -0.23989435496626771 34.461771895350005
decision_type=2 2 2 2 2 2 2 2 2 2 2 2 2 2 2 2 2 2 2 2 2 2
left_child=4 10 3 19 8 12 -7 -8 17 11 13 -4 21 20 -10 -15 -16 -1 -19 -3 -2 -6
right_child=1 2 9 -5 5 6 7 -9 14 -11 -12 -13 -14 15 16 -17 -18 18 -20 -21 -22 -23
leaf_value=-0.038650141750355256 0.012650254269843786 0.050849704880581659 -0.027380549465489547 -0.025240875779428077 0.054224243459926658 0.043060510576406377 -0.016830760980226001 0.029381603535047762 0.0012405533954058712 0.034031009715334272 -0.012518735680043185 -0.0034076869388882198 -0.008335640432368523 0.031152700416032419 -0.042758210227402817 1.9685330245457441e-05 -0.010747063022321366 0.0013870083255118275 -0.031072231430480979 0.020487057601637725 0.04587382401619166 0.016285768576505478
leaf_weight=6.6093258857727042 5.1661012619733837 9.8682936131954211 23.423453241586685 6.8451248407363883 6.9390255957841891 5.2247559279203406 54.696085348725319 6.4691564887762061 5.6124908775091162 6.2555147856473914 8.1366572976112348 76.984713271260262 5.4850345402956 13.643932417035105 32.434255003929138 14.911616235971449 8.8003939837217313 35.755817756056786 7.823955997824668 15.89128866791725 20.290333762764931 5.1016814410686493
leaf_count=25 21 41 89 26 28 21 210 27 22 25 32 299 21 57 123 59 34 139 30 63 85 20
internal_value=-0.0018499 0.00646129 -0.000202936 0.0201561 -0.0111161 -0.000846465 -0.0074291 -0.0118542 -0.0199562 -0.00646738 0.0214196 -0.00905166 0.02382 0.0266014 -0.0315179 0.0150566 -0.0360414 -0.00906358 -0.00442957 0.0323864 0.0393247 0.0386633
internal_weight=382.369 201.417 139.268 32.6047 180.952 83.9157 66.39 61.1652 97.0362 106.664 62.1486 100.408 17.5257 54.012 46.8471 28.5555 41.2346 50.1891 43.5798 25.7596 25.4564 12.0407
internal_count=1497 797 543 130 700 327 258 237 373 413 254 388 69 222 179 116 157 194 169 104 106 48
is_linear=0
shrinkage=0.03


Tree=15
num_leaves=19
num_cat=0
split_feature=0 0 30 0 101 198 126 213 33 99 34 14 56 178 55 185 114 96
split_gain=52.6481 32.1886 16.3484 17.2143 15.8208 18.1794 12.0257 11.2855 10.2663 10.0275 9.68862 10.3223 7.58776 6.5167 5.17025 9.34098 2.85714 0.848334
threshold=20240265.000000004 20230527.500000004 0.24185000000000004 20210805.500000004 99921409.670000017 1.3468915152572387 74.696242063492079 0.87574621987886192 0.36702945006258086 51.645000000000003 0.8418500000000001 19.685000000000006 63.805542192750003 -0.020194109145234947 2.8850000000000002 -2.3650000000000015 0.22785000000000002 0.89527588155000026
decision_type=2 2 2 2 2 2 2 2 2 2 2 2 2 2 2 2 2 2
left_child=1 2 4 6 5 -1 -4 10 -6 -5 11 12 -2 -12 15 16 -3 -16
right_child=7 14 3 9 8 -7 -8 -9 -10 -11 13 -13 -14 -15 17 -17 -18 -19
leaf_value=0.021150815622019915 0.033898165924627674 -0.020826027124342956 -0.010906672556700858 -0.030461475148669918 0.020217593950367128 -0.010537208872859648 0.016916287815766776 -0.018701989176327229 -0.015955983824492346 -0.0022243990119461261 -0.024484521052920379 -0.012822169696167823 0.0049502237909378553 0.015261480622635154 -0.047669276618520148 0.00203957804399421 -0.048003306631746658 -0.029867726849524535
leaf_weight=56.087389945983887 53.228131204843521 7.1755914688110378 36.6639044880867 44.089327409863472 8.3839065730571729 22.735875204205513 22.455143377184868 6.7685014158487311 40.712057560682297 15.554875820875166 6.0289336293935785 5.5205071419477454 9.9583595097064954 9.3093794286251033 14.380008623003961 8.962581589817999 8.5190884917974454 5.0789234191179267
leaf_count=221 228 28 140 166 33 87 88 26 155 60 23 21 40 37 56 35 33 20
internal_value=-0.00179557 -0.00803003 -0.0037896 -0.0118061 0.00363313 0.0119709 -0.000277319 0.0181219 -0.00968926 -0.0231637 0.0211418 0.0259487 0.0293983 -0.000224308 -0.031611 -0.0220857 -0.0359783 -0.0433528
internal_weight=381.612 290.799 246.682 118.763 127.919 78.8233 59.119 90.8138 49.096 59.6442 84.0453 68.707 63.1865 15.3383 44.1162 24.6573 15.6947 19.4589
internal_count=1497 1122 950 454 496 308 228 375 188 226 349 289 268 60 172 96 61 76
is_linear=0
shrinkage=0.03


Tree=16
num_leaves=19
num_cat=0
split_feature=0 0 30 45 0 125 120 12 213 16 34 137 60 138 44 194 55 135
split_gain=49.7684 30.6456 15.4036 17.4863 16.2521 18.3532 14.419 11.0931 10.6923 9.75109 9.22962 7.38102 6.84086 6.16171 5.02851 5.86375 1.8326 5.13619
threshold=20240265.000000004 20230527.500000004 0.24185000000000004 2.8350000000000004 20210805.500000004 17.500000000000004 3011.9900000000002 58.400000000000013 0.87574621987886192 22.575000000000003 0.8418500000000001 0.67429371521939052 1.4468997045240004 3.6756798547494243 10.000000000000002 1.2158209095577523 3.0150000000000001 2.1857006135185504
decision_type=2 2 2 2 2 2 2 2 2 2 2 2 2 2 2 2 2 2
left_child=1 2 3 6 5 -4 -1 -5 10 -6 11 -2 -13 -12 15 -3 17 -16
right_child=8 14 4 7 9 -7 -8 -9 -10 -11 13 12 -14 -15 16 -17 -18 -19
leaf_value=-0.0025067254248737616 -0.0093506200275307767 0.0061758472557061246 0.0098632715295873634 0.030412125822845651 -0.028738615459806761 -0.027671913341119254 0.02360295965370332 -0.015036990454656427 -0.018136190232307475 0.00091263494646832174 0.021169934803565566 0.032721069581085976 0.0065148065760728124 -0.016961786020091955 -0.042536999999835498 -0.03651319429268432 -0.04614890431475719 -0.0098483822665686449
leaf_weight=32.822450026869774 4.9388925582170478 6.1758709549903852 43.121587201952934 5.2802789360284796 47.119737133383751 15.985605254769323 44.543965861201286 45.167429819703102 6.7733127027750006 12.40351642668247 6.6383234560489646 52.017487019300461 11.256961211562155 8.6811546385288221 11.749669641256334 5.1612619459629059 13.328579932451246 7.3638494610786429
leaf_count=127 20 24 168 21 178 60 176 172 26 48 27 223 46 33 46 20 53 29
internal_value=-0.0017488 -0.0078082 -0.00368002 0.00352691 -0.0114666 -0.000267083 0.0124983 -0.0101698 0.0176787 -0.0225184 0.0206368 0.0253569 0.0281238 -0.000213639 -0.0309171 -0.0131455 -0.0369758 -0.030216
internal_weight=380.53 290.224 246.445 127.814 118.63 59.1072 77.3664 50.4477 90.3061 59.5233 83.5328 68.2133 63.2744 15.3195 43.7792 11.3371 32.4421 19.1135
internal_count=1497 1122 950 496 454 228 303 193 375 226 349 289 269 60 172 44 128 75
is_linear=0
shrinkage=0.03


Tree=17
num_leaves=24
num_cat=0
split_feature=214 139 206 45 107 195 188 22 210 133 33 106 186 32 57 218 77 189 92 132 124 183 49
split_gain=28.0513 19.9829 18.0994 18.6039 16.9387 13.9354 11.731 11.637 14.346 11.3179 10.5919 9.50283 8.76857 7.73727 8.14666 7.67926 8.8983 7.13518 7.00488 5.71814 4.80394 4.33743 0.387387
threshold=0.2281786293464281 0.84837198836282368 0.9265675907627916 8.1750000000000025 -0.099199999999999997 2.451193944391004 2.9249999999999994 1.9942500000000003 -0.049783372331607893 399.90079876096155 0.49991662666911568 0.24060000000000001 -3.6200000000000006 0.51885420168067242 0.067199889500000012 0.75309567147082246 1.2494030065000004 2.5499999999999994 0.12203703896000001 2.9614750000000005 672.50000000000011 0.07126363270257581 20240611.500000004
decision_type=2 2 2 2 2 2 2 2 2 2 2 2 2 2 2 2 2 2 2 2 2 2 2
left_child=4 10 3 19 9 7 11 8 -6 15 20 -4 -9 14 -12 16 -1 -17 -15 -3 22 -7 -2
right_child=1 2 6 -5 5 21 -8 12 -10 -11 13 -13 -14 18 -16 17 -18 -19 -20 -21 -22 -23 -24
leaf_value=0.023447082517420559 0.048256934485315185 0.049385802001868609 0.012686023356622311 -0.024167031650769326 -0.016598948009948829 -0.050528975970626638 0.033247642009224469 -0.039435996848710533 0.014965203797051029 0.014050934535602666 -0.0095217559687002223 -0.012764273100253881 0.0020154912122635703 0.014975238593559778 0.027944883258324952 -0.03328877838860099 -0.024943385734010254 0.00057070857330770248 -0.0335963826596129 0.019473577776932861 0.011354949811252062 -0.014695581216204628 0.033556150385373185
leaf_weight=5.8144102841615659 12.121878355741506 9.7086823135614413 15.44461779296398 6.82580342888832 16.843798100948334 5.7958552837371808 6.2295444905757895 9.3698106706142443 54.305876478552818 7.3687607347965232 6.741704240441325 84.614695012569427 8.6467830836772901 4.7670879364013654 21.026219338178635 50.094193816184998 7.951240599155426 6.1055740267038336 5.7117374688386917 15.804901599884031 5.6590897589921942 7.1889673620462418 5.2671864330768576
leaf_count=23 52 41 61 26 66 22 25 36 215 29 27 327 34 20 87 193 30 24 22 63 23 28 23
internal_value=-0.00170286 0.00601542 -0.000273346 0.0193209 -0.0103153 -0.0022582 -0.00627584 0.00195061 0.00743787 -0.0209025 0.0202646 -0.00879721 -0.0194751 0.0104274 0.0187393 -0.0246414 -0.0042659 -0.0295625 -0.0112836 0.0311216 0.0363436 -0.0311832 0.0441929
internal_weight=379.408 199.923 138.628 32.3394 179.485 102.151 106.289 89.1663 71.1497 77.3342 61.2949 100.059 18.0166 38.2467 27.7679 69.9654 13.7657 56.1998 10.4788 25.5136 23.0482 12.9848 17.3891
internal_count=1497 797 543 130 700 401 413 351 281 299 254 388 70 156 114 270 53 217 42 104 98 50 75
is_linear=0
shrinkage=0.03


Tree=18
num_leaves=19
num_cat=0
split_feature=0 0 198 141 214 10 183 55 213 34 14 218 178 215 55 185 110 110
split_gain=45.7448 28.2715 14.4303 16.6131 15.7131 15.2752 11.7102 10.1868 10.0604 8.5796 10.2396 7.08826 6.05663 5.51514 4.89129 7.23847 5.52727 2.22064
threshold=20240265.000000004 20230527.500000004 1.3468915152572387 4.5571396643702835 0.2940517751148885 18.525000000000002 0.060262470174850952 2.9750000000000005 0.87574621987886192 0.8418500000000001 20.060000000000006 0.96191146134006578 -0.020194109145234947 -0.14992500793155139 3.0150000000000001 -3.3399999999999994 0.20330000000000001 0.20070000000000002
decision_type=2 2 2 2 2 2 2 2 2 2 2 2 2 2 2 2 2 2
left_child=1 2 3 13 6 -5 -4 -6 9 10 11 -2 -11 -1 15 17 -17 -3
right_child=8 14 4 5 7 -7 -8 -9 -10 12 -12 -13 -14 -15 -16 16 -18 -19
leaf_value=0.045812740598555619 0.036394917664600596 -0.021172824888867306 -0.037164757228420366 -0.012383300914815465 0.046561837076439169 0.0077637191100814558 -0.011087514148501768 -0.0019296804292644619 -0.017683957942064312 -0.023585169309993121 -0.017268234133738951 0.015610209153462265 0.014800349873048058 0.0093666116728890574 -0.043651440119190463 -0.027502896669241453 0.012341357562781286 -0.045956656722955458
leaf_weight=9.3418281674385089 36.467912495136261 6.5637038648128501 22.641988709568977 61.162929892539978 5.1787072122097042 75.555839657783508 50.827796563506126 14.488694325089453 6.7655880451202384 6.0090152472257623 4.7465725243091574 26.295900762081146 9.2728615999221766 6.6821268051862708 15.340546339750288 5.3921164423227328 7.1064219921827316 8.778111129999159
leaf_count=38 160 26 85 234 21 295 195 56 26 23 18 111 37 26 62 21 28 35
internal_value=-0.00165336 -0.00746514 -0.00351416 0.00214479 -0.0128192 -0.00122985 -0.0192044 0.010858 0.0170589 0.0199522 0.0245412 0.0277732 -0.000153462 0.0309528 -0.0298333 -0.0219829 -0.00469198 -0.0357534
internal_weight=378.619 289.061 245.88 152.743 93.1372 136.719 73.4698 19.6674 89.5579 82.7923 67.5104 62.7638 15.2819 16.024 43.1809 27.8404 12.4985 15.3418
internal_count=1497 1122 950 593 357 529 280 77 375 349 289 271 60 64 172 110 49 61
is_linear=0
shrinkage=0.03


Tree=19
num_leaves=20
num_cat=0
split_feature=0 0 52 18 213 0 216 213 131 52 101 70 34 14 1 218 178 44 16
split_gain=43.2473 27.7605 17.606 11.0494 9.92056 9.90366 17.4219 9.53403 8.99239 8.8189 8.96054 8.80479 8.17612 9.73819 7.47474 6.84531 5.71067 4.92223 4.19338
threshold=20240265.000000004 20210766.000000004 3.4109500000000006 72.675000000000026 -0.32293893484524577 20230527.500000004 0.47916666666666669 0.87574621987886192 5.5943710784313732 2.3015000000000003 256742778.94000003 0.034864913949999986 0.8418500000000001 20.060000000000006 10.245000000000003 0.96191146134006578 -0.020194109145234947 9.2350000000000012 23.175000000000004
decision_type=2 2 2 2 2 2 2 2 2 2 2 2 2 2 2 2 2 2 2
left_child=1 3 5 9 8 6 -3 12 -4 10 -1 -11 13 15 -6 -2 -14 -7 -5
right_child=7 2 4 18 14 17 -8 -9 -10 11 -12 -13 16 -15 -16 -17 -18 -19 -20
leaf_value=0.025075987804938957 0.035702682982253958 0.023981249162104791 -0.032018923525524566 0.051560136687968883 0.0011559487708592952 -0.003161516770984613 -0.010675833314621876 -0.017154678192067726 0.01428226076097268 0.0093081748292491769 -0.018249943624092681 -0.0113867115837609 -0.022908885292202207 -0.016751349196487821 -0.030487722273386839 0.015204419752151263 0.014386398755550717 -0.034185346712028573 0.012975962484698815
leaf_weight=20.777399137616161 36.067749068140984 21.093995362520218 5.7107884585857418 5.3808848559856397 7.1832996904849997 7.8670395314693478 33.805531561374664 6.768142729997634 10.634494140744208 28.773622125387192 5.2494770288467398 51.019200995564461 6.0038407295942315 4.7492852956056586 73.696983933448792 26.19204044342041 9.2566121816635096 11.908800557255743 5.3695916086435318
leaf_count=83 160 84 22 22 28 31 129 26 42 112 20 195 23 18 285 111 37 48 21
internal_value=-0.00160945 -0.0072582 -0.0149223 0.00402111 -0.0233364 -0.0039107 0.00260527 0.0166458 -0.00180856 0.00103451 0.0161862 -0.00388419 0.0194803 0.0239879 -0.0276423 0.0271656 -0.000144803 -0.0220727 0.032862
internal_weight=377.509 288.471 171.901 116.57 97.2256 74.6754 54.8995 89.0377 16.3453 105.82 26.0269 79.7928 82.2695 67.0091 80.8803 62.2598 15.2605 19.7758 10.7505
internal_count=1497 1122 669 453 377 292 213 375 64 410 103 307 349 289 313 271 60 79 43
is_linear=0
shrinkage=0.03


Tree=20
num_leaves=24
num_cat=0
split_feature=0 0 52 214 217 115 49 202 5 193 14 55 49 122 29 114 185 57 174 207 68 29 26
split_gain=40.8894 26.24 16.6646 15.3444 12.2655 10.787 9.31367 12.8652 11.6721 10.2702 8.89509 8.44819 11.5533 8.43268 8.3559 7.63818 5.47151 8.24805 5.30561 3.53619 3.37501 2.63634 1.77573
threshold=20240265.000000004 20210766.000000004 3.4109500000000006 0.27922334541585725 -0.17148710403150855 0.74860000000000004 20250802.500000004 0.9855490359111273 -0.042349999999999992 -2.7549999999999994 17.315000000000001 6.4000000000000012 20210302.500000004 -0.25034999999999996 0.58125240485040897 0.32840000000000008 -0.55500000000000671 1.6184899393000001 0.1529699867975631 1.2449325227120818 1.8551435951680004 0.57485000000000008 0.69890000000000019
decision_type=2 2 2 2 2 2 2 2 2 2 2 2 2 2 2 2 2 2 2 2 2 2 2
left_child=1 5 3 13 -4 11 7 19 15 21 -11 12 -1 -3 -6 -8 17 -7 -13 20 -2 -9 -17
right_child=6 2 4 -5 14 16 8 9 -10 10 -12 18 -14 -15 -16 22 -18 -19 -20 -21 -22 -23 -24
leaf_value=-0.0042173482514531752 0.042834929912589949 -0.023020060923337707 0.015827723015898097 0.044771646236277655 -0.018746813372434702 -0.015957413095556285 -0.012731819159201458 0.04511210209388896 -0.03214628316436647 0.008760092046769568 -0.033421901463420667 -0.0056134739438717463 0.019435025056654127 -0.00044973538644769946 -0.038104216044255637 0.016269687160779589 0.043761975953078777 0.035909329434408582 -0.043872658143496383 0.0095685024088339177 0.014395041191936251 0.013530302942350367 0.043621353191681166
leaf_weight=56.628213405609131 25.086355865001682 21.829739525914192 6.7437147647142401 5.3121890574693671 58.168289929628372 5.2677171677351016 5.7791667729616192 5.8678953051567095 7.0440162122249594 13.913439527153971 6.4954031705856314 8.0844447463750821 27.46560250222683 47.360185220837593 31.899272486567497 5.0068135708570463 7.8628273904323569 5.4978631883859634 5.6656109392642966 4.8456002771854392 4.967884734272956 4.7162200957536697 4.7829746156930923
leaf_count=218 113 85 27 22 227 20 23 26 27 59 25 31 109 185 123 21 32 22 21 20 21 20 20
internal_value=-0.00156573 -0.00705752 -0.0145274 -0.00380493 -0.0227356 0.00390684 0.0162453 0.0219395 -0.000238535 0.0077097 -0.00461615 -5.51367e-05 0.00348595 -0.00763702 -0.0256706 0.0141194 0.0247661 0.010341 -0.0217974 0.0344324 0.0382967 0.0315786 0.0302421
internal_weight=376.291 287.786 171.313 74.5021 96.8113 116.472 88.5058 65.8928 22.613 30.993 20.4088 97.8439 84.0938 69.1899 90.0676 15.569 18.6284 10.7656 13.7501 34.8998 30.0542 10.5841 9.78979
internal_count=1497 1122 669 292 377 453 375 284 91 130 84 379 327 270 350 64 74 42 52 154 134 46 41
is_linear=0
shrinkage=0.03


Tree=21
num_leaves=20
num_cat=0
split_feature=0 0 206 101 19 47 45 200 109 85 55 195 111 55 185 213 25 114 56
split_gain=38.6943 25.5155 13.5758 19.5373 14.5346 12.7664 11.247 10.1529 9.63149 8.94094 9.03756 9.03214 6.68086 4.81781 8.4965 4.46568 5.34396 2.73061 0.913712
threshold=20240265.000000004 20230527.500000004 0.9265675907627916 99921409.670000017 23.325000000000003 0.23890000000000003 8.1750000000000025 1.028174626336908 0.55835000000000012 3.1216793533500007 1.8950000000000002 2.5335926912828328 0.14630000000000004 2.8850000000000002 -2.3650000000000015 0.69868421052631591 0.65165000000000017 0.22785000000000002 23.483240028350007
decision_type=2 2 2 2 2 2 2 2 2 2 2 2 2 2 2 2 2 2 2
left_child=1 2 3 6 5 -4 -1 -5 -6 11 -11 15 -13 14 17 16 -2 -3 -15
right_child=9 13 4 7 8 -7 -8 -9 -10 10 -12 12 -14 18 -16 -17 -18 -19 -20
leaf_value=0.029689660900033041 0.032586573507401705 -0.017877516624503816 0.029724130385430109 -0.024937094914492863 0.0046522860933623789 -0.012007836398821829 -0.017097852924041954 0.016123851779559644 0.052744251586764712 0.028142282599412993 -0.021858232473737658 0.020768876960183882 -0.0262613519913951 -0.044528153314628033 0.003917352367429185 0.0012085486277953813 0.010464848962477798 -0.044851184102469348 -0.026174355649940213
leaf_weight=31.532497689127922 42.246200203895569 6.9668560326099422 6.7564706653356543 16.58572389185429 15.88298647105694 156.0864239782095 5.262508049607276 7.8538343459367743 4.8874975591897956 4.7059615552425376 9.8574660867452604 4.7926096469163877 5.953404426574707 13.581744819879534 8.8486878722906095 6.8821182101964942 13.534814879298208 8.0821841210126859 4.8272961080074301
leaf_count=127 188 28 27 63 62 600 20 31 20 20 39 20 23 56 35 28 57 33 20
internal_value=-0.00152118 -0.00686175 -0.00312563 0.0090752 -0.00721362 -0.0102408 0.0228885 -0.0116077 0.016311 0.0158651 -0.00541496 0.0201293 -0.00501166 -0.0283553 -0.0190961 0.0244896 0.0273009 -0.0327624 -0.0400448
internal_weight=375.127 287.155 244.848 61.2346 183.613 162.843 36.795 24.4396 20.7705 87.9726 14.5634 73.4091 10.746 42.3068 23.8977 62.6631 55.781 15.049 18.409
internal_count=1497 1122 950 241 709 627 147 94 82 375 59 316 43 172 96 273 245 61 76
is_linear=0
shrinkage=0.03


Tree=22
num_leaves=18
num_cat=0
split_feature=49 49 195 10 12 49 55 126 48 213 191 146 144 52 7 187 98
split_gain=19.4486 17.7938 13.8285 16.5231 15.5867 10.8256 10.4438 10.2696 10.251 9.79359 7.11083 8.16723 7.95352 6.33443 5.73831 10.041 1.81223
threshold=20240265.000000004 20230329.500000004 1.280990743267354 18.525000000000002 58.090000000000011 20210814.500000004 2.7450000000000006 74.550890692640706 304.50000000000006 0.87574621987886192 2.680000000000001 55.562109145792952 11.049845906396563 3.5642500000000004 16.275000000000002 -6.754999999999991 0.012890229325000091
decision_type=2 2 2 2 2 2 2 2 2 2 2 2 2 2 2 2 2
left_child=1 2 3 4 -1 7 -5 -4 -7 10 11 -2 -13 14 -3 -16 -15
right_child=9 13 5 6 -6 8 -8 -9 -10 -11 -12 12 -14 16 15 -17 -18
leaf_value=0.026013917184987349 0.043194562241814345 -0.03561804590816936 -0.0081890015516150327 0.029339563252771518 -0.013885827985618842 0.0011687842587629503 0.0059529407785744639 0.020650751027867044 -0.024795885317196554 -0.025179079389088511 -0.015492109995546417 0.021417969285800746 -0.0049214998431758557 -0.044751363039036193 -0.03003439389416402 0.018341906150535284 -0.022451229017661677
leaf_weight=10.438699051737784 10.378398239612578 6.7294211983680752 35.676619201898575 24.96467424929142 52.789103716611862 18.761828556656837 56.393977716565132 16.008306354284286 48.32672706246376 5.5375398993492118 5.7501844614744178 35.17292395234108 14.301170751452444 11.184579819440843 6.6825429946184167 8.8337387740611995 6.1021163165569297
leaf_count=42 46 27 137 101 204 75 225 63 186 21 24 153 59 46 27 36 25
internal_value=-0.001479 -0.00480201 -0.00196853 0.00424667 -0.00722046 -0.00955692 0.0131931 0.000708195 -0.0174991 0.0126141 0.0158833 0.0189685 0.0137491 -0.02355 -0.012669 -0.00235957 -0.0372265
internal_weight=374.033 302.892 263.36 144.586 63.2278 118.773 81.3587 51.6849 67.0886 71.1402 65.6027 59.8525 49.4741 39.5324 22.2457 15.5163 17.2867
internal_count=1497 1194 1033 572 246 461 326 200 261 303 282 258 212 161 90 63 71
is_linear=0
shrinkage=0.03


Tree=23
num_leaves=23
num_cat=0
split_feature=0 0 31 45 0 125 120 14 99 34 14 138 178 127 31 199 26 44 14 101 25 11
split_gain=35.142 23.6474 12.8096 15.1767 13.7331 16.9486 13.5792 10.3438 9.35853 8.66464 8.84888 8.60431 6.57965 8.47548 6.07458 6.27895 5.16076 4.58522 4.7494 2.31626 4.47029 1.02177
threshold=20240265.000000004 20230527.500000004 0.11535000000000002 2.8350000000000004 20210805.500000004 17.500000000000004 3011.9900000000002 14.315000000000003 51.645000000000003 0.53585000000000005 20.060000000000006 2.8622308765105053 -0.020194109145234947 46.858025000000005 -0.015799999999999998 1.6818681577237566 0.87455000000000005 10.000000000000002 15.940000000000003 14315364.915000001 0.47390000000000004 18.315000000000001
decision_type=2 2 2 2 2 2 2 2 2 2 2 2 2 2 2 2 2 2 2 2 2 2
left_child=1 2 3 6 5 -4 -1 -5 -6 10 14 -11 -13 -14 15 -2 -16 18 -3 20 -19 -21
right_child=9 17 4 7 8 -7 -8 -9 -10 11 -12 12 13 -15 16 -17 -18 19 -20 21 -22 -23
leaf_value=-0.0026130757088283657 0.022532194426052941 0.0080873044462179168 0.0098671748104256236 0.01803579489513996 -0.027560332995863759 -0.026233365842679917 0.022784758567923443 -0.016051887931677507 -8.577789554326967e-05 0.027536145434154637 -0.016817521839876268 -0.030185311997423536 -0.014792553186885504 0.035009419771048697 0.040311035222906418 -0.016134681016386435 0.015765730935054411 0 -0.030690873865615732 -0.043994682758551243 -0.03856321350628257 -0.025047564892940095
leaf_weight=32.622251600027084 11.806245371699335 5.7599033713340742 43.18756927549839 9.8541625291109067 43.015711784362793 15.941281110048292 44.402658745646477 39.919509723782539 15.351011976599692 8.1559777259826678 4.7379687875509253 7.8248239606618926 7.7403035908937419 4.9329325705766678 24.364967092871666 5.3642930835485449 12.237394407391546 4.8871176242828387 5.2923714220523834 15.032193392515184 5.9540762454271317 4.7272157967090598
leaf_count=127 53 23 169 39 165 60 177 153 60 35 18 30 30 21 112 22 54 20 21 63 25 20
internal_value=-0.00143898 -0.00652989 -0.00294884 0.00364558 -0.010088 5.58717e-05 0.0119997 -0.00922044 -0.0203981 0.0152158 0.0218298 0.00157705 -0.00868972 0.00447983 0.0253156 0.010255 0.0322518 -0.0274035 -0.0103213 -0.0334218 -0.0213342 -0.0397618
internal_weight=373.112 285.947 244.294 126.799 117.496 59.1289 77.0249 49.7737 58.3667 87.1649 58.5109 28.654 20.4981 12.6732 53.7729 17.1705 36.6024 41.6529 11.0523 30.6006 10.8412 19.7594
internal_count=1497 1122 950 496 454 229 304 192 225 375 259 116 81 51 241 75 166 172 44 128 45 83
is_linear=0
shrinkage=0.03


Tree=24
num_leaves=20
num_cat=0
split_feature=0 0 206 101 19 47 45 12 200 85 129 195 111 55 185 101 213 134 110
split_gain=33.2692 22.5633 12.3957 18.1135 13.5691 11.8635 10.3801 9.76788 9.52388 8.40365 8.52805 8.37764 6.16512 4.75996 6.6663 8.54969 4.67854 4.79856 2.18367
threshold=20240265.000000004 20230527.500000004 0.9265675907627916 99921409.670000017 23.325000000000003 0.23495000000000002 8.1750000000000025 69.960000000000022 1.028174626336908 3.1216793533500007 2.8175646153846157 2.5335926912828328 0.14630000000000004 3.0150000000000001 -3.3399999999999994 38322251.340000011 0.87574621987886192 77.089343357500013 0.20070000000000002
decision_type=2 2 2 2 2 2 2 2 2 2 2 2 2 2 2 2 2 2 2
left_child=1 2 3 6 5 -4 -1 -6 -5 11 -11 16 -13 14 18 -16 17 -2 -3
right_child=9 13 4 8 7 -7 -8 -9 -10 10 -12 12 -14 -15 15 -17 -18 -19 -20
leaf_value=0.028734696592599345 0.01765699075700081 -0.018191572875069589 0.031336726990150346 -0.02404130507209698 0.046617394782845233 -0.01131204307978642 -0.016275423993173471 0.0019395431382001258 0.015781400990777569 0.016806680583693175 -0.02894549604011722 0.019733700942719631 -0.025581104099826609 -0.04094459723173699 0.021771685698001395 -0.027879078413593501 -0.0051563305606079851 0.035615251635176384 -0.043152495892263928
leaf_weight=31.338756710290909 31.82586045563221 6.3416241109371176 5.9699149578809729 16.537061840295795 6.3689587712287929 156.32852356135845 5.247121423482894 14.308597534894941 7.8308163732290259 7.2154964953660947 7.1896990239620209 4.7403205335140211 5.9447679668664932 14.403259590268133 6.2297107875347155 6.034871906042099 4.5990915447473517 25.061896204948425 8.2521096616983396
leaf_count=127 140 26 24 63 26 603 20 56 31 31 28 20 23 62 25 24 18 115 35
internal_value=-0.00140226 -0.00635462 -0.00286549 0.00882074 -0.00677753 -0.00970647 0.0221708 0.0160034 -0.0111091 0.0148651 -0.00586374 0.0190464 -0.00520296 -0.0268523 -0.0190599 -0.00244457 0.0233107 0.0256698 -0.0327077
internal_weight=371.768 285.191 243.93 60.9538 182.976 162.298 36.5859 20.6776 24.3679 86.5771 14.4052 72.1719 10.6851 41.2616 26.8583 12.2646 61.4868 56.8878 14.5937
internal_count=1497 1122 950 241 709 627 147 82 94 375 59 316 43 172 110 49 273 255 61
is_linear=0
shrinkage=0.03


Tree=25
num_leaves=22
num_cat=0
split_feature=0 0 218 47 214 18 125 49 46 5 159 114 191 114 180 21 45 192 11 46 22
split_gain=31.462 21.5594 12.0196 17.4364 13.902 12.2925 8.29742 8.23029 12.3559 10.3059 9.96461 7.22 6.77508 6.30429 5.21113 4.03561 4.4158 3.15661 5.54244 1.71822 0.341058
threshold=20240265.000000004 20230527.500000004 1.1096851561790182 0.23495000000000002 0.25695215083010908 71.685000000000016 12.500000000000002 20250802.500000004 1.3987500000000002 -0.042349999999999992 30.424428584035351 0.32840000000000008 -1.3699999999999999 0.34730000000000005 -0.0042853842404780018 0.26790000000000008 1.2750000000000001 -0.94000000000000028 16.685000000000006 0.69440000000000013 -0.46521931193192906
decision_type=2 2 2 2 2 2 2 2 2 2 2 2 2 2 2 2 2 2 2 2 2
left_child=1 2 3 -1 6 -5 -4 8 10 11 14 -9 -6 -12 -2 16 -3 20 -19 -13 -17
right_child=7 15 4 5 12 -7 -8 9 -10 -11 13 19 -14 -15 -16 17 -18 18 -20 -21 -22
leaf_value=0.036622166254534329 0.042667465349121456 0.0091732826303788373 0.0091265675599538701 -0.010703919302717283 0.0088185828752540031 0.012861685581509109 -0.030005809339206411 -0.013598670437159776 -0.014959478985814456 -0.031118481645276305 -0.023645616570061194 0.014693933638613248 0.039340888606515009 0.023474143310457218 0.021702192398965321 -0.02882155410963225 -0.028434520194527114 -0.039258094679495599 0.0018522485950727538 0.041840996797783074 -0.043027369411510988
leaf_weight=8.1485501229763013 19.733257472515103 5.2402618378400785 10.727982580661775 166.77056519687176 12.934141516685488 22.426870301365852 8.6796701401472074 5.7068166583776501 7.8181225806474677 6.9874922037124625 5.4705505371093732 4.8931152522563917 13.98943869769573 4.6041744202375412 26.196199908852581 4.5267429649829891 5.6717590093612671 5.7945764660835284 5.629630371928215 4.6584318727254868 13.979849070310591
leaf_count=33 92 21 42 644 51 89 33 23 32 27 22 21 58 21 117 20 24 24 23 20 60
internal_value=-0.00136425 -0.00617959 -0.00278016 -0.00601864 0.0109326 -0.00788936 -0.00828489 0.014508 0.0199801 -0.0010763 0.0249291 0.0125991 0.0248758 -0.00179785 0.0308481 -0.0263317 -0.0101825 -0.0320659 -0.0188991 0.0285411 -0.0398874
internal_weight=370.588 284.52 243.677 197.346 46.3312 189.197 19.4077 86.0682 63.8223 22.2459 56.0042 15.2584 26.9236 10.0747 45.9295 40.8428 10.912 29.9308 11.4242 9.55155 18.5066
internal_count=1497 1122 950 766 184 733 75 375 284 91 252 64 109 43 209 172 45 127 47 41 80
is_linear=0
shrinkage=0.03


Tree=26
num_leaves=21
num_cat=0
split_feature=0 0 52 217 182 187 6 205 35 0 85 76 195 191 111 88 118 213 134 85
split_gain=29.7608 20.7847 14.6811 11.3624 11.3659 10.008 11.7371 9.58849 8.89573 10.9355 7.89199 8.25309 7.8972 7.31534 5.73383 4.72585 4.56761 4.37623 4.62592 2.00274
threshold=20240265.000000004 20210766.000000004 3.4109500000000006 -0.0345430994458941 17.879815267484201 4.7199999999999998 71.660000000000011 0.86334131094731881 0.26640000000000008 20230527.500000004 3.1216793533500007 2.5037211269920001 2.5335926912828328 -4.5600000000000005 0.14630000000000004 2.9219132313500005 3126.4550000000004 0.87574621987886192 77.089343357500013 1.1664821729000003
decision_type=2 2 2 2 2 2 2 2 2 2 2 2 2 2 2 2 2 2 2 2
left_child=1 5 8 4 -4 6 7 -1 9 -3 12 -12 17 -8 -14 -5 -10 18 -2 -7
right_child=10 2 3 15 -6 19 13 -9 16 -11 11 -13 14 -15 -16 -17 -18 -19 -20 -21
leaf_value=0.033525706977500846 0.016869925334204658 0.0095176706180397728 -0.016578653571860655 -0.012867479419944343 0.027717220071181502 0.017342112236514995 -0.014723942389665493 -0.00913458396440372 -0.04318388633786463 -0.018863808130323165 -0.024881228675863745 0.021056500162002587 0.018894257412703005 0.022046058626440896 -0.024918692464369382 -0.039444764828776818 -0.0044767789941844273 -0.0051006176081058643 0.034645374799107571 0.043912439288921912
leaf_weight=4.9858884364366522 31.480543404817581 45.301793247461319 52.063534632325172 8.2485227733850461 5.6556902676820746 6.2858351022005063 5.7465882450342169 66.251135751605034 6.5036795735359174 16.591977387666702 8.4900305867195112 5.8190147876739493 4.6915561258792859 27.299455091357231 5.9449639618396759 28.56611280143261 5.0592267662286758 4.5845407694578162 24.53354600071907 5.321392148733139
leaf_count=20 140 178 209 33 23 25 22 255 25 69 34 25 20 109 23 112 20 18 115 22
internal_value=-0.00132641 -0.00600834 -0.0127517 -0.0205679 -0.012146 0.00374336 0.000760498 -0.00606392 -0.00263775 0.00184285 0.0141645 -0.00597519 0.0182548 0.0155362 -0.00531827 -0.0336222 -0.0266888 0.0224438 0.0247567 0.0300507
internal_weight=369.425 283.881 167.991 94.5339 57.7192 115.89 104.283 71.237 73.4567 61.8938 85.5442 14.309 71.2352 33.046 10.6365 36.8146 11.5629 60.5986 56.0141 11.6072
internal_count=1497 1122 669 377 232 453 406 275 292 247 375 59 316 131 43 145 45 273 255 47
is_linear=0
shrinkage=0.03


Tree=27
num_leaves=17
num_cat=0
split_feature=0 0 21 206 101 19 4 213 41 127 164 55 185 101 36 133
split_gain=28.1469 19.9905 11.5129 12.4158 16.8343 12.2591 7.81341 8.53863 7.32895 12.5722 5.94822 4.67134 6.31376 8.07378 2.47652 0.617627
threshold=20240265.000000004 20230527.500000004 0.17605000000000001 0.9265675907627916 99921409.670000017 23.325000000000003 -1.1349999999999996 0.87574621987886192 19.763260000000006 44.645900000000005 -0.28661861268925981 3.0150000000000001 -3.3399999999999994 38322251.340000011 0.45490763052208844 182.55112579125671
decision_type=2 2 2 2 2 2 2 2 2 2 2 2 2 2 2 2
left_child=1 2 -1 4 -4 -5 15 8 10 -10 -8 12 14 -14 -3 -2
right_child=6 11 3 5 -6 -7 7 -9 9 -11 -12 -13 13 -15 -16 -17
leaf_value=0.039394515847258019 0.043668107075099744 -0.011914089296775657 0.021167166491682061 -0.01040260238292116 -0.011380842440833231 0.014373240152589705 -0.0048907863074602285 -0.023772153437764766 -0.010439475679737929 0.023792205136413898 0.030807537449398095 -0.039671427865511977 0.021961109093082555 -0.026535822572406931 -0.040055025702347168 0.025424634466456677
leaf_weight=5.630151391029357 6.8662093132734281 4.6251583546400061 35.888891667127609 157.8497575968504 23.522250041365623 20.099547147750854 4.8859391063451794 5.9687373340129843 21.705619931221008 17.159500062465668 24.039674058556557 13.873464539647101 6.2132624238729495 5.9349540919065475 9.5403262376785261 4.4159540385007858
leaf_count=23 32 20 145 611 91 80 21 23 90 77 112 62 25 24 41 20
internal_value=-0.00129048 -0.00584359 -0.00258372 -0.00360824 0.00823277 -0.0075808 0.0138246 0.010182 0.0132463 0.00461958 0.0246782 -0.0254245 -0.0176778 -0.00151012 -0.031225 0.0370771
internal_weight=368.219 283.178 242.991 237.36 59.4111 177.949 85.0416 73.7595 67.7907 38.8651 28.9256 40.1872 26.3137 12.1482 14.1655 11.2822
internal_count=1497 1122 950 927 236 691 375 323 300 167 133 172 110 49 61 52
is_linear=0
shrinkage=0.03


Tree=28
num_leaves=23
num_cat=0
split_feature=0 0 52 214 29 214 115 55 49 107 34 14 138 177 134 30 163 125 27 125 25 9
split_gain=26.6237 19.1865 13.9252 12.8472 11.4 15.5621 9.82749 7.79332 10.3171 7.60721 7.57412 8.28498 7.80768 6.6441 6.12025 5.79827 5.8757 5.28914 5.23456 4.40175 3.80074 3.04615
threshold=20240265.000000004 20210766.000000004 3.4109500000000006 0.27922334541585725 0.58670000000000011 0.21826758082694725 0.74860000000000004 6.4000000000000012 20210302.500000004 -0.25034999999999996 0.53585000000000005 20.060000000000006 2.8622308765105053 0.15528126502250159 72.001453242500006 -0.033349999999999998 0.21404958269840937 13.500000000000002 0.21055000000000004 13.500000000000002 0.57450000000000012 68.435000000000016
decision_type=2 2 2 2 2 2 2 2 2 2 2 2 2 2 2 2 2 2 2 2 2 2
left_child=1 6 3 9 5 -4 7 8 -1 -3 11 15 -12 -14 -15 16 -2 21 -17 -9 -6 -8
right_child=10 2 4 -5 20 -7 17 19 -10 -11 12 -13 13 14 -16 18 -18 -19 -20 -21 -22 -23
leaf_value=-0.0039657701226467872 0.01975154728549151 -0.020688466599249299 -0.025399896269468199 0.042743898216877178 -0.010974828621411182 0.0046418105942687788 0.019328252824779252 -0.0044274608840008736 0.018470711123259712 0.00086906048045317242 0.025813449032754884 -0.017563717017151918 -0.028820286864303189 -0.015588618465367243 0.02765312166966202 0.038515430276011467 -0.019258928129564406 -1.6728850404513178e-06 0.013296715459901316 -0.038965992065587138 -0.039654992666963693 0.050095617732935895
leaf_weight=56.374508693814278 11.907868042588236 21.264497295022011 35.65159398317337 5.1681466251611701 5.4424715936183956 27.118730425834656 6.764192923903467 7.271344915032385 27.209623694419861 46.654632732272148 7.9248097240924862 4.7221646755933753 8.6969291120767611 5.818373963236807 5.699769452214241 23.39121125638485 4.733225390315055 5.6329142898321143 11.657535105943678 6.4281726628541946 25.545165672898293 6.0176526755094528
leaf_count=218 55 85 146 22 22 107 27 28 109 185 35 18 34 23 24 113 20 22 53 24 102 25
internal_value=-0.00125515 -0.00568254 -0.0121939 -0.00232534 -0.0198441 -0.0123865 0.00368382 -9.80638e-05 0.0033156 -0.00585668 0.0134935 0.0198278 0.000663617 -0.0091266 0.00560524 0.0233289 0.00842784 0.0237179 0.0302745 -0.0210162 -0.0347658 0.0343228
internal_weight=367.096 282.544 166.845 73.0873 93.758 62.7703 115.698 97.2836 83.5841 67.9191 84.5519 56.412 28.1399 20.2151 11.5181 51.6898 16.6411 18.4148 35.0487 13.6995 30.9876 12.7818
internal_count=1497 1122 669 292 377 253 453 379 327 270 375 259 116 81 47 241 75 74 166 52 124 52
is_linear=0
shrinkage=0.03


Tree=29
num_leaves=20
num_cat=0
split_feature=0 0 198 143 183 10 127 4 85 76 195 217 203 55 185 202 145 56 212
split_gain=25.1995 18.5572 11.4156 14.5744 13.9699 13.6033 10.5558 7.53387 8.00007 10.0078 7.82893 5.89431 5.03725 4.59571 7.39106 4.48999 2.84945 1.03147 0.910442
threshold=20240265.000000004 20230527.500000004 1.3468915152572387 7.0819772705817012 0.060262470174850952 18.525000000000002 44.24475000000001 -1.1349999999999996 3.1216793533500007 2.5037211269920001 2.5335926912828328 -0.058812324600292211 -0.1071 2.8850000000000002 -2.3650000000000015 1.2865098961692554 54.566269068394504 23.483240028350007 0.029759298055706322
decision_type=2 2 2 2 2 2 2 2 2 2 2 2 2 2 2 2 2 2 2
left_child=1 2 3 11 12 -5 -6 18 10 -10 15 -1 -4 14 16 -9 -3 -15 -2
right_child=7 13 4 5 6 -7 -8 8 9 -11 -12 -13 -14 17 -16 -17 -18 -19 -20
leaf_value=0.040588915837603969 0.022892429236506508 -0.039186962430162349 -0.046388095200763917 -0.011136813878027839 -0.013888917102508688 0.0080402723816292709 0.010268645334145137 0.022117444242044457 -0.035543851624835157 0.019950209758330846 -0.010520871549902812 0.0014408742375507813 -0.018362613020517862 -0.041415772133377195 0.0060528700284166919 -0.0036638534337885055 -0.0099888159723046568 -0.02182910311107537 0.043763191365647935
leaf_weight=11.68607370555401 4.2682498991489393 8.8790905624628085 9.994184225797655 60.820315152406693 37.576046273112297 73.251319050788879 28.460747927427292 44.662522614002228 7.0243403017520887 4.8053043782711029 9.6493190824985486 5.140637442469596 15.372810289263724 12.37550835311413 8.6568785905837995 6.7801725268363944 5.1323890984058371 4.4492964893579474 6.7895322144031525
leaf_count=48 20 39 38 235 146 290 113 206 28 21 39 20 60 56 35 29 22 20 32
internal_value=-0.00122131 -0.00552774 -0.0024015 0.00265063 -0.0107686 -0.000638687 -0.00343227 0.0131827 0.00959837 -0.0127719 0.0139929 0.0288854 -0.0296608 -0.0245778 -0.0154216 0.0186607 -0.0288509 -0.0365729 0.0362534
internal_weight=365.775 281.795 242.302 150.898 91.4038 134.072 66.0368 83.9794 72.9217 11.8296 61.092 16.8267 25.367 39.4932 22.6684 51.4427 14.0115 16.8248 11.0578
internal_count=1497 1122 950 593 357 525 259 375 323 49 274 68 98 172 96 235 61 76 52
is_linear=0
shrinkage=0.03


Tree=30
num_leaves=23
num_cat=0
split_feature=0 0 25 214 45 116 216 34 196 49 46 159 5 205 218 170 206 181 180 125 9 127
split_gain=23.8329 18.0757 13.0267 12.4206 11.5683 9.20803 8.65128 8.56494 8.22214 7.32867 11.4966 9.18129 9.17403 7.6599 7.25725 7.22643 6.58987 7.27219 5.16349 5.01331 2.86269 2.84179
threshold=20240265.000000004 20210766.000000004 0.47710000000000002 0.21826758082694725 3.7550000000000003 0.74860000000000004 0.57916666666666672 0.15340000000000001 1.0190887195242382 20250802.500000004 1.3987500000000002 30.424428584035351 -0.042349999999999992 0.96820995938596355 0.75804538193678417 -0.12861073026558931 0.86927058809851843 0.15930901253400279 -0.0042853842404780018 13.500000000000002 68.435000000000016 51.666750000000015
decision_type=2 2 2 2 2 2 2 2 2 2 2 2 2 2 2 2 2 2 2 2 2 2
left_child=1 5 3 14 -5 6 8 -8 -1 10 11 18 13 -11 -3 -13 -4 -18 -2 20 -7 -15
right_child=9 2 16 4 -6 19 7 -9 -10 12 -12 15 -14 21 -16 -17 17 -19 -20 -21 -22 -23
leaf_value=0.01271613452338519 0.041004671485082828 0.0090457379721601127 0.008117837741677833 0.02560433927018891 -0.018041687763924712 0.018970114928547929 -0.042833311459346282 -0.0032724259633094563 -0.0078260662743175804 -0.016094697809930655 -0.015647819737435363 0.023339008737433036 -0.030332130821361627 0.010238901460810617 -0.016353392663802663 -0.027456543279918019 -0.015134411517343092 -0.034965719456595927 0.019719511156361638 0 0.048937364399632297 0.044493875551879794
leaf_weight=46.514710575342178 18.779790371656414 12.466646552085875 6.311512976884841 19.12933307886124 7.4722922742366782 6.7526761740446108 7.2458803504705456 15.586082533001898 27.844311684370041 5.5919421166181591 7.7422608733177176 4.7410281151533127 6.9290252327918997 4.719806566834448 49.827430889010429 5.1309879720211011 41.246610030531883 29.170481160283089 25.26497016847134 5.6338922977447501 5.9547836184501648 4.6196869909763336
leaf_count=184 92 49 26 78 29 27 27 60 108 23 32 22 27 20 204 21 166 117 117 22 25 21
internal_value=-0.0011893 -0.00537712 -0.0117318 -0.00386615 0.0132103 0.0037091 0 -0.0160902 0.00498348 0.0128621 0.018151 0.0230799 -0.00193387 0.0111591 -0.0112159 -0.00277176 -0.0207888 -0.0234301 0.0289354 0.023144 0.0335196 0.0277925
internal_weight=364.676 281.157 165.624 88.8957 26.6016 115.532 97.191 22.832 74.359 83.5195 61.659 53.9168 21.8605 14.9314 62.2941 9.87202 76.7286 70.4171 44.0448 18.3414 12.7075 9.33949
internal_count=1497 1122 669 360 107 453 379 87 292 375 284 252 91 64 253 43 309 283 209 74 52 41
is_linear=0
shrinkage=0.03


Tree=31
num_leaves=18
num_cat=0
split_feature=0 0 30 175 218 19 216 4 201 56 196 51 38 203 14 135 212
split_gain=22.5547 17.2109 10.6922 11.4588 10.9954 11.3419 9.11318 7.15376 6.71141 6.53229 7.15947 6.56719 3.49 5.40664 4.92782 1.70415 0.894843
threshold=20240265.000000004 20230527.500000004 0.24185000000000004 1.3848103524932345 1.1788415777129997 23.325000000000003 0.47916666666666669 -1.1349999999999996 1.4494486759898244 63.805542192750003 0.70336468613186309 -13.699999999999998 17.790000000000003 -0.13524999999999998 15.685 2.7519354171482751 0.029759298055706322
decision_type=2 2 2 2 2 2 2 2 2 2 2 2 2 2 2 2 2
left_child=1 2 3 6 5 -4 -1 16 9 11 -11 -9 13 -3 -15 -14 -2
right_child=7 12 4 -5 -6 -7 -8 8 -10 10 -12 -13 15 14 -16 -17 -18
leaf_value=0.020550228291458143 0.021995978441228334 -0.035364329659220206 -0.015725664645169109 -0.0352102614492679 0.021771231505230595 0.011519934527144579 0.0011936294283386871 -0.014922387830527543 -0.022459688895876011 0.013659280649309853 -0.03393252545556668 0.019351481883270402 -0.040979285934659777 0.016346396679192389 -0.020853760228404537 -0.021307682017710248 0.042830287689758641
leaf_weight=28.958696186542511 4.196143373847006 7.0238027870655086 90.437158793210983 6.3069607615470877 9.5508396476507169 16.008622109889984 90.374424502253532 5.4174059182405392 5.4569388329982749 5.7737904489040357 5.3401766419410706 50.163793623447425 11.077407762408258 6.1844639927148801 6.397649809718132 8.1586240231990796 6.6253581345081329
leaf_count=117 20 30 352 24 38 64 355 23 23 25 21 231 51 26 28 37 32
internal_value=-0.00115666 -0.00522929 -0.00223181 0.00381394 -0.00880367 -0.011593 0.00592931 0.0125638 0.00906786 0.0117221 -0.00903937 0.0159362 -0.023746 -0.0144475 -0.00234757 -0.0329444 0.0353016
internal_weight=363.452 280.479 241.637 125.64 115.997 106.446 119.333 82.9736 72.1521 66.6952 11.114 55.5812 38.8419 19.6059 12.5821 19.236 10.8215
internal_count=1497 1122 950 496 454 416 472 375 323 300 46 254 172 84 54 88 52
is_linear=0
shrinkage=0.03


Tree=32
num_leaves=22
num_cat=0
split_feature=214 45 204 122 216 214 49 198 192 115 34 125 133 6 11 60 134 15 197 41 84
split_gain=14.0076 14.4635 14.7228 14.3429 13.0361 9.74086 12.8552 9.44925 11.8765 9.18645 8.94946 8.36179 8.0774 7.79622 7.30652 7.44784 6.98133 6.74997 6.69555 6.52099 3.8499
threshold=0.21826758082694725 2.9150000000000005 1.2088444520197139 -0.067899999999999974 0.57916666666666672 0.29310713954836615 20221121.000000004 1.8766870212827407 -3.1249999999999996 0.44045000000000006 0.28330000000000005 14.500000000000002 408.66097135526201 70.865000000000009 14.185 0.40904036020400009 58.552659755000008 71.290000000000006 1.2082922289801958 28.405000000000005 0.05419055762000001
decision_type=2 2 2 2 2 2 2 2 2 2 2 2 2 2 2 2 2 2 2 2 2
left_child=3 2 4 12 10 6 11 8 13 -10 -2 -3 16 -5 -7 -16 19 -8 -9 -1 -18
right_child=1 5 -4 7 -6 14 17 18 9 -11 -12 -13 -14 -15 15 -17 20 -19 -20 -21 -22
leaf_value=-0.0033465802679075464 0.024122750388407853 -0.0083188058364411493 -0.032634195054587756 -0.027177603642695485 -0.017452848128656558 -0.018768315624210032 0.011520342285697259 0.0040630416928574623 0.0068034374396154828 0.039379875170402437 0.0031170725663106241 -0.037911287936136295 0.013660216885968034 0.012576464266461947 0.026886065546380067 -0.00066263036612220351 -0.0036421421239296379 -0.024459078869884378 -0.03571767565353786 -0.039645702572990875 -0.033952323826293651
leaf_weight=24.397755980491642 64.070104151964188 17.153859674930573 6.2288199514150611 12.85184893012047 10.184528604149817 7.8985169529914847 21.644963011145595 6.0561147928237906 33.866007760167122 10.180663570761679 26.040354177355766 17.935354501008987 6.4757875055074683 6.56339307129383 17.236838221549988 17.574137553572655 4.5850189924240103 5.8579621762037268 9.5410959571599943 5.4243660718202582 30.661761075258255
leaf_count=99 278 67 24 53 39 32 96 25 137 43 106 69 26 28 73 72 20 24 39 22 125
internal_value=-0.00112562 0.00383724 0.0116335 -0.00812373 0.0144424 -0.00402463 -0.0115723 0.000649244 0.00583272 0.014473 0.0180959 -0.0235946 -0.0178474 -0.0135893 0.00696783 0.0129303 -0.0210453 0.0036874 -0.0201529 -0.0101597 -0.0301158
internal_weight=362.429 211.825 106.524 150.604 100.295 105.302 62.5921 79.0591 63.4619 44.0467 90.1105 35.0892 71.5447 19.4152 42.7095 34.811 65.0689 27.5029 15.5972 29.8221 35.2468
internal_count=1497 880 447 617 423 433 256 325 261 180 384 136 292 81 177 145 266 120 64 121 145
is_linear=0
shrinkage=0.03


Tree=33
num_leaves=20
num_cat=0
split_feature=0 0 29 0 216 187 6 206 52 195 15 202 49 178 107 159 101 25 111
split_gain=20.5207 16.4166 12.4493 10.1321 16.6588 9.25588 10.2786 8.75556 8.4117 7.60955 6.67009 6.52463 8.40407 10.3274 8.01618 6.60623 4.26579 3.57632 1.84908
threshold=20240265.000000004 20210766.000000004 0.58876598042292871 20230527.500000004 0.47916666666666669 4.7199999999999998 71.660000000000011 0.87236783134611606 3.2770500000000005 3.4194185272029096 68.475000000000009 1.2865098961692554 20250724.500000004 0.12691170238543029 0.23815000000000003 48.851396850552597 32461276.150000002 0.57450000000000012 0.18920000000000003
decision_type=2 2 2 2 2 2 2 2 2 2 2 2 2 2 2 2 2 2 2
left_child=1 5 3 4 -3 6 7 -1 -4 11 -8 12 15 -14 -13 -2 -5 -10 -7
right_child=9 2 8 16 -6 18 10 -9 17 -11 -12 14 13 -15 -16 -17 -18 -19 -20
leaf_value=0.022874667777675904 0.02844292992489442 0.01270763803456791 0.0078341116456686639 -0.00953829713188779 -0.012496002007330717 0.014071125971220096 0.031618581011319292 -0.0094889788438316004 -0.0096541726711429441 -0.024051657669678872 0.0036908827792236174 0.020966251682739516 -0.017839803729685813 0.024223665633580149 -0.032508306699602703 -0.0094043887947188164 -0.03180178492977323 -0.037799209049483744 0.039928434353797129
leaf_weight=8.4124238938093168 42.22878760099411 40.76561327278614 5.1795542836189261 15.476247310638426 55.679520577192307 5.0063237547874433 12.733962029218672 62.556872889399529 5.3182336688041714 4.7943720072507849 20.026242151856422 4.4822385758161527 11.111371874809267 9.7641579806804639 5.4411649703979492 4.4272362589836112 16.743606954813004 24.75762103497982 6.4678553342819214
leaf_count=34 205 163 21 68 217 20 52 241 22 19 79 21 45 44 22 19 76 102 27
internal_value=-0.00109721 -0.00498578 -0.011087 -0.00671722 -0.00180968 0.00367152 0.000801741 -0.00558372 -0.0268855 0.0120528 0.0147009 0.0143544 0.0177035 0.0017133 -0.00808723 0.024775 -0.0212633 -0.0329703 0.0291248
internal_weight=361.373 279.124 163.92 128.665 96.4451 115.204 103.73 70.9693 35.2554 82.2493 32.7602 77.455 67.5316 20.8755 9.9234 46.656 32.2199 30.0759 11.4742
internal_count=1497 1122 669 524 380 453 406 275 145 375 131 356 313 89 43 224 144 124 47
is_linear=0
shrinkage=0.03


Tree=34
num_leaves=20
num_cat=0
split_feature=0 0 52 214 217 182 187 6 205 145 195 85 129 191 30 205 141 88 85
split_gain=19.4069 15.534 12.0311 10.8976 10.5531 10.3446 8.77178 9.69183 8.45818 7.34653 7.19815 8.70969 6.77111 6.44908 5.14992 10.5239 5.93873 4.58682 1.81066
threshold=20240265.000000004 20210766.000000004 3.4109500000000006 0.27922334541585725 -0.0345430994458941 17.879815267484201 4.7199999999999998 71.660000000000011 0.86334131094731881 25.567256399723973 3.4194185272029096 3.1216793533500007 2.8175646153846157 -4.5600000000000005 -0.11184999999999999 0.94049914032225479 0.87325785977840897 2.9219132313500005 1.1664821729000003
decision_type=2 2 2 2 2 2 2 2 2 2 2 2 2 2 2 2 2 2 2
left_child=1 6 3 9 5 -4 7 8 -1 -3 11 14 -13 -9 15 -2 -16 -6 -8
right_child=10 2 4 -5 17 -7 18 13 -10 -11 -12 12 -14 -15 16 -17 -18 -19 -20
leaf_value=0.03196948877550513 0.031148048677397525 0.013480543632210757 -0.01415063454357132 0.040599022922112732 -0.010199014039395393 0.028472623507476494 0.016265715259905094 -0.014125953795945256 -0.008297314865210334 -0.010213125623566591 -0.023300882865437179 0.013558158495235036 -0.027878364107059749 0.020472470366977306 0.004466095999662527 -0.024518204180723105 0.028733914567447616 -0.036735936175377966 0.041792522704300429
leaf_weight=4.9325149357318869 5.5663944184780103 15.042654171586035 50.297523200511932 5.0079432874917975 8.0031593143939954 5.5711271315813056 6.2152466177940351 5.7260182946920386 66.026595920324326 51.948510885238647 4.8034635186195365 6.8628812283277494 7.046334370970726 26.965929418802261 12.310353040695189 6.5272597819566727 38.615420147776604 27.400213092565536 5.2010442018508911
leaf_count=20 27 62 209 22 33 23 25 22 255 208 19 31 28 109 57 28 185 112 22
internal_value=-0.0010677 -0.00484975 -0.0108014 -0.00158212 -0.0180315 -0.00980344 0.00357122 0.000780928 -0.00541502 -0.00483591 0.0117656 0.0140215 -0.00726838 0.0142964 0.018772 0.000902816 0.0229467 -0.0308672 0.0284177
internal_weight=360.071 278.338 163.271 71.9991 91.272 55.8687 115.067 103.651 70.9591 66.9912 81.7321 76.9286 13.9092 32.6919 63.0194 12.0937 50.9258 35.4034 11.4163
internal_count=1497 1122 669 292 377 232 453 406 275 270 375 356 59 131 297 55 242 145 47
is_linear=0
shrinkage=0.03


Tree=35
num_leaves=17
num_cat=0
split_feature=0 0 21 218 218 191 4 213 127 148 55 185 101 77 32 212
split_gain=18.3492 15.1271 10.3679 11.6971 10.7032 9.04046 6.82256 7.31633 6.76635 9.37684 4.69725 5.93883 7.60465 2.36193 2.20659 0.865297
threshold=20240265.000000004 20230527.500000004 0.17605000000000001 1.1096851561790182 0.94303199417075889 -0.25499999999999895 -1.1349999999999996 0.87574621987886192 56.977650000000004 52.943833161288232 3.0150000000000001 -3.3399999999999994 38322251.340000011 0.49033105815000005 0.43513739495798326 0.029759298055706322
decision_type=2 2 2 2 2 2 2 2 2 2 2 2 2 2 2 2
left_child=1 2 -1 4 -4 -5 15 8 9 -8 11 14 -13 -10 -3 -2
right_child=6 10 3 5 -6 -7 7 -9 13 -11 -12 12 -14 -15 -16 -17
leaf_value=0.038144946880742034 0.020875576054962767 -0.010299969068254811 -0.00154196404107833 0.001854574388346185 -0.017210860046137335 0.031169830747215341 0.011651353874672959 -0.023611514104743145 0.0074702741195943473 -0.021963489113179465 -0.037348670668772392 0.02399667954810672 -0.023747148403684283 0.034656593360346023 -0.037326696324241508 0.041630612166868995
leaf_weight=5.5655017495155326 4.0892589837312681 4.6109774261713019 133.29829467833042 31.660695865750313 55.818634793162346 13.568385154008864 39.67242519557476 5.8638125658035269 4.2646714895963695 9.0561745613813383 12.678046837449072 6.1139509826898593 5.7017735093832016 11.937561884522436 8.6071043908596021 6.3717655539512634
leaf_count=23 20 21 526 126 218 57 183 23 20 38 62 25 24 59 40 32
internal_value=-0.0010372 -0.00471507 -0.00192095 -0.00290113 -0.00618921 0.0107645 0.0114823 0.00805805 0.0109961 0.00531043 -0.022359 -0.0145299 0.000699799 0.0277745 -0.0282721 0.0340759
internal_weight=358.879 277.623 239.912 234.346 189.117 45.2291 81.2557 70.7946 64.9308 48.7286 37.7119 25.0338 11.8157 16.2022 13.2181 10.461
internal_count=1497 1122 950 927 744 183 375 323 300 221 172 110 49 79 61 52
is_linear=0
shrinkage=0.03


Tree=36
num_leaves=25
num_cat=0
split_feature=188 33 214 49 52 204 214 202 103 127 7 97 34 216 177 44 23 80 205 60 107 88 217 88
split_gain=12.2795 11.0906 12.3894 10.5511 10.0758 10.005 9.85598 10.9124 9.79758 9.23949 10.6577 9.95908 8.36383 10.7061 8.81785 8.31551 8.00878 7.41547 9.5956 7.16427 7.00299 6.56095 6.3399 6.22624
threshold=-1.3500000000000003 0.37435000000000007 0.27445896554833554 20201111.500000004 4.2432500000000006 0.98099433819428417 0.18816196165823942 0.79595470047824779 -0.71879999999999988 49.785500000000006 18.225000000000005 -1.5105026542999991 0.28330000000000005 0.57916666666666672 0.58676308798939414 4.6850000000000014 -0.12564999999999996 10.702265067000001 0.95434170188085188 1.0395440370480002 -0.050349999999999992 6.7547795514500013 0.03756725513323516 17.612803665900003
decision_type=2 2 2 2 2 2 2 2 2 2 2 2 2 2 2 2 2 2 2 2 2 2 2 2
left_child=1 20 5 -4 6 16 7 23 -5 17 11 -11 13 -8 -14 -9 -3 18 -6 -19 -1 -12 -7 -2
right_child=4 2 3 8 9 22 12 15 -10 10 21 -13 14 -15 -16 -17 -18 19 -20 -21 -22 -23 -24 -25
leaf_value=-0.006077801942412143 0.040816979962832192 -0.035018248888900178 -0.029137461491862089 -0.019816482364772639 0.028106375721640372 -0.036476686465249264 0.024053740685966458 0.022248468357802555 0.023335663448975592 -0.049337018137784759 0.00038457147904676341 0.0047350316744440048 -0.006008648943622831 -0.022426716080306715 0.037615296226913404 -0.019426078857004304 0.0088546275166541764 -0.033647211995489687 -0.012569386649228912 -0.0011584085653830751 0.032027673432212238 0.025594874616647723 -0.013932118913791416 0.0010394938130045878
leaf_weight=8.3332057446241397 6.227057844400405 4.876028478145602 7.1149205714464214 6.2427473515272203 7.1879723817110088 28.59653502702713 55.836760655045509 4.9712475985288611 18.10939389467239 5.3654277771711349 18.902980118989944 6.7441498488187772 25.562485009431843 4.7023064494132987 4.874794363975524 27.096624985337257 14.935771748423575 19.285924032330517 18.250313878059387 9.21439380943775 8.6646090596914274 18.65716327726841 19.643722996115685 8.4222706258296949
leaf_count=34 26 20 27 25 31 118 248 21 76 22 79 29 107 18 21 113 62 77 75 37 37 82 78 34
internal_value=-0.00100825 -0.00900791 -0.0128482 0.00262973 0.00284423 -0.0200426 0.00816681 -0.00297724 0.012115 -0.00420151 0.00508652 -0.019185 0.0139193 0.0203629 0.000980163 -0.0128232 -0.00191422 -0.0128035 -0.000893314 -0.023289 0.0132447 0.0130216 -0.0274063 0.0183134
internal_weight=357.819 116.517 99.5191 31.4671 241.302 68.0521 137.694 46.7172 24.3521 103.608 49.6697 12.1096 90.9763 60.5391 30.4373 32.0679 19.8118 53.9386 25.4383 28.5003 16.9978 37.5601 48.2403 14.6493
internal_count=1497 477 406 128 1020 278 588 194 101 432 212 51 394 266 128 134 82 220 106 114 71 161 196 60
is_linear=0
shrinkage=0.03


Tree=37
num_leaves=20
num_cat=0
split_feature=0 0 198 141 183 188 0 4 85 76 15 33 203 55 185 101 62 110 212
split_gain=16.9332 14.234 9.7949 12.984 12.6415 10.4678 8.84259 6.51534 6.74691 8.75568 6.364 6.82861 4.76492 4.57953 5.62728 7.04087 4.19541 2.33991 0.837515
threshold=20240265.000000004 20230527.500000004 1.3468915152572387 4.5571396643702835 0.060262470174850952 -1.8749999999999998 20210812.000000004 -1.1349999999999996 3.1216793533500007 2.5037211269920001 72.935000000000016 0.51100000000000001 -0.1071 3.0150000000000001 -3.3399999999999994 38322251.340000011 -1.37006818925 0.20070000000000002 0.029759298055706322
decision_type=2 2 2 2 2 2 2 2 2 2 2 2 2 2 2 2 2 2 2
left_child=1 2 3 16 12 -5 -6 18 10 -10 11 -9 -4 14 17 -16 -1 -3 -2
right_child=7 13 4 5 6 -7 -8 8 9 -11 -12 -13 -14 -15 15 -17 -18 -19 -20
leaf_value=0.0087809338561105378 0.020353004151743601 -0.012368192681440678 -0.044267599637740809 -0.012903893079934682 0.0086797553494815764 0.0053687731308398696 -0.013385154688978031 0.028578188228339668 -0.034345074336832856 0.018159435061178866 -0.018895093927255743 0.0063927203317120998 -0.016742888688514063 -0.036805528197808621 0.02309336185635804 -0.022971978623326735 0.041479361129794931 -0.039199645333194963 0.040959726136596368
leaf_weight=6.1796413809061042 4.038158714771269 5.8086628764867765 9.7612887918949145 40.296700209379196 31.625493004918098 93.450292691588402 33.487825125455856 20.650742515921593 6.9135716110467893 4.6620844900608063 5.3133277148008338 32.736959293484688 15.09969252347946 12.364455327391623 6.1232965588569659 5.6318734586238861 9.3234503567218763 7.1599470973014832 6.2221394777297974
leaf_count=25 20 26 38 158 125 371 134 103 28 21 23 148 60 62 25 24 39 35 32
internal_value=-0.00098108 -0.00451723 -0.0018186 0.00287911 -0.00963905 -0.000119722 -0.00262536 0.0111044 0.00776175 -0.0129676 0.0119156 0.0150677 -0.0278043 -0.0217914 -0.0140439 0.000762905 0.0287776 -0.0275979 0.0334138
internal_weight=356.85 276.313 239.224 149.25 89.9743 133.747 65.1133 80.537 70.2767 11.5757 58.701 53.3877 24.861 37.0882 24.7238 11.7552 15.5031 12.9686 10.2603
internal_count=1497 1122 950 593 357 529 259 375 323 49 274 251 98 172 110 49 64 61 52
is_linear=0
shrinkage=0.03


Tree=38
num_leaves=18
num_cat=0
split_feature=0 0 21 218 214 218 195 85 55 30 205 46 55 185 101 177 56
split_gain=16.0272 13.6173 9.55612 10.7418 10.7917 10.016 6.45123 7.74185 6.51781 4.8874 9.72785 5.88535 4.50576 6.60061 7.9387 2.60873 1.21803
threshold=20240265.000000004 20230527.500000004 0.17605000000000001 1.1096851561790182 0.25695215083010908 0.94303199417075889 3.4194185272029096 3.1216793533500007 1.8950000000000002 -0.11184999999999999 0.94049914032225479 1.0408000000000002 2.8850000000000002 -3.3399999999999994 48617407.970000006 0.62283441138545947 23.483240028350007
decision_type=2 2 2 2 2 2 2 2 2 2 2 2 2 2 2 2 2
left_child=1 2 -1 5 -5 -4 7 9 -9 10 -2 -11 13 15 -15 -3 -14
right_child=6 12 3 4 -6 -7 -8 8 -10 11 -12 -13 16 14 -16 -17 -18
leaf_value=0.036927747667999992 0.029848418898757383 -0.039238432789210347 -0.0013611617848055641 -0.0067639651114815291 0.02286518854622582 -0.016552228057941702 -0.022393009870632703 0.022781387792623311 -0.021187897051584435 0.028283487177262947 -0.024185378014882124 0.005165680731899689 -0.039303220563824771 0.0321389733410746 -0.020491465425116862 -0.0084233479732779837 -0.017735944666331105
leaf_weight=5.4995704144239417 5.3821998089551908 6.9808390587568265 132.84240254759789 18.826642349362373 26.191253021359444 55.55157895386219 4.784965068101882 4.3060451894998542 9.4447748959064466 35.34023742377758 6.5175992548465729 14.304838076233862 11.216728895902632 4.9625201076269168 5.1153906881809235 4.3361087441444397 4.0495047122240058
leaf_count=23 27 34 526 74 109 218 19 20 39 179 28 63 56 20 22 20 20
internal_value=-0.00095524 -0.00439635 -0.00176644 -0.00270641 0.0104202 -0.00586286 0.0108396 0.0130181 -0.00713733 0.0175744 4.88222e-05 0.0217064 -0.0214018 -0.0122064 0.00519097 -0.0278715 -0.0339302
internal_weight=355.653 275.573 238.911 233.412 45.0179 188.394 80.0807 75.2957 13.7508 61.5449 11.8998 49.6451 36.6611 21.3949 10.0779 11.3169 15.2662
internal_count=1497 1122 950 927 183 744 375 356 59 297 55 242 172 96 42 54 76
is_linear=0
shrinkage=0.03


Tree=39
num_leaves=23
num_cat=0
split_feature=0 0 29 214 217 40 115 52 216 34 196 34 138 164 128 128 177 134 125 188 181 9
split_gain=15.1655 13.0866 11.5242 13.5239 10.1503 9.54457 8.42602 7.89102 7.08006 7.83104 7.48076 6.27879 6.95668 6.30843 9.25217 7.13866 5.65739 5.67668 4.56109 4.16586 3.97508 2.48567
threshold=20240265.000000004 20210766.000000004 0.59010000000000018 0.21826758082694725 -0.039370616115964353 4.5850000000000009 0.74860000000000004 3.2770500000000005 0.57916666666666672 0.15340000000000001 1.0190887195242382 0.53585000000000005 2.8622308765105053 -0.25503567957893414 61.629803313162093 25.396028385718498 0.15528126502250159 72.001453242500006 13.500000000000002 -0.45000000000000012 -0.54949373014130887 68.435000000000016
decision_type=2 2 2 2 2 2 2 2 2 2 2 2 2 2 2 2 2 2 2 2 2 2
left_child=1 6 3 5 -5 -3 8 -4 10 -10 -1 13 -13 14 -2 -15 -14 -18 21 -17 -9 -8
right_child=11 2 7 4 -6 -7 18 20 9 -11 -12 12 16 15 -16 19 17 -19 -20 -21 -22 -23
leaf_value=0.011843267645394125 0.020389662815745394 0.026721457910998694 0.0081896372912425245 0.016154006936987292 -0.015368035950608675 -0.015624873185334806 0.018565390113143971 -0.014896420608686498 -0.040332403721124781 -0.0024055850099950391 -0.0078217408434755713 0.023240531216489599 -0.028851290688537538 -0.0040673232527143176 -0.032404257898891647 0.012891771243722245 -0.017218860777803994 0.025205253863633544 0 0.035932455113383666 -0.039767157170032319 0.046893139025354628
leaf_weight=46.112031638622284 6.7727482169866544 4.9705850929021826 5.0976364165544501 32.984132051467896 12.556780129671095 76.636159479618073 6.6946464776992816 9.2280598729848879 7.2042483240366009 15.504832640290259 27.669961079955101 7.4931745380163219 8.4976585656404513 7.3570414483547202 5.1693627387285233 11.367176041007037 5.6728541105985624 5.4430987983942032 5.5843495577573767 21.822405949234966 18.870834141969681 5.7865710854530334
leaf_count=184 33 20 21 134 50 324 27 39 27 60 108 35 34 33 22 55 23 24 22 116 81 25
internal_value=-0.000930613 -0.00427756 -0.00981258 -0.00566272 0.00738222 -0.0129793 0.00344542 -0.0255523 -5.22266e-05 -0.0146931 0.00442722 0.010582 -0.00103911 0.0166311 -0.00229335 0.0222707 -0.0105379 0.0033268 0.0221895 0.0281937 -0.0317874 0.0322056
internal_weight=354.496 274.901 160.344 127.148 45.5409 81.6067 114.557 33.1965 96.4911 22.7091 73.782 79.5955 27.1068 52.4887 11.9421 40.5466 19.6136 11.116 18.0656 33.1896 28.0989 12.4812
internal_count=1497 1122 669 528 184 344 453 141 379 87 292 375 116 259 55 204 81 47 74 171 120 52
is_linear=0
shrinkage=0.03


Tree=40
num_leaves=21
num_cat=0
split_feature=0 0 21 218 218 93 49 202 103 14 5 205 103 55 185 194 94 127 206 110
split_gain=14.3573 12.6717 9.02566 9.86523 9.26386 8.37705 6.06616 10.5281 8.37709 8.56967 7.82201 7.27718 6.08943 4.4067 5.19353 6.58428 3.53187 2.61765 2.41141 2.33933
threshold=20240265.000000004 20230527.500000004 0.17605000000000001 1.1096851561790182 0.94303199417075889 2.6910060087500005 20250802.500000004 0.9855490359111273 0.56835000000000002 17.440000000000001 -0.042349999999999992 0.96820995938596355 1.2740500000000001 3.0150000000000001 -3.3399999999999994 1.2919961630063526 4.3064107845000015 51.666750000000015 1.2285538082855061 0.20070000000000002
decision_type=2 2 2 2 2 2 2 2 2 2 2 2 2 2 2 2 2 2 2 2
left_child=1 2 -1 4 -4 -5 7 16 9 -9 11 -8 -10 14 19 -16 18 -13 -2 -3
right_child=6 13 3 5 -6 -7 10 8 12 -11 -12 17 -14 -15 15 -17 -18 -19 -20 -21
leaf_value=0.036129503018527895 0.036186432216647975 -0.011176935975459556 -0.0012470180315297186 0.015517540448865342 -0.015884281225824418 -0.020603882361016967 -0.017734688749465169 0.027139141955656264 -0.043903939891979882 -0.016620995661931461 -0.0296036066627215 0.0087428112434538869 0.0035935383273423644 -0.035868253237668478 0.022168370094988652 -0.022674504108798382 0.0027561378266756477 0.042305725685697827 0.0092308556472738956 -0.038342321190267162
leaf_weight=5.4522279947996131 21.298822194337852 5.6918134540319425 132.55510494112968 38.174951329827309 55.311558037996292 6.6523908227682105 5.431362763047221 13.031412780284887 4.8454052805900556 5.6405366510152808 6.8154900521039954 4.5644385367631894 4.5368541926145554 11.796541407704352 6.2362426817417163 5.3966629207134247 4.5905828326940528 4.3786016255617142 3.9318565577268592 6.8507076501846313
leaf_count=23 114 26 526 157 218 26 23 65 20 24 27 20 21 62 26 23 21 21 19 35
internal_value=-0.000905459 -0.00416204 -0.00163776 -0.0025507 -0.00557863 0.0100564 0.0103382 0.0153685 0.00204239 0.0137419 -0.00326773 0.00913017 -0.0208242 -0.0207396 -0.0131166 0.00109351 0.0277559 0.0257934 0.0321572 -0.0264378
internal_weight=353.184 274.118 238.146 232.694 187.867 44.8273 79.0654 57.8755 28.0542 18.6719 21.1899 14.3744 9.38226 35.972 24.1754 11.6329 29.8213 8.94304 25.2307 12.5425
internal_count=1497 1122 950 927 744 183 375 284 130 89 91 64 41 172 110 49 154 41 133 61
is_linear=0
shrinkage=0.03


Tree=41
num_leaves=19
num_cat=0
split_feature=0 0 198 141 183 10 55 195 14 34 41 44 55 185 101 62 56 110
split_gain=13.6005 12.1241 9.16586 12.1036 11.836 11.0215 8.51173 5.90416 7.16959 5.81606 6.48428 4.93826 4.30471 4.98326 6.28774 3.98206 3.82557 2.29946
threshold=20240265.000000004 20230527.500000004 1.3468915152572387 4.5571396643702835 0.060262470174850952 18.525000000000002 4.2200000000000015 3.4194185272029096 20.060000000000006 0.83425000000000005 36.930000000000007 46.350000000000009 3.0150000000000001 -3.3399999999999994 38322251.340000011 -1.37006818925 8.8521120397000015 0.20070000000000002
decision_type=2 2 2 2 2 2 2 2 2 2 2 2 2 2 2 2 2 2
left_child=1 2 3 15 16 -5 -6 8 9 11 -11 -2 13 17 -15 -1 -4 -3
right_child=7 12 4 5 6 -7 -8 -9 -10 10 -12 -13 -14 14 -16 -17 -18 -19
leaf_value=0.0085536504568791416 0.023435674092329255 -0.010895454260792161 -0.0057020618801930274 -0.0095097872454406596 -0.010611592710657836 0.0078261131660222038 0.011963496724314047 -0.021741747430870956 -0.020857852856957987 -0.021444639649461417 0.018188728271746907 -0.00080117743246928828 -0.035498073426235156 0.022090341598671567 -0.021713474458151014 0.040541593487848762 -0.033711003588612877 -0.037978951155330745
leaf_weight=6.1511933356523505 45.009587690234184 5.6666647642850858 6.1684850603342083 59.793140947818756 41.309347286820412 73.418509438633919 23.430117547512054 4.7609838545322409 5.3059016317129126 7.4195308238267881 7.2173116058111191 8.797634616494177 11.566498860716818 6.1056975126266497 5.5072413980960846 9.2227531969547254 18.439574033021927 6.7118236273527145
leaf_count=25 233 26 25 234 164 295 95 19 21 30 31 41 62 25 24 39 73 35
internal_value=-0.000881346 -0.00404898 -0.0015898 0.00296076 -0.00918581 2.0952e-05 -0.00238923 0.010106 0.0122292 0.0148647 -0.00170736 0.0194231 -0.0203697 -0.0128346 0.00105296 0.0280749 -0.0268629 -0.0260077
internal_weight=352.002 273.491 237.933 148.586 89.3475 133.212 64.7395 78.511 73.75 68.4441 14.6368 53.8072 35.5579 23.9914 11.6129 15.3739 24.6081 12.3785
internal_count=1497 1122 950 593 357 529 259 375 356 335 61 274 172 110 49 64 98 61
is_linear=0
shrinkage=0.03


Tree=42
num_leaves=19
num_cat=0
split_feature=0 0 29 214 21 40 187 6 205 52 43 18 213 92 47 181 111 208
split_gain=12.8587 11.9528 11.0068 12.2151 9.83425 8.82158 8.17799 8.69246 7.7826 7.46331 5.94924 5.70073 6.14429 6.90303 6.47241 3.82581 1.7877 1.36868
threshold=20240265.000000004 20210766.000000004 0.59010000000000018 0.21826758082694725 0.29287385219067336 4.5850000000000009 4.7199999999999998 71.660000000000011 0.86334131094731881 3.2770500000000005 10.155000000000003 55.975000000000009 0.87574621987886192 0.035783338736000002 0.6503000000000001 -0.54949373014130887 0.18920000000000003 0.27472540283119201
decision_type=2 2 2 2 2 2 2 2 2 2 2 2 2 2 2 2 2 2
left_child=1 6 3 5 -5 -3 7 8 -1 -4 -9 -2 13 17 -15 -11 -8 -13
right_child=11 2 9 4 -6 -7 16 10 -10 15 -12 12 -14 14 -16 -17 -18 -19
leaf_value=0.030893548399970147 0.034348548177890646 0.026011528282042201 0.008062518228888229 0.042525803228216953 0.0015943648823573855 -0.014803026384798161 0.012762218821178469 0.036341994493053802 -0.0079041891927215772 -0.014340825002625847 0.0061550183811134862 0.039895791433907334 -0.021654987793078301 0.011075988307490649 -0.013540196852758167 -0.038915094739168987 0.03830625588972697 0.015258117298474075
leaf_weight=4.8855423331260672 7.6756913661956778 4.9463724493980399 5.0681286156177512 6.0392197817564002 39.297670617699623 75.590807214379311 4.9571891576051694 7.7987500429153434 65.709666520357132 9.1415151357650775 24.60221928358078 6.9658640921115857 5.9581622779369345 41.330802947282791 12.335686460137365 18.425511166453362 6.3326285481452942 3.7762698978185654
leaf_count=20 39 20 21 25 159 324 20 33 255 39 98 37 24 201 54 81 27 20
internal_value=-0.00085982 -0.00393992 -0.0092749 -0.0052098 0.00719436 -0.01223 0.00343485 0.000736671 -0.00513685 -0.0247986 0.0136026 0.00985946 0.00710063 0.00983664 0.0053473 -0.0309557 0.0275642 0.031732
internal_weight=350.838 272.795 158.509 125.874 45.3369 80.5372 114.286 102.996 70.5952 32.6352 32.401 78.0425 70.3668 64.4086 53.6665 27.567 11.2898 10.7421
internal_count=1497 1122 669 528 184 344 453 406 275 141 131 375 336 312 255 120 47 57
is_linear=0
shrinkage=0.03


Tree=43
num_leaves=16
num_cat=0
split_feature=38 214 188 85 197 180 152 18 172 49 33 204 20 12 108
split_gain=10.452 10.109 10.3323 9.52921 9.36055 10.115 7.96548 7.73804 7.64856 7.16382 7.02022 9.67958 6.19135 5.69215 5.59812
threshold=4.8600000000000003 0.26404700970756728 -1.4250000000000005 2.9835770653000004 1.0999387777174259 -0.094185613274690869 -2.1594347172760275 65.945000000000007 0.73942797972789387 20250802.500000004 0.37435000000000007 0.98099433819428417 13.815000000000003 61.400000000000013 -0.012249999999999999
decision_type=2 2 2 2 2 2 2 2 2 2 2 2 2 2 2
left_child=13 2 10 6 7 -6 9 -4 -8 -3 14 -12 -5 -1 -2
right_child=1 3 4 12 5 -7 8 -9 -10 -11 11 -13 -14 -15 -16
leaf_value=0.00012629120294040716 -0.012843433478002623 0.03044578814145469 -0.0012393152130081486 0.0065458400798846638 0.0091649185256300354 -0.015218416400555136 0.0065242200261069576 0.018428519679704304 -0.024591126300180038 -0.004960003072764535 -0.00062618491514589787 -0.027696994940480824 -0.037503142617227321 0.039133347773088363 0.027568997726441263
leaf_weight=5.6905896514654151 6.6841551810503006 21.290701761841778 47.048522487282753 4.5632136911153776 20.758300304412842 56.438070058822632 65.371548905968666 28.799407854676247 7.8530917018651953 6.5562133193016043 17.217414200305939 40.065726175904274 7.101558580994606 8.7386987209320051 5.498107895255087
leaf_count=24 28 106 202 20 91 236 278 122 31 28 73 167 28 39 24
internal_value=-0.00083295 -0.0019203 -0.00563419 0.00538178 -0.00125446 -0.00861949 0.00837011 0.00620348 0.00311731 0.0220147 -0.0152247 -0.019628 -0.0201072 0.0240631 0.00522724
internal_weight=349.675 335.246 222.51 112.736 153.044 77.1964 101.072 75.8479 73.2246 27.8469 69.4654 57.2831 11.6648 14.4293 12.1823
internal_count=1497 1434 943 491 651 327 443 324 309 134 292 240 48 63 52
is_linear=0
shrinkage=0.03


Tree=44
num_leaves=20
num_cat=0
split_feature=0 0 25 175 0 185 175 181 92 117 4 213 127 148 200 108 177 134 133
split_gain=11.8908 11.268 10.5877 9.28747 10.2783 7.89112 8.72735 11.8485 6.42376 8.55435 6.30149 6.10782 6.10616 8.33616 5.84404 5.24979 2.41324 1.62602 0.801934
threshold=20240265.000000004 20210766.000000004 0.47710000000000002 1.0907689340003108 20231026.000000004 3.3750000000000004 -0.18926730510356352 0.069228431144465488 0.039719958128000006 0.51800000000000013 -1.1349999999999996 0.87574621987886192 56.977650000000004 52.943833161288232 1.0353469177088559 -0.004749999999999999 0.12446297160635701 105.88970760000002 184.7597171688889
decision_type=2 2 2 2 2 2 2 2 2 2 2 2 2 2 2 2 2 2 2
left_child=1 5 3 4 -3 6 -1 -8 9 -4 18 12 13 -12 -10 -7 -14 -17 -2
right_child=10 2 8 -5 -6 15 7 -9 14 -11 11 -13 16 -15 -16 17 -18 -19 -20
leaf_value=-0.02622304866485628 0.039432528779575197 0.0045622265019618167 -0.015418318894849601 -0.03612338444405444 -0.03274667790600632 -0.001217973228230831 0.02077000057555338 -0.0035474772891847407 -0.012993730608415396 0.02943047275669651 0.0097288512638325376 -0.022944132246230053 0.0078911804971915078 -0.022431159271886495 -0.032955793869727253 0.020759619140188888 0.034181791066769711 0.047057981132107407 0.018591630717909941
leaf_weight=9.9496103376150113 6.024057060480116 71.443008035421371 12.418803155422212 6.4386410713195792 7.220658227801322 5.0193050056695947 24.955758601427078 63.839641436934471 28.89197239279747 5.4034088999032965 37.979098081588745 5.7532183974981299 5.1550582051277152 8.8311664015054685 25.743305817246437 4.7228103578090632 9.9901161789894086 5.5487452000379562 3.6710098385810852
leaf_count=38 33 297 54 28 35 20 100 251 121 23 183 23 25 38 111 20 54 24 19
internal_value=-0.000809025 -0.00377343 -0.0089749 -0.001755 0.00106227 0.00338855 0.000243333 0.00326883 -0.0173993 -0.00156515 0.00954529 0.00622633 0.00901607 0.00356275 -0.0224974 0.0233712 0.0255403 0.0355721 0.0321178
internal_weight=348.999 271.596 157.56 85.1023 78.6637 114.036 98.745 88.7954 72.4575 17.8222 77.4037 67.7087 61.9554 46.8103 54.6353 15.2909 15.1452 10.2716 9.69507
internal_count=1497 1122 669 360 332 453 389 351 309 77 375 323 300 221 232 64 79 44 52
is_linear=0
shrinkage=0.03


Tree=45
num_leaves=21
num_cat=0
split_feature=0 0 198 143 10 88 169 18 4 213 127 44 217 55 185 101 177 177 72 212
split_gain=11.2528 10.9204 8.40651 11.3475 10.596 7.73889 10.1894 9.72116 6.0695 5.77031 5.85531 7.34353 5.49945 4.28212 5.87418 6.85572 2.62741 2.34893 1.33823 0.841416
threshold=20240265.000000004 20230527.500000004 1.3468915152572387 7.0819772705817012 19.125000000000004 4.1942570482000008 0.78802641600733003 71.685000000000016 -1.1349999999999996 0.87574621987886192 56.977650000000004 44.070000000000007 -0.058812324600292211 2.8850000000000002 -3.3399999999999994 48617407.970000006 0.62283441138545947 0.12446297160635701 18.844523849250006 0.029759298055706322
decision_type=2 2 2 2 2 2 2 2 2 2 2 2 2 2 2 2 2 2 2 2
left_child=1 2 3 12 -5 6 -4 -7 19 10 11 -10 -1 14 16 -16 -3 -12 -15 -2
right_child=8 13 5 4 -6 7 -8 -9 9 -11 17 -13 -14 18 15 -17 -18 -19 -20 -21
leaf_value=0.038121050674100869 0.018341197069891662 -0.037770956431600604 0.015452985435534385 -0.0083335496570275686 0.0086846865085892077 -0.019231422042661896 -0.031761853003740459 0.012754049185885874 0.0084529943627387194 -0.022298821987676132 0.0076792988021959227 -0.024934732470388712 0 -0.037991924894596782 0.030966759208906 -0.018418013673375068 -0.006119214183007129 0.033715855273384991 -0.014921339772858897 0.03945581966001984
leaf_weight=11.256508797407152 3.799218535423277 6.4385333359241468 19.566974565386776 66.54419969022274 64.978699281811714 53.923756554722786 5.0800398886203757 9.9704745858907682 39.883699029684067 5.7451358884572974 5.1413445621728888 6.836737558245658 5.0744731426239005 10.325131863355635 4.9354121685028094 4.9298641234636307 4.1574121862649918 9.8281703740358335 3.757153868675231 5.7541939467191696
leaf_count=48 20 34 80 262 263 216 20 41 193 23 25 28 20 56 20 22 20 54 20 32
internal_value=-0.000786736 -0.00367094 -0.00135146 0.00301117 5.17034e-05 -0.00866559 0.0055112 -0.0141812 0.00931607 0.00606593 0.00878788 0.00346038 0.0265175 -0.0194078 -0.0103461 0.00605004 -0.0258059 0.0250829 -0.0321968 0.0316467
internal_weight=347.927 270.939 236.395 147.854 131.523 88.5412 24.647 63.8942 76.9885 67.4351 61.69 46.7204 16.331 34.5435 20.4612 9.86528 10.5959 14.9695 14.0823 9.55341
internal_count=1497 1122 950 593 525 357 100 257 375 323 300 221 68 172 96 42 54 79 76 52
is_linear=0
shrinkage=0.03


Tree=46
num_leaves=19
num_cat=0
split_feature=42 188 181 190 49 174 165 25 192 214 64 214 118 146 133 7 85 21
split_gain=9.72206 10.6668 9.66197 8.76702 10.0567 8.10964 7.96098 8.32722 12.9526 7.77021 7.65868 6.59308 5.47749 5.02149 5.00654 4.85319 2.06353 1.2934
threshold=5.580000000000001 -1.3500000000000003 0.069228431144465488 -0.82499999999999918 20210919.000000004 0.087899468325686056 1.5464983523356601 0.50480000000000014 -1.1199999999999999 0.29965932831506881 7.2440098576000009 0.2281786293464281 2234.4550000000004 260.47230145996781 183.07211582594161 22.875000000000004 2.4161897207000007 0.29885000000000006
decision_type=2 2 2 2 2 2 2 2 2 2 2 2 2 2 2 2 2 2
left_child=5 2 3 4 -2 12 7 8 -3 -9 -8 -5 -1 14 -4 -15 -12 -7
right_child=1 6 13 11 -6 17 10 9 -10 -11 16 -13 -14 15 -16 -17 -18 -19
leaf_value=0.026748861928435907 0.034772403109764718 -0.0014964188894769509 -0.029136902756595823 -0.04051340185852987 -0.0015949396183670263 0.048909565305564527 0.014098667328451676 -0.0077791002855554358 0.019299097348632974 0.012818748381752294 -0.043694790993460617 0.0021170594690992383 -0.013595946151853102 0.020655035873555556 -0.008709792381203979 -0.021264217841480963 -0.016540828539320145 0.024595007734715145
leaf_weight=4.8126281350851077 9.145421236753462 52.794157043099403 31.471361353993416 6.9699549078941327 25.783603638410568 5.3070189356803876 4.4476485997438422 73.51328644156456 54.429301142692566 21.067966282367706 6.1466160863637906 5.8128869086503983 7.7533937245607376 5.3409115225076658 17.327475160360336 4.4606003314256668 5.3363979011774063 4.8694977611303329
leaf_count=22 37 228 128 29 113 23 21 319 240 95 26 24 31 26 71 20 22 22
internal_value=-0.000765391 -0.00210651 -0.00989533 6.88686e-05 0.00791352 0.0181378 0.00168552 0.00331303 0.0090401 -0.00315055 -0.0186362 -0.0210287 0.00170795 -0.0180455 -0.0219776 0.0012528 -0.0315865 0.0379194
internal_weight=346.79 324.048 106.312 47.7119 34.929 22.7425 217.735 201.805 107.223 94.5813 15.9307 12.7828 12.566 58.6003 48.7988 9.80151 11.483 10.1765
internal_count=1497 1399 448 203 150 98 951 882 468 414 69 53 53 245 199 46 48 45
is_linear=0
shrinkage=0.03


Tree=47
num_leaves=19
num_cat=0
split_feature=0 0 45 213 214 172 125 119 127 130 9 1 103 4 201 69 138 45
split_gain=10.5206 10.5395 9.94032 8.53009 9.21229 8.23934 7.77031 15.1091 8.57918 11.1367 7.87919 5.88521 5.88363 5.84263 5.6478 5.99722 5.4916 0.88054
threshold=20240265.000000004 20210766.000000004 0.26500000000000007 -0.18722635096209236 0.23216586251640112 0.73942797972789387 17.500000000000004 4169.3400000000011 45.635275000000007 1.9601500000000003 65.710000000000022 14.665000000000001 0.043300000000000005 -1.1349999999999996 1.4494486759898244 8.2148693073000025 9.8373702714194575 5.9650000000000007
decision_type=2 2 2 2 2 2 2 2 2 2 2 2 2 2 2 2 2 2
left_child=1 6 -3 4 -4 -5 8 12 9 -1 -10 -9 -8 17 15 16 -15 -2
right_child=13 2 3 5 -6 -7 7 11 10 -11 -12 -13 -14 14 -16 -17 -18 -19
leaf_value=0.025213876468307653 0.038728533223777381 0.041715022222321034 -0.011426976523152979 -0.010883073362375444 0.018087870521226526 -0.036306622553363789 -0.0023468294713834994 0 0.00014328851721689005 -0.0095342177619560948 0.029731965944376351 -0.032847504895460775 0.039169921963024025 0.015722205328563606 -0.023848603761427983 -0.016852261688358201 -0.011446626989283544 0.016888128090113527
leaf_weight=11.133016884326933 5.8932115286588651 3.3367856293916693 19.901888996362686 101.7421557456255 17.996495485305786 13.029642209410666 5.8038833141326887 7.2945761829614666 12.705612450838087 31.673201829195023 23.288562417030334 15.709019854664801 6.1123022586107254 47.050780415534973 5.1566517800092688 7.2592946588993064 7.5988872349262229 3.4998200982809067
leaf_count=46 34 14 89 435 75 56 23 29 50 123 97 60 25 234 23 31 35 18
internal_value=-0.000743527 -0.00353626 -0.00860254 -0.00974852 0.00252026 -0.0138245 0.00338901 -0.00833186 0.00862503 -0.000389331 0.0193999 -0.0225618 0.0188479 0.0090611 0.00587806 0.00843696 0.0118757 0.0311705
internal_weight=346.186 269.727 156.007 152.67 37.8984 114.772 113.72 34.9198 78.8004 42.8062 35.9942 23.0036 11.9162 76.4586 67.0656 61.909 54.6497 9.39303
internal_count=1497 1122 669 655 164 491 453 137 316 169 147 89 48 375 323 300 269 52
is_linear=0
shrinkage=0.03


Tree=48
num_leaves=22
num_cat=0
split_feature=52 126 80 188 185 128 206 1 30 145 201 185 96 100 177 9 70 130 45 108 15
split_gain=9.25859 11.9041 8.31977 11.3996 7.91505 9.29919 10.3437 7.15404 6.8126 8.49779 6.73758 6.64386 7.25549 11.3075 6.3274 5.75337 4.60099 8.3232 4.43438 2.92878 2.55577
threshold=3.3139500000000006 72.965637142857162 13.351724844500001 -4.7999999999999989 -7.0100000000000007 68.443881301989208 0.9528931509060613 4.5550000000000006 0.88190000000000013 35.352444946390875 1.2355371282141074 5.010000000000006 0.32799921125000009 61.140000000000008 -0.2988599291671134 68.960000000000022 -0.052429363399999991 2.5773500000000005 2.8350000000000004 -0.027649999999999997 63.645000000000003
decision_type=2 2 2 2 2 2 2 2 2 2 2 2 2 2 2 2 2 2 2 2 2
left_child=2 4 3 -1 16 6 -6 -4 9 -9 18 12 14 -14 -3 -12 17 -2 -5 -18 -7
right_child=1 11 7 10 5 20 -8 8 -10 -11 15 -13 13 -15 -16 -17 19 -19 -20 -21 -22
leaf_value=-0.029386590485872516 0.017794572002033788 -0.01598840279245102 0.027370166221475995 0.026732991036387259 0.01363667505548896 -0.015580082233714503 -0.0097351878259762971 0.0077777614906401034 0.024099414833562753 -0.015450326179448628 -0.022038454177982416 0.032356988353278104 -0.031451610308361716 0.016588921252365937 0.011623280989970241 0.021705244426277109 -0.019419687201543804 -0.035803906362992195 0.0062648560965908213 -0.046092147605561073 -0.047185027606353319
leaf_weight=5.1434943079948416 5.1062242239713687 8.7681284099817258 6.8556744158267966 36.386443108320236 23.296518266201019 4.6921890527009946 62.185605064034462 21.145688518881798 6.6229110211133948 41.830958560109138 6.660774886608122 6.771545097231864 12.317265897989275 6.6693075299262992 45.343050688505173 4.375805526971817 7.3025145828723952 5.0614080131053925 13.556820675730703 9.4261916130781138 5.6380805671215057
leaf_count=21 22 37 30 163 100 21 263 96 28 173 28 31 52 30 205 20 30 21 63 39 24
internal_value=-0.000722384 -0.00485111 0.00512204 0.012911 -0.0107217 -0.00662819 -0.00332209 -0.00158326 -0.00451344 -0.0076035 0.0165701 0.0041329 0.00143669 -0.014421 0.00707253 -0.00438632 -0.0251143 -0.00868321 0.0212606 -0.0348118 -0.0334041
internal_weight=345.157 202.578 142.579 66.1233 122.709 95.8124 85.4821 76.4552 69.5996 62.9766 60.9798 79.8693 73.0978 18.9866 54.1112 11.0366 26.8963 10.1676 49.9433 16.7287 10.3303
internal_count=1497 875 622 295 520 408 363 327 297 269 274 355 324 82 242 48 112 43 226 69 45
is_linear=0
shrinkage=0.03


Tree=49
num_leaves=16
num_cat=0
split_feature=38 214 217 186 178 127 48 195 129 199 189 199 208 12 214
split_gain=8.7707 8.7002 12.1207 9.32232 10.4218 9.86696 8.36074 8.22583 7.65758 7.83352 7.64049 7.3563 6.52573 5.36731 4.19795
threshold=4.8600000000000003 0.28451401352201133 0.17880210110783662 -2.3749999999999996 0.18240068107849286 97.302075000000016 322.50000000000006 1.4477290443838489 4.1317619230769234 0.9943425795680354 -1.0000000180025095e-35 2.2586321302038539 0.041107655489055268 61.400000000000013 0.31465365267029227
decision_type=2 2 2 2 2 2 2 2 2 2 2 2 2 2 2
left_child=13 3 8 5 12 7 -4 -2 14 -10 -6 -8 -5 -1 -3
right_child=1 2 6 4 10 -7 11 -9 9 -11 -12 -13 -14 -15 -16
leaf_value=0 -0.0051835245717471654 0.037292923977428949 0.024816207939568631 -0.019103654730389313 0.041967160747242702 0.029496707418158134 -0.019041785339051577 -0.01998838743523958 0.034704873176743367 -0.0064231855247224605 0.0081482649198964096 0.016460982730005316 0.0019272882461314636 0.037264012755106449 0.0043303092032203373
leaf_weight=5.610512286424636 93.308479279279709 16.962856337428097 6.6973761767148963 19.654370248317719 7.5825441479682913 5.6023156344890586 25.451158583164219 53.650873765349388 5.6077386438846615 15.139964938163756 29.79038979113102 6.440623313188552 39.832664757966995 8.4955283403396589 4.67069287598133
leaf_count=24 403 78 35 84 33 25 105 234 26 62 129 28 169 39 23
internal_value=-0.000702651 -0.00170303 0.00682111 -0.00448389 0.0027697 -0.00910758 -0.00527769 -0.0106187 0.0178945 0.00466225 0.0151835 -0.0117491 -0.00499134 0.0223642 0.030367
internal_weight=344.498 330.392 80.9704 249.422 96.86 152.562 38.5892 146.959 42.3813 20.7477 37.3729 31.8918 59.487 14.106 21.6335
internal_count=1497 1434 357 1077 415 662 168 637 189 88 162 133 253 63 101
is_linear=0
shrinkage=0.03


Tree=50
num_leaves=17
num_cat=0
split_feature=0 0 194 185 47 216 4 18 164 34 55 101 186 180 57 121
split_gain=9.87738 10.1088 8.20005 8.40449 8.74234 6.10824 5.52746 5.60295 7.46043 5.81413 4.15792 4.6702 6.64909 3.34273 2.43912 0.877158
threshold=20240265.000000004 20230527.500000004 7.8471419126203328 6.8850000000000025 0.63753186158341613 0.52916666666666679 -1.1349999999999996 55.975000000000009 -0.33133600010778191 0.54191041437477094 3.0150000000000001 32461276.150000002 -3.5650000000000008 0.0016594996533315864 4.1371586143500005 6612.0250000000005
decision_type=2 2 2 2 2 2 2 2 2 2 2 2 2 2 2 2
left_child=1 2 3 4 -1 -5 15 -8 13 -10 11 12 -3 -9 -13 -2
right_child=6 10 -4 5 -6 -7 7 8 9 -11 -12 14 -14 -15 -16 -17
leaf_value=0.0010716034089153865 0.038183694982128605 -0.016431975574741284 -0.029862447280841579 0 -0.016002275396438063 0.043318844238362984 0.032568096208982177 -0.00059264541645862468 0.015365253384598479 -0.0053011531893902095 -0.034264006592523495 -0.035695043407656439 0.02908285181561512 -0.037760624894822507 -0.0054673568752943999 0.016184691306571204
leaf_weight=182.49977964162827 5.787230931222437 7.0532507896423322 8.5339807122945768 5.188788101077078 31.531674444675446 6.6255461871623993 6.2759474962949744 4.0388207435607892 31.609146356582642 19.624861985445023 10.702570796012877 7.0925420522689802 4.731175839900974 5.1027802228927612 4.0547671765089035 3.4037999659776688
leaf_count=736 34 35 34 21 130 29 32 19 165 86 62 35 20 21 20 18
internal_value=-0.000679582 -0.00339275 -0.0011686 -5.83432e-05 -0.00143605 0.0244514 0.00886062 0.00577356 0.00288945 0.00739577 -0.0187533 -0.0112667 0.0016797 -0.0218483 -0.025113 0.0306214
internal_weight=343.857 268.014 234.38 225.846 214.031 11.8143 75.8426 66.6516 60.3756 51.234 33.6343 22.9317 11.7844 9.1416 11.1473 9.19103
internal_count=1497 1122 950 916 866 50 375 323 291 251 172 110 55 40 55 52
is_linear=0
shrinkage=0.03


Tree=51
num_leaves=21
num_cat=0
split_feature=0 0 206 101 196 1 12 185 202 4 18 164 41 43 194 101 25 65 11 212
split_gain=9.3428 9.66915 7.84418 13.5105 9.94288 8.71673 8.4979 8.3032 8.23764 5.32982 5.36543 7.0299 5.77828 3.71776 4.56884 2.47728 3.96289 2.26665 1.46691 0.878944
threshold=20240265.000000004 20230527.500000004 0.9265675907627916 99921409.670000017 2.5376880923223659 38.70000000000001 60.465000000000011 6.8850000000000025 0.96131183493885874 -1.1349999999999996 55.975000000000009 -0.33133600010778191 19.763260000000006 10.285000000000002 1.2158209095577523 14315364.915000001 0.47390000000000004 2.0067395150000005 18.315000000000001 0.029759298055706322
decision_type=2 2 2 2 2 2 2 2 2 2 2 2 2 2 2 2 2 2 2 2
left_child=1 2 3 5 7 -1 -6 -4 -5 19 -11 17 -13 14 -3 16 -15 -12 -17 -2
right_child=9 13 4 8 6 -7 -8 -9 -10 10 11 12 -14 15 -16 18 -18 -19 -20 -21
leaf_value=0.026361829943187608 0.016556673936077203 0.014509818843699888 -0.0031889229028179348 -0.020320627387237306 0.0066170514593289374 -0.015837838449815372 -0.034552922341466258 0.028872038213878008 0.018787148629672436 0.032024756788119689 -0.0040818283694452791 0.019271324984921897 -0.0011317911230001511 0.008837676699656986 -0.026537417233027237 -0.037941629802994599 -0.031076835274504656 -0.034888513766099541 -0.013922064646983347 0.038358797094084705
leaf_weight=29.913952812552452 3.6430720835924131 5.6756367832422239 146.21160045266151 16.851708963513378 6.0741540342569378 5.0012224763631812 15.989553436636923 7.5401419550180426 6.6292668581008902 6.1938989162445059 4.2352467030286771 20.938438579440117 30.104797139763832 4.2091754078865069 4.0995648354291916 11.223371073603628 4.4104026854038239 4.9261234849691391 3.6250458210706702 5.409088708460331
leaf_count=127 20 25 588 67 25 20 64 32 27 32 20 111 140 20 20 62 25 20 20 32
internal_value=-0.000661355 -0.00329991 -0.00113392 0.0083661 -0.00430932 0.0202035 -0.0231047 -0.00157938 -0.00911945 0.00864398 0.00562064 0.00280581 0.00720043 -0.018421 -0.00249536 -0.0248886 -0.0113636 -0.0211685 -0.0324106 0.030189
internal_weight=342.905 267.455 234.212 58.3962 175.815 34.9152 22.0637 153.752 23.481 75.4507 66.3985 60.2046 51.0432 33.2432 9.7752 23.468 8.61958 9.16137 14.8484 9.05216
internal_count=1497 1122 950 241 709 147 89 620 94 375 323 291 251 172 45 127 45 40 82 52
is_linear=0
shrinkage=0.03


Tree=52
num_leaves=12
num_cat=0
split_feature=195 151 171 18 25 177 106 104 163 18 97
split_gain=8.41179 8.49985 9.31615 8.2045 9.06648 6.43971 6.08823 5.28355 4.32177 2.93566 2.94736
threshold=3.4194185272029096 0.068105029258492614 1.5464983523356601 72.085000000000008 0.63421878634738749 -0.11244174678811515 0.28510000000000008 0.092200000000000018 0.59774442078840206 64.435000000000016 -2.7860225371249991
decision_type=2 2 2 2 2 2 2 2 2 2 2
left_child=1 -1 3 4 -3 -4 -5 9 -7 -2 -11
right_child=7 2 5 6 -6 8 -8 -9 -10 10 -12
leaf_value=0.032201590127247999 -0.041812658378238825 0.0024856566009452872 0.012351937117686286 -0.0011553211020074055 -0.011983996071853523 -0.034602097773301324 0.03263887548218089 0.0075419850077241739 -0.0021561799643212381 0.0020587362538764314 -0.030238198888127368
leaf_weight=7.3727384060621253 6.9671480953693452 221.45903503149748 4.8117682784795788 7.4903494268655804 47.189642146229744 13.931449219584467 12.438067108392714 5.1065707057714453 5.3092222809791556 4.4401774704456365 5.3505721837282127
leaf_count=36 28 972 22 31 210 58 54 22 22 20 22
internal_value=-0.00064367 0.000579762 -0.000166441 0.00132141 -4.83694e-05 -0.0180732 0.0198448 -0.0186072 -0.0258616 -0.0267509 -0.0154153
internal_weight=341.867 320.002 312.63 288.577 268.649 24.0524 19.9284 21.8645 19.2407 16.7579 9.79075
internal_count=1497 1405 1369 1267 1182 102 85 92 80 70 42
is_linear=0
shrinkage=0.03


Tree=53
num_leaves=17
num_cat=0
split_feature=0 0 21 206 101 126 4 201 85 76 97 55 101 186 130 119
split_gain=8.93357 9.2294 7.57011 8.33415 12.61 10.2358 5.09696 5.1824 5.60253 6.365 6.20475 4.07852 4.34025 6.21806 2.78404 0.989515
threshold=20240265.000000004 20230527.500000004 0.17605000000000001 0.9265675907627916 99921409.670000017 74.550890692640706 -1.1349999999999996 1.4494486759898244 3.3059357230000002 2.5037211269920001 -15.926088427474992 3.0150000000000001 32461276.150000002 -3.5650000000000008 2.0545500000000003 6516.255000000001
decision_type=2 2 2 2 2 2 2 2 2 2 2 2 2 2 2 2
left_child=1 2 -1 4 -4 -5 15 8 10 -10 -8 12 13 -3 -14 -2
right_child=6 11 3 5 -6 -7 7 -9 9 -11 -12 -13 14 -15 -16 -17
leaf_value=0.034105655945223627 0.037542716640659918 -0.015861822615277282 0.019443326587284229 -0.01028700376226614 -0.0092543470462954202 0.0053970673335733375 -0.023017829468228928 -0.023003422070100796 -0.032662657967869213 0.01500962523030893 0.015194405590312677 -0.033754491530445949 -0.006398485985020263 0.028300595658036942 -0.037871143235180697 0.014096034931263761
leaf_weight=5.2626359313726416 5.7281449586153013 6.9543725997209531 34.336549341678619 116.56532427668571 22.734108552336693 54.800154313445091 4.0154564082622519 5.1219958215951911 5.7765257954597455 4.2351541817188263 46.987997174263 10.323338046669958 4.8589290380477888 4.720358163118366 5.9885861426591873 3.1795708686113358
leaf_count=23 35 35 145 467 91 224 16 23 24 20 240 62 23 20 32 17
internal_value=-0.00062494 -0.0032077 -0.00109793 -0.00193663 0.00796294 -0.00525375 0.00850066 0.00555199 0.00803191 -0.0122506 0.0120881 -0.018079 -0.0106438 0.00182797 -0.0242348 0.029756
internal_weight=341.589 266.544 233.699 228.436 57.0707 171.365 75.0448 66.1371 61.0151 10.0117 51.0035 32.8456 22.5222 11.6747 10.8475 8.90772
internal_count=1497 1122 950 927 236 691 375 323 300 44 256 172 110 55 55 52
is_linear=0
shrinkage=0.03


Tree=54
num_leaves=25
num_cat=0
split_feature=188 48 25 108 99 200 175 48 181 100 82 49 202 186 207 183 25 121 210 208 162 192 14 201
split_gain=8.19638 9.53896 11.8826 11.2945 13.9225 9.70811 7.7728 7.40719 7.22045 7.93308 7.43814 7.12509 6.53118 7.65157 6.47511 6.19886 5.91692 5.85005 5.70078 6.04947 5.67652 4.8745 4.43834 3.39394
threshold=-1.3500000000000003 331.50000000000006 0.49746088228508484 -0.030849999999999995 11.685 1.5415981133835646 -0.010763569749775102 332.50000000000006 1.0000000180025095e-35 7.3550000000000013 5.8159723524000011 20210728.500000004 1.2509975688388566 -2.2950000000000013 0.76939446486920227 0.11511862911072661 0.38275000000000009 1667.6400000000001 0.1033588533423755 0.16705707122011018 0.61498895342735405 -5.8699999999999992 15.815000000000003 0.65786395867267233
decision_type=2 2 2 2 2 2 2 2 2 2 2 2 2 2 2 2 2 2 2 2 2 2 2 2
left_child=8 2 6 4 7 -6 16 -3 10 -10 11 15 13 -5 -4 -1 -2 -16 21 -20 -13 -11 -14 -8
right_child=1 3 14 12 5 -7 23 -9 9 18 -12 20 22 -15 17 -17 -18 -19 19 -21 -22 -23 -24 -25
leaf_value=-0.0039501923979426562 -0.021081961048580816 0.036704529613487365 0.04496969160167439 -0.0011859803540596806 -0.034580139937644999 0.0042544152399203814 0.0056025027060943155 -0.0043258951285651392 0.012348387842326246 -0.042813641797148964 0.034665340742824034 -0.0042224575339606749 -0.033921181608467917 0.017289929795768277 -0.036184228302871456 0.040119264544390611 0.024174466608580088 0.0014466537928159186 0.029156176225373729 -0.020735016831777524 -0.039045607442210209 -0.017337722018862585 0.0022129182257881667 0.036886341010207192
leaf_weight=5.6495335698127729 5.1396422386169416 5.1713484376668957 2.7218076288700095 43.157433554530144 24.561824873089794 7.3729837387800208 3.9502323269844082 15.511496029794214 8.8169781416654569 8.4930374622344953 5.340530887246131 24.937562555074695 6.1290578097105008 37.306563898921013 3.9722084999084464 5.4889459609985352 5.047429546713829 41.657894462347031 4.3194033205509168 4.1921931505203247 5.0511826425790778 38.776081025600433 5.7039856463670731 22.047070845961571
leaf_count=22 21 24 13 186 106 32 20 67 38 35 23 113 25 163 16 23 25 195 21 20 21 161 25 102
internal_value=-0.000608364 0.00262024 0.0106284 -0.00203473 -0.0131278 -0.0255352 0.0236077 0.00591587 -0.00730171 -0.0137865 0.00165907 -0.00262784 0.00426422 0.00735384 0.000824639 0.0176637 0.00106682 -0.00183556 -0.0179859 0.0042796 -0.0102979 -0.0220591 -0.0163792 0.0322875
internal_weight=340.516 229.451 84.5363 144.915 52.6177 31.9348 36.1844 20.6828 111.065 64.5977 46.4678 41.1272 92.297 80.464 48.3519 11.1385 10.1871 45.6301 55.7807 8.5116 29.9887 47.2691 11.833 25.9973
internal_count=1497 1020 392 628 229 138 168 91 477 275 202 179 399 349 224 45 46 211 237 41 134 196 50 122
is_linear=0
shrinkage=0.03


Tree=55
num_leaves=20
num_cat=0
split_feature=0 0 33 217 0 102 115 55 49 198 18 14 141 30 34 174 192 98 132
split_gain=8.33084 8.90053 9.42704 10.1746 11.5233 8.66108 7.05824 6.37995 7.77665 5.08176 5.00586 5.39603 6.79402 7.54191 6.56326 4.43578 3.67523 4.73715 2.64423
threshold=20240265.000000004 20210766.000000004 0.61305000000000009 -0.042381867776446487 20231026.000000004 0.24460000000000001 0.74860000000000004 6.4000000000000012 20210302.500000004 0.95921277546217898 55.975000000000009 19.685000000000006 0.9210264952545747 0.56815000000000004 0.68798067552602449 0.1529699867975631 0.18499999999999964 -0.29558726429999976 6.1272750000000009
decision_type=2 2 2 2 2 2 2 2 2 2 2 2 2 2 2 2 2 2 2
left_child=1 6 3 4 -3 -5 7 8 -1 -4 -2 12 13 -12 -14 -9 17 -8 -11
right_child=10 2 9 5 -6 -7 16 15 -10 18 11 -13 14 -15 -16 -17 -18 -19 -20
leaf_value=-0.0031441977120762088 0.032152146951762078 0.0074785959624340884 0.0043479220085830836 -0.001963241172936689 -0.027695561103470358 -0.025638989316742442 0.02934465963954612 -0.0039760172784644096 0.016591577912728844 -0.038665827486839256 0.011679204265232794 -0.023885991240173713 0.020513816586138836 -0.032585816429972825 -0.0033455451493400929 -0.039318189947924319 0.036105648503532858 -0.011898254534114758 -0.013142325595909006
leaf_weight=55.157142952084541 7.0905186682939521 63.264862895011902 4.1331045776605633 27.436197206377983 9.5431964695453626 28.766606271266937 4.7282196879386911 7.8890720754861814 26.424874603748322 13.932006031274797 6.7155047953128797 4.9991804957389823 34.253766983747482 6.8356317728757858 14.543007165193556 5.5658032149076462 7.774175599217414 5.0072895735502252 5.6789324432611457
leaf_count=218 39 274 18 118 51 121 20 31 109 61 36 20 187 30 63 21 34 20 26
internal_value=-0.000590596 -0.00308752 -0.00780784 -0.00457254 0.00279539 -0.0141586 0.00329378 2.96029e-05 0.00322409 -0.0251678 0.00826061 0.00565681 0.00810811 -0.0105049 0.0133493 -0.0189993 0.0207395 0.00792177 -0.0315311
internal_weight=339.739 265.301 152.755 129.011 72.8081 56.2028 112.547 95.0369 81.582 23.744 74.4376 67.3471 62.3479 13.5511 48.7968 13.4549 17.5097 9.73551 19.6109
internal_count=1497 1122 669 564 325 239 453 379 327 105 375 336 316 66 250 52 74 40 87
is_linear=0
shrinkage=0.03


Tree=56
num_leaves=13
num_cat=0
split_feature=38 0 18 218 218 214 174 45 202 49 107 152
split_gain=7.98409 8.64962 8.33503 8.74185 12.2695 10.7126 8.60151 6.70014 6.1097 8.62698 6.02866 5.38797
threshold=3.8100000000000001 20240621.500000004 71.685000000000016 1.131391705656321 0.94303199417075889 0.2796966942738201 1.2965674254660913 4.2200000000000015 1.2865098961692554 20250724.500000004 -0.16814999999999997 -0.14508802972722676
decision_type=2 2 2 2 2 2 2 2 2 2 2 2
left_child=-1 2 3 4 -2 -5 7 -4 9 11 -11 -3
right_child=1 8 6 5 -6 -7 -8 -9 -10 10 -12 -13
leaf_value=0.034056371509039063 -0.0029556771221454811 0.032682191449496183 0.031688606653302177 -0.0040233491872772188 -0.019085252661148421 0.026783109006297587 -0.019195026942657945 -0.0038032235723393982 -0.017089034380437598 -0.033387413182394611 0.0053960979780942131 0.0086655663419040671
leaf_weight=5.7812434881925574 135.44161653518677 18.129042662680149 15.207083627581602 29.011036232113838 62.142753288149834 15.416568368673323 6.0835195034742346 6.7294512242078772 7.0869974941015235 4.4856434613466289 16.565790385007858 16.568689726293087
leaf_count=26 573 106 66 125 266 68 25 28 31 18 77 88
internal_value=-0.000576158 -0.00119671 -0.00353784 -0.00534083 -0.00805089 0.00663539 0.0118916 0.0206968 0.00880602 0.0121763 -0.00284484 0.021358
internal_weight=338.649 332.868 270.032 242.012 197.584 44.4276 28.0201 21.9365 62.8362 55.7492 21.0514 34.6977
internal_count=1497 1471 1151 1032 839 193 119 94 320 289 95 194
is_linear=0
shrinkage=0.03


Tree=57
num_leaves=21
num_cat=0
split_feature=52 110 151 80 188 103 185 132 125 201 1 218 10 214 9 31 45 36 168 179
split_gain=7.71132 9.70403 8.07328 7.61877 10.6504 7.36754 7.3186 6.91216 6.77248 6.2502 6.03246 7.33408 8.23281 5.73908 5.30725 4.70647 3.94852 2.93895 2.68621 1.82558
threshold=3.3139500000000006 0.27395000000000008 0.075615181399996054 13.351724844500001 -4.7999999999999989 -0.50139999999999996 5.010000000000006 1.8149000000000002 10.500000000000002 1.2355371282141074 4.5550000000000006 0.95068475914955797 19.575000000000003 0.2940517751148885 68.960000000000022 -0.12109999999999999 2.8350000000000004 0.4889799196787149 -0.51876484793331723 -0.21947771885875758
decision_type=2 2 2 2 2 2 2 2 2 2 2 2 2 2 2 2 2 2 2 2
left_child=3 5 -3 4 -1 19 7 -4 18 16 -5 12 -12 -10 -11 -13 -6 -8 -7 -2
right_child=1 2 6 10 9 8 17 -9 13 14 11 15 -14 -15 -16 -17 -18 -19 -20 -21
leaf_value=-0.028727232783018444 -0.019865881686945697 0.033781314327400551 -0.027798630101749752 0.025334995000786741 0.02579170362407757 -0.010641556483914101 0.041344091547617458 -0.0017247686293711002 -0.0069291684899074769 -0.021430075745892289 -0.0055615510557304902 0.0048199496422228118 0.02319018632244935 0.029357479633751404 0.021031856436387546 -0.023277749550866048 0.0062225146509309855 0.0075409159625559182 -0.042761140925003965 -0.043970708203580448
leaf_weight=5.0819344669580451 5.7221108973026276 5.8739858716726294 9.8478634506463987 6.6584688276052466 35.484943397343159 4.5024350881576538 4.3190995901823026 119.76475474983454 24.22761166095734 6.5589470416307432 27.31280380487442 6.9415675103664425 13.16099891066551 4.5703006237745276 4.2613157331943512 20.933031663298607 13.255055472254751 5.5446667075157166 5.8433986455202085 7.9566779881715757
leaf_count=21 27 29 41 30 163 21 20 522 109 28 119 30 60 21 20 88 63 25 25 35
internal_value=-0.00055933 -0.00437126 -0.000345116 0.00482788 0.0123731 -0.0153716 -0.001827 -0.00374887 -0.00860227 0.0159725 -0.00164257 -0.00434772 0.00374792 -0.000984911 -0.00439323 -0.0161812 0.0205548 0.02291 -0.0293058 -0.0343223
internal_weight=337.822 198.173 145.35 139.649 64.6422 52.8225 139.476 129.613 39.1437 59.5603 75.0069 68.3484 40.4738 28.7979 10.8203 27.8746 48.74 9.86377 10.3458 13.6788
internal_count=1497 875 637 622 295 238 608 563 176 274 327 297 179 130 48 118 226 45 46 62
is_linear=0
shrinkage=0.03


Tree=58
num_leaves=17
num_cat=0
split_feature=195 0 113 31 45 32 16 183 215 150 183 186 34 86 211 197
split_gain=7.56151 9.24309 8.1504 8.73505 9.02647 8.38991 8.87917 7.54021 6.25534 7.155 7.88096 5.08815 4.62947 3.92353 3.74835 1.67479
threshold=3.4194185272029096 20240611.500000004 0.55415000000000014 0.14126237029264324 3.1150000000000007 0.4811457983193278 17.625000000000004 0.080294441673298841 0.24463647307103983 0.0073383383680863477 0.053031813129653514 1.1999999999999995 0.8418500000000001 0.35859452870000008 -0.13340777012483859 1.547947872797087
decision_type=2 2 2 2 2 2 2 2 2 2 2 2 2 2 2 2
left_child=1 2 3 4 -1 -4 -7 -5 12 -10 -11 13 14 15 -3 -2
right_child=11 8 5 7 -6 6 -8 -9 9 10 -12 -13 -14 -15 -16 -17
leaf_value=0.0066481642949727639 -0.019081436033463493 0.0033254174523422264 -0.014133337758567076 -0.021466300103941932 -0.0096437248121830008 0.044717263460685969 0.0065884409316056087 -0.0037095152447524011 0.038253428190033772 -0.040397966718854386 0.0031269079762651455 0.0084615816857781904 -0.0010677074615024968 -0.0013244603397632015 0.033460094386337659 -0.044094610997915319
leaf_weight=87.330653585493565 4.7732228785753303 4.9707754850387635 7.8444417119026211 37.225821822881699 46.942940294742584 8.9796125292778033 14.618442565202711 52.158673882484436 4.0579631999135044 4.3757276907563236 22.363198101520538 4.9310949444770804 6.4510567635297766 4.5861331522464743 18.282451324164867 7.2329021096229553
leaf_count=376 20 26 33 158 203 38 61 221 24 18 109 21 28 21 110 30
internal_value=-0.000543685 0.000622806 -0.00186838 -0.00389044 0.000927148 0.0123866 0.0213514 -0.0111539 0.011162 0.0015693 -0.00400798 -0.0177107 0.0209683 -0.0256727 0.0271886 -0.0346378
internal_weight=337.125 315.602 255.101 223.658 134.274 31.4425 23.5981 89.3845 60.5012 30.7969 26.7389 21.5234 29.7043 16.5923 23.2532 12.0061
internal_count=1497 1405 1090 958 579 132 99 379 315 151 127 92 164 71 136 50
is_linear=0
shrinkage=0.03


Tree=59
num_leaves=12
num_cat=0
split_feature=38 0 0 103 12 113 195 14 103 55 101
split_gain=7.27655 7.7536 9.77207 7.23006 9.76928 9.74306 5.04919 6.03291 4.8681 2.81318 4.79827
threshold=3.8100000000000001 20240265.000000004 20230527.500000004 -0.42839999999999995 76.115000000000023 0.55415000000000014 3.4194185272029096 20.060000000000006 0.56835000000000002 3.0150000000000001 32461276.150000002
decision_type=2 2 2 2 2 2 2 2 2 2 2
left_child=-1 2 3 4 -2 -5 7 8 -3 10 -4
right_child=1 6 9 5 -6 -7 -8 -9 -10 -11 -12
leaf_value=0.032792793953555152 -0.013461433483224918 0.017999746322015942 0.00053130328471437654 -0.0010365928863963168 0.021890841889690912 0.01952463516998458 -0.022832103418278592 -0.021109762488335317 9.3852246175855588e-05 -0.032982946433437743 -0.027825183363619437
leaf_weight=5.6909358948469153 61.95236524939537 42.303339250385761 10.984879702329641 133.150151476264 7.786053091287612 24.424001097679138 4.4732294082641593 5.1606002897024146 20.663476184010506 9.6701309531927091 10.036402583122252
leaf_count=26 252 227 53 545 33 102 18 21 106 61 53
internal_value=-0.000528421 -0.00112082 -0.00356597 -0.00140267 -0.00944582 0.00214173 0.00752031 0.00958776 0.0121807 -0.0194342 -0.0129328
internal_weight=336.296 330.605 258.004 227.313 69.7384 157.574 72.6006 68.1274 62.9668 30.6914 21.0213
internal_count=1497 1471 1099 932 285 647 372 354 333 167 106
is_linear=0
shrinkage=0.03


Tree=60
num_leaves=24
num_cat=0
split_feature=188 33 48 25 108 99 200 214 204 49 110 103 175 23 207 201 202 25 121 0 107 198 201
split_gain=7.11643 9.21503 8.24511 10.7843 10.3465 12.6897 9.14635 8.19178 9.04647 8.64995 8.02593 7.86833 7.50986 7.25966 6.10189 6.08252 7.24166 5.51008 5.46437 5.41743 4.96508 4.74382 3.32145
threshold=-1.3500000000000003 0.37435000000000007 331.50000000000006 0.49746088228508484 -0.030849999999999995 11.685 1.5415981133835646 0.27445896554833554 0.98099433819428417 20201111.500000004 0.26485000000000009 -0.71879999999999988 -0.010763569749775102 -0.12564999999999996 0.76939446486920227 1.195109552025347 1.1052840715744103 0.38275000000000009 1667.6400000000001 20210766.000000004 -0.050349999999999992 1.6616149561147593 0.65786395867267233
decision_type=2 2 2 2 2 2 2 2 2 2 2 2 2 2 2 2 2 2 2 2 2 2 2
left_child=1 20 3 12 5 10 -7 8 13 -9 -4 -11 17 -3 -5 16 -6 -2 -16 -10 -1 -17 -14
right_child=2 7 4 14 15 6 -8 9 19 11 -12 -13 22 -15 18 21 -18 -19 -20 -21 -22 -23 -24
leaf_value=-0.0026862744329040796 -0.021060520423046871 -0.0317381235585487 -0.013930880823597556 0.044036811140581784 0.01419925442599459 -0.033370596025090876 0.0045884449607256688 -0.026535563724228529 -0.0079137014661141963 -0.018034473734237774 0.023491727103388239 0.021686410236509465 0.0044975223984987187 0.011521760064676572 -0.035282434283361627 -0.0017323885387466489 -0.0087053151616023026 0.023051785170289767 0.0012551772442568891 -0.03086627661428441 0.03022501241288568 -0.035058000174149 0.03580410045649713
leaf_weight=7.8477583676576641 5.1090009659528715 4.5122629851102856 9.6082410812377947 2.6531644761562339 52.105100058019161 24.124265901744369 7.273024156689643 6.9654555767774609 13.886345118284224 5.9029608666896882 10.802543729543684 17.150233559310433 3.8483936414122608 14.217027977108954 3.9368227869272223 18.212471649050716 16.055707231163979 4.8853325545787811 40.928992256522179 30.850206479430199 8.2240252047777158 4.854658216238021 21.532589092850685
leaf_count=34 21 20 42 13 231 106 32 27 54 25 49 76 20 62 16 78 69 25 195 142 37 21 102
internal_value=-0.000513962 -0.00679245 0.00251894 0.0100467 -0.00182668 -0.0125351 -0.0244957 -0.0104192 -0.016525 0.00240215 0.00574699 0.011352 0.0225653 0.000827051 0.000636517 0.00422881 0.00875514 0.000219583 -0.00195549 -0.0238422 0.0140519 -0.00899657 0.0312113
internal_weight=335.487 109.556 225.93 82.8943 143.036 51.8081 31.3973 93.4845 63.4658 30.0187 20.4108 23.0532 35.3753 18.7293 47.519 91.2279 68.1608 9.99433 44.8658 44.7366 16.0718 23.0671 25.381
internal_count=1497 477 1020 392 628 229 138 406 278 128 91 101 168 82 224 399 300 46 211 196 71 99 122
is_linear=0
shrinkage=0.03


Tree=61
num_leaves=15
num_cat=0
split_feature=195 0 113 188 31 45 183 103 49 69 188 28 44 103
split_gain=7.05906 8.21276 7.32314 9.31255 8.04962 8.15103 7.17624 5.94792 5.94678 5.79389 4.9271 4.66749 4.32895 0.675656
threshold=3.4194185272029096 20240611.500000004 0.55415000000000014 -2.8500000000000001 0.14126237029264324 3.1150000000000007 0.080294441673298841 -0.46034999999999993 20251067.500000004 8.2148693073000025 0.22499999999999967 0.56301101694915257 40.965000000000011 0.31760000000000005
decision_type=2 2 2 2 2 2 2 2 2 2 2 2 2 2
left_child=1 2 4 -4 5 -1 -6 -5 9 11 12 -3 13 -2
right_child=10 8 3 7 6 -7 -8 -9 -10 -11 -12 -13 -14 -15
leaf_value=0.0064426880671117738 -0.04736841111087358 0.020785138359207648 -0.019647684624098025 -0.0086900060012180137 -0.020747649886463649 -0.0090874591898256109 -0.0033645858655403735 0.027602252962862658 -0.024967385775238472 -0.011243812532942698 0.0074481639962804269 -0.0053182879701554062 -0.0059542018731756786 -0.027277573574108618
leaf_weight=86.904014311730862 4.8925761580467277 41.468374885618687 6.5106021314859417 4.9082420915365281 36.9045519977808 46.606671817600727 51.91474711894989 19.844795301556584 3.79945084452629 7.378484681248664 5.2770108729600897 6.991215467453002 6.542700618505477 4.6245975345373154
leaf_count=376 21 230 27 20 158 203 221 85 16 34 23 35 28 20
internal_value=-0.000500728 0.000629657 -0.00171685 0.0118327 -0.00364012 0.000996139 -0.0106362 0.0202792 0.010644 0.0131611 -0.0171606 0.0169542 -0.0254283 -0.0383029
internal_weight=334.568 313.231 253.594 31.2636 222.33 133.511 88.8193 24.753 59.6375 55.8381 21.3369 48.4596 16.0599 9.51717
internal_count=1497 1405 1090 132 958 579 379 105 315 299 92 265 69 41
is_linear=0
shrinkage=0.03


Tree=62
num_leaves=13
num_cat=0
split_feature=151 103 12 53 124 113 127 126 185 151 65 70
split_gain=6.70891 7.09702 8.46803 7.54956 7.50674 7.17173 8.40712 6.81658 6.59095 6.23772 4.38754 4.14653
threshold=0.068105029258492614 -0.44474999999999992 76.115000000000023 6.5110500000000009 671.50000000000011 0.55415000000000014 13.695850000000002 41.810708110367905 -2.840000000000003 0.88066244946746874 0.7350820345500001 0.11432160679999995
decision_type=2 2 2 2 2 2 2 2 2 2 2 2
left_child=-1 2 3 8 -4 6 -3 -8 -2 11 -5 -7
right_child=1 5 4 10 -6 9 7 -9 -10 -11 -12 -13
leaf_value=0.027724999599027862 -0.013513519258569995 0.033687007048925334 0.04400187888307365 -0.039740784616452987 -0.0071846070365368594 0.037173154082923994 -0.011177947882326605 0.0016958830016130222 0.0067747597408358224 -0.012216549000857196 -0.014078394737473616 0.012187347296880154
leaf_weight=7.3084541931748381 34.713267996907234 6.1386113017797461 4.910626217722891 10.436609372496607 5.0919548869132996 8.8551977425813693 50.171014934778214 139.43266166001558 24.292119115591049 6.4601430147886267 15.630765840411184 20.393892601132393
leaf_count=37 154 27 23 43 23 40 218 632 107 30 72 91
internal_value=-0.000489438 -0.00113842 -0.00804012 -0.011135 0.0178345 0.00168594 -0.000557263 -0.00169894 -0.00511288 0.0140332 -0.0245801 0.0199549
internal_weight=333.835 326.527 95.0753 85.0728 10.0026 231.452 195.742 189.604 59.0054 35.7092 26.0674 29.2491
internal_count=1497 1460 422 376 46 1038 877 850 261 161 115 131
is_linear=0
shrinkage=0.03


Tree=63
num_leaves=13
num_cat=0
split_feature=38 165 214 217 48 218 19 60 206 111 34 183
split_gain=6.71806 6.58659 9.05569 10.4823 11.5373 9.38601 12.3685 8.28572 7.33804 7.02868 6.27884 4.22081
threshold=3.8100000000000001 1.5464983523356601 0.28451401352201133 0.20764871907455398 322.50000000000006 0.95068475914955797 18.375000000000004 6.1854138267720007 1.2790291049578715 -0.25164999999999993 0.68345000000000011 0.10269063614413106
decision_type=2 2 2 2 2 2 2 2 2 2 2 2
left_child=-1 2 5 8 -5 7 -7 -2 -4 -3 11 -11
right_child=1 9 3 4 -6 6 -8 -9 -10 10 -12 -13
leaf_value=0.03180333577357107 0 0.019992186668606301 0.022087634876922113 0.035323830310651769 -0.015619227938452725 -0.020795699934188391 0.0031599040041032762 0.031697241878969967 -0.014974047792426644 -0.016937160533945825 0.0063481835862032052 -0.049120785247619543
leaf_weight=5.5985608100891104 143.18694370239973 3.9243825227022198 41.634386517107487 4.8209525570273426 20.9551010876894 47.50465951859951 32.368550643324852 7.7267236709594718 5.2642648816108695 8.4112791791558283 4.7851112931966773 7.2799106836318961
leaf_count=26 641 18 196 28 89 210 143 34 22 40 20 30
internal_value=-0.000474065 -0.00104391 0.00015428 0.00939133 -0.00587561 -0.00274428 -0.0110584 0.00164062 0.0178407 -0.0160076 -0.0231165 -0.0322752
internal_weight=333.461 327.862 303.462 72.6747 25.7761 230.787 79.8732 150.914 46.8987 24.4007 20.4763 15.6912
internal_count=1497 1471 1363 335 117 1028 353 675 218 108 90 70
is_linear=0
shrinkage=0.03


Tree=64
num_leaves=16
num_cat=0
split_feature=195 0 218 47 19 214 19 16 49 202 93 103 6 204 134
split_gain=6.63678 7.68301 6.80175 9.33643 8.62679 8.14689 9.58018 5.56266 5.37681 5.59529 5.04651 4.83998 5.91544 4.54519 0.891325
threshold=3.4194185272029096 20240611.500000004 1.1096851561790182 0.23495000000000002 22.125000000000004 0.26226958382158033 17.625000000000004 22.425000000000004 20251067.500000004 1.2213499152083902 2.962198555100001 1.1527500000000002 69.610000000000014 0.99827231356107582 60.635339962500005
decision_type=2 2 2 2 2 2 2 2 2 2 2 2 2 2 2
left_child=1 2 3 13 -5 6 -4 -7 9 10 -3 12 14 -1 -2
right_child=11 8 5 4 -6 7 -8 -9 -10 -11 -12 -13 -14 -15 -16
leaf_value=0.001556773445158916 -0.026168771960179082 0.021299278286692643 -0.016608972335323633 -0.0082377158168011281 0.0096498750617519842 0.030667017728613556 0.019250565826680898 -0.0038512999729330868 -0.023398796962431214 -0.0093542346226327851 -0.0046798252444735121 0.0086241535986571957 0 0.041630213385696405 -0.046999125009053358
leaf_weight=4.9337786883115751 5.0184206068515831 38.962154939770699 16.882219143211845 164.25834988802671 28.237459972500801 16.402723073959354 10.950167417526243 5.4113167822360984 3.8131055533885947 8.4549002349376661 7.8733001053333274 4.9812447726726523 5.6308605521917334 5.5695594698190689 5.5658513605594635
leaf_count=23 21 223 73 704 120 75 49 22 16 39 37 22 26 24 23
internal_value=-0.000459276 0.000638132 -0.00163047 -0.00407497 -0.00559454 0.00829262 -0.00237485 0.0219888 0.0103726 0.0127939 0.0168675 -0.0166677 -0.0246263 0.0232815 -0.0377408
internal_weight=332.945 311.749 252.646 202.999 192.496 49.6464 27.8324 21.814 59.1035 55.2904 46.8355 21.1964 16.2151 10.5033 10.5843
internal_count=1497 1405 1090 871 824 219 122 97 315 299 260 92 70 47 44
is_linear=0
shrinkage=0.03


Tree=65
num_leaves=24
num_cat=0
split_feature=188 48 107 195 181 190 115 25 1 78 183 202 57 185 109 0 199 129 127 138 55 16 72
split_gain=6.44711 7.52596 13.2275 10.5708 6.92183 7.4416 8.79387 7.8183 6.93121 6.81807 7.88904 6.56171 5.89284 6.36127 5.89204 5.70696 5.50347 5.07718 6.32093 4.98354 4.92043 4.88929 4.53814
threshold=-1.3500000000000003 333.50000000000006 -0.096199999999999994 1.2103405499899147 0.069228431144465488 -0.82499999999999918 0.14040000000000002 0.38036378945547761 7.3550000000000013 -5.6326085125999992 0.023927587393545776 1.1312828653176334 1.4709350911500001 -2.605 0.40835000000000005 20240704.500000004 2.2720687819415564 2.1258654545454552 52.418550000000003 5.6943205585498413 3.1750000000000003 20.775000000000002 8.2958732095500007
decision_type=2 2 2 2 2 2 2 2 2 2 2 2 2 2 2 2 2 2 2 2 2 2 2
left_child=4 3 17 9 5 6 7 -1 -6 -2 -11 16 13 -5 -10 -16 -4 -3 -19 -14 -13 -7 -8
right_child=1 2 11 12 8 21 22 -9 14 10 -12 20 19 -15 15 -17 -18 18 -20 -21 -22 -23 -24
leaf_value=0.027078977406872609 -0.014033870862255878 0.0035902967706648234 0.014643738056998654 -0.021761814735693073 0.011434539140736952 -0.038470790256137082 0.0063822289348811623 -0.011373418964321312 0.010462994227944675 -0.016668360567239558 0.020674382479259856 0.0017831230050907533 0.018489412495707135 0.00099838696603119035 -0.024208683505699692 0.012336848496438922 -0.014291486170164708 -0.039425471985108346 -0.001504461371628554 -0.0087873359792273193 -0.034586192792746287 -0.00087587808094069031 0.047015716968536479
leaf_weight=6.4369290992617634 6.6028544679284087 5.0944067239761379 33.339714623987675 18.371349111199379 8.6282061338424665 5.4757325351238233 4.267535522580145 17.351301036775112 5.8955693095922461 5.3951007947325698 60.487813822925091 7.0766836851835233 18.127507328987125 26.910496316850185 42.209858134388924 4.0562726035714141 7.0027878284454337 14.941654346883299 5.605913318693637 8.7636987119913083 5.9994737431406975 7.4444518834352493 6.6172707080841064
leaf_count=30 29 24 145 83 38 24 20 76 27 26 295 30 81 120 179 22 31 64 25 41 26 32 29
internal_value=-0.000446145 0.00245346 -0.00496392 0.00652864 -0.00645577 0.00205718 0.00935277 -0.000773084 -0.0131624 0.0146166 0.0175503 0.00349434 -0.00156179 -0.00819718 -0.0173025 -0.0209202 0.00952397 -0.0226462 -0.0292823 0.0094893 -0.0148117 -0.0172126 0.031561
internal_weight=332.103 223.719 79.0606 144.659 108.383 47.5932 34.673 23.7882 60.7899 72.4858 65.8829 53.4187 72.1731 45.2818 52.1617 46.2661 40.3425 25.642 20.5476 26.8912 13.0762 12.9202 10.8848
internal_count=1497 1020 345 675 477 211 155 106 266 350 321 232 325 203 228 201 176 113 89 122 56 56 49
is_linear=0
shrinkage=0.03


Tree=66
num_leaves=12
num_cat=0
split_feature=38 0 0 194 165 4 201 12 55 101 133
split_gain=6.34285 6.24543 8.99389 6.79435 6.80769 4.84209 4.80182 5.44648 2.79756 4.5565 1.02937
threshold=3.8100000000000001 20240265.000000004 20230527.500000004 7.8471419126203328 1.5464983523356601 -1.1349999999999996 1.4494486759898244 58.945000000000007 3.0150000000000001 32461276.150000002 190.87625778131317
decision_type=2 2 2 2 2 2 2 2 2 2 2
left_child=-1 2 3 4 -2 10 7 -7 9 -4 -3
right_child=1 5 8 -5 -6 6 -8 -9 -10 -11 -12
leaf_value=0.031148681269583239 0.0014621546405983975 0.036601854856142889 0.00098057742247748274 -0.027714507779886852 -0.018203198687558434 0.034093723241765898 -0.024132857648327077 0.0032852531560474034 -0.032471715735087607 -0.026993915272839064 0.012014204533541298
leaf_weight=5.5201524198055258 199.57624672353268 5.283406622707842 10.841536931693559 8.226678714156149 17.106754675507545 5.6852209419012061 4.9044853597879401 52.202043041586876 9.2722876816987974 9.6859696283936483 2.9367593675851822
leaf_count=26 828 35 53 34 70 33 22 265 61 53 17
internal_value=-0.000434347 -0.000988203 -0.00318982 -0.00112009 -8.42336e-05 0.00685988 0.00394794 0.00641633 -0.0186545 -0.0121407 0.0284281
internal_weight=331.242 325.721 254.709 224.91 216.683 71.0119 62.7917 57.8873 29.7998 20.5275 8.22017
internal_count=1497 1471 1099 932 898 372 320 298 167 106 52
is_linear=0
shrinkage=0.03


Tree=67
num_leaves=16
num_cat=0
split_feature=45 188 48 122 195 181 0 1 202 74 82 96 113 70 186
split_gain=6.14092 6.01858 7.29152 13.904 9.54957 6.85696 7.22887 6.85451 6.72977 6.63035 6.60999 6.15007 6.61976 5.83201 5.3021
threshold=0.30000000000000004 -1.3500000000000003 333.50000000000006 -0.096199999999999994 1.2103405499899147 0.069228431144465488 20210805.500000004 30.340000000000003 1.1312828653176334 2.0542233715500005 6.7447199385500012 0.11728319030000006 0.4875000000000001 0.11432160679999995 -4.4399999999999968
decision_type=2 2 2 2 2 2 2 2 2 2 2 2 2 2 2
left_child=-1 5 4 14 9 6 7 -2 -5 -3 -8 12 -7 -6 -4
right_child=1 2 3 8 13 11 10 -9 -10 -11 -12 -13 -14 -15 -16
leaf_value=0.02935667008010396 0.0015177927465850883 0.019771553405444516 0.0018553872565934557 0.0093271165469415458 0.0086322276099031186 0.0036850892436528985 -0.010949211415385069 0.046012705544200526 -0.015621158655406557 -0.00013578734543456835 0.027493516770402553 -0.039009571463434929 -0.018269163824575819 -0.0088231596780995718 -0.03129100021094005
leaf_weight=6.0110682100057593 7.4602895677089673 49.109469562768936 5.3550576567649868 39.513673864305019 28.53644085675478 19.743099264800549 28.976580016314983 5.4471786469221115 12.748837053775786 21.264938376843929 4.5444743633270255 7.4926612675189963 31.969521924853325 42.916867822408676 19.441616572439671
leaf_count=28 30 244 25 173 132 91 134 23 55 98 20 34 135 190 85
internal_value=-0.000421594 -0.000991289 0.00183623 -0.00556755 0.00588115 -0.00687484 0.00169881 0.0207354 0.00316577 0.013722 -0.005582 -0.0136404 -0.00983852 -0.00180772 -0.0240336
internal_weight=330.532 324.521 218.887 77.0592 141.828 105.634 46.4285 12.9075 52.2625 70.3744 33.5211 59.2053 51.7126 71.4533 24.7967
internal_count=1497 1469 1002 338 664 467 207 53 228 342 154 260 226 322 110
is_linear=0
shrinkage=0.03


Tree=68
num_leaves=13
num_cat=0
split_feature=204 99 151 103 56 181 133 121 134 217 215 64
split_gain=6.24928 9.72459 8.75629 7.50396 7.88311 9.34803 7.24427 6.78665 4.53842 4.09228 3.99827 3.53974
threshold=1.1556656002033729 42.135000000000005 0.068105029258492614 -0.44474999999999992 3.8124979484500003 0.79845990296235458 64.229265627215923 3457.9800000000005 38.572974280000004 0.072796954288821783 0.098106663568052796 10.921986212000002
decision_type=2 2 2 2 2 2 2 2 2 2 2 2
left_child=2 11 -1 6 10 -6 8 -8 -4 -3 -5 -2
right_child=1 9 3 4 5 -7 7 -9 -10 -11 -12 -13
leaf_value=0.036074163312525012 -0.011571111841133156 -0.010228127404082795 -0.0040991136545371456 0.041593131286226756 0.0050340548001463863 -0.010564560415246487 -0.023883430861471506 -0.0045574492652768013 0.030325614005946563 0.027732509503129069 0.007985331227736505 -0.043851971435146367
leaf_weight=6.0823031589388838 5.4079650491476086 5.3866685479879362 6.7743205428123456 6.7079563811421377 154.66514551639557 44.363328784704208 24.730188399553299 49.648064747452736 6.6101273894309998 4.5936013162136078 6.5944982916116714 8.331908851861952
leaf_count=32 24 25 30 33 704 200 111 224 29 20 29 36
internal_value=-0.000408739 -0.0152158 0.000733195 0 0.00305503 0.00153851 -0.00736882 -0.0110469 0.0127784 0.00704812 0.0253403 -0.0315385
internal_weight=329.896 23.7201 306.176 300.094 212.331 199.028 87.7627 74.3783 13.3844 9.98027 13.3025 13.7399
internal_count=1497 105 1392 1360 966 904 394 335 59 45 62 60
is_linear=0
shrinkage=0.03


Tree=69
num_leaves=16
num_cat=0
split_feature=195 0 113 188 127 217 215 150 164 2 118 186 86 25 197
split_gain=6.01753 6.5291 6.45441 8.19778 7.17545 6.34814 5.46984 6.79878 6.03693 5.3624 5.29162 4.72454 3.51265 3.41064 1.61767
threshold=3.4194185272029096 20240611.500000004 0.55415000000000014 -2.8500000000000001 13.695850000000002 -0.15673411675777374 0.26379784357524932 0.0073383383680863477 -0.25503567957893414 0.43500000000000005 9681.4950000000008 1.1999999999999995 0.35859452870000008 0.65165000000000017 1.547947872797087
decision_type=2 2 2 2 2 2 2 2 2 2 2 2 2 2 2
left_child=1 2 4 -4 -1 -6 9 -8 -9 13 -5 12 14 -3 -2
right_child=11 6 3 10 5 -7 7 8 -10 -11 -12 -13 -14 -15 -16
leaf_value=0.026500805130348977 -0.017031271732335235 0.029584226455832356 -0.018430539979642509 0.027366358217907887 0.016718713696073223 -0.0055404132357962594 0.037345076369867135 -0.031150988411068486 0.0029302272576952849 -0.013075152541340736 -0.0042579452313588183 0.009480756881781037 -0.00034549465169620222 0.0019018115823778621 -0.041778691769485767
leaf_weight=6.9329756200313559 4.6925603747367912 20.007720761001117 6.4052604585886028 18.344340398907665 12.080413721501825 200.52181153744459 3.7869936823844936 6.0525539219379487 18.983747489750382 3.917321264743804 6.1773914247751227 4.846124291419982 4.4553329795598975 5.3149804249405852 6.9868971481919289
leaf_count=30 20 123 27 79 57 871 24 26 95 19 26 21 21 28 30
internal_value=-0.000396529 0.000653501 -0.00143827 0.0113492 -0.00325771 -0.00425424 0.00971513 0.000325746 -0.00528075 0.0188358 0.0192929 -0.0159094 -0.0237317 0.0239223 -0.0323194
internal_weight=329.506 308.526 250.462 30.927 219.535 212.602 58.0633 28.8233 25.0363 29.24 24.5217 20.9809 16.1348 25.3227 11.6795
internal_count=1497 1405 1090 132 958 928 315 145 121 170 105 92 71 151 50
is_linear=0
shrinkage=0.03


Tree=70
num_leaves=11
num_cat=0
split_feature=204 99 151 165 127 214 12 25 217 64
split_gain=5.8906 9.12068 8.32679 7.09037 7.69811 7.21594 5.78412 4.79325 3.84842 3.4175
threshold=1.1556656002033729 42.135000000000005 0.068105029258492614 1.5464983523356601 100.21232500000001 0.29310713954836615 59.560000000000009 0.46300000000000002 0.072796954288821783 10.921986212000002
decision_type=2 2 2 2 2 2 2 2 2 2
left_child=2 9 -1 4 5 -4 -5 -8 -3 -2
right_child=1 8 3 6 -6 -7 7 -9 -10 -11
leaf_value=0.03547079394954003 -0.011100617904421984 -0.0099603545919604991 -0.0018420460424064451 0.014833053418824047 0.033899615487308229 0.010494213239434192 -0.039992877915250809 -0.0090025853025874243 0.026971176897112484 -0.042902502339122975
leaf_weight=5.9832755103707305 5.4027301073074367 5.3602208942174894 216.95275934785604 4.2863305658102062 6.2925871163606635 52.983063250780106 8.3907739371061343 10.380845993757246 4.5539328902959824 8.2303893789648992
leaf_count=32 24 25 979 21 29 250 36 45 20 36
internal_value=-0.000384522 -0.0148153 0.000723275 6.97271e-06 0.00135328 0.000571198 -0.0159281 -0.0231525 0.006804 -0.0306906
internal_weight=328.817 23.5473 305.27 299.286 276.228 269.936 23.058 18.7716 9.91415 13.6331
internal_count=1497 105 1392 1360 1258 1229 102 81 45 60
is_linear=0
shrinkage=0.03


Tree=71
num_leaves=10
num_cat=0
split_feature=25 175 204 204 100 151 181 51 170
split_gain=5.89381 6.15537 7.70276 6.4055 8.23911 7.55508 6.14344 3.67973 2.89261
threshold=0.20360000000000003 1.3848103524932345 1.0439133933478137 1.1556656002033729 34.645000000000003 0.075615181399996054 0.7422037067040117 45.215050000000005 0.078334920906139097
decision_type=2 2 2 2 2 2 2 2 2
left_child=-1 3 -3 5 7 -2 -7 -5 -6
right_child=1 2 -4 4 8 6 -8 -9 -10
leaf_value=0.03103619557795427 0.031850593268848787 -0.037534422950602206 0.0091753146060900882 -0.010580087302620122 -0.013307759481029047 0.0029523957649205974 -0.0073240726823820858 -0.046716171606869847 0.017272889404040603
leaf_weight=5.1848894357681266 6.9513755515217772 8.6443333402276021 4.7995401695370665 4.4429167062044161 5.0293122157454473 210.91152800619602 69.49364048242569 6.9983229711651802 5.8995188623666763
leaf_count=24 38 38 22 20 23 956 319 30 27
internal_value=-0.000373464 -0.00089612 -0.0206927 -2.07548e-05 -0.0154562 0.00117538 0.00039315 -0.0331568 0.00293498
internal_weight=328.355 323.17 13.4439 309.727 22.3701 287.357 280.405 11.4412 10.9288
internal_count=1497 1473 60 1413 100 1313 1275 50 50
is_linear=0
shrinkage=0.03


Tree=72
num_leaves=22
num_cat=0
split_feature=52 126 128 125 185 18 80 196 188 48 44 188 186 60 29 92 106 217 60 103 3
split_gain=5.90854 8.84336 6.7957 7.80611 8.03268 6.7865 6.37209 9.58233 7.57598 6.82933 9.37963 7.13329 5.83911 7.11183 5.80358 6.31838 6.28435 4.37416 4.35016 3.89386 2.90579
threshold=3.3139500000000006 72.965637142857162 67.413437227419948 4.5000000000000009 -7.0100000000000007 72.52500000000002 13.351724844500001 4.9581365213223707 -4.7999999999999989 332.50000000000006 4.3250000000000011 -3.3749999999999996 -6.5049999999999946 1.4775979762960003 0.57905000000000018 0.31262089498400003 0.33180000000000004 0.20320293870670766 0.70995101609200006 0.21910000000000004 -0.11499999999999998
decision_type=2 2 2 2 2 2 2 2 2 2 2 2 2 2 2 2 2 2 2 2 2
left_child=6 2 3 19 -5 14 7 8 -1 12 -11 -12 13 -8 16 -16 -3 -10 -14 -2 -4
right_child=1 5 20 4 -6 -7 9 -9 17 10 11 -13 18 -15 15 -17 -18 -19 -20 -21 -22
leaf_value=-0.022710658706802743 -0.0073282048476775606 -0.0019105536582178168 -0.040010661746354245 -0.020505973932619381 0.0011683269695789856 0.02989581836742659 0.015753631937238007 -0.030167211951211415 0.021042096041108311 0.031010525931010335 0.019523648628746809 -0.018970637252551409 -0.0025175852223325956 -0.034041041787484468 -0.0026263398453027255 -0.040449175457415235 0.022764083746310539 -0.0048693995811318648 0.027778460963442424 -0.044559715786129606 -0.010204897136556763
leaf_weight=4.3369382768869391 4.4793736860156042 20.622793696820736 8.2986463084816915 19.333168715238571 72.920014403760433 8.1583362743258458 5.0121495425701159 4.479971505701541 47.275809250771999 4.5237032026052466 4.8087533861398688 33.862096101045609 5.8264071047306087 5.0388171970844269 25.649035736918453 4.6583958715200415 16.491047576069832 6.4458947032690039 14.097410246729849 6.6015663370490074 5.1514588743448249
leaf_count=18 19 97 39 86 325 37 24 21 225 20 22 145 27 22 124 20 77 31 67 28 23
internal_value=-0.000362693 -0.00375193 -0.00893182 -0.00626837 -0.00335868 0.00421354 0.00441863 0.0114479 0.014757 -0.00155585 -0.00921738 -0.0140685 0.00937883 -0.00900365 0.00102174 -0.00865245 0.00900439 0.017874 0.0188007 -0.0299777 -0.0289759
internal_weight=328.072 192.364 116.784 103.334 92.2532 75.5796 135.708 62.5386 58.0586 73.1693 43.1946 38.6708 29.9748 10.051 67.4213 30.3074 37.1138 53.7217 19.9238 11.0809 13.4501
internal_count=1497 875 520 458 411 355 622 295 274 327 187 167 140 46 318 144 174 256 94 47 62
is_linear=0
shrinkage=0.03


Tree=73
num_leaves=17
num_cat=0
split_feature=52 127 70 179 187 129 102 61 9 188 80 48 201 36 33 181
split_gain=5.57662 6.6291 7.00274 6.94875 6.65238 7.57151 6.32606 6.67964 6.06474 7.36906 9.29002 8.59164 6.14175 5.79238 5.57061 5.31913
threshold=3.3139500000000006 49.207925000000003 0.11432160679999995 -1.719241308806877 -4.724999999999997 4.1726541666666677 0.56370000000000009 1.4673017005000002 79.735000000000014 -4.7999999999999989 13.351724844500001 332.50000000000006 1.2856675663257273 0.47093975903614466 0.39495000000000008 0.79845990296235458
decision_type=2 2 2 2 2 2 2 2 2 2 2 2 2 2 2 2
left_child=8 2 4 -3 5 -2 7 -5 9 -1 12 -12 -11 -6 -4 -16
right_child=1 3 14 6 13 -7 -8 -9 -10 10 11 -13 -14 -15 15 -17
leaf_value=-0.024182667476176676 0 -0.031960414272531691 0.013100498794167905 -0.0024448890540107676 -0.015285597849661612 -0.038347006551157733 -0.023189118687834933 0.015963221698552115 0.037517370122528378 0.017671423578027919 0.010148176915677905 -0.011650875173885434 -0.012606060468350062 0.022721185424328421 -0.012184242503040559 -0.033257584377733074
leaf_weight=8.236378997564314 18.09528756141663 4.7576120346784583 5.7505235970020285 32.083049528300762 4.5554507449269321 6.0857816413044921 6.4242936894297591 38.854149557650089 4.687719613313674 49.026628725230694 27.61790668964386 39.121543139219284 6.682245545089244 15.117052584886549 45.757786713540554 14.512454949319361
leaf_count=36 86 19 26 153 22 26 31 181 24 233 130 168 31 66 200 65
internal_value=-0.000355066 -0.00365062 -0.00847348 0.00276828 0.000755502 -0.00969402 0.00498128 0.00760376 0.00429599 0.00305361 0.00492835 -0.00258349 0.0139698 0.0137356 -0.014641 -0.0173549
internal_weight=327.366 191.993 109.874 82.1191 43.8536 24.1811 77.3615 70.9372 135.372 130.685 122.448 66.7394 55.7089 19.6725 66.0208 60.2702
internal_count=1497 875 491 384 200 112 365 334 622 598 562 298 264 88 291 265
is_linear=0
shrinkage=0.03


Tree=74
num_leaves=13
num_cat=0
split_feature=38 165 214 217 37 218 19 60 112 206 34 183
split_gain=5.58853 5.42007 7.64066 9.52192 10.4179 8.50428 11.2458 7.66146 7.03067 6.25417 5.89358 4.21759
threshold=3.8100000000000001 1.5464983523356601 0.28451401352201133 0.20764871907455398 35.775000000000013 0.95068475914955797 18.375000000000004 6.1854138267720007 -0.11844999999999999 1.2790291049578715 0.68345000000000011 0.10269063614413106
decision_type=2 2 2 2 2 2 2 2 2 2 2 2
left_child=-1 2 5 9 -5 7 -7 -2 -3 -4 11 -10
right_child=1 8 3 4 -6 6 -8 -9 10 -11 -12 -13
leaf_value=0.029647816375172789 0.00012960947508145414 0.020799845525850572 0.020998849058574961 -0.025789096641981802 0.012546963426801748 -0.019826188792762451 0.0032322763230136428 0.030771384317109032 -0.015790628833984629 -0.013578658655517625 0.0066467692835918898 -0.048645930074074965
leaf_weight=5.3910803645849219 140.76104409992695 4.0136132389307049 40.469069965183735 12.182385943830015 13.08172247558832 46.589167468249798 31.762942835688591 7.6605638414621344 8.1560753211379069 5.1477439999580374 4.6928172558546057 6.8653951659798613
leaf_count=26 641 19 196 54 63 210 143 34 40 22 20 29
internal_value=-0.000346684 -0.000868228 0.0002239 0.00882329 -0.00584925 -0.00245343 -0.0104481 0.00175099 -0.0146378 0.0170101 -0.0220725 -0.0312276
internal_weight=326.774 321.383 297.655 70.8809 25.2641 226.774 78.3521 148.422 23.7279 45.6168 19.7143 15.0215
internal_count=1497 1471 1363 335 117 1028 353 675 108 218 89 69
is_linear=0
shrinkage=0.03


Tree=75
num_leaves=12
num_cat=0
split_feature=195 195 12 7 21 81 53 73 188 44 104
split_gain=5.54487 6.1967 5.85525 9.95768 7.78024 6.92623 6.96239 5.58537 4.61641 3.94973 0.45259
threshold=3.4194185272029096 3.2088713622895475 58.090000000000011 16.275000000000002 0.21320000000000003 2.1902969316000003 5.6893000000000002 0.73852704160000016 0.22499999999999967 40.965000000000011 0.022300000000000004
decision_type=2 2 2 2 2 2 2 2 2 2 2
left_child=1 2 5 7 -5 6 -1 -4 9 10 -2
right_child=8 -3 3 4 -6 -7 -8 -9 -10 -11 -12
leaf_value=0.03396868710380755 -0.044687303479314308 0.035404662265413861 -0.001217449651076492 0.02366893457139032 -9.4662053422869843e-05 -0.016452817303706929 -0.00016576463778447692 -0.023728891108102845 0.0086755393601709255 -0.0048471180056216933 -0.026735397440633104
leaf_weight=13.667641483247285 4.4170456379652041 4.4558951258659354 17.015491418540478 13.030440405011175 218.5980958417058 5.4665946513414374 8.5384276509284955 24.746315404772758 5.1797644942998877 6.443148396909236 4.7026949599385262
leaf_count=65 20 21 80 62 1002 26 39 110 23 28 21
internal_value=-0.000335665 0.000676067 0.000140518 -0.00118224 0.00123887 0.0132739 0.0207673 -0.0146533 -0.0153132 -0.0234932 -0.036146
internal_weight=326.262 305.519 301.063 273.39 231.629 27.6727 22.2061 41.7618 20.7427 15.5629 9.11974
internal_count=1497 1405 1384 1254 1064 130 104 190 92 69 41
is_linear=0
shrinkage=0.03


Tree=76
num_leaves=12
num_cat=0
split_feature=45 0 0 194 11 18 4 213 55 101 45
split_gain=5.31434 5.31845 9.04303 6.99426 6.65875 4.84076 4.58462 5.0351 2.7291 3.85861 1.01328
threshold=0.30000000000000004 20240265.000000004 20230527.500000004 7.8471419126203328 21.185000000000006 55.975000000000009 -1.1349999999999996 0.87574621987886192 3.0150000000000001 32461276.150000002 5.1950000000000012
decision_type=2 2 2 2 2 2 2 2 2 2 2
left_child=-1 2 3 4 -2 -3 10 -8 9 -4 -7
right_child=1 5 8 -5 -6 6 7 -9 -10 -11 -12
leaf_value=0.027816790392533104 0.0012332548998662126 0.030816894355304617 0.00025641440927879911 -0.028468228279189031 -0.026751105042604292 0.036202386495434537 0.0037862481985907448 -0.027453261355808098 -0.032347421873885299 -0.026052163239374104 0.010523128079521125
leaf_weight=5.8225220441818228 206.15075434744358 6.581038534641265 10.387366741895681 7.8476663976907721 7.8458430320024481 4.1696458458900443 50.913343973457813 5.0017180144786826 9.1705937385559064 9.2169576585292798 2.7963939383625984
leaf_count=28 866 39 52 33 32 29 267 21 62 52 16
internal_value=-0.000326986 -0.00085684 -0.00290115 -0.000831093 0.000181225 0.00646946 0.00382878 0.000894231 -0.0186985 -0.0120297 0.0266133
internal_weight=325.904 320.081 250.619 221.844 213.997 69.4621 62.8811 55.9151 28.7749 19.6043 6.96604
internal_count=1497 1469 1097 931 898 372 333 288 166 104 45
is_linear=0
shrinkage=0.03


Tree=77
num_leaves=9
num_cat=0
split_feature=47 188 181 0 21 187 51 110
split_gain=5.20747 5.66197 6.58451 5.57914 6.86205 6.14604 4.91957 3.33409
threshold=0.20360000000000003 3.0749999999999997 7.8108162379803581 20240621.500000004 0.87675000000000014 0.61000000000000665 71.113250000000008 0.32125000000000009
decision_type=2 2 2 2 2 2 2 2
left_child=-1 2 3 4 -2 -5 7 -3
right_child=1 6 -4 5 -6 -7 -8 -9
leaf_value=0.029621491885698934 -0.002111451747932687 0.012686426619132274 -0.032942257119066426 0.010645812272834202 -0.027730604064875077 -0.022736126064046829 -0.0044735302638490466 0.045794543106379787
leaf_weight=5.0408551245927802 229.69059810787439 7.1291088163852709 5.9044616967439643 50.373655594885349 9.7444464266300184 5.3624538779258719 7.0733595043420783 4.8713373318314552
leaf_count=24 1011 31 25 280 45 26 31 24
internal_value=-0.000317518 -0.000807387 -0.00182235 -0.00117873 -0.00317776 0.00734539 0.014983 0.0266413
internal_weight=325.19 320.149 301.076 295.171 239.435 55.7361 19.0738 12.0004
internal_count=1497 1473 1387 1362 1056 306 86 55
is_linear=0
shrinkage=0.03


Tree=78
num_leaves=20
num_cat=0
split_feature=188 33 127 48 107 46 19 199 181 199 3 163 164 203 201 204 188 121 33
split_gain=5.12878 7.4998 6.6964 6.64074 11.2212 7.70239 7.18899 6.87985 6.38511 6.20335 5.56842 5.56369 5.26053 7.64756 5.78425 4.12033 3.85937 3.68154 2.99686
threshold=-1.3500000000000003 0.37435000000000007 14.311800000000002 333.50000000000006 -0.096199999999999994 1.1303000000000003 22.725000000000005 1.8740634901288999 0.19006722137455925 2.2720687819415564 -0.20499999999999999 0.017798242504726173 0.20046618753048634 0.50880000000000003 1.2207870996940726 0.98099433819428417 -3.3749999999999996 2008.5500000000004 0.32565000000000005
decision_type=2 2 2 2 2 2 2 2 2 2 2 2 2 2 2 2 2 2 2
left_child=1 10 -2 5 11 7 -7 -4 12 -6 18 -5 14 -14 -3 16 -10 -17 -1
right_child=2 8 3 4 9 6 -8 -9 15 -11 -12 -13 13 -15 -16 17 -18 -19 -20
leaf_value=0.0090820800915788393 0.038539939573168647 0.0071554450058119307 0.01291511403811459 0.00051502237724199965 0.0074404049077371835 -0.018857862724700695 0.022311998288840385 -0.0036135359111183468 0.013421869209843812 -0.019485403822814943 -0.0092521101118549862 -0.031051593911918075 -0.033447020078087149 0.013107155266897349 -0.022815816449166706 0 -0.023235499487196436 -0.031900687027940536 0.043426127889488304
leaf_weight=4.7614732533693296 4.4030785262584677 36.032910697162151 85.879120290279388 6.7324644476175335 41.245717816054821 18.382794633507732 4.6626739948987952 30.3806406930089 5.4818173348903656 9.3343621194362623 5.8841916099190703 17.745383761823177 9.8104104772210103 4.4966540336608878 6.7812347561120978 3.912664100527766 4.665758013725279 19.177945502102375 4.9839458987116814
leaf_count=22 20 166 421 30 181 83 21 141 24 42 26 81 41 20 29 18 21 87 23
internal_value=-0.000308155 -0.0057296 0.00230617 0.0015303 -0.00563896 0.00541591 -0.0103381 0.00857072 -0.00906937 0.00238351 0.0133228 -0.0222806 -0.00291288 -0.0186176 0.00229635 -0.0195191 -0.00320235 -0.0265157 0.0272135
internal_weight=324.755 105.989 218.766 214.363 75.0579 139.305 23.0455 116.26 90.3594 50.5801 15.6296 24.4778 57.1212 14.3071 42.8141 33.2382 10.1476 23.0906 9.74542
internal_count=1497 477 1020 1000 334 666 104 562 406 223 71 111 256 61 195 150 45 105 45
is_linear=0
shrinkage=0.03


Tree=79
num_leaves=12
num_cat=0
split_feature=195 195 12 7 21 81 53 129 186 86 196
split_gain=5.04532 5.94126 5.4186 9.12494 7.16384 6.55852 6.59699 5.39567 4.37944 3.33143 1.64504
threshold=3.4194185272029096 3.2088713622895475 58.090000000000011 16.275000000000002 0.21320000000000003 2.1902969316000003 5.6893000000000002 5.4807954545454551 1.1999999999999995 0.35859452870000008 0.99970845372643213
decision_type=2 2 2 2 2 2 2 2 2 2 2
left_child=1 2 5 7 -5 6 -1 -4 9 10 -2
right_child=8 -3 3 4 -6 -7 -8 -9 -10 -11 -12
leaf_value=0.033117816480240488 -0.015781691764212232 0.034833223691746587 -0.0090024797177461948 0.022866619991182596 -8.9713390313308895e-05 -0.016190216069724643 -0.0002457366545713924 -0.037925282214769228 0.0098771789332820822 0 -0.040741073302431617
leaf_weight=13.508461900055414 4.7557544112205523 4.4132215082645407 34.317096762359142 12.848423011600969 217.47027019411325 5.422649234533309 8.4785351902246457 7.0634193271398535 4.7893456667661658 4.3638401031494132 6.6288993805646896
leaf_count=65 21 21 160 62 1002 26 39 30 21 21 29
internal_value=-0.000299572 0.000666702 0.00014109 -0.00113299 0.00118726 0.0128377 0.0201736 -0.0140913 -0.0146592 -0.0223256 -0.0308041
internal_weight=324.06 303.522 299.109 271.699 230.319 27.4096 21.987 41.3805 20.5378 15.7485 11.3847
internal_count=1497 1405 1384 1254 1064 130 104 190 92 71 50
is_linear=0
shrinkage=0.03


Tree=80
num_leaves=13
num_cat=0
split_feature=204 99 151 104 56 200 133 121 128 215 217 217
split_gain=4.99026 8.2178 7.2323 6.15025 7.45827 7.155 6.24603 6.27946 6.15236 3.68035 3.4961 3.24847
threshold=1.1556656002033729 42.135000000000005 0.068105029258492614 -0.034949999999999988 3.8124979484500003 2.8799313577481267 64.229265627215923 3457.9800000000005 43.904244669821104 0.098106663568052796 0.072796954288821783 0.047045786719464931
decision_type=2 2 2 2 2 2 2 2 2 2 2 2
left_child=2 11 -1 6 9 -6 8 -8 -4 -5 -3 -2
right_child=1 10 3 4 5 -7 7 -9 -10 -11 -12 -13
leaf_value=0.033661867224841484 -0.042510507143389768 -0.0092348746313106189 0.031754895739449576 0.040797142222633496 0.0029142956758875377 -0.020509095371610195 -0.022471846964830764 -0.0038060210259740004 -0.0084848051579569182 0.0081373932395552486 0.02623393208365938 -0.011628803279619501
leaf_weight=5.7852237075567237 7.308117128908636 5.2522535324096662 6.8837929368019086 6.4709141328930837 182.0715601220727 12.428049892187117 24.422124989330769 49.612127237021923 6.4636138379573822 6.531059592962265 4.4919519424438477 5.9628867655992508
leaf_count=32 34 25 31 33 844 55 112 227 29 29 20 26
internal_value=-0.000291766 -0.0137308 0.000731195 6.37754e-05 0.00288532 0.00139241 -0.00659777 -0.0100259 0.0121271 0.024808 0.00691143 -0.0290499
internal_weight=323.684 23.0152 300.668 294.883 207.502 194.5 87.3817 74.0343 13.3474 13.002 9.74421 13.271
internal_count=1497 105 1392 1360 961 899 399 339 60 62 45 60
is_linear=0
shrinkage=0.03


Tree=81
num_leaves=14
num_cat=0
split_feature=38 165 214 217 48 218 19 127 206 88 12 34 30
split_gain=4.97848 5.50257 7.21626 8.1852 9.70105 7.3897 9.75894 7.22182 5.64183 5.50394 4.79093 4.41495 3.13914
threshold=4.8600000000000003 1.5464983523356601 0.28451401352201133 0.20764871907455398 322.50000000000006 0.95068475914955797 18.375000000000004 32.259350000000005 1.2790291049578715 4.8641192383500007 61.400000000000013 -0.11174999999999997 0.55845000000000011
decision_type=2 2 2 2 2 2 2 2 2 2 2 2 2
left_child=10 2 5 8 -5 7 -7 -2 -4 -3 -1 -11 -13
right_child=1 9 3 4 -6 6 -8 -9 -10 11 -12 12 -14
leaf_value=-0.0036512856848634925 -0.0080752008164979606 0.008209209600100905 0.020123896088749146 0.033926613534290752 -0.014174364580779739 -0.019111253654555987 0.0026852421320624127 0.0062150765053038005 -0.01282709219192834 0 0.033128074259784202 -0.046612516769953101 -0.013828198860269134
leaf_weight=5.1975363194942457 47.67430280148983 6.3297175318002727 39.263248614966869 4.5132668763399151 20.263192899525166 44.786577709019184 31.026452101767063 94.888813965022564 5.1228961646556845 4.6985249444842401 7.5591630861163139 7.113581687211985 4.8091528713703156
leaf_count=24 217 30 192 28 88 203 141 438 22 21 39 31 23
internal_value=-0.00028317 -0.00104946 7.07259e-05 0.00851866 -0.00519056 -0.00259379 -0.0101597 0.00141295 0.0162331 -0.0151532 0.0179977 -0.0242254 -0.0338632
internal_weight=323.246 310.49 287.539 69.1626 24.7765 218.376 75.813 142.563 44.3861 22.951 12.7567 16.6213 11.9227
internal_count=1497 1434 1329 330 116 999 344 655 214 105 63 75 54
is_linear=0
shrinkage=0.03


Tree=82
num_leaves=15
num_cat=0
split_feature=210 24 110 1 196 113 14 10 185 206 205 196 130 20
split_gain=4.81925 5.14117 7.89235 7.82608 7.02007 7.84664 7.24938 7.10293 7.01346 6.12012 5.2968 8.63596 4.78591 3.36581
threshold=-0.45982673889132575 0.43552631578947371 0.26485000000000009 26.120000000000005 2.5376880923223659 0.54585000000000006 13.685 22.875000000000004 -2.3049999999999993 0.94275870306604947 0.98561696085830486 0.66457461731472012 2.5143250000000004 14.56
decision_type=2 2 2 2 2 2 2 2 2 2 2 2 2 2
left_child=-1 2 3 12 5 7 -6 -3 -7 -8 11 -4 -2 -12
right_child=1 4 10 -5 6 8 9 -9 -10 -11 13 -13 -14 -15
leaf_value=-0.030980075056115202 0.013722487758098385 -0.0058469425229620339 -0.0094022986474516755 -0.033432937555368275 0.013469593882778384 0.0020758357733650359 0.0087363488387873466 0.0088304359160751855 0.027967813853496115 -0.029616924442909351 0.044428595607800173 0.02182226088470611 -0.020058104080616503 0.013631943542471841
leaf_weight=4.4367843419313422 13.102762550115591 138.93863474577665 14.204578548669817 6.7910722419619551 6.1139187514781979 25.246793195605278 4.4085446298122433 37.509652480483055 15.205046147108076 20.135626070201397 7.2567123845219594 17.693870216608047 5.1469946056604376 6.5024263560771942
leaf_count=19 63 639 66 33 30 114 21 174 72 92 34 87 24 29
internal_value=-0.000274964 0.000153267 0.00729112 -0.00614374 -0.00187519 1.301e-05 -0.015288 -0.00270658 0.0119271 -0.0225988 0.0147223 0.00783808 0.00397444 0.0302943
internal_weight=322.693 318.257 70.6984 25.0408 247.558 216.9 30.6581 176.448 40.4518 24.5442 45.6576 31.8984 18.2498 13.7591
internal_count=1497 1478 336 120 1142 999 143 813 186 113 216 153 87 63
is_linear=0
shrinkage=0.03


Tree=83
num_leaves=20
num_cat=0
split_feature=52 126 128 185 206 66 29 19 106 163 106 189 196 216 34 16 46 4 203
split_gain=4.83175 7.75396 6.22694 6.10098 8.01577 5.78105 5.18387 6.43742 6.21056 6.92748 5.56897 5.34466 4.94244 6.18489 8.55076 5.34231 3.52854 3.04016 0.756053
threshold=3.3139500000000006 72.965637142857162 67.413437227419948 -7.0100000000000007 0.9528931509060613 16.678143036600002 0.57905000000000018 23.325000000000003 0.33180000000000004 0.017798242504726173 0.42025000000000007 -1.0000000180025095e-35 -0.75665756973125065 0.57916666666666672 0.15340000000000001 24.675000000000004 0.76485000000000014 -0.40499999999999997 0.052400000000000002
decision_type=2 2 2 2 2 2 2 2 2 2 2 2 2 2 2 2 2 2 2
left_child=5 2 3 16 -5 12 8 11 9 -3 -10 -8 -1 15 -15 -14 -2 -4 -19
right_child=1 6 17 4 -6 -7 7 -9 10 -11 -12 -13 13 14 -16 -17 -18 18 -20
leaf_value=0.042341386312654668 -0.026903847192630004 0.037907028857020492 -0.0060138026836427886 0.013554521682262904 -0.0076785900043926337 -0.02137530736892063 -0.00056744563979774492 0.027230622293224451 0.036268223455702089 -0.0064247141190820938 0.00026457818551834956 -0.028001913583524902 0.0082904870563091943 -0.043376294141529749 0.0096918359450128451 -0.021063442599569351 0.00071501657500826828 -0.047155111708105255 -0.025565776103756082
leaf_weight=3.1393126547336569 16.041060522198681 3.7011577785015133 4.3102851510047904 21.875050365924835 58.440782278776169 7.4209908396005622 19.242126144468784 4.7902948707342139 11.964058816432955 18.98297518491745 5.9412997364997855 9.6496670171618479 106.27763908356428 5.380109027028082 5.247776597738266 5.7425116747617713 5.3216951191425315 4.6796606034040433 4.1212929487228394
leaf_count=16 74 17 21 99 262 32 94 22 56 91 29 46 505 21 22 26 23 21 20
internal_value=-0.000265761 -0.00335718 -0.00825015 -0.00568911 -0.00184851 0.00409858 0.00416569 -0.00446447 0.0113943 0.000811439 0.024556 -0.00989883 0.00564107 0.00464351 -0.0170469 0.00674151 -0.0199126 -0.0276907 -0.0377831
internal_weight=322.27 189.061 114.79 101.679 80.3158 133.208 74.2716 33.6821 40.5895 22.6841 17.9054 28.8918 125.787 122.648 10.6279 112.02 21.3628 13.1112 8.80095
internal_count=1497 875 520 458 361 622 355 162 193 108 85 140 590 574 43 531 97 62 41
is_linear=0
shrinkage=0.03


Tree=84
num_leaves=11
num_cat=0
split_feature=38 175 204 48 108 204 45 192 34 78
split_gain=4.71493 4.74959 6.45224 5.61578 10.3892 7.46058 7.53681 6.08796 5.20698 4.83389
threshold=3.8100000000000001 1.3848103524932345 1.0439133933478137 332.50000000000006 -0.030849999999999995 1.1556656002033729 8.4800000000000022 0.12500000000000003 -0.30324999999999996 0.033828242500000043
decision_type=2 2 2 2 2 2 2 2 2 2
left_child=-1 3 -3 5 8 6 -2 -6 -5 -7
right_child=1 2 -4 4 7 9 -8 -9 -10 -11
leaf_value=0.02789973957253469 0.0096492248442266258 -0.033761886717543703 0.0094091277776700115 0.011000862615671462 -0.0028795730082247259 -0.031425380118385179 -0.0092632871922565616 0.013306961188005399 -0.018305159036976559 0.0057284627306478427
leaf_weight=5.158751815557479 110.44689802825451 8.5239269733428937 4.6786026433110228 5.9882056936621657 76.620644010603428 8.1028612405061704 22.651153512299061 28.585168063640594 46.028554685413837 4.8781118541955939
leaf_count=26 535 39 22 30 346 38 102 130 207 22
internal_value=-0.000259274 -0.000736385 -0.0182821 2.3253e-05 -0.00390043 0.00426655 0.00640356 0.0014984 -0.0148592 -0.017297
internal_weight=321.663 316.504 13.2025 303.302 157.223 146.079 133.098 105.206 52.0168 12.981
internal_count=1497 1471 61 1410 713 697 637 476 237 60
is_linear=0
shrinkage=0.03


Tree=85
num_leaves=13
num_cat=0
split_feature=193 188 82 48 25 10 108 175 207 6 156 34
split_gain=4.63152 5.67844 5.9402 5.92725 8.82878 7.81172 7.97137 6.75221 5.27999 4.93042 5.26244 4.14324
threshold=-7.6899999999999986 -1.3500000000000003 0.16547454705000003 331.50000000000006 0.49746088228508484 24.525000000000002 -0.030849999999999995 -0.010763569749775102 0.76939446486920227 58.70000000000001 73.148149975329389 0.13800000000000004
decision_type=2 2 2 2 2 2 2 2 2 2 2 2
left_child=-1 2 -2 4 7 6 -5 -3 -6 -4 -11 -7
right_child=1 3 9 5 8 11 -8 -9 -10 10 -12 -13
leaf_value=0.033325393862968233 -0.033851606181106358 -0.00063623294312087125 0.02317116057821517 -0.013998646087348427 0.041887452357984273 0.043004470654138351 0.0017600080764066136 0.028860363290044946 -0.0024768026425900946 -0.0036372040128432445 -0.02703650574485144 0.0059352439893510158
leaf_weight=3.5518794953823081 6.6017822399735442 9.5787439569830877 5.3188394829630843 44.705516293644905 2.4584753140807143 4.7865200862288457 80.538411684334278 23.835707202553749 42.770726338028908 80.615485675632954 9.6823644340038282 6.6948474794626236
leaf_count=18 30 46 23 206 13 23 364 122 210 364 48 30
internal_value=-0.000251727 -0.000647067 -0.00647356 0.0021061 0.0086689 -0.00165043 -0.00384775 0.0203385 0 -0.00451853 -0.00620656 0.0218861
internal_weight=321.139 317.587 102.218 215.369 78.6437 136.725 125.244 33.4145 45.2292 95.6167 90.2979 11.4814
internal_count=1497 1479 465 1014 391 623 570 168 223 435 412 53
is_linear=0
shrinkage=0.03


Tree=86
num_leaves=6
num_cat=0
split_feature=127 16 3 151 21
split_gain=4.56758 6.33459 5.66406 5.62055 5.36161
threshold=13.695850000000002 26.250000000000004 1.6900000000000002 0.068105029258492614 0.87675000000000014
decision_type=2 2 2 2 2
left_child=-1 2 3 -2 -5
right_child=1 -3 -4 4 -6
leaf_value=0.022052259173798092 0.027020078456114652 -0.029309156002829042 0.031172328025886011 -0.00037930605594416281 -0.018729139654256259
leaf_weight=7.9528591558337203 6.3247416615486136 6.7743236348032942 4.9965226650238028 279.56052949279547 15.031769096851347
leaf_count=36 35 29 23 1302 72
internal_value=-0.000242911 -0.000826423 -0.00017651 -0.000717185 -0.00133184
internal_weight=320.641 312.688 305.914 300.917 294.592
internal_count=1497 1461 1432 1409 1374
is_linear=0
shrinkage=0.03


Tree=87
num_leaves=10
num_cat=0
split_feature=195 195 6 0 11 152 186 20 48
split_gain=4.49807 5.54208 5.02563 5.56926 6.71976 5.68787 4.20131 3.20778 0.793005
threshold=3.4194185272029096 3.2088713622895475 80.265000000000015 20240621.500000004 21.315000000000001 -2.1594347172760275 1.1999999999999995 14.06 331.50000000000006
decision_type=2 2 2 2 2 2 2 2 2
left_child=1 2 3 4 -1 -5 7 -2 -9
right_child=6 -3 -4 5 -6 -7 -8 8 -10
leaf_value=-0.0016753092193937905 -0.0019294224773264434 0.033959486054300311 0.02363736544392752 0.019100107234348487 -0.035410547782085765 -0.00046316196428597439 0.010236852577985655 -0.019622728686144217 -0.039390847305699361
leaf_weight=229.22114945203066 5.3071003630757358 4.3377738222479811 7.8961587250232688 23.895595364272594 5.3543385192751876 29.556707859039307 4.7327405661344519 4.4337806999683362 5.7241973131895065
leaf_count=1024 25 21 36 141 24 159 21 20 26
internal_value=-0.000235137 0.000679082 0.000169803 -0.000471119 -0.00247288 0.00824582 -0.0139102 -0.0215108 -0.0313303
internal_weight=320.46 300.262 295.924 288.028 234.575 53.4523 20.1978 15.4651 10.158
internal_count=1497 1405 1384 1348 1048 300 92 71 46
is_linear=0
shrinkage=0.03


Tree=88
num_leaves=9
num_cat=0
split_feature=25 188 181 164 200 178 14 106
split_gain=4.48304 4.96782 5.86105 5.18751 5.85347 4.52562 4.91194 3.26915
threshold=0.20360000000000003 3.0749999999999997 7.8108162379803581 -0.73867266880654647 4.0781627880445974 -0.203774109789047 14.440000000000003 0.30675000000000002
decision_type=2 2 2 2 2 2 2 2
left_child=-1 2 3 -2 -5 -3 -7 -8
right_child=1 5 -4 4 -6 6 7 -9
leaf_value=0.027958760969510801 -0.024713009989085495 0.03955645085544434 -0.031272358942981769 0.000599216746766717 -0.019926859015796047 0.029647682556414975 -0.024018032131965211 0.011186286597767253
leaf_weight=4.8938965797424308 7.9961098954081526 4.6832897961139706 5.7959066480398169 269.63631509244442 13.006262816488741 4.8370475918054572 4.8897439092397672 4.3161618039011955
leaf_count=24 37 23 25 1262 63 23 20 20
internal_value=-0.000228741 -0.000684689 -0.00164228 -0.00103053 -0.000341428 0.0142428 0.00536866 -0.00724737
internal_weight=320.055 315.161 296.435 290.639 282.643 18.7262 14.043 9.20591
internal_count=1497 1473 1387 1362 1325 86 63 40
is_linear=0
shrinkage=0.03


Tree=89
num_leaves=10
num_cat=0
split_feature=210 25 93 76 46 214 201 78 214
split_gain=4.43852 4.86941 5.06575 6.48367 6.05181 7.47026 7.24663 4.67681 3.71875
threshold=-0.45982673889132575 0.20360000000000003 2.962198555100001 9.2176743004320016 0.60368685240827547 0.29940106989349552 0.95109066003053322 6.1560332365000008 0.17785841135917627
decision_type=2 2 2 2 2 2 2 2 2
left_child=-1 -2 4 7 5 -3 -6 -4 -5
right_child=1 2 3 8 6 -7 -8 -9 -10
leaf_value=-0.029871149948304448 0.030341881080232853 0.0021450478802037751 -0.0089266884749884777 -0.005370816368452192 -0.016059627981185882 0.020031617996014769 0.0013197280853113958 -0.034263241471014665 0.031517702817487767
leaf_weight=4.3816457688808432 4.6497565358877173 143.11285790801048 30.160952046513557 4.7557960301637632 32.787220895290375 24.6621248498559 62.053696975111961 8.5494910702109319 4.7042568773031235
leaf_count=19 23 674 137 20 152 129 285 37 21
internal_value=-0.000221345 0.000190342 -0.000260728 -0.00920128 0.00137066 0.00480253 -0.00466743 -0.0146736 0.012797
internal_weight=319.818 315.436 310.786 48.1705 262.616 167.775 94.8409 38.7104 9.46005
internal_count=1497 1478 1455 215 1240 803 437 174 41
is_linear=0
shrinkage=0.03


Tree=90
num_leaves=10
num_cat=0
split_feature=193 188 151 52 52 182 82 2 209
split_gain=4.35574 5.31859 5.60467 5.76688 7.39338 7.20607 5.51314 4.70632 5.10891
threshold=-7.6899999999999986 -1.3500000000000003 3.5321082600003399 2.2306000000000004 2.3946000000000005 5.8075033509811247 0.16547454705000003 -4.3549999999999995 0.10234588106928523
decision_type=2 2 2 2 2 2 2 2 2
left_child=-1 6 3 5 -5 -3 -2 -8 -9
right_child=1 2 -4 4 -6 -7 7 8 -10
leaf_value=0.032487344447915747 -0.03289957586696917 0.01744013685645843 -0.030492029714989585 -0.027318620005792205 0.0016831412652987712 -0.016276321039945682 0.034404434928910654 -0.0086186953945812834 0.010551029477523722
leaf_weight=3.5208948552608481 6.4732791855931273 37.912265375256538 4.5387931317090979 8.2289026081562024 157.00463066250086 6.5406600534915915 2.6167461127042762 77.955759577453136 14.684440813958643
leaf_count=18 30 184 21 36 741 32 12 355 68
internal_value=-0.000214665 -0.00059874 0.00207303 0.00280642 0.000205011 0.0123865 -0.00625097 -0.00437598 -0.00553964
internal_weight=319.476 315.955 214.225 209.686 165.234 44.4529 101.73 95.2569 92.6402
internal_count=1497 1479 1014 993 777 216 465 435 423
is_linear=0
shrinkage=0.03


Tree=91
num_leaves=20
num_cat=0
split_feature=30 153 159 19 132 218 127 110 114 2 193 134 92 200 197 36 33 88 203
split_gain=4.26446 6.60429 6.62491 6.98496 7.30362 6.84639 6.49481 6.4184 5.96672 5.95847 5.36901 5.29664 4.91584 4.55536 4.22317 3.24513 2.42351 2.08073 0.910512
threshold=0.32690213920426808 0.098457829524140658 56.851962361498302 18.525000000000002 3.2751750000000004 0.89538522335930237 72.46272500000002 0.45725000000000005 0.36120000000000002 -4.3549999999999995 -4.7449999999999992 71.215400000000017 0.035783338736000002 0.79806732498409316 3.413778543645686 0.44889959839357435 0.45045000000000007 9.2233496806000019 0.55095000000000016
decision_type=2 2 2 2 2 2 2 2 2 2 2 2 2 2 2 2 2 2 2
left_child=1 2 3 5 -5 -1 9 8 11 -2 16 -8 -12 -4 15 -3 -11 -10 -17
right_child=6 14 13 4 -6 -7 7 -9 17 10 12 -13 -14 -15 -16 18 -18 -19 -20
leaf_value=0.0059195209586766027 0.041618855632093457 0 -0.0033429913375231596 0.020000933584834672 -0.0022851174919617909 -0.0098174732693584437 0.02575603823866799 -0.021897810365382134 0.046677473131809671 -0.0065534757324219629 0.010839670383107536 -0.018435092260418055 -0.0085889148528201769 -0.046158262923840079 -0.010257103053932898 0.041153144770216948 -0.036332898419506134 0.01875356409873025 0.020914361114449574
leaf_weight=47.150154106318951 2.0797999426722518 3.1674178317189243 4.9847631901502591 32.611820265650749 21.822430044412613 52.212103873491287 4.0244661718607002 4.6517651230096808 4.8540289252996427 3.9427777379751197 13.381705000996588 5.876120038330555 84.895920760929585 4.244129441678524 3.2111881524324408 7.2775764241814596 8.2348326295614225 6.1770860776305199 4.3480021953582764
leaf_count=223 10 17 25 149 96 238 20 20 23 17 66 30 386 20 19 43 39 31 25
internal_value=-0.000208333 0.00281021 0.000881417 0.00238665 0.0110237 -0.00232123 -0.00418556 0.00938213 0.0165473 -0.00730224 -0.00828734 -9.40361e-05 -0.00590465 -0.0236379 0.0200081 0.0268041 -0.0270674 0.0316194 0.0340825
internal_weight=319.148 181.03 163.025 153.797 54.4343 99.3623 138.119 25.5835 20.9317 112.535 110.455 9.90059 98.2776 9.22889 18.0042 14.793 12.1776 11.0311 11.6256
internal_count=1497 855 751 706 245 461 642 124 104 518 508 50 452 45 104 85 56 54 68
is_linear=0
shrinkage=0.03


Tree=92
num_leaves=12
num_cat=0
split_feature=208 165 214 33 218 86 211 176 177 163 201
split_gain=4.24113 4.28713 6.15237 7.60075 9.22014 7.14889 6.39167 6.43534 3.88466 4.32834 2.98316
threshold=-0.42846715424699156 1.5464983523356601 0.28451401352201133 0.50135000000000007 1.0005012331257042 4.9510416095500007 -0.19367981848089186 -1.0039522789471453 -0.11244174678811515 0.59774442078840206 0.85249054812242664
decision_type=2 2 2 2 2 2 2 2 2 2 2
left_child=-1 2 3 5 -5 -2 -4 -8 -3 10 -10
right_child=1 8 6 4 -6 -7 7 -9 9 -11 -12
leaf_value=-0.029473313371450486 0.0056984352638615923 0.012613095137042252 0.035618359273015904 -0.0021772311829598139 -0.024187954431202387 -0.016726769660404327 -0.017314169762448234 0.0099500235166840433 -0.010417892378171083 0.0035589582037988629 -0.039871278149133375
leaf_weight=4.2947829663753501 119.93857923150063 4.4304993152618435 7.2473916932940474 65.413868717849255 23.297503508627415 14.173683129251001 9.0106067806482297 51.748395763337612 5.9447168633341807 5.6318422928452483 7.4959884136915207
leaf_count=18 560 22 39 306 106 64 43 250 29 25 35
internal_value=-0.000201632 0.000198017 0.00120495 -0.00119457 -0.00801222 0.00329537 0.00910123 0.00583562 -0.0120871 -0.0180172 -0.027239
internal_weight=318.628 314.333 290.83 222.824 88.7114 134.112 68.0064 60.759 23.503 19.0725 13.4407
internal_count=1497 1479 1368 1036 412 624 332 293 111 89 64
is_linear=0
shrinkage=0.03


Tree=93
num_leaves=11
num_cat=0
split_feature=45 183 159 64 217 159 214 181 9 4
split_gain=4.23423 4.67826 5.61864 6.31341 5.38732 5.22545 4.42502 7.60084 2.06607 0.495112
threshold=0.30000000000000004 0.018137056739739459 72.247133079251469 2.4620499848500006 -0.14756571408490163 132.74473211470101 0.19792730011409596 0.99649812409804051 66.810000000000016 -0.044999999999999991
decision_type=2 2 2 2 2 2 2 2 2 2
left_child=-1 6 3 -3 -5 9 8 -8 -2 -4
right_child=1 2 5 4 -6 -7 7 -9 -10 -11
leaf_value=0.025632380840173098 -0.041748546961278089 0.031442146627874923 -0.022910304798088827 0.020223990731718735 -0.00030870066143726598 0.006839393084779293 -0.01909663648039707 0.026426043568405243 -0.013602948736973501 -0.041934078790697688
leaf_weight=5.5056112706661215 5.1201765835285205 6.0149724632501593 3.984242543578147 11.927787981927393 257.98975582420826 4.293679639697074 8.7366292178630811 5.1551166325807563 5.2992827296257019 4.1313414648175231
leaf_count=28 24 29 20 62 1206 20 38 24 26 20
internal_value=-0.000196969 -0.000669449 0.0003879 0.00128914 0.000594692 -0.0192624 -0.0132832 -0.00192099 -0.0279844 -0.0333523
internal_weight=318.159 312.653 288.342 275.933 269.918 12.4093 24.3112 13.8917 10.4195 8.11558
internal_count=1497 1469 1357 1297 1268 60 112 62 50 40
is_linear=0
shrinkage=0.03


Tree=94
num_leaves=10
num_cat=0
split_feature=127 16 0 0 207 85 137 115 55
split_gain=4.18129 5.62125 4.95736 7.09479 6.80412 4.48326 4.86175 3.57119 3.4941
threshold=13.695850000000002 26.250000000000004 20240265.000000004 20230527.500000004 0.79399294055568814 3.5768998740500004 0.71729412370121282 0.15900000000000003 3.0150000000000001
decision_type=2 2 2 2 2 2 2 2 2
left_child=-1 2 3 4 -2 6 -4 -7 -5
right_child=1 -3 5 8 -6 7 -8 -9 -10
leaf_value=0.021321280299959545 0.016872102212630104 -0.027894771353671393 -0.014892895157505744 -0.0088687765274589759 -0.0019429536732007936 0.005277107444230612 0.01376751473080076 -0.029280369757873251 -0.031923977308258529
leaf_weight=7.8192970529198638 18.917170494794846 6.6187281906604758 5.7968808561563483 19.8203523978591 190.80620626360178 5.5909691229462606 48.841616325080395 4.8493695259094238 8.7883021831512433
leaf_count=36 83 29 29 108 817 29 282 22 62
internal_value=-0.00019171 -0.000750665 -0.000139653 -0.00215358 -0.000224295 0.00718171 0.0106503 -0.0106152 -0.0161421
internal_weight=317.849 310.03 303.411 238.332 209.723 65.0788 54.6385 10.4403 28.6087
internal_count=1497 1461 1432 1070 900 362 311 51 170
is_linear=0
shrinkage=0.03


Tree=95
num_leaves=15
num_cat=0
split_feature=12 190 30 6 204 213 93 194 214 102 218 126 185 51
split_gain=4.15951 5.76945 4.85938 4.53924 6.14676 6.50668 5.41556 4.92549 4.61533 5.33576 4.76516 5.29347 3.98664 3.73808
threshold=57.735000000000007 0.22499999999999967 0.24185000000000004 71.015000000000015 1.2132395100855802 -0.25203715841688307 0.05668916655000001 3.0897427645019424 0.30100528786915554 0.29310000000000008 0.6284916335020635 74.550890692640706 -3.8399999999999994 49.248200000000004
decision_type=2 2 2 2 2 2 2 2 2 2 2 2 2 2
left_child=1 2 13 4 5 7 -7 -2 10 -10 -5 -12 -11 -1
right_child=3 -3 -4 8 -6 6 -8 -9 9 12 11 -13 -14 -15
leaf_value=0 0.0050300330536771371 0.035207994474654426 -0.016089412416217679 0.026265291746688017 -0.031777424228444921 -0.027383386932298557 -0.0034419665157337863 0.041103553411311791 0.039207355240606173 -0.014850812790860434 -0.0061931879693153877 0.010780377446698408 0.022966062659057838 0.037254500646769023
leaf_weight=5.814692132174974 15.285206101834776 6.7115466073155394 7.2093974500894538 6.1694590151309958 6.7704712823033324 8.945855036377905 158.20281333476305 4.3997153714299193 6.5991146340966251 4.8318165838718423 53.336254507303238 23.806851960718632 4.9402605295181248 4.180716760456562
leaf_count=29 77 32 34 32 31 41 729 23 36 22 246 117 26 22
internal_value=-0.000187304 0.0118048 0.00235127 -0.00117913 -0.00386447 -0.00282045 -0.00475686 0.0134113 0.00400487 0.0185274 0.0010964 -0.000909025 0.00400255 0.0159768
internal_weight=317.204 23.9164 17.2048 293.288 193.604 186.834 167.149 19.6849 99.6838 16.3712 83.3126 77.1431 9.77208 9.99541
internal_count=1497 117 85 1380 901 870 770 100 479 84 395 363 48 51
is_linear=0
shrinkage=0.03


Tree=96
num_leaves=17
num_cat=0
split_feature=45 216 204 214 213 18 113 200 200 0 92 133 50 82 215 194
split_gain=4.13887 7.45422 7.77795 9.23996 6.39706 5.6617 7.52147 5.77487 6.90042 5.6607 5.40146 4.87661 5.64708 5.56276 4.41742 3.03288
threshold=3.1150000000000007 0.57916666666666672 1.2088444520197139 0.21826758082694725 -0.098806941431670278 55.315000000000005 0.54585000000000006 1.6330476117689876 0.91861204444695643 20210805.500000004 0.62124200436400012 64.229265627215923 20240110.500000004 0.76407137180000018 0.41515382963995945 1.2919961630063526
decision_type=2 2 2 2 2 2 2 2 2 2 2 2 2 2 2 2
left_child=1 2 3 9 -5 -2 11 8 -8 -1 14 13 -13 -7 -3 -4
right_child=5 10 15 4 -6 6 7 -9 -10 -11 -12 12 -14 -15 -16 -17
leaf_value=0.012615070000547212 0.026411389332025439 -0.0077169924007373016 -0.0032055658024258138 0.029475908638665938 0.0088627436716391689 -0.017927473933944813 0.0015665733206398176 -0.012251296964787077 0.038011045731255959 -0.005885930216482981 0.0071819357920807651 -0.016463472527153852 0.00073170431287188217 0.0247503265911325 -0.043763969146672251 -0.038825640084667774
leaf_weight=19.965747654438019 5.072094000875949 6.3408475071191805 4.3362163454294187 17.563625916838646 62.610014125704765 4.230492025613783 11.186109572649007 8.4325492382049543 8.1771000623702985 57.262044280767441 6.3490896672010413 63.948285803198814 23.034546039998531 7.2422366663813591 6.3870511800050735 4.6448751240968704
leaf_count=86 24 27 19 93 303 20 50 37 38 279 27 291 121 34 26 22
internal_value=-0.000179454 0.00269567 0.0047482 0.006317 0.0134469 -0.00426159 -0.00553753 0.00816493 0.0172275 -0.00105393 -0.0149808 -0.00944078 -0.0118798 0.00873502 -0.0262399 -0.0221827
internal_weight=316.783 185.46 166.383 157.401 80.1736 131.323 126.251 27.7958 19.3632 77.2278 19.077 98.4556 86.9828 11.4727 12.7279 8.98109
internal_count=1497 882 802 761 396 615 591 125 88 365 80 466 412 54 53 41
is_linear=0
shrinkage=0.03


Tree=97
num_leaves=17
num_cat=0
split_feature=103 12 124 202 12 56 31 7 56 5 183 205 205 34 10 78
split_gain=4.05758 7.54483 6.60695 6.08031 5.55793 6.05818 6.63554 5.19349 5.13921 6.10783 5.90245 4.31869 3.8626 3.67587 3.32269 1.23493
threshold=-0.44474999999999992 76.115000000000023 671.50000000000011 1.319469605652545 79.175000000000011 4.0619405909500008 0.40325000000000005 18.225000000000005 9.0386897041000029 -0.18959999999999999 0.12801873214372711 1.0180737606017625 0.94049914032225479 0.61722978550536245 17.775000000000002 -0.13361252179999997
decision_type=2 2 2 2 2 2 2 2 2 2 2 2 2 2 2 2
left_child=1 8 -3 4 5 6 -2 -7 12 14 -11 -5 -1 -14 -10 -13
right_child=3 2 -4 11 -6 7 -8 -9 9 10 -12 15 13 -15 -16 -17
leaf_value=0 0.032961010119754157 0.043081365423729451 -0.0050721647769100273 0.0053878774813172223 -0.022258397837039232 -0.0045497946351336863 -0.010489375340007928 0.0061926924797140737 -0.0023538634469670683 -0.0025290184297486057 -0.025713164902679504 -0.016525913720321486 -0.040875092108556131 -0.0069897972559388472 0.030966924522730279 -0.039668518555103838
leaf_weight=5.3059637919068363 12.141205348074438 4.9897222369909269 4.9335228130221367 5.1941462829709044 7.2246244028210631 59.359591528773308 4.0855481848120681 125.62105463445187 4.5332782939076406 39.388730943202972 13.273967064917086 5.3673400729894629 9.4535962641239148 4.5258484706282607 5.9763127416372299 4.5896704196929923
leaf_count=26 60 25 24 26 34 285 21 593 22 184 62 23 43 21 28 20
internal_value=-0.000174011 -0.00546821 0.0190299 0.00200152 0.00334993 0.00429493 0.0218401 0.00272866 -0.00847221 -0.00425931 -0.00846725 -0.0162519 -0.0220243 -0.0302454 0.0164246 -0.0277801
internal_weight=315.964 92.3809 9.92325 223.583 208.432 201.207 16.2268 184.981 82.4577 63.1723 52.6627 15.1512 19.2854 13.9794 10.5096 9.95701
internal_count=1497 435 49 1062 993 959 81 878 386 296 246 69 90 64 50 43
is_linear=0
shrinkage=0.03


Tree=98
num_leaves=10
num_cat=0
split_feature=38 201 0 0 113 18 152 198 178
split_gain=4.05246 4.45321 4.88386 6.96861 5.38275 4.95175 5.07723 3.73331 3.13289
threshold=3.8100000000000001 1.4640107816411982 20240265.000000004 20230527.500000004 0.56250000000000011 55.975000000000009 -1.0181020244123278 1.1197037260709701 0.22830574397311834
decision_type=2 2 2 2 2 2 2 2 2
left_child=-1 2 3 4 -2 -4 -7 -3 -5
right_child=1 7 5 8 -6 6 -8 -9 -10
leaf_value=0.026494664985842114 -0.0016844518558566275 -0.0031898904899403508 0.033584172071893577 -0.026577381582326046 0.014067675444396804 0.013495693490429317 -0.0044387440817415897 -0.037210594478208688 -0.0051861928743368244
leaf_weight=4.9422116577625266 188.86348710209131 6.8610280081629735 5.8982526659965506 13.457873307168486 21.67214223742485 29.018003724515438 27.331306479871273 5.252253420650959 12.159432671964167
leaf_count=26 813 32 37 83 95 168 145 25 73
internal_value=-0.000171283 -0.000613756 0.000102929 -0.00185788 -4.2806e-05 0.00758095 0.00475129 -0.0183706 -0.0166002
internal_weight=315.456 310.514 298.4 236.153 210.536 62.2476 56.3493 12.1133 25.6173
internal_count=1497 1471 1414 1064 908 350 313 57 156
is_linear=0
shrinkage=0.03


Tree=99
num_leaves=9
num_cat=0
split_feature=127 16 21 48 113 55 134 203
split_gain=3.97819 5.30441 4.84265 5.67124 6.22933 5.07653 4.0721 1.55675
threshold=13.695850000000002 26.250000000000004 0.87675000000000014 331.50000000000006 0.53750000000000009 1.9550000000000003 105.88970760000002 1.2206602796940011
decision_type=2 2 2 2 2 2 2 2
left_child=-1 2 3 5 -5 -2 7 -4
right_child=1 -3 6 4 -6 -7 -8 -9
leaf_value=0.020898816751856276 -0.0075672958386295164 -0.027226651359955379 -0.041707027731788436 -0.0053509850742070788 0.0071718072430172752 0.010098880374722344 0.0038856688157973113 -0.015854377585162109
leaf_weight=7.7578358352184287 17.79313350468874 6.5462983027100554 4.3941917270421964 143.2878901809454 47.378966368734837 77.038901910185814 5.3450962081551543 5.3452374339103699
leaf_count=36 87 29 22 668 212 390 28 25
internal_value=-0.000166648 -0.000715137 -0.000118912 0.000748803 -0.00222133 0.00674813 -0.0166362 -0.0281287
internal_weight=314.888 307.13 300.583 285.499 190.667 94.832 15.0845 9.73943
internal_count=1497 1461 1432 1357 880 477 75 47
is_linear=0
shrinkage=0.03


Tree=100
num_leaves=10
num_cat=0
split_feature=193 193 188 47 48 216 33 89 112
split_gain=3.98353 4.85775 4.32465 5.21247 8.01345 6.85583 5.06715 4.76638 4.74093
threshold=-7.6899999999999986 -7.1899999999999986 -1.3500000000000003 0.62350000000000005 331.50000000000006 0.5458333333333335 0.37435000000000007 1.4926337310000004 0.04055000000000001
decision_type=2 2 2 2 2 2 2 2 2
left_child=-1 -2 6 4 -4 -5 7 -3 -8
right_child=1 2 3 5 -6 -7 8 -9 -10
leaf_value=0.031510036413478777 -0.032983298593876227 -0.0052562819061494409 0.014250810672408977 -0.013899861435779962 0.00014555133294043279 0.012591293129333108 -0.0013539705075665952 0.029655832676090618 -0.01568260958182114
leaf_weight=3.4307451099157324 3.9972871392965308 7.0894946306943876 54.169073455035686 32.519451878964901 110.50023704767227 11.840539336204527 45.17862568795681 6.6206512600183487 39.234160058200359
leaf_count=18 18 32 278 162 514 52 214 32 177
internal_value=-0.000162459 -0.000531331 -8.86387e-05 0.00234026 0.00480961 -0.00674897 -0.00529053 0.0114783 -0.00805994
internal_weight=314.58 311.15 307.152 209.029 164.669 44.36 98.1229 13.7101 84.4128
internal_count=1497 1479 1461 1006 792 214 455 64 391
is_linear=0
shrinkage=0.03


Tree=101
num_leaves=12
num_cat=0
split_feature=146 46 210 187 187 201 20 187 24 185 127
split_gain=3.97152 7.81236 4.58804 4.67509 7.75368 5.51343 5.41378 4.42825 4.36155 3.99397 3.78952
threshold=43.025670078267019 0.19073483235536889 -0.45982673889132575 4.9350000000000032 2.4749999999999983 1.3674361307244467 19.060000000000006 -5.7849999999999957 0.48684210526315791 -1.3700000000000008 40.883175000000008
decision_type=2 2 2 2 2 2 2 2 2 2 2
left_child=1 8 -2 4 5 -4 10 -3 -1 -6 -5
right_child=2 7 3 6 9 -7 -8 -9 -10 -11 -12
leaf_value=0.015059804067245972 -0.03256186209254875 0.0029591434597067393 0.00079721471334364227 0.040249263598047889 -0.040968636569491672 -0.014800428158635588 -0.0056626811097251328 0.04265003623216454 -0.021147974384384451 -0.0067241264819554438 0.005562478943372709
leaf_weight=5.1604621633887309 4.0234455317258826 4.0630098134279251 231.66952863335609 6.9375317618250865 6.4523372873663902 22.247458480298519 7.9403191506862631 7.5248486772179586 6.7322344556450844 6.3070946931838971 5.1804452240467072
leaf_count=27 18 22 1099 32 30 106 37 37 33 31 25
internal_value=-0.000157221 0.0116729 -0.00112657 -0.000663819 -0.00172618 -0.000562883 0.01325 0.0291344 -0.00519203 -0.0244585 0.0258331
internal_weight=314.239 23.4806 290.758 286.735 266.676 253.917 20.0583 11.5879 11.8927 12.7594 12.118
internal_count=1497 119 1378 1360 1266 1205 94 59 60 61 57
is_linear=0
shrinkage=0.03


Tree=102
num_leaves=11
num_cat=0
split_feature=151 52 169 0 110 29 9 66 196 104
split_gain=3.89589 4.30257 6.75411 6.86877 6.2934 5.74495 5.19715 6.20286 6.12975 4.95719
threshold=0.068105029258492614 3.3139500000000006 -0.52056201162742488 20211118.500000004 0.27395000000000008 0.57905000000000018 79.735000000000014 15.049313774600003 5.5764610506711803 -0.040149999999999991
decision_type=2 2 2 2 2 2 2 2 2 2
left_child=-1 6 3 -3 9 -6 7 8 -2 -4
right_child=1 2 4 -5 5 -7 -8 -9 -10 -11
leaf_value=0.022822643429422158 0.0055184789592494761 0.049038176713897021 -0.031292413790822302 -0.0021769892049753278 0.004049074119565935 -0.0089893368837734976 0.035204782133627044 -0.024041228414392844 -0.028218596319875663 -0.0085357942869550129
leaf_weight=6.3980005681514731 112.38903614133596 4.1939000785350782 11.854570508003233 4.9724648743867874 70.768184490501881 53.020131587982178 4.4077841639518729 7.4092605412006369 4.9434403628110877 33.60290639102459
leaf_count=37 536 19 60 24 326 252 24 33 22 164
internal_value=-0.000152504 -0.000647455 -0.00367376 0.0212081 -0.00505081 -0.00151398 0.00350959 0.0023383 0.00404871 -0.0145919
internal_weight=313.96 307.562 178.412 9.16636 169.246 123.788 129.15 124.742 117.332 45.4575
internal_count=1497 1460 845 43 802 578 615 591 558 224
is_linear=0
shrinkage=0.03


Tree=103
num_leaves=11
num_cat=0
split_feature=25 188 181 183 34 214 218 178 218 68
split_gain=3.86166 4.27221 5.47833 6.3896 6.27569 7.0051 6.01529 4.27236 5.99861 3.66005
threshold=0.20360000000000003 3.0749999999999997 0.7788690922163094 0.0071041190206550548 0.64130000000000009 0.16667457606457994 0.67827046778188971 -0.203774109789047 0.96521290113957281 0.28831987044800006
decision_type=2 2 2 2 2 2 2 2 2 2
left_child=-1 2 3 -2 5 -4 -5 -3 -9 -6
right_child=1 7 4 6 9 -7 -8 8 -10 -11
leaf_value=0.02652410647895255 -0.037392714029373053 0.038480851507322118 -0.02485158643164256 0.014921823596107274 -0.0070542373720284277 0.0017644228178050802 -0.00036247349026880275 -0.0099742469365882557 0.030815128851681094 -0.038451197573386095
leaf_weight=4.7058741748332968 3.7767604216933242 4.5274927690625217 11.260419636964796 26.163210093975067 5.8371301144361487 40.31219095736742 194.34753250330687 8.7318923845887166 4.989446483552455 8.8528463393449766
leaf_count=24 17 23 57 127 26 200 920 39 24 40
internal_value=-0.000148013 -0.000572644 -0.00146809 0.000759625 -0.0090435 -0.00402574 0.00144332 0.013451 0.00475645 -0.0263104
internal_weight=313.505 308.799 290.55 224.288 66.2626 51.5726 220.511 18.2488 13.7213 14.69
internal_count=1497 1473 1387 1064 323 257 1047 86 63 66
is_linear=0
shrinkage=0.03


Tree=104
num_leaves=17
num_cat=0
split_feature=12 7 1 120 207 169 169 190 53 97 5 214 49 178 187 165
split_gain=3.83683 6.2956 5.77469 7.78346 6.91127 6.40179 5.63774 5.2796 4.6069 4.34711 5.38023 6.21014 3.60556 3.55627 3.26982 1.41392
threshold=57.735000000000007 16.275000000000002 12.850000000000001 7073.1250000000009 0.9710839391936551 -0.52056201162742488 -0.092346871849621467 0.22499999999999967 5.2514000000000012 -3.1674651954499997 -0.18959999999999999 0.21051868789057568 20220264.500000004 0.095071500838851977 -5.1950000000000029 0.37276700403866425
decision_type=2 2 2 2 2 2 2 2 2 2 2 2 2 2 2 2
left_child=7 9 3 4 -3 12 -7 8 14 13 -11 -12 -4 -2 -1 -15
right_child=1 2 5 -5 -6 6 -8 -9 -10 10 11 -13 -14 15 -16 -17
leaf_value=-0.0027311597864033204 -0.0016365678348313939 0.013864002700027741 0.042798447111848305 0.036232078382211583 -0.0065040008413554161 -0.018279981698918986 -0.0013694644259514455 0.034104648914166008 -0.018242356107520556 0.023502437232881753 -0.026264927592309129 0.0040478268676234523 0.0047025556485453803 -0.043880227429073396 0.02950614703623311 -0.019940652928109152
leaf_weight=5.1519515886902845 4.6996123343706122 32.416065916419029 4.0851377695798856 7.8214085325598708 27.516931429505348 20.161151334643364 147.73872514814138 6.5753494054079047 6.046957127749919 4.9714689105749121 11.483045682311063 12.461769238114355 5.2982166782021523 5.9547582045197469 5.7576707229018229 4.976627916097641
leaf_count=26 24 154 18 37 124 101 707 32 29 23 56 59 26 28 30 23
internal_value=-0.000143922 -0.00110153 0.000774507 0.00822631 0.00446725 -0.00205956 -0.00342758 0.0114683 0.00236615 -0.0114667 -0.0044178 -0.0104131 0.0218807 -0.0242051 0.0141234 -0.033533
internal_weight=313.117 289.585 245.038 67.7544 59.933 177.283 167.9 23.5319 16.9566 44.5473 28.9163 23.9448 9.38335 15.631 10.9096 10.9314
internal_count=1497 1380 1167 315 278 852 808 117 85 213 138 115 44 75 56 51
is_linear=0
shrinkage=0.03


Tree=105
num_leaves=13
num_cat=0
split_feature=208 165 18 0 93 123 158 203 88 203 132 45
split_gain=3.80559 3.926 5.40646 6.38297 7.37195 6.13889 5.00455 4.8122 3.80938 4.82603 5.87988 3.13766
threshold=-0.42846715424699156 1.5464983523356601 71.685000000000016 20240704.500000004 0.051147400850000004 0.28295000000000003 -42.921821863603874 0.13925000000000001 4.8641192383500007 0.25895000000000007 2.6499250000000001 4.2200000000000015
decision_type=2 2 2 2 2 2 2 2 2 2 2 2
left_child=-1 2 3 4 -2 7 -5 -4 -3 10 -10 -7
right_child=1 8 5 6 -6 11 -8 -9 9 -11 -12 -13
leaf_value=-0.0282557085710737 -0.02714583517076867 0.0088819972786333273 -0.022616396776239535 -0.0027536182103894058 -0.0010147991968596727 0.037532639989716753 0.017104263714178381 0.018353062047361309 0.025008367593886305 -0.036244413186841996 -0.022976328475914506 0.0065504744817377596
leaf_weight=4.1752114295959464 10.128233164548872 5.8070560395717647 5.2924938052892703 17.750992827117443 202.77292280644178 9.3735853582620603 30.671685546636581 4.8108964264392853 3.6619119793176669 7.7352876514196387 5.7427400201559067 4.7098655775189391
leaf_count=18 46 29 24 100 930 46 180 21 20 36 26 21
internal_value=-0.000139396 0.000240491 0.00121105 -3.57925e-05 -0.00228416 0.0147507 0.00977218 -0.00282541 -0.0116581 -0.0188023 -0.00391024 0.0275022
internal_weight=312.633 308.458 285.511 261.324 212.901 24.1868 48.4227 10.1034 22.947 17.1399 9.40465 14.0835
internal_count=1497 1479 1368 1256 976 112 280 45 111 82 46 67
is_linear=0
shrinkage=0.03


Tree=106
num_leaves=12
num_cat=0
split_feature=38 183 48 64 175 31 12 153 204 200 192
split_gain=3.76841 4.42075 4.96824 4.41542 4.46613 4.39618 4.34735 3.8747 3.64215 2.92197 2.09773
threshold=4.8600000000000003 0.018137056739739459 327.50000000000006 2.6626466750000004 1.3848103524932345 0.15745000000000001 61.400000000000013 0.034729299402289839 1.0352382926339063 2.9705119489792802 -1.5000000000000007
decision_type=2 2 2 2 2 2 2 2 2 2 2
left_child=6 2 -2 9 5 -5 -1 -4 -6 -3 -9
right_child=1 3 7 4 8 -7 -8 10 -10 -11 -12
leaf_value=-0.0046676516562256017 0.015537019874698481 0.038891554755211791 0.0019993751770037353 0.0037839849393143492 -0.035908825789790842 -0.0040781306011083021 0.031330796533080137 -0.015747789425708501 0 0.0031729811414757583 -0.040983066886466177
leaf_weight=4.9709184020757657 4.0761444792151478 4.2073943242430669 4.8011473268270519 144.78378351777792 5.5845725536346418 114.47343255579472 7.0351766720414162 6.6137446537613904 4.5637961030006409 4.3735855668783188 6.6370022147893852
leaf_count=24 19 22 24 693 28 543 39 32 22 21 30
internal_value=-0.000135596 -0.000806814 -0.013683 0.000211906 -0.000455604 0.000300715 0.016263 -0.0204954 -0.0198842 0.0212782 -0.0288246
internal_weight=312.121 300.115 22.128 277.987 269.406 259.257 12.0061 18.0519 10.1484 8.58098 13.2507
internal_count=1497 1434 105 1329 1286 1236 63 86 50 43 62
is_linear=0
shrinkage=0.03


Tree=107
num_leaves=7
num_cat=0
split_feature=193 193 127 214 108 197
split_gain=3.7496 4.54063 4.15139 4.01178 7.08141 5.78989
threshold=-7.6899999999999986 -7.1899999999999986 13.695850000000002 0.29310713954836615 0.049000000000000009 1.3429288215656063
decision_type=2 2 2 2 2 2
left_child=-1 -2 -3 5 -5 -4
right_child=1 2 3 4 -6 -7
leaf_value=0.030747196459701736 -0.031982177777322117 0.023850465528751658 0.0012901821078166204 0.017059668504251693 -0.0033604625729741215 -0.0083504831720588955
leaf_weight=3.3966176360845557 3.9668389484286299 6.2919723913073531 147.3890799805522 28.789097726345062 31.992067821323872 89.96839652210474
leaf_count=18 18 30 699 149 152 431
internal_value=-0.000131251 -0.00049092 -6.03588e-05 -0.000582864 0.00627442 -0.00235338
internal_weight=311.794 308.397 304.431 298.139 60.7812 237.357
internal_count=1497 1479 1461 1431 301 1130
is_linear=0
shrinkage=0.03


Tree=108
num_leaves=9
num_cat=0
split_feature=195 195 6 11 113 103 6 134
split_gain=3.6626 4.97813 4.304 4.7878 4.55696 3.98371 4.66224 0.831503
threshold=3.4194185272029096 3.2088713622895475 80.265000000000015 21.315000000000001 0.55415000000000014 1.1527500000000002 69.610000000000014 60.635339962500005
decision_type=2 2 2 2 2 2 2 2
left_child=1 2 3 4 -1 6 7 -2
right_child=5 -3 -4 -5 -6 -7 -8 -9
leaf_value=-0.0014016200397551802 -0.021394430163803772 0.032849128363323085 0.022237063735423373 -0.027354737008174444 0.0095804170008345606 0.010967209299869433 0.0019831456126116723 -0.042053104465448042
leaf_weight=234.86863891035318 4.6798872202634829 4.1741319820284835 7.6782073453068724 5.7019671052694312 39.647629372775555 4.6414806991815558 5.2125766724348059 4.9363309293985367
leaf_count=1131 21 21 36 29 188 22 26 23
internal_value=-0.000126437 0.000705467 0.000217764 -0.000382598 0.000176472 -0.0126988 -0.0203312 -0.0326317
internal_weight=311.541 292.071 287.896 280.218 274.516 19.4703 14.8288 9.61622
internal_count=1497 1405 1384 1348 1319 92 70 44
is_linear=0
shrinkage=0.03


Tree=109
num_leaves=17
num_cat=0
split_feature=12 7 1 82 66 114 169 169 190 209 191 130 30 36 51 49
split_gain=3.66124 5.76416 5.39014 7.42719 7.78897 6.02989 5.93706 5.29163 4.9799 4.60722 8.33003 4.74913 4.27718 4.14225 3.50054 3.44383
threshold=57.735000000000007 16.275000000000002 12.850000000000001 1.5088029631000002 4.1208276497500007 0.31455000000000005 -0.52056201162742488 -0.092346871849621467 0.22499999999999967 0.063619809266351371 -2.1299999999999994 1.7799250000000002 0.24185000000000004 0.50701204819277124 49.248200000000004 20220264.500000004
decision_type=2 2 2 2 2 2 2 2 2 2 2 2 2 2 2 2
left_child=8 9 3 5 -5 -3 15 -8 12 11 -11 -2 14 -13 -1 -4
right_child=1 2 6 4 -6 -7 7 -9 -10 10 -12 13 -14 -15 -16 -17
leaf_value=0 0.010626433050469 0.0067733048667139063 0.041649733701797094 -0.019817412329073351 0.012031012761176072 0.030925303892607375 -0.01776097565211042 -0.0013288795112462641 0.033372719248394599 0.039553618625900226 -0.017888867683258331 -0.026402949740288385 -0.015028155805617937 0 0.036173429773872438 0.004295995882091775
leaf_weight=5.6958431378006988 4.988861732184886 24.558386147022247 4.0530208200216276 13.841961406171324 13.517216376960276 15.391704440116881 20.038090772926807 147.16957183927298 6.5084511041641226 4.0373302549123764 4.8776729330420476 23.404158666729931 7.0782388746738425 6.8060375303030005 4.0853431895375252 5.2715374529361725
leaf_count=29 24 117 18 63 62 73 101 707 32 20 24 116 34 29 22 26
internal_value=-0.000122413 -0.0010602 0.000735063 0.00796092 -0.00398645 0.0162073 -0.00200602 -0.00332546 0.0112611 -0.0110306 0.00794248 -0.0159299 0.0024017 -0.0204349 0.015343 0.0211202
internal_weight=311.323 287.956 243.841 67.3093 27.3592 39.9501 176.532 167.208 23.3679 44.1141 8.915 35.1991 16.8594 30.2102 9.78119 9.32456
internal_count=1497 1380 1167 315 125 190 852 808 117 213 44 169 85 145 51 44
is_linear=0
shrinkage=0.03


Tree=110
num_leaves=14
num_cat=0
split_feature=151 103 12 53 124 202 185 88 45 110 114 19 109
split_gain=3.66155 3.96513 6.44973 6.36928 5.98715 5.15461 5.00253 4.58958 5.90796 5.77794 3.79776 3.35749 1.93577
threshold=0.068105029258492614 -0.44474999999999992 76.115000000000023 6.5110500000000009 671.50000000000011 1.319469605652545 -2.840000000000003 29.812871363800003 0.47500000000000003 0.22535000000000002 0.25955000000000006 18.225000000000005 0.50835000000000019
decision_type=2 2 2 2 2 2 2 2 2 2 2 2 2
left_child=-1 2 3 6 -4 7 -2 9 -9 -3 -7 -5 -12
right_child=1 5 4 11 -6 10 -8 8 -10 -11 12 -13 -14
leaf_value=0.022320534890228907 -0.010709811494481981 -0.0090906044967521624 0.04217213895794527 -0.033882844466553569 -0.0054467213937166772 0.0064276783810386182 0.0075620436459756663 0.028243912377714349 -0.010217848715830364 0.0073529067160972563 -0.010922287599108781 -0.010801293063655194 -0.038358552495995894
leaf_weight=6.3044291436672202 32.200027994811535 22.052291221916676 4.4671832770109159 11.035694926977159 4.7125561460852623 4.6785630583763114 22.896738089621067 3.8700881525874129 35.464425556361675 140.0367017686367 4.9476948380470258 12.917959466576574 5.2684639543294907
leaf_count=37 154 113 23 52 23 22 107 20 163 673 24 63 23
internal_value=-0.000116319 -0.000597804 -0.00596115 -0.00875478 0.0176077 0.00157764 -0.00306222 0.00285214 -0.00629553 0.00509304 -0.0153617 -0.0216566 -0.0255966
internal_weight=310.853 304.548 88.2302 79.0504 9.17974 216.318 55.0968 201.424 39.3345 162.089 14.8947 23.9537 10.2162
internal_count=1497 1460 422 376 46 1038 261 969 183 786 69 115 47
is_linear=0
shrinkage=0.03


Tree=111
num_leaves=12
num_cat=0
split_feature=146 46 210 24 211 214 201 93 184 202 36
split_gain=3.5766 7.23195 4.12478 4.09853 4.03362 4.61994 4.42935 6.04902 5.10629 3.64995 3.16549
threshold=43.025670078267019 0.19073483235536889 -0.45982673889132575 0.48684210526315791 -0.2380291271571173 0.2940517751148885 1.3674361307244467 0.051147400850000004 0.17482856760729532 1.0066891053108622 0.48697188755020088
decision_type=2 2 2 2 2 2 2 2 2 2 2
left_child=1 3 -2 -1 5 9 7 -6 -8 -4 -3
right_child=2 10 4 -5 6 -7 8 -9 -10 -11 -12
leaf_value=0.014654314551681626 -0.031265291874759189 0.042709226110899674 -0.012935668565775498 -0.020680377484346136 -0.01938422023978453 0.039023490209947977 -0.021173445705180764 0.00092237856296852321 0.012354993436798975 0.025001947858793762 0.0099048464390929722
leaf_weight=5.0864073559641856 3.9102052897214881 6.1724099963903409 5.4597806558012945 6.6426744386553764 13.894768752157686 4.6902566924691191 18.483759671449665 232.06301042437553 5.0478711053729048 3.7440056353807449 5.2096998617053032
leaf_count=27 18 31 29 33 66 27 90 1105 23 20 28
internal_value=-0.000113466 0.0112034 -0.00103786 -0.00510926 -0.000599312 0.0150865 -0.00142445 -0.000220011 -0.0138323 0.00227737 0.0281727
internal_weight=310.405 23.1112 287.294 11.7291 283.383 13.894 269.489 245.958 23.5316 9.20379 11.3821
internal_count=1497 119 1378 60 1360 76 1284 1171 113 49 59
is_linear=0
shrinkage=0.03


Tree=112
num_leaves=17
num_cat=0
split_feature=188 127 48 107 195 78 123 199 2 163 209 194 31 170 194 204
split_gain=3.5759 5.11588 5.08179 9.27246 7.11403 5.87857 5.39464 5.21473 4.99328 4.54538 4.17462 6.11369 5.50551 5.31147 5.24663 3.34857
threshold=-1.3500000000000003 14.311800000000002 333.50000000000006 -0.096199999999999994 1.2103405499899147 -5.6326085125999992 0.20810000000000003 2.2720687819415564 -4.3549999999999995 0.017798242504726173 0.10234588106928523 0.74242176508789692 0.19285000000000005 -1.6175091457868225 0.56534858326994641 1.0165395259010319
decision_type=2 2 2 2 2 2 2 2 2 2 2 2 2 2 2 2
left_child=8 -2 4 9 5 -3 -6 -5 -1 -4 11 14 -13 -12 -10 -15
right_child=1 2 3 7 6 -7 -8 -9 10 -11 13 12 -14 15 -16 -17
leaf_value=0.033338509429717382 0.035008008677845377 -0.01599092911915416 0.00049849538742148861 0.007087582684784148 -0.02734470238797641 0.014765452203350578 0.00087129122335543306 -0.018017760453609564 -0.0082175341672031631 -0.028733665854361864 0.032343471644030827 0.0029197930072384953 -0.016050301194350015 0.016051847611674698 -0.037834867815650222 -0.018420879402889889
leaf_weight=2.885640785098075 4.0803615599870673 5.992817409336566 6.4021613150835064 40.08228674530983 6.6700451821088782 60.04660464823246 59.942651480436325 9.0068174600601179 12.078867480158808 16.758559018373489 5.3013886436820021 39.56176383048296 20.858161725103855 4.1307169049978238 10.225110754370688 6.106187716126442
leaf_count=14 20 28 30 181 32 318 288 42 57 81 26 190 96 20 45 29
internal_value=-0.000108772 0.00212233 0.00143606 -0.00494066 0.00493289 0.0119091 -0.00194581 0.00239303 -0.00474564 -0.0205568 -0.00592731 -0.00862444 -0.00359519 0.00820339 -0.0220376 -0.00419977
internal_weight=310.13 208.982 204.902 72.2498 132.652 66.0394 66.6127 49.0891 101.148 23.1607 98.2622 82.7239 60.4199 15.5383 22.304 10.2369
internal_count=1497 1020 1000 334 666 346 320 223 477 111 463 388 286 75 102 49
is_linear=0
shrinkage=0.03


Tree=113
num_leaves=8
num_cat=0
split_feature=193 193 188 151 80 82 6
split_gain=3.49819 4.25018 3.78316 4.649 5.89458 4.59908 4.15739
threshold=-7.6899999999999986 -7.1899999999999986 -1.3500000000000003 3.6737614399695526 194.77648764625005 0.16547454705000003 58.70000000000001
decision_type=2 2 2 2 2 2 2
left_child=-1 -2 5 4 -4 -3 -7
right_child=1 2 3 -5 -6 6 -8
leaf_value=0.029878935328509583 -0.031059231026449727 -0.030565374116813433 0.0019884400327077603 -0.029085063818604217 0.031920210915317472 0.02236267899650227 -0.0048536465036614126
leaf_weight=3.3597108125686637 3.9303030744194976 5.8456617146730414 195.53636206686497 4.0575443208217612 6.0280027613043776 5.2402142360806456 85.460234798491001
leaf_count=18 18 29 958 20 28 23 403
internal_value=-0.000105631 -0.000454187 -3.6038e-05 0.00225399 0.00291384 -0.00494163 -0.00322529
internal_weight=309.458 306.098 302.168 205.622 201.564 96.5461 90.7004
internal_count=1497 1479 1461 1006 986 455 426
is_linear=0
shrinkage=0.03


Tree=114
num_leaves=12
num_cat=0
split_feature=208 187 2 33 196 13 179 198 182 103 114
split_gain=3.45696 3.68418 6.07147 6.57063 5.39336 5.48885 5.09453 5.6016 5.18682 0.981236 0.800671
threshold=-0.42846715424699156 4.9350000000000032 0.93500000000000016 0.56305000000000016 1.0190887195242382 21.375000000000004 1.2567292180934515 1.3229292519842757 0.99023504821066022 0.010550000000000002 0.29605000000000004
decision_type=2 2 2 2 2 2 2 2 2 2 2
left_child=-1 2 6 10 5 9 8 -8 -2 -3 -4
right_child=1 4 3 -5 -6 -7 7 -9 -10 -11 -12
leaf_value=-0.027251302912379115 -0.017670644439953039 0.023948274536816964 -0.022900011188381867 0.0079357109460686023 -0.0078179476634494798 -0.0013381067048422546 0.020894586101241765 -0.0035870923463518739 -4.2572206373725385e-05 0.047114709048751244 -0.045382299502343244
leaf_weight=4.0664367079734793 16.051018238067627 4.2349772080779093 3.6427301540970785 4.4869084954261771 7.6423229202628127 5.070797272026538 20.738230489194393 13.752391904592512 220.01195358484983 4.8220409154891968 4.7266477197408676
leaf_count=18 77 21 20 21 37 24 100 68 1069 22 20
internal_value=-0.000102406 0.000258326 -0.000646911 -0.0207122 0.0121292 0.0231094 0.000302774 0.0110642 -0.00126086 0.0369897 -0.0363371
internal_weight=309.246 305.18 283.41 12.8563 21.7701 14.1278 270.554 34.4906 236.063 9.05702 8.36938
internal_count=1497 1479 1375 61 104 67 1314 168 1146 43 40
is_linear=0
shrinkage=0.03


Tree=115
num_leaves=21
num_cat=0
split_feature=133 103 48 92 14 169 196 0 84 118 125 37 93 89 48 34 216 37 25 0
split_gain=3.56631 4.90492 6.25069 5.90676 7.08424 7.20497 5.90675 6.70145 6.20384 5.08363 8.38723 4.84642 4.40997 5.54068 4.64522 7.47311 4.68254 4.03813 2.81274 2.17303
threshold=67.523896608333345 -0.44474999999999992 306.50000000000006 0.12064375833600001 14.315000000000003 -0.45010313616723385 0.99130739005585622 20210626.500000004 0.37705430994400008 3365.2800000000002 17.500000000000004 6.5850000000000009 0.087863788800000023 0.5773170096500001 332.50000000000006 -0.074599999999999986 0.52916666666666679 23.425000000000004 0.55130000000000001 20230566.000000004
decision_type=2 2 2 2 2 2 2 2 2 2 2 2 2 2 2 2 2 2 2 2
left_child=12 2 18 4 17 -6 7 -5 -8 11 -11 -4 -1 19 16 -16 -15 -3 -2 -14
right_child=1 3 9 6 5 -7 8 -9 -10 10 -12 -13 13 14 15 -17 -18 -19 -20 -21
leaf_value=-0.019260770915197668 0.033456163972017838 0.0029593649151572472 0.0079705125540407568 0.014134780757161824 0.041842503177398627 -0.0013915515029564291 -0.019017237613924043 -0.0036613496234804751 0.0035292195090591834 0.0074049687944874425 -0.018215965005474587 -0.029884450591647321 0.039420799400642123 0.0026649694324704688 0.016716450795009424 -0.018817563654499828 0.034883307952201806 0.040271291125003814 -0.00063207237558945105 0.0087517897292792874
leaf_weight=5.096981778740882 4.1374322026967985 3.9667861685156813 3.497050233185294 29.024464443325996 3.7651421874761573 32.88076326996088 29.851672790944576 54.543990477919579 16.984497345983982 22.687871471047401 22.929534859955311 17.409603878855705 6.6635121852159482 10.09542801231146 8.6931140199303609 13.280924886465074 6.9761381372809401 8.8317591324448568 4.1310691311955452 3.5108008906245232
leaf_count=25 22 20 18 126 17 167 142 267 82 110 109 83 30 50 41 62 32 50 21 23
internal_value=-0.000100557 -0.00159929 -0.00805504 0.00107172 0.00990144 0.00307062 -0.0022582 0.00249314 -0.0107871 -0.0111425 -0.00541942 -0.0234018 0.00686053 0.00965993 0.00439903 -0.00461206 0.0161319 0.029052 0.0162626 0.0293182
internal_weight=308.959 254.642 74.7926 179.849 49.4445 36.6459 130.405 83.5685 46.8362 66.5241 45.6174 20.9067 54.3169 49.2199 39.0456 21.974 17.0716 12.7985 8.2685 10.1743
internal_count=1497 1234 363 871 254 184 617 393 224 320 219 101 263 238 185 103 82 70 43 53
is_linear=0
shrinkage=0.03


Tree=116
num_leaves=16
num_cat=0
split_feature=0 0 194 21 218 148 14 35 56 38 55 101 186 130 131
split_gain=3.50407 5.67074 4.94473 4.92273 4.73099 4.07852 4.19693 4.64914 4.82095 4.09907 3.63076 3.39983 4.47106 2.33701 0.059704
threshold=20240265.000000004 20230527.500000004 7.8471419126203328 0.17605000000000001 1.1096851561790182 68.528210935800061 20.060000000000006 0.83425000000000005 57.067148679450007 41.385000000000005 3.0150000000000001 32461276.150000002 -3.5650000000000008 2.0545500000000003 10.802820085470087
decision_type=2 2 2 2 2 2 2 2 2 2 2 2 2 2 2
left_child=1 2 3 -1 -5 6 7 8 -2 -9 11 12 -3 -13 -12
right_child=5 10 -4 4 -6 -7 -8 9 -10 -11 14 13 -14 -15 -16
leaf_value=0.032814012051319001 0.021125250287488496 -0.012296124462158211 -0.02374667357723094 -0.0021350649637229165 0.0095231780997348681 -0.01802161319870298 -0.017279432330044316 -0.022157752911862342 -0.0027961821330678765 0.011209066823832922 -0.034596274979652182 -0.0035324404282966273 0.027170514077717749 -0.03510263667051261 -0.020847427365937216
leaf_weight=4.1213045045733443 32.601117335259914 5.8981487378478068 7.5915798991918555 164.69556390494108 38.576011188328266 5.6278644874691954 5.0825761258602133 6.2598005235195142 9.5664880275726301 6.7150573134422302 5.8314215764403325 4.2322941198945028 4.3888846486806905 4.6896133124828339 2.4179687425494194
leaf_count=22 216 35 34 717 177 29 22 28 49 31 43 23 20 32 19
internal_value=-9.4348e-05 -0.00177115 -0.000114663 0.000746952 6.623e-05 0.00602679 0.00834993 0.0107935 0.0156335 -0.00470586 -0.0145843 -0.00715836 0.00435267 -0.0206643 -0.0312236
internal_weight=308.296 242.443 214.984 207.393 203.272 65.8529 60.225 55.1425 42.1676 12.9749 27.4583 19.2089 10.287 8.92191 8.24939
internal_count=1497 1122 950 916 894 375 346 324 265 59 172 110 55 55 62
is_linear=0
shrinkage=0.03


Tree=117
num_leaves=19
num_cat=0
split_feature=146 46 48 113 218 181 133 125 189 42 78 46 189 80 24 187 18 132
split_gain=3.41022 6.7559 3.85852 7.78148 6.62616 6.02021 5.80396 6.37283 5.5163 5.43207 5.61788 4.97291 4.50999 4.49882 3.82861 3.78636 3.74494 3.09489
threshold=43.025670078267019 0.19073483235536889 332.50000000000006 0.53750000000000009 0.63826400444760567 -0.85964343199320759 70.610030751190493 4.5000000000000009 -1.7249999999999994 78.010000000000005 1.3092371169000001 0.64260719369427299 -0.82499999999999918 5.7404294778000011 0.51315789473684215 -5.7849999999999957 62.360000000000007 2.9063000000000008
decision_type=2 2 2 2 2 2 2 2 2 2 2 2 2 2 2 2 2 2
left_child=1 14 6 4 16 -6 8 12 17 10 -5 -9 -8 -10 -1 -3 -4 -2
right_child=2 15 3 9 5 -7 7 11 13 -11 -12 -13 -14 -15 -16 -17 -18 -19
leaf_value=0.0089208104665458414 -0.016221153410780186 0.0028205509736349541 0.035553174198172562 0.0095044445682784008 -0.024557853756713845 -0.0066225177326191022 0 0.005846686232246605 0.00049679381927166802 0.035574097552691301 -0.022437362267392558 -0.0091432219283236055 -0.040165401663323573 0.038622380054820639 -0.025814818133857876 0.040192591295964288 -0.00292761316297813 0.016809455001951752
leaf_weight=6.9490059316158312 5.4580624699592608 3.9299793541431427 4.4578487351536733 23.53642471134663 21.471148692071438 81.724496260285378 4.2002132087945938 76.939391575753689 4.0634799674153319 5.3171400353312483 6.1452377736568442 26.67173208296299 5.7294933870434743 10.056567147374151 4.6375543177127838 7.3102291226387006 4.2561569362878799 4.6046899035573006
leaf_count=37 25 22 21 106 101 390 21 390 21 26 27 129 25 50 23 37 21 25
internal_value=-9.41222e-05 0.0110258 -0.00100001 -0.00438817 -0.00826118 -0.0104034 0.0025929 -0.00022792 0.0159069 0.00789868 0.0027374 0.00195394 -0.0230861 0.0279422 -0.00482745 0.0275306 0.0165978 -0.000794559
internal_weight=307.459 22.8268 284.632 146.908 111.91 103.196 137.724 113.541 24.1828 34.9988 29.6817 103.611 9.92971 14.12 11.5866 11.2402 8.71401 10.0628
internal_count=1497 119 1378 692 533 491 686 565 121 159 133 519 46 71 60 59 42 50
is_linear=0
shrinkage=0.03


Tree=118
num_leaves=13
num_cat=0
split_feature=38 12 86 16 82 43 86 185 183 179 10 2
split_gain=3.3722 4.1116 4.02383 4.72579 4.54272 5.9146 4.89176 5.31934 4.466 4.20055 3.63214 3.33189
threshold=4.8600000000000003 61.400000000000013 4.9510416095500007 18.225000000000005 6.7447199385500012 12.030000000000001 -3.6625745991499987 1.0750000000000031 0.022897268587034985 0.31326010507876523 22.275000000000002 -1.7049999999999998
decision_type=2 2 2 2 2 2 2 2 2 2 2 2
left_child=1 -1 4 -4 6 -6 7 -2 -8 10 -5 -7
right_child=2 -3 3 9 5 11 8 -9 -10 -11 -12 -13
leaf_value=-0.0048973691971378472 -0.024487376193290739 0.030570757005945279 -0.033114900481624618 -0.011147459931281616 -0.011108675105759384 0.010216116591261641 -0.0126271047400394 0.012173002197535488 0.0017707154367330308 -0.02547464782795306 0.026712108368676674 0.048346501558241058
leaf_weight=4.8537383824586851 14.14603813737631 6.8154983595013618 7.1149998009204891 4.0421872884035093 4.22572337090969 4.115271344780921 21.130245894193649 4.5592537447810164 221.61503236740828 4.7269584834575644 4.8148338496685028 4.7545636892318717
leaf_count=24 63 39 33 18 18 21 105 21 1086 22 24 23
internal_value=-8.96639e-05 0.0156469 -0.000726878 -0.0134515 0.000226104 0.0174083 -0.000629375 -0.015375 0.000500391 -0.00276633 0.00916719 0.031301
internal_weight=306.914 11.6692 295.245 20.699 274.546 13.0956 261.451 18.7053 242.745 13.584 8.85702 8.86984
internal_count=1497 63 1434 97 1337 62 1275 84 1191 64 42 44
is_linear=0
shrinkage=0.03


Tree=119
num_leaves=20
num_cat=0
split_feature=45 216 30 150 124 121 121 182 169 103 177 128 102 37 115 34 70 81 13
split_gain=3.29161 6.74994 5.63193 6.06731 6.23751 5.30406 5.08659 4.97379 4.65436 5.6955 7.4302 6.9778 6.3438 4.61213 4.19901 3.54271 3.41296 3.60741 2.60637
threshold=3.1150000000000007 0.57916666666666672 0.33810000000000007 39.548757551982909 672.50000000000011 3351.4700000000007 2008.5500000000004 4.5229582144401785 -0.52056201162742488 -0.71879999999999988 0.32443204820794153 31.453358976136077 0.20180000000000001 14.780000000000001 0.069175 0.15340000000000001 0.27826176865000002 1.0100477331000002 20.925000000000004
decision_type=2 2 2 2 2 2 2 2 2 2 2 2 2 2 2 2 2 2 2
left_child=1 2 3 4 -1 -5 14 -8 -2 16 11 -11 -12 15 -4 -3 17 -10 -18
right_child=8 13 6 5 -6 -7 7 -9 9 10 12 -13 -14 -15 -16 -17 18 -19 -20
leaf_value=0.01988749087070334 0.023646056437796617 -0.020178124544510304 -0.0056140950950199307 -0.021256803561763744 0.0035893116251550878 0.019435264005436027 -0.013453964854555323 0.0060242187255581956 -0.020551531948951873 -0.025847288946791384 -0.020591896170582373 -0.0022876265750304855 0.012745269174745749 -0.036278518953377477 0.032372448272927949 0.011238761699825442 -0.040953317755453987 0.012032764455830264 -0.0095925740249450317
leaf_weight=43.491109065711498 5.2010264322161666 6.1900762617588061 4.3095448985695821 9.82537082582712 42.151708282530308 3.9058338478207579 33.035054236650467 18.001579783856869 7.187479220330717 15.60663343220949 5.8583768606185904 41.777799673378468 35.310577981173992 5.8941159248352042 6.0565434247255325 6.4444641172885895 7.2426759451627714 5.0665333718061447 4.0659697949886322
leaf_count=229 26 26 19 48 199 21 162 93 39 72 27 203 167 25 31 29 33 27 21
internal_value=-8.69181e-05 0.00252174 0.00451428 0.00893143 0.0119144 -0.00940823 -0.00258856 -0.00652663 -0.00378343 -0.00499461 -0.00178556 -0.00878107 0.00789027 -0.0145382 0.0163907 -0.00395541 -0.0182258 -0.00684807 -0.0301236
internal_weight=306.622 179.305 160.777 99.374 85.6428 13.7312 61.4027 51.0366 127.317 122.116 98.5534 57.3844 41.169 18.5287 10.3661 12.6345 23.5627 12.254 11.3086
internal_count=1497 882 802 497 428 69 305 255 615 589 469 275 194 80 50 55 120 66 54
is_linear=0
shrinkage=0.03


Tree=120
num_leaves=18
num_cat=0
split_feature=0 0 207 194 20 165 121 18 14 41 7 213 55 192 11 98 131
split_gain=3.32268 5.41834 5.50782 5.3945 5.08957 4.9821 4.12836 3.98542 4.18883 4.57539 5.30219 3.99788 3.57006 3.44762 3.93455 2.27564 0.0605999
threshold=20240265.000000004 20230527.500000004 0.79399294055568814 8.1831099530637097 14.06 1.5464983523356601 6453.1850000000004 55.975000000000009 20.060000000000006 19.763260000000006 21.375000000000004 0.50012173400479265 3.0150000000000001 -1.4399999999999993 16.685000000000006 -0.23754527667499989 10.802820085470087
decision_type=2 2 2 2 2 2 2 2 2 2 2 2 2 2 2 2 2
left_child=1 2 4 5 6 -4 -1 -2 9 11 -11 -9 13 15 -15 -3 -14
right_child=7 12 3 -5 -6 -7 -8 8 -10 10 -12 -13 16 14 -16 -17 -18
leaf_value=0.0185955194151925 0.029021327088084411 -0.0027882764464952367 0.00057876427778398272 -0.030424834412605403 0.035002799930052439 -0.0184523539679078 -0.016803903529200054 0.022499031004028135 -0.025654218464616803 -0.010377946786285824 0.014423455155211292 -0.0096876046255993786 -0.034432667337051581 -0.014990258965531932 0.023238122994832001 -0.033099986254987231 -0.020616249255700086
leaf_weight=6.5987456440925616 6.0223043560981742 4.321506008505823 176.02324877679348 5.5876662731170645 7.1925390511751166 13.201995149254797 5.1774402111768723 17.768008224666122 4.0057442635297766 21.169814042747021 12.08136437833309 4.1055349037051192 5.7020983472466451 4.3118937611579913 5.172127902507782 5.137940302491188 2.3881368786096573
leaf_count=31 39 28 777 26 33 61 22 117 17 106 74 22 43 23 25 34 19
internal_value=-8.57482e-05 -0.00172187 -0.00010483 -0.00162414 0.0152682 -0.000742211 0.00276899 0.00590901 0.0034594 0.00567195 -0.00126051 0.0163047 -0.0143513 -0.00694859 0.00556957 -0.0197401 -0.031022
internal_weight=305.968 240.815 213.782 194.813 18.9687 189.225 11.7762 65.1528 59.1305 55.1247 33.2512 21.8735 27.0337 18.9435 9.48402 9.45945 8.09024
internal_count=1497 1122 950 864 86 838 53 375 336 319 180 139 172 110 48 62 62
is_linear=0
shrinkage=0.03


Tree=121
num_leaves=12
num_cat=0
split_feature=47 159 12 206 101 44 19 203 177 45 98
split_gain=3.30088 3.56247 4.64638 4.64285 8.62549 6.6222 6.38376 6.46138 6.04796 4.825 1.87287
threshold=0.20360000000000003 72.247133079251469 61.910000000000004 0.9265675907627916 99921409.670000017 38.785000000000004 23.475000000000005 0.67690000000000017 1.0466281438624037 2.8650000000000007 -1.2603065282499992
decision_type=2 2 2 2 2 2 2 2 2 2 2
left_child=-1 3 -3 4 9 -6 8 -8 -5 -2 -4
right_child=1 2 10 6 5 -7 7 -9 -10 -11 -12
leaf_value=0.025319791627637547 0.023938295027068499 0.015016264335107131 -0.0077852199348937851 -0.0059532907066501056 -0.014224949434952505 0.024659762236091818 0.0010615886967145648 0.036060726985757234 0.0080318068902776891 0.0035730173490474003 -0.037450606187903662
leaf_weight=4.4303670451045027 24.412336781620979 3.0066659301519385 3.3676379993557921 165.77714899927378 20.674900792539123 4.7281352728605262 13.384992606937887 7.424957036972045 33.190978541970253 19.024656914174557 5.761953927576541
leaf_count=24 129 14 18 799 97 23 63 35 164 101 30
internal_value=-8.50805e-05 -0.000477579 -0.016335 0.000184255 0.00698658 -0.00680159 -0.00193497 0.0138054 -0.00360243 0.0151163 -0.0270359
internal_weight=305.185 300.754 12.1363 288.618 68.84 25.403 219.778 20.8099 198.968 43.437 9.12959
internal_count=1497 1473 62 1411 350 120 1061 98 963 230 48
is_linear=0
shrinkage=0.03


Tree=122
num_leaves=12
num_cat=0
split_feature=208 187 187 13 196 201 0 185 195 110 19
split_gain=3.23491 3.46592 5.51318 4.96289 5.4413 4.35927 4.80115 4.0083 2.83602 2.77788 1.73327
threshold=-0.42846715424699156 4.9350000000000032 2.1849999999999956 20.925000000000004 1.133001148034084 1.4494486759898244 20240704.500000004 -1.3700000000000008 1.0409224985540775 0.30360000000000004 20.625000000000004
decision_type=2 2 2 2 2 2 2 2 2 2 2
left_child=-1 2 5 4 10 6 -2 -4 -7 -9 -3
right_child=1 3 7 -5 -6 8 -8 9 -10 -11 -12
leaf_value=-0.026674926992669531 -0.00065486211211267524 0.017781975945873663 -0.033125599635247818 -0.0083719678119582291 -0.0048797476976668048 0.000331551725511172 0.010129879042484793 -0.021241512587123177 -0.028479279347485339 0.01374677429351513 0.045355772824507076
leaf_weight=3.9638468921184531 206.36037875711918 4.1910675913095492 7.7239326685667038 7.0443895906209937 4.4637264534831038 4.8480972051620466 45.106796331703663 3.7392707020044309 7.4357722774147987 4.2085412740707397 5.7299400493502617
leaf_count=18 964 20 39 33 23 23 270 19 38 22 28
internal_value=-8.03255e-05 0.000268848 -0.000614377 0.0118743 0.0219856 0.000404635 0.00127098 -0.0178481 -0.0169553 -0.00240107 0.0343005
internal_weight=304.816 300.852 279.423 21.4291 14.3847 263.751 251.467 15.6717 12.2839 7.94781 9.92101
internal_count=1497 1479 1375 104 71 1295 1234 80 61 41 48
is_linear=0
shrinkage=0.03


Tree=123
num_leaves=6
num_cat=0
split_feature=193 193 127 16 64
split_gain=3.21376 3.93216 3.63794 5.24258 4.1246
threshold=-7.6899999999999986 -7.1899999999999986 13.695850000000002 26.250000000000004 2.4620499848500006
decision_type=2 2 2 2 2
left_child=-1 -2 -3 4 -4
right_child=1 2 3 -5 -6
leaf_value=0.028983796376553475 -0.030103771463838126 0.022760556861544656 0.022286819685903965 -0.028029174550612816 -0.00049994038033832414
leaf_weight=3.2835347801446906 3.8623356148600569 6.0782772377133361 7.2369740158319464 5.9973001331090918 277.87820317596197
leaf_count=18 18 30 35 28 1368
internal_value=-7.86684e-05 -0.000415128 -9.20301e-06 -0.000502578 7.55405e-05
internal_weight=304.337 301.053 297.191 291.112 285.115
internal_count=1497 1479 1461 1431 1403
is_linear=0
shrinkage=0.03


Tree=124
num_leaves=11
num_cat=0
split_feature=9 11 133 105 107 103 121 164 202 45
split_gain=3.19174 5.75085 4.13203 5.80671 5.47053 4.98708 5.87986 5.49845 4.28078 3.40813
threshold=79.875000000000014 21.185000000000006 67.523896608333345 0.57500000000000007 0.63050000000000017 -0.44474999999999992 3457.9800000000005 -0.73867266880654647 1.1466930766132557 2.5950000000000002
decision_type=2 2 2 2 2 2 2 2 2 2
left_child=1 2 3 8 -5 6 -4 -7 -1 -2
right_child=9 -3 5 4 -6 7 -8 -9 -10 -11
leaf_value=0.019779037332951718 0.037542027022062309 -0.030274075758751181 -0.02111182984577125 -0.026466888731782226 0.013938725449545775 -0.031945430240310921 -0.0023789998856945825 0.0020050761879289959 -0.0039632801012904877 0
leaf_weight=27.599697276949883 4.0356109440326673 5.6702707037329665 22.201610825955868 7.2086129784584028 4.9468896314501762 4.3006842061877242 48.053772933781147 166.67155012488365 8.7733005806803686 4.7399154603481293
leaf_count=139 20 27 111 33 25 20 237 818 43 24
internal_value=-7.58998e-05 -0.000618051 -1.71147e-05 0.00795042 -0.00979879 -0.00163503 -0.00836305 0.00111536 0.0139749 0.0176388
internal_weight=304.202 295.426 289.756 48.5285 12.1555 241.228 70.2554 170.972 36.373 8.77553
internal_count=1497 1453 1426 240 58 1186 348 838 182 44
is_linear=0
shrinkage=0.03


Tree=125
num_leaves=15
num_cat=0
split_feature=151 113 134 131 30 153 160 183 131 106 32 36 178 30
split_gain=3.20773 3.71008 6.67382 4.85293 4.77294 6.50198 5.94765 5.75538 6.37044 5.11398 4.69372 4.62714 3.82652 2.59134
threshold=0.068105029258492614 0.55415000000000014 56.546073745000008 4.3511075757575766 0.32690213920426808 0.098457829524140658 55.656188717449311 0.099960258284207557 1.8522876923076923 0.40900000000000009 0.4811457983193278 0.44489156626506027 0.12691170238543029 0.39055000000000001
decision_type=2 2 2 2 2 2 2 2 2 2 2 2 2 2
left_child=-1 4 3 13 5 6 -2 8 -6 -9 -4 -7 -12 -3
right_child=1 2 10 -5 7 11 -8 9 -10 -11 12 -13 -14 -15
leaf_value=0.021304901494264113 0.0010471602874869855 0.026292423503666177 -0.020613837861272639 0.04161571021168009 0.015151237936264585 -0.0096551458937078685 -0.024797303476153939 0.0066625155435774243 -0.016264408427093532 -0.019512602070001748 -0.010714512948978648 0.03019046909161463 0.017053715408618161 -0.0056493812185938316
leaf_weight=6.0810977593064299 130.03266032040119 3.8238516598939878 8.0038144290447253 6.9813043698668471 6.3341178074479094 3.2608299702405921 8.4346051886677724 34.204187668859959 53.775012783706188 8.2336837500333768 6.915385618805888 10.851121187210081 11.846566803753374 5.1500721126794815
leaf_count=37 624 19 38 36 29 17 44 170 257 39 33 71 58 25
internal_value=-7.43681e-05 -0.000527938 0.00762985 0.0229334 -0.00190817 0.00143965 -0.000522241 -0.00691516 -0.0128844 0.00147963 -0.00143245 0.0207692 0.00665715 0.00777039
internal_weight=303.928 297.847 42.721 15.9552 255.126 152.579 138.467 102.547 60.1091 42.4379 26.7658 14.112 18.762 8.97392
internal_count=1497 1460 209 80 1251 756 668 495 286 209 129 88 91 44
is_linear=0
shrinkage=0.03


Tree=126
num_leaves=18
num_cat=0
split_feature=146 46 48 113 127 133 125 40 189 78 200 107 25 189 214 187 28
split_gain=3.17409 6.33438 3.50758 7.1313 5.62085 5.1981 5.87937 5.18942 5.05332 5.01329 4.97228 4.85819 4.5425 4.17203 3.89618 3.48624 3.43349
threshold=43.025670078267019 0.19073483235536889 332.50000000000006 0.53750000000000009 17.429750000000002 70.610030751190493 4.5000000000000009 60.435000000000009 -1.7249999999999994 1.3092371169000001 1.3634366868137191 -0.12694999999999998 0.63945000000000007 -0.82499999999999918 0.26226958382158033 -5.7849999999999957 0.46216355932203396
decision_type=2 2 2 2 2 2 2 2 2 2 2 2 2 2 2 2 2
left_child=1 16 5 4 -4 8 13 9 14 -5 -10 -6 -8 -7 -2 -3 -1
right_child=2 15 3 7 11 6 12 -9 10 -11 -12 -13 -14 -15 -16 -17 -18
leaf_value=0.012532284459811372 -0.015793907162260076 0.002929944990677153 0.018816154374662799 0.0087574372850888517 -0.017636470971048149 0 0.00551865571309743 0.03269185555800707 0.040004484878181507 -0.021745583201737615 0.0016600207497117114 -0.0043032595472318668 -0.0092082737003053982 -0.038828114414458874 0.022384466152171247 0.039134596935369151 -0.020108969371967086
leaf_weight=5.2634729743003863 6.1428335309028643 3.8708269372582436 6.4870909228920928 22.487949535250667 41.351917952299118 4.1570917665958405 77.607551172375679 6.0387895926833144 8.9776518791913968 6.0530511140823355 4.8445152714848509 62.711534157395363 24.696576483547688 5.6500730291008932 3.8037408888339996 7.1812402904033643 6.097369447350502
leaf_count=28 28 22 33 102 202 21 392 30 47 27 24 298 127 25 22 37 32
internal_value=-7.09668e-05 0.0107572 -0.000948797 -0.00419827 -0.00792961 0.00250037 -0.000179474 0.00763267 0.015214 0.00213019 0.0268891 -0.00964215 0.00192871 -0.0222714 -0.000817749 0.0268634 -0.00474713
internal_weight=303.423 22.4129 281.01 145.13 110.551 135.88 112.111 34.5798 23.7687 28.541 13.8222 104.063 102.304 9.80716 9.94657 11.0521 11.3608
internal_count=1497 119 1378 692 533 686 565 159 121 129 71 500 519 46 50 59 60
is_linear=0
shrinkage=0.03


Tree=127
num_leaves=9
num_cat=0
split_feature=195 195 6 11 133 186 20 181
split_gain=3.13236 4.52858 3.91066 4.18757 4.87751 3.58785 2.97353 0.614235
threshold=3.4194185272029096 3.2088713622895475 80.265000000000015 21.315000000000001 67.523896608333345 1.1999999999999995 14.06 0.16758792008886444
decision_type=2 2 2 2 2 2 2 2
left_child=1 2 3 4 -1 6 -2 -8
right_child=5 -3 -4 -5 -6 -7 7 -9
leaf_value=0.0091815655237149889 0 0.032000963833486336 0.021541107168677045 -0.026160097721227595 -0.0016301251294147815 0.011013061858853855 -0.037001247217934734 -0.018581908029893984
leaf_weight=45.078842774033546 4.9666223898530033 4.0040187761187545 7.4527411684393874 5.4392611160874358 222.06454694271088 4.4554644823074332 5.0506379902362806 4.3340485095977783
leaf_count=224 25 21 36 29 1095 21 25 21
internal_value=-6.66994e-05 0.00071013 0.000240752 -0.000338309 0.00018581 -0.0118996 -0.0192475 -0.0290967
internal_weight=302.846 284.039 280.035 272.583 267.143 18.8068 14.3513 9.38469
internal_count=1497 1405 1384 1348 1319 92 71 46
is_linear=0
shrinkage=0.03


Tree=128
num_leaves=20
num_cat=0
split_feature=24 210 110 1 114 196 173 45 51 14 188 165 218 192 107 203 120 190 201
split_gain=3.1373 6.13167 6.81015 5.89265 5.61586 5.53838 5.33413 4.86143 4.64515 7.68051 6.5396 5.40815 5.39477 4.87715 4.28729 4.26994 4.18185 2.82334 2.41195
threshold=0.43552631578947371 -0.23926107172550029 0.26485000000000009 26.120000000000005 0.33755000000000007 0.6090065898119007 2.3313281157945194 1.9550000000000003 87.926050000000018 13.685 -4.049999999999998 -3.8309774795155955 0.90371999478140108 2.1200000000000006 -0.36844999999999994 -0.22750000000000004 2118.9700000000007 0.97500000000000064 1.0824038070564705
decision_type=2 2 2 2 2 2 2 2 2 2 2 2 2 2 2 2 2 2 2
left_child=1 -1 3 15 14 -6 8 -8 10 13 12 -12 -2 -10 -4 -3 -11 18 -9
right_child=6 2 4 -5 5 -7 7 17 9 16 11 -13 -14 -15 -16 -17 -18 -19 -20
leaf_value=-0.02001156621572326 0 -0.014526506547472588 0 -0.030039961278897437 -0.018330313208165309 0.015707353407989226 -0.036402474151447976 0 0.037092051445758618 -0.041464539989414635 -0.021072751208604107 0.0051367000098611424 -0.037188188245088599 -0.0049700468536902761 0.036113948161443692 0.016839729925034512 -0.010725358884173093 0.014192389484601144 -0.032489964719946814
leaf_weight=7.3241595998406401 7.5504993721842748 6.1471764445304915 3.9247282892465618 5.8235108703374854 6.0334165319800404 14.032259114086626 7.0766829177737263 4.5697105675935727 4.6378358602523786 4.5544146969914427 7.3130670189857474 145.55250509828329 6.5241323634982109 4.9406982287764549 14.268594928085802 10.131044842302799 34.118599727749825 4.2693279907107344 3.8459913283586502
leaf_count=35 37 31 21 31 31 73 33 24 23 21 36 709 30 26 70 53 170 23 20
internal_value=-6.48537e-05 0.00561089 0.00879749 -0.00434217 0.0164578 0.00528388 -0.00171437 -0.0165931 -0.000327001 -0.00852747 0.00202895 0.00385027 -0.0174286 0.0152589 0.0285215 0.00479529 -0.0145204 -0.00510893 -0.0153046
internal_weight=302.638 67.6849 60.3607 22.1017 38.259 20.0657 234.953 19.7617 215.192 48.2515 166.94 152.866 14.0746 9.57853 18.1933 16.2782 38.673 12.685 8.4157
internal_count=1497 345 310 115 195 104 1152 100 1052 240 812 745 67 49 91 84 191 67 44
is_linear=0
shrinkage=0.03


Tree=129
num_leaves=10
num_cat=0
split_feature=9 11 201 187 182 36 178 96 45
split_gain=3.07304 5.21941 3.85691 6.19165 4.28752 4.26943 7.76603 5.32243 3.17306
threshold=79.875000000000014 21.185000000000006 1.3674361307244467 -0.83499999999999719 4.1580920133595187 0.52705220883534143 0.18586539967998708 0.8733264082500003 2.5950000000000002
decision_type=2 2 2 2 2 2 2 2 2
left_child=1 2 5 4 -4 7 -7 -1 -2
right_child=8 -3 3 -5 -6 6 -8 -9 -10
leaf_value=0.0020528298375017805 0.036741868541511027 -0.029121329089645084 -0.029851432035630395 0.013094921608921143 0.0028415714041405264 -0.0012668199521932884 0.030347624606428907 -0.0089005900488178039 0
leaf_weight=184.7683015614748 3.9870376065373403 5.5631938502192488 12.76452755182982 6.4879353865981093 4.7723367214202872 16.326637849211696 11.902914941310881 50.798965625464916 4.7107020691037178
leaf_count=922 20 27 62 33 25 72 57 255 24
internal_value=-6.58038e-05 -0.000599377 -2.77446e-05 -0.0115197 -0.0208189 0.00101147 0.0120175 -0.000299268 0.0173935
internal_weight=302.083 293.385 287.822 24.0248 17.5369 263.797 28.2296 235.567 8.69774
internal_count=1497 1453 1426 120 87 1306 129 1177 44
is_linear=0
shrinkage=0.03


Tree=130
num_leaves=12
num_cat=0
split_feature=1 86 184 69 82 45 188 111 86 168 123
split_gain=3.08457 3.50348 5.61224 4.94357 4.40043 5.96138 5.12757 7.19076 5.08123 3.07632 2.66927
threshold=3.7150000000000003 4.9510416095500007 0.069045620092580071 12.467573230950002 6.7447199385500012 1.3150000000000002 -4.049999999999998 0.10900000000000001 -3.6625745991499987 -0.12983163181042293 0.31060000000000004
decision_type=2 2 2 2 2 2 2 2 2 2 2
left_child=-1 4 -3 9 6 -6 7 -2 -8 -4 -7
right_child=1 2 3 -5 5 10 8 -9 -10 -11 -12
leaf_value=0.024387851354601382 7.1860728659761889e-05 -0.035218784772271458 0.0020616207328605796 0.023459580520121551 -0.014585519429894592 0.04775451621243177 -0.014003895052813511 -0.0349883786983178 0.0021221315616159926 -0.030271881185788472 0.01447826275723527
leaf_weight=4.4689512476325026 12.37281170487404 6.484474457800391 5.2043564170598984 4.6360244899988166 3.6356589719653121 4.1975476294755918 18.970065414905548 8.8506307676434499 222.67689663916826 4.9530923292040807 5.3721504360437393
leaf_count=25 62 30 26 23 17 20 86 43 1114 24 27
internal_value=-6.29076e-05 -0.000448541 -0.0121538 -0.00167361 0.000446828 0.0172839 -0.000393828 -0.0145038 0.000838508 -0.0135542 0.0297274
internal_weight=301.823 297.354 21.2779 14.7935 276.076 13.2054 262.87 21.2234 241.647 10.1574 9.5697
internal_count=1497 1472 103 73 1369 64 1305 105 1200 50 47
is_linear=0
shrinkage=0.03


Tree=131
num_leaves=22
num_cat=0
split_feature=0 0 207 194 20 185 190 104 70 203 129 186 4 57 56 55 202 208 101 111 34
split_gain=3.06113 5.22428 5.18162 4.96166 4.76965 4.65491 4.01962 3.83478 5.34545 6.39385 5.01008 4.79994 4.7667 4.46352 4.85744 3.40212 3.39479 3.29323 3.33247 1.04537 0.072183
threshold=20240265.000000004 20230527.500000004 0.79399294055568814 8.1831099530637097 14.06 6.8850000000000025 -3.6750000000000003 0.045900000000000003 1.6662365693999999 -0.49259999999999993 2.8175646153846157 -3.499999999999996 -0.79499999999999993 3.3945540327000008 5.456544848500001 3.0150000000000001 1.1052840715744103 -0.082271146061985753 32461276.150000002 0.43440000000000006 0.26640000000000008
decision_type=2 2 2 2 2 2 2 2 2 2 2 2 2 2 2 2 2 2 2 2 2
left_child=1 2 4 5 6 -4 -1 8 11 -10 -11 12 -2 14 -9 17 -16 -3 -19 -13 -17
right_child=7 15 3 -5 -6 -7 -8 13 9 10 -12 19 -14 -15 16 20 -18 18 -20 -21 -22
leaf_value=-0.018526311475174428 0.035728840277406228 -0.034737275844122707 -0.0017996812847413046 -0.029508124749068981 0.034234745627218892 0.019576629078578142 0.017220730724667014 0.016019331335015558 0.031024368264878491 0.0046608020317318536 -0.040624521931095919 0.0365947084853286 -0.00026380401321306397 0.023334119422782601 -0.0074372369891583471 -0.034219388132726229 -0.039458273243930843 0.011311536145430448 -0.016405215882402631 0.013298677575384754 -0.020018713802383938
leaf_weight=4.5821805000305185 4.1000035405159023 3.0845374614000383 177.43273031711578 5.4445145055651656 7.0831814855337134 9.5575986951589567 6.9791094213724145 4.1759537383914056 2.8859669491648665 3.8840144425630552 4.617330014705658 9.6916525661945361 14.894323654472826 3.9890818744897834 7.7643889933824521 5.546184115111827 5.126656785607338 8.5340328142046911 6.9985396936535826 2.8441969454288474 2.2971781566739082
leaf_count=20 30 20 791 26 33 47 33 29 18 23 20 70 78 22 45 43 22 45 45 18 19
internal_value=-6.0472e-05 -0.00163936 -4.72065e-05 -0.00152724 0.0149953 -0.000681164 0.00275818 0.00574868 0.010906 -0.00647957 -0.0197726 0.0172804 0.00749467 -0.00462331 -0.0114304 -0.0141793 -0.0206084 -0.00691405 -0.00101 0.0316937 -0.0307423
internal_weight=301.513 237.54 211.079 192.435 18.6445 186.99 11.5613 63.9736 42.9175 11.3873 8.50134 31.5302 18.9943 21.0561 17.067 26.4605 12.891 18.6171 15.5326 12.5358 7.84336
internal_count=1497 1122 950 864 86 838 53 375 257 61 43 196 108 118 96 172 67 110 90 88 62
is_linear=0
shrinkage=0.03


Tree=132
num_leaves=9
num_cat=0
split_feature=146 151 45 216 204 92 169 103
split_gain=3.2643 3.76412 3.68694 5.97761 6.00234 5.26381 4.35173 4.66942
threshold=8.7462392075659761 3.6183058514877664 3.1150000000000007 0.57916666666666672 1.2088444520197139 0.62124200436400012 -0.52056201162742488 -0.71879999999999988
decision_type=2 2 2 2 2 2 2 2
left_child=-1 2 3 4 -2 -5 -4 -8
right_child=1 -3 6 5 -6 -7 7 -9
leaf_value=0.033468402513151654 0.0063604537353105671 -0.026528265488076658 0.022853055287358513 -0.024559458372206945 -0.01979861942489328 0.0096359281840640004 -0.017346319749272542 -0.0021336352971642932
leaf_weight=2.4893052726984015 143.18979427218437 4.7668112367391577 5.1222453564405432 12.151748284697534 8.2103493511676771 5.8349123746156684 22.486546121537685 96.34121498465538
leaf_count=14 732 23 26 53 40 26 117 466
internal_value=-5.82686e-05 -0.000359422 6.45017e-05 0.00295095 0.00490993 -0.0133086 -0.00385505 -0.00504982
internal_weight=300.593 298.104 293.337 169.387 151.4 17.9867 123.95 118.828
internal_count=1497 1483 1460 851 772 79 609 583
is_linear=0
shrinkage=0.03


Tree=133
num_leaves=15
num_cat=0
split_feature=177 0 141 169 3 191 9 206 214 45 11 151 69 49
split_gain=3.04784 5.20348 6.16655 6.18174 7.00525 5.57625 4.78648 4.54455 6.64957 5.51836 5.13122 4.95709 7.22689 3.57467
threshold=1.0466281438624037 20241214.500000004 4.8215871773366752 0.55935995164861929 -0.064999999999999988 -4.3749999999999991 79.875000000000014 0.9265675907627916 0.2281786293464281 8.1750000000000025 16.940000000000001 0.075615181399996054 0.77652723035000004 20220728.500000004
decision_type=2 2 2 2 2 2 2 2 2 2 2 2 2 2
left_child=6 2 3 4 -2 -4 7 8 10 -10 -1 -9 -13 -7
right_child=1 -3 5 -5 -6 13 -8 11 9 -11 -12 12 -14 -15
leaf_value=-0.013466400032602244 0.029427644601960821 0.032867002987505119 0.011891407328536566 -0.018406228136813616 -0.0019428913411326629 -0.0011740494262043927 0.024655474616964303 0.023446854551922768 0.023367914938763112 -0.0081096850672403159 0.012716739587134684 -0.01840890559895551 -0.002527433098156335 -0.036662038875508347
leaf_weight=19.718019858002666 15.866783492267135 5.8554350212216368 5.8977341949939754 5.1971283406019202 10.394355110824108 4.2698429897427541 6.0264752432703963 5.4092584624886504 20.876837611198429 6.3644571974873534 10.020418733358381 31.424775294959545 145.89684695005417 7.0319076776504517
leaf_count=99 76 41 28 24 49 20 30 33 113 32 51 155 709 37
internal_value=-5.691e-05 0.0063434 0.00302918 0.0109631 0.0169369 -0.0112882 -0.00149093 -0.00217079 0.00519592 0.0159012 -0.00453035 -0.00448589 -0.00536763 -0.0236456
internal_weight=300.25 54.5132 48.6578 31.4583 26.2611 17.1995 245.737 239.711 56.9797 27.2413 29.7384 182.731 177.322 11.3018
internal_count=1497 275 234 149 125 85 1222 1192 295 145 150 897 864 57
is_linear=0
shrinkage=0.03


Tree=134
num_leaves=8
num_cat=0
split_feature=146 205 9 214 129 162 181
split_gain=3.10618 3.63856 3.27266 3.72652 8.25852 5.24945 3.12152
threshold=8.7462392075659761 0.76916423464867445 79.875000000000014 0.28451401352201133 4.1317619230769234 1.3875524385123745 -0.050582792485108198
decision_type=2 2 2 2 2 2 2
left_child=-1 -2 3 5 -5 -3 -4
right_child=1 2 6 4 -6 -7 -8
leaf_value=0.032794209255105872 0.030796440682316351 -0.0038731471884895846 0.037926270870804295 0.015609924528479865 -0.0051771788677307537 0.028958980347162072 0.00011791291564380522
leaf_weight=2.4667057469487181 3.2338609695434561 212.97667525708675 3.6900026649236679 33.048980109393597 35.387926340103149 4.3573666736483565 4.4187337011098844
leaf_count=14 18 1052 20 178 174 20 21
internal_value=-5.45687e-05 -0.000348323 -0.000711605 -0.00125746 0.00482551 -0.00318808 0.0179411
internal_weight=299.58 297.114 293.88 285.771 68.4369 217.334 8.10874
internal_count=1497 1483 1465 1424 352 1072 41
is_linear=0
shrinkage=0.03


Tree=135
num_leaves=13
num_cat=0
split_feature=172 19 149 46 206 101 184 45 33 183 181 12
split_gain=2.98835 3.59643 7.1742 7.33408 4.71806 7.44802 5.93217 5.30937 5.2014 6.3351 5.20931 3.04695
threshold=2.0304126541631646 23.475000000000005 25.532810441356766 -0.093349999999999989 0.9265675907627916 99921409.670000017 0.1263311964373989 2.8650000000000007 0.54440000000000011 0.049139220126282745 0.14106084991987564 69.910000000000011
decision_type=2 2 2 2 2 2 2 2 2 2 2 2
left_child=1 4 -3 -4 5 7 -7 -1 9 -6 -10 -5
right_child=-2 2 3 11 8 6 -8 -9 10 -11 -12 -13
leaf_value=0.023009196651041248 -0.024372637506108248 -0.020994234014694843 -0.014112935120881196 0.044382943960767036 -0.011020833784394316 -0.023094240418212311 0.0082764180216764998 0.0018443129556697038 -0.00023818872395788809 0.0039871999943081569 -0.017327932953098129 0.017051207488794906
leaf_weight=23.665602020919323 4.3813004717230788 4.9851722195744541 4.6774910166859689 6.3304505869746199 33.313579939305782 11.237919852137567 10.145984426140783 19.987514816224575 28.894928999245167 104.16618248820305 37.071140952408314 10.442564234137533
leaf_count=129 22 26 22 31 165 55 50 107 146 514 182 48
internal_value=-4.98506e-05 0.000309458 0.0108526 0.0184562 -0.000721141 0.00629188 -0.00810098 0.0134133 -0.00297977 0.000323337 -0.00989926 0.0277464
internal_weight=299.3 294.919 26.4357 21.4505 268.483 65.037 21.3839 43.6531 203.446 137.48 65.9661 16.773
internal_count=1497 1475 127 101 1348 341 105 236 1007 679 328 79
is_linear=0
shrinkage=0.03


Tree=136
num_leaves=10
num_cat=0
split_feature=146 151 145 53 214 135 11 70 114
split_gain=2.94127 3.4976 3.61898 4.74783 6.5209 4.59571 5.28386 4.29585 4.09126
threshold=8.7462392075659761 3.6183058514877664 35.352444946390875 1.9206000000000001 0.22934110262942653 1.7518817179258088 16.685000000000006 -1.8898005667999997 0.31305000000000011
decision_type=2 2 2 2 2 2 2 2 2
left_child=-1 2 3 7 -5 6 -4 -2 -7
right_child=1 -3 5 4 -6 8 -8 -9 -10
leaf_value=0.032073195960612692 -0.0016595663394415178 -0.025685267682823837 -0.025773191333794885 -0.015187034571836788 0.014559938109795702 -0.0046308417080926905 0.0041995779969488164 0.031030893972675777 0.0034933526185961551
leaf_weight=2.441862925887107 5.0405591055750874 4.7190169245004645 13.696044556796553 12.675271086394789 13.68717238306999 98.366900458931923 8.2982577383518201 11.284850336611269 128.60005252808332
leaf_count=14 30 23 71 71 72 475 43 63 635
internal_value=-4.84029e-05 -0.00033391 7.46667e-05 0.0081442 0.000140648 -0.00129964 -0.0143611 0.0208062 -1.49294e-05
internal_weight=298.81 296.368 291.649 42.6879 26.3624 248.961 21.9943 16.3254 226.967
internal_count=1497 1483 1460 236 143 1224 114 93 1110
is_linear=0
shrinkage=0.03


Tree=137
num_leaves=12
num_cat=0
split_feature=193 188 127 132 52 126 181 210 115 96 113
split_gain=2.90404 3.56846 5.12459 5.04744 5.20151 4.9329 4.78109 5.18081 5.10783 4.44516 5.09685
threshold=-7.6899999999999986 -1.4250000000000005 14.311800000000002 1.3358000000000001 2.2306000000000004 55.642000869565216 1.0000000180025095e-35 -0.23926107172550029 0.14040000000000002 0.11728319030000006 0.4875000000000001
decision_type=2 2 2 2 2 2 2 2 2 2 2
left_child=-1 6 -3 5 -5 -4 7 -2 -9 10 -8
right_child=1 2 3 4 -6 -7 9 8 -10 -11 -12
leaf_value=0.027933330964728786 -0.025084699351262996 0.034539918249835037 -0.030958403263008125 0.012782932284387439 -9.6569092766602258e-06 0.0079219733743730418 0.0048014260559063006 -0.0011117793819428975 0.023491927070696691 -0.032668178696504235 -0.015657516933344679
leaf_weight=3.1988924145698538 5.1230444312095633 4.1281583160161963 8.1432335302233678 35.004428878426552 152.00926059484482 4.3455000817775717 17.8547154776752 22.6733039021492 11.156194768846033 7.4269181191921225 27.41262349486351
leaf_count=18 24 21 38 185 764 23 91 113 55 37 128
internal_value=-4.65268e-05 -0.000369158 0.00183246 0.00112368 0.00237432 -0.0172361 -0.00529032 0.00261423 0.00695887 -0.0111842 -0.00752901
internal_weight=298.476 295.277 203.631 199.502 187.014 12.4887 91.6468 38.9525 33.8295 52.6943 45.2673
internal_count=1497 1479 1031 1010 949 61 448 192 168 256 219
is_linear=0
shrinkage=0.03


Tree=138
num_leaves=12
num_cat=0
split_feature=195 195 113 153 103 92 39 214 110 18 195
split_gain=2.87219 4.24338 3.5184 6.81094 6.24758 6.56818 5.68204 4.97082 3.47514 2.69413 1.61026
threshold=3.4194185272029096 3.2088713622895475 0.54585000000000006 0.09666368862477534 -0.77064999999999995 0.17289562016800003 12.400000000000002 0.21826758082694725 0.24475000000000002 64.435000000000016 4.9428784624081414
decision_type=2 2 2 2 2 2 2 2 2 2 2
left_child=1 2 3 6 -4 -6 -1 -5 -2 -10 -11
right_child=8 -3 4 7 5 -7 -8 -9 9 10 -12
leaf_value=0.0027795149229879199 -0.034992143530518625 0.031326145806448519 -0.020478983895191916 -0.01221106345297158 0.027839203445927212 0.0031273007003372218 -0.0076793861260749871 0.017302172663293727 -0.019073375799825688 -0.0063179472425644503 0.019853012192642246
leaf_weight=77.641378961503506 4.2672122642397907 3.9152852892875663 6.1563819944858542 6.2115176245570209 14.607256524264811 29.390366494655609 116.04238894581795 25.731439054012299 6.0691285133361808 3.8442145064473134 4.2136073559522629
leaf_count=378 23 21 28 40 74 145 563 156 29 21 19
internal_value=-4.49113e-05 0.000701845 0.000244997 -0.00134211 0.00743302 0.0114442 -0.00347201 0.0114493 -0.0115045 -0.00400278 0.00707527
internal_weight=298.09 279.696 275.781 225.627 50.154 43.9976 193.684 31.943 18.3942 14.127 8.05782
internal_count=1497 1405 1384 1137 247 219 941 196 92 69 40
is_linear=0
shrinkage=0.03


Tree=139
num_leaves=14
num_cat=0
split_feature=21 103 91 202 12 83 199 7 21 178 134 128 214
split_gain=2.8487 3.5672 6.58332 4.34597 4.06025 5.09125 5.55277 4.99584 4.50147 3.76089 3.56278 1.84357 1.54905
threshold=0.87675000000000014 1.9100000000000004 0.23150101155000002 0.8300521643377583 58.215000000000011 2.1902969316000003 1.9714497767538857 16.275000000000002 0.22530000000000003 0.035053074125033563 105.88970760000002 32.585094901684009 0.30369597491727268
decision_type=2 2 2 2 2 2 2 2 2 2 2 2 2
left_child=1 4 -3 -4 5 6 -1 9 -9 -6 12 -5 -2
right_child=10 2 3 11 7 -7 -8 8 -10 -11 -12 -13 -14
leaf_value=0.027768235420199301 -0.034978272664612287 -0.021691650247192593 -0.0025370976069384989 0.047884311163227909 0.0030278644164867903 -0.015273727135679947 -0.0095049074610942356 0.017091171230479141 -0.00087062005977629753 -0.018366167586078751 0.0061867747983969969 0.020885705716715646 -0.0087622787766984851
leaf_weight=14.353843770921236 5.2436531260609609 3.7926613092422512 4.5191210135817519 4.1978553682565671 10.220286183059214 4.8843965083360663 4.5912626609206191 13.330796204507349 191.69613180682063 24.488034419715405 5.2774501815438262 6.9473115727305412 4.0000503659248352
leaf_count=77 29 19 24 20 52 26 24 71 947 124 29 36 19
internal_value=-4.32519e-05 0.000613499 0.012979 0.0216482 -0.000292552 0.0114769 0.0185753 -0.00147924 0.000290388 -0.0119896 -0.0129654 0.031657 -0.02417
internal_weight=297.543 283.022 19.4569 15.6643 263.565 23.8295 18.9451 239.735 205.027 34.7083 14.5212 11.1452 9.2437
internal_count=1497 1420 99 80 1321 127 101 1194 1018 176 77 56 48
is_linear=0
shrinkage=0.03


Tree=140
num_leaves=13
num_cat=0
split_feature=3 92 114 130 212 218 127 181 207 188 107 94
split_gain=2.89119 3.29257 4.40739 5.27718 4.53898 4.37905 7.56374 5.97039 6.36365 5.63055 4.75426 0.988136
threshold=1.6900000000000002 0.035783338736000002 0.25340000000000007 2.7548750000000006 0.026757949675710827 0.89241282725760818 17.253975000000001 0.014756552173461274 1.2262591510824972 2.9249999999999994 -0.19244999999999998 -0.019299728099999983
decision_type=2 2 2 2 2 2 2 2 2 2 2 2
left_child=1 2 -1 11 -5 7 -7 10 -9 -8 -3 -4
right_child=-2 5 3 4 -6 6 9 8 -10 -11 -12 -13
leaf_value=-0.020073291811533157 0.020380596437305023 -0.0038321397957747695 0.044074443254239773 0.022721229932449759 -0.004003968296839181 0.02324204633692652 -0.0090810633582556772 0.0017068069641781624 -0.018980533473864403 0.01828206714397114 0.016875846742618078 0.020069765252483603
leaf_weight=4.3692690804600707 6.0038810819387427 13.907675959169863 3.9328086450695992 8.3407307229936141 17.296891056001186 7.546218402683734 114.08702991530299 60.304607890546322 17.028614431619644 7.035302221775054 33.142351895570755 4.1051057130098325
leaf_count=22 30 70 20 44 100 37 563 301 80 35 171 24
internal_value=-4.21309e-05 -0.000480507 0.00772198 0.0114659 0.00462852 -0.00172812 -0.005613 0.00226779 -0.00282839 -0.00745318 0.0106959 0.0325807
internal_weight=297.1 291.097 38.0448 33.6755 25.6376 253.052 128.669 124.383 77.3332 121.122 47.05 8.03791
internal_count=1497 1467 210 188 144 1257 635 622 381 598 241 44
is_linear=0
shrinkage=0.03


Tree=141
num_leaves=19
num_cat=0
split_feature=0 0 181 207 20 159 104 162 215 57 56 197 152 22 30 129 208 14
split_gain=2.80325 4.90497 4.99472 4.78232 4.61326 4.58482 3.65853 4.63529 5.1165 4.09521 4.23136 3.9507 3.48406 3.43106 2.91519 2.80836 3.3868 4.04389
threshold=20240265.000000004 20230527.500000004 -13.447644562064863 0.79399294055568814 14.06 73.610247818948281 0.045900000000000003 0.2978500330559844 0.24463647307103983 3.3945540327000008 5.456544848500001 0.82165188802922307 3.7557085211722172 -0.57604999999999984 0.51376137632286156 4.1317619230769234 -0.077906789115622585 15.940000000000003
decision_type=2 2 2 2 2 2 2 2 2 2 2 2 2 2 2 2 2 2
left_child=1 2 -1 4 -4 -5 7 8 13 10 -8 -10 -12 -2 -9 16 -3 -18
right_child=6 15 3 5 -6 -7 9 14 11 -11 12 -13 -14 -15 -16 -17 17 -19
leaf_value=0.041922905761806149 0.0013981280935414168 -0.031609496230557879 0.0018428892560002719 -0.0010841941833165372 0.033187137281282163 -0.027081495765687014 0.014954589647615073 -0.02922937933018353 -0.01754620621177307 0.022461683727430286 -0.02942791536683622 0.013256332329051209 0.0046872724194212652 0.033893265813768426 0.0075747337113520746 -0.031354189779001222 0.017177965807911626 -0.013978152605193021
leaf_weight=2.4234373420476905 3.9854670166969326 4.1760953366756501 11.182906441390516 181.51565577834845 6.9304046779870978 6.2370372861623755 4.0227529332041803 3.6877782940864554 5.3389193862676647 3.8963584080338469 9.2027106061577779 11.738666698336599 3.558636061847209 13.505565240979193 3.7047232538461685 6.2720515802502623 6.1889637410640708 9.1378351897001249
leaf_count=11 26 28 52 822 33 32 29 18 28 22 47 69 20 94 22 48 33 63
internal_value=-3.84263e-05 -0.00155734 -1.25779e-05 -0.000540919 0.0141167 -0.00197774 0.00558271 0.0106859 0.0153267 -0.00462893 -0.0111914 0.00340589 -0.0197188 0.0267096 -0.0105298 -0.0138764 -0.00797135 -0.00117304
internal_weight=296.706 234.064 208.289 205.866 18.1133 187.753 62.6416 41.9611 34.5686 20.6805 16.7841 17.0776 12.7613 17.491 7.3925 25.7749 19.5029 15.3268
internal_count=1497 1122 950 939 85 854 375 257 217 118 96 97 67 120 40 172 124 96
is_linear=0
shrinkage=0.03


Tree=142
num_leaves=18
num_cat=0
split_feature=177 213 47 111 214 212 196 36 68 0 141 169 3 191 131 49 109
split_gain=2.79238 4.83058 6.70699 5.80922 7.26716 5.06819 5.80509 5.50957 4.90638 4.72917 5.57166 5.71365 6.54032 5.0551 4.00958 3.41991 3.32261
threshold=1.0466281438624037 -0.1525709747865793 0.6088798433025272 -0.19599999999999998 0.27484051825462946 -0.13583669245252658 2.5376880923223659 0.48296385542168679 0.16261894991600004 20241214.500000004 4.8215871773366752 0.55935995164861929 -0.064999999999999988 -4.3749999999999991 3.0201982352941177 20220728.500000004 0.45835000000000009
decision_type=2 2 2 2 2 2 2 2 2 2 2 2 2 2 2 2 2
left_child=1 2 8 4 14 7 -7 -5 -1 10 11 12 -2 -12 -3 -15 -10
right_child=9 3 -4 5 -6 6 -8 -9 16 -11 13 -13 -14 15 -16 -17 -18
leaf_value=0.038733212770677615 0.028531698292414365 -0.0043630041417976866 -0.018435093037055848 -0.038636698141830128 0.013731107578317059 0.0027159912768088554 -0.014060786684501199 0.00038575727647677428 0.024403998527174373 0.032040124001403526 0.011300173535102364 -0.017804600900331365 -0.0019564492917616963 -0.00072400662614453956 -0.029459387308320383 -0.035807875034389376 0
leaf_weight=6.1568493768572834 15.638513445854191 8.8287492543458956 6.4478547051548949 6.3568942397832853 6.3868994861841193 139.84437622874975 21.287490837275982 6.2632578611373901 7.5841993018984821 5.6001300290226927 5.8519883379340198 5.1381766498088828 10.282444909214973 4.2125133723020536 18.239015072584152 6.7852116003632545 15.044748619198797
leaf_count=35 76 47 38 31 34 686 107 34 41 41 28 24 49 20 88 37 81
internal_value=-3.58033e-05 -0.00141541 0.00881601 -0.00317306 -0.0146072 -0.000947102 0.000473621 -0.0191836 0.0150666 0.00614999 0.00300073 0.0105738 0.0163612 -0.0107618 -0.0214303 -0.0227675 0.0083534
internal_weight=295.949 242.44 35.2337 207.207 33.4547 173.752 161.132 12.6202 28.7858 53.509 47.9088 31.0591 25.921 16.8497 27.0678 10.9977 22.6289
internal_count=1497 1222 195 1027 169 858 793 65 157 275 234 149 125 85 135 57 122
is_linear=0
shrinkage=0.03


Tree=143
num_leaves=19
num_cat=0
split_feature=24 210 9 173 78 50 9 21 201 9 201 189 74 16 45 198 2 97
split_gain=2.77765 5.54831 5.00183 4.842 4.53673 5.59984 4.48524 4.82199 4.45335 6.45876 5.76577 7.05441 5.41677 5.26956 4.35053 4.21324 3.14691 3.46697
threshold=0.43552631578947371 -0.23926107172550029 71.560000000000016 2.3313281157945194 -4.285047401049999 20230108.500000004 73.325000000000003 0.43755000000000005 0.95109066003053322 75.225000000000009 1.1921895249502901 2.5499999999999994 0.33096009710000002 16.425000000000004 1.9550000000000003 1.3073481558561586 0.59500000000000008 -0.87488356219999852
decision_type=2 2 2 2 2 2 2 2 2 2 2 2 2 2 2 2 2 2
left_child=1 -1 4 8 -3 -6 -4 -8 9 13 12 -12 -10 -2 -5 -11 17 -16
right_child=3 2 6 14 5 -7 7 -9 10 15 11 -13 -14 -15 16 -17 -18 -19
leaf_value=-0.019350564473728387 0.0028651589732877781 -0.010363887553772645 -0.024618139595160241 -0.034959454808849738 0.02901462249943813 0.0047039326917951005 0.025163980052668247 -0.013414821406092087 -0.011468610688564055 0.034124849649450534 -0.008151619516915681 0.026071494564398518 0.0124027941438543 -0.013851494133749066 -0.03782108621317367 -0.0026742521721446382 0.014386327765684869 0.0015088347593524109
leaf_weight=7.104653686285018 24.585363738238811 5.5930872857570639 6.4179114475846317 6.8966652974486378 19.473989952355623 15.783114507794378 5.9239563196897489 5.4639161452651024 9.7523744031786901 5.5528032258152944 46.095371134579182 6.0162315592169753 60.482132609933615 52.636667005717754 3.5911904647946367 5.2469889149069786 4.535925917327404 4.1264591142535183
leaf_count=35 127 27 29 33 100 95 33 26 50 28 231 30 301 257 19 28 24 24
internal_value=-3.4808e-05 0.00538588 0.00846095 -0.00160266 0.0142525 0.0182607 -0.00466392 0.00643703 -0.000270186 -0.00542604 0.00341609 -0.00410077 0.0090339 -0.00849375 -0.0160067 0.0161106 -0.00490011 -0.0166582
internal_weight=295.279 65.7606 58.656 229.518 40.8502 35.2571 17.8058 11.3879 210.368 88.0218 122.346 52.1116 70.2345 77.222 19.1502 10.7998 12.2536 7.71765
internal_count=1497 345 310 1152 222 195 88 59 1052 440 612 261 351 384 100 56 67 43
is_linear=0
shrinkage=0.03


Tree=144
num_leaves=11
num_cat=0
split_feature=151 113 103 89 127 121 120 200 188 22
split_gain=2.74643 3.2621 4.71182 4.01107 4.76961 4.42061 4.01848 3.70517 3.29841 2.16295
threshold=0.068105029258492614 0.55415000000000014 -0.78504999999999991 -0.34583218379999997 13.695850000000002 3047.2350000000006 7342.2450000000008 2.5744172658425133 -3.6750000000000003 0.20915000000000003
decision_type=2 2 2 2 2 2 2 2 2 2
left_child=-1 3 -3 5 -5 -2 -6 8 -4 -7
right_child=1 2 7 4 6 9 -8 -9 -10 -11
leaf_value=0.020218381743340119 0.0088099017251719609 -0.018975186182146438 -0.013123940843669671 0.024920126754366768 -0.0038637058068937704 -0.010023648794930768 0.0053528943864612159 -0.012629334994997065 0.0183428334364165 -0.04128013102756916
leaf_weight=5.7993600144982329 3.7110912650823584 5.1844176352024069 3.168689243495467 6.1726651191711417 172.25930301100016 3.6987036913633329 56.250600397586823 4.8636253178119651 28.152554914355278 5.452074371278286
leaf_count=37 20 24 15 32 864 19 290 26 144 26
internal_value=-3.40347e-05 -0.000457796 0.00731562 -0.00177142 -0.000860333 -0.0180292 -0.00158045 0.0112071 0.0150323 -0.0292156
internal_weight=294.713 288.914 41.3693 247.544 234.683 12.8619 228.51 36.1849 31.3212 9.15078
internal_count=1497 1460 209 1251 1186 65 1154 185 159 45
is_linear=0
shrinkage=0.03


Tree=145
num_leaves=13
num_cat=0
split_feature=146 46 24 201 187 146 184 113 53 45 187 114
split_gain=2.76579 5.76634 3.13797 3.07203 4.31911 4.27314 3.92405 3.86409 4.11805 3.89053 2.93065 2.66294
threshold=43.025670078267019 0.19073483235536889 0.48684210526315791 1.3674361307244467 -0.77500000000000202 18620.652134967302 0.17327155104210054 0.55415000000000014 5.6893000000000002 3.1150000000000007 -5.7849999999999957 0.35775000000000007
decision_type=2 2 2 2 2 2 2 2 2 2 2 2
left_child=1 2 -1 5 6 7 11 9 -9 -2 -3 -5
right_child=3 10 -4 4 -6 -7 -8 8 -10 -11 -12 -13
leaf_value=0.013155920589440864 0.0014636137667351186 0.0032821611339658129 -0.018901816545803529 -0.03707583610487835 0.010024674758069407 0.026934336001793801 0.0050787879069379696 0.017790174379728477 -0.0021911287264364033 -0.0068160482141954113 0.037371807026791527 -0.0070933439824127859
leaf_weight=4.6952159032225627 119.08420291543007 3.6822575852274895 6.1939768567681313 8.5003885626792961 6.0759617015719405 5.1327160894870749 4.3169983476400366 19.718912698328495 16.977496467530727 88.749317597597837 6.9305134117603284 4.3404205515980712
leaf_count=27 605 22 33 43 31 28 21 98 87 441 37 24
internal_value=-3.32875e-05 0.0102896 -0.00481219 -0.000861103 -0.011272 9.98591e-05 -0.0190019 -0.000461917 0.00848352 -0.00205913 0.025965 -0.0273062
internal_weight=294.398 21.502 10.8892 272.896 23.2338 249.663 17.1578 244.53 36.6964 207.834 10.6128 12.8408
internal_count=1497 119 60 1378 119 1259 88 1231 185 1046 59 67
is_linear=0
shrinkage=0.03


Tree=146
num_leaves=16
num_cat=0
split_feature=166 214 107 86 26 218 19 34 127 101 205 217 52 30 133
split_gain=2.74845 3.32552 7.46036 5.61298 4.92858 3.83219 8.04277 5.68069 5.88231 5.37642 5.37169 4.50416 3.47776 2.58895 1.89285
threshold=2.0304126541631646 0.29940106989349552 0.23815000000000003 -0.16632762505000001 1.4577000000000002 0.95068475914955797 18.525000000000002 -0.021699999999999997 63.808150000000005 46918028.030000009 1.0413813609867251 -0.14447872884101545 6.3983000000000017 0.55845000000000011 189.01319949240266
decision_type=2 2 2 2 2 2 2 2 2 2 2 2 2 2 2
left_child=1 5 12 13 -5 7 11 10 -9 -8 -1 -7 14 -4 -3
right_child=-2 2 3 4 -6 6 9 8 -10 -11 -12 -13 -14 -15 -16
leaf_value=0.016556614122180804 -0.023705775600525194 0.036945767853404268 -0.0037191592683799546 -0.0052956446654873418 0.027242846806317018 0.011067830526216403 0.02249800170026095 -0.0054971581038040021 0.010702237637180282 -0.0032887974866143417 -0.008480571482555389 -0.016431667304635789 0.0039135687091412952 -0.037764631966335109 0.0088903824510822051
leaf_weight=33.811750717461109 4.2512310892343512 9.9329396039247531 3.9098285511136073 11.037712946534159 6.5286499336361876 5.8374325782060614 11.0524277985096 89.091500137001276 25.903359301388264 20.456251502037048 9.7399125024676305 47.431638341397047 7.2062266841530791 4.6288192272186279 3.2469264939427367
leaf_count=176 22 63 21 56 33 34 56 442 137 101 46 233 36 21 20
internal_value=-3.06517e-05 0.000314342 0.0076652 -0.00285798 0.00671343 -0.00108041 -0.00623258 0.00165784 -0.00181594 0.00570419 0.010882 -0.0133469 0.0212351 -0.0227461 0.0303791
internal_weight=294.067 289.815 46.4911 26.105 17.5664 243.324 84.7778 158.547 114.995 31.5087 43.5517 53.2691 20.3861 8.53865 13.1799
internal_count=1497 1475 250 131 89 1225 424 801 579 157 222 267 119 42 83
is_linear=0
shrinkage=0.03


Tree=147
num_leaves=19
num_cat=0
split_feature=0 0 181 207 20 159 18 23 41 84 111 178 62 129 46 29 128 198
split_gain=2.68524 4.53329 4.68141 4.38597 4.36305 4.31145 3.4911 3.87269 5.22292 5.13217 4.78468 3.51389 3.13282 2.69565 3.1934 2.90708 2.80405 1.90862
threshold=20240265.000000004 20230527.500000004 -13.447644562064863 0.79399294055568814 14.06 73.610247818948281 55.975000000000009 0.068850000000000008 19.763260000000006 0.21055530940000003 0.18605000000000002 -0.015993881021844899 -0.28444155364999996 4.1317619230769234 0.13875000000000001 0.35825000000000007 67.9203918037703 1.0776616578426694
decision_type=2 2 2 2 2 2 2 2 2 2 2 2 2 2 2 2 2 2
left_child=1 2 -1 4 -4 -5 -2 8 12 -10 17 -12 -8 14 16 -16 -3 -9
right_child=6 13 3 5 -6 -7 7 10 9 -11 11 -13 -14 -15 15 -17 -18 -19
leaf_value=0.04077960221245263 0.027767555637544322 -0.025904805833476006 0.0016057121982527825 -0.0010629516381464451 0.0323301558071417 -0.026506814818342321 0.034434489794266609 0.011398185391227236 0.0021185845434941899 -0.026648534876007695 -0.020530280366245574 0.012927355191266275 0.0017248498371555271 -0.030926912455619952 0.026525490464252007 -0.0091846728287009495 0.0094690643537313976 0.03929523226035516
leaf_weight=2.3966014683246604 5.686982497572898 8.8016162589192444 11.060842610895635 180.00192566215992 6.8016033843159667 6.1197615712881079 3.8502699136734 4.2744465395808238 11.110409475862982 10.743558786809443 4.5192093923687935 7.1735835522413236 8.6012766323983652 6.0699593648314467 3.5593384206295005 4.4288318604230881 2.4072311893105498 5.8450763821601868
leaf_count=11 39 60 52 822 33 32 31 28 68 53 22 43 55 48 19 29 16 36
internal_value=-2.88456e-05 -0.00152168 -3.60531e-05 -0.000550041 0.0135867 -0.00192945 0.00551133 0.00315714 -0.00305709 -0.0119438 0.0130369 0 0.0122721 -0.01349 -0.00768946 0.00648724 -0.018026 0.028032
internal_weight=293.453 231.648 206.381 203.984 17.8624 186.122 61.8048 56.1178 34.3055 21.854 21.8123 11.6928 12.4515 25.267 19.197 7.98817 11.2088 10.1195
internal_count=1497 1122 950 939 85 854 375 336 207 121 129 65 86 172 124 48 76 64
is_linear=0
shrinkage=0.03


Tree=148
num_leaves=15
num_cat=0
split_feature=188 127 194 106 29 176 23 109 195 33 214 204 29 32
split_gain=2.65801 4.50178 4.44892 5.09966 7.95086 4.97343 4.93695 4.19044 3.94816 4.9766 6.35271 5.67089 5.16022 4.39315
threshold=-1.4250000000000005 14.311800000000002 1.3057800873619463 0.28415000000000007 0.45275000000000004 -8.1675170568342086 0.14055000000000004 0.52500000000000013 0.56525715326634718 0.37435000000000007 0.22031756371622321 0.95391323803635719 0.42862416853586521 0.4811457983193278
decision_type=2 2 2 2 2 2 2 2 2 2 2 2 2 2
left_child=8 -2 5 7 -5 -3 -7 -4 -1 13 11 -11 -12 -10
right_child=1 2 3 4 -6 6 -8 -9 9 10 12 -13 -14 -15
leaf_value=-0.024324125974351664 0.033062794953091244 -0.028661511657845824 -0.018001479295086689 0.027647077181869994 -0.0030981985222455267 0.0029951581094149679 0.018661004865935346 0.00075245658525181314 0.03236043226381833 0.011086700550936308 0.021168303361274881 -0.02373184264899637 -0.0036160716391899451 -0.0038195246154324406
leaf_weight=7.9784671962261191 3.9951821565628043 3.603435091674327 27.792630717158318 9.5104752704501134 35.100359551608562 80.082651242613792 23.583885557949543 16.922624535858631 6.3810169696807844 5.0428234040737179 9.4025710821151716 21.387505557388067 36.565944254398346 5.3731929436326027
leaf_count=36 21 18 147 53 181 416 116 85 33 25 49 116 175 26
internal_value=-2.49697e-05 0.00190203 0.00123705 -0.00368635 0.00343639 0.00536443 0.00660256 -0.0108512 -0.00425053 -0.00228515 -0.00526015 -0.0169587 0.00142324 0.0156757
internal_weight=292.723 200.591 196.596 89.3261 44.6108 107.27 103.667 44.7153 92.1315 84.1531 72.3988 26.4303 45.9685 11.7542
internal_count=1497 1037 1016 466 234 550 532 232 460 424 365 141 224 59
is_linear=0
shrinkage=0.03


Tree=149
num_leaves=15
num_cat=0
split_feature=6 7 66 74 102 77 201 198 36 41 45 198 48 97
split_gain=2.65763 6.31914 6.23093 5.02623 3.72469 4.66391 3.5598 4.18414 3.89733 5.99927 4.97418 3.29855 1.95502 1.83594
threshold=57.900000000000013 15.750000000000002 1.5580543305500001 0.12866809725000003 0.19035000000000005 0.45660019580000005 1.3674361307244467 1.1134110426668797 0.52705220883534143 44.036100000000012 3.3050000000000002 0.66580636615878275 331.50000000000006 -1.934158323424999
decision_type=2 2 2 2 2 2 2 2 2 2 2 2 2 2
left_child=2 4 3 -1 -2 -6 8 11 10 -10 -3 -8 -9 -7
right_child=1 6 -4 -5 5 13 7 12 9 -11 -12 -13 -14 -15
leaf_value=-0.0036513057982614523 0.0081717159858374286 0.0043283549431573625 -0.017000100347208211 0.037803113911312913 0.0049661384869479543 -0.038565282303316482 -0.019419549480680726 -0.0095436514284599882 0.0034573163184012014 0.036282860915378759 -0.00525468841450421 0.013711516243313977 -0.037633532969356578 -0.017563132251035941
leaf_weight=3.791358068585394 5.1055529341101673 122.16583997756243 4.6006712615489951 7.5752577632665634 5.0735243782401112 7.5869025960564676 4.1760469451546687 4.5559399724006635 17.502306409180168 7.0792562216520301 80.881658926606178 7.2057134881615639 5.288133792579174 9.5546353608369774
leaf_count=22 29 631 22 39 28 39 21 21 82 33 414 38 30 48
internal_value=-2.33116e-05 -0.000723339 0.011827 0.023803 -0.0143973 -0.019732 0.000770989 -0.0109293 0.0018795 0.013141 0.000495584 0.00123095 -0.0251616 -0.0272025
internal_weight=292.143 276.176 15.9673 11.3666 27.3206 22.2151 248.855 21.2258 227.629 24.5816 203.047 11.3818 9.84407 17.1415
internal_count=1497 1414 83 61 144 115 1270 110 1160 115 1045 59 51 87
is_linear=0
shrinkage=0.03


Tree=150
num_leaves=10
num_cat=0
split_feature=64 3 36 178 177 52 153 126 107
split_gain=2.64467 3.1831 3.31638 9.66659 6.96624 5.21725 4.89834 4.86662 2.73963
threshold=2.4620499848500006 1.6900000000000002 0.52705220883534143 0.18586539967998708 -0.20728921943416789 8.5387000000000022 0.12884623316344404 73.336626048951061 0.18040000000000003
decision_type=2 2 2 2 2 2 2 2 2
left_child=-1 2 5 4 -4 6 -2 -7 -5
right_child=1 -3 3 8 -6 7 -8 -9 -10
leaf_value=0.017569376060776284 -0.0018940338407136934 0.02184957655167085 0.024778511102742391 0.013995790255603324 -0.017082182840050961 -0.028613408373289007 0.013783630847143699 -0.0036329930358368753 0.044350136886613815
leaf_weight=7.3839789554476729 200.40332093834877 5.5127045363187781 4.8263661116361662 5.8218353539705259 12.748941250145435 11.965613700449468 19.584068804979324 17.646314598619938 5.8248097151517868
leaf_count=38 1012 28 23 28 57 61 129 91 30
internal_value=-2.3308e-05 -0.000496743 -0.000956993 0.00856788 -0.00534191 -0.00208712 -0.000479092 -0.0138904 0.0296806
internal_weight=291.718 284.334 278.821 29.222 17.5753 249.599 219.987 29.6119 11.6466
internal_count=1497 1459 1431 138 80 1293 1141 152 58
is_linear=0
shrinkage=0.03


Tree=151
num_leaves=11
num_cat=0
split_feature=21 12 190 217 6 184 31 164 13 21
split_gain=2.6483 3.0639 4.64023 4.04003 4.11884 4.8862 3.9577 3.36037 2.67148 2.49959
threshold=0.17605000000000001 57.735000000000007 -1.1249999999999998 -0.1395399528028842 80.265000000000015 0.072535953529251782 0.025150000000000002 0.14233621156932708 15.225000000000001 0.50655000000000017
decision_type=2 2 2 2 2 2 2 2 2 2
left_child=-1 2 6 7 5 -5 -2 9 -4 -3
right_child=1 3 8 4 -6 -7 -8 -9 -10 -11
leaf_value=0.019181065776538653 0.019742636397315719 0.034718339454904212 0.0078433607443596735 -0.0088168889582176026 0.018818677753474684 0.00011975025507111546 -0.019275715921175524 -0.0047489526555596845 0.03778768936992595 0.0033997387241607182
leaf_weight=6.2171060293912879 3.6069946736097354 6.4470495134592074 5.6269621476531011 84.644566316157579 7.901397541165351 155.36924936622381 6.1218368262052536 5.7719049826264373 5.7623553276062012 3.915271021425724
leaf_count=36 22 39 33 436 39 780 30 30 30 22
internal_value=-2.07704e-05 -0.000456494 0.0104957 -0.00134743 -0.00230627 -0.00302176 -0.00445063 0.0131246 0.0234517 0.0233173
internal_weight=291.385 285.168 21.1181 264.049 247.915 240.014 9.72883 16.1342 11.3893 10.3623
internal_count=1497 1461 115 1346 1255 1216 52 91 63 61
is_linear=0
shrinkage=0.03


Tree=152
num_leaves=19
num_cat=0
split_feature=146 46 48 113 218 181 40 133 125 189 186 80 25 189 207 18 150 187
split_gain=2.57873 5.39601 3.04301 5.98413 5.85455 5.37899 4.68743 4.63879 5.00821 4.62467 4.4992 3.95154 3.88144 3.74541 3.45259 3.27833 2.88835 2.74087
threshold=43.025670078267019 0.19073483235536889 332.50000000000006 0.53750000000000009 0.63826400444760567 -0.85964343199320759 60.435000000000009 70.610030751190493 4.5000000000000009 -1.7249999999999994 -3.4400000000000008 5.7083134162500011 0.63945000000000007 -0.82499999999999918 0.95030893080626444 62.360000000000007 36.885206780769117 -5.7849999999999957
decision_type=2 2 2 2 2 2 2 2 2 2 2 2 2 2 2 2 2 2
left_child=1 16 7 4 15 -6 10 9 13 14 -5 -11 -10 -9 -2 -4 -1 -3
right_child=2 17 3 6 5 -7 -8 8 12 11 -12 -13 -14 -15 -16 -17 -18 -19
leaf_value=0.013413993951657561 0.024678236191978845 0.0032513184561412424 0.034192705221620767 -0.0091096303257102926 -0.023260466588562925 -0.0058191440976821706 0.031416689997339646 0.00049832006326328243 0.0052651936067157059 0 0.015097156161140561 0.036255038611293221 -0.00863443342088978 -0.036838384314868508 -0.013630931587494814 -0.0024697451562772786 -0.017777642841106143 0.036508992226510023
leaf_weight=4.4018091931939143 3.0177420750260371 3.6368173509836197 4.3552677333354932 15.046740271151066 20.251528725028038 77.663379427045584 5.8012772202491751 4.0032908096909523 74.401050556451082 3.7305002659559241 12.546245574951172 9.5426283031702024 23.676975376904011 5.4516734853386861 6.4543551430106163 4.0243359357118607 6.3108377680182457 6.7924186438322049
leaf_count=27 15 22 21 69 101 390 30 21 392 20 60 51 127 25 35 21 33 37
internal_value=-1.69009e-05 0.0100369 -0.000818775 -0.00390168 -0.00739466 -0.00947715 0.00711584 0.00246427 -0.000116211 0.0147425 0.00180339 0.0261118 0.00187376 -0.0208761 -0.000982187 0.0164102 -0.00467807 0.0253375
internal_weight=291.109 21.1419 269.967 139.689 106.295 97.9149 33.3943 130.278 107.533 22.7452 27.593 13.2731 98.078 9.45496 9.4721 8.3796 10.7126 10.4292
internal_count=1497 119 1378 692 533 491 159 686 565 121 129 71 519 46 50 42 60 59
is_linear=0
shrinkage=0.03


Tree=153
num_leaves=14
num_cat=0
split_feature=172 214 108 86 26 195 6 12 52 8 30 128 11
split_gain=2.56367 3.08741 7.09277 5.25391 4.52498 4.35859 4.15853 3.77526 3.30006 2.79099 2.33645 2.0583 1.86331
threshold=2.0304126541631646 0.29940106989349552 0.057150000000000006 -0.16632762505000001 1.4577000000000002 3.4194185272029096 80.265000000000015 57.735000000000007 6.3983000000000017 18.060000000000006 0.55845000000000011 85.311560897697504 15.685
decision_type=2 2 2 2 2 2 2 2 2 2 2 2 2
left_child=1 5 8 10 -5 6 7 -1 11 12 -4 -3 -7
right_child=-2 2 3 4 -6 9 -8 -9 -10 -11 -12 -13 -14
leaf_value=0.012512843029063197 -0.023113347012755515 0.036335414484881007 -0.0039984787777568136 -0.0050777110289581349 0.0262973138498536 -0.0099424240138038297 0.024689764714142238 -0.0018770914582893566 0.0039178613061241962 0 -0.036697265057125998 0.0059842435742770827 -0.039916354515559825
leaf_weight=17.723539598286152 4.1645133942365637 9.9963186569511908 3.8514790087938326 10.949603736400606 6.4231824278831473 3.61279099434614 5.8595523610711089 203.410061057657 7.1570138409733763 5.0454269200563422 4.544941134750843 2.8777111917734137 4.9208450801670551
leaf_count=95 22 64 21 56 33 21 30 1028 36 25 21 19 26
internal_value=-1.441e-05 0.00031898 0.00745713 -0.00285363 0.00643489 -0.00103005 -2.57335e-05 -0.000705064 0.0208189 -0.0174764 -0.0222749 0.0298807 -0.0278362
internal_weight=290.537 286.372 45.8002 25.7692 17.3728 240.572 226.993 221.134 20.031 13.5791 8.39642 12.874 8.53364
internal_count=1497 1475 250 131 89 1225 1153 1123 119 72 42 83 47
is_linear=0
shrinkage=0.03


Tree=154
num_leaves=19
num_cat=0
split_feature=0 0 181 217 0 35 31 177 46 218 55 192 93 187 117 150 98 93
split_gain=2.56805 4.24026 4.27989 4.14859 3.99345 3.40966 4.68464 4.26784 3.68592 3.29421 3.14994 2.95817 3.30112 2.92479 4.46452 2.45658 2.17585 0.112937
threshold=20240265.000000004 20230527.500000004 -13.447644562064863 -0.17148710403150855 20210805.500000004 0.39794069859489406 -0.045499999999999992 0.99034807355388732 0.87855000000000005 0.96191146134006578 3.0150000000000001 -1.4399999999999993 1.0505776168500003 -2.1699999999999942 0.53400000000000014 47.057480505210549 -0.23754527667499989 0.9020306023000001
decision_type=2 2 2 2 2 2 2 2 2 2 2 2 2 2 2 2 2 2
left_child=1 2 -1 -4 -5 6 9 13 15 -2 11 16 -13 14 -7 -8 -3 -12
right_child=5 10 3 4 -6 7 8 -9 -10 -11 17 12 -14 -15 -16 -17 -18 -19
leaf_value=0.03930194325200756 0.01297026041582737 -0.001326349611473609 0.025932125269322273 0.0028728270640617677 -0.0056632098616325273 0.011407705653325535 0.031113917404307218 0.028630066595784664 -0.00037433418459817614 -0.019658770874040409 -0.033634273651165628 0.020372529106776595 -0.01633657516072988 -0.029785854831405747 -0.017591819904989339 0 -0.032231823001953611 -0.018214551243775339
leaf_weight=2.3565751761198035 5.0294185206294042 3.9777562022209194 5.0834047794342032 101.56130413711071 95.336407668888569 10.062024697661409 14.604714468121534 3.3029230609536162 6.1424422711133948 5.8814535662531853 5.0988276973366728 5.4777040481567383 3.4816706851124763 4.16187410801649 8.8661293759942037 2.8952514454722396 4.6774219870567331 2.0819839909672737
leaf_count=11 35 28 27 459 453 59 115 21 36 30 43 28 20 21 42 16 34 19
internal_value=-1.3852e-05 -0.0014803 -4.13631e-05 -0.00053446 -0.00124581 0.00544363 0.0116478 -0.0025789 0.0191511 -0.00436461 -0.0131702 -0.00605569 0.00575312 -0.00727678 -0.00203935 0.0261382 -0.0185483 -0.0298871
internal_weight=290.079 229.133 204.338 201.981 196.898 60.9462 34.5533 26.393 23.6424 10.9109 24.7954 17.6146 8.95937 23.09 18.9282 17.5 8.65518 7.18081
internal_count=1497 1122 950 939 912 375 232 143 167 65 172 110 48 122 101 131 62 62
is_linear=0
shrinkage=0.03


Tree=155
num_leaves=9
num_cat=0
split_feature=1 64 167 0 175 155 34 106
split_gain=2.56213 2.98125 3.20697 4.02736 3.53912 3.91365 2.99127 2.02255
threshold=3.7150000000000003 2.4620499848500006 2.3313281157945194 20250522.500000004 1.3848103524932345 9.8888238795097347 -0.11174999999999997 0.29945000000000005
decision_type=2 2 2 2 2 2 2 2
left_child=-1 -2 4 6 5 -3 -4 -6
right_child=1 2 3 -5 7 -7 -8 -9
leaf_value=0.022986314061951209 0.018629378831188877 -0.0011889290879634389 0.0034406324518384749 0.018613532780864441 -0.037207811261418949 0.0081387590186121593 -0.022815033620665896 -0.0043874347487611563
leaf_weight=4.1904462203383437 7.1306624412536612 196.09469563886523 4.9145946353673997 3.2903380244970313 3.3701563999056807 50.82987542450428 15.613193288445471 3.8158977180719376
leaf_count=25 37 972 28 21 21 291 82 20
internal_value=-1.33626e-05 -0.000369926 -0.000874696 -0.0113779 0.000102068 0.000721565 -0.0163975 -0.0204909
internal_weight=289.25 285.059 277.929 23.8181 254.111 246.925 20.5278 7.18605
internal_count=1497 1472 1435 131 1304 1263 110 41
is_linear=0
shrinkage=0.03


Tree=156
num_leaves=11
num_cat=0
split_feature=182 92 114 183 3 31 2 30 52 214
split_gain=2.54828 3.39269 4.76791 3.87359 3.86538 3.8635 6.42747 6.03951 3.81792 3.08999
threshold=54.5264596236551 0.035783338736000002 0.25340000000000007 0.07126363270257581 1.6900000000000002 0.12016880127017734 -4.3549999999999995 0.21830000000000002 6.9165500000000018 0.23147692347330059
decision_type=2 2 2 2 2 2 2 2 2 2
left_child=1 2 -1 8 5 7 -7 -3 -4 -5
right_child=-2 4 3 9 -6 6 -8 -9 -10 -11
leaf_value=-0.021804278910771021 -0.024360407571209691 0.00052231011466977162 0.012467695276460338 0.0026423966823849094 0.023922716881831986 0.04379907977484742 -0.0065621462573669026 0.030058748124034695 -0.019894784298043939 0.03282902356698314
leaf_weight=3.7992829605936995 3.7206598445773116 125.64279228448868 10.388920549303295 4.6188791245222083 5.4126560539007178 2.2160231098532668 111.51688637956977 6.4711364507675162 4.6474607214331618 10.55033905431628
leaf_count=20 18 651 59 27 28 12 556 35 23 68
internal_value=-1.2431e-05 0.000303048 0.00918963 0.0132461 -0.000890884 -0.00145889 -0.00551692 0.00201338 0.00220151 0.0239115
internal_weight=288.985 285.264 34.0049 30.2056 251.259 245.847 113.733 132.114 15.0364 15.1692
internal_count=1497 1479 197 177 1282 1254 568 686 82 95
is_linear=0
shrinkage=0.03


Tree=157
num_leaves=11
num_cat=0
split_feature=21 151 133 105 107 133 168 103 202 12
split_gain=2.51992 2.78921 3.13843 6.82182 5.17209 4.5166 6.24101 4.18512 3.96286 2.12915
threshold=0.17605000000000001 0.075615181399996054 67.523896608333345 0.57500000000000007 0.63050000000000017 86.546074404655812 -0.67862508196745075 -0.44474999999999992 1.1466930766132557 70.560000000000016
decision_type=2 2 2 2 2 2 2 2 2 2
left_child=-1 9 3 8 -5 6 -4 -7 -3 -2
right_child=1 2 5 4 -6 7 -8 -9 -10 -11
leaf_value=0.018797135364432411 0.032734674663699434 0.01816196023199353 0.0038516354775032379 -0.026599842369850073 0.010939177117835902 -0.0077368349824060026 -0.024476630232254069 0.0019565910193793659 -0.0046460122614181108 -0.00044451303596896154
leaf_weight=6.165730543434619 3.8658021837472907 27.846895754337311 11.179978258907797 8.4323213472962362 5.1807641312479964 55.841699734330177 17.810595251619816 140.71486414223909 8.7839533537626249 2.7864706739783287
leaf_count=36 27 148 56 40 27 292 86 723 45 17
internal_value=-9.7712e-06 -0.000437451 -0.000913893 0.0058419 -0.0121192 -0.00243406 -0.0134733 -0.000784589 0.0126133 0.0185917
internal_weight=288.609 282.443 275.791 50.2439 13.6131 225.547 28.9906 196.557 36.6308 6.65227
internal_count=1497 1461 1417 260 67 1157 142 1015 193 44
is_linear=0
shrinkage=0.03


Tree=158
num_leaves=13
num_cat=0
split_feature=49 0 125 0 0 204 183 96 34 214 185 19
split_gain=2.49987 3.16186 6.29629 3.66711 7.60838 6.35901 6.12587 4.69198 4.63442 4.53295 3.05197 1.8827
threshold=20200411.500000004 20200915.000000004 15.500000000000002 20210805.500000004 20211117.500000004 1.0643516860947124 0.060262470174850952 0.52131835404999993 0.27810000000000007 0.17452295514170832 -2.3049999999999993 18.375000000000004
decision_type=2 2 2 2 2 2 2 2 2 2 2 2
left_child=-1 2 10 5 9 7 -7 -3 -6 -5 -2 -4
right_child=1 3 11 4 8 6 -8 -9 -10 -11 -12 -13
leaf_value=0.019612341586901488 -0.0081033045120169657 0.0055758359609021785 -0.042611925528538042 -0.0016463900895269746 0.004151979638576094 -0.0031232767484427205 0.035633801632176075 -0.016630021455726438 -0.0063326302712412132 -0.030541851532242672 0.021427361850276119 -0.014506459092297351
leaf_weight=5.621912106871604 8.8851094096899015 46.314717575907707 4.9131061881780607 8.5386153459548968 107.34481234103441 5.2940063253045109 10.850424051284788 10.375205397605894 58.500275775790215 12.128215968608854 4.7168984040617969 4.7789202034473419
leaf_count=26 38 215 20 39 615 25 49 45 321 61 23 20
internal_value=-8.64673e-06 -0.000416331 -0.0109853 0.000525258 -0.00169164 0.00623789 0.0227991 0.00143684 0.000433968 -0.0188134 0.00200002 -0.0293498
internal_weight=288.262 282.64 23.294 259.346 186.512 72.8344 16.1444 56.6899 165.845 20.6668 13.602 9.69203
internal_count=1497 1471 101 1370 1036 334 74 260 936 100 61 40
is_linear=0
shrinkage=0.03


Tree=159
num_leaves=8
num_cat=0
split_feature=193 193 188 127 194 82 209
split_gain=2.50138 3.33249 2.63531 4.19318 4.2651 3.81582 3.54934
threshold=-7.6899999999999986 -7.1899999999999986 -1.4250000000000005 14.311800000000002 1.3057800873619463 0.16547454705000003 0.10234588106928523
decision_type=2 2 2 2 2 2 2
left_child=-1 -2 5 -4 -5 -3 -7
right_child=1 2 3 4 -6 6 -8
leaf_value=0.026643918946521846 -0.028573367505745535 -0.029079812226022714 0.03242019271825318 0.0054503825451043333 -0.0035443231300498245 -0.0053782003543916806 0.011750945467235416
leaf_weight=3.0319098010659209 3.6069675460457793 5.1744193807244292 3.9021023437380782 103.92730437219143 86.800873421132565 68.655944880098104 12.762172799557446
leaf_count=18 18 29 21 541 461 343 66
internal_value=-9.58849e-06 -0.000313086 4.8745e-05 0.00199626 0.00134144 -0.00429125 -0.00264531
internal_weight=287.862 284.83 281.223 194.63 190.728 86.5925 81.4181
internal_count=1497 1479 1461 1023 1002 438 409
is_linear=0
shrinkage=0.03


Tree=160
num_leaves=18
num_cat=0
split_feature=93 33 205 0 206 65 70 62 199 127 196 21 24 69 90 207 62
split_gain=2.549 5.65235 5.32024 4.70294 4.30789 4.24597 5.52371 4.90582 4.3935 5.50687 4.83997 3.98727 3.7735 3.58066 3.45993 2.57535 1.62901
threshold=2.962198555100001 0.37595000000000006 1.0188376674944082 20210812.000000004 0.87989316810973828 4.3426706954000007 3.4419383736000002 17.899208331900002 1.0077975602749312 17.429750000000002 2.955697474297859 0.46780000000000005 0.48684210526315791 0.93625415890000008 1.0579196737000003 1.0044007010137592 2.3750282476
decision_type=2 2 2 2 2 2 2 2 2 2 2 2 2 2 2 2 2
left_child=5 12 4 -4 -3 6 8 13 10 -10 -1 -5 -2 -7 -15 -8 -6
right_child=1 2 3 11 16 7 15 -9 9 -11 -12 -13 -14 14 -16 -17 -18
leaf_value=0.010505423312750272 0.029907413353508532 2.0694313940727204e-05 0.021221862736857586 0.0064486021863989565 -0.042148984214297969 -0.010776819391150803 -0.0034937557694201958 -0.01424125551045202 0.025255142410394307 -0.0032998603825377944 -0.017301922939866019 -0.028783479862428595 -0.0053086419569305064 0 0.029946317363352105 -0.03883253098017015 -0.018498690211080176
leaf_weight=53.690526098012924 5.3698245510458928 4.6827638223767307 5.8000472038984325 5.3413340374827367 7.6002997159957868 3.1190122216939988 3.4153841584920865 4.9680083468556395 6.2367075830698004 140.63085487112403 6.1281265951693049 5.86190415173769 5.1952848583459854 4.6928069964051273 14.965533595532177 4.6398116052150726 5.2667219825088978
leaf_count=290 31 24 26 27 33 15 19 25 31 732 33 31 25 27 80 22 26
internal_value=-8.9148e-06 -0.00655856 -0.0124677 -0.000310195 -0.0240081 0.00119958 -0.000215809 0.0122234 0.000725271 -0.0020505 0.00758251 -0.0118121 0.0124216 0.0181638 0.0229387 -0.0244434 -0.0329171
internal_weight=287.605 45.1182 34.5531 17.0033 17.5498 242.487 214.741 27.7454 206.686 146.868 59.8187 11.2032 10.5651 22.7774 19.6583 8.0552 12.867
internal_count=1497 223 167 84 83 1274 1127 147 1086 763 323 58 56 122 107 41 59
is_linear=0
shrinkage=0.03


Tree=161
num_leaves=15
num_cat=0
split_feature=177 12 29 169 0 110 127 185 206 101 74 74 195 186
split_gain=2.46378 4.18451 4.97789 4.74849 5.94849 5.11593 4.12472 4.73385 3.85459 6.80557 4.5265 2.53638 2.19525 1.95186
threshold=1.0466281438624037 63.810000000000009 0.56930000000000003 0.55935995164861929 20210766.000000004 0.24045000000000002 97.302075000000016 -13.999999999999995 0.9265675907627916 99921409.670000017 0.5509180975500001 0.58952124240000014 1.4809071841851498 -3.5650000000000008
decision_type=2 2 2 2 2 2 2 2 2 2 2 2 2 2
left_child=6 2 11 4 -3 -6 7 -1 9 -9 -10 -2 -5 -8
right_child=1 3 -4 12 5 -7 13 8 10 -11 -12 -13 -14 -15
leaf_value=-0.02935259208440753 0.011070305182043149 0.029181967352371899 -0.0085624467545401192 -0.033630760316631196 -0.027424793161289231 0.0065692812150508944 0.031368811534943732 0.013655973633644078 -0.014071021207348627 -0.0087894243170584131 -0.0013103222979641686 0.042876311146290404 -0.0023314053833178388 0.0032427192972876683
leaf_weight=5.5245820544660083 4.137281805276869 7.5347982347011593 3.8573180213570586 4.3557847887277585 5.1469391137361553 16.319721318781376 4.7670921385288239 33.890019200742245 30.70423024892807 18.680803805589676 137.25029600784183 6.162720113992691 4.1183212623000145 4.6168077588081342
leaf_count=28 22 35 20 23 32 89 25 191 168 96 690 33 21 24
internal_value=-9.83302e-06 0.00590781 0.0197475 0.000561054 0.00641782 -0.00153155 -0.00132232 -0.00214646 -0.0014383 0.0056216 -0.00366798 0.0306183 -0.0189741 0.0180274
internal_weight=287.067 51.6329 14.1573 37.4756 29.0015 21.4667 235.434 226.05 220.525 52.5708 167.955 10.3 8.47411 9.3839
internal_count=1497 275 75 200 156 121 1222 1173 1145 287 858 55 44 49
is_linear=0
shrinkage=0.03


Tree=162
num_leaves=15
num_cat=0
split_feature=6 7 134 102 77 201 198 36 41 47 6 198 209 97
split_gain=2.45071 5.76407 4.49077 3.51286 4.24131 3.25363 3.82752 3.47081 5.43202 4.94439 3.11232 3.03948 1.99114 1.68118
threshold=57.900000000000013 15.750000000000002 112.69116582000002 0.19035000000000005 0.45660019580000005 1.3674361307244467 1.1134110426668797 0.52705220883534143 44.036100000000012 0.65370000000000006 56.240000000000002 0.66580636615878275 0.016260282021151488 -1.934158323424999
decision_type=2 2 2 2 2 2 2 2 2 2 2 2 2 2
left_child=2 3 10 -2 -5 7 11 9 -9 -3 -1 -7 -8 -6
right_child=1 5 -4 4 13 6 12 8 -10 -11 -12 -13 -14 -15
leaf_value=0.0011690000959355066 0.0082182933118811318 0.0024718579273582762 -0.013663537270552938 0.0046714933826423654 -0.037554342962441235 -0.018913794694025359 -0.0089313335719342669 0.0032797956790397128 0.034885256652012857 -0.010845905943972065 0.034202900668533605 0.013201425309604893 -0.037559329761585408 -0.017104331759664533
leaf_weight=4.4043253511190397 4.9913996085524586 170.21082300692797 4.366579331457614 4.9337444156408337 7.3026522919535699 4.0873837023973483 4.5672511085867864 17.238151200115684 6.895674303174018 29.300938166677952 6.8074318394064903 7.0821808204054832 4.988658182322979 9.3911325708031601
leaf_count=24 29 888 23 28 39 21 25 82 33 157 36 38 26 48
internal_value=-9.32381e-06 -0.000686722 0.0115121 -0.0139221 -0.0191842 0.000747819 -0.0105734 0.00181463 0.0125408 0.000496486 0.0216164 0.00111945 -0.0244215 -0.0263991
internal_weight=286.568 270.99 15.5783 26.6189 21.6275 244.371 20.7255 223.646 24.1338 199.512 11.2118 11.1696 9.55591 16.6938
internal_count=1497 1414 83 144 115 1270 110 1160 115 1045 60 59 51 87
is_linear=0
shrinkage=0.03


Tree=163
num_leaves=18
num_cat=0
split_feature=0 18 203 110 204 0 93 18 141 30 11 30 128 2 25 137 193
split_gain=2.45161 4.14355 5.03803 5.2065 4.43457 4.16316 5.08193 3.27433 3.48695 5.21709 4.84397 3.94931 3.45471 2.92051 2.67771 1.46381 1.22275
threshold=20240265.000000004 71.685000000000016 -0.11134999999999991 0.35200000000000004 1.2325137321760502 20230613.500000004 0.051147400850000004 56.465000000000011 0.9210264952545747 -0.088470103278887047 14.185 0.56815000000000004 61.629803313162093 0.41500000000000004 0.44200000000000006 4.4159851027952444 -1.0000000180025095e-35
decision_type=2 2 2 2 2 2 2 2 2 2 2 2 2 2 2 2 2
left_child=1 4 3 -3 5 6 -1 15 11 12 -11 -9 -10 16 -7 -2 -4
right_child=7 2 13 -5 -6 14 -8 8 9 10 -12 -13 -14 -15 -16 -17 -18
leaf_value=-0.022573962466703269 0.036262858607434889 -0.027961075282282637 0.019397989530915379 0.017092337380640071 -0.031083884141218005 -0.007045643883041428 0.00051623840584894172 0.0068255500780199782 0.0039474150489187182 -0.010241724596681363 0.018736741597417356 -0.027567837861988596 -0.030984560778276118 0.0049325702689372673 -0.030693963659324648 0.0055684707166334625 0.044787804872950344
leaf_weight=8.9307094365358335 4.0753652751445761 4.8859632387757319 4.3116947263479224 4.1348639577627182 4.8030394911766043 13.736359078437092 168.40847509354353 5.4031520783901197 5.3565047159790939 6.3007388338446679 25.46629673242569 6.2929477840662003 4.5171301513910294 6.2725483253598204 6.5869717523455611 2.5495772510766983 4.1642741113901129
leaf_count=44 29 24 21 21 27 90 787 37 33 38 169 30 22 32 55 17 21
internal_value=-9.07916e-06 -0.00144936 0.0103467 -0.00702011 -0.00285344 -0.00213693 -0.000641732 0.00536849 0.00281222 0.0069226 0.0128808 -0.0115019 -0.0118834 0.0211468 -0.0149699 0.0251548 0.0325987
internal_weight=286.197 226.235 23.7693 9.02083 202.466 197.663 177.339 59.9617 53.3368 41.6407 31.767 11.6961 9.87363 14.7485 20.3233 6.62494 8.47597
internal_count=1497 1122 119 45 1003 976 831 375 329 262 207 67 55 74 145 46 42
is_linear=0
shrinkage=0.03


Tree=164
num_leaves=13
num_cat=0
split_feature=45 86 184 179 86 73 78 53 106 72 70 2
split_gain=2.43454 3.04852 4.51045 4.50708 3.61406 6.05541 10.7894 5.06573 6.23469 4.59876 3.32638 2.38238
threshold=0.30000000000000004 4.9510416095500007 0.069045620092580071 0.31326010507876523 0.17487734510000003 5.886788976150001 1.2053425477500002 6.758350000000001 0.33180000000000004 5.8981787106500008 10.440224400050003 -1.6449999999999998
decision_type=2 2 2 2 2 2 2 2 2 2 2 2
left_child=-1 4 -3 10 7 6 -6 9 -9 -2 -4 -7
right_child=1 2 3 -5 5 11 -8 8 -10 -11 -12 -13
leaf_value=0.021535568511443125 0.018161205935773802 -0.033436059413707919 0.029800117993860394 -0.024674833971195215 0.0098729258639642086 0.0092726895037470568 -0.014884143506105516 -0.0188128582193424 0.00078317245661137637 -0.00052524354415736608 -0.0062729751915356902 0.044823481315699513
leaf_weight=4.5395048633217803 13.245556291192768 5.914511717855933 4.1829150691628438 5.0200948715209952 56.836200017482042 3.1784300580620766 21.798219908028841 29.721030101180077 28.084719143807888 103.79598983749747 4.6858850568532944 4.4993407428264609
leaf_count=28 74 29 22 27 306 18 116 157 150 524 24 22
internal_value=-8.09064e-06 -0.000374383 -0.011698 -0.00205362 0.000476937 0.00550558 0.00296174 -0.00199 -0.00925548 0.00157758 0.0105488 0.0308004
internal_weight=285.502 280.963 19.8034 13.8889 261.159 86.3122 78.6344 174.847 57.8057 117.042 8.8688 7.67777
internal_count=1497 1469 102 73 1367 462 422 905 307 598 46 40
is_linear=0
shrinkage=0.03


Tree=165
num_leaves=16
num_cat=0
split_feature=146 46 113 153 39 175 67 200 36 92 126 6 202 24 187
split_gain=2.44821 5.15559 2.8419 5.65082 4.50319 7.27726 4.94288 4.26252 3.7477 3.7433 4.98419 4.49777 3.65799 2.70808 2.57878
threshold=43.025670078267019 0.19073483235536889 0.54585000000000006 0.098867315470189246 12.665000000000001 -0.1239194922655311 3.4106187761000006 2.8799313577481267 0.44200000000000006 0.17289562016800003 105.46193428571431 70.175000000000026 0.93785407373795138 0.48684210526315791 -5.7849999999999957
decision_type=2 2 2 2 2 2 2 2 2 2 2 2 2 2 2
left_child=1 13 3 4 5 -2 -6 9 -5 11 -11 -4 -10 -1 -3
right_child=2 14 7 8 6 -7 -8 -9 12 10 -12 -13 -14 -15 -16
leaf_value=0.012460683981987115 -0.016394982486546396 0.0033048423325202116 0.0076970641994216155 -0.016407184327575815 -0.011753554495860468 0.0069375515900838231 0.0022767107253197686 -0.020054028867018753 -0.0023875921658882858 -0.0026180023674271446 0.032730148487867573 0.041731787412435849 0.021040018462314198 -0.017957962452623415 0.036027549429680603
leaf_weight=4.4675171598792094 15.369188390672205 3.5449371039867401 9.7678409814834577 4.1777566596865681 83.755839858204126 53.654557310044765 30.441866062581539 5.0628752186894408 8.4944256246089953 25.529765062034134 4.0606812164187422 5.6578895747661582 18.549608554691076 5.9658726826310158 6.6252845600247365
leaf_count=27 74 22 50 21 427 271 147 26 53 129 20 32 128 33 37
internal_value=-6.90336e-06 0.00991736 -0.000794696 -0.0023076 -0.00432989 0.0016826 -0.00798852 0.00561559 0.00944014 0.00860714 0.00222566 0.020562 0.0135893 -0.00465342 0.0250571
internal_weight=285.126 20.6036 264.522 214.443 183.221 69.0237 114.198 50.0791 31.2218 45.0162 29.5904 15.4257 27.044 10.4334 10.1702
internal_count=1497 119 1378 1121 919 345 574 257 202 231 149 82 181 60 59
is_linear=0
shrinkage=0.03


Tree=166
num_leaves=9
num_cat=0
split_feature=181 210 187 187 140 21 51 185
split_gain=2.36905 2.9971 3.20403 4.61322 4.31463 4.05588 3.45685 3.27135
threshold=-19.896581137773449 -0.45982673889132575 4.9350000000000032 2.4749999999999983 0.50010058415876657 0.17605000000000001 71.113250000000008 -1.3700000000000008
decision_type=2 2 2 2 2 2 2 2
left_child=-1 -2 3 5 -4 -3 -6 -5
right_child=1 2 4 7 6 -7 -8 -9
leaf_value=0.025023173004886601 -0.028251733502468717 0.025808612170674362 -0.017620312681621321 -0.034340154162696299 0.028326288472083384 -0.00054086517493173215 -0.00035928849079896422 -0.0027093605554792521
leaf_weight=3.2607779800891867 3.3141840472817412 5.2745071500539771 3.5198859870433834 6.0409760400652885 10.570885159075262 240.98972634598613 5.5356979966163626 6.1158811375498754
leaf_count=18 18 32 19 33 56 1259 28 34
internal_value=-4.61037e-06 -0.00031411 1.81437e-05 -0.000860323 0.0116827 2.15597e-05 0.0183408 -0.018824
internal_weight=284.623 281.362 278.048 258.421 19.6265 246.264 16.1066 12.1569
internal_count=1497 1479 1461 1358 103 1291 84 67
is_linear=0
shrinkage=0.03


Tree=167
num_leaves=18
num_cat=0
split_feature=93 33 205 0 206 203 65 70 62 199 127 196 101 24 114 207 62
split_gain=2.38593 5.11735 4.91283 4.39728 4.05696 3.87574 3.79198 5.04426 4.56891 3.93363 4.99112 4.43479 3.87585 3.5256 2.7249 2.4795 1.56097
threshold=2.962198555100001 0.37595000000000006 1.0188376674944082 20210812.000000004 0.87989316810973828 0.29265000000000002 4.3426706954000007 3.4419383736000002 14.343780020500001 1.0077975602749312 17.429750000000002 2.955697474297859 53246957.230000012 0.48684210526315791 0.29805000000000004 1.0044007010137592 2.3750282476
decision_type=2 2 2 2 2 2 2 2 2 2 2 2 2 2 2 2 2
left_child=6 13 4 -4 -3 -5 7 9 12 11 -11 -1 -8 -2 -14 -9 -6
right_child=1 2 3 5 16 -7 8 15 -10 10 -12 -13 14 -15 -16 -17 -18
leaf_value=0.010062493398032534 0.028945758227922842 0.00016261234728168143 0.020648324257113739 0.010419546416172024 -0.041113626149872205 -0.025485760234425996 -0.011356709526047322 -0.0029853605457229376 -0.0101561116648412 0.024287060689053383 -0.0031041045330288306 -0.016712950692331877 0.007981978072182214 -0.005340127570063068 0.033004007562715015 -0.037887186752539048 -0.017787881135314255
leaf_weight=53.132661785930395 5.2546849697828275 4.6381107643246677 5.7293488681316402 4.2285250350832921 7.4480897486209852 6.8154834508895874 3.1411214768886628 3.3940903991460791 6.3794925659894934 6.1396212652325621 139.28484866023064 6.050904929637908 6.686001434922221 5.1488031223416328 11.16247573494911 4.5247852429747581 5.2090987823903561
leaf_count=290 31 24 26 23 33 35 18 19 34 31 732 33 35 25 60 22 26
internal_value=-5.17557e-06 -0.00638985 -0.0120513 -0.000283216 -0.0232245 -0.011499 0.00116809 -0.000173641 0.0116588 0.000726549 -0.00191118 0.0072508 0.0184481 0.0118024 0.0238946 -0.0235259 -0.0319637
internal_weight=284.368 44.4721 34.0687 16.7734 17.2953 11.044 239.896 212.527 27.3691 204.608 145.424 59.1836 20.9896 10.4035 17.8485 7.91888 12.6572
internal_count=1497 223 167 84 83 58 1274 1127 147 1086 763 323 113 56 95 41 59
is_linear=0
shrinkage=0.03


Tree=168
num_leaves=19
num_cat=0
split_feature=177 213 111 214 212 36 116 40 77 121 12 114 20 15 92 5 30 52
split_gain=2.33894 4.20456 4.96296 6.36626 4.28662 4.9544 4.61234 4.16345 5.07907 3.92738 4.16082 6.02416 4.20766 3.8 3.62346 3.10797 2.71381 1.80063
threshold=1.0466281438624037 -0.1525709747865793 -0.19599999999999998 0.27484051825462946 -0.13583669245252658 0.48296385542168679 -0.017599999999999998 58.280583333333347 4.0721265663000006 14353.995000000001 63.810000000000009 0.24235000000000004 13.940000000000003 68.02500000000002 0.040902128348000007 -0.12529999999999997 0.25815000000000005 3.5132500000000007
decision_type=2 2 2 2 2 2 2 2 2 2 2 2 2 2 2 2 2 2
left_child=1 7 3 15 5 -4 -6 8 16 10 13 -12 -13 17 -9 -3 -1 -2
right_child=9 2 4 -5 6 -7 -8 14 -10 -11 11 12 -14 -15 -16 -17 -18 -19
leaf_value=0.033193178859549997 0.046277740130233537 -0.0075803047956887054 -0.036975037363680421 0.013293239148131028 0.011275388330196683 0.00096741574933406225 -0.0019940002618373627 0.014883526439277263 -0.011531829942513628 -0.018828250279493249 -0.026896414768351709 -0.0055431430986311678 0.017835861319639681 -0.00045478831892651987 -0.019879720025842842 -0.029140926595004082 0.008778250672249471 0.016117382317887407
leaf_weight=10.359082002192741 5.0163649804890138 10.867472738027573 6.0464316084980947 6.1263506188988677 28.850472271442413 5.9328878596425056 126.4264627173543 4.2325526252388936 4.6153765320777884 5.0705319792032233 5.0091315656900397 11.299130816012623 17.055535346269608 3.9033382087945929 6.8579109013080597 15.070437449961901 7.5494375973939887 3.5603749379515648
leaf_count=68 27 59 31 34 153 34 640 22 24 28 30 58 92 20 39 76 42 20
internal_value=-5.856e-06 -0.0012901 -0.00295728 -0.0137559 -0.000862198 -0.0180828 0.000457816 0.00848613 0.0159098 0.00580181 0.00862636 0.00296976 0.00842733 0.0233662 -0.00633018 -0.0202865 0.0231734 0.0344334
internal_weight=283.849 232.935 199.321 32.0643 167.256 11.9793 155.277 33.6144 22.5239 50.9144 45.8439 33.3638 28.3547 12.4801 11.0905 25.9379 17.9085 8.57674
internal_count=1497 1222 1027 169 858 65 793 195 134 275 247 180 150 67 61 135 110 47
is_linear=0
shrinkage=0.03


Tree=169
num_leaves=11
num_cat=0
split_feature=4 183 48 142 151 132 132 86 13 110
split_gain=2.33041 2.45689 6.42605 4.37483 2.88751 3.45228 4.92475 4.6131 1.89298 1.54535
threshold=-1.8549999999999998 0.018137056739739459 325.50000000000006 4.0465016351072132 0.075615181399996054 2.6373250000000006 1.8421000000000003 -0.038964120949999993 20.625000000000004 0.31565000000000004
decision_type=2 2 2 2 2 2 2 2 2 2
left_child=-1 2 -2 -4 8 6 -6 -7 -3 -5
right_child=1 4 3 9 5 7 -8 -9 -10 -11
leaf_value=0.027732186093618192 0.024685355389012436 0.037006107659810238 0.0079948808981936542 -0.03300274398410883 -0.001919740992212653 -0.0082679113841584197 0.012769776571914767 0.0017048727487087836 0.0030501636001571083 -0.0094174318599167927
leaf_weight=2.5979341566562644 3.7873480208218124 3.0696751140058032 4.2899397462606457 9.3153323195874673 42.493720136582851 70.866799805313349 39.090517714619637 100.45908880978823 3.2009483277797699 4.0930159315466872
leaf_count=16 20 22 26 48 219 366 210 527 21 22
internal_value=-5.63856e-06 -0.000282859 -0.0100141 -0.0177052 0.000515828 1.49592e-06 0.00508893 -0.00240516 0.0204636 -0.0261482
internal_weight=283.264 280.666 21.4856 17.6983 259.181 252.91 81.5842 171.326 6.27062 13.4083
internal_count=1497 1481 116 96 1365 1322 429 893 43 70
is_linear=0
shrinkage=0.03


Tree=170
num_leaves=18
num_cat=0
split_feature=0 0 207 194 36 20 190 28 18 105 44 0 55 192 73 98 34
split_gain=2.35623 3.98945 3.89944 4.04293 3.89375 3.6526 3.8309 3.21274 4.05941 3.57218 3.48766 3.19206 3.0317 2.75378 2.68042 2.1368 0.128557
threshold=20240265.000000004 20230527.500000004 0.79399294055568814 8.1831099530637097 0.50902008032128532 14.06 -4.0499999999999989 0.56301101694915257 56.465000000000011 0.52500000000000013 84.000000000000014 20250726.500000004 3.0150000000000001 -1.4399999999999993 1.2271883851500003 -0.23754527667499989 0.26640000000000008
decision_type=2 2 2 2 2 2 2 2 2 2 2 2 2 2 2 2 2
left_child=1 2 5 4 -4 6 -1 8 -2 -9 11 -10 13 15 -15 -3 -14
right_child=7 12 3 -5 -6 -7 -8 9 10 -11 -12 -13 16 14 -16 -17 -18
leaf_value=-0.020722674134028455 0.03195861262201917 -0.00082704365750651328 -0.003176267338327903 -0.027533558117340238 0.0069840841718267323 0.031067930713292124 0.015947435058004115 0.0090931625431822025 0.013812231660699103 -0.030095183467027092 -0.021127349966198354 -0.0035130822775060384 -0.0334948918295669 -0.011299421813298871 0.021398720851018772 -0.032031320104806166 -0.017487542129801401
leaf_weight=3.8959150612354287 5.6629687771201125 3.8332293704152134 131.89900567382574 5.0535492226481429 45.540655851364136 6.5398520827293387 6.9699638411402711 3.6793778464198095 26.852397330105305 4.4072517156600952 4.01854433864355 14.420079477131365 4.9461819231510153 4.1356241479516029 4.5965664386749268 4.4911885485053071 1.9748094603419302
leaf_count=18 42 28 628 26 210 33 35 23 188 23 21 78 43 25 23 34 19
internal_value=-3.55909e-06 -0.00142047 -1.58665e-05 -0.00132755 -0.000549207 0.0134943 0.00245687 0.00531183 0.00813698 -0.0120049 0.0050285 0.00769261 -0.0129572 -0.00586796 0.0056204 -0.0181989 -0.0296688
internal_weight=282.917 223.877 199.899 182.493 177.44 17.4057 10.8659 59.0406 50.954 8.08663 45.291 41.2725 23.9776 17.0566 8.73219 8.32442 6.92099
internal_count=1497 1122 950 864 838 86 53 375 329 46 287 266 172 110 48 62 62
is_linear=0
shrinkage=0.03


Tree=171
num_leaves=8
num_cat=0
split_feature=21 16 3 143 113 134 214
split_gain=2.33313 2.92308 3.49776 3.46398 3.1722 2.89555 1.30096
threshold=0.87675000000000014 26.025000000000002 1.6900000000000002 26.026756522688853 0.55415000000000014 105.88970760000002 0.30369597491727268
decision_type=2 2 2 2 2 2 2
left_child=1 2 3 4 -1 6 -2
right_child=5 -3 -4 -5 -6 -7 -8
leaf_value=-0.0011395185132895261 -0.033211190271137815 -0.017488492662930788 0.027249762958346642 0.028373162115532317 0.0084382097464059114 0.0054734315183582157 -0.0081795723294181971
leaf_weight=216.45380163937807 4.7656025066971761 7.6884227916598311 4.4466266334056845 3.902124196290969 36.225948914885521 5.0089776813983908 3.7939897552132607
leaf_count=1147 29 39 24 20 190 29 19
internal_value=-5.24613e-06 0.000598915 0.00114965 0.000675201 0.000224539 -0.0121066 -0.0226851
internal_weight=282.285 268.717 261.029 256.582 252.68 13.5686 8.55959
internal_count=1497 1420 1381 1357 1337 77 48
is_linear=0
shrinkage=0.03


Tree=172
num_leaves=13
num_cat=0
split_feature=165 88 127 177 12 214 158 189 203 132 182 214
split_gain=2.32183 3.81215 3.62362 3.69728 5.20122 5.4212 4.2689 3.64807 3.04101 4.95708 2.89646 2.81967
threshold=1.5464983523356601 4.8641192383500007 100.21232500000001 1.0466281438624037 63.810000000000009 0.20210818525612437 70.721463843312492 2.6250000000000004 0.25895000000000007 2.6499250000000001 7.939505608526308 0.2227420298287823
decision_type=2 2 2 2 2 2 2 2 2 2 2 2
left_child=2 -2 3 6 10 -6 7 -1 9 -3 -5 -8
right_child=1 8 -4 4 5 -7 11 -9 -10 -11 -12 -13
leaf_value=-0.0037099249995681738 0.011691888389902972 0.023832928429663627 0.022073609870905914 0.036817989441674408 -0.017475116475861027 0.0099263176912598068 0 0.0093830661857256664 -0.032156711960216633 -0.022754168544199829 0.0045040351943491036 0.034489709653436958
leaf_weight=182.63965236023068 5.3280366100370911 3.1905524954199773 6.8834498822689048 7.2746148221194726 9.1128391474485415 21.796015318483114 3.6719031333923322 21.196944609284401 6.834096521139144 5.2889464646577835 4.1651372909545898 4.7079333029687405
leaf_count=957 30 20 36 40 51 118 25 105 36 27 23 29
internal_value=-4.7792e-06 -0.00967673 0.000750769 0.000153977 0.00824715 0.00172052 -0.00145004 -0.00232974 -0.0173337 -0.00480185 0.0254537 0.0193697
internal_weight=282.09 20.6416 261.448 254.565 42.3486 30.9089 212.216 203.837 15.3136 8.4795 11.4398 8.37984
internal_count=1497 113 1384 1348 232 169 1116 1062 83 47 63 54
is_linear=0
shrinkage=0.03


Tree=173
num_leaves=21
num_cat=0
split_feature=133 105 122 93 211 103 121 12 213 56 7 207 178 12 30 136 202 209 170 116
split_gain=2.31203 6.16633 4.71339 4.32285 3.50251 3.21675 5.00398 6.03888 4.82569 4.15999 4.42844 6.53337 4.65311 4.10379 3.04823 2.95607 2.94697 2.62443 0.985624 0.748827
threshold=67.523896608333345 0.57500000000000007 0.63050000000000017 0.087863788800000023 -0.049276869988835896 -0.44474999999999992 3457.9800000000005 76.115000000000023 -0.073599113609783093 3.8124979484500003 18.225000000000005 0.79771111757725188 0.18240068107849286 62.435000000000009 0.82810000000000017 2.1927757518247435 1.2169883278394542 -0.08760964912280704 -0.28517003277661573 0.049000000000000009
decision_type=2 2 2 2 2 2 2 2 2 2 2 2 2 2 2 2 2 2 2 2
left_child=1 3 18 -1 17 6 13 8 -8 14 11 -11 -12 -2 19 -15 -6 -5 -3 -7
right_child=5 2 -4 4 16 9 7 -9 -10 10 12 -13 -14 15 -16 -17 -18 -19 -20 -21
leaf_value=-0.018593293843423415 0.003942782082423036 -0.036520585763259478 0.010798081927993112 0.015452663072451809 0.026427113643545615 0.041637869234409958 0.0097880917197472796 0.029951466396658074 -0.012048470917770929 0.031870299681498127 -0.0022205317149358019 -0.010646627808515895 0.010518298821973828 -0.032228018328151455 -0.0032960394552379465 0 0 -0.018560288889141612 -0.013653668003230748 0.018629918070987513
leaf_weight=3.5003061071038237 5.2450464069843319 4.0007457062602034 5.0656324848532668 3.9693854674696922 19.870121605694298 3.3549501299858075 13.275933872908352 4.9031605646014205 27.892327845096588 3.3730704598128787 59.523585107177496 46.178037732839584 45.046733416616917 13.213903348892929 3.3592970594763756 3.2393655739724627 4.8548965193331233 3.9694489091634741 4.2258273139595977 3.6007209792733192
leaf_count=20 29 19 27 22 107 20 73 27 144 21 308 244 238 69 19 21 25 22 21 21
internal_value=-2.26077e-06 0.00586978 -0.011428 0.0123243 0.0157757 -0.00126782 -0.00676847 -0.00109349 -0.00492727 0.000983688 -0.000236974 -0.00763361 0.00324324 -0.0186201 0.0193374 -0.0259744 0.0213301 -0.00120009 -0.0254396 0.0305855
internal_weight=281.662 49.4564 13.2922 36.1642 32.6639 232.206 67.7697 46.0714 41.1683 164.436 154.121 49.5511 104.57 21.6983 10.315 16.4533 24.725 7.93883 8.22657 6.95567
internal_count=1497 263 67 196 176 1234 363 244 217 871 811 265 546 119 60 90 132 44 40 41
is_linear=0
shrinkage=0.03


Tree=174
num_leaves=12
num_cat=0
split_feature=49 0 125 113 14 81 81 190 86 113 19
split_gain=2.32824 2.9721 5.69991 3.40824 3.33089 3.88431 4.51085 3.52174 3.71149 2.39864 1.80011
threshold=20200411.500000004 20200915.000000004 15.500000000000002 0.52915000000000012 20.185000000000006 1.0208141120500003 0.53053005130000008 -9.0749999999999975 -0.18758255624999998 0.4875000000000001 18.375000000000004
decision_type=2 2 2 2 2 2 2 2 2 2 2
left_child=-1 2 3 -2 7 6 -6 -3 -9 -7 -4
right_child=1 4 10 -5 5 9 -8 8 -10 -11 -12
leaf_value=0.019097570362448527 -0.012173271218030699 0.027666306994501795 -0.04141654975123666 0.017873268616206257 -0.018452234144950376 -0.010328311746833612 0.023176270002043642 -0.0036500124403264418 0.0041283934235010825 -0.041141173174922066 -0.013763710130374316
leaf_weight=5.5235429331660262 7.1098677068948763 4.4563705436885348 4.8209061622619611 6.2838475108146667 4.5114362239837664 5.5478136390447599 4.6280144453048706 92.009835533797741 137.10463630408049 4.3471726626157761 4.7431519627571106
leaf_count=26 31 27 20 30 27 30 25 485 754 22 20
internal_value=-9.08168e-07 -0.000401401 -0.010718 0.00172914 0.000528215 -0.0114876 0.00232551 0.00152475 0.000991354 -0.0244417 -0.0282973
internal_weight=281.087 275.563 22.9578 13.3937 252.605 19.0344 9.13945 233.571 229.114 9.89499 9.56406
internal_count=1497 1471 101 61 1370 104 52 1266 1239 52 40
is_linear=0
shrinkage=0.03


Tree=175
num_leaves=12
num_cat=0
split_feature=37 12 6 7 66 102 77 36 205 207 73
split_gain=2.32788 4.50934 2.89437 5.04244 4.84065 3.58761 4.50665 3.26422 4.73132 4.22847 3.13567
threshold=4.8029999999999999 61.400000000000013 57.900000000000013 15.750000000000002 1.5580543305500001 0.19035000000000005 0.78512070025000014 0.44889959839357435 0.94120551924473494 0.79399294055568814 0.21199858490000004
decision_type=2 2 2 2 2 2 2 2 2 2 2
left_child=1 -1 4 5 10 -4 -7 8 -5 -9 -2
right_child=2 -3 3 7 -6 6 -8 9 -10 -11 -12
leaf_value=-0.0098552888433551967 0 0.030332467316671729 0.0083071200827663019 0.0058147711240849557 -0.014259258737721856 0.0030443785651837973 -0.028550956535820873 0.017034627472193298 -0.019338005264569341 0.00019665582119389322 0.035062599623500078
leaf_weight=4.0283322185277921 3.2873344719409925 6.065763920545578 4.8928538039326694 10.759247452020647 4.1069044247269622 5.3862523362040546 14.438391041010616 14.380641505122183 17.085090227425098 189.50868229195476 6.8816225826740265
leaf_count=22 20 39 29 60 21 32 76 78 87 996 37
internal_value=-1.96127e-06 0.0140608 -0.000542368 -0.00128679 0.0125377 -0.0141395 -0.0198439 7.66871e-05 -0.00952541 0.00140674 0.0236857
internal_weight=280.821 10.0941 270.727 256.451 14.2759 24.7175 19.8246 231.734 27.8443 203.889 10.169
internal_count=1497 61 1436 1358 78 137 108 1221 147 1074 57
is_linear=0
shrinkage=0.03


Tree=176
num_leaves=13
num_cat=0
split_feature=166 19 149 46 206 214 164 166 177 125 89 12
split_gain=2.25111 2.73716 5.80741 6.34716 3.68518 5.70246 7.50091 5.05125 4.11694 5.61791 4.77249 2.86101
threshold=2.0304126541631646 23.475000000000005 25.532810441356766 -0.093349999999999989 0.9265675907627916 0.2281786293464281 0.53051532969671711 0.35266734753551904 0.32443204820794153 25.500000000000004 0.43467341970000001 69.910000000000011
decision_type=2 2 2 2 2 2 2 2 2 2 2 2
left_child=1 4 -3 -4 5 7 -7 -1 10 -10 -6 -5
right_child=-2 2 3 11 8 6 -8 -9 9 -11 -12 -13
leaf_value=-0.0094424424970278673 -0.022209498690023956 -0.019840708095909401 -0.01430460541507902 0.04231231401704675 -0.018822218137644654 0.02038748107651514 -0.027417075723519164 0.020565439503161902 0.0011725291814458781 0.039538065213884172 -0.003186112072350165 0.015097836778858899
leaf_weight=24.417142260819677 3.9520587101578704 4.6594492048025158 4.4265378415584626 5.9462311193346933 21.300633158534765 26.723333630710844 3.1821375116705886 6.2253990620374671 63.005509782582521 3.5486611127853385 103.16512278839946 9.922525327652691
leaf_count=130 22 26 22 31 115 160 17 34 338 18 536 48
internal_value=-4.91772e-07 0.000313988 0.00977728 0.0167881 -0.000616332 0.00581151 0.0151264 -0.00320133 -0.00267145 0.00331943 -0.00589907 0.0256844
internal_weight=280.475 276.523 24.9547 20.2953 251.568 60.548 29.9055 30.6425 191.02 66.5542 124.466 15.8688
internal_count=1497 1475 127 101 1348 341 177 164 1007 356 651 79
is_linear=0
shrinkage=0.03


Tree=177
num_leaves=14
num_cat=0
split_feature=64 216 113 45 204 80 12 103 2 215 111 218 18
split_gain=2.25182 3.00032 8.25139 3.92095 4.55514 5.52207 4.42442 4.67959 3.19015 3.03391 2.26281 1.93305 0.908193
threshold=2.4620499848500006 0.57916666666666672 0.53750000000000009 3.1150000000000007 1.2088444520197139 15.706892481550002 58.090000000000011 -0.71879999999999988 -1.1674999999999998 0.40295182937483043 0.20915000000000003 0.83911206372334746 63.285000000000004
decision_type=2 2 2 2 2 2 2 2 2 2 2 2 2
left_child=-1 3 9 4 5 -2 11 -8 -4 -3 -6 -5 -11
right_child=1 2 8 6 10 -7 7 -9 -10 12 -12 -13 -14
leaf_value=0.016563145919185583 0.01057918711421618 -0.0075071665239679021 0.027168684283018503 0.03340458846616514 0 -0.0015547952387338691 -0.01948302589754403 -0.0023748995504167467 -0.0057463327511985476 -0.042400067345269209 -0.033442211963041743 0.0016448626494991077 -0.021168859983111903
leaf_weight=7.088449001312255 74.567360788583755 7.6950912475586 5.3798150271177292 3.6942868977785102 3.5120810419321051 60.872346557676792 17.781655788421631 77.004823658615351 4.8428284227848035 5.3535310402512533 4.0904160141944885 3.5681643560528755 4.496572807431221
leaf_count=38 418 35 27 19 19 326 101 404 23 24 22 21 20
internal_value=0 -0.000447135 -0.00978106 0.000601684 0.00381615 0.0051064 -0.003874 -0.0056331 0.0113804 -0.0222754 -0.0185483 0.0184423 -0.0333197
internal_weight=279.947 272.859 27.7678 245.091 143.042 135.44 102.049 94.7865 10.2226 17.5452 7.6025 7.26245 9.8501
internal_count=1497 1459 129 1330 785 744 545 505 50 79 41 40 44
is_linear=0
shrinkage=0.03


Tree=178
num_leaves=9
num_cat=0
split_feature=47 183 159 12 97 206 214 206
split_gain=2.50277 2.70109 2.60372 3.6553 3.58646 3.38377 5.36416 3.91844
threshold=0.20360000000000003 0.0021399509467564114 62.655226562764575 61.910000000000004 -8.397156564449995 0.9265675907627916 0.2281786293464281 0.96191244667037668
decision_type=2 2 2 2 2 2 2 2
left_child=-1 -2 5 -4 -5 6 -3 -7
right_child=1 2 3 4 -6 7 -8 -9
leaf_value=0.023692942309386809 -0.031964202923846871 -0.0015393741823227698 0.016133610527040317 0.0014978135269104538 -0.033904743974452325 -0.012681198714664761 0.016164877314169344 0.00025150273954061686
leaf_weight=3.8516939505934706 2.3117483705282202 32.320953473448753 2.8864504396915427 3.8305139988660803 6.8444868624210349 23.816708315163851 28.826683588325977 174.80094644799829
leaf_count=24 12 172 15 23 40 120 171 920
internal_value=-1.64581e-06 -0.0003521 -6.21658e-05 -0.0128377 -0.0210268 0.00059794 0.00677068 -0.00128979
internal_weight=279.49 275.638 273.327 13.5615 10.675 259.765 61.1476 198.618
internal_count=1497 1473 1461 78 63 1383 343 1040
is_linear=0
shrinkage=0.03


Tree=179
num_leaves=13
num_cat=0
split_feature=188 127 132 52 82 52 126 82 6 38 41 198
split_gain=2.22246 3.69881 3.83468 4.11919 7.33067 5.46359 3.64218 3.40437 3.87829 3.71699 4.13794 2.64147
threshold=-1.4250000000000005 14.311800000000002 1.3358000000000001 2.2306000000000004 5.2734461510500008 2.3946000000000005 55.642000869565216 0.15532833115000003 58.45000000000001 7.0950000000000006 8.7600000000000016 0.90525752939815829
decision_type=2 2 2 2 2 2 2 2 2 2 2 2
left_child=7 -2 6 4 -4 -5 -3 -1 -9 11 -11 -10
right_child=1 2 3 5 -6 -7 -8 8 9 10 -12 -13
leaf_value=-0.0282040174001826 0.03112947328142977 -0.027169008950864177 0.017952488991164077 -0.024558604959854669 -0.021270940271482602 0.0015111189961781002 0.0073876443770978847 0.026036386015102234 -0.0010274665031167721 -0.033966845245731507 -0.0042373859824205214 0.032604843935671243
leaf_weight=4.8445956334471694 3.7018040716648093 7.7943905815482122 27.760892082005739 7.5414419025182715 4.9165387898683539 135.63076820597053 3.9748866409063339 3.9578891173005095 4.0771311819553366 4.4502041265368453 66.623210627585649 3.89190324395895
leaf_count=28 21 39 161 36 25 732 23 18 21 22 349 22
internal_value=-1.26044e-06 0.00180167 0.00119076 0.00231832 0.0119126 0.000100802 -0.0152814 -0.00395963 -0.00247618 -0.00397289 -0.00618613 0.0152265
internal_weight=279.166 191.321 187.619 175.85 32.6774 143.172 11.7693 87.8449 83.0003 79.0424 71.0734 7.96903
internal_count=1497 1037 1016 954 186 768 62 460 432 414 371 43
is_linear=0
shrinkage=0.03


Tree=180
num_leaves=12
num_cat=0
split_feature=182 92 117 153 164 93 31 54 214 25 66
split_gain=2.18739 2.99002 4.13537 4.24692 3.77114 3.55022 3.7677 3.33782 2.634 2.37712 1.85308
threshold=54.5264596236551 0.035783338736000002 0.51000000000000012 0.075558358468548512 -1.0131315670005525 0.041042851400000004 0.12016880127017734 82.175000000000011 0.22731346294931018 0.46830000000000005 0.52630810160000008
decision_type=2 2 2 2 2 2 2 2 2 2 2
left_child=1 2 3 9 -3 -6 -7 10 -5 -1 -4
right_child=-2 4 7 8 5 6 -8 -9 -10 -11 -12
leaf_value=-0.0020386104226533977 -0.023119499530423738 -0.031316060096542239 0.0079885303632285503 -0.0089289335585978086 -0.024269348758007146 0.003734726332657261 -0.0038952373989930467 -0.0012751801420831828 0.025582559784287976 -0.036072958718697382 0.035643888773586083
leaf_weight=4.2938901074230662 3.5388009622693053 3.5023573338985434 3.4578229747712639 2.9395904168486577 5.3672844544053069 125.25059394165874 108.64026260748506 4.7494582347571841 5.2558063790202141 3.4530927613377571 8.2787805348634702
leaf_count=24 18 21 18 19 26 673 562 27 41 21 47
internal_value=-1.46399e-06 0.000293216 0.00884263 -0.00188582 -0.000839651 -0.000368094 0.000177704 0.019347 0.0128836 -0.0178576 0.0278859
internal_weight=278.728 275.189 32.4284 15.9424 242.76 239.258 233.891 16.4861 8.1954 7.74698 11.7366
internal_count=1497 1479 197 105 1282 1261 1235 92 60 45 65
is_linear=0
shrinkage=0.03


Tree=181
num_leaves=13
num_cat=0
split_feature=0 0 217 93 134 133 148 14 117 78 218 159
split_gain=2.21296 3.86737 3.62657 3.64944 4.33664 4.07428 3.09588 3.42081 3.71141 3.2802 2.81082 1.76869
threshold=20240265.000000004 20231026.000000004 -0.17148710403150855 0.051147400850000004 67.507306740000018 67.523896608333345 66.556742329132263 20.060000000000006 0.53400000000000014 0.45308497030000011 1.6542447392133062 36.631538339124994
decision_type=2 2 2 2 2 2 2 2 2 2 2 2
left_child=1 2 -1 4 -4 -5 7 8 10 -10 -2 -3
right_child=6 11 3 5 -6 -7 -8 -9 9 -11 -12 -13
leaf_value=0.024871202509233855 0.017922940719534059 -0.031478365659850703 -0.03389846931412719 0.0091486403792790921 0.0043063194538504827 -0.0022638134531549068 -0.015388294173803593 -0.017302437085111168 0.0058940436867056236 -0.026272173993988554 -0.011077599337493688 0
leaf_weight=4.7994485273957244 31.167403843253851 5.3670049235224715 6.3421205654740316 33.897750943899155 4.3208429291844368 163.23487736284733 5.7365796864032736 4.3931801915168753 9.7985701635479909 3.8739860877394667 3.1292778179049483 2.3238942213356495
leaf_count=27 226 42 31 165 23 816 33 21 57 20 18 18
internal_value=-3.00496e-06 -0.00138778 -0.000612199 -0.0012269 -0.0182422 -0.000282542 0.00518927 0.00752587 0.00989341 -0.0031267 0.0151652 -0.0221586
internal_weight=278.385 220.286 212.595 207.796 10.663 197.133 58.099 52.3624 47.9692 13.6726 34.2967 7.6909
internal_count=1497 1122 1062 1035 54 981 375 342 321 77 244 60
is_linear=0
shrinkage=0.03


Tree=182
num_leaves=13
num_cat=0
split_feature=36 178 177 201 107 49 49 125 45 214 18 21
split_gain=2.20437 6.38076 5.06749 3.60486 3.46652 3.46414 3.68117 4.95998 3.7636 5.62279 5.2798 2.77701
threshold=0.52705220883534143 0.18586539967998708 -0.20728921943416789 0.9961436681446284 0.18040000000000003 20200411.500000004 20200905.000000004 12.500000000000002 3.3050000000000002 0.21826758082694725 55.315000000000005 0.47280000000000005
decision_type=2 2 2 2 2 2 2 2 2 2 2 2
left_child=5 2 -2 -4 -3 -1 7 11 9 -8 -10 -7
right_child=1 4 3 -5 -6 6 8 -9 10 -11 -12 -13
leaf_value=0.023507771005329567 0.02188704534061546 0.0086275987396426043 -0.00084635578595596288 -0.034061138162060856 0.042137917694992637 -0.01524322614278565 -0.0029570429780449458 -0.031274523522260178 0.030458136565561282 0.0090999671439109964 -0.0068720821161849513 0.017843126110124619
leaf_weight=4.9978002384304991 4.9078789427876517 6.1968618929386121 7.9972197562456131 4.7426586970686913 5.499716505408287 4.600642994046213 74.690425451844931 8.337016396224497 3.4321575723588458 64.659223016351461 83.466641433537006 4.3260658532381058
leaf_count=24 25 31 37 22 31 21 402 36 19 372 457 20
internal_value=-4.1524e-06 0.00774666 -0.00350421 -0.0136138 0.0248621 -0.000934192 -0.00145759 -0.0147746 -0.000422117 0.0026185 -0.00532989 0.000478789
internal_weight=277.854 29.3443 17.6478 12.7399 11.6966 248.51 243.512 17.2637 226.248 139.35 86.8988 8.92671
internal_count=1497 146 84 59 62 1351 1327 77 1250 774 476 41
is_linear=0
shrinkage=0.03


Tree=183
num_leaves=19
num_cat=0
split_feature=214 107 29 152 195 188 86 108 203 101 188 12 215 119 24 47 106 113
split_gain=2.19455 6.98481 4.85643 4.25969 3.78742 5.60259 3.6469 3.40671 5.38052 6.28834 5.97386 4.43315 4.2784 3.08005 2.69267 2.07179 1.13252 0.0170981
threshold=0.29940106989349552 0.23815000000000003 0.40980654295376467 -2.1594347172760275 3.4194185272029096 0.22499999999999967 -0.16632762505000001 -0.030849999999999995 0.94005000000000016 114041077.17000002 -5.0999999999999988 77.135000000000019 0.12314752331301886 4326.4975000000004 0.53815789473684228 0.63280000000000014 0.28295000000000003 0.47915000000000002
decision_type=2 2 2 2 2 2 2 2 2 2 2 2 2 2 2 2 2 2
left_child=4 13 -3 -4 7 16 -5 11 10 -10 -9 12 -1 17 15 -15 -6 -2
right_child=1 2 3 6 5 -7 -8 8 9 -11 -12 -13 -14 14 -16 -17 -18 -19
leaf_value=-0.0018629711196645764 0.025651831037641657 0.033343425977622985 0.019901857681913677 -0.031538216345914895 -0.038285089292913327 0.013762392007616879 -0.004131339928270578 -0.021654974611679281 -0.021511407832787325 0.011615459947330355 0.0072414918253632509 0.020486089875449823 -0.016808291422197336 0.01163167502637198 0.027109150324658 -0.021339693174419916 -0.015669873756400964 0.039194494068245843
leaf_weight=53.126687258481979 2.9304470345377949 2.6676460802555111 3.7622725963592591 7.0223156847059807 5.3085492774844152 3.7720283418893805 12.203962501138438 6.7176907882094374 15.324005562812092 7.5414937436580649 105.19681349396706 5.6032162085175505 25.843202419579029 3.8448840081691724 4.5425297468900681 2.8950835913419724 4.4782427549362183 4.6482247747480869
leaf_count=293 22 17 24 36 33 20 60 34 80 40 560 34 124 27 26 15 23 29
internal_value=-2.54758e-06 0.00608193 -0.00401099 -0.00860126 -0.00118048 -0.0165109 -0.0144082 -0.000212107 0.00273455 -0.0104519 0.00546241 -0.00494117 -0.0068069 0.0199179 0.00947301 -0.00219717 -0.0285034 0.0347509
internal_weight=277.429 44.5174 25.6562 22.9886 232.912 13.5588 19.2263 219.353 134.78 22.8655 111.915 84.5731 78.9699 18.8612 11.2825 6.73997 9.78679 7.57867
internal_count=1497 256 137 120 1241 76 96 1165 714 120 594 451 417 119 68 42 56 51
is_linear=0
shrinkage=0.03


Tree=184
num_leaves=15
num_cat=0
split_feature=47 114 6 213 186 164 77 66 19 70 19 203 199 78
split_gain=2.34951 2.52078 4.39212 4.19336 4.35827 4.11215 4.15402 5.55499 4.67165 4.04371 3.85203 3.95385 3.4582 1.74444
threshold=0.20360000000000003 0.31305000000000011 77.725000000000009 -0.27352162793283663 -2.6150000000000015 0.15744162919374452 0.79038774645000009 6.1460357535000005 19.275000000000002 0.025220046099999924 23.325000000000003 0.85055000000000014 1.9714497767538857 0.57257599170000006
decision_type=2 2 2 2 2 2 2 2 2 2 2 2 2 2
left_child=-1 2 3 9 -5 10 8 -8 -7 -2 11 -3 -4 -12
right_child=1 5 12 4 -6 6 7 -9 -10 -11 13 -13 -14 -15
leaf_value=0.0231863250681517 0.034515877557758645 0.0066499139263949802 0.028729222833089863 -0.011711717721599291 0.0010262122388625017 0.024758852382345622 -0.020403598691955929 0.01349277592944428 -0.0076992847816411917 -0.0051662741768560621 0.011209950387278808 -0.0080017993670466383 -0.0048129353248114294 0.038171086927200164
leaf_weight=3.7740783095359793 4.3803828470408899 77.907574560493231 6.3370249941945058 65.633563943207264 37.563615165650845 6.864643193781375 20.322207104414705 5.3427339643239966 9.0739279612898809 4.4996469132602215 5.5291339680552465 20.799114733934402 4.5733281075954437 4.156466618180275
leaf_count=24 23 428 34 352 204 37 110 25 48 27 29 109 25 22
internal_value=-1.48984e-06 -0.000341427 -0.00353311 -0.0053248 -0.00704958 0.00225619 -0.00571762 -0.0132059 0.00616039 0.0142406 0.00534683 0.00352722 0.0144808 0.0233584
internal_weight=276.757 272.983 122.988 112.077 103.197 149.996 41.6035 25.6649 15.9386 8.88003 108.392 98.7067 10.9104 9.6856
internal_count=1497 1473 665 606 556 808 220 135 85 50 588 537 59 51
is_linear=0
shrinkage=0.03


Tree=185
num_leaves=11
num_cat=0
split_feature=208 187 187 13 196 181 121 176 185 19
split_gain=2.3072 2.59191 4.19815 4.10368 3.97804 3.68767 3.96199 3.95961 3.22443 1.25288
threshold=-0.42846715424699156 4.9350000000000032 2.4749999999999983 20.925000000000004 1.133001148034084 0.7788690922163094 1820.3900000000001 -6.9861753225579211 -1.3700000000000008 20.625000000000004
decision_type=2 2 2 2 2 2 2 2 2 2
left_child=-1 2 5 4 9 7 -7 -2 -4 -3
right_child=1 3 8 -5 -6 6 -8 -9 -10 -11
leaf_value=-0.02413759672471795 -0.023481353103832852 0.016458673224953778 -0.033646822652215337 -0.0083512549981516037 -0.0034909652339797995 0.014194307406031254 -0.0095121834079411032 0.0031377729098824182 -0.001817592737744339 0.041856022829233862
leaf_weight=3.4213495403528205 5.0521588325500479 3.6820675358176249 5.8108344152569771 6.3602780550718299 3.9705697745084754 7.1164664626121512 48.507831659168005 181.24084532633424 5.9924239069223386 5.1357255131006241
leaf_count=18 31 20 33 33 23 38 272 966 35 28
internal_value=0 0.000301761 -0.000491928 0.010922 0.0207307 0.000351598 -0.00640535 0.00238757 -0.0178904 0.0318907
internal_weight=276.291 272.869 253.721 19.1486 12.7884 241.917 55.6243 186.293 11.8033 8.81779
internal_count=1497 1479 1375 104 71 1307 310 997 68 48
is_linear=0
shrinkage=0.03


Tree=186
num_leaves=11
num_cat=0
split_feature=37 12 6 134 127 48 188 113 29 82
split_gain=2.12688 4.15817 2.65958 3.44727 3.03627 3.5576 5.40869 3.84045 2.59473 2.34636
threshold=4.8029999999999999 61.400000000000013 57.900000000000013 142.64566545250003 98.879850000000019 331.50000000000006 -3.6750000000000003 0.53750000000000009 0.5633621777283514 0.20521818410000001
decision_type=2 2 2 2 2 2 2 2 2 2
left_child=1 -1 3 9 5 6 -4 -7 -6 -2
right_child=2 -3 4 -5 8 7 -8 -9 -10 -11
leaf_value=-0.0094164446945973271 0 0.029650833468767582 -0.0186559241471962 -0.013179451851365719 0.03308319112675441 -0.0071901850929998413 0.005796402096548134 0.0035346885189511405 0.00021290651954240588 0.03057186208649065
leaf_weight=3.9546814784407598 3.4710402935743314 5.8437004089355469 8.9996085576713067 3.4224122688174239 4.0958031117916089 120.09735624119639 74.606323953717947 39.579820588231087 4.8461390733718872 7.0494063198566437
leaf_count=22 22 39 46 19 23 630 438 197 24 37
internal_value=0 0.0136441 -0.000518133 0.0121694 -0.00123593 -0.00188065 0.00310929 -0.00451244 0.0158001 0.0207446
internal_weight=275.966 9.79838 266.168 13.9429 252.225 243.283 83.6059 159.677 8.94194 10.5204
internal_count=1497 61 1436 78 1358 1311 484 827 47 59
is_linear=0
shrinkage=0.03


Tree=187
num_leaves=12
num_cat=0
split_feature=208 187 187 13 196 181 218 181 191 22 19
split_gain=2.20148 2.41819 3.99137 3.88451 3.81734 3.51241 3.89981 3.89875 3.13331 2.45689 1.24463
threshold=-0.42846715424699156 4.9350000000000032 2.4749999999999983 20.925000000000004 1.133001148034084 0.7788690922163094 0.67827046778188971 0.99649812409804051 -2.7450000000000006 0.68020000000000003 20.625000000000004
decision_type=2 2 2 2 2 2 2 2 2 2 2
left_child=-1 2 5 4 10 6 -2 -7 -4 -10 -3
right_child=1 3 8 -5 -6 7 -8 -9 9 -11 -12
leaf_value=-0.023683846555322921 0.01414056831644357 0.015886297640208005 -0.039622499183123688 -0.0081489634998779745 -0.0034693404165117192 -0.020786888543013929 0.00072019529397507602 -0.0018200516623361445 0.012233307415063963 -0.020806429056617316 0.041310857962409159
leaf_weight=3.3900456130504599 22.119878422468901 3.6492335498332995 3.8112510107457638 6.3413767367601386 3.9635694921016684 12.720391556620596 163.87016277387738 42.757661499083042 3.4384725242853147 4.4728307649493217 5.0407122522592545
leaf_count=18 122 20 22 33 23 67 875 243 23 23 28
internal_value=0 0.000294921 -0.000469964 0.0105966 0.0202164 0.000351011 0.00233915 -0.00625245 -0.0174946 -0.00609852 0.0312776
internal_weight=275.576 272.186 253.191 18.9949 12.6535 241.468 185.99 55.4781 11.7226 7.9113 8.68995
internal_count=1497 1479 1375 104 71 1307 997 310 68 46 48
is_linear=0
shrinkage=0.03


Tree=188
num_leaves=10
num_cat=0
split_feature=183 37 12 6 168 201 0 126 25
split_gain=2.55184 2.43829 3.63703 2.59571 3.14042 2.99502 3.42982 3.05198 2.1117
threshold=0.0021399509467564114 4.8029999999999999 61.400000000000013 57.900000000000013 -0.51876484793331723 1.3674361307244467 20240520.500000004 76.291850490196083 0.44373121120547504
decision_type=2 2 2 2 2 2 2 2 2
left_child=-1 2 -2 4 -3 6 -5 -7 -6
right_child=1 3 -4 5 8 7 -8 -9 -10
leaf_value=-0.031129420710130893 -0.0070849805632546429 -0.0053252654013253142 0.030268820761402145 -0.0017002587460652658 0.040617654820488597 -0.019510706914284925 0.0078633811017095375 0.0049180164681936816 0.0092511320673525303
leaf_weight=2.2511801049113265 3.7214473709464055 5.2473837062716475 5.6578249707818031 188.0346998013556 3.7049324661493284 14.408989455550911 41.026527609676123 6.4379236735403529 4.7373840361833572
leaf_count=12 21 32 38 959 21 78 276 36 24
internal_value=0 0.000258605 0.0152129 -0.000267688 0.0123877 -0.000977613 2.25122e-06 -0.011836 0.0236819
internal_weight=275.228 272.977 9.37927 263.598 13.6897 249.908 229.061 20.8469 8.44232
internal_count=1497 1485 59 1426 77 1349 1235 114 45
is_linear=0
shrinkage=0.03


Tree=189
num_leaves=14
num_cat=0
split_feature=64 216 113 45 89 111 33 18 204 1 215 120 18
split_gain=2.16997 2.7498 7.61746 3.41482 4.23431 4.26572 3.95932 5.46752 5.01773 2.83915 2.82626 2.51644 0.85084
threshold=2.4620499848500006 0.57916666666666672 0.53750000000000009 3.1150000000000007 -0.81511465469999989 -0.42014999999999997 0.49595000000000006 57.010000000000012 1.0414793283410992 24.910000000000004 0.40295182937483043 4427.8500000000013 63.285000000000004
decision_type=2 2 2 2 2 2 2 2 2 2 2 2 2
left_child=-1 3 10 4 11 -6 8 -8 -5 -4 -3 -2 -12
right_child=1 2 9 6 5 -7 7 -9 -10 -11 12 -13 -14
leaf_value=0.016407599088844479 0 -0.007230448328698554 -0.0053264062652789781 -0.00016905449511246909 0.02617174667325722 0.0034529426997075684 0.016528917156502565 -0.010109951328348575 0.032110172392044958 0.026015719545497459 -0.04142643012491292 -0.03465946427682081 -0.020551088811746734
leaf_weight=6.960815403610467 3.4149461314082137 7.5478093773126664 4.7190484181046468 21.797055840492252 7.8753445856273165 125.37438260018826 7.5852943994104853 65.562852203845978 5.2545494288206092 5.2968329936265945 5.1858217790722829 3.8749255239963531 4.4191872626543045
leaf_count=38 20 35 24 120 45 698 44 353 28 26 24 22 20
internal_value=0 -0.000441064 -0.00947642 0.000569679 0.00359633 0.00483679 -0.00364492 -0.00728781 0.0060856 0.0110454 -0.021628 -0.0184304 -0.0324417
internal_weight=274.869 267.908 27.1687 240.739 140.54 133.25 100.2 73.1481 27.0516 10.0159 17.1528 7.28987 9.60501
internal_count=1497 1459 129 1330 785 743 545 397 148 50 79 42 44
is_linear=0
shrinkage=0.03


Tree=190
num_leaves=11
num_cat=0
split_feature=36 178 86 21 107 183 3 52 34 127
split_gain=2.11938 5.93266 3.34776 3.65307 3.25236 3.20163 3.35782 3.8422 4.01322 3.59099
threshold=0.52705220883534143 0.18586539967998708 -0.70674162799999996 0.56070000000000009 0.18040000000000003 0.0043789527917245689 1.6900000000000002 8.5387000000000022 0.27810000000000007 50.374750000000013
decision_type=2 2 2 2 2 2 2 2 2 2
left_child=5 2 -2 -4 -3 -1 7 8 -7 -9
right_child=1 4 3 -5 -6 6 -8 9 -10 -11
leaf_value=-0.029001855501197937 -0.023484813223482129 0.008580132271844617 0.017050030691718624 -0.016828008657722871 0.04136538021151636 0.0032665520842225207 0.025699015179340558 -0.025058861186299131 -0.0057128643858703363 -0.0030468663397428264
leaf_weight=3.5027089565992346 5.1195967197418257 6.1519777029752714 8.0599097982048971 4.2559887617826471 5.3494151495397091 143.35320357233286 4.2213388457894316 10.563062243163587 64.96443959698081 18.914043214172125
leaf_count=20 24 31 39 21 31 800 24 59 346 102
internal_value=0 0.00765587 -0.0032367 0.00505997 0.0243126 -0.000914732 -0.000484025 -0.000972045 0.000450504 -0.0110943
internal_weight=274.456 28.9369 17.4355 12.3159 11.5014 245.519 242.016 237.795 208.318 29.4771
internal_count=1497 146 84 60 62 1351 1331 1307 1146 161
is_linear=0
shrinkage=0.03


Tree=191
num_leaves=20
num_cat=0
split_feature=214 107 86 192 106 195 188 113 16 110 218 19 102 97 119 78 90 30 106
split_gain=2.15595 6.60668 4.16781 5.05014 3.59935 3.38958 5.27053 3.12799 4.52338 4.52003 3.93053 5.22003 4.87653 3.50802 2.9448 3.30507 2.0705 1.59351 1.13436
threshold=0.29940106989349552 0.23815000000000003 -0.16632762505000001 -4.8149999999999995 0.31710000000000005 3.4194185272029096 0.22499999999999967 0.55415000000000014 17.625000000000004 0.28930000000000006 0.67827046778188971 18.375000000000004 0.24085000000000004 -1.6347842358999973 4326.4975000000004 -0.14539133544999996 0.72029011245000008 0.55845000000000011 0.28295000000000003
decision_type=2 2 2 2 2 2 2 2 2 2 2 2 2 2 2 2 2 2 2
left_child=5 14 17 -4 -5 7 18 10 13 -10 12 -12 -1 -9 -2 -16 -17 -3 -7
right_child=1 2 3 4 -6 6 -8 8 9 -11 11 -13 -14 -15 15 16 -18 -19 -20
leaf_value=0.023492019000477551 0.034426791517517256 -0.0060556559016847634 -0.024185532266428136 0.035462522581876592 0.0019585593723382669 -0.037768060062225016 0.013633858470022586 0.0051571899207278893 -0.023627967873970642 0.0094005512892648864 -0.0080757424017717429 0.0028251011667202531 -0.0019773585428612896 0.039450918333835197 0.032979316164257762 -0.019418865373853681 0.011683922352507453 -0.033424609721721496 -0.014889985084065789
leaf_weight=11.595586046576502 7.37407108396292 3.9697496518492716 3.9975379928946522 4.4496540054678908 8.5033051259815675 5.0959790721535665 3.7126822322607032 5.310086764395237 5.2575981020927456 12.134680543094872 93.338525678962469 67.940220098942518 15.563150335103272 5.9276451915502566 3.5393756143748769 3.2824217900633785 4.3223191723227501 4.4044715091586113 4.3924022316932678
leaf_count=63 51 23 20 25 47 33 20 28 29 62 512 356 82 33 26 17 25 22 23
internal_value=0 0.00608074 -0.00378034 0.00463864 0.0138813 -0.00117037 -0.0158748 -0.000255393 0.00894955 -0.000490297 -0.00167385 -0.00346616 0.00883318 0.0236994 0.0196754 0.00942816 -0.00142935 -0.0210291 -0.0277559
internal_weight=274.111 43.8429 25.3247 16.9505 12.953 230.269 13.2011 217.067 28.63 17.3923 188.437 161.279 27.1587 11.2377 18.5182 11.1441 7.60474 8.37422 9.48838
internal_count=1497 256 137 92 72 1241 76 1165 152 91 1013 868 145 61 119 68 42 45 56
is_linear=0
shrinkage=0.03


Tree=192
num_leaves=14
num_cat=0
split_feature=64 216 34 131 45 80 188 19 12 103 124 218 49
split_gain=2.06654 2.64771 5.80036 6.84495 3.19159 4.11008 6.99708 5.20455 3.85651 4.23428 3.07775 1.72434 1.34759
threshold=2.4620499848500006 0.57916666666666672 0.15340000000000001 7.7098769230769237 3.1150000000000007 13.351724844500001 -3.1499999999999999 23.025000000000002 58.090000000000011 -0.71879999999999988 672.50000000000011 0.83911206372334746 20201201.500000004
decision_type=2 2 2 2 2 2 2 2 2 2 2 2 2
left_child=-1 4 12 10 5 6 -2 -7 11 -10 -4 -6 -3
right_child=1 2 3 -5 8 7 -8 -9 9 -11 -12 -13 -14
leaf_value=0.016047747511673399 -0.01896113233016888 -0.041503088009163538 -0.0018538662928993456 -0.021276214480854889 0.032017078602539356 -0.0045737685451648661 0.01138715990939734 0.025870014188109275 -0.018578566237435243 -0.0020622600142635385 0.029915259418994113 0.001520423722864292 -0.015702349991659731
leaf_weight=6.9301140010356894 7.4519756920635691 4.3774522095918673 4.6915905699133891 7.6175582185387603 3.5700621157884589 59.850376140326262 67.269244991242886 5.4043334387242785 17.231482777744532 75.334075551480055 5.957105353474617 3.4801155924797058 4.2693309485912323
leaf_count=38 40 20 23 37 19 327 385 33 101 404 28 21 21
internal_value=0 -0.000430536 -0.00934069 0.000115238 0.000561294 0.00349202 0.00829912 -0.00197081 -0.00352613 -0.00518595 0.0157523 0.0176147 -0.0294322
internal_weight=273.435 266.505 26.913 18.2663 239.592 139.976 74.7212 65.2547 99.6157 92.5656 10.6487 7.05018 8.64678
internal_count=1497 1459 129 88 1330 785 425 360 545 505 51 40 41
is_linear=0
shrinkage=0.03


Tree=193
num_leaves=20
num_cat=0
split_feature=214 107 86 192 106 195 108 48 201 183 139 197 177 52 133 9 128 77 163
split_gain=2.05153 6.30426 3.94909 4.73721 3.4414 3.23481 3.00306 5.4156 4.69495 4.6886 5.14055 5.04076 3.71678 2.88128 2.62225 2.82453 1.81769 1.71133 0.168474
threshold=0.29940106989349552 0.23815000000000003 -0.16632762505000001 -4.8149999999999995 0.31710000000000005 3.4194185272029096 -0.030849999999999995 332.50000000000006 0.98621136382628727 0.20196888362094736 0.77341485526483533 0.85809645472766827 -0.33056482029782314 6.3983000000000017 282.17144444519238 66.315000000000012 85.311560897697504 1.6809553833000002 0.050797153139651947
decision_type=2 2 2 2 2 2 2 2 2 2 2 2 2 2 2 2 2 2 2
left_child=5 13 17 -4 -5 6 7 8 -1 11 -11 -8 -9 16 15 -7 18 -3 -2
right_child=1 2 3 4 -6 14 9 12 -10 10 -12 -13 -14 -15 -16 -17 -18 -19 -20
leaf_value=-0.0045094049677574435 0.023753372875352709 -0.0063704345026656247 -0.023465108020841272 0.034815133498754328 0.0018895516769000249 -0.0036698551839933814 0.0080545769006607447 -0.032142644234021515 0.016396479162798461 -0.0058411354080785656 0.022824693651775127 -0.0053383909221829803 -0.0081430122183165834 0.0030896355178021821 0.0047087709712809135 -0.038122239079778686 0.0047394451324388491 -0.03465993737297117 0.039105725310579938
leaf_weight=27.031698461622 2.9085387736558932 4.3387367352843302 3.9708182737231281 4.3860299065709105 8.4927723146975023 3.896370016038416 40.736323874443769 7.1007775440812102 14.829609543085096 7.9098258949816254 17.991631753742695 66.293345667421818 34.568056747317314 6.6921702548861495 3.7894502058625212 5.3761489428579807 2.610541943460702 3.9850020259618759 6.0711396634578705
leaf_count=145 25 24 20 25 47 23 220 35 78 46 93 355 193 36 21 32 19 21 39
internal_value=0 0.00596144 -0.00367844 0.00453674 0.0135157 -0.00114008 -0.000247847 -0.00471492 0.00284656 0.00253802 0.0139665 -0.00021016 -0.0123718 0.0193458 -0.0155839 -0.0241588 0.0283687 -0.0205209 0.0347798
internal_weight=272.979 43.4557 25.1734 16.8496 12.8788 229.523 216.461 83.5301 41.8613 132.931 25.9015 107.03 41.6688 18.2824 13.062 9.27252 11.5902 8.32374 8.97968
internal_count=1497 256 137 92 72 1241 1165 451 223 714 139 575 228 119 76 55 83 45 64
is_linear=0
shrinkage=0.03


Tree=194
num_leaves=18
num_cat=0
split_feature=0 0 207 30 194 185 185 55 148 28 18 164 101 186 94 130 34
split_gain=2.07331 3.61922 3.46625 3.87852 3.64852 3.4885 2.94572 2.83763 2.82303 3.22141 2.91298 3.48772 2.63888 3.04783 2.02795 2.01209 0.154297
threshold=20240265.000000004 20230527.500000004 0.79399294055568814 -0.31275115812476195 8.1831099530637097 3.3750000000000004 -3.3399999999999994 3.0150000000000001 66.556742329132263 0.56301101694915257 56.465000000000011 -0.33133600010778191 32461276.150000002 -3.5650000000000008 0.0066528195999999915 2.0545500000000003 0.26640000000000008
decision_type=2 2 2 2 2 2 2 2 2 2 2 2 2 2 2 2 2
left_child=1 2 3 6 5 -4 -1 12 9 10 -2 -12 13 -3 -11 -14 -9
right_child=8 7 4 -5 -6 -7 -8 16 -10 14 11 -13 15 -15 -16 -17 -18
leaf_value=-0.008408784493242491 0.031120057734307583 -0.0099060898029518264 -0.002041889812832974 0.033580943336566263 -0.026721206051661572 0.011450593794964652 0.023418435629221628 -0.033220461215951382 -0.01475609999886158 -0.026579854690025259 -0.010632357455295107 0.011791310941565821 -0.0016813404986595042 0.024824015831716409 0.005505034985839069 -0.033631336238710653 -0.016398600759333717
leaf_weight=7.2902316004037866 5.3281171657145014 5.0065135322511232 151.92546916007996 5.4539125114679328 4.8227333426475516 19.332268208265305 3.9160803407430658 4.6990672536194316 5.6097725294530383 3.6600383147597304 7.5658389553427652 31.402146045118574 3.6274390816688529 3.9231506586074847 3.0625259876251221 3.8402689546346664 1.8634378053247926
leaf_count=35 42 35 736 28 26 102 23 43 33 19 45 215 23 20 21 32 19
internal_value=0 -0.00134921 0 0.0130316 -0.0012456 -0.000495503 0.00255675 -0.0125813 0.00509592 0.00736204 0.0103358 0.00734478 -0.00560686 0.0051259 -0.0116571 -0.0187353 -0.029212
internal_weight=272.329 215.701 192.741 16.6602 176.08 171.258 11.2063 22.9599 56.6284 51.0187 44.2961 38.968 16.3974 8.92966 6.72256 7.46771 6.56251
internal_count=1497 1122 950 86 864 838 58 172 375 342 302 260 110 55 40 55 62
is_linear=0
shrinkage=0.03


Tree=195
num_leaves=10
num_cat=0
split_feature=208 176 181 206 163 156 81 188 24
split_gain=2.03102 2.23408 2.45977 4.15733 4.48881 3.90582 3.593 3.35974 1.44505
threshold=-0.42846715424699156 -6.9861753225579211 0.7788690922163094 0.97980239385954671 -0.0070650148278838523 -97.089088439519927 0.96052900485000015 -1.9500000000000017 0.51315789473684215
decision_type=2 2 2 2 2 2 2 2 2
left_child=-1 8 5 4 -4 -3 -7 -5 -2
right_child=1 2 3 7 -6 6 -8 -9 -10
leaf_value=-0.022964238519400982 -0.0019333916649164149 0.028023405343914915 0.030767939316011891 -0.033038051420544633 -0.0013145337639379202 0.0073428209750622904 -0.0012314078021634612 -0.0068953543288235919 -0.028663284055180035
leaf_weight=3.3252389430999747 3.9769591167569152 5.1226830370724192 4.8704608269035843 5.1617279574275008 17.912774953991175 66.459548488259315 128.43493681773543 32.652868542820215 3.7505554631352425
leaf_count=18 28 38 28 29 105 376 672 181 22
internal_value=0 0.000283614 0.000768601 -0.00450473 0.00551725 0.00238267 0.00167931 -0.0106207 -0.0154905
internal_weight=271.668 268.343 260.615 60.5978 22.7832 200.017 194.894 37.8146 7.72751
internal_count=1497 1479 1429 343 133 1086 1048 210 50
is_linear=0
shrinkage=0.03


Tree=196
num_leaves=10
num_cat=0
split_feature=64 1 216 113 190 175 89 3 12
split_gain=1.99626 2.49733 2.80156 7.75454 3.41926 3.29233 3.91535 3.75017 2.21945
threshold=2.4620499848500006 3.7150000000000003 0.57916666666666672 0.53750000000000009 -2.2499999999999987 1.3848103524932345 -0.50208280879999989 1.0050000000000001 69.810000000000016
decision_type=2 2 2 2 2 2 2 2 2
left_child=-1 -2 5 8 -5 6 -3 -7 -4
right_child=1 2 3 4 -6 7 -8 -9 -10
leaf_value=0.015824087802767842 0.024096002659390998 -0.017691227711958198 -0.029628488489012967 0.033428532601911067 -0.002494099033041243 -0.034420873151119684 0.0017963347215462569 0.0047506395368308056 -0.003969942296044149
leaf_weight=6.8810076192021361 3.5774715542793265 9.5777352228760702 11.792455792427068 3.6327436789870262 6.1975384503602964 5.0179322324693185 216.6249630227685 3.6091089025139809 4.5020767599344245
leaf_count=38 24 56 55 20 30 33 1200 20 21
internal_value=0 -0.000428456 -0.000785259 -0.0100879 0.0106818 0.000240738 0.000950495 -0.0178231 -0.0227896
internal_weight=271.413 264.532 260.955 26.1248 9.83028 234.83 226.203 8.62704 16.2945
internal_count=1497 1459 1435 126 50 1309 1256 53 76
is_linear=0
shrinkage=0.03


Tree=197
num_leaves=8
num_cat=0
split_feature=9 11 16 177 110 18 41
split_gain=1.98607 4.11362 2.74281 2.988 4.02057 3.54921 1.825
threshold=79.875000000000014 21.185000000000006 26.250000000000004 1.0466281438624037 0.21495000000000003 69.340000000000018 17.835000000000004
decision_type=2 2 2 2 2 2 2
left_child=1 2 3 5 -5 -1 -2
right_child=6 -3 -4 4 -6 -7 -8
leaf_value=-0.0024498429820558466 0.031130828623973518 -0.027543487728638263 -0.021051070410439941 -0.019405324963343913 0.010819628271154761 0.0092127027300634521 0.0012152969503644957
leaf_weight=183.37318355962634 3.3763853386044493 4.8506903648376456 5.3195147812366477 4.2558685578405848 38.741606883704662 26.777781423181295 4.3763798661530018
leaf_count=1012 20 27 29 27 216 142 24
internal_value=0 -0.000453972 5.32728e-05 0.000516731 0.00772028 -0.000945839 0.0148563
internal_weight=271.071 263.319 258.468 253.148 42.9975 210.151 7.75277
internal_count=1497 1453 1426 1397 243 1154 44
is_linear=0
shrinkage=0.03


Tree=198
num_leaves=21
num_cat=0
split_feature=133 105 107 93 211 214 133 91 168 29 211 62 192 165 177 214 84 209 55 29
split_gain=1.96307 5.6057 4.22316 3.62147 3.21439 2.91603 2.77527 3.88481 3.47846 4.85065 5.01244 3.82792 4.26428 3.34678 3.71013 3.28902 2.98775 2.0383 1.62469 0.876574
threshold=67.523896608333345 0.57500000000000007 0.63050000000000017 0.087863788800000023 -0.049276869988835896 0.14520746908970772 238.07338093260003 -0.34583218379999997 -0.64462993007855618 0.67970000000000008 -0.044746963685557965 -0.87130103389999991 -2.1199999999999997 1.3214184658926627 1.3310279241775227 0.29310713954836615 0.24457276713200005 -0.07508169934640517 6.0500000000000007 0.45965000000000006
decision_type=2 2 2 2 2 2 2 2 2 2 2 2 2 2 2 2 2 2 2 2
left_child=1 3 19 -1 17 -6 8 -8 11 10 -10 16 -13 14 -9 -11 -2 -5 -15 -3
right_child=6 2 -4 4 5 -7 7 13 9 15 -12 12 -14 18 -16 -17 -18 -19 -20 -21
leaf_value=-0.01724135007438464 -0.028262306761359764 -0.012042254528790318 0.01007596254708124 0.012039486742913717 -0.0091687914779350656 0.024035537932433723 -0.022705439870705377 0.0056419026713684659 0.0060796491104324153 -9.8059421226483873e-05 -0.013133921632663942 0.01821798798796815 -0.00048521675262069196 0.00043807017755828924 0.032589271373338342 0.034504314493012285 0 -0.018565028052498919 -0.026801255461960403 -0.034112351099197913
leaf_weight=3.3125766143202773 5.6517002023756495 3.6799577698111516 4.9499940723180762 4.1761162579059601 2.4850095510482815 21.352853361517191 4.5348728895187369 53.260526020079851 14.649767197668551 6.7975035309791547 66.897717300802469 16.854260057210922 30.236457221210003 3.6149770170450202 5.0222280137240878 3.6380145773291588 8.2000755220651609 3.4775040075182941 3.7351265177130699 4.3311027362942696
leaf_count=20 32 18 27 24 15 117 25 302 92 40 344 96 165 23 27 21 48 20 19 22
internal_value=0 0.00550227 -0.0111623 0.0118083 0.0150039 0.0204249 -0.00119298 0.00372275 -0.00346905 -0.00715624 -0.0096423 0.00204963 0.0061697 0.00562619 0.00806719 0.0118932 -0.0116858 -0.00153918 -0.0131755 -0.0246176
internal_weight=270.858 47.7651 12.9611 34.8041 31.4915 23.8379 223.093 70.1677 152.925 91.983 81.5475 60.9425 47.0907 65.6329 58.2828 10.4355 13.8518 7.65362 7.3501 8.01106
internal_count=1497 263 67 196 176 132 1234 396 838 497 436 341 261 371 329 61 80 44 42 40
is_linear=0
shrinkage=0.03


Tree=199
num_leaves=11
num_cat=0
split_feature=20 18 204 203 204 188 210 24 174 114
split_gain=2.00852 3.28692 3.49323 3.59608 3.40751 3.05219 3.00277 4.69544 2.98284 1.27978
threshold=20.315000000000001 72.085000000000008 0.98742066447708188 -0.13524999999999998 1.2496771646891778 2.3249999999999997 -0.27091415593296014 0.43552631578947371 0.28559866045046373 0.35475000000000007
decision_type=2 2 2 2 2 2 2 2 2 2
left_child=1 4 -3 -4 6 -2 8 -8 -1 -5
right_child=5 2 3 9 -6 -7 7 -9 -10 -11
leaf_value=-0.00011968921469216263 -0.028828568650153395 -0.0090906672302853986 -0.00175879176430618 0.044865180626435866 -0.025613223881799208 0.0036634257801823325 0.0093236328082842625 -0.0012474027767412907 -0.027919662377846561 0.018375624685642772
leaf_weight=7.7548562288284284 5.224199175834654 4.2431474924087551 3.6936074346303949 4.2838846296071971 4.6163166463375083 4.7695596888661385 47.862388156354427 177.50632015988231 6.5336361676454544 3.8350444510579109
leaf_count=46 27 25 18 22 27 27 278 970 35 22
internal_value=-4.56279e-07 0.000497357 0.0136075 0.0220205 -0.000357289 -0.0131418 0.000127162 0.000987441 -0.0131459 0.0330934
internal_weight=270.323 260.329 16.0557 11.8125 244.274 9.99376 239.657 225.369 14.2885 8.11893
internal_count=1497 1443 87 62 1356 54 1329 1248 81 44
is_linear=0
shrinkage=0.03


Tree=200
num_leaves=16
num_cat=0
split_feature=151 113 134 125 86 132 30 153 159 183 102 36 128 202 178
split_gain=1.95973 2.39062 4.83829 4.14913 5.44165 3.74054 2.92392 4.57864 4.72466 4.03941 3.64757 3.5749 3.50927 2.80449 1.90154
threshold=0.068105029258492614 0.55415000000000014 56.546073745000008 15.500000000000002 -0.4087770637 2.7581000000000002 0.32690213920426808 0.098457829524140658 55.077188577255278 0.099960258284207557 0.18515000000000001 0.44489156626506027 18.621080324152718 1.0023052591019146 0.24923755105814141
decision_type=2 2 2 2 2 2 2 2 2 2 2 2 2 2 2
left_child=-1 6 5 4 -4 -3 7 8 -2 10 -8 -9 -11 -5 -7
right_child=1 2 3 13 -6 14 9 11 -10 12 -12 -13 -14 -15 -16
leaf_value=0.018094348363273487 0.00097591846176100941 0.00071622867652558801 -0.018137445337983123 -0.00080179212539074028 0.021553985270584029 0.044463720500105636 0.0090085577975061986 -0.0091076004542451888 -0.02410364656580952 -0.021110433757779084 -0.013983278310260076 0.028398291079810234 0.0054659667150360894 -0.033489634820490014 0.013284176129576742
leaf_weight=5.1745338067412368 116.70372499525547 5.5338998883962622 4.4198773354291907 5.1915058903396112 9.5684707909822482 5.1680209487676603 6.9197481051087371 2.8655793145298949 7.0707907751202574 5.0592989549040785 46.943713180720806 8.918665483593939 32.627930987626314 4.564277246594429 3.3113022223114967
leaf_count=37 625 28 22 31 53 29 39 17 43 25 247 71 184 23 23
internal_value=-1.35011e-06 -0.000372892 0.00659197 -0.00155311 0.00876008 0.0205189 -0.00154641 0.0012329 -0.00045087 -0.00569131 -0.0109627 0.0190256 0.00177242 -0.0165839 0.0329341
internal_weight=270.041 264.867 37.7574 23.7441 13.9883 14.0132 227.109 135.559 123.775 91.5507 53.8635 11.7842 37.6872 9.75578 8.47932
internal_count=1497 1460 209 129 75 80 1251 756 668 495 286 88 209 54 52
is_linear=0
shrinkage=0.03


Tree=201
num_leaves=14
num_cat=0
split_feature=36 178 195 124 114 49 49 47 101 49 19 36 133
split_gain=1.98105 5.40327 3.27935 3.14727 3.13649 2.95651 3.36678 3.26328 5.20122 4.02115 2.9564 4.36426 2.64299
threshold=0.52705220883534143 0.18586539967998708 1.5171653621430936 670.50000000000011 0.33515000000000006 20200411.500000004 20200905.000000004 0.65370000000000006 80113570.655000016 20210518.500000004 16.875000000000004 0.49899598393574301 95.585661323137259
decision_type=2 2 2 2 2 2 2 2 2 2 2 2 2
left_child=5 2 12 -3 -4 -1 10 8 -8 -9 -7 -12 -2
right_child=1 3 4 -5 -6 6 7 9 -10 -11 11 -13 -14
leaf_value=0.022104867648262055 0.0025333530665106099 0 -0.0077887724681726172 0.034601217068084653 0.028005297791752183 -0.032057019280082331 0.0055472063335364483 0.023076732353342313 -0.0044662305951713409 -0.0129917568741081 0.015937241498444162 -0.021454821633226387 -0.030068479040514941
leaf_weight=4.8132896199822417 3.6929192095995003 3.6617410480976087 4.1856850013136846 7.5291741564869881 4.269966259598732 5.5761079937219646 104.98735091090202 2.9424035251140621 83.696321722120047 28.001893058419228 4.8341929614543897 6.3165364414453506 4.9802042990922928
leaf_count=24 20 23 20 39 20 25 615 15 454 166 24 28 24
internal_value=0 0.00748054 -0.00296848 0.0236241 0.0100521 -0.000893514 -0.00138371 -0.000378635 0.00108954 -0.00940219 -0.0143216 -0.00497996 -0.0159744
internal_weight=269.488 28.3197 17.1288 11.1909 8.45565 241.168 236.355 219.628 188.684 30.9443 16.7268 11.1507 8.67312
internal_count=1497 146 84 62 40 1351 1327 1250 1069 181 77 52 44
is_linear=0
shrinkage=0.03


Tree=202
num_leaves=10
num_cat=0
split_feature=183 99 12 6 7 102 201 134 90
split_gain=2.15046 2.2585 3.30445 2.4263 4.1072 3.6995 2.9633 2.76603 2.1467
threshold=0.0021399509467564114 4.8250000000000002 61.400000000000013 57.900000000000013 15.750000000000002 0.19035000000000005 1.2112840124355195 112.69116582000002 0.29931279905000002
decision_type=2 2 2 2 2 2 2 2 2
left_child=-1 2 -2 7 5 -5 -6 8 -3
right_child=1 3 -4 4 6 -7 -8 -9 -10
leaf_value=-0.029263611711376689 -0.0065851434082794154 0 0.029501709187939158 0.011316918869938299 0.0020172769233315797 -0.018750510808736801 -0.0066923434976360928 -0.0093813965074122773 0.030494667625575733
leaf_weight=2.1427041143178931 3.6283208727836591 3.2451735585927945 5.4616082161664963 4.3675167709589031 177.66787431016564 18.855587191879749 43.689655315130949 3.6497746482491484 6.423273716121912
leaf_count=12 21 20 38 27 978 108 236 21 36
internal_value=0 0.000235832 0.014856 -0.000273401 -0.000965817 -0.0129429 0.000282454 0.0121312 0.0205721
internal_weight=269.131 266.989 9.08993 257.899 244.581 23.2231 221.358 13.3182 9.66845
internal_count=1497 1485 59 1426 1349 135 1214 77 56
is_linear=0
shrinkage=0.03


Tree=203
num_leaves=12
num_cat=0
split_feature=183 129 117 192 207 43 114 49 127 22 49
split_gain=2.05139 2.43766 4.01494 3.2113 3.95943 3.88604 3.65179 3.62994 3.49518 2.21152 1.00552
threshold=0.0021399509467564114 1.6918 0.51000000000000012 -6.1249999999999991 0.77578497913292377 12.335000000000003 0.27390000000000009 20231011.000000004 36.268200000000007 0.014250000000000002 20221217.500000004
decision_type=2 2 2 2 2 2 2 2 2 2 2
left_child=-1 2 9 5 8 -3 -6 -7 -5 10 -2
right_child=1 3 -4 4 6 7 -8 -9 -10 -11 -12
leaf_value=-0.028736586350330925 0.041194600556540215 0.010765404399925339 -0.017108148465529566 -0.00059787278469200327 -0.0080003634318681956 -0.03414414487312116 0.0013214821386002896 0.0019878256082398456 0.025798854949484248 0.0058127599236726937 0.015160131870834204
leaf_weight=2.1187403425574294 3.8287480324506777 4.0291287973523131 3.4277987927198401 7.872499160468581 48.61491047218442 7.7914062030613405 168.00732446461916 3.4264099672436714 9.8299308903515321 6.9054063782095909 3.0093359276652336
leaf_count=12 21 22 21 46 273 45 919 20 58 39 21
internal_value=0 0.000229319 0.0111369 -0.000513296 0.000344794 -0.0138128 -0.000759434 -0.0229227 0.013954 0.0184709 0.0305533
internal_weight=268.862 266.743 17.1713 249.572 234.325 15.2469 216.622 11.2178 17.7024 13.7435 6.83808
internal_count=1497 1485 102 1383 1296 87 1192 65 104 81 42
is_linear=0
shrinkage=0.03


Tree=204
num_leaves=13
num_cat=0
split_feature=0 0 21 93 110 56 4 12 213 23 159 134
split_gain=1.98115 3.55333 3.05716 3.59815 4.04562 3.83477 2.8632 3.14822 3.43894 3.14864 1.62083 0.28103
threshold=20240265.000000004 20231026.000000004 0.87675000000000014 0.051147400850000004 0.30675000000000002 12.177482033900001 -1.1949999999999996 74.195000000000007 0.87574621987886192 0.068850000000000008 36.631538339124994 97.736914092500015
decision_type=2 2 2 2 2 2 2 2 2 2 2 2
left_child=1 2 3 4 -1 -5 11 8 9 -8 -3 -2
right_child=6 10 -4 5 -6 -7 7 -9 -10 -11 -12 -13
leaf_value=-0.035054181775397014 0.033990263709572574 -0.031025076826734239 -0.020431497941256198 0.0086554873832422469 0.0028148740530683876 -0.0013551113165077952 0.0013248068406599429 -0.020464052096554365 -0.019403419195456569 0.018337414406058201 0 0.014124080963563082
leaf_weight=5.3100922107696515 2.8544896505773059 5.0565514117479315 6.65307892858982 45.057584069669247 4.5028456561267376 143.94181018695235 25.815022382885218 4.5919985100626937 4.4353850185871115 16.121889021247625 2.2162511050701141 1.9717887267470358
leaf_count=26 25 42 39 239 26 732 176 27 22 107 18 18
internal_value=0 -0.00132845 -0.000578878 8.03283e-05 -0.0175215 0.00101887 0.00501814 0.00283526 0.00524609 0.00796443 -0.0218027 0.0269343
internal_weight=268.529 212.738 205.465 198.812 9.81294 188.999 55.7906 50.9643 46.3723 41.9369 7.2728 4.82628
internal_count=1497 1122 1062 1023 52 971 375 332 305 283 60 43
is_linear=0
shrinkage=0.03


Tree=205
num_leaves=20
num_cat=0
split_feature=214 107 86 192 106 195 188 107 201 121 11 205 54 119 176 52 48 111 106
split_gain=1.94652 5.84052 3.74405 4.29749 3.17755 2.99671 4.83036 2.8488 4.83753 4.90534 4.7877 3.64043 2.90265 2.77773 3.08981 2.93996 2.6235 1.92182 1.12274
threshold=0.29940106989349552 0.23815000000000003 -0.16632762505000001 -4.8149999999999995 0.31710000000000005 3.4194185272029096 0.22499999999999967 -0.21889999999999996 1.3715748873818761 14267.445000000002 15.56 0.94541008738758847 19.445000000000004 4326.4975000000004 0.068176787705346034 6.3983000000000017 334.50000000000006 0.56510000000000005 0.28295000000000003
decision_type=2 2 2 2 2 2 2 2 2 2 2 2 2 2 2 2 2 2 2
left_child=5 13 17 -4 -5 7 18 10 9 -9 12 -12 -1 -2 15 -15 -10 -3 -7
right_child=1 2 3 4 -6 6 -8 8 16 -11 11 -13 -14 14 -16 -17 -18 -19 -20
leaf_value=0.0056360785992966914 0.0336801630373436 -0.0056254994441595685 -0.022497263690365449 0.03406745131162027 0.001987174668962663 -0.037121550516804394 0.013300140376364119 0.005105155178335671 -0.0052296621716329435 -0.021210160055949334 0.012879323934540183 -0.0061030839906548199 -0.018620725975488545 0.014082393859206069 0.031914330487879554 -0.023636465423218362 -0.03468826550849962 -0.035787247490132276 -0.014005801999485864
leaf_weight=5.1450864896178272 7.0116098672151592 4.4250359423458594 3.8441867381334331 4.2509405538439742 8.3453916236758214 4.8384061120450479 3.6236703172326079 126.95413756743073 8.2619850412011129 6.5779877230525008 15.447915919125078 21.634788375347853 24.669541221112013 4.1910110265016538 3.4482703432440758 3.1570921167731285 4.2358831763267508 3.7303503304719925 4.2803007364273071
leaf_count=27 51 26 20 25 47 33 20 693 46 39 87 116 135 30 23 15 22 19 23
internal_value=0 0.00588049 -0.00349284 0.00461137 0.0132328 -0.00111777 -0.0151954 -0.000254486 0.00207935 0.00377147 -0.00538928 0.0017373 -0.0143296 0.0189414 0.00887288 -0.00182039 -0.0156483 -0.0200515 -0.0268661
internal_weight=268.074 42.4039 24.5959 16.4405 12.5963 225.67 12.7424 212.927 146.03 133.532 66.8973 37.0827 29.8146 17.808 10.7964 7.3481 12.4979 8.15539 9.11871
internal_count=1497 256 137 92 72 1241 76 1165 800 732 365 203 162 119 68 45 68 45 56
is_linear=0
shrinkage=0.03


Tree=206
num_leaves=14
num_cat=0
split_feature=25 114 6 170 103 164 56 86 188 216 66 199 30
split_gain=2.08432 2.34105 3.84861 3.75471 4.44989 3.69459 3.83186 3.36642 4.78728 3.83277 3.28721 2.95464 2.73523
threshold=0.20360000000000003 0.31305000000000011 77.725000000000009 -3.0287860504545465 1.7385500000000003 0.15744162919374452 3.8124979484500003 -0.32946798215 1.0000000180025095e-35 0.57916666666666672 6.1460357535000005 1.9714497767538857 -0.22664840872667458
decision_type=2 2 2 2 2 2 2 2 2 2 2 2 2
left_child=-1 2 3 12 -5 7 -7 8 -3 -9 -8 -4 -2
right_child=1 5 11 4 -6 6 10 9 -10 -11 -12 -13 -14
leaf_value=0.022335511895625271 -0.015941030430420354 -0.010983337028484332 0.027321147022089803 -0.0091007427626109121 0.02398167833626676 0.026444204758072423 -0.011853092345259624 0.011759825783438184 0.013003492418713033 -0.0074674433479019553 0.013393679329115544 -0.0042457870958908126 0.012873503569770024
leaf_weight=3.6046793386340132 3.5303061380982426 21.653791435062885 6.0331992059946042 86.355233058333397 3.6809068955481044 2.9870305210351935 31.90318177267909 61.180147293955088 11.256455477327107 10.736708030104635 5.23777051270008 4.4267877191305161 14.805653546005486
leaf_count=24 23 120 34 476 19 19 176 352 64 52 25 25 88
internal_value=0 -0.000324061 -0.00345383 -0.00515448 -0.00768986 0.00222161 -0.00547406 0.00519852 -0.00267358 0.00884128 -0.00818573 0.0137639 0.00710661
internal_weight=267.392 263.787 118.832 108.372 90.0361 144.955 40.128 104.827 32.9102 71.9169 37.141 10.46 18.336
internal_count=1497 1473 665 606 495 808 220 588 184 404 201 59 111
is_linear=0
shrinkage=0.03


Tree=207
num_leaves=13
num_cat=0
split_feature=217 48 36 178 177 53 3 107 132 127 180 101
split_gain=1.92916 3.23912 2.47398 4.81248 4.21172 3.76395 3.15504 3.00026 2.96741 4.23147 3.68275 1.99803
threshold=-0.14756571408490163 333.50000000000006 0.52705220883534143 0.18586539967998708 -0.20728921943416789 8.8035500000000013 1.6900000000000002 0.18040000000000003 2.6499250000000001 45.806450000000005 -0.047190274471964382 60650489.455000006
decision_type=2 2 2 2 2 2 2 2 2 2 2 2
left_child=1 11 6 4 -4 -6 8 -5 10 -10 -2 -1
right_child=2 -3 3 7 5 -7 -8 -9 9 -11 -12 -13
leaf_value=0.033878844566754135 0.014584910396866321 -0.012579966556760847 0.021164068488769533 0.0079202591076870475 -0.024729740584549454 0.0097390123772204962 0.024011579219095934 0.040076439041436207 -0.010114872016233971 0.00020616577601088144 -0.00088836243865095775 0.0046187372544221859
leaf_weight=4.8809629306197149 17.527490697801113 3.4247666560113421 4.7535218894481703 6.0011912845075113 7.5274947360157967 4.3310250788927078 4.1235317736864081 5.0573215708136559 68.225155867636204 73.81388396769762 63.124772965908051 4.1564013287425041
leaf_count=35 109 21 25 31 37 20 24 31 370 426 345 23
internal_value=0 0.0114684 -0.000574506 0.00785934 -0.00219913 -0.0119139 -0.00161963 0.0231223 -0.00211827 -0.00473383 0.00245106 0.0209479
internal_weight=266.948 12.4621 254.485 27.6706 16.612 11.8585 226.815 11.0585 222.691 142.039 80.6523 9.03736
internal_count=1497 79 1418 144 82 57 1274 62 1250 796 454 58
is_linear=0
shrinkage=0.03


Tree=208
num_leaves=14
num_cat=0
split_feature=182 92 114 129 218 187 127 181 60 107 8 117 132
split_gain=1.92377 2.70701 3.62679 3.28169 2.99058 6.266 5.38982 3.81469 4.86435 3.41381 2.74865 1.96069 1.89887
threshold=54.5264596236551 0.035783338736000002 0.25340000000000007 3.196753333333334 0.89241282725760818 4.9350000000000032 17.253975000000001 0.10825010359504268 6.1854138267720007 -0.19244999999999998 19.060000000000006 0.51800000000000013 2.7581000000000002
decision_type=2 2 2 2 2 2 2 2 2 2 2 2 2
left_child=1 2 -1 11 7 6 -6 9 -9 -3 -5 -4 -7
right_child=-2 4 3 10 5 12 -8 8 -10 -11 -12 -13 -14
leaf_value=-0.020114699364952617 -0.022356073364535867 -0.0031864539192038841 0.010382387162703618 0.011696011363858783 0.020730067847016656 0.03878345627872723 -0.0077576669414301308 -0.003699838648027727 0.031401732186277863 0.014686971930749766 -0.014953203274966567 0.042749615986421761 0.008344781111337846
leaf_weight=3.3362807109952 3.3212485536932936 13.314479783177374 3.3794223666191128 15.338887915015222 6.1977910511195651 3.1907392144203168 103.42697503045201 65.667226187884808 3.6466475129127494 32.08961034938693 4.3258230052888385 4.2201595306396484 5.1402040272951126
leaf_count=20 18 75 24 102 34 18 562 358 20 184 26 25 31
internal_value=0 0.000285564 0.00866705 0.0123593 -0.000807107 -0.00416938 -0.00610231 0.00262456 -0.00176733 0.00938428 0.00563596 0.0290678 0.0206803
internal_weight=266.595 263.274 30.6006 27.2643 232.674 117.956 109.625 114.718 69.3139 45.4041 19.6647 7.59958 8.33094
internal_count=1497 1479 197 177 1282 645 596 637 378 259 128 49 49
is_linear=0
shrinkage=0.03


Tree=209
num_leaves=13
num_cat=0
split_feature=4 188 209 168 194 194 7 127 127 177 52 12
split_gain=1.88755 2.05138 3.11703 5.25543 3.73408 4.24469 3.67062 3.08573 3.26419 4.98504 3.9739 2.2327
threshold=-1.8349999999999997 -1.4250000000000005 0.10234588106928523 -0.010860165978921888 0.74242176508789692 0.56534858326994641 16.275000000000002 14.311800000000002 29.129925000000004 -0.073275658533522664 2.2468500000000007 69.315000000000012
decision_type=2 2 2 2 2 2 2 2 2 2 2 2
left_child=-1 2 4 11 5 -2 -6 -3 9 -9 -10 -4
right_child=1 7 3 -5 6 -7 -8 8 10 -11 -12 -13
leaf_value=0.023507589548477748 -0.0046598241618384809 0.029161227349780133 0.036618021324837519 -0.017633223956706419 -0.021754272937003612 -0.033350147691619737 0.00092637155700696589 0.0082258598818917734 0.015094131790814997 -0.014577900579801809 0.00090869396303318761 0.0045347656823091073
leaf_weight=2.9384648948907843 10.476662606000902 3.4665308445692053 4.7207725681364519 4.1350722648203364 7.3976301401853553 8.7208829335868341 43.400176856666803 12.819917567074297 20.950255397707224 25.246570944786072 118.16326969489455 3.7312327846884727
leaf_count=19 58 21 27 23 42 44 236 73 126 142 664 22
internal_value=0 -0.000273672 -0.00419737 0.00939719 -0.00669476 -0.0179537 -0.0023539 0.00150477 0.000930607 -0.00681808 0.00307585 0.0230239
internal_weight=266.167 263.229 82.5824 12.5871 69.9954 19.1975 50.7978 180.647 177.18 38.0665 139.114 8.45201
internal_count=1497 1478 452 72 380 102 278 1026 1005 215 790 49
is_linear=0
shrinkage=0.03


Tree=210
num_leaves=13
num_cat=0
split_feature=20 187 130 218 92 218 34 195 117 98 188 78
split_gain=1.88978 2.93347 3.93521 3.03946 5.90975 5.5714 4.11107 4.1086 3.88969 3.50923 2.75981 1.94755
threshold=20.315000000000001 4.9350000000000032 3.3975000000000004 0.89538522335930237 0.045135191376000007 1.1096851561790182 -0.021699999999999997 1.5355719510234704 0.51000000000000012 2.339617547675001 2.3249999999999997 0.24090937544999999
decision_type=2 2 2 2 2 2 2 2 2 2 2 2
left_child=1 3 11 6 8 -6 7 -1 -5 -8 -2 -3
right_child=10 2 -4 4 5 -7 9 -9 -10 -11 -12 -13
leaf_value=0.019891045040397411 -0.027973722739254844 0.039856674044384463 -0.0049888852055055572 -0.0011806617215483939 -0.012626671957565831 0.0012808101413316981 0.0015001718302105373 -0.004257835113061304 0.025631738111199193 -0.022224100863202229 0.0031852623477362329 0.0093593669373721877
leaf_weight=21.150208801031116 5.1048440560698491 4.6182264760136587 5.7143676578998557 9.789208937436344 57.742032792419195 46.299870833754539 83.037418309599161 8.728713706135748 9.1918379552662355 5.9164851419627658 4.6943000480532646 3.7829211503267288
leaf_count=126 27 26 34 70 313 253 466 48 53 32 27 22
internal_value=0 0.000496196 0.0137447 -0.00026999 -0.0035853 -0.00641358 0.00313712 0.0127455 0.0117127 -6.72689e-05 -0.0128625 0.0267487
internal_weight=265.77 255.971 14.1155 241.856 123.023 104.042 118.833 29.8789 18.981 88.9539 9.79914 8.40115
internal_count=1497 1443 82 1361 689 566 672 174 123 498 54 48
is_linear=0
shrinkage=0.03


Tree=211
num_leaves=13
num_cat=0
split_feature=47 114 213 127 103 133 164 56 86 185 127 66
split_gain=1.98127 2.14867 3.72642 4.29697 4.54277 4.08084 3.50871 3.55934 3.20213 4.99059 3.74793 3.10987
threshold=0.20360000000000003 0.31305000000000011 -0.3825072650952534 20.853975000000002 -0.31219999999999992 70.610030751190493 0.15744162919374452 3.8124979484500003 -0.32946798215 5.4050000000000056 28.978750000000002 6.1460357535000005
decision_type=2 2 2 2 2 2 2 2 2 2 2 2
left_child=-1 2 -2 4 -4 -5 8 -8 9 -3 -10 -9
right_child=1 6 3 5 -6 -7 7 11 10 -11 -12 -13
leaf_value=0.021972336223918944 0.024708107148999878 -0.007198537816638869 -0.0083691693828329312 0.0023356945219634509 0.02167756547785845 -0.01101641056043883 0.025712484280459611 -0.011588682828567669 -0.010179555817679214 0.027898838843247568 0.011110208229639425 0.013056168123109189
leaf_weight=3.5427336096763602 3.9926980696618548 28.54546832293272 7.6296449899673489 29.305903162807226 10.544331483542917 66.460224863141775 2.9201245084404936 31.636740151792765 8.2071708589792234 4.0615488439798346 63.260296408087015 5.1971603929996482
leaf_count=24 25 159 43 161 64 372 19 176 47 25 357 25
internal_value=0 -0.000305842 -0.003316 -0.00434513 0.00892266 -0.00690099 0.00214209 -0.00539397 0.00505191 -0.00266313 0.00861261 -0.0080042
internal_weight=265.304 261.761 117.933 113.94 18.174 95.7661 143.829 39.754 104.074 32.607 71.4675 36.8339
internal_count=1497 1473 665 640 107 533 808 220 588 184 404 201
is_linear=0
shrinkage=0.03


Tree=212
num_leaves=16
num_cat=0
split_feature=0 0 217 21 96 55 4 12 213 127 101 135 57 31 131
split_gain=1.87933 3.35535 3.10633 2.96881 3.11339 2.71117 2.7078 2.87037 3.2126 2.96455 2.46213 2.82625 1.8378 0.274119 0.138659
threshold=20240265.000000004 20230527.500000004 -0.17148710403150855 0.87675000000000014 0.52131835404999993 3.0150000000000001 -1.1949999999999996 74.195000000000007 0.87574621987886192 56.977650000000004 32461276.150000002 2.1857006135185504 4.3578049116000006 0.20476962616822436 10.802820085470087
decision_type=2 2 2 2 2 2 2 2 2 2 2 2 2 2 2
left_child=1 2 -1 4 -4 10 13 8 9 -8 11 -3 -12 -2 -7
right_child=6 5 3 -5 -6 14 7 -9 -10 -11 12 -13 -14 -15 -16
leaf_value=0.024437570635650625 0.033627327350081018 -0.0079362012587884129 0.0023803215742945884 -0.021746398857819021 -0.0068050523654329884 -0.032927010152272937 0.0033181348976272272 -0.019559034401405443 -0.018877447959832833 0.022674295920008459 -0.02949687970255567 0.026586339175028419 0.00084380769217969086 0.013677496261277353 -0.016409082405358683
leaf_weight=4.4740669131278983 2.7762339375913134 5.3757082782685774 133.51092568784952 5.683100499212741 44.085555210709572 4.4581832475960246 32.012979760766029 4.5351611450314513 4.3610905259847632 9.2829622477292997 4.6135123260319224 3.3333886675536633 2.5925283618271351 1.9062500298023222 1.8729120530188081
leaf_count=27 27 37 666 32 225 43 208 27 22 75 36 18 19 16 19
internal_value=0 -0.00129 1.96656e-06 -0.000591176 8.07667e-05 -0.0122794 0.00494036 0.00281225 0.00513786 0.00778596 -0.00536599 0.00508848 -0.0183084 0.0265888 -0.0288382
internal_weight=264.875 210 187.754 183.28 177.596 22.2462 54.8747 50.1922 45.657 41.2959 15.9151 8.7091 7.20604 4.68248 6.3311
internal_count=1497 1122 950 923 891 172 375 332 305 283 110 55 55 43 62
is_linear=0
shrinkage=0.03


Tree=213
num_leaves=14
num_cat=0
split_feature=47 93 189 78 65 70 62 86 168 33 180 207 77
split_gain=1.87432 2.07201 4.13558 4.33105 3.35741 4.11887 4.05216 3.64106 3.36835 3.33421 3.82008 1.87799 1.34872
threshold=0.20360000000000003 2.962198555100001 -1.4250000000000005 -3.5559899884999995 4.3426706954000007 3.4419383736000002 14.343780020500001 -2.0900117159499998 -0.14098699016808047 0.37805000000000005 -0.029017345541437829 1.0114222893025511 8.2608909420000014
decision_type=2 2 2 2 2 2 2 2 2 2 2 2 2
left_child=-1 4 3 -3 5 7 8 -2 -6 -4 -11 -7 -5
right_child=1 2 9 12 6 11 -8 -9 -10 10 -12 -13 -14
leaf_value=0.021463157775671104 0.015474693070907758 0.010153593443945797 0.020565159621184326 -0.036320393503409043 0.0042735876524341862 -0.0044409183019175572 -0.010504928305651449 -0.00075274166087661452 0.029943016694857685 -0.025693419156828604 0.0028987432145785373 -0.036083148973014421 -0.0130030824967942
leaf_weight=3.5123764351010314 13.287760004401205 3.2815606519579896 5.7661944925785091 7.0904539227485621 9.1318018287420326 3.3302317708730689 5.6991573609411708 174.7055604532361 9.9445623606443387 5.7190083898603943 14.628131054341791 4.0041988641023636 4.1801632344722748
leaf_count=24 75 18 33 36 53 20 33 997 57 30 79 21 21
internal_value=0 -0.000295545 -0.00651674 -0.0192791 0.000842676 -0.000464303 0.0112278 0.000385915 0.0178979 0.000527292 -0.00507734 -0.0223724 -0.0281265
internal_weight=264.281 260.769 40.6655 14.5522 220.103 195.328 24.7755 187.993 19.0764 26.1133 20.3471 7.33443 11.2706
internal_count=1497 1473 217 75 1256 1113 143 1072 110 142 109 41 57
is_linear=0
shrinkage=0.03


Tree=214
num_leaves=15
num_cat=0
split_feature=146 26 88 22 217 192 0 23 101 0 205 195 26 133
split_gain=1.8419 3.6753 2.71595 2.58868 2.39325 3.52548 3.1577 4.94763 6.98707 4.53228 4.42724 3.28872 3.19225 1.59217
threshold=43.025670078267019 0.18990000000000004 11.911616033150002 1.3113500000000002 -0.1395399528028842 -0.75500000000000067 20210812.000000004 0.12980000000000003 46918028.030000009 20211014.000000004 0.86091154189018415 2.5335926912828328 0.13265000000000002 121.68030298309783
decision_type=2 2 2 2 2 2 2 2 2 2 2 2 2 2
left_child=1 2 -1 -3 5 13 7 10 -9 12 -6 -11 -8 -2
right_child=4 3 -4 -5 6 -7 9 8 -10 11 -12 -13 -14 -15
leaf_value=0.014248137951894295 0.0096336551600980092 0.033799025196161174 -0.018094165080091963 0.00061131189960944403 0.022044014903640809 -0.0057268883387915082 0 0.00083848520043751742 0.03276632873706483 -0.00074555590107558119 -0.0038481342578115738 -0.01534429476486664 -0.032848601501160347 0.038334600637711637
leaf_weight=3.9075781702995318 3.8774965032935143 6.03946854919195 5.3754391372203827 3.5187669396400452 6.4430176168680182 5.813119459897278 3.7740901708602888 15.384129390120508 10.434058770537375 108.2853777334094 63.326682724058628 15.931191667914389 7.9411989748477936 3.8767863214015961
leaf_count=27 27 37 31 24 33 37 20 74 51 659 312 97 44 24
internal_value=0 0.00901457 -0.00415357 0.0220248 -0.00069518 0.0114801 -0.00142627 0.00273081 0.0139341 -0.00437146 -0.00138601 -0.00265286 -0.022163 0.0246702
internal_weight=263.928 18.8413 9.28302 9.55824 245.087 13.5674 231.52 95.5879 25.8182 135.932 69.7697 124.217 11.7153 7.75428
internal_count=1497 119 58 61 1378 88 1290 470 125 820 345 756 64 51
is_linear=0
shrinkage=0.03


Tree=215
num_leaves=7
num_cat=0
split_feature=193 193 151 145 49 210
split_gain=1.92808 2.6662 2.01648 2.7556 3.50561 3.40051
threshold=-7.6899999999999986 -7.1899999999999986 3.7977510051375765 35.352444946390875 20240724.500000004 -0.45982673889132575
decision_type=2 2 2 2 2 2
left_child=-1 -2 3 4 -3 -5
right_child=1 2 -4 5 -6 -7
leaf_value=0.024906115593291329 -0.02673123417311218 0.0022819678581577725 -0.022136707542752602 -0.035275645988967499 0.023336250804211641 -0.00044981403084764138
leaf_weight=2.6687068529427043 3.2810261920094481 27.145254369825125 3.5221759751439086 2.4578482434153548 9.7582205832004529 214.61300918832421
leaf_count=18 18 165 22 15 70 1189
internal_value=0 -0.000261218 7.46632e-05 0.000403095 0.00797835 -0.000874015
internal_weight=263.446 260.778 257.497 253.974 36.9035 217.071
internal_count=1497 1479 1461 1439 235 1204
is_linear=0
shrinkage=0.03


Tree=216
num_leaves=20
num_cat=0
split_feature=133 202 201 78 58 214 103 121 12 54 12 92 14 169 121 8 40 136 176
split_gain=1.80437 2.88516 4.038 3.44038 3.37706 3.33663 2.60756 4.42175 4.92048 4.32685 3.7823 3.2598 4.77424 5.21012 4.55575 4.85777 3.48855 2.26731 0.760746
threshold=67.523896608333345 1.2169883278394542 0.68173445640836816 -2.2379309455499996 -0.45764298054999991 0.23683956449383467 -0.44474999999999992 3457.9800000000005 76.115000000000023 23.925000000000001 62.435000000000009 0.12064375833600001 14.315000000000003 -0.45010313616723385 14106.110000000002 13.315000000000003 26.777875000000005 2.1927757518247435 -0.0032185011222246452
decision_type=2 2 2 2 2 2 2 2 2 2 2 2 2 2 2 2 2 2 2
left_child=1 2 -1 -4 -5 -3 7 10 9 -9 -2 12 16 -14 15 -13 -8 -12 -16
right_child=6 5 3 4 -6 -7 11 8 -10 -11 17 14 13 -15 18 -17 -18 -19 -20
leaf_value=-0.016683726893467136 0.0046754643158703228 -0.029324923030603908 -0.018807198559091323 -0.010566307459227211 0.019245368878246096 0.0077237067228744351 0.0010274832789037578 0.019008707214103433 0.02859009777166523 -0.008675710980878425 -0.031021731877644829 0.018772933724146568 0.036813613124313443 -0.0021839329509289024 -0.01239040285921217 -0.0022870304007258095 0.037978692340130106 -0.00073615720782108617 -0.033951776947243321
leaf_weight=4.6777876839041701 4.7939909771084812 4.1401255801320058 2.7105110138654664 3.7115005031228057 27.036684028804309 4.2621840089559555 3.6952747702598554 5.8691705986857405 4.460056245326995 32.660639610141516 12.146735973656176 10.911225274205206 3.3587949946522739 27.638635963201523 3.5831385999917984 93.896080259233713 6.865976557135582 2.9750870019197455 3.8409925550222388
leaf_count=27 29 23 15 19 156 23 23 34 27 183 69 62 17 167 22 514 47 21 19
internal_value=0 0.00535528 0.00890283 0.0126085 0.0155271 -0.0103089 -0.00114932 -0.00629594 -0.000797941 -0.00434265 -0.0179507 0.000939057 0.00811859 0.00205005 -0.00169764 -5.01289e-05 0.0254621 -0.0253044 -0.0242472
internal_weight=263.235 46.5388 38.1365 33.4587 30.7482 8.40231 216.696 62.9057 42.9899 38.5298 19.9158 153.79 41.5587 30.9974 112.231 104.807 10.5613 15.1218 7.42413
internal_count=1497 263 217 190 175 46 1234 363 244 217 119 871 254 184 617 576 70 90 41
is_linear=0
shrinkage=0.03


Tree=217
num_leaves=15
num_cat=0
split_feature=177 0 49 215 33 133 34 136 99 218 185 218 164 107
split_gain=1.80095 3.31853 3.60109 4.61939 4.68372 3.15519 3.25119 4.23794 6.28288 3.33158 5.57779 5.00069 2.86137 3.32232
threshold=1.0466281438624037 20241214.500000004 20210825.500000004 0.17882641473267005 0.58505000000000007 822.6541593919361 -0.14289999999999997 2.5549278167109377 14.470000000000002 1.1096851561790182 -2.4399999999999973 1.0151756304103581 -0.020677755027103669 -1.0000000180025095e-35
decision_type=2 2 2 2 2 2 2 2 2 2 2 2 2 2
left_child=5 2 12 4 -4 6 7 8 -1 11 -11 -8 -2 -14
right_child=1 -3 3 -5 -6 -7 9 -9 -10 10 -12 -13 13 -15
leaf_value=0.013867551829888625 0.035716652715090849 0.029526747367735254 0.0075424755414645666 -0.034924081457770199 -0.025009231724130384 0.021574568743800319 -0.0034951440252147443 0.030141690162979604 -0.011469720703093503 -0.0040565448372858019 0.020679451503963948 -0.02087330796512607 -0.011032836002270518 0.024981491437655465
leaf_weight=18.616454057395458 4.2352354675531396 4.5263392478227606 20.542590629309423 3.530479632318019 4.8174704164266577 5.2424371242523184 117.33784342184663 5.4926211610436431 16.475977510213852 23.260481882840395 12.447885055094956 17.132544416934252 4.8126240670680991 4.1615172773599598
leaf_count=106 23 41 117 19 30 30 654 38 95 124 83 92 23 22
internal_value=0 0.00534223 0.00260716 -0.0032451 0.00116709 -0.00115305 -0.00174255 0.00584983 0.00188761 -0.00357321 0.00451628 -0.00574541 0.0155604 0.00542849
internal_weight=262.633 46.6263 42.0999 28.8905 25.3601 216.006 210.764 40.5851 35.0924 170.179 35.7084 134.47 13.2094 8.97414
internal_count=1497 275 234 166 147 1222 1192 239 201 953 207 746 68 45
is_linear=0
shrinkage=0.03


Tree=218
num_leaves=12
num_cat=0
split_feature=183 129 117 126 53 182 208 48 11 57 196
split_gain=1.86037 2.17327 3.64888 2.99561 6.04373 5.01479 4.27784 4.27952 2.95898 1.39396 0.861698
threshold=0.0021399509467564114 1.6918 0.51000000000000012 41.810708110367905 6.0837000000000012 6.08739697579942 -0.28693679332125965 334.50000000000006 16.560000000000006 2.2724375030000004 0.72337106775577376
decision_type=2 2 2 2 2 2 2 2 2 2 2
left_child=-1 2 8 4 5 -3 -5 -8 -2 -6 -10
right_child=1 3 -4 6 9 -7 7 -9 10 -11 -12
leaf_value=-0.027900844786696018 9.6392074784050813e-05 0.0034862381726833321 -0.016625427974288433 -0.021824831200052831 -0.035147284820004218 -0.020400536125883131 0.0046483771414158794 -0.0066083465054342467 0.013305514000465686 -0.010505311743555295 0.037017606148313689
leaf_weight=2.0328697040677062 5.387587424367668 35.565401963889599 3.3144676238298407 6.7908064648509017 6.8253208771347982 10.034608446061609 142.08256547152996 38.395489100366831 2.7328520566225052 3.6849137023091316 5.1487960368394852
leaf_count=12 35 191 21 38 40 53 828 214 16 19 30
internal_value=0 0.000231894 0.0107142 -0.000474149 -0.00655719 -0.00173771 0.00133499 0.00223464 0.0178409 -0.0269709 0.0294413
internal_weight=261.996 259.963 16.5837 243.379 56.1102 45.6 187.269 180.478 13.2692 10.5102 7.88165
internal_count=1497 1485 102 1383 303 244 1080 1042 81 59 46
is_linear=0
shrinkage=0.03


Tree=219
num_leaves=12
num_cat=0
split_feature=183 129 190 33 126 113 53 86 8 3 22
split_gain=1.77477 2.06088 3.54364 3.19369 2.82968 5.9964 5.40204 3.95524 4.49051 3.99763 1.67848
threshold=0.0021399509467564114 1.6918 -1.4250000000000005 0.38740000000000002 41.810708110367905 0.55415000000000014 6.0837000000000012 0.17487734510000003 13.315000000000003 1.5500000000000003 0.41620000000000007
decision_type=2 2 2 2 2 2 2 2 2 2 2
left_child=-1 2 3 -2 5 6 -3 9 -9 -6 -4
right_child=1 4 10 -5 7 -7 -8 8 -10 -11 -12
leaf_value=-0.027401878153086038 0.016929828149265115 -0.0049636571385430197 0.038888011982981231 -0.017724744249923267 -0.0029366239923234588 0.021952499281793009 -0.030350096327461135 0.038318943669286967 0.0051596691095756788 0.027749839689808899 0.0077672835347385866
leaf_weight=2.0099604949355117 4.3472190573811549 40.785902738571167 4.0717730782926074 5.0480548292398453 117.03267524018884 5.8522448129951945 9.3100242465734464 3.8546219915151587 62.414577968418598 3.8369121178984633 3.0344253033399582
leaf_count=12 30 218 25 26 669 32 53 22 368 21 21
internal_value=0 0.000223784 0.0104581 -0.00136461 -0.000462634 -0.00638508 -0.0097924 0.00129442 0.00718845 -0.00191557 0.0263076
internal_weight=261.598 259.588 16.5015 9.39527 243.087 55.9482 50.0959 187.139 66.2692 120.87 7.1062
internal_count=1497 1485 102 56 1383 303 271 1080 390 690 46
is_linear=0
shrinkage=0.03


Tree=220
num_leaves=20
num_cat=0
split_feature=214 107 86 192 106 195 133 9 82 126 132 189 12 94 69 10 48 111 218
split_gain=1.76271 5.42953 3.38345 3.93951 3.11028 2.74244 3.05926 2.66998 2.66901 5.95625 4.86078 4.19601 3.58697 2.51107 3.13888 2.49611 2.01342 1.85658 1.42003
threshold=0.29940106989349552 0.23815000000000003 -0.16632762505000001 -4.8149999999999995 0.31710000000000005 3.4194185272029096 302.49049699857147 66.315000000000012 0.76407137180000018 106.3845367647059 2.7000500000000005 2.9250000000000012 66.21250000000002 -0.67097864199999979 0.6743966413500001 17.325000000000003 329.50000000000006 0.56510000000000005 1.3094656015521677
decision_type=2 2 2 2 2 2 2 2 2 2 2 2 2 2 2 2 2 2 2
left_child=5 13 17 -4 -5 8 7 -7 11 10 -10 12 -1 -2 -15 -13 -11 -3 -16
right_child=1 2 3 4 -6 6 -8 -9 9 16 -12 15 -14 14 18 -17 -18 -19 -20
leaf_value=0.0090517426593319829 -0.0050271871393670099 -0.0050195540006147963 -0.021879055663404274 0.033762706439656086 0.001551966638644845 -0.0032693285503676774 0.0087241603571744323 -0.037623337255827387 0.0023078871846914585 0.0014141663672694207 -0.0094015321042937861 0.0046961875131200821 -0.0055803203209963837 -0.00041505766519431308 0.038503135047060426 0.038993367812467157 0.029780701812214944 -0.034973655747610938 0.011510258937841767
leaf_weight=30.331200063228607 3.0952992700040367 4.3342715427279499 3.7485617101192519 4.103235408663747 8.1629481948912126 3.6545621231198293 3.3685250692069522 5.2397548332810402 55.295736234635115 3.8590511456131917 74.163356859236956 3.6184457466006261 29.596051473170519 3.3903869837522498 7.8810715340077859 4.6377962827682495 6.2605373859405518 3.6437089294195175 2.8424939103424549
leaf_count=181 21 26 20 25 47 23 20 33 301 25 398 22 177 24 56 24 37 19 18
internal_value=0 0.00568974 -0.00343073 0.00437696 0.0127555 -0.00106435 -0.0147955 -0.0240345 -0.000232727 -0.00262261 -0.00437902 0.00461235 0.00177822 0.018525 0.0239002 0.0245571 0.0193765 -0.0193352 0.0317978
internal_weight=261.227 41.202 23.9927 16.0147 12.2662 220.025 12.2628 8.89432 207.762 139.579 129.459 68.1835 59.9273 17.2093 14.114 8.25624 10.1196 7.97798 10.7236
internal_count=1497 256 137 92 72 1241 76 56 1165 761 699 404 358 119 98 46 62 45 74
is_linear=0
shrinkage=0.03


Tree=221
num_leaves=6
num_cat=0
split_feature=193 193 166 6 217
split_gain=1.83556 2.47493 1.8741 1.99259 2.26613
threshold=-7.6899999999999986 -7.1899999999999986 2.0027309176013106 80.265000000000015 -0.1395399528028842
decision_type=2 2 2 2 2
left_child=-1 -2 3 4 -3
right_child=1 2 -4 -5 -6
leaf_value=0.02444033945034179 -0.025982985431207081 0.011700446981580398 -0.02105576380385878 0.017003850480638773 -0.00074512704662291066
leaf_weight=2.637574926018714 3.2223888598382464 13.861349720507858 3.6194646880030623 6.236530363559722 231.05979455262423
leaf_count=18 18 91 23 36 1311
internal_value=0 -0.000254885 6.88169e-05 0.000393445 -2.40362e-05
internal_weight=260.637 258 254.777 251.158 244.921
internal_count=1497 1479 1461 1438 1402
is_linear=0
shrinkage=0.03


Tree=222
num_leaves=7
num_cat=0
split_feature=64 215 210 187 2 189
split_gain=1.78584 2.1848 2.76906 2.25066 3.66325 3.40783
threshold=2.4620499848500006 -0.53359524197680541 -0.36814332166497993 4.9350000000000032 0.35500000000000004 3.0749999999999997
decision_type=2 2 2 2 2 2
left_child=-1 -2 -3 4 -4 -5
right_child=1 2 3 5 -6 -7
leaf_value=0.015289422961909018 0.028162757314058005 -0.021352524505209507 0.00030385363958908155 -0.0021969525643084809 -0.012084081654570875 0.024638779483839364
leaf_weight=6.6024169363081446 2.2828790843486777 5.6028524488210669 205.60341049358249 8.7151970267295855 23.842247791588306 7.8739412203431121
leaf_count=38 16 36 1175 50 134 48
internal_value=0 -0.000399088 -0.000681205 -0.000189793 -0.000975041 0.010432
internal_weight=260.523 253.921 251.638 246.035 229.446 16.5891
internal_count=1497 1459 1443 1407 1309 98
is_linear=0
shrinkage=0.03


Tree=223
num_leaves=8
num_cat=0
split_feature=151 30 34 205 101 46 53
split_gain=1.75361 2.21941 2.1979 5.09559 4.62368 2.91881 2.58257
threshold=0.068105029258492614 3.0079144207313901 1.2497000000000003 1.0321227928939505 72365471.010000005 3.1786000000000003 26.994000000000003
decision_type=2 2 2 2 2 2 2
left_child=-1 2 5 -4 -5 6 -2
right_child=1 -3 3 4 -6 -7 -8
leaf_value=0.017519504386916539 0.00023263250329405753 -0.020834905333258425 -0.010432376215104826 0.0040340562787250173 0.041863438231189286 -0.027276569008723488 -0.018258176417145843
leaf_weight=4.9452156201004973 221.46498780697584 4.5694343820214263 6.8339635357260731 6.5710894688963872 5.4506517648696899 3.5800777450203887 6.9071273729205123
leaf_count=37 1276 27 37 35 27 19 39
internal_value=0 -0.000341001 2.85729e-05 0.00986211 0.0216372 -0.000761786 -0.000321239
internal_weight=260.323 255.377 250.808 18.8557 12.0217 231.952 228.372
internal_count=1497 1460 1433 99 62 1334 1315
is_linear=0
shrinkage=0.03


Tree=224
num_leaves=14
num_cat=0
split_feature=177 0 169 2 0 65 189 127 185 130 190 33 33
split_gain=1.74546 3.17861 3.20192 4.48085 5.34635 3.98208 3.33187 3.02101 3.63868 2.89154 4.9696 4.04521 1.69797
threshold=1.0466281438624037 20241214.500000004 0.67342995302296971 -0.13499999999999998 20210828.500000004 0.62121488950000014 -0.89999999999999936 97.302075000000016 -13.999999999999995 2.1078500000000004 1.2000000000000004 0.31455000000000005 0.59390000000000009
decision_type=2 2 2 2 2 2 2 2 2 2 2 2 2
left_child=7 2 3 4 -2 -5 -4 8 -1 10 -10 -11 -9
right_child=1 -3 6 5 -6 -7 -8 12 9 11 -12 -13 -14
leaf_value=-0.027134264600689618 0.03551268365629185 0.029236514051994893 -0.033873872585034021 0.01822197647749102 0.0040186632165974219 -0.019559766001282744 0.005539424859383274 0.02713132378942823 0.00058239814290937057 -0.033347548346127229 0.025597140137781697 -0.0024801942339046233 0
leaf_weight=4.9183326847851268 7.2431010082364109 4.4293296858668318 3.8961768634617329 3.4153251498937598 15.170530769973992 8.3259035833179933 3.4738393276929846 5.063159838318823 41.289918106049299 3.8460363820195189 8.6153225153684598 147.03704486042261 3.3973387256264687
leaf_count=28 39 41 23 19 87 47 19 31 237 21 52 835 18
internal_value=0 0.00530333 0.00261427 0.00655054 0.0144419 -0.00825527 -0.0150694 -0.00113419 -0.00187309 -0.00122619 0.00500333 -0.00330844 0.016293
internal_weight=260.121 45.9542 41.5249 34.1549 22.4136 11.7412 7.37002 214.167 205.707 200.788 49.9052 150.883 8.4605
internal_count=1497 275 234 192 126 66 42 1222 1173 1145 289 856 49
is_linear=0
shrinkage=0.03


Tree=225
num_leaves=10
num_cat=0
split_feature=181 175 6 66 69 201 184 104 164
split_gain=2.00366 2.03328 2.42437 3.17375 3.521 2.48802 3.31518 3.25344 1.55132
threshold=-19.896581137773449 -0.53299671403306459 58.110000000000007 1.8215075602500002 0.99060696840000007 1.3674361307244467 0.17482856760729532 0.14080000000000001 -0.019815604076269294
decision_type=2 2 2 2 2 2 2 2 2
left_child=-1 8 3 4 -3 7 -7 -4 -2
right_child=1 2 5 -5 -6 6 -8 -9 -10
leaf_value=0.023997175256909621 -9.5352266444083964e-06 0 -0.00067555547302628328 -0.010365438646562811 0.035629025354848048 -0.01874757533620685 0.0094378995382264699 0.013111595458063636 -0.02696873116369479
leaf_weight=2.9957042261958113 3.7760819941759109 4.0771125853061658 199.54710766673088 3.7812569215893737 5.9940208978950977 13.574725948274137 4.9489365629851809 16.578002836555243 4.3516013175249082
leaf_count=18 21 29 1143 21 35 81 28 96 25
internal_value=0 -0.000283215 0.000190593 0.0123488 0.02119 -0.000519338 -0.011046 0.000373696 -0.0149606
internal_weight=259.625 256.629 248.501 13.8524 10.0711 234.649 18.5237 216.125 8.12768
internal_count=1497 1479 1433 85 64 1348 109 1239 46
is_linear=0
shrinkage=0.03


Tree=226
num_leaves=8
num_cat=0
split_feature=181 185 175 6 7 66 179
split_gain=1.89587 2.0813 2.01374 2.45256 3.3883 3.27115 1.53435
threshold=-19.896581137773449 -16.055 -0.53299671403306459 58.110000000000007 15.750000000000002 1.8215075602500002 -0.082808673282575004
decision_type=2 2 2 2 2 2 2
left_child=-1 -2 6 5 -5 -4 -3
right_child=1 2 3 4 -6 -7 -8
leaf_value=0.023384246023577842 -0.022601677813241433 0 0.022114575878237556 -0.01149046878401057 0.00097818949279699155 -0.010083463631614725 -0.026443783781346465
leaf_weight=2.984787229448556 3.6041696779429904 3.748804971575737 9.7605493366718274 21.529843896627426 209.65767128393054 3.7733056470751754 4.3643533661961538
leaf_count=18 21 22 62 132 1197 21 24
internal_value=0 -0.000275375 3.98371e-05 0.000541829 -0.000174477 0.0129094 -0.014559
internal_weight=259.423 256.439 252.835 244.721 231.188 13.5339 8.11316
internal_count=1497 1479 1458 1412 1329 83 46
is_linear=0
shrinkage=0.03


Tree=227
num_leaves=9
num_cat=0
split_feature=181 159 159 64 155 4 187 45
split_gain=1.79395 2.06032 3.50636 2.97467 2.79176 4.73863 3.4666 0.3384
threshold=-19.896581137773449 72.247133079251469 132.74473211470101 2.4620499848500006 9.8888238795097347 0.31500000000000006 4.9350000000000032 4.3750000000000009
decision_type=2 2 2 2 2 2 2 2
left_child=-1 3 7 -2 6 -6 -5 -3
right_child=1 2 -4 4 5 -7 -8 -9
leaf_value=0.022786454018735601 0.021619161504355579 -0.017531581506003008 0.0091491761847565072 -0.0029639883156701227 0.0099316110632112712 -0.016628610127904911 0.013333900539380621 -0.036023056937063126
leaf_weight=2.973988313227891 5.632390495389699 3.1210259385406953 3.5514139607548714 179.4499932564795 42.22975055873394 6.8890091963112345 12.420554943382738 2.9989304468035698
leaf_count=18 33 22 22 988 276 46 73 19
internal_value=0 -0.000268404 -0.0137847 0.000254855 -0.000240787 0.00611932 -0.00188694 -0.0275087
internal_weight=259.267 256.293 9.67137 246.622 240.989 49.1188 191.871 6.11996
internal_count=1497 1479 63 1416 1383 322 1061 41
is_linear=0
shrinkage=0.03


Tree=228
num_leaves=24
num_cat=0
split_feature=214 107 86 27 197 143 174 204 56 34 164 214 11 114 25 139 90 183 119 78 116 111 197
split_gain=1.71641 5.08079 3.17749 3.1004 2.76764 5.47538 6.13066 5.42922 5.10698 4.52976 4.26075 4.1804 3.79737 3.70745 5.16321 4.31353 3.28849 2.85227 2.67151 2.89014 2.42479 1.78976 1.55912
threshold=0.29940106989349552 0.23815000000000003 -0.16632762505000001 0.40015000000000006 1.1110127115379094 6.7879817379825873 -0.47795262298703262 1.0666218336695812 16.102102870650004 1.2497000000000003 0.1403367362337766 0.18816196165823942 14.56 0.31500000000000006 0.43595000000000006 0.56034714742378944 1.2293732319000001 0.04763429404056873 4326.4975000000004 -0.14539133544999996 0.37805000000000005 0.56510000000000005 1.5395555018494671
decision_type=2 2 2 2 2 2 2 2 2 2 2 2 2 2 2 2 2 2 2 2 2 2 2
left_child=4 18 21 20 10 7 8 11 -7 -8 13 -6 17 14 -1 -15 -14 -12 -2 -20 -4 -3 -21
right_child=1 2 3 -5 5 6 9 -9 -10 -11 12 -13 16 15 -16 -17 -18 -19 19 22 -22 -23 -24
leaf_value=0.009136394789435693 0.033050810502510596 -0.0046113497425927649 0.0060414232678071044 0.024148536254302355 -0.0027186619092942075 0.032896072906262036 -0.01532465702436653 -0.018914811858352767 -0.0081886310599131266 0.010665345599102314 -0.00021739500010975858 0.023860254561705808 -0.0092066973788600091 -0.014163940927887855 -0.011580127569087991 0.015781053849154677 0.014516878268222162 -0.031537899529222882 0.031342561609359602 -0.015978590030718328 -0.022804316536671893 -0.034256218276577544 0.011618579988817596
leaf_weight=23.362722687423229 6.6322935298085239 4.2728297077119377 7.0164589211344701 4.8672063313424578 8.4395025148987823 5.2140346169471723 56.377800177782774 5.7414951920509329 5.3427726104855537 6.5470285564661017 4.2789706066250783 13.43995516374707 12.642415143549444 4.7375430166721335 19.987512558698654 35.887271504849195 8.8384410217404348 7.538641843944788 3.205518390983344 3.6739527024328682 3.9808559864759445 3.5778396651148796 3.4298536367714405
leaf_count=132 51 26 45 27 51 27 313 35 28 36 26 92 71 31 115 196 48 40 26 21 20 19 21
internal_value=0 0.00565673 -0.00320259 0.0043774 -0.00104944 -0.00469364 -0.00898822 0.00661449 0.01194 -0.0125603 0.00206802 0.0135058 -0.00695888 0.00568715 -0.000351005 0.0121891 0.00043755 -0.020546 0.0181802 0.00809974 -0.00424135 -0.0187599 -0.00226138
internal_weight=259.033 40.6568 23.7152 15.8645 218.376 101.103 73.4816 27.621 10.5568 62.9248 117.274 21.8795 33.2985 83.975 43.3502 40.6248 21.4809 11.8176 16.9416 10.3093 10.9973 7.85067 7.10381
internal_count=1497 256 137 92 1241 582 404 178 55 349 659 143 185 474 247 227 119 66 119 68 65 45 42
is_linear=0
shrinkage=0.03


Tree=229
num_leaves=18
num_cat=0
split_feature=177 213 47 111 214 185 69 85 131 0 141 169 3 217 69 3 215
split_gain=1.70531 2.99726 4.24177 4.23605 4.62496 3.74289 3.75331 3.22459 3.13827 2.9857 3.82537 3.90724 5.04677 3.7494 2.74834 2.62857 2.54931
threshold=1.0466281438624037 -0.1525709747865793 0.6088798433025272 -0.19599999999999998 0.27484051825462946 -13.999999999999995 0.34163948595000004 1.4893573941500005 3.0201982352941177 20241214.500000004 4.8215871773366752 0.55935995164861929 -0.064999999999999988 -0.1156205394160025 0.88535132485000012 -0.53499999999999992 -0.14539132172195499
decision_type=2 2 2 2 2 2 2 2 2 2 2 2 2 2 2 2 2
left_child=1 2 7 4 8 -5 -7 16 -3 10 11 12 -2 -12 -15 -9 -1
right_child=9 3 -4 5 -6 6 -8 15 -10 -11 13 -13 -14 14 -16 -17 -18
leaf_value=0.0092137318525395123 0.02608540061667159 -0.0025135941173062095 -0.016109504004292809 -0.03059682304017592 0.011433698203755231 -0.014205964018997694 0.0017302935952571773 0.015537981208520471 -0.026319761056298581 0.028774547584343262 0.012039964250350249 -0.016037024882431458 -0.0027403893522459995 -0.035451314376325607 -0.0029756452908289207 -0.015510848820746071 0.034360894016601841
leaf_weight=8.2751989513635653 13.479648418724539 7.6591430082917276 5.4083895608782759 3.5487225204706183 5.4247770830988875 14.650699727237223 134.87020470947027 4.5444362349808216 16.072454053908587 4.3215630874037734 4.6298441290855399 4.3310785405337802 8.8277006670832652 5.0455003418028337 4.7491972073912621 5.0841757021844369 7.193422686308625
leaf_count=57 76 47 38 20 34 83 755 27 88 41 28 24 49 30 27 29 44
internal_value=0 -0.00112223 0.00754084 -0.00259227 -0.0130566 -0.000572236 0.000140289 0.0128002 -0.0188052 0.00527729 0.00266761 0.00945096 0.0145829 -0.00963177 -0.0201971 -0.000539214 0.0212463
internal_weight=258.116 212.732 30.5056 182.226 29.1564 153.07 149.521 25.0972 23.7316 45.3845 41.063 26.6384 22.3073 14.4245 9.7947 9.62861 15.4686
internal_count=1497 1222 195 1027 169 858 838 157 135 275 234 149 125 85 57 56 101
is_linear=0
shrinkage=0.03


Tree=230
num_leaves=15
num_cat=0
split_feature=204 99 45 125 182 49 32 175 125 188 80 30 92 111
split_gain=1.71882 3.05332 2.14155 3.46051 5.96178 4.74005 4.85102 4.44244 4.21642 3.04851 3.8777 5.49597 3.80757 3.71199
threshold=1.2132395100855802 51.645000000000003 3.1150000000000007 17.500000000000004 14.437307364567284 20210705.500000004 0.48954747899159673 0.048093153318359401 5.5000000000000009 -4.7999999999999989 13.351724844500001 0.23615000000000003 0.33384728030400007 0.044050000000000006
decision_type=2 2 2 2 2 2 2 2 2 2 2 2 2 2
left_child=2 -2 9 5 7 6 -4 -5 -7 13 11 -11 -12 -1
right_child=1 -3 3 4 -6 8 -8 -9 -10 10 12 -13 -14 -15
leaf_value=0.0053619657987681825 -0.02947148962054711 0.0057881849951040834 -0.0071194360380020839 0.0015171808979441777 0.019654780714739094 -0.028712772869790928 0.022767321165614186 -0.019693138595674023 -0.00017520406070369536 0.016594699560045788 -0.012897756608369185 0 0.0032184646046463606 -0.034342156002287405
leaf_weight=3.9460091814398748 4.6310965046286565 3.8761587738990784 7.0073807984590557 12.643981385976074 5.5858404934406272 5.4075660891830912 14.867510266602038 27.832378290593624 31.709381617605686 37.697090122848749 18.470962636172771 34.576222270727158 45.076321858912706 4.1660340800881386
leaf_count=22 29 21 33 74 33 33 76 163 191 231 113 202 254 22
internal_value=0 -0.013177 0.000458824 -0.0027819 -0.00894644 0.00198774 0.0130681 -0.0130061 -0.00447943 0.00284529 0.00393337 0.00868761 -0.00143172 -0.0148331
internal_weight=257.494 8.50726 248.987 105.054 46.0622 58.9918 21.8749 40.4764 37.1169 143.933 135.821 72.2733 63.5473 8.11204
internal_count=1497 50 1447 603 270 333 109 237 224 844 800 433 367 44
is_linear=0
shrinkage=0.03


Tree=231
num_leaves=8
num_cat=0
split_feature=9 11 16 177 110 177 45
split_gain=1.72096 3.44612 2.31509 2.558 3.42668 2.93414 2.27066
threshold=79.875000000000014 21.185000000000006 26.250000000000004 1.0466281438624037 0.21495000000000003 0.65786963911879537 2.5950000000000002
decision_type=2 2 2 2 2 2 2
left_child=1 2 3 5 -5 -1 -2
right_child=6 -3 -4 4 -6 -7 -8
leaf_value=0.00017565106930256762 0.03244963193380334 -0.026100146337026953 -0.020281089375376211 -0.018643474500184654 0.010337701124953249 -0.013050428844509828 -0.00018631180216193883
leaf_weight=183.80328011512756 3.2697117626667014 4.5166494846343985 4.8319642543792716 3.9273218214511862 36.22727039642632 16.309858195483685 4.0373862758278847
leaf_count=1062 20 27 29 27 216 92 24
internal_value=0 -0.000420143 5.12998e-05 0.000480948 0.0073894 -0.000893312 0.0142532
internal_weight=256.923 249.616 245.1 240.268 40.1546 200.113 7.3071
internal_count=1497 1453 1426 1397 243 1154 44
is_linear=0
shrinkage=0.03


Tree=232
num_leaves=19
num_cat=0
split_feature=0 0 207 30 194 36 54 18 141 30 32 124 201 72 202 48 51 136
split_gain=1.70233 3.16624 3.00836 3.28915 3.21767 3.39761 2.71812 2.57091 3.42926 4.09819 3.61985 2.71187 2.60679 2.55496 3.352 3.94035 2.07894 0.497519
threshold=20240265.000000004 20230607.500000004 0.79399294055568814 -0.31275115812476195 8.1831099530637097 0.50902008032128532 39.065000000000005 57.565000000000005 0.87325785977840897 -0.088470103278887047 0.51045252100840344 670.50000000000011 0.88526625788854696 10.385351103000003 1.0450599905723701 334.50000000000006 30.169950000000004 5.1550545808166746
decision_type=2 2 2 2 2 2 2 2 2 2 2 2 2 2 2 2 2 2
left_child=1 2 3 6 5 -4 -1 16 12 11 -11 -10 -9 17 15 -15 -2 -3
right_child=7 13 4 -5 -6 -7 -8 8 9 10 -12 -13 -14 14 -16 -17 -18 -19
leaf_value=-0.0088256680983042918 0 -0.033511659634278199 -0.0030241331806290478 0.031961934925431097 -0.026009418997644907 0.0068701103816907099 0.022265671298353704 -0.030785056789995643 0.010060611938599421 0.022157414368366175 2.1248866258244868e-05 -0.024309838193712432 0 -0.028875359498180861 0.02046634835540808 0.0083145333957395061 0.032215486488267261 -0.011979432413995243
leaf_weight=6.6398285403847677 2.7082211486995211 4.6259345375001457 121.34886397793889 5.1539300233125678 4.4730892032384864 41.898722589015961 3.9120057374238968 4.3095589652657491 3.075198337435717 14.614129532128578 12.627089720219372 5.4391992315649986 5.3132528699934483 6.0209373310208303 3.3876536004245272 4.1797409132122993 4.9319999180734158 2.049099113792181
leaf_count=34 18 43 637 28 26 211 24 25 23 113 87 30 36 49 23 30 43 17
internal_value=0 -0.00124546 0 0.0125127 -0.00117795 -0.000463684 0.00252037 0.00478455 0.00198092 0.00631937 0.012044 -0.0115751 -0.0137302 -0.0124684 -0.00465949 -0.0134127 0.0208081 -0.0276189
internal_weight=256.708 203.69 183.426 15.7058 167.721 163.248 10.5518 53.0186 45.3784 35.7556 27.2412 8.5144 9.62281 20.2634 13.5883 10.2007 7.64022 6.67503
internal_count=1497 1122 960 86 874 848 58 375 314 253 200 53 61 162 102 79 61 60
is_linear=0
shrinkage=0.03


Tree=233
num_leaves=9
num_cat=0
split_feature=181 210 211 120 210 218 177 195
split_gain=1.69761 1.86531 2.12507 3.19098 2.79476 3.33236 2.85975 2.63094
threshold=-19.896581137773449 -0.45982673889132575 -0.23225282167042885 14230.155000000001 -0.1883701746918541 0.8572358262733083 1.0466281438624037 1.5908466514171453
decision_type=2 2 2 2 2 2 2 2
left_child=-1 -2 3 7 5 -4 -6 -3
right_child=1 2 4 -5 6 -7 -8 -9
leaf_value=0.022343104977013313 -0.024413135712717124 0.031691926240610839 0.0036254361491855395 -0.015009057011786264 -0.0012227812135121832 -0.024062907790071225 0.0080816059353477961 -0.0013671355816654547
leaf_weight=2.92481980100274 2.7466305792331687 6.2816306464374048 6.3201413303613654 2.7712289020419112 187.43274754285812 9.4116922393441182 35.207270493730903 3.0121378898620605
leaf_count=18 18 46 35 21 1067 51 221 20
internal_value=0 -0.00026521 0 0.0122398 -0.000614644 -0.0127972 0.000238071 0.0207575
internal_weight=256.108 253.183 250.437 12.065 238.372 15.7318 222.64 9.29377
internal_count=1497 1479 1461 87 1374 86 1288 66
is_linear=0
shrinkage=0.03


Tree=234
num_leaves=13
num_cat=0
split_feature=21 94 170 65 86 66 94 26 34 170 0 96
split_gain=1.68001 2.09145 4.05069 3.73177 5.34472 4.24341 3.42634 3.39829 3.20599 3.17205 2.33173 2.17974
threshold=0.17605000000000001 4.0868898783500009 -2.0791163663038672 4.3426706954000007 -3.6625745991499987 2.8068627319500004 -4.3860607673999992 -0.056377657718042089 0.27810000000000007 2.6497472919233012 20220711.500000004 -1.0025117547750002
decision_type=2 2 2 2 2 2 2 2 2 2 2 2
left_child=-1 3 -3 5 6 8 -5 -6 -2 11 -7 -4
right_child=1 2 9 4 7 10 -8 -9 -10 -11 -12 -13
leaf_value=0.016608307706689026 0.0034089432755062925 0.014936242106161181 -0.010453803389995029 0.009215887884651882 0 -0.0022960002302594021 -0.028710550024598998 0.025088375148693727 -0.0045195898343937434 0.0060244333942032951 -0.029483148076478456 -0.03795389459848774
leaf_weight=5.2674594447016707 108.1926128026098 4.3961656242609051 5.4507277347147465 3.9345861375331879 7.068666689097884 5.217319689691065 4.3133472278714198 16.017879940569401 79.557439170777798 3.7120410948991767 6.9375310055911541 5.8600244745612127
leaf_count=36 658 26 34 19 44 28 22 91 450 22 37 30
internal_value=0 -0.000354269 -0.00979105 0.000429132 0.0100472 -0.00106774 -0.0103651 0.0174823 3.27092e-05 -0.0172764 -0.0181722 -0.0251721
internal_weight=255.926 250.658 19.419 231.239 31.3345 199.905 8.24793 23.0865 187.75 15.0228 12.1549 11.3108
internal_count=1497 1461 112 1349 176 1173 41 135 1108 86 65 64
is_linear=0
shrinkage=0.03


Tree=235
num_leaves=21
num_cat=0
split_feature=133 105 107 93 211 133 218 168 94 66 134 207 4 153 92 128 51 164 69 29
split_gain=1.67945 5.09128 3.55401 3.22893 2.84158 2.48088 3.33359 2.94073 4.65312 4.70332 3.5828 4.37492 3.87403 2.93685 4.05674 2.37614 2.06434 2.0292 1.85041 0.88575
threshold=67.523896608333345 0.57500000000000007 0.63050000000000017 0.087863788800000023 -0.049276869988835896 238.07338093260003 1.1748366287350944 -0.64462993007855618 4.0868898783500009 4.755035061100001 77.089343357500013 0.9710839391936551 -0.54499999999999993 0.035246675033375745 0.57065609728800004 44.184387896104624 20.322600000000005 -0.0026160355889749127 2.4599947069000003 0.45965000000000006
decision_type=2 2 2 2 2 2 2 2 2 2 2 2 2 2 2 2 2 2 2 2
left_child=1 3 19 -1 17 7 13 10 9 -9 11 -2 -12 16 -15 -6 -7 -5 -8 -3
right_child=5 2 -4 4 15 6 18 8 -10 -11 12 -13 -14 14 -16 -17 -18 -19 -20 -21
leaf_value=-0.016915748800992551 0.021111000127318494 -0.010756713225796171 0.0089772067138913988 0.011193171410051517 0.027825150083978636 0.03517879147647647 0.03235474771713584 -0.0072434425556496176 -0.031803167520752622 0.016994989103679511 0.015366652727972064 -0.00011447039341767899 -0.015615271783297762 0.0027560959982239458 -0.018089194197867399 0.0074517986073391789 0.0028812352230007561 -0.020554952935395922 0.0036281677138626715 -0.033279360365927713
leaf_weight=3.0971668884158126 13.331375371664761 3.5172105729579908 4.6913297548890114 4.2860800474882126 13.417522106319668 3.4372818842530242 5.1103489249944669 73.018085688352585 6.1735612452030173 7.8366288244724265 4.5736958719790008 24.224476579576731 15.334125161170958 38.80566942691803 10.579734764993189 9.2531210109591466 4.0787589550018311 2.9594027251005199 3.7589585818350315 4.1460416913032532
leaf_count=20 81 18 27 26 74 23 32 419 31 47 32 136 92 232 59 58 27 18 23 22
internal_value=0 0.00522893 -0.0110162 0.0114139 0.0144933 -0.00112942 0.00367534 -0.00333827 -0.00682055 -0.00483905 0.0018862 0.00737642 -0.0083062 0.000938875 -0.00167645 0.0197107 0.0183136 -0.00146917 0.0206906 -0.0236003
internal_weight=255.631 45.3679 12.3546 33.0133 29.9161 210.263 65.7708 144.492 87.0283 80.8547 57.4637 37.5559 19.9078 56.9014 49.3854 22.6706 7.51604 7.24548 8.86931 7.66325
internal_count=1497 263 67 196 176 1234 396 838 497 466 341 217 124 341 291 132 50 44 55 40
is_linear=0
shrinkage=0.03


Tree=236
num_leaves=16
num_cat=0
split_feature=0 0 215 21 93 192 11 18 141 14 0 201 51 211 98
split_gain=1.69317 3.09318 2.80528 3.59992 3.93398 2.47054 3.16872 2.46492 3.25325 3.38259 3.27699 2.4577 1.77951 1.55344 1.45409
threshold=20240265.000000004 20230607.500000004 -0.37401840705958367 0.87675000000000014 0.051147400850000004 -1.4399999999999993 16.685000000000006 57.565000000000005 0.9210264952545747 19.685000000000006 20250722.500000004 0.88526625788854696 31.414650000000005 -0.016180700836820102 -0.5290561413
decision_type=2 2 2 2 2 2 2 2 2 2 2 2 2 2 2
left_child=1 2 -1 4 -4 14 13 12 11 10 -10 -9 -2 -7 -3
right_child=7 5 3 -5 -6 6 -8 8 9 -11 -12 -13 -14 -15 -16
leaf_value=0.021019127684952076 0.00066189697612942841 -0.0068207823768030766 -0.019814410875452791 -0.02486816900892249 0.001120596171891176 -0.0003694289082194816 0.014334755754089327 -0.029693945930627439 0.017258266904180877 -0.022822630992663392 -0.0021142666164506575 0 0.031821085792998416 -0.03423129818905548 -0.032239879832022374
leaf_weight=5.4352180548012248 2.8323168233036986 3.615881685167551 8.397021181881426 5.2658354789018622 163.45415533334017 2.5367480777204037 5.1613398417830467 4.3078654352575523 19.094141706824306 3.0891914442181578 12.84664451703429 5.6495510265231133 4.6804740503430367 2.6339345760643464 6.0774699263274687
leaf_count=37 19 33 45 32 846 21 32 25 157 16 78 38 42 19 57
internal_value=0 -0.00124249 0 -0.000668806 6.92911e-05 -0.0124046 -0.00183475 0.00479812 0.00204761 0.00640761 0.00939069 -0.0129037 0.0206312 -0.01851 -0.0232307
internal_weight=255.078 202.578 182.552 177.117 171.851 20.0254 10.332 52.5002 44.9874 35.03 31.9408 9.95742 7.51279 5.17068 9.69335
internal_count=1497 1122 960 923 891 162 72 375 314 251 235 63 61 40 90
is_linear=0
shrinkage=0.03


Tree=237
num_leaves=10
num_cat=0
split_feature=25 171 88 127 155 106 66 132 193
split_gain=1.71003 1.82761 3.4872 2.68157 3.07064 4.13395 3.15662 2.39352 0.693683
threshold=0.20360000000000003 1.5464983523356601 4.8641192383500007 100.21232500000001 9.8888238795097347 0.25435000000000008 16.678143036600002 2.7000500000000005 -1.0000000180025095e-35
decision_type=2 2 2 2 2 2 2 2 2
left_child=-1 3 -3 4 6 -6 -2 -4 -9
right_child=1 2 7 -5 5 -7 -8 8 -10
leaf_value=0.020954797062874505 -0.0011349050284933926 0.01217986006774459 -0.0015213934445088974 0.01979387840408095 -0.0045710941397113193 0.013600940547466403 -0.02270823692348372 -0.036880806175660336 -0.015807521395942836
leaf_weight=3.357360638678073 173.74508012458682 4.6597609594464329 5.3803602978587133 6.1509851068258277 17.856559727340937 29.375711552798748 6.2535728216171256 4.2671984136104593 3.4419225379824629
leaf_count=24 982 30 33 36 119 195 31 24 23
internal_value=0 -0.000288372 -0.00954771 0.000406761 -0.000113314 0.00667232 -0.00191326 -0.0175437 -0.0281792
internal_weight=254.489 251.131 17.7492 233.382 227.231 47.2323 179.999 13.0895 7.70912
internal_count=1497 1473 110 1363 1327 314 1013 80 47
is_linear=0
shrinkage=0.03


Tree=238
num_leaves=12
num_cat=0
split_feature=64 217 48 36 178 177 53 86 113 124 61
split_gain=1.63472 1.92802 2.78588 2.38695 4.05492 3.99186 3.08339 4.31554 4.1092 2.72761 2.16556
threshold=2.4620499848500006 -0.14756571408490163 333.50000000000006 0.52705220883534143 0.18586539967998708 -0.20728921943416789 6.758350000000001 0.3145796318500001 0.55415000000000014 670.50000000000011 2.2472606575500005
decision_type=2 2 2 2 2 2 2 2 2 2 2
left_child=-1 2 10 6 5 -5 8 -8 -3 -6 -2
right_child=1 3 -4 4 9 -7 7 -9 -10 -11 -12
leaf_value=0.014821575806255788 0.032883149407027634 -0.0015599934891562443 -0.011240239433129717 0.022163403332505643 0 -0.011329831315158434 -0.013407041019673379 0.003211114480808951 0.013632478245717164 0.032498653268609769 0
leaf_weight=6.4246124625205985 5.087403938174246 131.20017260313034 3.0597905367612839 4.3098953291773805 3.3928540796041471 11.461864717304707 40.547762360423803 21.065717794001102 18.140557058155537 7.0382859483361244 2.4854239970445633
leaf_count=38 37 761 20 23 22 57 250 129 104 39 17
internal_value=0 -0.000391139 0.0120255 -0.0009653 0.007533 -0.00190626 -0.00203817 -0.00768067 0.000273263 0.0219725 0.0218409
internal_weight=254.214 247.79 10.6326 237.157 26.2029 15.7718 210.954 61.6135 149.341 10.4311 7.57283
internal_count=1497 1459 74 1385 141 80 1244 379 865 61 54
is_linear=0
shrinkage=0.03


Tree=239
num_leaves=10
num_cat=0
split_feature=151 30 113 134 131 125 153 202 218
split_gain=1.63105 2.08353 2.55489 4.03251 3.1992 3.08879 2.58954 3.4129 3.02133
threshold=0.068105029258492614 3.0079144207313901 0.55415000000000014 56.546073745000008 4.3511075757575766 15.500000000000002 0.098867315470189246 0.89978840444982833 0.89538522335930237
decision_type=2 2 2 2 2 2 2 2 2
left_child=-1 2 6 4 -4 -5 8 -8 -2
right_child=1 -3 3 5 -6 -7 7 -9 -10
leaf_value=0.017123311275489397 0.001404688639365167 -0.020480418833330759 0.0069322111797720729 0.0089931093696204809 0.037645945708083314 -0.014259982034766933 -0.0077887031355620695 0.015523546627390397 -0.0062284551079313834
leaf_weight=4.8100754395127288 91.883767582476139 4.4376362189650527 7.258637070655821 12.558405801653864 5.6513926275074482 8.5458824634551984 8.1943949945271033 16.919912822544575 93.64705577865243
leaf_count=37 517 27 43 70 36 51 55 128 533
internal_value=0 -0.000336842 2.44836e-05 0.00765299 0.0207938 -0.000304264 -0.00119616 0.00779743 -0.00243327
internal_weight=253.907 249.097 244.659 34.0143 12.91 21.1043 210.645 25.1143 185.531
internal_count=1497 1460 1433 200 79 121 1233 183 1050
is_linear=0
shrinkage=0.03


Tree=240
num_leaves=10
num_cat=0
split_feature=25 175 21 167 56 48 113 166 18
split_gain=1.63319 1.78854 3.8428 2.03825 4.18297 2.44171 3.27561 3.02488 2.21713
threshold=0.20360000000000003 1.3848103524932345 0.51450000000000007 2.0721670692362246 7.3560503752000006 336.50000000000006 0.54585000000000006 0.35266734753551904 59.065000000000005
decision_type=2 2 2 2 2 2 2 2 2
left_child=-1 3 -3 5 -5 7 -7 -2 -6
right_child=1 2 -4 4 8 6 -8 -9 -10
leaf_value=0.020568210287811976 3.6552779791322868e-05 -0.029635810177747881 0.0087558119244699317 0.018741862790163488 0 -0.025088103854844085 0.0092333767828131925 0.0092935232881732922 -0.023477605298604397
leaf_weight=3.3281573727726927 171.32024917006493 5.331759821623562 3.9025104492902756 3.8019889667630222 5.5278745889663723 6.9007077254354936 3.6709443107247353 39.08919994533062 10.76614225655794
leaf_count=24 991 35 25 30 36 44 22 224 66
internal_value=0 -0.000279654 -0.0131697 0.000206905 -0.00890052 0.00105235 -0.0129142 0.00177413 -0.0156085
internal_weight=253.64 250.311 9.23427 241.077 20.096 220.981 10.5717 210.409 16.294
internal_count=1497 1473 60 1413 132 1281 66 1215 102
is_linear=0
shrinkage=0.03


Tree=241
num_leaves=10
num_cat=0
split_feature=182 182 165 96 3 210 2 210 12
split_gain=1.63819 2.28527 3.19307 1.96111 4.29015 4.18972 3.56825 2.97774 1.76506
threshold=54.5264596236551 22.552628058093436 0.23260214514229921 0.64158154572499959 -2.1849999999999996 0.14552533976492424 0.38500000000000006 0.11777432339941764 67.840000000000018
decision_type=2 2 2 2 2 2 2 2 2
left_child=1 3 -3 4 -1 6 -5 -6 -7
right_child=-2 2 -4 5 7 8 -8 -9 -10
leaf_value=0.028832628137986961 -0.021346212489894992 -0.0015849356055609811 0.037273433917399658 0.0012465555887679106 -0.0013551765004230171 -0.010018764794792865 -0.02572697229026041 0.0084061315153839376 -0.037988529209788097
leaf_weight=4.8468925766646853 3.0941964834928504 3.7879090383648863 3.447680726647377 42.544845562428236 147.2607599645853 4.7219235710799676 4.8084277510642996 34.613592743873596 4.2326411530375481
leaf_count=31 18 27 18 253 833 35 31 225 26
internal_value=0 0.000274763 0.0167774 -0.000210921 0.00125649 -0.00512376 -0.00147766 0.000489669 -0.0238444
internal_weight=253.359 250.265 7.23559 243.029 186.721 56.3078 47.3533 181.874 8.95456
internal_count=1497 1479 45 1434 1089 345 284 1058 61
is_linear=0
shrinkage=0.03


Tree=242
num_leaves=20
num_cat=0
split_feature=12 7 73 73 37 149 114 206 192 41 6 53 40 187 38 126 89 198 115
split_gain=1.63036 2.7092 2.94138 3.32889 2.85049 3.78497 4.07427 4.06236 3.42437 2.9362 2.65137 2.57053 3.5992 3.07557 2.56489 2.14095 2.09355 1.35617 1.03873
threshold=57.735000000000007 16.275000000000002 0.73852704160000016 0.40019942790000002 14.005000000000001 54.508880675110717 0.29605000000000004 0.94942549089048922 -6.2449999999999992 17.505000000000003 60.535000000000004 5.2514000000000012 19.855000000000004 -5.1950000000000029 24.930000000000003 53.621275793650788 0.51678292120000002 1.1562099225287519 0.19455000000000003
decision_type=2 2 2 2 2 2 2 2 2 2 2 2 2 2 2 2 2 2 2
left_child=11 2 3 16 5 6 -3 -7 14 -10 15 13 -13 -1 -6 -4 -2 -12 -15
right_child=1 4 10 -5 8 7 -8 -9 9 -11 17 12 -14 18 -16 -17 -18 -19 -20
leaf_value=-0.0031955906607321542 -0.015742762464845295 0.0010761427177958373 0.0080667008529440743 0.022918083278392235 -0.0389648810377142 0.01285217202210649 0.018241054309672051 -0.023101809468661298 -0.0116321585582098 0.0012620127884907068 -0.033669005770889153 -0.025293627000974515 0.01689781752534638 0.015190032900702331 -0.0036324001114085768 -0.020540079807503837 0.014201757011513516 -0.008724777047514681 0.040234893773422091
leaf_weight=3.9567278027534494 7.7003341875970346 25.715898454189301 5.3596930354833621 4.5018529519438735 3.6607228778302661 4.4081651791930181 24.783489819616079 7.2325580157339573 18.401151850819588 111.70872887410223 7.204804949462412 3.7669242173433295 3.2780492454767227 3.5866843946278104 4.0930886194109917 3.9563157372176647 2.6922152265906334 3.302080474793911 3.7828684598207474
leaf_count=26 53 148 29 27 23 29 139 41 97 665 40 20 23 25 25 25 16 23 23
internal_value=0 -0.000673817 -0.00840335 0.00148864 0.000656438 0.00599657 0.00957882 -0.00923756 -0.00173141 -0.000546074 -0.0159567 0.00858291 -0.0052802 0.0174391 -0.0209793 -0.00385252 -0.00763822 -0.0262686 0.028814
internal_weight=253.092 234.721 34.7173 14.8944 200.004 62.1401 50.4994 11.6407 137.864 130.11 19.8229 18.3713 7.04497 11.3263 7.75381 9.31601 10.3925 10.5069 7.36955
internal_count=1497 1380 213 96 1167 357 287 70 810 762 117 117 43 74 48 54 69 63 48
is_linear=0
shrinkage=0.03


Tree=243
num_leaves=7
num_cat=0
split_feature=204 99 16 3 127 55
split_gain=1.59795 2.80435 2.25887 2.24696 2.12654 2.35117
threshold=1.2132395100855802 51.645000000000003 26.025000000000002 1.6900000000000002 100.21232500000001 6.4350000000000014
decision_type=2 2 2 2 2 2
left_child=2 -2 3 4 5 -1
right_child=1 -3 -4 -5 -6 -7
leaf_value=0.00098323167737586633 -0.028834893688154697 0.0053519640285388647 -0.01682360806422387 0.023578002950553022 0.017129876645258377 -0.0099418415131594697
leaf_weight=208.04253481514752 4.4730966277420503 3.8082028105854988 6.5169496014714232 3.786306530237197 6.6589627116918555 19.276631474494934
leaf_count=1239 29 21 39 24 39 106
internal_value=0 -0.0128796 0.000442356 0.000935089 0.000545942 3.96314e-05
internal_weight=252.563 8.2813 244.281 237.764 233.978 227.319
internal_count=1497 50 1447 1408 1384 1345
is_linear=0
shrinkage=0.03


Tree=244
num_leaves=9
num_cat=0
split_feature=20 126 1 64 186 191 107 201
split_gain=1.60329 3.09173 2.14711 2.30099 2.93294 2.62306 3.89008 2.6195
threshold=20.315000000000001 64.200230434782625 3.7150000000000003 2.6626466750000004 -2.5549999999999993 3.2550000000000003 0.030250000000000003 0.95295816761982188
decision_type=2 2 2 2 2 2 2 2
left_child=2 -2 -1 4 -4 7 -7 -5
right_child=1 -3 3 5 -6 6 -8 -9
leaf_value=0.025277356849329698 -0.028012660052260909 0.0062308051777290778 -0.0018216447988902904 -0.0046592188354143962 0.035659468524705536 -0.0047163668594909954 0.028255791630464641 0.0018835833541189057
leaf_weight=3.0006990209221831 5.0063100159168226 4.1611040309071541 3.5351223982870579 102.44814393855631 3.5733722783625117 5.7753671854734403 6.7573686540126801 118.12230426445603
leaf_count=23 29 25 22 610 23 35 43 687
internal_value=0 -0.0122463 0.000467232 0.000134433 0.0168369 -0.000369046 0.0129069 -0.00114249
internal_weight=252.38 9.16741 243.212 240.212 7.10849 233.103 12.5327 220.57
internal_count=1497 54 1443 1420 45 1375 78 1297
is_linear=0
shrinkage=0.03


Tree=245
num_leaves=13
num_cat=0
split_feature=21 94 65 86 101 46 207 94 26 169 179 200
split_gain=1.57888 1.82167 3.49534 4.95845 3.52162 5.82708 5.70584 3.13672 3.08207 2.74278 3.17707 2.15863
threshold=0.17605000000000001 4.0868898783500009 4.3426706954000007 -3.6625745991499987 99921409.670000017 0.086200000000000013 1.0326912771044605 -4.3860607673999992 -0.056377657718042089 0.17739260287146533 0.24804692608219062 0.8358867619647431
decision_type=2 2 2 2 2 2 2 2 2 2 2 2
left_child=-1 2 4 7 6 -6 -2 -4 -5 -3 11 -11
right_child=1 9 3 8 5 -7 -8 -9 -10 10 -12 -13
leaf_value=0.016338604458864061 0.0068739516132257459 -0.023838992420972205 0.0088028369821952449 0 -0.021132426359171994 0.00027148021007967728 -0.0048167920922641176 -0.027792740830509498 0.024247806095599681 0.028222230302465172 -0.023142770205256416 -0.0022774314653179633
leaf_weight=5.1143398061394683 76.991497114300728 7.1181422248482731 3.8625828325748444 6.9518012031912848 18.783231690526009 28.377735182642937 73.004891946911812 4.2342286854982394 15.820230316370722 3.3490479141473752 3.6892716810107222 4.8590872995555401
leaf_count=36 484 38 19 44 107 163 419 22 91 22 21 31
internal_value=0 -0.000342684 0.000390267 0.00976966 -0.00106726 -0.00821645 0.00116453 -0.0100744 0.0169698 -0.00924492 -0.000137396 0.00999573
internal_weight=252.156 247.042 228.026 30.8688 197.157 47.161 149.996 8.09681 22.772 19.0155 11.8974 8.20814
internal_count=1497 1461 1349 176 1173 270 903 41 135 112 74 53
is_linear=0
shrinkage=0.03


Tree=246
num_leaves=25
num_cat=0
split_feature=214 107 23 207 108 48 13 133 183 96 98 140 107 102 191 35 197 118 206 52 3 202 133 161
split_gain=1.59107 4.68214 2.91479 3.3883 2.58294 4.53174 4.08092 6.59116 3.91182 4.57003 6.49852 4.50972 3.38753 3.18333 3.01124 3.04981 2.94302 2.67474 2.56292 2.49003 2.39249 1.94228 1.31392 0.085869
threshold=0.29940106989349552 0.23815000000000003 0.12575000000000003 0.93324329161675834 -0.030849999999999995 332.50000000000006 22.875000000000004 71.075581257034784 0.20196888362094736 0.78059309107500041 0.25781065777500006 0.50010058415876657 0.23815000000000003 0.30785000000000007 -1.3799999999999997 -0.14619999999999997 0.84745798241146719 3516.7200000000007 1.0402003910068427 6.3983000000000017 -0.33999999999999991 0.92989890806974962 189.01319949240266 6.8106888315074983
decision_type=2 2 2 2 2 2 2 2 2 2 2 2 2 2 2 2 2 2 2 2 2 2 2 2
left_child=4 19 3 -3 5 6 7 -1 9 10 -6 18 -11 -13 16 -16 -7 -8 -10 22 -4 -5 23 -2
right_child=1 2 20 21 8 14 17 -9 11 12 -12 13 -14 -15 15 -17 -18 -19 -20 -21 -22 -23 -24 -25
leaf_value=0.022354096317023942 0.021653788844771215 0.007648312678783996 -0.0065004836136801584 -0.040275549380622805 -0.001903188356021926 -0.018156981570070157 -0.0020319186992580908 -0.010106483425115532 0.016282494746220878 -0.00093750470075237358 0.019147765021141384 0.032666939786689789 -0.026291964158930429 0.0036663987339060136 0.0003485554662152248 -0.027072214178478979 0.0048485719651644331 0.031985361829160334 -0.015673974990009748 0.0021223541129495936 0.021718585388888319 -0.0096390068720877027 0.006742549944794121 0.037020876628346848
leaf_weight=7.0475849173963061 2.2038234509527701 4.4449342116713551 4.8365101404488087 3.7209465503692609 69.903149815276265 8.0939226634800452 2.9953679367899877 26.04477646201849 3.4244380071759242 9.5511676855385321 16.124118976294994 9.7135821059346181 9.8650665357708913 5.6424077674746504 4.5000405348837402 15.303853344172238 12.471571650356053 5.6416164971888065 6.0272637084126472 6.1444154083728781 5.6157358773052675 4.4487656690180302 2.620375607162714 5.3532291576266289
leaf_count=40 22 31 27 18 407 49 21 148 23 58 96 50 56 32 31 85 76 30 39 36 32 29 20 41
internal_value=0 0.00553165 -0.00306158 -0.0128179 -0.001026 -0.00519876 0.00167118 -0.00305655 0.0015831 -0.000915478 0.00202522 0.0122846 -0.0140421 0.0222977 -0.0123608 -0.0207202 -0.00410456 0.0199563 -0.00373252 0.0178034 0.00843877 -0.0242737 0.0268659 0.0332726
internal_weight=251.739 39.3887 23.0669 12.6146 212.35 82.0987 41.7293 33.0924 130.251 105.444 86.0273 24.8077 19.4162 15.356 40.3694 19.8039 20.5655 8.63698 9.4517 16.3218 10.4522 8.16971 10.1774 7.55705
internal_count=1497 256 137 78 1241 480 239 188 761 617 503 144 114 82 241 116 125 51 62 119 59 47 83 63
is_linear=0
shrinkage=0.03


Tree=247
num_leaves=16
num_cat=0
split_feature=0 0 169 45 169 21 103 148 117 30 78 51 86 159 143
split_gain=1.60667 3.00791 2.53641 4.19017 3.04136 3.26854 2.72493 2.3684 2.48438 3.07297 2.93287 2.72203 1.97839 1.40558 1.3313
threshold=20240265.000000004 20231026.000000004 -0.50345034305835445 1.9350000000000003 -0.25970309402014913 0.86790000000000012 0.14540000000000003 66.556742329132263 0.53400000000000014 -0.25149999999999995 0.45308497030000011 14.518800000000002 -0.14299531125000001 36.631538339124994 6.6334007247316622
decision_type=2 2 2 2 2 2 2 2 2 2 2 2 2 2 2
left_child=1 2 3 -1 6 -6 -4 8 9 14 12 -11 -10 -3 -2
right_child=7 13 4 -5 5 -7 -8 -9 10 11 -12 -13 -14 -15 -16
leaf_value=-0.0078170305110927887 0.0048655115644527314 -0.030004737972515096 -0.030549438568802614 0.031642269006202144 0.00037506308488496719 -0.023246850420654538 0 -0.014062482991109987 -0.0079509339847186923 -0.0072211984828943919 -0.025750019142681674 0.01925393170678568 0.019739300550748167 0 -0.022954478081265942
leaf_weight=4.079234912991522 2.990358036011453 4.5834388583898535 5.7777526602148992 5.4255183264613152 167.71464826911688 5.3387894183397284 4.528473824262619 5.2230529747903338 4.659094061702489 3.8594607375562253 3.857576183974742 23.805304748937488 4.2953229807317248 2.0222837217152119 2.7854527048766613
leaf_count=22 24 42 33 30 917 35 25 33 28 26 22 196 30 18 16
internal_value=0 -0.00121593 -0.000512957 0.0144898 -0.00131448 -0.000349364 -0.0170724 0.00472393 0.00693586 0.0112545 -0.00410365 0.0154397 0.00507171 -0.0209793 -0.00820276
internal_weight=250.946 199.47 192.864 9.50475 183.36 173.053 10.3062 51.4756 46.2526 33.4406 12.812 27.6648 8.95442 6.60572 5.77581
internal_count=1497 1122 1062 52 1010 952 58 375 342 262 80 222 58 60 40
is_linear=0
shrinkage=0.03


Tree=248
num_leaves=11
num_cat=0
split_feature=9 11 45 133 131 105 103 121 125 70
split_gain=1.54304 3.08531 2.16334 2.0531 3.81436 4.58391 2.65559 3.88238 3.02602 2.52676
threshold=79.875000000000014 21.185000000000006 2.5950000000000002 67.523896608333345 4.2673078947368426 0.57500000000000007 -0.44474999999999992 3457.9800000000005 4.5000000000000009 0.26141775665
decision_type=2 2 2 2 2 2 2 2 2 2
left_child=1 3 -2 4 5 -1 7 -5 -8 -6
right_child=2 -3 -4 6 9 -7 8 -9 -10 -11
leaf_value=0.0066810157142673824 0.03184292817419139 -0.025142599008982712 -0.00050881814270779379 -0.018403439050338238 0.025066185304752492 -0.022191069965314923 -0.014594880250411318 -0.0013571092525910963 0.0022342055462676795 -0.0016687863171478425
leaf_weight=18.323726862668995 3.1497754901647559 4.3543273098766795 3.9311915412545204 17.49487604573369 11.416345030069349 6.6534700021147719 10.251140849664806 39.446189194917679 131.29768793843687 4.0974441654980174
leaf_count=108 20 27 24 111 71 35 58 237 780 26
internal_value=0 -0.000402915 0.0137072 4.5632e-05 0.00620553 -0.000948173 -0.00119834 -0.00667019 0.0009848 0.0178474
internal_weight=250.416 243.335 7.08097 238.981 40.491 24.9772 198.49 56.9411 141.549 15.5138
internal_count=1497 1453 44 1426 240 143 1186 348 838 97
is_linear=0
shrinkage=0.03


Tree=249
num_leaves=10
num_cat=0
split_feature=151 93 152 36 127 177 12 177 186
split_gain=1.56305 1.92747 2.98809 2.75856 2.42821 2.713 4.14091 3.31339 2.4608
threshold=0.068105029258492614 0.051147400850000004 -1.7602743216284733 0.49498795180722893 97.302075000000016 1.0466281438624037 64.40000000000002 0.62283441138545947 -2.5549999999999993
decision_type=2 2 2 2 2 2 2 2 2
left_child=-1 2 -2 -4 5 7 -7 -3 -6
right_child=1 4 3 -5 8 6 -8 -9 -10
leaf_value=0.016910343826207746 0.013179626217994976 -0.0004724451762216203 -0.033498602916531395 -0.0013067625336407522 0.029879011624594196 0.021657052881875076 0.00015243768154610409 -0.014106295230457148 -0.0019504619167975104
leaf_weight=4.7245936952531329 3.156878598034381 168.4367791749537 5.5501747354865056 4.5239995270967484 4.8133989199995995 11.816351868212221 25.785916980355978 17.702918875962496 3.617557577788828
leaf_count=37 26 990 32 26 29 75 158 102 22
internal_value=0 -0.000332268 -0.0114313 -0.019492 0.000291975 -0.000293683 0.00702926 -0.00179209 0.0160072
internal_weight=250.129 245.404 13.2311 10.0742 232.173 223.742 37.6023 186.14 8.43096
internal_count=1497 1460 84 58 1376 1325 233 1092 51
is_linear=0
shrinkage=0.03


Tree=250
num_leaves=18
num_cat=0
split_feature=206 28 159 206 3 217 196 201 201 54 191 165 70 69 76 3 181
split_gain=1.53781 3.49488 3.29866 3.2738 3.54834 5.34766 3.52263 3.74511 4.53011 4.34833 3.42821 3.44751 3.12148 4.24487 4.02844 2.81554 2.37299
threshold=0.9265675907627916 0.52936186440677979 56.455634984921311 0.96191244667037668 -0.69499999999999984 -0.079760620881491454 2.5376880923223659 0.95109066003053322 0.98019792655687932 15.400000000000002 -2.2549999999999986 -1.0486275933958142 0.22448649125 1.4368698977000003 0.25507863453600005 -1.3749999999999998 0.56906275489771485
decision_type=2 2 2 2 2 2 2 2 2 2 2 2 2 2 2 2 2
left_child=1 2 12 4 15 -6 7 9 -9 -5 -8 -12 13 -1 -14 -2 -7
right_child=3 -3 -4 6 5 16 10 8 -10 -11 11 -13 14 -15 -16 -17 -18
leaf_value=0.029264543642026755 -0.012109931279923578 0.033683783129646344 -0.02228334088295051 0.034015360063725762 0.014933158466402937 -0.035482093741154276 0.014848806474235036 0.027152198066458934 0.0035509798850720344 -0.0057740130940505579 0.0093286746022760211 -0.023407121399194385 -0.018908762686782214 0.0035028933390275595 0.0064616167961997562 0.025478149443119213 -0.0075071491829637044
leaf_weight=8.2748671751469391 3.4766631759703159 3.3325528837740412 4.3589446358382693 2.4699734002351752 3.2128906957805219 9.5574033260345406 3.5559283420443561 8.0448215901851636 79.361359748989344 56.160724755376577 3.4334425330162093 14.053923860192295 9.1674870029091853 19.608952537178993 14.063351165503262 3.4021476730704334 4.3107977081090203
leaf_count=53 23 24 32 13 22 47 24 44 469 330 22 84 55 120 89 20 26
internal_value=0 0.0042384 0.00235807 -0.00130564 -0.0116538 -0.0189921 0.000166466 0.00183995 0.00578605 -0.00399164 -0.0112591 -0.0167928 0.00455742 0.0113324 -0.00345974 0.00614934 -0.0271171
internal_weight=249.846 58.8062 55.4736 191.04 23.9599 17.0811 167.08 146.037 87.4062 58.6307 21.0433 17.4874 51.1147 27.8838 23.2308 6.87881 13.8682
internal_count=1497 373 349 1124 138 95 986 856 513 343 130 106 317 173 144 43 73
is_linear=0
shrinkage=0.03


Tree=251
num_leaves=12
num_cat=0
split_feature=174 163 96 103 110 12 21 181 164 210 17
split_gain=1.52537 1.92699 3.31009 2.97665 3.29385 2.90293 2.85272 2.55549 2.61571 2.56601 2.32449
threshold=-7.9247591625121485 -0.02176946795246992 1.5758644008999998 -0.25594999999999996 0.28595000000000004 63.685000000000009 0.53760000000000019 3.4289059023026351 -1.0131315670005525 -0.27091415593296014 14.56
decision_type=2 2 2 2 2 2 2 2 2 2 2
left_child=-1 2 3 4 -2 -4 -5 8 -3 -10 -9
right_child=1 7 5 6 -6 -7 -8 10 9 -11 -12
leaf_value=-0.016939286526921806 -0.023306952058578325 -0.027733865151412119 -0.030973906596921522 0.027520903786690632 0.011141810308317424 0.0068344642488152915 0.0017229230531166067 0.0028198293846918737 -0.012827778438828171 0.0012956002203128986 -0.027059061285675666
leaf_weight=4.5929028838872901 3.7796993553638476 2.9204770140349856 3.4056542590260497 11.674387272447349 6.873933058232069 3.5514358170330524 6.1413888558745375 3.4941575191915017 12.238217756152151 184.60954684577882 6.0227052681148052
leaf_count=30 23 21 20 75 43 24 41 21 77 1087 35
internal_value=0 0.000327492 0.0067962 0.0113784 -0.000904041 -0.0114251 0.0188546 -0.000755887 -1.36675e-05 0.000396236 -0.0158617
internal_weight=249.305 244.712 35.4265 28.4694 10.6536 6.95709 17.8158 209.285 199.768 196.848 9.51686
internal_count=1497 1467 226 182 66 44 116 1241 1185 1164 56
is_linear=0
shrinkage=0.03


Tree=252
num_leaves=15
num_cat=0
split_feature=146 46 28 217 189 0 23 101 0 0 85 195 51 187
split_gain=1.56883 3.99492 2.11113 1.89088 2.79991 2.46825 3.58231 5.24415 3.32207 3.16085 4.41288 3.17199 1.63411 1.55744
threshold=43.025670078267019 0.19073483235536889 0.46216355932203396 -0.1395399528028842 -0.45000000000000012 20210805.500000004 0.12980000000000003 46918028.030000009 20201224.500000004 20211103.500000004 0.50434603455000004 2.5335926912828328 51.855550000000008 -5.1349999999999971
decision_type=2 2 2 2 2 2 2 2 2 2 2 2 2 2
left_child=1 2 -1 4 12 6 8 -8 -5 10 -7 -11 -2 -3
right_child=3 13 -4 5 -6 9 7 -9 -10 11 -12 -13 -14 -15
leaf_value=0.010377492061611952 0.036107437671931579 0.0056089449531695002 -0.018535768744267732 -0.0069325759739468007 -0.0049551372417642589 0.0098597323210086012 0.00086157988751405998 0.029737873564747708 0.0067133359618425257 -0.00028353003101536773 -0.026215813637633398 -0.015355567354439612 0.0055843460635673099 0.033218736211348396
leaf_weight=3.9750464037060755 3.8692981638014317 3.3018787130713463 4.8632700778543949 37.651764638721943 5.476464953273533 3.9515236467123023 14.544310189783575 9.4137263149023038 27.732182126492262 100.05003433860838 11.399297103285788 14.348904451355336 3.1304681040346622 5.3001880757510644
leaf_count=28 27 24 32 189 38 23 73 49 150 647 65 94 23 35
internal_value=0 0.00865198 -0.00522573 -0.000653474 0.0106335 -0.00131446 0.00250067 0.012409 -0.00109752 -0.00396445 -0.0167316 -0.00221196 0.0231502 0.0231518
internal_weight=249.008 17.4404 8.83832 231.568 12.4762 219.092 89.342 23.958 65.3839 129.75 15.3508 114.399 6.99977 8.60207
internal_count=1497 119 60 1378 88 1290 461 122 339 829 88 741 50 59
is_linear=0
shrinkage=0.03


Tree=253
num_leaves=17
num_cat=0
split_feature=0 0 169 41 169 182 103 34 30 207 138 178 23 189 0 159
split_gain=1.56074 2.88098 2.40504 3.83382 2.79352 3.03217 2.59541 2.35969 3.60592 3.07388 2.82705 3.27055 3.41686 2.65133 2.14592 1.38019
threshold=20240265.000000004 20231026.000000004 -0.50345034305835445 13.250000000000002 -0.25970309402014913 6.689286752731352 0.14540000000000003 0.39794069859489406 -0.088470103278887047 1.085703240553987 6.8217759355125898 0.2538043927887777 0.066950000000000023 -0.45000000000000012 20250918.500000004 36.631538339124994
decision_type=2 2 2 2 2 2 2 2 2 2 2 2 2 2 2 2
left_child=1 2 3 -1 6 -6 -4 8 13 14 11 12 -9 -2 -10 -3
right_child=7 15 4 -5 5 -7 -8 10 9 -11 -12 -13 -14 -15 -16 -17
leaf_value=-0.0093383998306954923 -0.016554145593349848 -0.029807284920796945 -0.029851338461237553 0.029275578773122771 0.0017732781173897259 -0.0077315349082354599 0 -0.018722837204902205 0.029581370816009304 -0.0020172267466902782 -0.020591187039751789 0.026955895927738897 0.012007350039679492 0.016899104225391728 -0.0020348414700522245 0
leaf_weight=3.5994170755147916 6.0328043252229691 4.4816129505634299 5.6596886441111547 5.7771314606070518 132.6935046389699 38.959880109876394 4.5005635991692543 6.5897567346692139 12.24960306659341 4.9423368014395228 5.7070512175559989 4.015840020030736 6.1604208573698997 3.1120420806109923 2.0687105730175963 2.0081222727894783
leaf_count=21 39 42 33 31 730 222 25 38 115 37 33 33 39 26 15 18
internal_value=0 -0.00120295 -0.000514379 0.014194 -0.0012968 -0.000369792 -0.0165096 0.00468399 0.0104363 0.0178059 -0.0024679 0.00360879 -0.00366378 -0.00478566 0.024823 -0.0207177
internal_weight=248.558 197.68 191.19 9.37655 181.814 171.653 10.1603 50.8786 28.4055 19.2607 22.4731 16.766 12.7502 9.14485 14.3183 6.48974
internal_count=1497 1122 1062 52 1010 952 58 375 232 167 143 110 77 65 130 60
is_linear=0
shrinkage=0.03


Tree=254
num_leaves=8
num_cat=0
split_feature=181 185 76 93 65 8 0
split_gain=1.56995 2.03429 1.8912 3.44604 3.03646 2.64839 2.09566
threshold=-19.896581137773449 -16.684999999999992 9.2176743004320016 2.962198555100001 4.3426706954000007 18.060000000000006 20211204.500000004
decision_type=2 2 2 2 2 2 2
left_child=-1 -2 3 4 -3 -5 -4
right_child=1 2 6 5 -6 -7 -8
leaf_value=0.022022177641702861 -0.027505727751453147 -0.00037800146005949082 0.03189246761378798 -0.0038258162887214744 0.011031392441113138 -0.023366577664114176 0
leaf_weight=2.7803313396871081 2.3411908447742453 181.80864070728421 3.3798756077885619 20.903390441089872 23.578492160886526 9.1520743668079358 4.0349214747548103
leaf_count=18 15 1102 17 124 145 50 26
internal_value=0 -0.00025593 5.62859e-06 -0.000454692 0.000921931 -0.00993334 0.014833
internal_weight=247.979 245.199 242.857 235.443 205.387 30.0555 7.4148
internal_count=1497 1479 1464 1421 1247 174 43
is_linear=0
shrinkage=0.03


Tree=255
num_leaves=12
num_cat=0
split_feature=204 99 151 200 64 85 170 113 217 7 198
split_gain=1.5334 4.68491 2.65173 2.39414 3.298 2.81617 3.00658 2.72926 2.05508 1.98502 1.5437
threshold=1.1556656002033729 42.135000000000005 0.068105029258492614 2.8799313577481267 2.6626466750000004 0.61909304905000007 -0.12861073026558931 0.55415000000000014 0.047045786719464931 20.625000000000004 2.4447494626887969
decision_type=2 2 2 2 2 2 2 2 2 2 2
left_child=2 8 -1 4 -4 6 -5 -6 -2 -3 -7
right_child=1 9 3 5 7 10 -8 -9 -10 -11 -12
leaf_value=0.025113483265339943 -0.035731523763968431 -0.0082821676234483294 0.031420076349807126 0.017208555137714264 -0.00073785914192579306 -0.032150579068584567 -0.019379859972129442 0.0092313125636604276 -0.0067073249618688352 0.021948642657877739 -0.0061437535610058339
leaf_weight=3.8207922168076029 5.0504752732813376 3.2541916444897643 3.0865002684295169 4.8830355983227491 177.87901651114225 5.357301536947487 3.2731032781302947 28.549879416823387 4.445767767727375 4.3130473420023918 3.9108343943953514
leaf_count=32 34 19 19 32 1061 30 22 171 26 26 25
internal_value=0 -0.00864882 0.000645502 0.000209462 0.00111286 -0.0104265 0.00210517 0.00063019 -0.0226676 0.00861854 -0.0216796
internal_weight=247.824 17.0635 230.76 226.94 209.515 17.4243 8.15614 206.429 9.49624 7.56724 9.26814
internal_count=1497 105 1392 1360 1251 109 54 1232 60 45 55
is_linear=0
shrinkage=0.03


Tree=256
num_leaves=21
num_cat=0
split_feature=24 110 55 210 110 196 50 111 196 206 113 33 188 65 78 52 5 14 202 101
split_gain=1.54125 3.8014 3.83648 3.53923 3.12222 4.6666 2.99787 2.95495 2.81123 4.00589 3.22877 3.93053 3.64556 3.58428 4.01344 3.73907 3.4602 2.93472 2.37449 1.61732
threshold=0.43552631578947371 0.26485000000000009 1.6250000000000002 -0.23926107172550029 0.34880000000000005 0.61430557349548953 20230802.500000004 -0.18344999999999997 2.5376880923223659 0.94275870306604947 0.54585000000000006 0.50865000000000016 -2.3999999999999999 4.3426706954000007 1.9737812072000003 8.0949500000000025 -0.18959999999999999 13.685 0.84125375563719595 4703895.7150000008
decision_type=2 2 2 2 2 2 2 2 2 2 2 2 2 2 2 2 2 2 2 2
left_child=1 2 -1 -3 7 -6 18 -5 10 -10 13 12 -12 14 -2 -15 -13 -11 -4 -19
right_child=8 3 6 4 5 -7 -8 -9 9 17 11 16 -14 15 -16 -17 -18 19 -20 -21
leaf_value=0.016579100040950111 -0.0025898518089055894 -0.013510436628498521 -0.0023733354179534777 0.001409343257373041 -0.023255401753752084 0.014521442457816124 0.0057893892807629509 0.029725050864177018 0.01308274485748924 0.0056739941025666825 -0.004782603516478052 -0.027886924634332934 0.029637655600425999 0.0029645813679455386 -0.024536909045280612 0.03418288912407344 0.0057437628021266953 -0.01260329257841129 -0.034478316462824954 -0.033404069089330732
leaf_weight=4.6768579483032253 104.32484015636146 4.7200555950403205 3.4062399901449663 4.7866633050143745 4.1140335276722899 9.5300604216754419 4.3135267496109 12.785991661250593 4.7604316174984005 3.774911958724263 3.54645051062107 3.2985761687159565 10.31327246874571 21.404950231313709 8.0441465340554696 4.0943428203463546 14.319113623350857 7.6424320861697179 6.2760945968329906 7.3836165759712458
leaf_count=33 624 28 22 33 25 60 30 77 28 25 20 17 63 125 50 22 86 46 37 46
internal_value=0 0.00444594 -0.00641414 0.0101742 0.0138829 0.00282618 -0.0143735 0.0222334 -0.00125855 -0.0109457 7.71957e-05 0.0087477 0.0206441 -0.00188557 -0.00420807 0.00820835 -0.000505476 -0.0172254 -0.0236302 -0.0231761
internal_weight=247.517 54.6095 18.6727 35.9368 31.2167 13.6441 13.9959 17.5727 192.907 23.5614 169.346 31.4774 13.8597 137.868 112.369 25.4993 17.6177 18.801 9.68233 15.026
internal_count=1497 345 122 223 195 85 89 110 1152 145 1007 186 83 821 674 147 103 117 59 92
is_linear=0
shrinkage=0.03


Tree=257
num_leaves=9
num_cat=0
split_feature=193 193 201 187 184 201 46 34
split_gain=1.73052 1.9912 1.63 3.78369 2.35514 2.21163 4.29892 3.39676
threshold=-7.6899999999999986 -7.1899999999999986 1.3674361307244467 -0.83499999999999719 0.17327155104210054 0.95295816761982188 1.1464500000000002 1.2497000000000003
decision_type=2 2 2 2 2 2 2 2
left_child=-1 -2 5 4 -4 6 -3 -7
right_child=1 2 3 -5 -6 7 -8 -9
leaf_value=0.024340164019462242 -0.02419753456522767 3.0199143658533497e-06 -0.022992388420042132 0.012496126420390278 0.0043818215868749585 0.00195800211176876 -0.017950569584641217 0.019030482455274982
leaf_weight=2.5014998018741599 2.987837277352809 98.445162588730454 11.058907911181452 5.5621835067868224 3.5208641067147246 97.555585352703929 13.517763525247572 11.755716294050215
leaf_count=18 18 608 71 35 21 584 77 65
internal_value=0 -0.000257606 3.61559e-05 -0.00809944 -0.0161926 0.000793592 -0.00215191 0.00383717
internal_weight=246.906 244.404 241.416 20.142 14.5798 221.274 111.963 109.311
internal_count=1497 1479 1461 127 92 1334 685 649
is_linear=0
shrinkage=0.03


Tree=258
num_leaves=14
num_cat=0
split_feature=146 46 28 217 14 36 178 15 46 178 97 158 22
split_gain=1.52773 3.81148 1.98065 1.81361 3.19723 2.1864 5.64911 4.92755 3.08394 3.019 2.77157 1.99533 1.47965
threshold=43.025670078267019 0.19073483235536889 0.46216355932203396 -0.1395399528028842 14.56 0.50902008032128532 0.16936564421836178 72.835000000000008 3.1786000000000003 0.54846180168000513 -0.7650245505249984 -0.59261537246013674 1.1882143094882085
decision_type=2 2 2 2 2 2 2 2 2 2 2 2 2
left_child=1 2 -1 4 -2 8 7 -7 10 -8 -5 -6 -3
right_child=3 12 -4 5 11 6 9 -9 -10 -11 -12 -13 -14
leaf_value=0.010195187230553269 -0.011929713560682668 0.032070785582686979 -0.017964271823995716 -0.0048916823066239646 0.031800921390389772 -0.0088419597925937527 0.031505205536008184 0.02294870006464254 -0.028328898614303658 0.0072186044991846372 0.0037465165200529019 0.0010193128577442425 0.0043820090188064114
leaf_weight=3.9236396402120608 3.7429437711834899 5.5009066648781282 4.814880196005106 112.71901828609407 5.3253589756786814 27.555728834122419 7.4397966451942947 5.0859422609210005 4.1435634866356841 13.218709975481032 47.040896862745285 3.2415998652577391 2.9633517675101757
leaf_count=28 27 37 32 665 38 151 44 27 23 78 302 23 22
internal_value=0 0.00859854 -0.00500881 -0.000645514 0.0104829 -0.00129455 0.00395439 -0.00374203 -0.00302113 0.0162192 -0.00232867 0.0206459 0.0228915
internal_weight=246.716 17.2028 8.73852 229.514 12.3099 217.204 53.3002 32.6417 163.903 20.6585 159.76 8.56696 8.46426
internal_count=1497 119 60 1378 88 1290 300 178 990 122 967 61 59
is_linear=0
shrinkage=0.03


Tree=259
num_leaves=10
num_cat=0
split_feature=193 193 214 108 145 82 186 33 16
split_gain=1.65002 1.8904 1.67534 4.19998 2.8298 2.40667 3.8906 3.87273 2.20394
threshold=-7.6899999999999986 -7.1899999999999986 0.29940106989349552 0.011775000000000002 35.938155908313675 0.76830236345000025 -2.0849999999999969 0.5454500000000001 23.025000000000002
decision_type=2 2 2 2 2 2 2 2 2
left_child=-1 -2 5 8 -5 6 -3 -7 -4
right_child=1 2 3 4 -6 7 -8 -9 -10
leaf_value=0.023900409623673471 -0.023676165160541194 -0.0022235635392404756 0.027923990426863356 0.022966961662549586 -0.005109352215865573 -0.00026452074826665639 0.012325850106489809 -0.011789819557788243 0
leaf_weight=2.4735762886703005 2.9610897526144973 41.278735119849443 8.9192027747631055 3.6695284694433239 22.152353461831808 98.518429523333907 27.196255393326283 35.950423300266266 3.2547698318958274
leaf_count=18 18 267 72 25 136 565 167 209 20
internal_value=0 -0.000247229 3.79635e-05 0.00582279 -0.000930507 -0.00103265 0.00352084 -0.00337459 0.0202823
internal_weight=246.374 243.901 240.94 37.9959 25.8219 202.944 68.475 134.469 12.174
internal_count=1497 1479 1461 253 161 1208 434 774 92
is_linear=0
shrinkage=0.03


Tree=260
num_leaves=23
num_cat=0
split_feature=0 0 207 31 194 102 204 55 23 103 181 41 2 213 134 185 194 36 125 148 210 46
split_gain=1.54595 2.75539 2.73304 2.96632 2.80448 3.03896 2.50794 2.45559 2.27983 3.89848 3.50672 3.19687 3.29908 3.29347 2.37575 1.83733 2.77635 2.02479 1.33696 0.612092 0.436354 0.15045
threshold=20240265.000000004 20230527.500000004 0.79399294055568814 -0.14979999999999996 8.1831099530637097 0.18305000000000002 0.96801662388577392 3.0150000000000001 0.068850000000000008 0.83790000000000009 -1.5097300577159203 19.763260000000006 -1.1674999999999998 0.21206767319841527 73.69933117250001 -3.3399999999999994 1.2919961630063526 0.45490763052208844 14.500000000000002 25.588184843640398 0.14307824378089565 0.45695000000000002
decision_type=2 2 2 2 2 2 2 2 2 2 2 2 2 2 2 2 2 2 2 2 2 2
left_child=1 2 3 6 5 -4 -1 15 10 18 19 13 -13 -12 -11 17 -17 -3 -10 -2 -20 -9
right_child=8 7 4 -5 -6 -7 -8 21 9 14 11 12 -14 -15 -16 16 -18 -19 20 -21 -22 -23
leaf_value=0.021092467199919394 0.008390717735549837 0.0044234877492477743 0.011172067914436519 0.031002012028538514 -0.025096079599697597 -0.0019761841623497957 -0.0091348115525094354 -0.032364865888294556 0.0075669314476514114 -0.020911612822465613 0.020920479385881551 0.0044001344739489027 -0.022190132193344345 -0.019444459846910758 0.012441740311316975 0.019904127799754825 -0.015742127752404425 -0.028573963571516932 0.035914413218773117 0.034117151842179082 0.017235400355071786 -0.015085078522273762
leaf_weight=3.9366934075951558 1.9007673747837568 2.4451708421111116 17.737171925604343 4.9579511582851401 4.1838772743940345 138.61099848151207 6.1598669737577438 4.0698237381875506 3.9772374518215683 3.7505349442362776 6.5255001150071639 6.4827179461717668 10.891527459025378 2.3502895385026932 3.6531629413366318 4.6033199429512033 3.2159136012196541 4.268115071579814 5.3598151914775354 2.4892424065619707 2.7965143583714962 1.7131202965974806
leaf_count=22 17 20 95 28 26 743 36 43 32 22 62 50 63 15 26 26 23 41 44 25 19 19
internal_value=0 -0.00119911 0 0.0121923 -0.0011352 -0.000459196 0.00244799 -0.0116307 0.00469768 0.0126818 -0.000320399 -0.00459106 -0.0121286 0.00980015 -0.00410798 -0.00472508 0.00485097 -0.0162265 0.0231217 0.0240813 0.0301597 -0.0280993
internal_weight=246.079 195.902 175.587 15.0545 160.532 156.348 10.0966 20.3155 50.1773 19.5373 30.64 26.25 17.3742 8.87579 7.4037 14.5325 7.81923 6.71329 12.1336 4.39001 8.15633 5.78294
internal_count=1497 1122 950 86 864 838 58 172 375 143 232 190 113 77 48 110 49 61 95 42 63 62
is_linear=0
shrinkage=0.03


Tree=261
num_leaves=20
num_cat=0
split_feature=133 105 107 93 202 211 133 89 218 164 168 94 66 134 199 4 19 61 29
split_gain=1.47739 4.40379 3.17899 2.9207 2.52061 2.52534 2.40725 3.05658 2.69651 2.59421 2.54768 3.97626 3.99193 3.2831 3.99606 3.46233 2.34535 1.71794 0.769533
threshold=67.523896608333345 0.57500000000000007 0.63050000000000017 0.087863788800000023 1.1466930766132557 -0.068966194968553537 238.07338093260003 -0.34583218379999997 1.1748366287350944 -0.15234888082717349 -0.64462993007855618 4.0868898783500009 4.755035061100001 77.089343357500013 1.9714497767538857 -0.54499999999999993 17.325000000000003 2.7496499641000001 0.45965000000000006
decision_type=2 2 2 2 2 2 2 2 2 2 2 2 2 2 2 2 2 2 2
left_child=1 3 18 -1 5 -5 10 -8 9 -9 13 12 -12 14 -2 -15 -6 -10 -3
right_child=6 2 -4 4 16 -7 7 8 17 -11 11 -13 -14 15 -16 -17 -18 -19 -20
leaf_value=-0.016709816029928017 0.012440423072973642 -0.010220916687244095 0.0088308466231216201 0.00028515950149203214 -0.019731448856362226 0.024614726634579857 -0.021269878103781687 -0.0096953492458036559 0.033542016505542074 0.0065054681485730926 -0.0069822111637508058 -0.030310503721070286 0.015813088481071838 0.014567733911254946 -0.011382377934035315 -0.015365262913316467 0.014655764921738311 0.0050028384382990497 -0.031864964851423108
leaf_weight=2.9466669633984592 27.96500233374536 3.3599986508488637 4.5014166757464409 5.3236336037516692 3.3291233703494063 16.515382215380665 3.9641388431191436 11.267046125605701 4.5852259583771211 39.525411304086447 70.463231379166245 5.8595201522111884 7.5031498707830897 4.3678031079471138 7.9754218868911257 14.660755399614571 3.5866682529449463 3.7296829856932163 3.9661991223692894
leaf_count=20 167 18 27 35 21 100 25 74 30 243 419 31 47 32 50 92 20 24 22
internal_value=0 0.00501249 -0.0104211 0.0108797 0.013859 0.0188491 -0.00107516 0.00375869 0.00552103 0.00284078 -0.00329449 -0.00659027 -0.00473261 0.00167982 0.00705383 -0.00829739 -0.00151524 0.0213088 -0.0226137
internal_weight=245.395 43.5291 11.8276 31.7015 28.7548 21.839 201.866 63.0715 59.1074 50.7925 138.795 83.8259 77.9664 54.969 35.9404 19.0286 6.91579 8.31491 7.3262
internal_count=1497 263 67 196 176 135 1234 396 371 317 838 497 466 341 217 124 41 54 40
is_linear=0
shrinkage=0.03


Tree=262
num_leaves=11
num_cat=0
split_feature=193 188 181 210 162 96 208 195 127 132
split_gain=1.56444 1.81709 2.93506 3.15756 3.74828 2.89869 2.8328 2.49384 2.63302 3.08191
threshold=-7.6899999999999986 -1.4250000000000005 1.0000000180025095e-35 -0.23926107172550029 0.27611805355106506 0.11728319030000006 0.095998144815430023 0.41636948058600559 14.311800000000002 1.3358000000000001
decision_type=2 2 2 2 2 2 2 2 2 2
left_child=-1 2 3 -2 -5 6 -4 -3 -9 -10
right_child=1 7 5 4 -6 -7 -8 8 9 -11
leaf_value=0.02344219888452076 -0.021144354315616887 0.021574626699737778 -0.009875126171174229 0.015552631280737889 -0.0068019856690817102 -0.028404605912442614 0.011196602474707334 0.027618116035624769 -0.01568004951699796 0.0013512205489217119
leaf_weight=2.4368417412042609 4.1625012233853367 5.2970888167619696 30.669585473835468 16.575302336364988 11.045601103454826 6.0546706840395919 6.849932648241519 3.1317759752273551 10.114133875817059 148.53501032292843
leaf_count=18 24 35 176 105 63 37 43 21 61 914
internal_value=0 -0.000239461 -0.00411429 0.00274139 0.00651251 -0.00917839 -0.00592878 0.00149168 0.000802665 0.000237359
internal_weight=244.872 242.436 75.3576 31.7834 27.6209 43.5742 37.5195 167.078 161.781 158.649
internal_count=1497 1479 448 192 168 256 219 1031 996 975
is_linear=0
shrinkage=0.03


Tree=263
num_leaves=24
num_cat=0
split_feature=214 107 86 192 106 119 176 41 108 203 16 48 201 13 188 104 37 115 18 127 104 111 54
split_gain=1.47218 4.11384 2.7239 3.24053 2.75396 2.41903 2.44323 3.12231 2.39333 4.4624 5.05156 4.28375 4.30779 4.31094 4.07507 3.71426 3.39791 2.766 3.69835 2.9988 2.3225 1.4876 0.00813437
threshold=0.29940106989349552 0.23815000000000003 -0.16632762505000001 -4.8149999999999995 0.31710000000000005 4326.4975000000004 0.068176787705346034 31.865000000000006 -0.030849999999999995 0.94005000000000016 21.825000000000003 332.50000000000006 0.98621136382628727 22.875000000000004 -5.0999999999999988 0.15280000000000002 11.500000000000002 -0.18354999999999996 59.510000000000012 24.199500000000004 0.0099500000000000022 0.56510000000000005 49.495000000000005
decision_type=2 2 2 2 2 2 2 2 2 2 2 2 2 2 2 2 2 2 2 2 2 2 2
left_child=8 5 21 -4 -5 22 7 -7 11 14 20 12 13 -1 -10 -16 -14 18 -13 -19 -11 -3 -2
right_child=1 2 3 4 -6 6 -8 -9 9 10 -12 17 16 -15 15 -17 -18 19 -20 -21 -22 -23 -24
leaf_value=-0.011209390657240179 0.03631615667426203 -0.0043713166725599384 -0.020333076895592141 0.032747941805217756 0.0014259093251080684 0.014566873332308373 0.029385371825223112 -0.026419556505697585 -0.019443803802513027 -0.0031956114669395956 0.015502792798943831 0.022624390487976549 0.035066481359257974 0.019158518468997514 0.0037110840189497089 0.023869321751853408 0.0037577310694809425 0.0055327573176374607 -0.013950187793873 -0.020853921546018166 -0.02716753430166911 -0.032374111231209771 0.022248695286436675
leaf_weight=21.624934531748298 3.8014857769012442 4.076124321669341 3.4537370502948752 3.8270986974239349 7.727184034883976 3.7713488694280368 2.975521270185709 2.8156770430505276 6.069560242816805 6.0080001614987912 4.8618179075419894 4.1939660459756833 4.9223799221217623 5.0690278448164454 90.144324054941535 9.0607928521931154 8.990742623805998 4.3452150933444527 5.7838422618806362 24.804325189441442 10.628158640116451 3.3113089725375175 2.309056619182229
leaf_count=123 29 26 20 25 47 29 23 16 36 39 31 27 29 33 538 59 54 27 41 146 58 19 22
internal_value=0 0.00541904 -0.00271995 0.00446828 0.01225 0.0171826 0.00721734 -0.00263756 -0.000993932 0.00154921 -0.0108369 -0.00507182 0.00168976 -0.00528076 0.0041149 0.00560461 0.0152199 -0.012152 0.00119745 -0.0168125 -0.0187604 -0.0175886 0.0319272
internal_weight=244.576 38.0685 22.3955 15.008 11.5543 15.6731 9.56255 6.58703 206.507 126.773 21.498 79.7344 40.6071 26.694 105.275 99.2051 13.9131 39.1273 9.97781 29.1495 16.6362 7.38743 6.11054
internal_count=1497 256 137 92 72 119 68 45 1241 761 128 480 239 156 633 597 83 241 68 173 97 45 51
is_linear=0
shrinkage=0.03


Tree=264
num_leaves=16
num_cat=0
split_feature=0 0 25 218 94 18 204 18 141 30 32 163 201 51 159
split_gain=1.49912 2.65897 2.37199 2.52358 3.07294 3.06275 2.48346 2.20986 2.75086 3.50878 3.03362 2.25212 2.02842 1.83708 1.2837
threshold=20240265.000000004 20231026.000000004 0.23388204460384668 1.131391705656321 1.0015563127000002 72.085000000000008 0.99827231356107582 57.565000000000005 0.87325785977840897 -0.088470103278887047 0.51045252100840344 0.18927295670836022 0.88526625788854696 30.169950000000004 36.631538339124994
decision_type=2 2 2 2 2 2 2 2 2 2 2 2 2 2 2
left_child=1 2 6 5 -5 -4 -1 13 12 11 -11 -10 -9 -2 -3
right_child=7 14 3 4 -6 -7 -8 8 9 10 -12 -13 -14 -15 -16
leaf_value=-0.0028578858304647826 0 -0.029338602858079956 -0.0041814531121578038 0.010997802610270313 -0.016718362589831483 0.010093760046668631 0.031314626185095167 -0.027725504644349395 0.0027258867128554997 0.021326133691777382 0.0002953528350015361 -0.028480999490785676 0 0.031674991376151831 0
leaf_weight=3.2121190279722205 2.5805336609482756 4.2779681701213113 137.32490167766809 24.525659888982776 4.0509332716464987 14.80752983689308 4.1078854948282242 4.1198548134416324 4.4343773573636964 13.392831616103654 11.926564989611505 3.5609502568840981 5.0579212307929993 4.4376661963760853 1.9742857404053209
leaf_count=21 18 42 761 148 20 89 23 25 32 113 87 21 36 43 18
internal_value=0 -0.00117946 -0.000517882 -0.00121527 0.00691963 -0.00276658 0.0160785 0.00466319 0.00198828 0.00605705 0.0115779 -0.0109825 -0.0123638 0.0201819 -0.0202819
internal_weight=243.792 194.281 188.029 180.709 28.5766 152.132 7.32 49.5107 42.4925 33.3147 25.3194 7.99533 9.17778 7.0182 6.25225
internal_count=1497 1122 1062 1018 168 850 44 375 314 253 200 53 61 61 60
is_linear=0
shrinkage=0.03


Tree=265
num_leaves=21
num_cat=0
split_feature=30 188 107 48 20 30 74 1 2 217 189 22 70 19 109 62 106 129 178 112
split_gain=1.45612 3.47018 6.23701 3.93064 3.06601 4.58976 4.33145 3.93321 2.92353 2.78189 3.84903 3.83021 4.5974 4.55459 3.15315 2.51859 2.06112 1.90597 1.72115 0.913426
threshold=0.32690213920426808 0.14999999999999949 -0.081849999999999992 332.50000000000006 18.815000000000001 0.052584721274288156 0.96812600970000007 41.050000000000004 -4.3549999999999995 0.035760732422807841 -2.0249999999999999 1.5060500000000003 0.11432160679999995 22.125000000000004 0.45835000000000009 -0.26640510339999995 0.27030000000000004 2.6955803030303032 0.26772519984969151 0.21780000000000002
decision_type=2 2 2 2 2 2 2 2 2 2 2 2 2 2 2 2 2 2 2 2
left_child=1 4 3 18 5 6 -1 -7 -2 10 17 12 -11 -13 -12 -4 -5 -10 -3 -17
right_child=8 2 15 16 -6 7 -8 -9 9 11 14 13 -14 -15 -16 19 -18 -19 -20 -21
leaf_value=0.0057676893940376483 0.03279116802129306 0.027749559198880867 0.0020017314185396106 -0.029630202213062253 -0.02490178196380614 0.004308421558787745 -0.0094827133619421154 0.029554057087107451 -0.00037250338763799407 0.0067192896963300594 0.011597019113015063 0.0034034758712403264 -0.01445487204231158 0.036971685920390185 -0.010544090662707013 0.039298261694403251 0.00046465958302632478 -0.032318126872527858 -0.0013629768891322467 0.016658038477679306
leaf_weight=26.701262552291155 1.9416260085999955 3.7390413507819193 3.2900011092424384 4.4988875761628151 4.303106114268302 26.936869494616985 44.012371376156807 7.0579943470656863 2.3657849468290797 15.176152821630238 8.1280540265142935 24.346649922430519 22.760630194097757 4.2455705180764189 18.938023317605257 7.3118191789835674 3.3413750678300858 8.0024326145648939 3.1171314306557178 3.0277827456593513
leaf_count=178 12 24 23 28 24 170 260 42 16 94 51 145 130 26 115 46 20 53 19 21
internal_value=0 0.00204679 0.0113853 -0.00199508 -0.000360501 0.000642223 -0.00368183 0.0097092 -0.00263271 -0.00335399 -0.00988674 0.000286123 -0.00591014 0.00860396 -0.00376638 0.025941 -0.0165822 -0.0253887 0.0142531 0.0331789
internal_weight=243.243 137.338 28.326 14.6964 109.012 104.708 70.7136 33.9949 105.905 103.963 37.4343 66.529 37.9368 28.5922 27.0661 13.6296 7.84026 10.3682 6.85617 10.3396
internal_count=1497 855 181 91 674 650 438 212 642 630 235 395 224 171 166 90 48 69 43 67
is_linear=0
shrinkage=0.03


Tree=266
num_leaves=11
num_cat=0
split_feature=21 12 190 217 168 6 113 51 13 189
split_gain=1.47152 1.70641 3.25898 2.31392 2.65984 2.62298 2.59075 2.17409 1.81568 1.55344
threshold=0.17605000000000001 57.735000000000007 -1.1249999999999998 -0.1395399528028842 0.87572898978405855 80.265000000000015 0.54585000000000006 49.248200000000004 15.225000000000001 -0.45000000000000012
decision_type=2 2 2 2 2 2 2 2 2 2
left_child=-1 2 7 4 9 6 -5 -2 -4 -3
right_child=1 3 8 5 -6 -7 -8 -9 -10 -11
leaf_value=0.016068397825794903 -0.019197090442491318 0.02920199879950797 0.0060200669487757534 -0.0041198409282893825 -0.01284077133795797 0.016888739385224987 0.0044119082731528527 0.011581068923868218 0.034017122248609664 0.0037555978343595938
leaf_weight=4.930505357682704 4.3575177229940909 5.6190341226756564 4.3276392854750139 162.16442952305079 2.9051594473421565 6.398262057453393 39.512607727199793 3.6499201375991106 4.684887632727623 4.0008793771266928
leaf_count=36 28 43 33 981 20 39 235 24 30 28
internal_value=0 -0.000327652 0.00877803 -0.00104743 0.0113916 -0.00181572 -0.00243207 -0.00482807 0.0211163 0.0190751
internal_weight=242.551 237.62 17.02 220.6 12.5251 208.075 201.677 8.00744 9.01253 9.61991
internal_count=1497 1461 115 1346 91 1255 1216 52 63 71
is_linear=0
shrinkage=0.03


Tree=267
num_leaves=22
num_cat=0
split_feature=24 110 205 196 55 43 50 202 167 33 113 214 118 218 218 182 45 114 193 0 129
split_gain=1.44516 3.57537 3.41648 4.45856 3.39198 2.98181 2.82904 3.07201 2.71572 3.14279 4.45898 3.80029 5.60643 3.7502 3.28976 2.81202 2.67438 2.45576 2.06266 1.45458 0.685518
threshold=0.43552631578947371 0.26485000000000009 0.98561696085830486 0.66457461731472012 1.6250000000000002 31.860000000000003 20230802.500000004 0.81620867509187944 2.3313281157945194 0.54440000000000011 0.54585000000000006 0.28451401352201133 5054.1100000000006 0.9408268165787198 0.63826400444760567 1.822432634809146 2.8350000000000004 0.33325000000000005 0.68499999999999972 20230920.500000004 3.4807172794117647
decision_type=2 2 2 2 2 2 2 2 2 2 2 2 2 2 2 2 2 2 2 2 2
left_child=1 4 3 17 -1 -5 7 -6 9 10 14 13 -13 -11 -2 -12 19 -3 20 -10 -4
right_child=8 2 18 5 6 -7 -8 -9 16 11 15 12 -14 -15 -16 -17 -18 -19 -20 -21 -22
leaf_value=0.015627370954369769 0.017741936280774452 0.0040938895993125517 0.019670631103276427 0.023579296669334514 0.0024266656429641474 -0.0071570451733062798 0.0058963098083521116 -0.033977070025241356 -0.031878303677821601 -0.0036687392860436127 -0.011313982382797617 0.019332350406680888 -0.010996623385275293 -0.023085549665625992 -0.0014564028491555183 0.022114220977968141 0.0017521398737836021 -0.024114449454774155 0.0036773251980552223 -0.0046638443372296135 0.041709340771205021
leaf_weight=4.5362365692853954 8.7294659763574582 4.9869371391832846 3.2873829677700979 9.8894633855670673 2.7867356427013856 3.7312468476593486 4.2182906754314891 6.6503498405218124 6.1515525728464109 23.196933019906282 2.4935763105750111 10.938957117497923 10.701905306428669 15.015645030885933 88.420714091509581 14.372275374829767 5.945466421544551 5.7025077044963837 3.4833908006548882 2.906327236443758 4.1512080766260624
leaf_count=33 49 32 19 70 18 21 30 41 39 143 16 74 62 90 532 86 38 35 22 23 24
internal_value=2.57793e-06 0.00436651 0.00996683 0.00352416 -0.00631097 0.01495 -0.0138775 -0.0229999 -0.00121757 -0.000140079 0.00276411 -0.00571775 0.00421439 -0.0114172 0.000254293 0.0169576 -0.013422 -0.0107604 0.0238727 -0.0236201 0.0327577
internal_weight=242.297 53.4237 35.2321 24.3102 18.1916 13.6207 13.6554 9.43709 188.873 173.869 114.016 59.8534 21.6409 38.2126 97.1502 16.8659 15.0033 10.6894 10.922 9.05788 7.43859
internal_count=1497 345 223 158 122 91 89 59 1152 1052 683 369 136 233 581 102 100 67 65 62 43
is_linear=0
shrinkage=0.03


Tree=268
num_leaves=7
num_cat=0
split_feature=204 112 16 3 84 93
split_gain=1.42795 2.37674 2.07899 2.01546 1.7743 1.96585
threshold=1.2132395100855802 0.089350000000000013 26.025000000000002 1.6900000000000002 0.0045645413360000013 0.051147400850000004
decision_type=2 2 2 2 2 2
left_child=2 -2 3 4 -1 -6
right_child=1 -3 -4 -5 5 -7
leaf_value=0.021520761877682652 0.00435294610793134 -0.02794277088003454 -0.016525325260323631 0.023018648604204696 -0.012196783125948426 0.0008528514015054984
leaf_weight=3.4749942459166041 3.6652279794216147 4.1363778375089169 6.2078494243323794 3.5621034465730181 10.822945818305014 209.74019433185458
leaf_count=23 22 28 39 24 72 1289
internal_value=3.08391e-06 -0.0125274 0.000439197 0.000922138 0.000547316 0.000193678
internal_weight=241.61 7.80161 233.808 227.6 224.038 220.563
internal_count=1497 50 1447 1408 1384 1361
is_linear=0
shrinkage=0.03


Tree=269
num_leaves=17
num_cat=0
split_feature=133 105 107 202 66 212 117 164 133 168 202 210 103 48 64 48
split_gain=1.41403 4.19204 2.91908 2.75018 3.55338 2.56073 2.49791 2.24763 2.28933 4.32531 3.54117 2.94341 2.52468 3.45674 3.18047 0.741851
threshold=67.523896608333345 0.57500000000000007 0.63050000000000017 1.1466930766132557 0.25456160365000008 0.026757949675710827 0.49800000000000005 -1.0131315670005525 86.546074404655812 -0.67862508196745075 0.89600421469620339 -0.11112008470423333 -0.44474999999999992 319.00000000000006 9.2270783887000025 332.50000000000006
decision_type=2 2 2 2 2 2 2 2 2 2 2 2 2 2 2 2
left_child=1 3 15 4 -1 -6 -5 -2 9 10 -9 -11 13 -10 -14 -3
right_child=7 2 -4 6 5 -7 -8 8 12 11 -12 -13 14 -15 -16 -17
leaf_value=-0.0083581102973049274 -0.027781360763714982 -0.010717774062123524 0.0083818291083082308 0.011366581547148345 -0.0011654509204373613 0.026273725584837277 -0.022760841240883432 0.028944810586612666 0.012817374605204782 0.0025801196190095841 -0.0067943705069211423 -0.025855281169603495 0.011118869863287681 -0.0088188937381989286 2.4613789199649794e-05 -0.032121478257429781
leaf_weight=4.288040913641459 2.6966840326786032 3.6109830364584905 4.395503968000412 3.8315027542412272 3.5166275277733829 15.955986756831406 3.6016243435442448 3.7923671938478964 7.7837674766778937 4.194408699870114 6.6532908417284489 12.175310209393498 31.514625430107117 39.857313733547926 90.035450667142868 3.567630372941494
leaf_count=25 19 21 27 23 23 103 22 22 55 23 40 69 211 252 543 19
internal_value=2.82539e-06 0.00495692 -0.0102708 0.0107176 0.0157146 0.0211845 -0.00485381 -0.00105034 -0.000653291 -0.00878762 0.00604794 -0.0184157 0.00062264 -0.0052016 0.00293249 -0.0220623
internal_weight=241.471 42.7679 11.5741 31.1938 23.7607 19.4726 7.43313 198.703 196.007 26.8154 10.4457 16.3697 169.191 47.6411 121.55 7.17861
internal_count=1497 263 67 196 151 126 45 1234 1215 154 62 92 1061 307 754 40
is_linear=0
shrinkage=0.03


Tree=270
num_leaves=10
num_cat=0
split_feature=9 11 201 187 184 201 46 22 45
split_gain=1.40314 2.7588 2.01885 3.6116 2.81736 2.37422 4.48906 3.51642 1.97796
threshold=79.875000000000014 21.185000000000006 1.3674361307244467 -0.83499999999999719 0.17327155104210054 0.95109066003053322 0.64877416665481691 -1.0712999999999997 2.5950000000000002
decision_type=2 2 2 2 2 2 2 2 2
left_child=1 2 5 4 -4 6 -1 -7 -2
right_child=8 -3 3 -5 -6 7 -8 -9 -10
leaf_value=0.0010878835036028484 0.031216259975194817 -0.024337154677179687 -0.025512959305948192 0.011734770830669455 0.0047679934643843503 -0.016754966812806398 -0.013557916930000713 0.0055417161860921594 -0.00036473379879063287
leaf_weight=81.525031395256519 2.9878212437033644 4.1476148106157771 10.094651002436878 5.0777594223618499 3.5435737073421469 6.6507500298321238 24.282268848270178 98.892040528357029 3.7929893098771572
leaf_count=518 20 27 66 33 21 42 145 601 24
internal_value=1.38973e-06 -0.000378276 5.10049e-05 -0.0093518 -0.0174494 0.000901882 -0.00225456 0.00409377 0.0133662
internal_weight=240.995 234.214 230.066 18.716 13.6382 211.35 105.807 105.543 6.78081
internal_count=1497 1453 1426 120 87 1306 663 643 44
is_linear=0
shrinkage=0.03


Tree=271
num_leaves=17
num_cat=0
split_feature=0 0 35 30 207 138 178 23 189 169 45 52 64 52 216 148
split_gain=1.41778 2.57671 2.16501 3.12267 2.74963 2.51835 3.00744 2.96846 2.29569 2.08418 3.57147 2.77434 3.95196 3.14633 2.01289 1.15293
threshold=20240265.000000004 20231026.000000004 0.39794069859489406 -0.088470103278887047 1.085703240553987 6.8217759355125898 0.2538043927887777 0.066950000000000023 -0.45000000000000012 -0.50345034305835445 1.9350000000000003 2.2468500000000007 23.794337315800004 2.4116000000000004 0.56250000000000011 38.672787357019196
decision_type=2 2 2 2 2 2 2 2 2 2 2 2 2 2 2 2
left_child=1 9 3 8 14 6 7 -4 -2 10 -1 12 -11 -13 -5 -3
right_child=2 15 5 4 -6 -7 -8 -9 -10 11 -12 13 -14 -15 -16 -17
leaf_value=-0.0074494362778924454 -0.015236138797421826 -0.029087317759389868 -0.01783600104296645 0.029006761711461423 -0.0017444320675225574 -0.019744475687725197 0.026457894953269188 0.011250884788335651 0.01640634414393357 0.015413541274314204 0.029735513136582906 -0.022991255094970936 -0.0035568815949497614 -0.0021781025584652414 -0.0019618118994586169 -4.5627881423795722e-07
leaf_weight=3.9273118823766691 5.8488850370049477 4.1130444332957259 6.3817791827023083 11.513018492609264 4.7453499585390082 5.5296569392085066 3.8193092420697203 5.9653613828122616 3.0044569373130816 19.342064566910267 5.1509457230567932 6.8326998725533477 19.642605725675821 130.85418125614524 2.0282516516745082 2.0246652588248253
leaf_count=22 39 42 38 115 37 33 33 39 26 111 30 34 112 753 15 18
internal_value=4.73305e-07 -0.00114894 0.00457121 0.0102248 0.0173076 -0.00237778 0.00346285 -0.00356454 -0.00409961 -0.000495216 0.0134163 -0.00123422 0.0057938 -0.00324866 0.0241679 -0.0201271
internal_weight=240.724 191.888 48.8361 27.14 18.2866 21.6961 16.1664 12.3471 8.85334 185.75 9.07826 176.672 38.9847 137.687 13.5413 6.13771
internal_count=1497 1122 375 232 167 143 110 77 65 1062 52 1010 223 787 130 60
is_linear=0
shrinkage=0.03


Tree=272
num_leaves=12
num_cat=0
split_feature=20 126 187 187 191 143 218 92 60 19 111
split_gain=1.39028 2.65856 2.23926 2.45121 3.26736 2.42802 2.30443 3.83467 2.93731 2.04398 2.02868
threshold=20.315000000000001 66.031560119047626 4.9350000000000032 2.1849999999999956 -2.7450000000000006 11.46509152847465 0.89538522335930237 0.045135191376000007 6.1854138267720007 20.475000000000005 0.32775000000000004
decision_type=2 2 2 2 2 2 2 2 2 2 2
left_child=2 -2 3 6 -5 9 8 -8 -1 -4 -6
right_child=1 -3 5 4 10 -7 7 -9 -10 -11 -12
leaf_value=0.0024987985865156099 -0.026022476629213032 0.0068526849271048421 0.0044244705317820383 -0.037042555336831859 0.013849030071761626 -0.0094684783976206645 0.010646321125068421 -0.0050896848130790031 0.026279663563903544 0.033376024750806789 -0.017973500120892459
leaf_weight=97.835061019286513 4.9485884085297567 3.6785148829221725 4.3730622380971891 3.6126290485262871 3.4825457073748094 3.0789045989513388 16.320993706583977 89.443880749866366 4.854281321167945 5.0194058641791344 3.4862823113799095
leaf_count=611 31 23 29 25 25 21 116 533 29 32 22
internal_value=0 -0.0117432 0.000454124 -0.000239024 -0.0142648 0.0127716 0.000465058 -0.0026253 0.00367662 0.0204011 -0.00167542
internal_weight=240.134 8.6271 231.507 219.036 10.5815 12.4714 208.454 105.765 102.689 9.39247 6.96883
internal_count=1497 54 1443 1361 72 82 1289 649 640 61 47
is_linear=0
shrinkage=0.03


Tree=273
num_leaves=6
num_cat=0
split_feature=193 193 166 64 216
split_gain=1.47308 1.75758 1.50087 1.70552 2.18958
threshold=-7.6899999999999986 -7.1899999999999986 2.0027309176013106 2.4620499848500006 0.57916666666666672
decision_type=2 2 2 2 2
left_child=-1 -2 3 -3 -5
right_child=1 2 -4 4 -6
leaf_value=0.023011348665134997 -0.02320870689319798 0.01636956967564128 -0.019896324249489131 0.0009341478172135429 -0.0088019796535570675
leaf_weight=2.3802805393934241 2.8586749732494345 5.7315649390220633 3.2422275692224494 202.52526524476707 23.061010003089905
leaf_count=18 18 36 23 1278 124
internal_value=0 -0.000228553 4.85015e-05 0.000349495 -5.13137e-05
internal_weight=239.799 237.419 234.56 231.318 225.586
internal_count=1497 1479 1461 1438 1402
is_linear=0
shrinkage=0.03


Tree=274
num_leaves=16
num_cat=0
split_feature=25 206 101 161 206 163 113 3 150 178 181 189 206 2 3
split_gain=1.42669 1.56253 3.95678 3.54362 3.32109 3.14126 3.2522 3.04252 4.35237 3.01104 2.933 2.86075 2.65509 2.49876 2.42914
threshold=0.20360000000000003 0.9265675907627916 34027997.705000006 17.066115157797721 0.96191244667037668 0.14158577363099326 0.47085000000000005 -0.69499999999999984 25.416052716187636 0.27281712984934098 0.79845990296235458 -2.9250000000000003 0.97980239385954671 -2.8249999999999997 -1.4349999999999998
decision_type=2 2 2 2 2 2 2 2 2 2 2 2 2 2 2
left_child=-1 2 3 13 7 6 -4 14 -9 -7 11 -6 -12 -2 -3
right_child=1 4 5 -5 10 9 -8 8 -10 -11 12 -13 -14 -15 -16
leaf_value=0.019932825148189236 0.03819156719207252 -0.013436870429896162 -0.034417664810612141 -0.012497470053268307 -0.0069104422429064763 0.021253574604302911 -0.0028307089113754381 -0.028778152003299133 0.0071864566172702461 -0.0037703974051689695 0.01817209816425313 0.0044860110023581378 -0.010011578809040189 0.01224349766731341 0.022949088482177422
leaf_weight=3.0921918004751197 4.4292102605104509 3.1285491362214088 4.5151016004383591 3.8816763125360003 24.678427781909704 6.568729534745219 8.7707042694091779 11.715386908501385 3.8619335889816275 11.870145242661236 3.1409461125731459 96.684824965894222 33.863019287586212 16.2835364472121 3.1980403363704708
leaf_count=24 33 20 29 30 151 40 52 67 23 78 20 584 216 110 20
internal_value=0 -0.000257589 0.00408477 0.0131126 -0.00163235 -0.00283897 -0.0139664 -0.0125545 -0.0196815 0.00504897 -9.57975e-05 0.00214014 -0.00749593 0.0180932 0.00456003
internal_weight=239.682 236.59 56.3191 24.5944 180.271 31.7247 13.2858 21.9039 15.5773 18.4389 158.367 121.363 37.004 20.7127 6.32659
internal_count=1497 1473 372 173 1101 199 81 130 90 118 971 735 236 143 40
is_linear=0
shrinkage=0.03


Tree=275
num_leaves=16
num_cat=0
split_feature=195 106 3 214 56 129 109 216 214 108 23 88 125 96 54
split_gain=1.42148 2.94414 2.63334 2.72743 3.20607 3.12903 2.25313 2.45739 3.29449 5.24019 3.14398 2.90034 3.32353 3.01746 1.38497
threshold=2.2537021259331387 0.42025000000000007 0.39500000000000007 0.26250410392317602 12.766545548400002 2.6888518518518523 0.62500000000000011 0.48750000000000004 0.23216586251640112 0.079150000000000012 0.10490000000000001 22.83592450435 17.500000000000004 1.3260343611500012 46.420000000000009
decision_type=2 2 2 2 2 2 2 2 2 2 2 2 2 2 2
left_child=6 2 3 5 -5 -2 7 8 10 -10 -1 12 -9 -13 -4
right_child=1 -3 14 4 -6 -7 -8 11 9 -11 -12 13 -14 -15 -16
leaf_value=0.0043362636474931085 0.0028327549009831794 -0.028212015939775383 0.0006207423346211398 -0.010984602011261177 0.022752679767439478 -0.021538134438336763 0.022129966041011258 0.0051591756593235604 0.022103578365005642 -0.0042638560884001456 -0.016195057397865441 -0.0038719910480695813 -0.0063469565114049132 -0.024635085806046939 0.027671640617740027
leaf_weight=26.679499834775925 7.1783073619008126 4.332026954740285 3.8342619948089114 4.6737599298357946 5.167081143707037 12.704270709306 4.375269651412963 59.835452456027269 18.985351553186778 10.216097608208655 8.8389265500009042 24.287485897541046 36.069864206016064 8.6714815273880941 3.3558848947286606
leaf_count=178 44 28 26 27 33 83 32 347 144 75 62 140 211 48 19
internal_value=0 -0.00504828 -0.00217996 -0.00619513 0.00647856 -0.0126191 0.00106734 0.000564627 0.00534134 0.0127935 -0.000719949 -0.00181341 0.000798383 -0.00948349 0.0138642
internal_weight=239.205 41.2456 36.9136 29.7234 9.84084 19.8826 197.959 193.584 64.7199 29.2014 35.5184 128.864 95.9053 32.959 7.19015
internal_count=1497 260 232 187 60 127 1237 1205 459 219 240 746 558 188 45
is_linear=0
shrinkage=0.03


Tree=276
num_leaves=8
num_cat=0
split_feature=9 11 16 177 162 206 45
split_gain=1.38694 2.58472 1.94401 2.07048 2.96373 2.37332 1.85002
threshold=79.875000000000014 21.185000000000006 26.250000000000004 1.0466281438624037 0.045794333965606122 0.9265675907627916 2.5950000000000002
decision_type=2 2 2 2 2 2 2
left_child=1 2 3 5 -5 -1 -2
right_child=6 -3 -4 4 -6 -7 -8
leaf_value=0.0053437198218808145 0.030806393475496574 -0.023811528506311231 -0.019524063038704964 0.022747502063977663 0.002260337659793752 -0.0027006098386712961 0
leaf_weight=42.625282812863588 2.9343534372746936 4.0615155622363082 4.3773322179913512 8.195976918563245 29.168694846332073 143.54323895461857 3.7547156773507595
leaf_count=281 20 27 29 59 184 873 24
internal_value=0 -0.000380271 3.43921e-05 0.000439369 0.00688301 -0.000840788 0.013376
internal_weight=238.661 231.972 227.911 223.533 37.3647 186.169 6.68907
internal_count=1497 1453 1426 1397 243 1154 44
is_linear=0
shrinkage=0.03


Tree=277
num_leaves=13
num_cat=0
split_feature=193 188 181 115 81 96 186 109 127 132 170 196
split_gain=1.38884 1.63022 2.63478 3.29398 4.05883 3.08687 3.02438 2.70111 2.34834 3.12405 2.88265 2.68427
threshold=-7.6899999999999986 -1.4250000000000005 0.069228431144465488 0.14040000000000002 0.78822326885000005 0.11728319030000006 -11.535000000000002 0.40835000000000005 14.311800000000002 1.3358000000000001 -1.6525485935055892 2.7352063011718335
decision_type=2 2 2 2 2 2 2 2 2 2 2 2
left_child=-1 2 3 6 -5 7 -2 -4 -3 10 -10 -11
right_child=1 8 5 4 -6 -7 -8 -9 9 11 -12 -13
leaf_value=0.022520143031993529 0.013609661105936421 0.027197161792912223 0.0171555343155891 -0.0064499803038030844 0.030740738938243865 -0.031461960353342949 -0.011088808624953508 -0.0088046829608903459 -0.037178903418744337 0.0035493608057984073 -0.002774765126099457 -0.0085096496715617777
leaf_weight=2.3416875563561907 5.9964416511356822 3.0325115323066703 3.9035950601100913 4.1663415208458883 6.4916721694171429 4.8258886486291876 16.016290783882145 32.019287269562483 3.4330200180411339 131.03191963583231 6.3916318863630277 18.817357573658228
leaf_count=18 40 21 26 26 38 32 97 189 20 826 41 123
internal_value=0 -0.000221974 -0.00394071 0.00233059 0.0159988 -0.00903563 -0.00419396 -0.00586062 0.00143903 0.000914341 -0.0153523 0.00201038
internal_weight=238.468 236.126 73.4195 32.6707 10.658 40.7488 22.0127 35.9229 162.706 159.674 9.82465 149.849
internal_count=1497 1479 448 201 64 247 137 215 1031 1010 61 949
is_linear=0
shrinkage=0.03


Tree=278
num_leaves=7
num_cat=0
split_feature=204 111 16 3 144 45
split_gain=1.36192 2.25011 1.92209 1.85451 1.92246 1.91784
threshold=1.2132395100855802 0.18605000000000002 26.025000000000002 1.6900000000000002 26.026756522688853 3.1150000000000007
decision_type=2 2 2 2 2 2
left_child=2 -2 3 4 5 -1
right_child=1 -3 -4 -5 -6 -7
leaf_value=0.0025391331975764542 0.0040987567273986798 -0.027591816967297175 -0.016094397249427423 0.022386471885568106 0.021754921298310199 -0.0031751990932889405
leaf_weight=126.90569819137454 3.6184983290731898 4.0330741852521896 6.0506976805627337 3.4620911963284007 3.6775274127721778 90.36015304364264
leaf_count=805 22 28 39 24 22 557
internal_value=0 -0.0123585 0.000425866 0.000891639 0.000531277 0.000148392
internal_weight=238.108 7.65157 230.456 224.405 220.943 217.266
internal_count=1497 50 1447 1408 1384 1362
is_linear=0
shrinkage=0.03


Tree=279
num_leaves=11
num_cat=0
split_feature=9 184 201 187 184 138 183 218 121 218
split_gain=1.34255 2.06188 1.87685 3.27512 2.60334 2.19541 2.19134 2.13572 3.39165 3.03606
threshold=79.875000000000014 0.11707433909945128 1.3674361307244467 -0.83499999999999719 0.17327155104210054 4.272718947628853 0.0021399509467564114 0.89241282725760818 14267.445000000002 1.131391705656321
decision_type=2 2 2 2 2 2 2 2 2 2
left_child=2 -2 6 4 5 -4 -1 8 -8 -9
right_child=1 -3 3 -5 -6 -7 7 9 -10 -11
leaf_value=-0.034965349131041795 0.028710187008346554 -0.003792830182189076 -0.0030540697222899474 0.010425035794410346 0.0041692103458113219 -0.034458267226527534 0.0051907925363749857 -0.0061821232712966504 -0.017505807967142753 0.0041439480966675339
leaf_weight=1.4607267603278149 3.5222325995564452 3.0948705952614546 3.1470216736197489 5.1347508244216433 3.5111491382122031 6.8811951987445354 96.927541295066476 67.092926848679781 6.1639840751886359 41.007161103188992
leaf_count=9 23 21 23 34 21 44 604 417 42 259
internal_value=0 0.0132315 -0.000373661 -0.00947306 -0.0172604 -0.0250268 0.000415381 0.000690727 0.00378901 -0.00223705
internal_weight=237.944 6.6171 231.326 18.6741 13.5394 10.0282 212.652 211.192 103.092 108.1
internal_count=1497 44 1453 122 88 67 1331 1322 646 676
is_linear=0
shrinkage=0.03


Tree=280
num_leaves=12
num_cat=0
split_feature=37 207 6 66 7 69 114 111 39 109 48
split_gain=1.3386 2.66715 1.70859 3.41281 3.12591 2.50722 2.4094 3.49921 2.87837 2.38858 2.01365
threshold=4.8029999999999999 0.98024451959955405 58.110000000000007 1.5580543305500001 15.750000000000002 0.99060696840000007 0.31305000000000011 -0.33664999999999995 12.400000000000002 0.55835000000000012 331.50000000000006
decision_type=2 2 2 2 2 2 2 2 2 2 2
left_child=1 -1 3 5 9 -2 7 -6 -8 10 -4
right_child=2 -3 4 -5 6 -7 8 -9 -10 -11 -12
leaf_value=0.026591103278863413 0 -0.007393219022106246 -0.0010107581388167492 -0.012087483211887694 0.016264036913771648 0.033765308674231859 0.012717009340625548 -0.0054341942920815593 0.00057212337618613867 0.0082964172743731114 -0.024534468660269992
leaf_weight=4.6693745590746385 3.4081879667937738 3.4296461306512356 5.0263926088810029 3.9699966609477988 7.1435404401272526 5.2235861532390118 22.082768321037292 80.40584484115243 87.324180753901601 3.8196968771517268 11.098247930407522
leaf_count=39 27 22 37 24 52 33 129 487 550 24 73
internal_value=0 0.0119194 -0.000416789 0.010256 -0.00105513 0.0208966 7.83568e-05 -0.00361298 0.00306022 -0.0123429 -0.017438
internal_weight=237.601 8.09902 229.502 12.6018 216.901 8.63177 196.956 87.5494 109.407 19.9443 16.1246
internal_count=1497 61 1436 84 1352 60 1218 539 679 134 110
is_linear=0
shrinkage=0.03


Tree=281
num_leaves=21
num_cat=0
split_feature=133 105 107 93 168 118 133 218 153 92 105 207 186 168 191 133 61 32 133 48
split_gain=1.33999 3.8404 2.72421 2.58914 2.34492 3.02893 2.1907 2.83484 2.46964 3.22139 2.33728 4.38233 4.10285 2.79657 4.40687 3.69822 1.88257 1.80639 1.67861 0.722415
threshold=67.523896608333345 0.57500000000000007 0.63050000000000017 0.087863788800000023 -0.41179445779399987 2075.9100000000003 238.07338093260003 1.1748366287350944 0.035246675033375745 0.57065609728800004 0.62500000000000011 0.95435962017853282 -5.2849999999999921 -0.64462993007855618 0.55999999999999972 89.928286564659103 4.5111414983500007 0.47279411764705886 48.763819560177872 332.50000000000006
decision_type=2 2 2 2 2 2 2 2 2 2 2 2 2 2 2 2 2 2 2 2
left_child=1 3 19 -1 5 -5 10 8 17 -10 13 -12 -13 14 -2 -15 -9 -8 -6 -3
right_child=6 2 -4 4 18 -7 7 16 9 -11 11 12 -14 15 -16 -17 -18 -19 -20 -21
leaf_value=-0.015987351365571421 0.0058227542273799225 -0.010074354002141555 0.0082623707344626207 0.021967398474433377 0.0053628851730359653 -0.0027822133266870754 0.0298889865177971 0.030501885097026567 0.002659568574816998 -0.016621351465461964 0.029987145975441647 -0.027972507090375298 0.0088975055341843079 -0.021183666872514079 -0.017162176547540851 -0.0046876142519625703 0 -0.00039675473721528771 0.034042774905247035 -0.031422233765957409
leaf_weight=2.8360087275505093 36.226741747930646 3.5176110975444299 4.3252320177853107 7.0938933752477231 2.9794429652392846 11.172081649303435 4.171588907018303 5.2768481634557229 36.257906015962362 9.791977968066929 5.1398875676095512 3.8629613183438787 8.4211521670222247 15.936283156275747 9.3443906381726247 55.427635407075286 2.7893674746155739 2.697773240506649 6.4780042096972466 3.4874246902763844
leaf_count=20 230 21 27 44 21 68 29 36 232 59 35 24 58 93 60 338 19 21 43 19
internal_value=0 0.00487195 -0.00985166 0.0104431 0.0133024 0.00673364 -0.00103491 0.00365395 0.00105324 -0.00140242 -0.00318663 0.00696715 -0.00258694 -0.0047299 0.00101673 -0.00843782 0.020127 0.0177295 0.0254721 -0.0214172
internal_weight=237.234 41.8897 11.3303 30.5594 27.7234 18.266 195.345 60.9855 52.9192 46.0499 134.359 17.424 12.2841 116.935 45.5711 71.3639 8.06622 6.86936 9.45745 7.00504
internal_count=1497 263 67 196 176 112 1234 396 341 291 838 117 82 721 290 431 55 50 64 40
is_linear=0
shrinkage=0.03


Tree=282
num_leaves=11
num_cat=0
split_feature=25 175 21 206 206 101 37 181 3 200
split_gain=1.34505 1.46426 3.40287 1.82418 3.22139 3.19356 3.20922 3.04749 2.83295 2.8044
threshold=0.20360000000000003 1.3848103524932345 0.45255000000000006 0.9265675907627916 0.96191244667037668 99921409.670000017 14.600000000000003 0.79845990296235458 -0.69499999999999984 1.1664253265250923
decision_type=2 2 2 2 2 2 2 2 2 2
left_child=-1 3 -3 5 8 6 -2 -6 -5 -7
right_child=1 2 -4 4 7 9 -8 -9 -10 -11
leaf_value=0.019555175677193209 0.020455120668022068 -0.035159666335358858 0.0027042438226218845 0.0044314044332835383 0.0025977212332669959 -0.011458215854930802 0.0017016236103073244 -0.0075041248799637911 -0.019165948511274174 0.014671090565245208
leaf_weight=3.0269613042473784 15.847845112904904 3.4175198264420015 5.0787791647017002 6.2339161075651672 116.30876103788614 14.151652846485378 17.762547761201859 34.820248298346996 15.137665992602704 4.8226521722972384
leaf_count=24 109 24 36 40 708 87 127 226 88 28
internal_value=0 -0.000251462 -0.0124088 0.000199427 -0.00127824 0.00509698 0.0106676 0.000246987 -0.0121545 -0.00461762
internal_weight=236.609 233.582 8.4963 225.085 172.501 52.5847 33.6104 151.129 21.3716 18.9743
internal_count=1497 1473 60 1413 1062 351 236 934 128 115
is_linear=0
shrinkage=0.03


Tree=283
num_leaves=15
num_cat=0
split_feature=195 211 25 19 1 16 109 195 153 214 204 21 95 21
split_gain=1.33108 2.92596 2.90797 3.54891 3.54641 2.80199 2.20285 2.22677 2.24939 2.68567 2.5793 2.11956 1.74187 1.55959
threshold=2.2537021259331387 0.08668015748189252 0.51855000000000018 17.475000000000005 105.71500000000002 21.225000000000005 0.62500000000000011 2.1637840370018977 0.12884623316344404 0.21826758082694725 1.1518734489584486 0.68435000000000012 2018.5000000000002 0.35800000000000004
decision_type=2 2 2 2 2 2 2 2 2 2 2 2 2 2
left_child=6 2 3 13 11 -5 7 8 10 -10 -1 -4 -3 -2
right_child=1 12 4 5 -6 -7 -8 -9 9 -11 -12 -13 -14 -15
leaf_value=-6.2309803380043239e-05 -0.023745449500554142 -0.034046261091179045 -0.026864083234603035 0.037512742879334302 0.014865584334328103 0.0046456396021478949 0.022067318224538189 0.021966686565617937 -0.013551567991478823 0.016111216451759967 -0.015875937719949041 -0.0013305392901403171 -0.0037214241129481162 0.0049917649859590723
leaf_weight=160.18326223641634 3.1972991134971407 4.3096663877367964 7.9804265797138232 4.2274012453854066 3.8439253941178313 5.6717821359634399 4.2896040119230738 4.1680759899318209 3.2213295288383987 14.008600372821091 9.7807120196521264 5.0062711387872696 3.2190232649445534 3.1736519634723663
leaf_count=975 23 27 49 24 24 35 32 24 26 116 64 33 24 21
internal_value=0 -0.00492349 -0.000965244 0.00795301 -0.00975975 0.0192162 0.00103737 0.000539011 3.44096e-05 0.0103461 -0.000998758 -0.0173357 -0.0216923 -0.00911065
internal_weight=236.281 40.6294 33.1008 16.2701 16.8306 9.89918 195.652 191.362 187.194 17.2299 169.964 12.9867 7.52869 6.37095
internal_count=1497 260 209 103 106 59 1237 1205 1181 142 1039 82 51 44
is_linear=0
shrinkage=0.03


Tree=284
num_leaves=22
num_cat=0
split_feature=134 134 200 164 7 6 192 15 200 18 34 170 54 15 94 54 200 96 195 111 128
split_gain=1.31863 3.59908 3.18625 3.13331 3.08099 2.96999 2.96516 2.79505 2.84074 2.74494 3.56857 3.48707 3.2842 2.45348 2.3597 2.05628 2.1545 2.01676 1.88841 1.02099 0.162722
threshold=38.165626257500001 53.92702138500001 1.3088175883072781 -0.28661861268925981 26.475000000000005 70.540000000000006 0.74500000000000111 63.525000000000013 0.97733515309554297 62.975000000000001 0.30990000000000001 -0.57881804432053741 20.640000000000004 68.560000000000016 -0.12874330334999998 38.515000000000008 0.78740170671169507 0.29338065512500017 1.0930368128418977 -0.13235 57.878358926107332
decision_type=2 2 2 2 2 2 2 2 2 2 2 2 2 2 2 2 2 2 2 2 2
left_child=9 2 7 6 13 14 18 17 -9 12 11 -11 -1 -5 -4 20 -17 -2 -3 -6 -14
right_child=1 3 5 4 19 -7 -8 8 -10 10 -12 -13 15 -15 -16 16 -18 -19 -20 -21 -22
leaf_value=0.010504552114182905 0.033860042389258056 -0.027323724444024734 -0.03387237815539481 0.002483710716771378 0.0050052422571044176 0.018188473151928189 0.011685251453888426 0.00052005182859535856 0.02897711665083319 -0.0043408143670787989 -0.015157540266940835 0.036242832999638513 -0.024549907224932596 -0.0059318915313124219 0 0.010040594497940317 -0.023948780159968916 0.0041117711486263354 -0.007482164424822837 0.031621086875498396 -0.040747710304450645
leaf_weight=3.6545108482241693 7.929571311920883 8.2420748360455089 3.3513870425522327 89.948733143508434 2.5528060235083103 3.2500722035765648 3.8762341737747184 15.356981704011561 3.9525384940206996 3.2666475251317024 4.6925858408212662 4.0540777854621393 3.6882091145962459 47.509042412042618 4.1624964252114278 2.9344111420214176 3.4770039618015289 3.1204513236880302 10.334288565441964 3.539819572120904 2.9564176574349403
leaf_count=24 48 55 20 576 17 24 25 98 24 20 28 24 24 286 26 23 21 20 73 25 16
internal_value=0 0.000846216 0.00878835 -0.00110731 0.000505507 -0.00499876 -0.0115084 0.0137754 0.00661888 -0.00600206 0.00473015 0.0179149 -0.0138782 -0.000405333 -0.0155294 -0.0209592 -0.00801632 0.0258406 -0.0165454 0.0212144 -0.0326989
internal_weight=235.85 207.126 41.1235 166.003 143.55 10.764 22.4526 30.3595 19.3095 28.7239 12.0133 7.32073 16.7106 137.458 7.51388 13.056 6.41142 11.05 18.5764 6.09263 6.64463
internal_count=1497 1317 260 1057 904 70 153 190 122 180 72 44 108 862 46 84 44 68 128 42 40
is_linear=0
shrinkage=0.03


Tree=285
num_leaves=17
num_cat=0
split_feature=36 86 52 66 183 60 217 214 183 29 29 9 44 18 29 163
split_gain=1.32665 2.88957 2.23635 2.35743 2.22107 4.55419 2.17703 5.75556 3.89988 3.01262 3.05621 2.85812 2.05444 2.5515 2.45413 1.60433
threshold=0.52705220883534143 -1.1004679551499998 8.5387000000000022 3.5801583755000004 0.15865580568947166 0.21993915798400002 0.17880210110783662 0.28451401352201133 0.16308267386192929 0.68670411853399704 0.43595000000000006 79.875000000000014 39.785000000000004 69.935000000000016 0.5633621777283514 0.17718386036626857
decision_type=2 2 2 2 2 2 2 2 2 2 2 2 2 2 2 2
left_child=2 -2 6 4 15 -6 7 11 -9 10 -8 -1 13 14 -3 -4
right_child=1 12 3 -5 5 -7 9 8 -10 -11 -12 -13 -14 -15 -16 -17
leaf_value=-0.0011987628849602263 -0.013125042353744483 0.023415938743105182 -0.01206883640542133 0.0087741431640118179 0.023226713058063637 -0.021444670319305317 0.0046121233841851395 0.024868121769588431 -0.0053966670324325236 0.016450275954698387 -0.018956052701502621 0.023138118705137767 0.029375191358330291 -0.017922849313218504 -0.0032882401389881075 -0.034872142700077623
leaf_weight=133.79090697318316 5.1109652891755131 7.2735452763736266 8.0873785614967399 5.1443262323737136 3.6781114637851697 4.3887738436460495 6.8559822812676492 14.454948224127294 4.9551788661628953 3.8413451090455046 15.915654268115757 4.3843314908444873 4.5808906853198996 2.9827806428074828 4.9988228604197502 4.8941205386072388
leaf_count=837 28 46 56 31 20 28 45 108 40 26 96 30 26 17 29 34
internal_value=0 0.00653763 -0.000765863 -0.00895535 -0.0134514 -0.000674329 0.000386618 0.00174353 0.017 -0.00751228 -0.0117399 -0.000388677 0.0117948 0.00616341 0.0123576 -0.021096
internal_weight=235.338 24.947 210.391 26.1927 21.0484 8.06689 184.198 157.585 19.4101 26.613 22.7716 138.175 19.836 15.2551 12.2724 12.9815
internal_count=1497 146 1351 169 138 48 1182 1015 148 167 141 867 118 92 75 90
is_linear=0
shrinkage=0.03


Tree=286
num_leaves=20
num_cat=0
split_feature=0 0 207 30 194 36 204 55 192 93 18 141 30 115 163 30 51 36 101
split_gain=1.29845 2.50399 2.3625 2.62909 2.605 2.65996 2.33133 2.24498 2.08047 2.72213 2.06447 2.49857 3.03812 2.93286 1.96246 1.66503 1.6616 1.4947 0.174264
threshold=20240265.000000004 20230527.500000004 0.79399294055568814 -0.31275115812476195 8.1831099530637097 0.50902008032128532 0.96801662388577392 3.0150000000000001 -1.4399999999999993 1.0867049519 57.565000000000005 0.87325785977840897 -0.088470103278887047 0.88485000000000003 0.18927295670836022 0.56815000000000004 30.169950000000004 0.43800000000000006 74739694.700000003
decision_type=2 2 2 2 2 2 2 2 2 2 2 2 2 2 2 2 2 2 2
left_child=1 2 3 6 5 -4 -1 8 17 -10 16 15 14 -14 -13 -12 -2 -3 -9
right_child=10 7 4 -5 -6 -7 -8 18 9 -11 11 12 13 -15 -16 -17 -18 -19 -20
leaf_value=0.020628989536398221 0 0.0028743861904525609 -0.0027390202348406586 0.029813977372809965 -0.02486120298453303 0.0063895102680383035 -0.0092111681622595813 -0.032018575228195137 0.019396216449016058 -0.018233168462935552 0.0034974209770087588 0.0026191010030675262 0.014901256577884617 -0.017035769774749521 -0.026962071653358718 -0.02229444237638508 0.031134668460833965 -0.026688239674510384 -0.013799343396708998
leaf_weight=3.7578231915831548 2.4870181977748862 2.0472385250031957 111.21059338375926 4.7176053822040549 3.9226899333298197 38.574029453098774 5.8538159132003784 3.8527062200009814 4.8272004015743741 2.5110042616724968 3.446069333702324 4.3048411756753913 21.44439513236285 2.7726052477955809 3.4293634630739689 5.4606427699327469 4.1876360476016998 4.4172288831323385 1.5877311900258062
leaf_count=22 18 14 628 28 26 210 36 44 29 19 32 32 183 17 21 29 43 48 18
internal_value=0 -0.00111368 4.51455e-05 0.0116689 -0.00102585 -0.00036544 0.00223869 -0.0113359 -0.00456191 0.00604476 0.00443336 0.00180453 0.00578697 0.0110664 -0.0102911 -0.0120543 0.0198183 -0.0169678 -0.027588
internal_weight=234.812 187.28 168.037 14.3292 153.707 149.785 9.61164 19.2431 13.8027 7.3382 47.5326 40.8579 31.9512 24.217 7.7342 8.90671 6.67465 6.46447 5.44044
internal_count=1497 1122 950 86 864 838 58 172 110 48 375 314 253 200 53 61 61 62 62
is_linear=0
shrinkage=0.03


Tree=287
num_leaves=10
num_cat=0
split_feature=21 151 201 46 93 89 208 106 13
split_gain=1.29772 1.50738 1.89794 4.26945 5.15977 3.84472 2.98297 2.791 1.8264
threshold=0.17605000000000001 0.075615181399996054 0.95109066003053322 0.45695000000000002 1.9316891473500004 1.4425070701500002 -0.31585831153560079 0.28360000000000002 20.625000000000004
decision_type=2 2 2 2 2 2 2 2 2
left_child=-1 8 3 4 -3 -5 -4 -8 -2
right_child=1 2 6 5 -6 -7 7 -9 -10
leaf_value=0.01548068113215246 0.03374711114089668 0.0051621858739590125 -0.028966601531683286 -0.01920357293426252 -0.014385735040718405 0.0031186043981642933 -0.0024576592355726643 0.0066355639878654931 -0.00038520561190726364
leaf_weight=4.6797277219593516 2.4574040211737147 51.404253019019961 2.6658767610788336 23.287927158176899 15.791528075933455 9.535529673099516 55.27344324067235 66.355859851464629 2.7663702107965946
leaf_count=36 22 335 17 146 101 56 341 421 22
internal_value=0 -0.000312898 -0.00069984 -0.00378368 0.000509144 -0.0126379 0.00175863 0.00247995 0.0154403
internal_weight=234.218 229.538 224.314 100.019 67.1958 32.8235 124.295 121.629 5.22377
internal_count=1497 1461 1417 638 436 202 779 762 44
is_linear=0
shrinkage=0.03


Tree=288
num_leaves=15
num_cat=0
split_feature=21 103 82 218 218 15 19 111 165 8 18 217 187 45
split_gain=1.29912 2.34862 4.4038 1.97258 3.64665 3.72899 3.37599 2.68159 2.87757 2.50725 1.91908 1.59846 2.03285 1.175
threshold=0.87675000000000014 1.9100000000000004 0.35566544950000006 0.94303199417075889 1.131391705656321 59.660000000000004 22.875000000000004 -0.19599999999999998 1.7882324276045785 14.56 62.660000000000004 0.2332013577002652 -3.4100000000000033 2.3150000000000004
decision_type=2 2 2 2 2 2 2 2 2 2 2 2 2 2
left_child=1 3 -3 7 6 -6 -5 9 -9 -1 13 12 -2 -4
right_child=11 2 10 4 5 -7 -8 8 -10 -11 -12 -13 -14 -15
leaf_value=0.0073622163968084112 -0.028960349637913448 -0.020310656297595812 0.013595481221488941 -0.012653639833296966 0.027985834279897502 -0.00050643028164840782 0.011951293456330711 0.0055998435415512398 -0.019058171361130385 -0.012122391435435071 0.0050572480389139531 0.0071722122514222726 0.0020678421212265005 0.040661669268824849
leaf_weight=8.3034146279096621 4.9114815182983875 2.9240373820066443 3.0636034533381444 40.246134340763092 4.5862182006239882 33.552552821114659 5.5276048183441153 92.056075556203723 4.3211106918752185 19.219697076827288 5.2146183326840401 3.119792003184557 2.7649350240826589 4.0906319096684456
leaf_count=54 37 19 17 254 36 210 35 573 31 128 37 21 19 26
internal_value=0 0.000502545 0.0118149 -0.000320784 -0.00388232 0.00290556 -0.00959739 0.00206829 0.00444459 -0.00613013 0.0197521 -0.010106 -0.0175158 0.0298321
internal_weight=233.902 223.106 15.2929 207.813 83.9125 38.1388 45.7737 123.9 96.3772 27.5231 12.3689 10.7962 7.67642 7.15424
internal_count=1497 1420 99 1321 535 246 289 786 604 182 80 77 56 43
is_linear=0
shrinkage=0.03


Tree=289
num_leaves=11
num_cat=0
split_feature=146 46 150 6 11 217 168 0 203 187
split_gain=1.28022 3.528 1.81517 1.56052 2.59295 1.89798 2.65267 2.17498 1.41112 1.33586
threshold=43.025670078267019 0.19073483235536889 36.885206780769117 80.265000000000015 21.315000000000001 -0.1395399528028842 0.87572898978405855 20210812.000000004 -0.067530224954132009 -5.1349999999999971
decision_type=2 2 2 2 2 2 2 2 2 2
left_child=1 2 -1 4 5 6 -2 -7 -5 -3
right_child=3 9 -4 8 -6 7 -8 -9 -10 -11
leaf_value=0.011404972611991384 0.020028722430671084 0.0051008336115765922 -0.01689764748759939 -0.00073507233153512598 -0.025827746578249447 0.0024134321685512199 -0.013476724721659183 -0.0039641862219508481 0.026836965866141111 0.03211361759339415
leaf_weight=3.2263980954885501 8.2357976548373681 2.9635079391300678 4.9289466515183449 2.798757903277874 3.6382744852453461 82.448390565812588 2.6656162180006495 114.25249079242349 3.3970829993486396 4.8823730014264575
leaf_count=27 65 24 33 18 27 447 19 780 22 35
internal_value=0 0.00817258 -0.00533471 -0.000594092 -0.0010455 -0.000584518 0.0115152 -0.00127586 0.0140919 0.0224806
internal_weight=233.438 16.0012 8.15534 217.436 211.241 207.602 10.9014 196.701 6.19584 7.84588
internal_count=1497 119 60 1378 1338 1311 84 1227 40 59
is_linear=0
shrinkage=0.03


Tree=290
num_leaves=22
num_cat=0
split_feature=24 110 205 196 55 205 49 167 33 113 214 118 218 92 14 45 202 20 114 2 162
split_gain=1.29339 3.12142 3.23388 3.85056 3.0362 2.6659 2.57683 2.50895 2.94806 4.01095 3.30829 5.18313 3.32496 3.20926 2.70154 2.4285 2.37961 2.34905 2.12434 1.80543 2.1876
threshold=0.43552631578947371 0.26485000000000009 0.98561696085830486 0.66457461731472012 1.6250000000000002 0.9332335329341318 20230805.500000004 2.3313281157945194 0.54440000000000011 0.54585000000000006 0.28451401352201133 5054.1100000000006 0.9408268165787198 2.7520307948760006 19.060000000000006 1.9550000000000003 0.82211143772675521 14.56 0.33325000000000005 0.59500000000000008 0.15736702975837288
decision_type=2 2 2 2 2 2 2 2 2 2 2 2 2 2 2 2 2 2 2 2 2
left_child=1 4 3 18 -1 -5 16 8 9 13 12 -12 -10 -2 -11 -9 -6 -4 -3 20 -17
right_child=7 2 17 5 6 -7 -8 15 10 14 11 -13 -14 -15 -16 19 -18 -19 -20 -21 -22
leaf_value=0.015183612214177269 -0.0011337360376288902 0.0036525076182052159 0.035632572495446831 0.023046559488009127 0 -0.0057567244134901635 0.0057912114903634765 -0.029409309319851296 -0.0036449145639707793 0.022714598815647063 0.018743455742477065 -0.011008840974646973 -0.022312458865277454 0.021163893152675712 -0.0065758229333399342 0.0035046012544369203 -0.033080860877207095 0.0060000206923788817 -0.023006600759488658 0.013435770266268259 -0.032264478127186129
leaf_weight=4.3428198881447342 87.671068999916315 4.8256668820977229 5.9823966771364194 9.0328517574816924 2.9784943424165231 3.96711566671729 4.0695944391190997 5.2037469744682303 22.461263209581375 12.896370232105257 10.443595737218859 10.337721724063156 14.357401486486195 6.1166696026921263 3.3887695930898181 2.9392991140484792 5.9820841271430254 4.5214933827519417 5.4855616763234138 3.3535024411976337 2.8183888979256153
leaf_count=33 544 32 34 65 21 26 30 33 143 81 74 62 90 37 21 21 38 31 35 24 22
internal_value=0 0.00421887 0.00955369 0.00314182 -0.00598847 0.014051 -0.0133353 -0.00117449 -0.000123812 0.00273502 -0.00563428 0.00381758 -0.0110463 0.000309515 0.0164335 -0.0131869 -0.022321 0.0233368 -0.0103267 -0.00337723 -0.0137441
internal_weight=233.176 51.1881 33.8151 23.3112 17.373 13 13.0302 181.988 167.673 110.073 57.6 20.7813 36.8187 93.7877 16.2851 14.3149 8.96058 10.5039 10.3112 9.11119 5.75769
internal_count=1497 345 223 158 122 91 89 1152 1052 683 369 136 233 581 102 100 59 65 67 67 43
is_linear=0
shrinkage=0.03


Tree=291
num_leaves=13
num_cat=0
split_feature=47 114 127 132 131 73 90 213 127 103 134 218
split_gain=1.25988 1.36106 2.84225 5.0318 4.16752 3.43258 3.59432 2.67014 3.26646 3.43592 3.14537 2.46353
threshold=0.20360000000000003 0.31305000000000011 29.129925000000004 2.6373250000000006 3.4642433114035094 0.72880097825000012 1.0920318433500003 -0.3825072650952534 20.853975000000002 -0.31219999999999992 73.965106635000026 0.80292437120913196
decision_type=2 2 2 2 2 2 2 2 2 2 2 2
left_child=-1 7 5 11 -5 -3 -7 -2 9 -9 -10 -4
right_child=1 2 3 4 -6 6 -8 8 10 -11 -12 -13
leaf_value=0.019127166694124953 0.022616933477520623 0.016394593424948811 0.034384178656443429 -0.026725030458856342 0.0023635184804242548 -0.029702735371428902 0.00016987566148026048 -0.0073822288656619616 -0.0028241700148552854 0.020654823319504273 -0.016572754492191203 0.0097373302554328977
leaf_weight=2.96189260482788 3.4586920458823434 3.5457233563065556 5.8977991119027164 4.5633665397763243 87.123389104381204 7.6801705285906774 6.415759265422821 6.5994921512901774 64.434109127148986 9.1007566563785058 19.763842241838574 10.966067411005495
leaf_count=24 25 26 35 26 565 43 43 43 396 64 137 70
internal_value=0 -0.000244246 0.00183141 0.0036678 0.000855521 -0.00925592 -0.0159895 -0.00280681 -0.00373878 0.00870764 -0.0061028 0.0186858
internal_weight=232.511 229.549 126.192 108.551 91.6868 17.6417 14.0959 103.357 99.8982 15.7002 84.198 16.8639
internal_count=1497 1473 808 696 591 112 86 665 640 107 533 105
is_linear=0
shrinkage=0.03


Tree=292
num_leaves=11
num_cat=0
split_feature=176 218 37 207 6 7 207 190 187 201
split_gain=1.2498 1.61498 1.56991 2.2077 1.93376 2.87554 2.40565 2.35326 2.21854 2.07116
threshold=-6.9861753225579211 1.0075989155016087 4.8029999999999999 0.98024451959955405 58.110000000000007 15.750000000000002 0.95811403508771942 -1.0499999999999987 2.0450000000000093 1.1005510097423168
decision_type=2 2 2 2 2 2 2 2 2 2
left_child=1 -1 3 -2 8 6 -6 -7 -4 -10
right_child=2 -3 4 -5 5 7 -8 -9 9 -11
leaf_value=-0.024686270714764511 0.027809030299158641 0.0053939722069426977 0.025775115388473501 -0.004474317176630189 -0.026832871899662117 -0.0018833883612983488 -0.0039193199707873516 0.0053274306471850809 -0.018376435474163441 0.016877477844412101
leaf_weight=3.9580095745623103 4.2552556060254565 2.3773656710982323 5.3563193120062333 3.0997478179633617 6.3482642248272922 128.94918318279088 12.662194360047577 59.325725715607405 2.9166106432676315 2.8708631321787834
leaf_count=32 37 19 34 21 44 818 86 365 21 20
internal_value=0 -0.013024 0.000383534 0.0139234 -6.48174e-05 -0.000735384 -0.0118283 0.000374449 0.0120372 -0.000389619
internal_weight=232.12 6.33538 225.784 7.355 218.429 207.285 19.0105 188.275 11.1438 5.78747
internal_count=1497 51 1446 58 1388 1313 130 1183 75 41
is_linear=0
shrinkage=0.03


Tree=293
num_leaves=20
num_cat=0
split_feature=133 105 107 202 212 117 133 218 153 127 49 1 207 0 101 128 51 61 29
split_gain=1.26701 3.61259 2.48148 2.44631 2.38691 2.28073 2.07845 2.56491 2.28724 3.34011 2.1895 4.09744 4.20369 2.77966 2.48758 1.99234 1.74183 1.73865 0.667711
threshold=67.523896608333345 0.57500000000000007 0.63050000000000017 1.1466930766132557 0.026757949675710827 0.49800000000000005 238.07338093260003 1.1748366287350944 0.035246675033375745 32.487475000000011 20201111.500000004 7.8950000000000005 1.2168430703407531 20201128.500000004 155431436.59500006 57.878358926107332 20.322600000000005 4.5111414983500007 0.45965000000000006
decision_type=2 2 2 2 2 2 2 2 2 2 2 2 2 2 2 2 2 2 2
left_child=1 3 18 4 -1 -5 10 8 16 -10 11 -2 -13 -12 -15 -6 -8 -9 -3
right_child=6 2 -4 5 15 -7 7 17 9 -11 13 12 -14 14 -16 -17 -18 -19 -20
leaf_value=-0.0056751060132113314 0.013731070612966771 -0.0088535816575199214 0.0077707629367705349 0.011068833098411593 0.025588606184684965 -0.022268493800802158 0.03391388245315944 0.029706871212810376 -0.014829371554810874 0.0035818362267585769 0.028582386237510575 -0.029911815251550181 0.0014056775821702804 0.00052503764463282662 -0.0096843583272252041 0.003197959607950736 0.0023035619650303273 0 -0.029873103317436159
leaf_weight=3.8742038607597413 4.1892748996615436 3.1131962537765485 4.2101953700184822 3.6573367975652209 13.564563207328321 3.439262043684721 3.0276903212070456 5.0973814427852622 11.967200655490158 33.034756228327751 2.5968329682946196 10.725504226982595 5.7035964876413336 79.186988929286599 29.129931472241879 5.3244066275656214 3.6269569583237171 2.73185770586133 3.6724175810813904
leaf_count=27 24 18 27 23 88 22 23 36 78 213 14 54 28 546 172 36 27 19 22
internal_value=0 0.00479976 -0.00970174 0.0102546 0.0150657 -0.00475568 -0.00101473 0.00361136 0.00110888 -0.0012697 -0.00313084 -0.0121031 -0.0189153 -0.00142651 -0.00219933 0.0194852 0.0174187 0.019522 -0.0209338
internal_weight=231.874 40.8556 10.9958 29.8598 22.7632 7.0966 191.018 59.4858 51.6566 45.002 131.532 20.6184 16.4291 110.914 108.317 18.889 6.65465 7.82924 6.78561
internal_count=1497 263 67 196 151 45 1234 396 341 291 838 106 82 732 718 124 50 55 40
is_linear=0
shrinkage=0.03


Tree=294
num_leaves=17
num_cat=0
split_feature=0 0 34 30 207 138 178 23 21 93 110 203 40 216 56 159
split_gain=1.2515 2.40485 2.11177 2.74263 2.59425 2.26933 2.71418 2.71214 2.08096 2.52727 2.93978 2.38273 2.08096 1.83463 1.73635 1.1712
threshold=20240265.000000004 20231026.000000004 0.39794069859489406 -0.088470103278887047 1.085703240553987 6.8217759355125898 0.2538043927887777 0.066950000000000023 0.87675000000000014 0.051147400850000004 0.30675000000000002 -0.26084999999999997 44.643375000000006 0.56250000000000011 42.532077248400007 36.631538339124994
decision_type=2 2 2 2 2 2 2 2 2 2 2 2 2 2 2 2
left_child=1 8 3 12 13 6 7 -4 9 10 -1 -11 14 -5 -2 -3
right_child=2 15 5 4 -6 -7 -8 -9 -10 11 -12 -13 -14 -15 -16 -17
leaf_value=-0.032149635550857522 0.019370371565743848 -0.029007948154545007 -0.01735302659886645 0.028679962451129016 -0.0017545847785343808 -0.019346641326097567 0.025662643001035712 0.010811637541974202 -0.018536293705479479 -0.0047176407858799414 0.0026591919250908364 0.0032399225981139964 -0.026485282048796344 -0.0014244528764714513 -0.012431015238757986 0
leaf_weight=4.4938854798674566 3.4966068901121634 3.9447099454700938 6.250116318464281 10.83325792104006 4.5973074659705153 5.3353510946035376 3.5930392034351817 5.7716927900910378 5.4544214382767668 47.255482215434313 3.8561536595225334 117.69715746492147 2.4519125260412693 1.950573507696389 2.5152201093733311 1.8640726860612629
leaf_count=26 33 42 38 115 37 33 33 39 39 283 26 688 15 15 17 18
internal_value=7.52643e-07 -0.00109768 0.0043902 0.0101358 0.0169556 -0.00256975 0.00305838 -0.00360599 -0.000457809 0.000104243 -0.0158782 0.000940594 -0.0035534 0.0238783 0.0055888 -0.0199401
internal_weight=231.361 184.566 46.7951 25.8449 17.3811 20.9502 15.6148 12.0218 178.757 173.303 8.35004 164.953 8.46374 12.7838 6.01183 5.80878
internal_count=1497 1122 375 232 167 143 110 77 1062 1023 52 971 65 130 50 60
is_linear=0
shrinkage=0.03


Tree=295
num_leaves=10
num_cat=0
split_feature=151 30 113 134 129 125 218 61 153
split_gain=1.23091 1.68628 1.7138 3.31725 3.4436 2.56556 2.15375 3.8624 2.20486
threshold=0.068105029258492614 3.0079144207313901 0.55415000000000014 56.546073745000008 2.8175646153846157 15.500000000000002 0.63352941588008915 1.1492201237500004 0.098867315470189246
decision_type=2 2 2 2 2 2 2 2 2
left_child=-1 2 6 4 -4 -5 7 -2 -8
right_child=1 -3 3 5 -6 -7 8 -9 -10
leaf_value=0.015740228014295705 -0.011952344633075327 -0.019272039183165366 -0.00092096420151448915 0.0079160769803853087 0.032001163723857348 -0.014247487564734384 -0.0031652650293887974 0.020264045822188517 0.0072752656946209531
leaf_weight=4.2923688888549796 4.7492785528302184 4.037663869559764 4.4299791455268878 11.516332268714907 7.1432628072798252 7.7629719898104659 156.27920735254884 10.242726672440766 20.370104318484664
leaf_count=37 30 27 28 70 51 51 972 64 167
internal_value=0 -0.000293971 4.54555e-05 0.00660847 0.0192424 -0.00088093 -0.000998381 0.00984795 -0.00194092
internal_weight=230.824 226.532 222.494 30.8525 11.5732 19.2793 191.641 14.992 176.649
internal_count=1497 1460 1433 200 79 121 1233 94 1139
is_linear=0
shrinkage=0.03


Tree=296
num_leaves=20
num_cat=0
split_feature=133 105 107 202 212 117 196 133 91 165 164 105 207 52 168 191 133 55 48
split_gain=1.22577 3.46221 2.31951 2.31045 2.25934 2.15666 1.97559 1.96905 2.50416 2.14438 2.61713 2.07012 3.97236 3.36471 2.55189 4.07477 3.49461 1.20056 0.640925
threshold=67.523896608333345 0.57500000000000007 0.63050000000000017 1.1466930766132557 0.026757949675710827 0.49800000000000005 0.38674973189429757 238.07338093260003 -0.34583218379999997 1.3214184658926627 -0.15234888082717349 0.62500000000000011 0.95435962017853282 3.9965500000000005 -0.64462993007855618 0.55999999999999972 89.928286564659103 6.0500000000000007 332.50000000000006
decision_type=2 2 2 2 2 2 2 2 2 2 2 2 2 2 2 2 2 2 2
left_child=1 3 18 4 -1 -5 -6 11 -9 10 -10 14 -13 -14 15 -2 -16 -11 -3
right_child=7 2 -4 5 6 -7 -8 8 9 17 -12 12 13 -15 16 -17 -18 -19 -20
leaf_value=-0.0054201527862063788 0.0057079528836744371 -0.0094593673265872934 0.0073882215429365659 0.010899707683505644 -0.00055264527732168454 -0.021625642791183591 0.023720004606299066 -0.020185824333330538 -0.0049420702976269689 0.0013861444947368116 0.011105080336535129 0.029058183858344015 0.014542832370125538 -0.017078708138653375 -0.020686111319623002 -0.016707294954749572 -0.0044315110852322336 -0.024229875275261634 -0.030120841117955564
leaf_weight=3.8527227751910749 35.297658391296864 3.3783919364213926 4.1850745640695095 3.631148036569356 3.4507632516324547 3.4159352481365204 15.291363120079039 3.6134761124849311 11.70133809186518 2.9574593901634207 37.77878874912858 4.9302187487483051 5.4118416551500541 6.547766450792551 15.49720270000398 9.0751413777470571 54.11235848814249 3.0909324511885643 3.3342020027339458
leaf_count=27 230 21 27 23 23 22 101 25 84 23 245 35 35 47 93 60 338 19 19
internal_value=0 0.00474033 -0.00951887 0.0100979 0.0147917 -0.00452855 0.0191125 -0.000999682 0.00351586 0.00514567 0.00724734 -0.00306432 0.00663877 -0.00251894 -0.00453297 0.00102886 -0.0081178 -0.0113977 -0.0204539
internal_weight=230.554 40.5396 10.8977 29.6419 22.5948 7.04708 18.7421 190.014 59.142 55.5285 49.4801 130.872 16.8898 11.9596 113.982 44.3728 69.6096 6.04839 6.71259
internal_count=1497 263 67 196 151 45 124 1234 396 371 329 838 117 82 721 290 431 42 40
is_linear=0
shrinkage=0.03


Tree=297
num_leaves=8
num_cat=0
split_feature=188 178 218 181 20 189 18
split_gain=1.22788 2.79317 2.74459 2.3171 2.19589 2.11071 1.92977
threshold=3.0749999999999997 -0.203774109789047 0.93558187808199367 7.8108162379803581 20.315000000000001 5.9250000000000007 74.125000000000014
decision_type=2 2 2 2 2 2 2
left_child=3 -2 -3 4 5 6 -1
right_child=1 2 -4 -5 -6 -7 -8
leaf_value=0.00027844190861039611 0.032758566354186738 -0.012573174533870938 0.019226082050666806 -0.022846850702195193 -0.019682904998630426 -0.022800397642393389 0.018201826916809421
leaf_weight=199.21286392398179 3.2126797772943965 5.6780163794755918 4.1196197085082531 4.0090346857905379 4.9301549270749083 3.3698571249842635 5.4725826904177657
leaf_count=1302 23 35 29 25 32 18 33
internal_value=0 0.00892407 0.000553541 -0.000530057 -8.53833e-05 0.000373827 0.000780955
internal_weight=230.005 13.0103 9.79764 216.994 212.985 208.055 204.685
internal_count=1497 87 64 1410 1385 1353 1335
is_linear=0
shrinkage=0.03


Tree=298
num_leaves=11
num_cat=0
split_feature=64 216 113 215 128 162 175 34 32 132
split_gain=1.22394 1.79661 4.66927 2.26504 2.22335 2.08579 2.87576 2.65321 1.08708 0.622093
threshold=2.4620499848500006 0.57916666666666672 0.53750000000000009 0.40295182937483043 50.941520771557585 1.3875524385123745 1.3848103524932345 0.24815000000000001 0.48954747899159673 4.9604000000000008
decision_type=2 2 2 2 2 2 2 2 2 2
left_child=-1 5 3 -3 -4 6 7 -2 -8 -5
right_child=1 2 4 9 -6 -7 8 -9 -10 -11
leaf_value=0.013542823813858745 0.0037273754194517327 -0.0046077132324887421 -0.0081607335001274411 -0.018849200088975029 0.022550345657368166 0.025407280180275913 -0.031571618657828024 -0.0034355461010686966 -0.0038560620163220734 -0.038628732541818277
leaf_weight=5.7599020563065997 114.39776379242539 6.4749498367309597 3.4773794710636121 4.2423654198646528 4.816765584051609 2.8941042721271506 3.3184143975377074 78.048327494412661 2.5150963813066483 3.8969067111611366
leaf_count=38 773 35 21 23 29 19 28 491 19 21
internal_value=0 -0.000345715 -0.00829526 -0.0185223 0.00937329 0.000548294 0.000157703 0.000806529 -0.0203941 -0.0290372
internal_weight=229.842 224.082 22.9084 14.6142 8.29415 201.174 198.28 192.446 5.83351 8.13927
internal_count=1497 1459 129 79 50 1330 1311 1264 47 44
is_linear=0
shrinkage=0.03


Tree=299
num_leaves=21
num_cat=0
split_feature=201 198 202 52 211 201 204 188 182 11 74 13 204 3 200 189 35 17 3 78
split_gain=1.22091 2.344 2.16259 2.24377 1.86112 1.85395 3.70268 4.21973 4.44497 3.55725 3.07168 4.74739 2.92439 3.21683 2.76693 4.23252 3.51274 2.32435 2.28921 1.951
threshold=1.3674361307244467 1.1134110426668797 1.1129002549576263 2.6409500000000006 0.0926102399722777 0.95109066003053322 0.97299078605852229 -1.0000000180025095e-35 5.7576713540923867 18.440000000000001 0.76515751534999998 16.425000000000004 0.96423464579010731 -0.74499999999999988 0.46175785229535055 -2.0249999999999999 1.2497000000000003 17.815000000000001 -1.3299999999999998 -0.3428258133499999
decision_type=2 2 2 2 2 2 2 2 2 2 2 2 2 2 2 2 2 2 2 2
left_child=5 2 3 -2 -3 6 10 9 -9 -8 19 -12 13 18 15 -14 -16 -15 -7 -1
right_child=1 4 -4 -5 -6 12 7 8 -10 -11 11 -13 14 17 16 -17 -18 -19 -20 -21
leaf_value=0.0040247978568952476 -0.021726525554805209 -0.0071913089264195656 0.020436382766655534 0.010791950660484256 -0.038052049179009319 -0.0075240193835721548 -0.017291718204844434 0.0088091239589289608 -0.016188128488932269 0.0039921903877336868 -0.024294542171768328 0.0075734162764932193 -0.010868078451688251 -0.0040977078894746978 0.00031509524529894158 0.022936565035425436 0.022285263729589173 -0.02855643587581165 0.025102455697457643 0.033502152697479907
leaf_weight=3.834276219829917 4.2692529074847716 4.9061632528901091 3.5989466868340969 3.1747307740151882 3.0138761475682259 3.3832028619945049 30.995115350931883 23.668896593153477 8.6266575343906862 8.8274195045232755 5.2845859285444048 19.075841706246138 4.0207634940743473 9.2848610654473287 55.536502525210381 15.784583561122416 7.3729825280606738 5.9188630729913703 4.0243604928255108 4.9711690172553045
leaf_count=33 26 39 23 23 19 24 192 153 57 63 32 133 21 58 367 95 45 35 24 35
internal_value=0 -0.00726461 0.00143635 -0.00750107 -0.0196371 0.000663559 -0.00213308 -0.00596711 0.00201 -0.0125004 0.00610657 0.000466492 0.00348691 -0.00598864 0.00611752 0.0159029 0.00296889 -0.01394 0.00989987 0.0211926
internal_weight=229.573 18.963 11.0429 7.44398 7.92004 210.61 105.284 72.1181 32.2956 39.8225 33.1659 24.3604 105.326 22.6113 82.7148 19.8053 62.9095 15.2037 7.40756 8.80545
internal_count=1497 130 72 49 58 1367 698 465 210 255 233 165 669 141 528 116 412 93 48 68
is_linear=0
shrinkage=0.03


end of trees

feature_importances:
报价日=196
市场波动率_120d=85
市场波动率比值=67
年化收益_250d=60
同行PE_中位=60
PB_vs_行业=59
盈利能力_delta_1y=58
价格标准差=57
报价日_md=57
总分_T-2=55
行业PB=55
净利润=51
同行市值_均值=48
总分_delta_1y=48
vol_ratio_20_60=48
个股PB=46
FCF_conversion=46
年化收益_120d=45
市场距离MA250=45
波动率_20d=44
数据天数=43
行业年化收益_60d=43
总分_delta_4y=43
总分_T=42
行业年化收益_20d=42
行业胜率_120d=42
波动率_60d=38
总分_T-4=37
成长能力_T-2=37
资本支出_YoY=37
price_vs_MA20=37
price_vs_MA120=37
capex_intensity=36
vol_ratio_60_250=36
price_vs_MA250=36
资本支出_CAGR2=35
盈利能力_T=33
行业PB_250d增长=33
FCF_T3=32
同行公司数=32
胜率_250d=31
行业波动率_250d=31
波动率_250d=30
漂移率=30
资本支出_T4=30
成长能力_delta_4y=30
行业波动率_120d=29
同行市值_中位=29
PE_vs_行业=29
PE_vs_同行均值=29
盈利能力_斜率=28
产权比率=28
成长能力_delta_2y=28
市场胜率_120d=28
总分_T-3=27
成长能力_T-3=27
行业年化收益_120d=26
波动率_120d=25
营收_加速=25
盈利能力_T-1=24
总分_delta_2y=24
成长能力_斜率=23
营收_T=23
盈利能力_delta_2y=23
盈利能力_T-4=22
折旧_T4=22
行业波动率_60d=22
FCF_CAGR2=22
price_vs_MA60=22
行业PE_120d增长=22
营收_T1=21
同行PS_中位=21
PB_vs_同行均值=21
PS_vs_同行均值=21
return_acceleration=21
报价日价格=20
波动率=20
资本支出_T3=20
行业MA250=20
应收账款周转率=20
总营收增长=20
FCF_T2=19
同行PE_均值=19
同行PE_标准差=19
净利润_fcf_CAGR2=19
总分_斜率=18
成长能力_T=18
中位价=18
净利润_fcf_T1=18
同行PB_均值=18
NOPAT_YoY=18
FCF_T1=17
FCF_3年斜率=17
现金利息负债比=17
capex_to_dep=17
胜率_20d=16
MA30=16
个股PE=16
净利润_fcf_T3=16
营收_T4=16
营收_CAGR2=16
成长能力_delta_1y=16
市场年化收益_120d=16
区间收益_20d=15
MA250=15
行业区间收益_60d=15
FCF_YoY=15
盈利能力_delta_4y=15
行业PE_60d增长=15
区间收益_120d=14
个股PS=14
行业胜率_20d=14
行业年化收益_250d=14
研发费用率=14
PB_vs_同行中位=14
盈利能力_T-3=13
MA20=13
资本支出_T1=13
FCF_T4=13
行业胜率_250d=13
ROA=13
盈利能力_T-2=12
报价日MA20=12
行业波动率_20d=12
同行PS_均值=12
行业PB_120d增长=12
行业PE_250d增长=12
年化收益_20d=11
营收_T3=11
同行PB_中位=11
毛利率=11
NOPAT_margin=11
PE_vs_同行中位=11
总分_T-1=10
胜率_120d=10
折旧_T=10
FCF_T=10
营业利润_T1=10
营收_3年斜率=10
行业胜率_60d=10
FCF_加速=10
MA120=9
行业PE=9
资本支出_T2=9
营业利润_T4=9
NOPAT_3年斜率=9
行业区间收益_20d=9
行业总天数=9
溢价率上限=8
年化收益_60d=8
营业利润_T=8
净利润_fcf_T2=8
行业MA20=8
现金流动负债比=8
净利润_fcf_加速=8
资本支出_加速=8
行业PB_60d增长=8
胜率_60d=7
区间收益_250d=7
邀请日=7
营业利润_T2=7
折旧_T2=7
营业利润_T3=7
行业MA60=7
行业MA120=7
利息资本化率=7
已获利息倍数=7
营收_YoY=7
净利润_fcf_YoY=7
成长能力_T-4=6
均价_all=6
资本支出_T=6
营收_T2=6
ROE=6
NOPAT_CAGR2=6
FCF_margin=6
折旧_T3=5
净利润_fcf_T4=5
行业区间收益_250d=5
行业漂移率=5
流动比率=5
流动资产周转率=5
总资产周转率=5
行业区间收益_120d=4
速动比率=4
NOPAT_加速=4
营业利润_CAGR2=4
MA60=3
折旧_T1=3
NOPAT_T4=3
锁定价当前价=3
行业波动率_总=3
存货周转率=3
资产负债率=3
利润增长=3
ROE增长=3
净资产增长=3
成长能力_T-1=2
区间收益_60d=2
当前价=2
ROE摊薄=2
净利增长=2
营业利润_YoY=2
营业利润_加速=2
净利润_fcf_T=1
NOPAT_T1=1
NOPAT_T2=1
NOPAT_T3=1
FCF年份_T4=1
总资产净利率=1
营收增长2=1

parameters:
[boosting: gbdt]
[objective: binary]
[metric: binary_logloss]
[tree_learner: serial]
[device_type: cpu]
[data_sample_strategy: bagging]
[data: ]
[valid: ]
[num_iterations: 300]
[learning_rate: 0.03]
[num_leaves: 31]
[num_threads: 4]
[seed: 42]
[deterministic: 0]
[force_col_wise: 0]
[force_row_wise: 0]
[histogram_pool_size: -1]
[max_depth: 5]
[min_data_in_leaf: 20]
[min_sum_hessian_in_leaf: 0.001]
[bagging_fraction: 0.8]
[pos_bagging_fraction: 1]
[neg_bagging_fraction: 1]
[bagging_freq: 0]
[bagging_seed: 400]
[bagging_by_query: 0]
[feature_fraction: 0.8]
[feature_fraction_bynode: 1]
[feature_fraction_seed: 30056]
[extra_trees: 0]
[extra_seed: 12879]
[early_stopping_round: 0]
[early_stopping_min_delta: 0]
[first_metric_only: 0]
[max_delta_step: 0]
[lambda_l1: 0.1]
[lambda_l2: 0.1]
[linear_lambda: 0]
[min_gain_to_split: 0]
[drop_rate: 0.1]
[max_drop: 50]
[skip_drop: 0.5]
[xgboost_dart_mode: 0]
[uniform_drop: 0]
[drop_seed: 17869]
[top_rate: 0.2]
[other_rate: 0.1]
[min_data_per_group: 100]
[max_cat_threshold: 32]
[cat_l2: 10]
[cat_smooth: 10]
[max_cat_to_onehot: 4]
[top_k: 20]
[monotone_constraints: ]
[monotone_constraints_method: basic]
[monotone_penalty: 0]
[feature_contri: ]
[forcedsplits_filename: ]
[refit_decay_rate: 0.9]
[cegb_tradeoff: 1]
[cegb_penalty_split: 0]
[cegb_penalty_feature_lazy: ]
[cegb_penalty_feature_coupled: ]
[path_smooth: 0]
[interaction_constraints: ]
[verbosity: -1]
[saved_feature_importance_type: 0]
[use_quantized_grad: 0]
[num_grad_quant_bins: 4]
[quant_train_renew_leaf: 0]
[stochastic_rounding: 1]
[linear_tree: 0]
[max_bin: 255]
[max_bin_by_feature: ]
[min_data_in_bin: 3]
[bin_construct_sample_cnt: 200000]
[data_random_seed: 175]
[is_enable_sparse: 1]
[enable_bundle: 1]
[use_missing: 1]
[zero_as_missing: 0]
[feature_pre_filter: 1]
[pre_partition: 0]
[two_round: 0]
[header: 0]
[label_column: ]
[weight_column: ]
[group_column: ]
[ignore_column: ]
[categorical_feature: ]
[forcedbins_filename: ]
[precise_float_parser: 0]
[parser_config_file: ]
[objective_seed: 16083]
[num_class: 1]
[is_unbalance: 1]
[scale_pos_weight: 1]
[sigmoid: 1]
[boost_from_average: 1]
[reg_sqrt: 0]
[alpha: 0.9]
[fair_c: 1]
[poisson_max_delta_step: 0.7]
[tweedie_variance_power: 1.5]
[lambdarank_truncation_level: 30]
[lambdarank_norm: 1]
[label_gain: ]
[lambdarank_position_bias_regularization: 0]
[eval_at: ]
[multi_error_top_k: 1]
[auc_mu_weights: ]
[num_machines: 1]
[local_listen_port: 12400]
[time_out: 120]
[machine_list_filename: ]
[machines: ]
[gpu_platform_id: -1]
[gpu_device_id: -1]
[gpu_use_dp: 0]
[num_gpu: 1]

end of parameters

pandas_categorical:[]
