{
  "issue_price": 20.245066666666666,
  "price_source": "MA30的8折",
  "financing_amount": 700000000,
  "lockup_period": 6,
  "current_price": 25.95,
  "risk_free_rate": 0.03,
  "net_assets": 4939639031.34,
  "total_debt": 4507009002.2,
  "net_income": 253532329.85,
  "revenue_growth": 0.25,
  "operating_margin": 0.2,
  "volatility": 0.3088745648133423,
  "beta": 1.2
}