{
  "上证指数": {
    "current_level": 3988.558,
    "volatility_20d": 0.2188883312102626,
    "volatility_60d": 0.1585788515067508,
    "volatility_120d": 0.13933120090563894,
    "volatility_250d": 0.14288863237074598,
    "return_20d": -0.2979941140704686,
    "return_60d": -0.13552830834776486,
    "return_120d": 0.040265537838808256,
    "return_250d": 0.17493665970362707,
    "period_log_return_20d": -0.023839529125637488,
    "period_log_return_60d": -0.03252679400346356,
    "period_log_return_120d": 0.019327458162627962,
    "period_log_return_250d": 0.17493665970362707,
    "ma_20": 3948.984360000001,
    "ma_60": 4062.447955,
    "ma_120": 4000.07207,
    "ma_250": 3759.3664372,
    "win_rate_20d": 0.5,
    "win_rate_60d": 0.5333333333333333,
    "win_rate_120d": 0.5583333333333333,
    "win_rate_250d": 0.588,
    "locked_issue_date": "20260414",
    "locked_data_date": "20260413"
  },
  "深证成指": {
    "current_level": 14407.8639,
    "volatility_20d": 0.3032430692033883,
    "volatility_60d": 0.22741488349526706,
    "volatility_120d": 0.2119174705493223,
    "volatility_250d": 0.21925544276603992,
    "return_20d": 0.08731104550864834,
    "return_60d": 0.0840467561039423,
    "return_120d": 0.1952736186433308,
    "return_250d": 0.31605084129603966,
    "period_log_return_20d": 0.006984883640691867,
    "period_log_return_60d": 0.02017122146494615,
    "period_log_return_120d": 0.09373133694879877,
    "period_log_return_250d": 0.31605084129603966,
    "ma_20": 13812.993595000002,
    "ma_60": 14093.772523333335,
    "ma_120": 13670.68655,
    "ma_250": 12313.3897092,
    "win_rate_20d": 0.45,
    "win_rate_60d": 0.5166666666666667,
    "win_rate_120d": 0.5333333333333333,
    "win_rate_250d": 0.548,
    "locked_issue_date": "20260414",
    "locked_data_date": "20260413"
  },
  "沪深300": {
    "current_level": 4646.1546,
    "volatility_20d": 0.2303409405762717,
    "volatility_60d": 0.16560836281538177,
    "volatility_120d": 0.1555930891086995,
    "volatility_250d": 0.15834969646385533,
    "return_20d": -0.06816200778345659,
    "return_60d": -0.09992201370435078,
    "return_120d": 0.017953343454294557,
    "return_250d": 0.1782262764336423,
    "period_log_return_20d": -0.005452960622676527,
    "period_log_return_60d": -0.023981283289044183,
    "period_log_return_120d": 0.008617604858061387,
    "period_log_return_250d": 0.1782262764336423,
    "ma_20": 4540.038699999999,
    "ma_60": 4647.882665,
    "ma_120": 4629.900396666666,
    "ma_250": 4343.7597488,
    "win_rate_20d": 0.4,
    "win_rate_60d": 0.48333333333333334,
    "win_rate_120d": 0.5083333333333333,
    "win_rate_250d": 0.56,
    "locked_issue_date": "20260414",
    "locked_data_date": "20260413"
  },
  "中证500": {
    "current_level": 7967.697,
    "volatility_20d": 0.3266345076637954,
    "volatility_60d": 0.2704437644748299,
    "volatility_120d": 0.23492662089315522,
    "volatility_250d": 0.22461768503720245,
    "return_20d": -0.336578609446849,
    "return_60d": -0.04627828516040202,
    "return_120d": 0.18404835026200997,
    "return_250d": 0.3016557069079502,
    "period_log_return_20d": -0.02692628875574792,
    "period_log_return_60d": -0.011106788438496483,
    "period_log_return_120d": 0.08834320812576478,
    "period_log_return_250d": 0.3016557069079502,
    "ma_20": 7786.679579999999,
    "ma_60": 8158.900623333333,
    "ma_120": 7697.123676666667,
    "ma_250": 6921.255958000001,
    "win_rate_20d": 0.45,
    "win_rate_60d": 0.5166666666666667,
    "win_rate_120d": 0.55,
    "win_rate_250d": 0.576,
    "locked_issue_date": "20260414",
    "locked_data_date": "20260413"
  },
  "创业板指": {
    "current_level": 3476.4396,
    "volatility_20d": 0.35639602983016994,
    "volatility_60d": 0.2690731191865592,
    "volatility_120d": 0.26737404027126216,
    "volatility_250d": 0.2971594141443476,
    "return_20d": 0.4369303119005968,
    "return_60d": 0.1820559386809233,
    "return_120d": 0.28918938641164554,
    "return_250d": 0.5031775309550965,
    "period_log_return_20d": 0.034954424952047744,
    "period_log_return_60d": 0.043693425283421586,
    "period_log_return_120d": 0.13881090547758984,
    "period_log_return_250d": 0.5031775309550965,
    "ma_20": 3290.0892400000002,
    "ma_60": 3300.122248333333,
    "ma_120": 3221.0750225,
    "ma_250": 2765.9627960000003,
    "win_rate_20d": 0.5,
    "win_rate_60d": 0.4666666666666667,
    "win_rate_120d": 0.5166666666666667,
    "win_rate_250d": 0.548,
    "locked_issue_date": "20260414",
    "locked_data_date": "20260413"
  },
  "科创50": {
    "current_level": 1375.2873,
    "volatility_20d": 0.39152406997207706,
    "volatility_60d": 0.32327790223703573,
    "volatility_120d": 0.2952840439746081,
    "volatility_250d": 0.30716973723095026,
    "return_20d": -0.08784671940448865,
    "return_60d": -0.2943796665450758,
    "return_120d": -0.08126960812415178,
    "return_250d": 0.29457959374913684,
    "period_log_return_20d": -0.0070277375523590925,
    "period_log_return_60d": -0.07065111997081819,
    "period_log_return_120d": -0.03900941189959285,
    "period_log_return_250d": 0.29457959374913684,
    "ma_20": 1314.969535,
    "ma_60": 1417.4964950000003,
    "ma_120": 1393.3836291666667,
    "ma_250": 1239.4335036,
    "win_rate_20d": 0.45,
    "win_rate_60d": 0.4666666666666667,
    "win_rate_120d": 0.475,
    "win_rate_250d": 0.528,
    "locked_issue_date": "20260414",
    "locked_data_date": "20260413"
  },
  "中证1000": {
    "current_level": 6103.8424,
    "volatility_20d": 0.28918605794118346,
    "volatility_60d": 0.21410489733232602,
    "volatility_120d": 0.18710902501437168,
    "volatility_250d": 0.19040502290806843,
    "return_20d": -0.22974822551377622,
    "return_60d": -0.07699388807093113,
    "return_120d": 0.09688388124219903,
    "return_250d": 0.23106776633841572,
    "period_log_return_20d": -0.018379858041102096,
    "period_log_return_60d": -0.01847853313702347,
    "period_log_return_120d": 0.046504262996255534,
    "period_log_return_250d": 0.23106776633841572,
    "ma_20": 5963.704355,
    "ma_60": 6166.40778,
    "ma_120": 5998.311374166666,
    "ma_250": 5545.5758144,
    "win_rate_20d": 0.5,
    "win_rate_60d": 0.5166666666666667,
    "win_rate_120d": 0.5333333333333333,
    "win_rate_250d": 0.556,
    "locked_issue_date": "20260414",
    "locked_data_date": "20260413"
  }
}