{
  "上证指数": {
    "current_level": 4095.4485,
    "volatility_20d": 0.1170497888396018,
    "volatility_60d": 0.11651914044176792,
    "volatility_120d": 0.11806287340377075,
    "volatility_250d": 0.1322719859362693,
    "return_20d": 0.0918229226339324,
    "return_60d": 0.20825609956614052,
    "return_120d": 0.15767778498820972,
    "return_250d": 0.23200658899427506,
    "ma_20": 4121.875,
    "ma_60": 4060.613961666667,
    "ma_120": 3984.677815,
    "ma_250": 3713.6141823999997,
    "win_rate_20d": 0.6,
    "win_rate_60d": 0.6166666666666667,
    "win_rate_120d": 0.5583333333333333,
    "win_rate_250d": 0.584
  },
  "深证成指": {
    "current_level": 14280.7798,
    "volatility_20d": 0.1934314876476671,
    "volatility_60d": 0.1812962750526796,
    "volatility_120d": 0.19927331538131213,
    "volatility_250d": 0.20655351461368487,
    "return_20d": 0.336208780716997,
    "return_60d": 0.3017438590620623,
    "return_120d": 0.2947806205225474,
    "return_250d": 0.3372223967164705,
    "ma_20": 14242.313100000003,
    "ma_60": 13972.748853333334,
    "ma_120": 13559.407112499997,
    "ma_250": 12071.001316,
    "win_rate_20d": 0.5,
    "win_rate_60d": 0.5666666666666667,
    "win_rate_120d": 0.55,
    "win_rate_250d": 0.536
  },
  "沪深300": {
    "current_level": 4669.14,
    "volatility_20d": 0.13541556359780618,
    "volatility_60d": 0.1295511211074138,
    "volatility_120d": 0.1428467422176012,
    "volatility_250d": 0.14936898238889276,
    "return_20d": 0.06876163578316555,
    "return_60d": 0.07015426081028825,
    "return_120d": 0.10936468443767869,
    "return_250d": 0.20176953649584092,
    "ma_20": 4685.42141,
    "ma_60": 4677.6192,
    "ma_120": 4631.8205975,
    "ma_250": 4295.874162,
    "win_rate_20d": 0.5,
    "win_rate_60d": 0.5333333333333333,
    "win_rate_120d": 0.5333333333333333,
    "win_rate_250d": 0.56
  },
  "中证500": {
    "current_level": 8239.798,
    "volatility_20d": 0.2278772171316025,
    "volatility_60d": 0.22334230725058793,
    "volatility_120d": 0.21208739066546542,
    "volatility_250d": 0.20824446014158118,
    "return_20d": 0.14329190389173596,
    "return_60d": 0.6310581144855757,
    "return_120d": 0.39412839227607027,
    "return_250d": 0.3877250220129912,
    "ma_20": 8375.00117,
    "ma_60": 8017.61248,
    "ma_120": 7605.038967500001,
    "ma_250": 6778.773693599999,
    "win_rate_20d": 0.5,
    "win_rate_60d": 0.6166666666666667,
    "win_rate_120d": 0.575,
    "win_rate_250d": 0.576
  },
  "创业板指": {
    "current_level": 3310.2779,
    "volatility_20d": 0.23473820952104887,
    "volatility_60d": 0.222315448982865,
    "volatility_120d": 0.2695693690405579,
    "volatility_250d": 0.2847581947971701,
    "return_20d": 0.28508579563198005,
    "return_60d": 0.13149678956481292,
    "return_120d": 0.3212999574890712,
    "return_250d": 0.5114883792054374,
    "ma_20": 3285.160265,
    "ma_60": 3273.528035,
    "ma_120": 3189.51962,
    "ma_250": 2677.32245,
    "win_rate_20d": 0.4,
    "win_rate_60d": 0.5,
    "win_rate_120d": 0.5333333333333333,
    "win_rate_250d": 0.532
  },
  "科创50": {
    "current_level": 1373.6355,
    "volatility_20d": 0.2776320582914169,
    "volatility_60d": 0.28049611703019256,
    "volatility_120d": 0.29943611793302455,
    "volatility_250d": 0.29346531111444474,
    "return_20d": -0.42859159058665264,
    "return_60d": 0.08332913790134959,
    "return_120d": 0.21427836705021505,
    "return_250d": 0.271102288147074,
    "ma_20": 1434.7463750000002,
    "ma_60": 1430.4655449999998,
    "ma_120": 1407.7141374999997,
    "ma_250": 1219.8648712,
    "win_rate_20d": 0.45,
    "win_rate_60d": 0.5166666666666667,
    "win_rate_120d": 0.5166666666666667,
    "win_rate_250d": 0.516
  },
  "中证1000": {
    "current_level": 6220.6551,
    "volatility_20d": 0.1742039005776463,
    "volatility_60d": 0.16106280334107,
    "volatility_120d": 0.1619714193122914,
    "volatility_250d": 0.17653622062572497,
    "return_20d": 0.11977809219761056,
    "return_60d": 0.2949993193161462,
    "return_120d": 0.21866851438591048,
    "return_250d": 0.27408519615046406,
    "ma_20": 6271.465085000001,
    "ma_60": 6139.537463333333,
    "ma_120": 5968.816021666667,
    "ma_250": 5464.7007212,
    "win_rate_20d": 0.55,
    "win_rate_60d": 0.5666666666666667,
    "win_rate_120d": 0.55,
    "win_rate_250d": 0.552
  }
}