{
  "上证指数": {
    "current_level": 4112.1593,
    "volatility_20d": 0.11888343559512037,
    "volatility_60d": 0.15991808353401452,
    "volatility_120d": 0.13385917485090498,
    "volatility_250d": 0.11889961626154903,
    "return_20d": 0.6004872179810162,
    "return_60d": -0.0394095298158955,
    "return_120d": 0.06987713893864557,
    "return_250d": 0.22262490121638606,
    "period_log_return_20d": 0.048038977438481296,
    "period_log_return_60d": -0.00945828715581492,
    "period_log_return_120d": 0.03354102669054987,
    "period_log_return_250d": 0.22262490121638606,
    "ma_20": 4030.878635,
    "ma_60": 4051.633916666666,
    "ma_120": 4015.1886358333336,
    "ma_250": 3802.1550784,
    "win_rate_20d": 0.65,
    "win_rate_60d": 0.5666666666666667,
    "win_rate_120d": 0.5666666666666667,
    "win_rate_250d": 0.584,
    "locked_issue_date": "20260506",
    "locked_data_date": "20260505"
  },
  "深证成指": {
    "current_level": 15107.5532,
    "volatility_20d": 0.22389239364584915,
    "volatility_60d": 0.23429219980227953,
    "volatility_120d": 0.20583737274984432,
    "volatility_250d": 0.19445878081943505,
    "return_20d": 1.4184162829350262,
    "return_60d": 0.2164174824371115,
    "return_120d": 0.24924357491883284,
    "return_250d": 0.42210185563182123,
    "period_log_return_20d": 0.1134733026348021,
    "period_log_return_60d": 0.05194019578490676,
    "period_log_return_120d": 0.11963691596103976,
    "period_log_return_250d": 0.42210185563182123,
    "ma_20": 14549.055440000002,
    "ma_60": 14233.336638333332,
    "ma_120": 13857.083800833334,
    "ma_250": 12575.894819199999,
    "win_rate_20d": 0.6,
    "win_rate_60d": 0.5,
    "win_rate_120d": 0.5416666666666666,
    "win_rate_250d": 0.548,
    "locked_issue_date": "20260506",
    "locked_data_date": "20260505"
  },
  "沪深300": {
    "current_level": 4807.3069,
    "volatility_20d": 0.15258520742826256,
    "volatility_60d": 0.17005834847690088,
    "volatility_120d": 0.14836668696898936,
    "volatility_250d": 0.13959140918798787,
    "return_20d": 0.8844550326778429,
    "return_60d": 0.07814113787458993,
    "return_120d": 0.06778811322082855,
    "return_250d": 0.23912269045024637,
    "period_log_return_20d": 0.07075640261422743,
    "period_log_return_60d": 0.01875387308990158,
    "period_log_return_120d": 0.0325382943459977,
    "period_log_return_250d": 0.23912269045024637,
    "ma_20": 4684.209965,
    "ma_60": 4653.366216666666,
    "ma_120": 4643.4698825000005,
    "ma_250": 4395.740704,
    "win_rate_20d": 0.5,
    "win_rate_60d": 0.48333333333333334,
    "win_rate_120d": 0.5,
    "win_rate_250d": 0.552,
    "locked_issue_date": "20260506",
    "locked_data_date": "20260505"
  },
  "中证500": {
    "current_level": 8349.5081,
    "volatility_20d": 0.21387250637422844,
    "volatility_60d": 0.2672176009383179,
    "volatility_120d": 0.22948614366433642,
    "volatility_250d": 0.20027870268563067,
    "return_20d": 1.1669768549574455,
    "return_60d": -0.12372901039719054,
    "return_120d": 0.27028317086699216,
    "return_250d": 0.3918965760181703,
    "period_log_return_20d": 0.09335814839659563,
    "period_log_return_60d": -0.02969496249532573,
    "period_log_return_120d": 0.12973592201615622,
    "period_log_return_250d": 0.3918965760181703,
    "ma_20": 8084.683145000001,
    "ma_60": 8144.892121666667,
    "ma_120": 7805.094818333334,
    "ma_250": 7059.178613600001,
    "win_rate_20d": 0.55,
    "win_rate_60d": 0.5,
    "win_rate_120d": 0.5583333333333333,
    "win_rate_250d": 0.572,
    "locked_issue_date": "20260506",
    "locked_data_date": "20260505"
  },
  "创业板指": {
    "current_level": 3677.1485,
    "volatility_20d": 0.3038667893409091,
    "volatility_60d": 0.28171832735078817,
    "volatility_120d": 0.257106666292042,
    "volatility_250d": 0.26686267213927967,
    "return_20d": 1.844632199897999,
    "return_60d": 0.42125216007659705,
    "return_120d": 0.29159395840299246,
    "return_250d": 0.6372263662125704,
    "period_log_return_20d": 0.14757057599183993,
    "period_log_return_60d": 0.10110051841838329,
    "period_log_return_120d": 0.13996510003343637,
    "period_log_return_250d": 0.6372263662125704,
    "ma_20": 3528.7184949999996,
    "ma_60": 3368.923115,
    "ma_120": 3278.470159166667,
    "ma_250": 2855.1521064,
    "win_rate_20d": 0.5,
    "win_rate_60d": 0.45,
    "win_rate_120d": 0.5,
    "win_rate_250d": 0.536,
    "locked_issue_date": "20260506",
    "locked_data_date": "20260505"
  },
  "科创50": {
    "current_level": 1571.0652,
    "volatility_20d": 0.31668679738255195,
    "volatility_60d": 0.33666440404166537,
    "volatility_120d": 0.2946572510934624,
    "volatility_250d": 0.2959942585604645,
    "return_20d": 2.7364035940971076,
    "return_60d": 0.043352337165730066,
    "return_120d": 0.238892911817284,
    "return_250d": 0.4325289492092781,
    "period_log_return_20d": 0.21891228752776862,
    "period_log_return_60d": 0.010404560919775215,
    "period_log_return_120d": 0.11466859767229631,
    "period_log_return_250d": 0.4325289492092781,
    "ma_20": 1408.1013200000002,
    "ma_60": 1405.122175,
    "ma_120": 1396.3709191666667,
    "ma_250": 1263.2723072000001,
    "win_rate_20d": 0.7,
    "win_rate_60d": 0.5166666666666667,
    "win_rate_120d": 0.5166666666666667,
    "win_rate_250d": 0.536,
    "locked_issue_date": "20260506",
    "locked_data_date": "20260505"
  },
  "中证1000": {
    "current_level": 6342.2636,
    "volatility_20d": 0.18072322491756973,
    "volatility_60d": 0.21594289942359068,
    "volatility_120d": 0.18273011722699656,
    "volatility_250d": 0.1625482073051565,
    "return_20d": 0.9876356071321915,
    "return_60d": 0.007087026027529266,
    "return_120d": 0.15459172578061722,
    "return_250d": 0.306309778426883,
    "period_log_return_20d": 0.07901084857057532,
    "period_log_return_60d": 0.0017008862466070236,
    "period_log_return_120d": 0.07420402837469627,
    "period_log_return_250d": 0.306309778426883,
    "ma_20": 6166.032655,
    "ma_60": 6165.217894999999,
    "ma_120": 6047.423901666666,
    "ma_250": 5631.602957599999,
    "win_rate_20d": 0.6,
    "win_rate_60d": 0.5166666666666667,
    "win_rate_120d": 0.5416666666666666,
    "win_rate_250d": 0.556,
    "locked_issue_date": "20260506",
    "locked_data_date": "20260505"
  }
}