{
  "上证指数": {
    "code": "000001.SH",
    "name": "上证指数",
    "current_level": 4124.194,
    "volatility_30d": 0.1291434931537198,
    "volatility_60d": 0.11586044547645853,
    "volatility_120d": 0.12147593115784172,
    "volatility_180d": 0.11399761374711698,
    "volatility": 0.11586044547645853,
    "return_30d": 0.04655595367840304,
    "return_60d": 0.2950053713967673,
    "return_120d": 0.15032319528986116,
    "return_180d": 0.31863796472634087,
    "drift": 0.2950053713967673,
    "ma_30": 4117.543323333333,
    "ma_60": 4042.488551666667,
    "ma_120": 3972.171118333333,
    "ma_180": 3838.3120894444446,
    "win_rate_60d": 0.6166666666666667
  },
  "深证成指": {
    "code": "399001.SZ",
    "name": "深证成指",
    "current_level": 14172.6271,
    "volatility_30d": 0.18744672328972614,
    "volatility_60d": 0.17923682186894888,
    "volatility_120d": 0.21253268062925945,
    "volatility_180d": 0.19379096077970123,
    "volatility": 0.17923682186894888,
    "return_30d": -0.062027371294702593,
    "return_60d": 0.45820533633820304,
    "return_120d": 0.2900753136556935,
    "return_180d": 0.5931211465032478,
    "drift": 0.45820533633820304,
    "ma_30": 14220.402096666667,
    "ma_60": 13875.65491,
    "ma_120": 13483.234623333332,
    "ma_180": 12661.430222777777,
    "win_rate_60d": 0.6
  },
  "沪深300": {
    "code": "000300.SH",
    "name": "沪深300",
    "current_level": 4660.439,
    "volatility_30d": 0.1319182556462327,
    "volatility_60d": 0.12798927929012954,
    "volatility_120d": 0.14891953426457025,
    "volatility_180d": 0.13910095667455544,
    "volatility": 0.12798927929012954,
    "return_30d": -0.11994941302943274,
    "return_60d": 0.12553252980610807,
    "return_120d": 0.08115274035369135,
    "return_180d": 0.29931689082262025,
    "drift": 0.12553252980610807,
    "ma_30": 4697.251623333334,
    "ma_60": 4669.797903333334,
    "ma_120": 4622.5871125,
    "ma_180": 4442.79804,
    "win_rate_60d": 0.55
  },
  "中证500": {
    "code": "000905.SH",
    "name": "中证500",
    "current_level": 8360.3347,
    "volatility_30d": 0.2560685019594937,
    "volatility_60d": 0.2199956914687425,
    "volatility_120d": 0.22175901770977868,
    "volatility_180d": 0.1984109808725624,
    "volatility": 0.2199956914687425,
    "return_30d": 0.1379811457674398,
    "return_60d": 1.112893562477149,
    "return_120d": 0.4688212429122076,
    "return_180d": 0.6855189503544539,
    "drift": 1.112893562477149,
    "ma_30": 8373.600113333332,
    "ma_60": 7912.750965,
    "ma_120": 7544.5580058333335,
    "ma_180": 7098.344676111111,
    "win_rate_60d": 0.6666666666666666
  },
  "创业板指": {
    "code": "399006.SZ",
    "name": "创业板指",
    "current_level": 3229.3015,
    "volatility_30d": 0.2110274750381557,
    "volatility_60d": 0.22244997271899397,
    "volatility_120d": 0.294899873582643,
    "volatility_180d": 0.275473048489889,
    "volatility": 0.22244997271899397,
    "return_30d": -0.2852427633465041,
    "return_60d": 0.2945423533595004,
    "return_120d": 0.27899872583388596,
    "return_180d": 0.905828412156924,
    "drift": 0.2945423533595004,
    "ma_30": 3298.6133866666664,
    "ma_60": 3258.8844950000002,
    "ma_120": 3172.4131083333336,
    "ma_180": 2887.689003888889,
    "win_rate_60d": 0.5333333333333333
  },
  "科创50": {
    "code": "000688.SH",
    "name": "科创50",
    "current_level": 1414.3943,
    "volatility_30d": 0.2914420301657924,
    "volatility_60d": 0.27623724387389803,
    "volatility_120d": 0.3176731664892763,
    "volatility_180d": 0.3076436224642106,
    "volatility": 0.27623724387389803,
    "return_30d": -0.43562113733726227,
    "return_60d": 0.387176003533366,
    "return_120d": 0.1410123986411116,
    "return_180d": 0.6644968109923994,
    "drift": 0.387176003533366,
    "ma_30": 1477.6258699999998,
    "ma_60": 1425.284545,
    "ma_120": 1403.0205425,
    "ma_180": 1286.7673172222223,
    "win_rate_60d": 0.5333333333333333
  },
  "中证1000": {
    "code": "000852.SH",
    "name": "中证1000",
    "current_level": 8248.8569,
    "volatility_30d": 0.23508673587082712,
    "volatility_60d": 0.20846563108465957,
    "volatility_120d": 0.20757938591363664,
    "volatility_180d": 0.18911655223491444,
    "volatility": 0.20846563108465957,
    "return_30d": 0.016575047073581706,
    "return_60d": 0.7213473010753599,
    "return_120d": 0.2874079088420418,
    "return_180d": 0.5044276516239727,
    "drift": 0.7213473010753599,
    "ma_30": 8270.312496666667,
    "ma_60": 7936.468646666666,
    "ma_120": 7671.6314649999995,
    "ma_180": 7333.239333333334,
    "win_rate_60d": 0.5833333333333334
  }
}