{
  "上证指数": {
    "current_level": 4051.4254,
    "volatility_20d": 0.20989795452177304,
    "volatility_60d": 0.1582628645173997,
    "volatility_120d": 0.13568736315234975,
    "volatility_250d": 0.1197027266238614,
    "return_20d": 0.2946161166338625,
    "return_60d": -0.062445641149229326,
    "return_120d": 0.07065253600976702,
    "return_250d": 0.25308030030850526,
    "period_log_return_20d": 0.023569289330709002,
    "period_log_return_60d": -0.014986953875815038,
    "period_log_return_120d": 0.03391321728468817,
    "period_log_return_250d": 0.25308030030850526,
    "ma_20": 3946.813235,
    "ma_60": 4055.9519983333334,
    "ma_120": 4005.3114191666673,
    "ma_250": 3771.4610839999996,
    "win_rate_20d": 0.6,
    "win_rate_60d": 0.5666666666666667,
    "win_rate_120d": 0.5583333333333333,
    "win_rate_250d": 0.592,
    "locked_issue_date": "20260420",
    "locked_data_date": "20260419"
  },
  "深证成指": {
    "current_level": 14885.4159,
    "volatility_20d": 0.2955091904590408,
    "volatility_60d": 0.22964140999187607,
    "volatility_120d": 0.20823501979250897,
    "volatility_250d": 0.19450950198235284,
    "return_20d": 0.8865944013957192,
    "return_60d": 0.1652175897019601,
    "return_120d": 0.2697974545292098,
    "return_250d": 0.45705020750663994,
    "period_log_return_20d": 0.07092755211165754,
    "period_log_return_60d": 0.03965222152847042,
    "period_log_return_120d": 0.12950277817402067,
    "period_log_return_250d": 0.45705020750663994,
    "ma_20": 13932.167870000001,
    "ma_60": 14125.690898333334,
    "ma_120": 13729.960300833332,
    "ma_250": 12385.682332800001,
    "win_rate_20d": 0.55,
    "win_rate_60d": 0.5166666666666667,
    "win_rate_120d": 0.5416666666666666,
    "win_rate_250d": 0.552,
    "locked_issue_date": "20260420",
    "locked_data_date": "20260419"
  },
  "沪深300": {
    "current_level": 4728.6716,
    "volatility_20d": 0.22630172045510707,
    "volatility_60d": 0.16793273071487586,
    "volatility_120d": 0.1520410865633387,
    "volatility_250d": 0.13972596038306678,
    "return_20d": 0.43479829720286495,
    "return_60d": -0.020004836056035445,
    "return_120d": 0.05391308473606632,
    "return_250d": 0.258709226211078,
    "period_log_return_20d": 0.0347838637762292,
    "period_log_return_60d": -0.004801160653448507,
    "period_log_return_120d": 0.02587828067331183,
    "period_log_return_250d": 0.258709226211078,
    "ma_20": 4555.100079999999,
    "ma_60": 4644.549478333332,
    "ma_120": 4634.689105833333,
    "ma_250": 4358.2749308,
    "win_rate_20d": 0.45,
    "win_rate_60d": 0.48333333333333334,
    "win_rate_120d": 0.5,
    "win_rate_250d": 0.564,
    "locked_issue_date": "20260420",
    "locked_data_date": "20260419"
  },
  "中证500": {
    "current_level": 8214.1939,
    "volatility_20d": 0.3038764375412842,
    "volatility_60d": 0.2682963239585166,
    "volatility_120d": 0.23113617099308453,
    "volatility_250d": 0.20088868191852122,
    "return_20d": 0.710957293773833,
    "return_60d": -0.004600467320443719,
    "return_120d": 0.2787109540314601,
    "return_250d": 0.4330915376608795,
    "period_log_return_20d": 0.056876583501906636,
    "period_log_return_60d": -0.0011041121569064925,
    "period_log_return_120d": 0.13378125793510084,
    "period_log_return_250d": 0.4330915376608795,
    "ma_20": 7804.290860000001,
    "ma_60": 8156.402808333333,
    "ma_120": 7729.754335833333,
    "ma_250": 6959.6657456,
    "win_rate_20d": 0.55,
    "win_rate_60d": 0.5333333333333333,
    "win_rate_120d": 0.5583333333333333,
    "win_rate_250d": 0.58,
    "locked_issue_date": "20260420",
    "locked_data_date": "20260419"
  },
  "创业板指": {
    "current_level": 3678.2934,
    "volatility_20d": 0.3610039040243963,
    "volatility_60d": 0.2765035191183019,
    "volatility_120d": 0.26469898986976925,
    "volatility_250d": 0.26585034033685634,
    "return_20d": 1.1607637984032828,
    "return_60d": 0.3673106708848957,
    "return_120d": 0.36732005966087794,
    "return_250d": 0.6925136091359991,
    "period_log_return_20d": 0.09286110387226262,
    "period_log_return_60d": 0.08815456101237497,
    "period_log_return_120d": 0.1763136286372214,
    "period_log_return_250d": 0.6925136091359991,
    "ma_20": 3344.364385,
    "ma_60": 3316.6367899999996,
    "ma_120": 3240.9576708333334,
    "ma_250": 2791.1585584,
    "win_rate_20d": 0.55,
    "win_rate_60d": 0.4666666666666667,
    "win_rate_120d": 0.5166666666666667,
    "win_rate_250d": 0.552,
    "locked_issue_date": "20260420",
    "locked_data_date": "20260419"
  },
  "科创50": {
    "current_level": 1423.3512,
    "volatility_20d": 0.3696616288501263,
    "volatility_60d": 0.31521042982124814,
    "volatility_120d": 0.28900429581376724,
    "volatility_250d": 0.2913433456062539,
    "return_20d": 0.9583181266371479,
    "return_60d": -0.2016924205157201,
    "return_120d": 0.025081117722491147,
    "return_250d": 0.4147932229434844,
    "period_log_return_20d": 0.07666545013097183,
    "period_log_return_60d": -0.048406180923772815,
    "period_log_return_120d": 0.01203893650679575,
    "period_log_return_250d": 0.4147932229434844,
    "ma_20": 1325.28071,
    "ma_60": 1412.474645,
    "ma_120": 1394.0447533333333,
    "ma_250": 1246.1039208,
    "win_rate_20d": 0.6,
    "win_rate_60d": 0.5,
    "win_rate_120d": 0.49166666666666664,
    "win_rate_250d": 0.54,
    "locked_issue_date": "20260420",
    "locked_data_date": "20260419"
  },
  "中证1000": {
    "current_level": 6254.1137,
    "volatility_20d": 0.2742567295684472,
    "volatility_60d": 0.2134467877335021,
    "volatility_120d": 0.1833518284296454,
    "volatility_250d": 0.16353567610704137,
    "return_20d": 0.589766355754674,
    "return_60d": -0.003800829765495751,
    "return_120d": 0.16105991024644523,
    "return_250d": 0.3493693756372402,
    "period_log_return_20d": 0.04718130846037392,
    "period_log_return_60d": -0.0009121991437189801,
    "period_log_return_120d": 0.0773087569182937,
    "period_log_return_250d": 0.3493693756372402,
    "ma_20": 5977.8616600000005,
    "ma_60": 6162.471584999998,
    "ma_120": 6013.747131666667,
    "ma_250": 5569.4237472,
    "win_rate_20d": 0.6,
    "win_rate_60d": 0.5333333333333333,
    "win_rate_120d": 0.5416666666666666,
    "win_rate_250d": 0.56,
    "locked_issue_date": "20260420",
    "locked_data_date": "20260419"
  }
}