{
  "上证指数": {
    "current_level": 4026.6256,
    "volatility_20d": 0.22023241991140585,
    "volatility_60d": 0.15819728930763247,
    "volatility_120d": 0.13997670899464054,
    "volatility_250d": 0.14315894342081112,
    "return_20d": -0.07206608570685755,
    "return_60d": -0.14106864873649394,
    "return_120d": 0.05791616554472023,
    "return_250d": 0.183930568943368,
    "period_log_return_20d": -0.005765286856548603,
    "period_log_return_60d": -0.033856475696758544,
    "period_log_return_120d": 0.02779975946146571,
    "period_log_return_250d": 0.183930568943368,
    "ma_20": 3946.0763500000007,
    "ma_60": 4060.884615,
    "ma_120": 4001.0255374999997,
    "ma_250": 3762.0791992000004,
    "win_rate_20d": 0.55,
    "win_rate_60d": 0.5333333333333333,
    "win_rate_120d": 0.5583333333333333,
    "win_rate_250d": 0.588,
    "locked_issue_date": "20260415",
    "locked_data_date": "20260414"
  },
  "深证成指": {
    "current_level": 14639.9522,
    "volatility_20d": 0.29906078204270403,
    "volatility_60d": 0.2270056416214553,
    "volatility_120d": 0.21299207596015907,
    "volatility_250d": 0.21974797479356772,
    "return_20d": 0.5232881811132514,
    "return_60d": 0.07844479573765062,
    "return_120d": 0.2337083697547046,
    "return_250d": 0.33113053740238957,
    "period_log_return_20d": 0.04186305448906011,
    "period_log_return_60d": 0.018826750977036146,
    "period_log_return_120d": 0.1121800174822582,
    "period_log_return_250d": 0.33113053740238957,
    "ma_20": 13829.612339999998,
    "ma_60": 14102.435873333334,
    "ma_120": 13683.363199999998,
    "ma_250": 12329.9348968,
    "win_rate_20d": 0.5,
    "win_rate_60d": 0.5166666666666667,
    "win_rate_120d": 0.5416666666666666,
    "win_rate_250d": 0.548,
    "locked_issue_date": "20260415",
    "locked_data_date": "20260414"
  },
  "沪深300": {
    "current_level": 4701.2837,
    "volatility_20d": 0.23253337216266154,
    "volatility_60d": 0.16689334049218985,
    "volatility_120d": 0.15646950405682583,
    "volatility_250d": 0.1587286420560566,
    "return_20d": 0.17091602184422353,
    "return_60d": -0.07782154694009272,
    "return_120d": 0.03704698766694762,
    "return_250d": 0.19087072299987237,
    "period_log_return_20d": 0.013673281747537881,
    "period_log_return_60d": -0.01867717126562225,
    "period_log_return_120d": 0.017782554080134856,
    "period_log_return_250d": 0.19087072299987237,
    "ma_20": 4541.52493,
    "ma_60": 4646.922025000002,
    "ma_120": 4630.692028333334,
    "ma_250": 4347.0141472000005,
    "win_rate_20d": 0.45,
    "win_rate_60d": 0.48333333333333334,
    "win_rate_120d": 0.5083333333333333,
    "win_rate_250d": 0.564,
    "locked_issue_date": "20260415",
    "locked_data_date": "20260414"
  },
  "中证500": {
    "current_level": 8088.5687,
    "volatility_20d": 0.32308333894280566,
    "volatility_60d": 0.26780678006633984,
    "volatility_120d": 0.23543081257497617,
    "volatility_250d": 0.22504386177611285,
    "return_20d": 0.11261225614389739,
    "return_60d": -0.08189851619313404,
    "return_120d": 0.23333471548325813,
    "return_250d": 0.31565428487603453,
    "period_log_return_20d": 0.009008980491511791,
    "period_log_return_60d": -0.01965564388635217,
    "period_log_return_120d": 0.1120006634319639,
    "period_log_return_250d": 0.31565428487603453,
    "ma_20": 7781.850414999999,
    "ma_60": 8159.432005,
    "ma_120": 7703.745070833334,
    "ma_250": 6930.038832,
    "win_rate_20d": 0.5,
    "win_rate_60d": 0.5166666666666667,
    "win_rate_120d": 0.5583333333333333,
    "win_rate_250d": 0.576,
    "locked_issue_date": "20260415",
    "locked_data_date": "20260414"
  },
  "创业板指": {
    "current_level": 3558.5273,
    "volatility_20d": 0.3512192217001581,
    "volatility_60d": 0.27073266038832594,
    "volatility_120d": 0.2692584519378842,
    "volatility_250d": 0.2979219705709721,
    "return_20d": 1.0185674993460012,
    "return_60d": 0.20419352901179946,
    "return_120d": 0.3298561810377204,
    "return_250d": 0.5252094755037482,
    "period_log_return_20d": 0.0814853999476801,
    "period_log_return_60d": 0.049006446962831865,
    "period_log_return_120d": 0.15833096689810577,
    "period_log_return_250d": 0.5252094755037482,
    "ma_20": 3300.1645099999996,
    "ma_60": 3303.9674916666672,
    "ma_120": 3225.5138558333333,
    "ma_250": 2771.789394,
    "win_rate_20d": 0.55,
    "win_rate_60d": 0.4666666666666667,
    "win_rate_120d": 0.5166666666666667,
    "win_rate_250d": 0.548,
    "locked_issue_date": "20260415",
    "locked_data_date": "20260414"
  },
  "科创50": {
    "current_level": 1405.0723,
    "volatility_20d": 0.3895544873057132,
    "volatility_60d": 0.3224658333965938,
    "volatility_120d": 0.29664117607760054,
    "volatility_250d": 0.30782270746326884,
    "return_20d": 0.46140557766944934,
    "return_60d": -0.30515019053994463,
    "return_120d": -0.016985886991411514,
    "return_250d": 0.317595442671537,
    "period_log_return_20d": 0.036912446213555945,
    "period_log_return_60d": -0.07323604572958671,
    "period_log_return_120d": -0.008153225755877526,
    "period_log_return_250d": 0.317595442671537,
    "ma_20": 1315.9738249999996,
    "ma_60": 1416.3149066666667,
    "ma_120": 1393.1759266666666,
    "ma_250": 1240.9562912,
    "win_rate_20d": 0.5,
    "win_rate_60d": 0.4666666666666667,
    "win_rate_120d": 0.48333333333333334,
    "win_rate_250d": 0.532,
    "locked_issue_date": "20260415",
    "locked_data_date": "20260414"
  },
  "中证1000": {
    "current_level": 6181.433,
    "volatility_20d": 0.28748346123069984,
    "volatility_60d": 0.21271526748599628,
    "volatility_120d": 0.18780335754645427,
    "volatility_250d": 0.19076405767225935,
    "return_20d": 0.12449574347415593,
    "return_60d": -0.0960855189163851,
    "return_120d": 0.13247981812486334,
    "return_250d": 0.2430736458522914,
    "period_log_return_20d": 0.009959659477932474,
    "period_log_return_60d": -0.023060524539932424,
    "period_log_return_120d": 0.0635903126999344,
    "period_log_return_250d": 0.2430736458522914,
    "ma_20": 5961.922629999999,
    "ma_60": 6165.803646666666,
    "ma_120": 6001.269259166667,
    "ma_250": 5550.9234172,
    "win_rate_20d": 0.55,
    "win_rate_60d": 0.5166666666666667,
    "win_rate_120d": 0.5416666666666666,
    "win_rate_250d": 0.556,
    "locked_issue_date": "20260415",
    "locked_data_date": "20260414"
  }
}