{
  "上证指数": {
    "current_level": 4133.4331,
    "volatility_20d": 0.11635351262401494,
    "volatility_60d": 0.11598707388976282,
    "volatility_120d": 0.11819481498505388,
    "volatility_250d": 0.13249715718950303,
    "return_20d": 0.09592698263030432,
    "return_60d": 0.2134058606075549,
    "return_120d": 0.16835021445034337,
    "return_250d": 0.24467357060394493,
    "ma_20": 4119.55338,
    "ma_60": 4054.0981000000006,
    "ma_120": 3979.8011808333326,
    "ma_250": 3707.267268399999,
    "win_rate_60d": 0.6271186440677966
  },
  "深证成指": {
    "current_level": 14465.4098,
    "volatility_20d": 0.19928155213275864,
    "volatility_60d": 0.18097666341791674,
    "volatility_120d": 0.2005616318677704,
    "volatility_250d": 0.2071140788215308,
    "return_20d": 0.2751510499888737,
    "return_60d": 0.34071127568637466,
    "return_120d": 0.2978180417305608,
    "return_250d": 0.36321580443408696,
    "ma_20": 14214.97984,
    "ma_60": 13938.610555,
    "ma_120": 13531.08838,
    "ma_250": 12041.422038800001,
    "win_rate_60d": 0.5932203389830508
  },
  "沪深300": {
    "current_level": 4704.4959,
    "volatility_20d": 0.1380171116973711,
    "volatility_60d": 0.13004978058210628,
    "volatility_120d": 0.14357735351594805,
    "volatility_250d": 0.14984000675863204,
    "return_20d": 0.015587350089913198,
    "return_60d": 0.07161038086293842,
    "return_120d": 0.10948574620651527,
    "return_250d": 0.20936683903211806,
    "ma_20": 4686.041505,
    "ma_60": 4675.340493333334,
    "ma_120": 4628.247248333332,
    "ma_250": 4289.561451600001,
    "win_rate_60d": 0.5423728813559322
  },
  "中证500": {
    "current_level": 8403.3296,
    "volatility_20d": 0.2319350638895779,
    "volatility_60d": 0.22185125107329787,
    "volatility_120d": 0.2124653611127879,
    "volatility_250d": 0.20851923777861137,
    "return_20d": 0.15831071610614392,
    "return_60d": 0.6865027865068416,
    "return_120d": 0.4308320744780278,
    "return_250d": 0.4340469076553701,
    "ma_20": 8367.295900000001,
    "ma_60": 7979.1861899999985,
    "ma_120": 7582.59563416667,
    "ma_250": 6759.359174800003,
    "win_rate_60d": 0.6440677966101694
  },
  "创业板指": {
    "current_level": 3349.5287,
    "volatility_20d": 0.24178201069066296,
    "volatility_60d": 0.22239506753608396,
    "volatility_120d": 0.2726891580394514,
    "volatility_250d": 0.2858668351329935,
    "return_20d": 0.1446392871322813,
    "return_60d": 0.19968210829131391,
    "return_120d": 0.26458671731040107,
    "return_250d": 0.5432828974343296,
    "ma_20": 3282.3599000000004,
    "ma_60": 3269.729226666667,
    "ma_120": 3183.3831783333353,
    "ma_250": 2668.278915199999,
    "win_rate_60d": 0.5254237288135594
  },
  "科创50": {
    "current_level": 1401.0842,
    "volatility_20d": 0.2798018221096601,
    "volatility_60d": 0.2799580849526711,
    "volatility_120d": 0.3020380474846162,
    "volatility_250d": 0.2951093141305478,
    "return_20d": -0.4541812443600736,
    "return_60d": 0.14891734126940043,
    "return_120d": 0.2089508846978803,
    "return_250d": 0.29874612253494065,
    "ma_20": 1441.1818850000002,
    "ma_60": 1429.4757516666664,
    "ma_120": 1405.940234166667,
    "ma_250": 1217.4003128000006,
    "win_rate_60d": 0.5254237288135594
  },
  "中证1000": {
    "current_level": 6313.0247,
    "volatility_20d": 0.17533562401612213,
    "volatility_60d": 0.1602477474354481,
    "volatility_120d": 0.16255266554469713,
    "volatility_250d": 0.1768856856007522,
    "return_20d": 0.13636002499873837,
    "return_60d": 0.32728551908321657,
    "return_120d": 0.23763212872717993,
    "return_250d": 0.30235091884592813,
    "ma_20": 6267.526835000001,
    "ma_60": 6125.171903333332,
    "ma_120": 5959.011766666665,
    "ma_250": 5453.501807599996,
    "win_rate_60d": 0.5932203389830508
  }
}