{
  "上证指数": {
    "current_level": 4079.9004,
    "volatility_20d": 0.13487804418091692,
    "volatility_60d": 0.1594501619368579,
    "volatility_120d": 0.13500653596704723,
    "volatility_250d": 0.11878777542640885,
    "return_20d": 0.5197909633021902,
    "return_60d": -0.043356809765406616,
    "return_120d": 0.04734704666561074,
    "return_250d": 0.22199774006842055,
    "period_log_return_20d": 0.041583277064175216,
    "period_log_return_60d": -0.010405634343697586,
    "period_log_return_120d": 0.022726582399493152,
    "period_log_return_250d": 0.22199774006842055,
    "ma_20": 3995.5170350000008,
    "ma_60": 4054.077153333333,
    "ma_120": 4011.5352225,
    "ma_250": 3789.0194084,
    "win_rate_20d": 0.6,
    "win_rate_60d": 0.5666666666666667,
    "win_rate_120d": 0.5583333333333333,
    "win_rate_250d": 0.584,
    "locked_issue_date": "20260427",
    "locked_data_date": "20260426"
  },
  "深证成指": {
    "current_level": 14940.3003,
    "volatility_20d": 0.2433306948810547,
    "volatility_60d": 0.23100062402060684,
    "volatility_120d": 0.20662173819639595,
    "volatility_250d": 0.19380238704973524,
    "return_20d": 1.0283703862271283,
    "return_60d": 0.17463859623093814,
    "return_120d": 0.2220074844910395,
    "return_250d": 0.4157691420893548,
    "period_log_return_20d": 0.08226963089817026,
    "period_log_return_60d": 0.04191326309542515,
    "period_log_return_120d": 0.10656359255569894,
    "period_log_return_250d": 0.4157691420893548,
    "ma_20": 14279.87821,
    "ma_60": 14189.312753333334,
    "ma_120": 13806.893336666666,
    "ma_250": 12492.3701776,
    "win_rate_20d": 0.55,
    "win_rate_60d": 0.5166666666666667,
    "win_rate_120d": 0.5416666666666666,
    "win_rate_250d": 0.548,
    "locked_issue_date": "20260427",
    "locked_data_date": "20260426"
  },
  "沪深300": {
    "current_level": 4769.3688,
    "volatility_20d": 0.17099159338943656,
    "volatility_60d": 0.1688833901978389,
    "volatility_120d": 0.15055601260992613,
    "volatility_250d": 0.1392202545498989,
    "return_20d": 0.719570858172568,
    "return_60d": 0.04008188263076157,
    "return_120d": 0.034084985002625856,
    "return_250d": 0.23746666135598093,
    "period_log_return_20d": 0.05756566865380545,
    "period_log_return_60d": 0.009619651831382775,
    "period_log_return_120d": 0.01636079280126041,
    "period_log_return_250d": 0.23746666135598093,
    "ma_20": 4625.401315,
    "ma_60": 4648.233759999999,
    "ma_120": 4640.499720000001,
    "ma_250": 4379.4686696,
    "win_rate_20d": 0.45,
    "win_rate_60d": 0.48333333333333334,
    "win_rate_120d": 0.5,
    "win_rate_250d": 0.556,
    "locked_issue_date": "20260427",
    "locked_data_date": "20260426"
  },
  "中证500": {
    "current_level": 8247.8759,
    "volatility_20d": 0.23625739049080724,
    "volatility_60d": 0.26946594217874,
    "volatility_120d": 0.2301796249157293,
    "volatility_250d": 0.1998878570144451,
    "return_20d": 0.7982784686369593,
    "return_60d": -0.06999220034377569,
    "return_120d": 0.24265934642590295,
    "return_250d": 0.3867367051358384,
    "period_log_return_20d": 0.06386227749095674,
    "period_log_return_60d": -0.016798128082506164,
    "period_log_return_120d": 0.11647648628443341,
    "period_log_return_250d": 0.3867367051358384,
    "ma_20": 7967.873975,
    "ma_60": 8158.8662283333315,
    "ma_120": 7774.626245,
    "ma_250": 7015.507371999999,
    "win_rate_20d": 0.5,
    "win_rate_60d": 0.5,
    "win_rate_120d": 0.55,
    "win_rate_250d": 0.572,
    "locked_issue_date": "20260427",
    "locked_data_date": "20260426"
  },
  "创业板指": {
    "current_level": 3667.7851,
    "volatility_20d": 0.33291397151264635,
    "volatility_60d": 0.2768619163078608,
    "volatility_120d": 0.2607902453693254,
    "volatility_250d": 0.26596043201435476,
    "return_20d": 1.3364329988817112,
    "return_60d": 0.40425841553382386,
    "return_120d": 0.2650776904300032,
    "return_250d": 0.641861040379402,
    "period_log_return_20d": 0.10691463991053689,
    "period_log_return_60d": 0.09702201972811772,
    "period_log_return_120d": 0.12723729140640153,
    "period_log_return_250d": 0.641861040379402,
    "ma_20": 3448.3132149999997,
    "ma_60": 3347.7578166666663,
    "ma_120": 3265.0917025000003,
    "ma_250": 2827.3538612,
    "win_rate_20d": 0.5,
    "win_rate_60d": 0.4666666666666667,
    "win_rate_120d": 0.5083333333333333,
    "win_rate_250d": 0.544,
    "locked_issue_date": "20260427",
    "locked_data_date": "20260426"
  },
  "科创50": {
    "current_level": 1453.6854,
    "volatility_20d": 0.3246755198632851,
    "volatility_60d": 0.31252918427439735,
    "volatility_120d": 0.2860210054363753,
    "volatility_250d": 0.28973203491629296,
    "return_20d": 1.3894544145118912,
    "return_60d": -0.24476458527827086,
    "return_120d": -0.02570250840088558,
    "return_250d": 0.36778249716729433,
    "period_log_return_20d": 0.1111563531609513,
    "period_log_return_60d": -0.058743500466785004,
    "period_log_return_120d": -0.012337204032425077,
    "period_log_return_250d": 0.36778249716729433,
    "ma_20": 1362.2736149999998,
    "ma_60": 1407.1639150000003,
    "ma_120": 1394.50479,
    "ma_250": 1255.2108744000002,
    "win_rate_20d": 0.6,
    "win_rate_60d": 0.5,
    "win_rate_120d": 0.5,
    "win_rate_250d": 0.536,
    "locked_issue_date": "20260427",
    "locked_data_date": "20260426"
  },
  "中证1000": {
    "current_level": 6271.1736,
    "volatility_20d": 0.20228953906585861,
    "volatility_60d": 0.21477071951471888,
    "volatility_120d": 0.18300310244117854,
    "volatility_250d": 0.16227908700175503,
    "return_20d": 0.7156768118191906,
    "return_60d": -0.017825894558353,
    "return_120d": 0.12953141171868338,
    "return_250d": 0.3018931699175465,
    "period_log_return_20d": 0.057254144945535254,
    "period_log_return_60d": -0.00427821469400472,
    "period_log_return_120d": 0.06217507762496802,
    "period_log_return_250d": 0.3018931699175465,
    "ma_20": 6087.160795,
    "ma_60": 6166.546176666667,
    "ma_120": 6034.1414125,
    "ma_250": 5604.685621999999,
    "win_rate_20d": 0.55,
    "win_rate_60d": 0.5166666666666667,
    "win_rate_120d": 0.5333333333333333,
    "win_rate_250d": 0.552,
    "locked_issue_date": "20260427",
    "locked_data_date": "20260426"
  }
}